INSERT INTO `ace_object` (`aceObjectId`, `aceObjectDescriptionFlags`, `weenieClassId`, `weenieHeaderFlags`, `currentMotionState`, `physicsDescriptionFlag`)
VALUES (3582696247, 18, 9549, 2326552, NULL, 170145);

INSERT INTO `ace_position` (`aceObjectId`, `positionType`, `landblockRaw`, `posX`, `posY`, `posZ`, `qW`, `qX`, `qY`, `qZ`)
VALUES (3582696247, 1, 23855548, 49.206, -31.96, -0.071, 0.5, 0.5, -0.5, -0.5);

INSERT INTO `ace_object_properties_string` (`aceObjectId`, `strPropertyId`, `propertyValue`)
VALUES (3582696247, 1, 'Deed');

INSERT INTO `ace_object_properties_did` (`aceObjectId`, `didPropertyId`, `propertyValue`)
VALUES (3582696247, 8, 100671679)
     , (3582696247, 1, 33557387)
     , (3582696247, 3, 536870932)
     , (3582696247, 22, 872415275);

INSERT INTO `ace_object_properties_iid` (`aceObjectId`, `iidPropertyId`, `propertyValue`)
VALUES (3582696247, 1, 1343407076);

INSERT INTO `ace_object_properties_int` (`aceObjectId`, `intPropertyId`, `propertyValue`)
VALUES (3582696247, 53, 1)
     , (3582696247, 1, 128)
     , (3582696247, 5, 25)
     , (3582696247, 10, 16777216)
     , (3582696247, 16, 1)
     , (3582696247, 9, 16777216)
     , (3582696247, 19, 10)
     , (3582696247, 52, 1)
     , (3582696247, 93, 1044)
     , (3582696247, 9007, 54);

INSERT INTO `ace_object_properties_double` (`aceObjectId`, `dblPropertyId`, `propertyValue`)
VALUES (3582696247, 39, 2);

INSERT INTO `ace_object_properties_bool` (`aceObjectId`, `boolPropertyId`, `propertyValue`)
VALUES (3582696247, 13, True)
     , (3582696247, 11, True)
     , (3582696247, 14, True)
     , (3582696247, 19, True)
     , (3582696247, 22, True);

INSERT INTO `ace_object` (`aceObjectId`, `aceObjectDescriptionFlags`, `weenieClassId`, `weenieHeaderFlags`, `currentMotionState`, `physicsDescriptionFlag`)
VALUES (2895156800, 18, 9549, 2326552, NULL, 170145);

INSERT INTO `ace_position` (`aceObjectId`, `positionType`, `landblockRaw`, `posX`, `posY`, `posZ`, `qW`, `qX`, `qY`, `qZ`)
VALUES (2895156800, 1, 498466846, 72.34586, 138.5835, 89.92901, -0.2580946, -0.2580946, -0.6583215, -0.6583215);

INSERT INTO `ace_object_properties_string` (`aceObjectId`, `strPropertyId`, `propertyValue`)
VALUES (2895156800, 1, 'Deed');

INSERT INTO `ace_object_properties_did` (`aceObjectId`, `didPropertyId`, `propertyValue`)
VALUES (2895156800, 8, 100671679)
     , (2895156800, 1, 33557387)
     , (2895156800, 3, 536870932)
     , (2895156800, 22, 872415275);

INSERT INTO `ace_object_properties_iid` (`aceObjectId`, `iidPropertyId`, `propertyValue`)
VALUES (2895156800, 1, 1343154319);

INSERT INTO `ace_object_properties_int` (`aceObjectId`, `intPropertyId`, `propertyValue`)
VALUES (2895156800, 53, 1)
     , (2895156800, 1, 128)
     , (2895156800, 5, 25)
     , (2895156800, 10, 16777216)
     , (2895156800, 16, 1)
     , (2895156800, 9, 16777216)
     , (2895156800, 19, 10)
     , (2895156800, 52, 1)
     , (2895156800, 93, 1044)
     , (2895156800, 9007, 54);

INSERT INTO `ace_object_properties_double` (`aceObjectId`, `dblPropertyId`, `propertyValue`)
VALUES (2895156800, 39, 2);

INSERT INTO `ace_object_properties_bool` (`aceObjectId`, `boolPropertyId`, `propertyValue`)
VALUES (2895156800, 13, True)
     , (2895156800, 11, True)
     , (2895156800, 14, True)
     , (2895156800, 19, True)
     , (2895156800, 22, True);

