INSERT INTO `ace_object` (`aceObjectId`, `aceObjectDescriptionFlags`, `weenieClassId`, `weenieHeaderFlags`, `currentMotionState`, `physicsDescriptionFlag`)
VALUES (2095665198, 20, 637, 2097176, NULL, 163841);

INSERT INTO `ace_position` (`aceObjectId`, `positionType`, `landblockRaw`, `posX`, `posY`, `posZ`, `qW`, `qX`, `qY`, `qZ`)
VALUES (2095665198, 1, 3465871410, 158.76, 24.24, 20, 1, 0, 0, 0);

INSERT INTO `ace_object_properties_string` (`aceObjectId`, `strPropertyId`, `propertyValue`)
VALUES (2095665198, 1, 'Blacksmith ');

INSERT INTO `ace_object_properties_did` (`aceObjectId`, `didPropertyId`, `propertyValue`)
VALUES (2095665198, 8, 100668115)
     , (2095665198, 1, 33555088);

INSERT INTO `ace_object_properties_int` (`aceObjectId`, `intPropertyId`, `propertyValue`)
VALUES (2095665198, 53, 101)
     , (2095665198, 1, 128)
     , (2095665198, 5, 9000)
     , (2095665198, 16, 1)
     , (2095665198, 19, 125)
     , (2095665198, 93, 1048)
     , (2095665198, 9007, 8);

INSERT INTO `ace_object_properties_bool` (`aceObjectId`, `boolPropertyId`, `propertyValue`)
VALUES (2095665198, 12, True)
     , (2095665198, 11, True)
     , (2095665198, 14, True)
     , (2095665198, 19, True)
     , (2095665198, 1, True);

INSERT INTO `ace_object_texture_map_change` (`aceObjectId`, `index`, `oldId`, `newId`)
VALUES (2095665198, 0, 83891055, 83889904);

INSERT INTO `ace_object_animation_change` (`aceObjectId`, `index`, `animationId`)
VALUES (2095665198, 0, 16780409);

INSERT INTO `ace_object` (`aceObjectId`, `aceObjectDescriptionFlags`, `weenieClassId`, `weenieHeaderFlags`, `currentMotionState`, `physicsDescriptionFlag`)
VALUES (2095665193, 20, 643, 2097176, NULL, 163841);

INSERT INTO `ace_position` (`aceObjectId`, `positionType`, `landblockRaw`, `posX`, `posY`, `posZ`, `qW`, `qX`, `qY`, `qZ`)
VALUES (2095665193, 1, 3465871411, 147.68, 66.2993, 20, 0.662129, 0, 0, -0.74939);

INSERT INTO `ace_object_properties_string` (`aceObjectId`, `strPropertyId`, `propertyValue`)
VALUES (2095665193, 1, 'Food, Garments, Books ');

INSERT INTO `ace_object_properties_did` (`aceObjectId`, `didPropertyId`, `propertyValue`)
VALUES (2095665193, 8, 100668115)
     , (2095665193, 1, 33555088);

INSERT INTO `ace_object_properties_int` (`aceObjectId`, `intPropertyId`, `propertyValue`)
VALUES (2095665193, 53, 101)
     , (2095665193, 1, 128)
     , (2095665193, 5, 9000)
     , (2095665193, 16, 1)
     , (2095665193, 19, 125)
     , (2095665193, 93, 1048)
     , (2095665193, 9007, 8);

INSERT INTO `ace_object_properties_bool` (`aceObjectId`, `boolPropertyId`, `propertyValue`)
VALUES (2095665193, 12, True)
     , (2095665193, 11, True)
     , (2095665193, 14, True)
     , (2095665193, 19, True)
     , (2095665193, 1, True);

INSERT INTO `ace_object_texture_map_change` (`aceObjectId`, `index`, `oldId`, `newId`)
VALUES (2095665193, 0, 83891055, 83889906);

INSERT INTO `ace_object_animation_change` (`aceObjectId`, `index`, `animationId`)
VALUES (2095665193, 0, 16780409);

INSERT INTO `ace_object` (`aceObjectId`, `aceObjectDescriptionFlags`, `weenieClassId`, `weenieHeaderFlags`, `currentMotionState`, `physicsDescriptionFlag`)
VALUES (2095665192, 20, 639, 2097176, NULL, 163841);

INSERT INTO `ace_position` (`aceObjectId`, `positionType`, `landblockRaw`, `posX`, `posY`, `posZ`, `qW`, `qX`, `qY`, `qZ`)
VALUES (2095665192, 1, 3465871401, 133.173, 11.5176, 20, -0.385101, 0, 0, 0.922875);

INSERT INTO `ace_object_properties_string` (`aceObjectId`, `strPropertyId`, `propertyValue`)
VALUES (2095665192, 1, 'Chirurgeon');

INSERT INTO `ace_object_properties_did` (`aceObjectId`, `didPropertyId`, `propertyValue`)
VALUES (2095665192, 8, 100668115)
     , (2095665192, 1, 33555088);

INSERT INTO `ace_object_properties_int` (`aceObjectId`, `intPropertyId`, `propertyValue`)
VALUES (2095665192, 53, 101)
     , (2095665192, 1, 128)
     , (2095665192, 5, 9000)
     , (2095665192, 16, 1)
     , (2095665192, 19, 125)
     , (2095665192, 93, 1048)
     , (2095665192, 9007, 8);

INSERT INTO `ace_object_properties_bool` (`aceObjectId`, `boolPropertyId`, `propertyValue`)
VALUES (2095665192, 12, True)
     , (2095665192, 11, True)
     , (2095665192, 14, True)
     , (2095665192, 19, True)
     , (2095665192, 1, True);

INSERT INTO `ace_object_texture_map_change` (`aceObjectId`, `index`, `oldId`, `newId`)
VALUES (2095665192, 0, 83891055, 83889901);

INSERT INTO `ace_object_animation_change` (`aceObjectId`, `index`, `animationId`)
VALUES (2095665192, 0, 16780409);

INSERT INTO `ace_object` (`aceObjectId`, `aceObjectDescriptionFlags`, `weenieClassId`, `weenieHeaderFlags`, `currentMotionState`, `physicsDescriptionFlag`)
VALUES (2095665195, 20, 641, 2097176, NULL, 163841);

INSERT INTO `ace_position` (`aceObjectId`, `positionType`, `landblockRaw`, `posX`, `posY`, `posZ`, `qW`, `qX`, `qY`, `qZ`)
VALUES (2095665195, 1, 3465871414, 150.762, 129.323, 20, 0.703395, 0, 0, -0.710799);

INSERT INTO `ace_object_properties_string` (`aceObjectId`, `strPropertyId`, `propertyValue`)
VALUES (2095665195, 1, 'Provisioner');

INSERT INTO `ace_object_properties_did` (`aceObjectId`, `didPropertyId`, `propertyValue`)
VALUES (2095665195, 8, 100668115)
     , (2095665195, 1, 33555088);

INSERT INTO `ace_object_properties_int` (`aceObjectId`, `intPropertyId`, `propertyValue`)
VALUES (2095665195, 53, 101)
     , (2095665195, 1, 128)
     , (2095665195, 5, 9000)
     , (2095665195, 16, 1)
     , (2095665195, 19, 125)
     , (2095665195, 93, 1048)
     , (2095665195, 9007, 8);

INSERT INTO `ace_object_properties_bool` (`aceObjectId`, `boolPropertyId`, `propertyValue`)
VALUES (2095665195, 12, True)
     , (2095665195, 11, True)
     , (2095665195, 14, True)
     , (2095665195, 19, True)
     , (2095665195, 1, True);

INSERT INTO `ace_object_texture_map_change` (`aceObjectId`, `index`, `oldId`, `newId`)
VALUES (2095665195, 0, 83891055, 83889906);

INSERT INTO `ace_object_animation_change` (`aceObjectId`, `index`, `animationId`)
VALUES (2095665195, 0, 16780409);

INSERT INTO `ace_object` (`aceObjectId`, `aceObjectDescriptionFlags`, `weenieClassId`, `weenieHeaderFlags`, `currentMotionState`, `physicsDescriptionFlag`)
VALUES (2095665194, 20, 640, 2097176, NULL, 163841);

INSERT INTO `ace_position` (`aceObjectId`, `positionType`, `landblockRaw`, `posX`, `posY`, `posZ`, `qW`, `qX`, `qY`, `qZ`)
VALUES (2095665194, 1, 3465871399, 116.707, 162.378, 20, -0.667995, -0.000582935, -0.000649406, -0.744165);

INSERT INTO `ace_object_properties_string` (`aceObjectId`, `strPropertyId`, `propertyValue`)
VALUES (2095665194, 1, 'Lapidary ');

INSERT INTO `ace_object_properties_did` (`aceObjectId`, `didPropertyId`, `propertyValue`)
VALUES (2095665194, 8, 100668115)
     , (2095665194, 1, 33555088);

INSERT INTO `ace_object_properties_int` (`aceObjectId`, `intPropertyId`, `propertyValue`)
VALUES (2095665194, 53, 101)
     , (2095665194, 1, 128)
     , (2095665194, 5, 9000)
     , (2095665194, 16, 1)
     , (2095665194, 19, 125)
     , (2095665194, 93, 1048)
     , (2095665194, 9007, 8);

INSERT INTO `ace_object_properties_bool` (`aceObjectId`, `boolPropertyId`, `propertyValue`)
VALUES (2095665194, 12, True)
     , (2095665194, 11, True)
     , (2095665194, 14, True)
     , (2095665194, 19, True)
     , (2095665194, 1, True);

INSERT INTO `ace_object_texture_map_change` (`aceObjectId`, `index`, `oldId`, `newId`)
VALUES (2095665194, 0, 83891055, 83889909);

INSERT INTO `ace_object_animation_change` (`aceObjectId`, `index`, `animationId`)
VALUES (2095665194, 0, 16780409);

INSERT INTO `ace_object` (`aceObjectId`, `aceObjectDescriptionFlags`, `weenieClassId`, `weenieHeaderFlags`, `currentMotionState`, `physicsDescriptionFlag`)
VALUES (2095665196, 20, 642, 2097176, NULL, 163841);

INSERT INTO `ace_position` (`aceObjectId`, `positionType`, `landblockRaw`, `posX`, `posY`, `posZ`, `qW`, `qX`, `qY`, `qZ`)
VALUES (2095665196, 1, 3465871389, 94.8, 110.52, 20, 0.71325, 0, 0, 0.700909);

INSERT INTO `ace_object_properties_string` (`aceObjectId`, `strPropertyId`, `propertyValue`)
VALUES (2095665196, 1, 'The Leaping Stallion');

INSERT INTO `ace_object_properties_did` (`aceObjectId`, `didPropertyId`, `propertyValue`)
VALUES (2095665196, 8, 100668115)
     , (2095665196, 1, 33555088);

INSERT INTO `ace_object_properties_int` (`aceObjectId`, `intPropertyId`, `propertyValue`)
VALUES (2095665196, 53, 101)
     , (2095665196, 1, 128)
     , (2095665196, 5, 9000)
     , (2095665196, 16, 1)
     , (2095665196, 19, 125)
     , (2095665196, 93, 1048)
     , (2095665196, 9007, 8);

INSERT INTO `ace_object_properties_bool` (`aceObjectId`, `boolPropertyId`, `propertyValue`)
VALUES (2095665196, 12, True)
     , (2095665196, 11, True)
     , (2095665196, 14, True)
     , (2095665196, 19, True)
     , (2095665196, 1, True);

INSERT INTO `ace_object_texture_map_change` (`aceObjectId`, `index`, `oldId`, `newId`)
VALUES (2095665196, 0, 83891055, 83889908);

INSERT INTO `ace_object_animation_change` (`aceObjectId`, `index`, `animationId`)
VALUES (2095665196, 0, 16780409);

INSERT INTO `ace_object` (`aceObjectId`, `aceObjectDescriptionFlags`, `weenieClassId`, `weenieHeaderFlags`, `currentMotionState`, `physicsDescriptionFlag`)
VALUES (2095665197, 20, 638, 2097176, NULL, 163841);

INSERT INTO `ace_position` (`aceObjectId`, `positionType`, `landblockRaw`, `posX`, `posY`, `posZ`, `qW`, `qX`, `qY`, `qZ`)
VALUES (2095665197, 1, 3465871385, 89.3005, 21.4586, 20, -0.38671, 0, 0, -0.922201);

INSERT INTO `ace_object_properties_string` (`aceObjectId`, `strPropertyId`, `propertyValue`)
VALUES (2095665197, 1, 'Bowyer ');

INSERT INTO `ace_object_properties_did` (`aceObjectId`, `didPropertyId`, `propertyValue`)
VALUES (2095665197, 8, 100668115)
     , (2095665197, 1, 33555088);

INSERT INTO `ace_object_properties_int` (`aceObjectId`, `intPropertyId`, `propertyValue`)
VALUES (2095665197, 53, 101)
     , (2095665197, 1, 128)
     , (2095665197, 5, 9000)
     , (2095665197, 16, 1)
     , (2095665197, 19, 125)
     , (2095665197, 93, 1048)
     , (2095665197, 9007, 8);

INSERT INTO `ace_object_properties_bool` (`aceObjectId`, `boolPropertyId`, `propertyValue`)
VALUES (2095665197, 12, True)
     , (2095665197, 11, True)
     , (2095665197, 14, True)
     , (2095665197, 19, True)
     , (2095665197, 1, True);

INSERT INTO `ace_object_texture_map_change` (`aceObjectId`, `index`, `oldId`, `newId`)
VALUES (2095665197, 0, 83891055, 83889907);

INSERT INTO `ace_object_animation_change` (`aceObjectId`, `index`, `animationId`)
VALUES (2095665197, 0, 16780409);

INSERT INTO `ace_object` (`aceObjectId`, `aceObjectDescriptionFlags`, `weenieClassId`, `weenieHeaderFlags`, `currentMotionState`, `physicsDescriptionFlag`)
VALUES (2120470556, 20, 4513, 2097176, NULL, 32769);

INSERT INTO `ace_position` (`aceObjectId`, `positionType`, `landblockRaw`, `posX`, `posY`, `posZ`, `qW`, `qX`, `qY`, `qZ`)
VALUES (2120470556, 1, 3862757407, 83.6253, 146.525, 87.931, 0.707107, 0, 0, -0.707107);

INSERT INTO `ace_object_properties_string` (`aceObjectId`, `strPropertyId`, `propertyValue`)
VALUES (2120470556, 1, 'The Full Net');

INSERT INTO `ace_object_properties_did` (`aceObjectId`, `didPropertyId`, `propertyValue`)
VALUES (2120470556, 8, 100668115)
     , (2120470556, 1, 33555594);

INSERT INTO `ace_object_properties_int` (`aceObjectId`, `intPropertyId`, `propertyValue`)
VALUES (2120470556, 1, 128)
     , (2120470556, 5, 9000)
     , (2120470556, 16, 1)
     , (2120470556, 19, 125)
     , (2120470556, 93, 66584)
     , (2120470556, 9007, 8);

INSERT INTO `ace_object_properties_bool` (`aceObjectId`, `boolPropertyId`, `propertyValue`)
VALUES (2120470556, 12, True)
     , (2120470556, 11, True)
     , (2120470556, 14, True)
     , (2120470556, 19, True)
     , (2120470556, 1, True);

INSERT INTO `ace_object_texture_map_change` (`aceObjectId`, `index`, `oldId`, `newId`)
VALUES (2120470556, 0, 83891180, 83891182);

INSERT INTO `ace_object_animation_change` (`aceObjectId`, `index`, `animationId`)
VALUES (2120470556, 0, 16782236);

INSERT INTO `ace_object` (`aceObjectId`, `aceObjectDescriptionFlags`, `weenieClassId`, `weenieHeaderFlags`, `currentMotionState`, `physicsDescriptionFlag`)
VALUES (2120470553, 20, 4512, 2097176, NULL, 32769);

INSERT INTO `ace_position` (`aceObjectId`, `positionType`, `landblockRaw`, `posX`, `posY`, `posZ`, `qW`, `qX`, `qY`, `qZ`)
VALUES (2120470553, 1, 3862757405, 78.0216, 116.016, 89.429, -0.382683, 0, 0, -0.92388);

INSERT INTO `ace_object_properties_string` (`aceObjectId`, `strPropertyId`, `propertyValue`)
VALUES (2120470553, 1, 'Southern Town Bows');

INSERT INTO `ace_object_properties_did` (`aceObjectId`, `didPropertyId`, `propertyValue`)
VALUES (2120470553, 8, 100668115)
     , (2120470553, 1, 33555594);

INSERT INTO `ace_object_properties_int` (`aceObjectId`, `intPropertyId`, `propertyValue`)
VALUES (2120470553, 1, 128)
     , (2120470553, 5, 9000)
     , (2120470553, 16, 1)
     , (2120470553, 19, 125)
     , (2120470553, 93, 66584)
     , (2120470553, 9007, 8);

INSERT INTO `ace_object_properties_bool` (`aceObjectId`, `boolPropertyId`, `propertyValue`)
VALUES (2120470553, 12, True)
     , (2120470553, 11, True)
     , (2120470553, 14, True)
     , (2120470553, 19, True)
     , (2120470553, 1, True);

INSERT INTO `ace_object_texture_map_change` (`aceObjectId`, `index`, `oldId`, `newId`)
VALUES (2120470553, 0, 83891180, 83891181);

INSERT INTO `ace_object_animation_change` (`aceObjectId`, `index`, `animationId`)
VALUES (2120470553, 0, 16782236);

INSERT INTO `ace_object` (`aceObjectId`, `aceObjectDescriptionFlags`, `weenieClassId`, `weenieHeaderFlags`, `currentMotionState`, `physicsDescriptionFlag`)
VALUES (2120470554, 20, 4511, 2097176, NULL, 32773);

INSERT INTO `ace_position` (`aceObjectId`, `positionType`, `landblockRaw`, `posX`, `posY`, `posZ`, `qW`, `qX`, `qY`, `qZ`)
VALUES (2120470554, 1, 3862757396, 52.6459, 93.5286, 87.7036, -0.707107, 0, 0, -0.707107);

INSERT INTO `ace_object_properties_string` (`aceObjectId`, `strPropertyId`, `propertyValue`)
VALUES (2120470554, 1, 'Ton Wing''s Smithy');

INSERT INTO `ace_object_properties_did` (`aceObjectId`, `didPropertyId`, `propertyValue`)
VALUES (2120470554, 8, 100668115)
     , (2120470554, 1, 33555594);

INSERT INTO `ace_object_properties_int` (`aceObjectId`, `intPropertyId`, `propertyValue`)
VALUES (2120470554, 1, 128)
     , (2120470554, 5, 9000)
     , (2120470554, 16, 1)
     , (2120470554, 19, 125)
     , (2120470554, 93, 66584)
     , (2120470554, 9007, 8);

INSERT INTO `ace_object_properties_bool` (`aceObjectId`, `boolPropertyId`, `propertyValue`)
VALUES (2120470554, 12, True)
     , (2120470554, 11, True)
     , (2120470554, 14, True)
     , (2120470554, 19, True)
     , (2120470554, 1, True);

INSERT INTO `ace_object_texture_map_change` (`aceObjectId`, `index`, `oldId`, `newId`)
VALUES (2120470554, 0, 83891180, 83891178);

INSERT INTO `ace_object_animation_change` (`aceObjectId`, `index`, `animationId`)
VALUES (2120470554, 0, 16782236);

INSERT INTO `ace_object` (`aceObjectId`, `aceObjectDescriptionFlags`, `weenieClassId`, `weenieHeaderFlags`, `currentMotionState`, `physicsDescriptionFlag`)
VALUES (2120470550, 20, 4516, 2097176, NULL, 32769);

INSERT INTO `ace_position` (`aceObjectId`, `positionType`, `landblockRaw`, `posX`, `posY`, `posZ`, `qW`, `qX`, `qY`, `qZ`)
VALUES (2120470550, 1, 3862757382, 11.0631, 140.267, 99.175, -0.707107, 0, 0, -0.707107);

INSERT INTO `ace_object_properties_string` (`aceObjectId`, `strPropertyId`, `propertyValue`)
VALUES (2120470550, 1, 'Jewels of the South');

INSERT INTO `ace_object_properties_did` (`aceObjectId`, `didPropertyId`, `propertyValue`)
VALUES (2120470550, 8, 100668115)
     , (2120470550, 1, 33555594);

INSERT INTO `ace_object_properties_int` (`aceObjectId`, `intPropertyId`, `propertyValue`)
VALUES (2120470550, 1, 128)
     , (2120470550, 5, 9000)
     , (2120470550, 16, 1)
     , (2120470550, 19, 125)
     , (2120470550, 93, 66584)
     , (2120470550, 9007, 8);

INSERT INTO `ace_object_properties_bool` (`aceObjectId`, `boolPropertyId`, `propertyValue`)
VALUES (2120470550, 12, True)
     , (2120470550, 11, True)
     , (2120470550, 14, True)
     , (2120470550, 19, True)
     , (2120470550, 1, True);

INSERT INTO `ace_object_texture_map_change` (`aceObjectId`, `index`, `oldId`, `newId`)
VALUES (2120470550, 0, 83891180, 83891183);

INSERT INTO `ace_object_animation_change` (`aceObjectId`, `index`, `animationId`)
VALUES (2120470550, 0, 16782236);

INSERT INTO `ace_object` (`aceObjectId`, `aceObjectDescriptionFlags`, `weenieClassId`, `weenieHeaderFlags`, `currentMotionState`, `physicsDescriptionFlag`)
VALUES (2120470549, 20, 4520, 2097176, NULL, 32769);

INSERT INTO `ace_position` (`aceObjectId`, `positionType`, `landblockRaw`, `posX`, `posY`, `posZ`, `qW`, `qX`, `qY`, `qZ`)
VALUES (2120470549, 1, 3862757382, 13.0058, 140.344, 99.175, -0.707107, 0, 0, -0.707107);

INSERT INTO `ace_object_properties_string` (`aceObjectId`, `strPropertyId`, `propertyValue`)
VALUES (2120470549, 1, 'Tailor Yajyi');

INSERT INTO `ace_object_properties_did` (`aceObjectId`, `didPropertyId`, `propertyValue`)
VALUES (2120470549, 8, 100668115)
     , (2120470549, 1, 33555594);

INSERT INTO `ace_object_properties_int` (`aceObjectId`, `intPropertyId`, `propertyValue`)
VALUES (2120470549, 1, 128)
     , (2120470549, 5, 9000)
     , (2120470549, 16, 1)
     , (2120470549, 19, 125)
     , (2120470549, 93, 66584)
     , (2120470549, 9007, 8);

INSERT INTO `ace_object_properties_bool` (`aceObjectId`, `boolPropertyId`, `propertyValue`)
VALUES (2120470549, 12, True)
     , (2120470549, 11, True)
     , (2120470549, 14, True)
     , (2120470549, 19, True)
     , (2120470549, 1, True);

INSERT INTO `ace_object_texture_map_change` (`aceObjectId`, `index`, `oldId`, `newId`)
VALUES (2120470549, 0, 83891180, 83891177);

INSERT INTO `ace_object_animation_change` (`aceObjectId`, `index`, `animationId`)
VALUES (2120470549, 0, 16782236);

INSERT INTO `ace_object` (`aceObjectId`, `aceObjectDescriptionFlags`, `weenieClassId`, `weenieHeaderFlags`, `currentMotionState`, `physicsDescriptionFlag`)
VALUES (2120470562, 20, 12304, 2097176, NULL, 32769);

INSERT INTO `ace_position` (`aceObjectId`, `positionType`, `landblockRaw`, `posX`, `posY`, `posZ`, `qW`, `qX`, `qY`, `qZ`)
VALUES (2120470562, 1, 3862757411, 102.536, 54.7218, 86, 0.999884, 0, 0, 0.0152548);

INSERT INTO `ace_object_properties_string` (`aceObjectId`, `strPropertyId`, `propertyValue`)
VALUES (2120470562, 1, 'Agent of the Arcanum ');

INSERT INTO `ace_object_properties_did` (`aceObjectId`, `didPropertyId`, `propertyValue`)
VALUES (2120470562, 8, 100672342)
     , (2120470562, 1, 33557390);

INSERT INTO `ace_object_properties_int` (`aceObjectId`, `intPropertyId`, `propertyValue`)
VALUES (2120470562, 1, 128)
     , (2120470562, 5, 9000)
     , (2120470562, 16, 1)
     , (2120470562, 19, 125)
     , (2120470562, 93, 1048)
     , (2120470562, 9007, 8);

INSERT INTO `ace_object_properties_bool` (`aceObjectId`, `boolPropertyId`, `propertyValue`)
VALUES (2120470562, 12, True)
     , (2120470562, 11, True)
     , (2120470562, 14, True)
     , (2120470562, 19, True)
     , (2120470562, 1, True);

INSERT INTO `ace_object` (`aceObjectId`, `aceObjectDescriptionFlags`, `weenieClassId`, `weenieHeaderFlags`, `currentMotionState`, `physicsDescriptionFlag`)
VALUES (2119421961, 20, 4517, 2097176, NULL, 32769);

INSERT INTO `ace_position` (`aceObjectId`, `positionType`, `landblockRaw`, `posX`, `posY`, `posZ`, `qW`, `qX`, `qY`, `qZ`)
VALUES (2119421961, 1, 3845980222, 179.816, 140.054, 97.824, 1, 0, 0, 0);

INSERT INTO `ace_object_properties_string` (`aceObjectId`, `strPropertyId`, `propertyValue`)
VALUES (2119421961, 1, 'South Town Supplies');

INSERT INTO `ace_object_properties_did` (`aceObjectId`, `didPropertyId`, `propertyValue`)
VALUES (2119421961, 8, 100668115)
     , (2119421961, 1, 33555594);

INSERT INTO `ace_object_properties_int` (`aceObjectId`, `intPropertyId`, `propertyValue`)
VALUES (2119421961, 1, 128)
     , (2119421961, 5, 9000)
     , (2119421961, 16, 1)
     , (2119421961, 19, 125)
     , (2119421961, 93, 66584)
     , (2119421961, 9007, 8);

INSERT INTO `ace_object_properties_bool` (`aceObjectId`, `boolPropertyId`, `propertyValue`)
VALUES (2119421961, 12, True)
     , (2119421961, 11, True)
     , (2119421961, 14, True)
     , (2119421961, 19, True)
     , (2119421961, 1, True);

INSERT INTO `ace_object` (`aceObjectId`, `aceObjectDescriptionFlags`, `weenieClassId`, `weenieHeaderFlags`, `currentMotionState`, `physicsDescriptionFlag`)
VALUES (2119421959, 20, 4521, 2097176, NULL, 32769);

INSERT INTO `ace_position` (`aceObjectId`, `positionType`, `landblockRaw`, `posX`, `posY`, `posZ`, `qW`, `qX`, `qY`, `qZ`)
VALUES (2119421959, 1, 3845980224, 189.758, 177.559, 98.4263, 1, 0, 0, 0);

INSERT INTO `ace_object_properties_string` (`aceObjectId`, `strPropertyId`, `propertyValue`)
VALUES (2119421959, 1, 'Southern End Tavern');

INSERT INTO `ace_object_properties_did` (`aceObjectId`, `didPropertyId`, `propertyValue`)
VALUES (2119421959, 8, 100668115)
     , (2119421959, 1, 33555594);

INSERT INTO `ace_object_properties_int` (`aceObjectId`, `intPropertyId`, `propertyValue`)
VALUES (2119421959, 1, 128)
     , (2119421959, 5, 9000)
     , (2119421959, 16, 1)
     , (2119421959, 19, 125)
     , (2119421959, 93, 66584)
     , (2119421959, 9007, 8);

INSERT INTO `ace_object_properties_bool` (`aceObjectId`, `boolPropertyId`, `propertyValue`)
VALUES (2119421959, 12, True)
     , (2119421959, 11, True)
     , (2119421959, 14, True)
     , (2119421959, 19, True)
     , (2119421959, 1, True);

INSERT INTO `ace_object_texture_map_change` (`aceObjectId`, `index`, `oldId`, `newId`)
VALUES (2119421959, 0, 83891180, 83891184);

INSERT INTO `ace_object_animation_change` (`aceObjectId`, `index`, `animationId`)
VALUES (2119421959, 0, 16782236);

INSERT INTO `ace_object` (`aceObjectId`, `aceObjectDescriptionFlags`, `weenieClassId`, `weenieHeaderFlags`, `currentMotionState`, `physicsDescriptionFlag`)
VALUES (2119426060, 20, 4515, 2097176, NULL, 32769);

INSERT INTO `ace_position` (`aceObjectId`, `positionType`, `landblockRaw`, `posX`, `posY`, `posZ`, `qW`, `qX`, `qY`, `qZ`)
VALUES (2119426060, 1, 3846045737, 126.425, 19.3223, 110.546, -0.707107, 0, 0, -0.707107);

INSERT INTO `ace_object_properties_string` (`aceObjectId`, `strPropertyId`, `propertyValue`)
VALUES (2119426060, 1, 'The Touch of Healing');

INSERT INTO `ace_object_properties_did` (`aceObjectId`, `didPropertyId`, `propertyValue`)
VALUES (2119426060, 8, 100668115)
     , (2119426060, 1, 33555594);

INSERT INTO `ace_object_properties_int` (`aceObjectId`, `intPropertyId`, `propertyValue`)
VALUES (2119426060, 1, 128)
     , (2119426060, 5, 9000)
     , (2119426060, 16, 1)
     , (2119426060, 19, 125)
     , (2119426060, 93, 66584)
     , (2119426060, 9007, 8);

INSERT INTO `ace_object_properties_bool` (`aceObjectId`, `boolPropertyId`, `propertyValue`)
VALUES (2119426060, 12, True)
     , (2119426060, 11, True)
     , (2119426060, 14, True)
     , (2119426060, 19, True)
     , (2119426060, 1, True);

INSERT INTO `ace_object_texture_map_change` (`aceObjectId`, `index`, `oldId`, `newId`)
VALUES (2119426060, 0, 83891180, 83891179);

INSERT INTO `ace_object_animation_change` (`aceObjectId`, `index`, `animationId`)
VALUES (2119426060, 0, 16782236);

INSERT INTO `ace_object` (`aceObjectId`, `aceObjectDescriptionFlags`, `weenieClassId`, `weenieHeaderFlags`, `currentMotionState`, `physicsDescriptionFlag`)
VALUES (2119426061, 20, 4518, 2097176, NULL, 32769);

INSERT INTO `ace_position` (`aceObjectId`, `positionType`, `landblockRaw`, `posX`, `posY`, `posZ`, `qW`, `qX`, `qY`, `qZ`)
VALUES (2119426061, 1, 3846045737, 137.651, 19.3005, 110.52, -0.707107, 0, 0, -0.707107);

INSERT INTO `ace_object_properties_string` (`aceObjectId`, `strPropertyId`, `propertyValue`)
VALUES (2119426061, 1, 'The Nanto Scribe');

INSERT INTO `ace_object_properties_did` (`aceObjectId`, `didPropertyId`, `propertyValue`)
VALUES (2119426061, 8, 100668115)
     , (2119426061, 1, 33555594);

INSERT INTO `ace_object_properties_int` (`aceObjectId`, `intPropertyId`, `propertyValue`)
VALUES (2119426061, 1, 128)
     , (2119426061, 5, 9000)
     , (2119426061, 16, 1)
     , (2119426061, 19, 125)
     , (2119426061, 93, 66584)
     , (2119426061, 9007, 8);

INSERT INTO `ace_object_properties_bool` (`aceObjectId`, `boolPropertyId`, `propertyValue`)
VALUES (2119426061, 12, True)
     , (2119426061, 11, True)
     , (2119426061, 14, True)
     , (2119426061, 19, True)
     , (2119426061, 1, True);

INSERT INTO `ace_object_texture_map_change` (`aceObjectId`, `index`, `oldId`, `newId`)
VALUES (2119426061, 0, 83891180, 83891185);

INSERT INTO `ace_object_animation_change` (`aceObjectId`, `index`, `animationId`)
VALUES (2119426061, 0, 16782236);

INSERT INTO `ace_object` (`aceObjectId`, `aceObjectDescriptionFlags`, `weenieClassId`, `weenieHeaderFlags`, `currentMotionState`, `physicsDescriptionFlag`)
VALUES (2119426063, 20, 4510, 2097176, NULL, 32769);

INSERT INTO `ace_position` (`aceObjectId`, `positionType`, `landblockRaw`, `posX`, `posY`, `posZ`, `qW`, `qX`, `qY`, `qZ`)
VALUES (2119426063, 1, 3846045721, 81.7811, 19.0811, 121.75, -0.707107, 0, 0, -0.707107);

INSERT INTO `ace_object_properties_string` (`aceObjectId`, `strPropertyId`, `propertyValue`)
VALUES (2119426063, 1, 'The Oak Talisman');

INSERT INTO `ace_object_properties_did` (`aceObjectId`, `didPropertyId`, `propertyValue`)
VALUES (2119426063, 8, 100668115)
     , (2119426063, 1, 33555594);

INSERT INTO `ace_object_properties_int` (`aceObjectId`, `intPropertyId`, `propertyValue`)
VALUES (2119426063, 1, 128)
     , (2119426063, 5, 9000)
     , (2119426063, 16, 1)
     , (2119426063, 19, 125)
     , (2119426063, 93, 66584)
     , (2119426063, 9007, 8);

INSERT INTO `ace_object_properties_bool` (`aceObjectId`, `boolPropertyId`, `propertyValue`)
VALUES (2119426063, 12, True)
     , (2119426063, 11, True)
     , (2119426063, 14, True)
     , (2119426063, 19, True)
     , (2119426063, 1, True);

INSERT INTO `ace_object` (`aceObjectId`, `aceObjectDescriptionFlags`, `weenieClassId`, `weenieHeaderFlags`, `currentMotionState`, `physicsDescriptionFlag`)
VALUES (2094272546, 20, 2272, 2097176, NULL, 163841);

INSERT INTO `ace_position` (`aceObjectId`, `positionType`, `landblockRaw`, `posX`, `posY`, `posZ`, `qW`, `qX`, `qY`, `qZ`)
VALUES (2094272546, 1, 3443589173, 147.181, 111.967, 54, -0.691189, 0, 0, 0.722674);

INSERT INTO `ace_object_properties_string` (`aceObjectId`, `strPropertyId`, `propertyValue`)
VALUES (2094272546, 1, 'The Flaming Phoenix');

INSERT INTO `ace_object_properties_did` (`aceObjectId`, `didPropertyId`, `propertyValue`)
VALUES (2094272546, 8, 100668115)
     , (2094272546, 1, 33555088);

INSERT INTO `ace_object_properties_int` (`aceObjectId`, `intPropertyId`, `propertyValue`)
VALUES (2094272546, 53, 101)
     , (2094272546, 1, 128)
     , (2094272546, 5, 9000)
     , (2094272546, 16, 1)
     , (2094272546, 19, 125)
     , (2094272546, 93, 1048)
     , (2094272546, 9007, 8);

INSERT INTO `ace_object_properties_bool` (`aceObjectId`, `boolPropertyId`, `propertyValue`)
VALUES (2094272546, 12, True)
     , (2094272546, 11, True)
     , (2094272546, 14, True)
     , (2094272546, 19, True)
     , (2094272546, 1, True);

INSERT INTO `ace_object_texture_map_change` (`aceObjectId`, `index`, `oldId`, `newId`)
VALUES (2094272546, 0, 83891055, 83891060);

INSERT INTO `ace_object_animation_change` (`aceObjectId`, `index`, `animationId`)
VALUES (2094272546, 0, 16780409);

INSERT INTO `ace_object` (`aceObjectId`, `aceObjectDescriptionFlags`, `weenieClassId`, `weenieHeaderFlags`, `currentMotionState`, `physicsDescriptionFlag`)
VALUES (2094272556, 20, 2274, 2097176, NULL, 163841);

INSERT INTO `ace_position` (`aceObjectId`, `positionType`, `landblockRaw`, `posX`, `posY`, `posZ`, `qW`, `qX`, `qY`, `qZ`)
VALUES (2094272556, 1, 3443589166, 136.089, 130.153, 54, 0.654527, 0, 0, 0.756039);

INSERT INTO `ace_object_properties_string` (`aceObjectId`, `strPropertyId`, `propertyValue`)
VALUES (2094272556, 1, 'Ginan''s Goods');

INSERT INTO `ace_object_properties_did` (`aceObjectId`, `didPropertyId`, `propertyValue`)
VALUES (2094272556, 8, 100668115)
     , (2094272556, 1, 33555088);

INSERT INTO `ace_object_properties_int` (`aceObjectId`, `intPropertyId`, `propertyValue`)
VALUES (2094272556, 53, 101)
     , (2094272556, 1, 128)
     , (2094272556, 5, 9000)
     , (2094272556, 16, 1)
     , (2094272556, 19, 125)
     , (2094272556, 93, 1048)
     , (2094272556, 9007, 8);

INSERT INTO `ace_object_properties_bool` (`aceObjectId`, `boolPropertyId`, `propertyValue`)
VALUES (2094272556, 12, True)
     , (2094272556, 11, True)
     , (2094272556, 14, True)
     , (2094272556, 19, True)
     , (2094272556, 1, True);

INSERT INTO `ace_object_texture_map_change` (`aceObjectId`, `index`, `oldId`, `newId`)
VALUES (2094272556, 0, 83891055, 83889906);

INSERT INTO `ace_object_animation_change` (`aceObjectId`, `index`, `animationId`)
VALUES (2094272556, 0, 16780409);

INSERT INTO `ace_object` (`aceObjectId`, `aceObjectDescriptionFlags`, `weenieClassId`, `weenieHeaderFlags`, `currentMotionState`, `physicsDescriptionFlag`)
VALUES (2094272558, 20, 2269, 2097176, NULL, 163841);

INSERT INTO `ace_position` (`aceObjectId`, `positionType`, `landblockRaw`, `posX`, `posY`, `posZ`, `qW`, `qX`, `qY`, `qZ`)
VALUES (2094272558, 1, 3443589159, 101.685, 151.995, 54, 0.999944, 0, 0, -0.0105486);

INSERT INTO `ace_object_properties_string` (`aceObjectId`, `strPropertyId`, `propertyValue`)
VALUES (2094272558, 1, 'The Laden Bushel');

INSERT INTO `ace_object_properties_did` (`aceObjectId`, `didPropertyId`, `propertyValue`)
VALUES (2094272558, 8, 100668115)
     , (2094272558, 1, 33555088);

INSERT INTO `ace_object_properties_int` (`aceObjectId`, `intPropertyId`, `propertyValue`)
VALUES (2094272558, 53, 101)
     , (2094272558, 1, 128)
     , (2094272558, 5, 9000)
     , (2094272558, 16, 1)
     , (2094272558, 19, 125)
     , (2094272558, 93, 1048)
     , (2094272558, 9007, 8);

INSERT INTO `ace_object_properties_bool` (`aceObjectId`, `boolPropertyId`, `propertyValue`)
VALUES (2094272558, 12, True)
     , (2094272558, 11, True)
     , (2094272558, 14, True)
     , (2094272558, 19, True)
     , (2094272558, 1, True);

INSERT INTO `ace_object_texture_map_change` (`aceObjectId`, `index`, `oldId`, `newId`)
VALUES (2094272558, 0, 83891055, 83889906);

INSERT INTO `ace_object_animation_change` (`aceObjectId`, `index`, `animationId`)
VALUES (2094272558, 0, 16780409);

INSERT INTO `ace_object` (`aceObjectId`, `aceObjectDescriptionFlags`, `weenieClassId`, `weenieHeaderFlags`, `currentMotionState`, `physicsDescriptionFlag`)
VALUES (2094272559, 20, 2270, 2097176, NULL, 163841);

INSERT INTO `ace_position` (`aceObjectId`, `positionType`, `landblockRaw`, `posX`, `posY`, `posZ`, `qW`, `qX`, `qY`, `qZ`)
VALUES (2094272559, 1, 3443589164, 140.827, 82.8542, 54, 0.652508, 0, 0, 0.757782);

INSERT INTO `ace_object_properties_string` (`aceObjectId`, `strPropertyId`, `propertyValue`)
VALUES (2094272559, 1, 'Physician');

INSERT INTO `ace_object_properties_did` (`aceObjectId`, `didPropertyId`, `propertyValue`)
VALUES (2094272559, 8, 100668115)
     , (2094272559, 1, 33555088);

INSERT INTO `ace_object_properties_int` (`aceObjectId`, `intPropertyId`, `propertyValue`)
VALUES (2094272559, 53, 101)
     , (2094272559, 1, 128)
     , (2094272559, 5, 9000)
     , (2094272559, 16, 1)
     , (2094272559, 19, 125)
     , (2094272559, 93, 1048)
     , (2094272559, 9007, 8);

INSERT INTO `ace_object_properties_bool` (`aceObjectId`, `boolPropertyId`, `propertyValue`)
VALUES (2094272559, 12, True)
     , (2094272559, 11, True)
     , (2094272559, 14, True)
     , (2094272559, 19, True)
     , (2094272559, 1, True);

INSERT INTO `ace_object_texture_map_change` (`aceObjectId`, `index`, `oldId`, `newId`)
VALUES (2094272559, 0, 83891055, 83889901);

INSERT INTO `ace_object_animation_change` (`aceObjectId`, `index`, `animationId`)
VALUES (2094272559, 0, 16780409);

INSERT INTO `ace_object` (`aceObjectId`, `aceObjectDescriptionFlags`, `weenieClassId`, `weenieHeaderFlags`, `currentMotionState`, `physicsDescriptionFlag`)
VALUES (2094272550, 20, 2273, 2097176, NULL, 163841);

INSERT INTO `ace_position` (`aceObjectId`, `positionType`, `landblockRaw`, `posX`, `posY`, `posZ`, `qW`, `qX`, `qY`, `qZ`)
VALUES (2094272550, 1, 3443589156, 104.789, 77.701, 54, 0.999903, 0, 0, -0.0139304);

INSERT INTO `ace_object_properties_string` (`aceObjectId`, `strPropertyId`, `propertyValue`)
VALUES (2094272550, 1, 'Scribe Shop');

INSERT INTO `ace_object_properties_did` (`aceObjectId`, `didPropertyId`, `propertyValue`)
VALUES (2094272550, 8, 100668115)
     , (2094272550, 1, 33555088);

INSERT INTO `ace_object_properties_int` (`aceObjectId`, `intPropertyId`, `propertyValue`)
VALUES (2094272550, 53, 101)
     , (2094272550, 1, 128)
     , (2094272550, 5, 9000)
     , (2094272550, 16, 1)
     , (2094272550, 19, 125)
     , (2094272550, 93, 1048)
     , (2094272550, 9007, 8);

INSERT INTO `ace_object_properties_bool` (`aceObjectId`, `boolPropertyId`, `propertyValue`)
VALUES (2094272550, 12, True)
     , (2094272550, 11, True)
     , (2094272550, 14, True)
     , (2094272550, 19, True)
     , (2094272550, 1, True);

INSERT INTO `ace_object_texture_map_change` (`aceObjectId`, `index`, `oldId`, `newId`)
VALUES (2094272550, 0, 83891055, 83889905);

INSERT INTO `ace_object_animation_change` (`aceObjectId`, `index`, `animationId`)
VALUES (2094272550, 0, 16780409);

INSERT INTO `ace_object` (`aceObjectId`, `aceObjectDescriptionFlags`, `weenieClassId`, `weenieHeaderFlags`, `currentMotionState`, `physicsDescriptionFlag`)
VALUES (2094272572, 20, 12304, 2097176, NULL, 32769);

INSERT INTO `ace_position` (`aceObjectId`, `positionType`, `landblockRaw`, `posX`, `posY`, `posZ`, `qW`, `qX`, `qY`, `qZ`)
VALUES (2094272572, 1, 3443589163, 136.567, 64.836, 54, -0.000999038, 0, 0, 0.999999);

INSERT INTO `ace_object_properties_string` (`aceObjectId`, `strPropertyId`, `propertyValue`)
VALUES (2094272572, 1, 'Agent of the Arcanum ');

INSERT INTO `ace_object_properties_did` (`aceObjectId`, `didPropertyId`, `propertyValue`)
VALUES (2094272572, 8, 100672342)
     , (2094272572, 1, 33557390);

INSERT INTO `ace_object_properties_int` (`aceObjectId`, `intPropertyId`, `propertyValue`)
VALUES (2094272572, 1, 128)
     , (2094272572, 5, 9000)
     , (2094272572, 16, 1)
     , (2094272572, 19, 125)
     , (2094272572, 93, 1048)
     , (2094272572, 9007, 8);

INSERT INTO `ace_object_properties_bool` (`aceObjectId`, `boolPropertyId`, `propertyValue`)
VALUES (2094272572, 12, True)
     , (2094272572, 11, True)
     , (2094272572, 14, True)
     , (2094272572, 19, True)
     , (2094272572, 1, True);

INSERT INTO `ace_object` (`aceObjectId`, `aceObjectDescriptionFlags`, `weenieClassId`, `weenieHeaderFlags`, `currentMotionState`, `physicsDescriptionFlag`)
VALUES (2094272551, 20, 2275, 2097176, NULL, 163841);

INSERT INTO `ace_position` (`aceObjectId`, `positionType`, `landblockRaw`, `posX`, `posY`, `posZ`, `qW`, `qX`, `qY`, `qZ`)
VALUES (2094272551, 1, 3443589150, 87.5098, 138.291, 54, -0.0425331, 0, 0, 0.999095);

INSERT INTO `ace_object_properties_string` (`aceObjectId`, `strPropertyId`, `propertyValue`)
VALUES (2094272551, 1, 'Weaver Zhoyong');

INSERT INTO `ace_object_properties_did` (`aceObjectId`, `didPropertyId`, `propertyValue`)
VALUES (2094272551, 8, 100668115)
     , (2094272551, 1, 33555088);

INSERT INTO `ace_object_properties_int` (`aceObjectId`, `intPropertyId`, `propertyValue`)
VALUES (2094272551, 53, 101)
     , (2094272551, 1, 128)
     , (2094272551, 5, 9000)
     , (2094272551, 16, 1)
     , (2094272551, 19, 125)
     , (2094272551, 93, 1048)
     , (2094272551, 9007, 8);

INSERT INTO `ace_object_properties_bool` (`aceObjectId`, `boolPropertyId`, `propertyValue`)
VALUES (2094272551, 12, True)
     , (2094272551, 11, True)
     , (2094272551, 14, True)
     , (2094272551, 19, True)
     , (2094272551, 1, True);

INSERT INTO `ace_object_texture_map_change` (`aceObjectId`, `index`, `oldId`, `newId`)
VALUES (2094272551, 0, 83891055, 83889899);

INSERT INTO `ace_object_animation_change` (`aceObjectId`, `index`, `animationId`)
VALUES (2094272551, 0, 16780409);

INSERT INTO `ace_object` (`aceObjectId`, `aceObjectDescriptionFlags`, `weenieClassId`, `weenieHeaderFlags`, `currentMotionState`, `physicsDescriptionFlag`)
VALUES (2094272543, 20, 2266, 2097176, NULL, 163841);

INSERT INTO `ace_position` (`aceObjectId`, `positionType`, `landblockRaw`, `posX`, `posY`, `posZ`, `qW`, `qX`, `qY`, `qZ`)
VALUES (2094272543, 1, 3443589143, 69.7677, 163.256, 54, -0.702788, 0, 0, -0.711399);

INSERT INTO `ace_object_properties_string` (`aceObjectId`, `strPropertyId`, `propertyValue`)
VALUES (2094272543, 1, 'Blade''s Heart Forge');

INSERT INTO `ace_object_properties_did` (`aceObjectId`, `didPropertyId`, `propertyValue`)
VALUES (2094272543, 8, 100668115)
     , (2094272543, 1, 33555088);

INSERT INTO `ace_object_properties_int` (`aceObjectId`, `intPropertyId`, `propertyValue`)
VALUES (2094272543, 53, 101)
     , (2094272543, 1, 128)
     , (2094272543, 5, 9000)
     , (2094272543, 16, 1)
     , (2094272543, 19, 125)
     , (2094272543, 93, 1048)
     , (2094272543, 9007, 8);

INSERT INTO `ace_object_properties_bool` (`aceObjectId`, `boolPropertyId`, `propertyValue`)
VALUES (2094272543, 12, True)
     , (2094272543, 11, True)
     , (2094272543, 14, True)
     , (2094272543, 19, True)
     , (2094272543, 1, True);

INSERT INTO `ace_object_texture_map_change` (`aceObjectId`, `index`, `oldId`, `newId`)
VALUES (2094272543, 0, 83891055, 83889904);

INSERT INTO `ace_object_animation_change` (`aceObjectId`, `index`, `animationId`)
VALUES (2094272543, 0, 16780409);

INSERT INTO `ace_object` (`aceObjectId`, `aceObjectDescriptionFlags`, `weenieClassId`, `weenieHeaderFlags`, `currentMotionState`, `physicsDescriptionFlag`)
VALUES (2094272554, 20, 2267, 2097176, NULL, 163841);

INSERT INTO `ace_position` (`aceObjectId`, `positionType`, `landblockRaw`, `posX`, `posY`, `posZ`, `qW`, `qX`, `qY`, `qZ`)
VALUES (2094272554, 1, 3443589147, 85.965, 63.2355, 54, 0.0293154, 0, 0, -0.99957);

INSERT INTO `ace_object_properties_string` (`aceObjectId`, `strPropertyId`, `propertyValue`)
VALUES (2094272554, 1, 'The Soaring Shaft');

INSERT INTO `ace_object_properties_did` (`aceObjectId`, `didPropertyId`, `propertyValue`)
VALUES (2094272554, 8, 100668115)
     , (2094272554, 1, 33555088);

INSERT INTO `ace_object_properties_int` (`aceObjectId`, `intPropertyId`, `propertyValue`)
VALUES (2094272554, 53, 101)
     , (2094272554, 1, 128)
     , (2094272554, 5, 9000)
     , (2094272554, 16, 1)
     , (2094272554, 19, 125)
     , (2094272554, 93, 1048)
     , (2094272554, 9007, 8);

INSERT INTO `ace_object_properties_bool` (`aceObjectId`, `boolPropertyId`, `propertyValue`)
VALUES (2094272554, 12, True)
     , (2094272554, 11, True)
     , (2094272554, 14, True)
     , (2094272554, 19, True)
     , (2094272554, 1, True);

INSERT INTO `ace_object_texture_map_change` (`aceObjectId`, `index`, `oldId`, `newId`)
VALUES (2094272554, 0, 83891055, 83889907);

INSERT INTO `ace_object_animation_change` (`aceObjectId`, `index`, `animationId`)
VALUES (2094272554, 0, 16780409);

INSERT INTO `ace_object` (`aceObjectId`, `aceObjectDescriptionFlags`, `weenieClassId`, `weenieHeaderFlags`, `currentMotionState`, `physicsDescriptionFlag`)
VALUES (2094272542, 20, 2271, 2097176, NULL, 163841);

INSERT INTO `ace_position` (`aceObjectId`, `positionType`, `landblockRaw`, `posX`, `posY`, `posZ`, `qW`, `qX`, `qY`, `qZ`)
VALUES (2094272542, 1, 3443589140, 61.0094, 85.4873, 54, 0.702456, 0, 0, 0.711727);

INSERT INTO `ace_object_properties_string` (`aceObjectId`, `strPropertyId`, `propertyValue`)
VALUES (2094272542, 1, 'Jeweler Shop');

INSERT INTO `ace_object_properties_did` (`aceObjectId`, `didPropertyId`, `propertyValue`)
VALUES (2094272542, 8, 100668115)
     , (2094272542, 1, 33555088);

INSERT INTO `ace_object_properties_int` (`aceObjectId`, `intPropertyId`, `propertyValue`)
VALUES (2094272542, 53, 101)
     , (2094272542, 1, 128)
     , (2094272542, 5, 9000)
     , (2094272542, 16, 1)
     , (2094272542, 19, 125)
     , (2094272542, 93, 1048)
     , (2094272542, 9007, 8);

INSERT INTO `ace_object_properties_bool` (`aceObjectId`, `boolPropertyId`, `propertyValue`)
VALUES (2094272542, 12, True)
     , (2094272542, 11, True)
     , (2094272542, 14, True)
     , (2094272542, 19, True)
     , (2094272542, 1, True);

INSERT INTO `ace_object_texture_map_change` (`aceObjectId`, `index`, `oldId`, `newId`)
VALUES (2094272542, 0, 83891055, 83889909);

INSERT INTO `ace_object_animation_change` (`aceObjectId`, `index`, `animationId`)
VALUES (2094272542, 0, 16780409);

INSERT INTO `ace_object` (`aceObjectId`, `aceObjectDescriptionFlags`, `weenieClassId`, `weenieHeaderFlags`, `currentMotionState`, `physicsDescriptionFlag`)
VALUES (2090184757, 20, 12304, 2097176, NULL, 32769);

INSERT INTO `ace_position` (`aceObjectId`, `positionType`, `landblockRaw`, `posX`, `posY`, `posZ`, `qW`, `qX`, `qY`, `qZ`)
VALUES (2090184757, 1, 3378184212, 62.7499, 77.8632, 12, 0.70706, 0, 0, 0.707154);

INSERT INTO `ace_object_properties_string` (`aceObjectId`, `strPropertyId`, `propertyValue`)
VALUES (2090184757, 1, 'Agent of the Arcanum ');

INSERT INTO `ace_object_properties_did` (`aceObjectId`, `didPropertyId`, `propertyValue`)
VALUES (2090184757, 8, 100672342)
     , (2090184757, 1, 33557390);

INSERT INTO `ace_object_properties_int` (`aceObjectId`, `intPropertyId`, `propertyValue`)
VALUES (2090184757, 1, 128)
     , (2090184757, 5, 9000)
     , (2090184757, 16, 1)
     , (2090184757, 19, 125)
     , (2090184757, 93, 1048)
     , (2090184757, 9007, 8);

INSERT INTO `ace_object_properties_bool` (`aceObjectId`, `boolPropertyId`, `propertyValue`)
VALUES (2090184757, 12, True)
     , (2090184757, 11, True)
     , (2090184757, 14, True)
     , (2090184757, 19, True)
     , (2090184757, 1, True);

INSERT INTO `ace_object` (`aceObjectId`, `aceObjectDescriptionFlags`, `weenieClassId`, `weenieHeaderFlags`, `currentMotionState`, `physicsDescriptionFlag`)
VALUES (2090184742, 20, 2281, 2097176, NULL, 32769);

INSERT INTO `ace_position` (`aceObjectId`, `positionType`, `landblockRaw`, `posX`, `posY`, `posZ`, `qW`, `qX`, `qY`, `qZ`)
VALUES (2090184742, 1, 3378184227, 107.956, 69.2701, 13.8104, -0.707107, 0, 0, -0.707107);

INSERT INTO `ace_object_properties_string` (`aceObjectId`, `strPropertyId`, `propertyValue`)
VALUES (2090184742, 1, 'Smithy');

INSERT INTO `ace_object_properties_did` (`aceObjectId`, `didPropertyId`, `propertyValue`)
VALUES (2090184742, 8, 100668115)
     , (2090184742, 1, 33555594);

INSERT INTO `ace_object_properties_int` (`aceObjectId`, `intPropertyId`, `propertyValue`)
VALUES (2090184742, 1, 128)
     , (2090184742, 5, 9000)
     , (2090184742, 16, 1)
     , (2090184742, 19, 125)
     , (2090184742, 93, 66584)
     , (2090184742, 9007, 8);

INSERT INTO `ace_object_properties_bool` (`aceObjectId`, `boolPropertyId`, `propertyValue`)
VALUES (2090184742, 12, True)
     , (2090184742, 11, True)
     , (2090184742, 14, True)
     , (2090184742, 19, True)
     , (2090184742, 1, True);

INSERT INTO `ace_object_texture_map_change` (`aceObjectId`, `index`, `oldId`, `newId`)
VALUES (2090184742, 0, 83891180, 83891178);

INSERT INTO `ace_object_animation_change` (`aceObjectId`, `index`, `animationId`)
VALUES (2090184742, 0, 16782236);

INSERT INTO `ace_object` (`aceObjectId`, `aceObjectDescriptionFlags`, `weenieClassId`, `weenieHeaderFlags`, `currentMotionState`, `physicsDescriptionFlag`)
VALUES (2090184736, 20, 2287, 2097176, NULL, 32769);

INSERT INTO `ace_position` (`aceObjectId`, `positionType`, `landblockRaw`, `posX`, `posY`, `posZ`, `qW`, `qX`, `qY`, `qZ`)
VALUES (2090184736, 1, 3378184220, 85.7134, 76.527, 14.613, 0.707107, 0, 0, -0.707107);

INSERT INTO `ace_object_properties_string` (`aceObjectId`, `strPropertyId`, `propertyValue`)
VALUES (2090184736, 1, 'The Bending Reed');

INSERT INTO `ace_object_properties_did` (`aceObjectId`, `didPropertyId`, `propertyValue`)
VALUES (2090184736, 8, 100668115)
     , (2090184736, 1, 33555594);

INSERT INTO `ace_object_properties_int` (`aceObjectId`, `intPropertyId`, `propertyValue`)
VALUES (2090184736, 1, 128)
     , (2090184736, 5, 9000)
     , (2090184736, 16, 1)
     , (2090184736, 19, 125)
     , (2090184736, 93, 66584)
     , (2090184736, 9007, 8);

INSERT INTO `ace_object_properties_bool` (`aceObjectId`, `boolPropertyId`, `propertyValue`)
VALUES (2090184736, 12, True)
     , (2090184736, 11, True)
     , (2090184736, 14, True)
     , (2090184736, 19, True)
     , (2090184736, 1, True);

INSERT INTO `ace_object_texture_map_change` (`aceObjectId`, `index`, `oldId`, `newId`)
VALUES (2090184736, 0, 83891180, 83891184);

INSERT INTO `ace_object_animation_change` (`aceObjectId`, `index`, `animationId`)
VALUES (2090184736, 0, 16782236);

INSERT INTO `ace_object` (`aceObjectId`, `aceObjectDescriptionFlags`, `weenieClassId`, `weenieHeaderFlags`, `currentMotionState`, `physicsDescriptionFlag`)
VALUES (2090184740, 20, 2286, 2097176, NULL, 32769);

INSERT INTO `ace_position` (`aceObjectId`, `positionType`, `landblockRaw`, `posX`, `posY`, `posZ`, `qW`, `qX`, `qY`, `qZ`)
VALUES (2090184740, 1, 3378184236, 137.613, 88.1268, 13.9037, 0.707107, 0, 0, -0.707107);

INSERT INTO `ace_object_properties_string` (`aceObjectId`, `strPropertyId`, `propertyValue`)
VALUES (2090184740, 1, 'The Emerald Unicorn');

INSERT INTO `ace_object_properties_did` (`aceObjectId`, `didPropertyId`, `propertyValue`)
VALUES (2090184740, 8, 100668115)
     , (2090184740, 1, 33555594);

INSERT INTO `ace_object_properties_int` (`aceObjectId`, `intPropertyId`, `propertyValue`)
VALUES (2090184740, 1, 128)
     , (2090184740, 5, 9000)
     , (2090184740, 16, 1)
     , (2090184740, 19, 125)
     , (2090184740, 93, 66584)
     , (2090184740, 9007, 8);

INSERT INTO `ace_object_properties_bool` (`aceObjectId`, `boolPropertyId`, `propertyValue`)
VALUES (2090184740, 12, True)
     , (2090184740, 11, True)
     , (2090184740, 14, True)
     , (2090184740, 19, True)
     , (2090184740, 1, True);

INSERT INTO `ace_object_texture_map_change` (`aceObjectId`, `index`, `oldId`, `newId`)
VALUES (2090184740, 0, 83891180, 83891183);

INSERT INTO `ace_object_animation_change` (`aceObjectId`, `index`, `animationId`)
VALUES (2090184740, 0, 16782236);

INSERT INTO `ace_object` (`aceObjectId`, `aceObjectDescriptionFlags`, `weenieClassId`, `weenieHeaderFlags`, `currentMotionState`, `physicsDescriptionFlag`)
VALUES (2090184735, 20, 2288, 2097176, NULL, 32769);

INSERT INTO `ace_position` (`aceObjectId`, `positionType`, `landblockRaw`, `posX`, `posY`, `posZ`, `qW`, `qX`, `qY`, `qZ`)
VALUES (2090184735, 1, 3378184222, 78.0511, 128.835, 13.8909, -0.707107, 0, 0, -0.707107);

INSERT INTO `ace_object_properties_string` (`aceObjectId`, `strPropertyId`, `propertyValue`)
VALUES (2090184735, 1, 'Yunen''s Wares');

INSERT INTO `ace_object_properties_did` (`aceObjectId`, `didPropertyId`, `propertyValue`)
VALUES (2090184735, 8, 100668115)
     , (2090184735, 1, 33555594);

INSERT INTO `ace_object_properties_int` (`aceObjectId`, `intPropertyId`, `propertyValue`)
VALUES (2090184735, 1, 128)
     , (2090184735, 5, 9000)
     , (2090184735, 16, 1)
     , (2090184735, 19, 125)
     , (2090184735, 93, 66584)
     , (2090184735, 9007, 8);

INSERT INTO `ace_object_properties_bool` (`aceObjectId`, `boolPropertyId`, `propertyValue`)
VALUES (2090184735, 12, True)
     , (2090184735, 11, True)
     , (2090184735, 14, True)
     , (2090184735, 19, True)
     , (2090184735, 1, True);

INSERT INTO `ace_object_texture_map_change` (`aceObjectId`, `index`, `oldId`, `newId`)
VALUES (2090184735, 0, 83891180, 83891182);

INSERT INTO `ace_object_animation_change` (`aceObjectId`, `index`, `animationId`)
VALUES (2090184735, 0, 16782236);

INSERT INTO `ace_object` (`aceObjectId`, `aceObjectDescriptionFlags`, `weenieClassId`, `weenieHeaderFlags`, `currentMotionState`, `physicsDescriptionFlag`)
VALUES (2090184739, 20, 2282, 2097176, NULL, 32769);

INSERT INTO `ace_position` (`aceObjectId`, `positionType`, `landblockRaw`, `posX`, `posY`, `posZ`, `qW`, `qX`, `qY`, `qZ`)
VALUES (2090184739, 1, 3378184238, 140.563, 131.317, 15.3086, 1, 0, 0, 0);

INSERT INTO `ace_object_properties_string` (`aceObjectId`, `strPropertyId`, `propertyValue`)
VALUES (2090184739, 1, 'The True Shot');

INSERT INTO `ace_object_properties_did` (`aceObjectId`, `didPropertyId`, `propertyValue`)
VALUES (2090184739, 8, 100668115)
     , (2090184739, 1, 33555594);

INSERT INTO `ace_object_properties_int` (`aceObjectId`, `intPropertyId`, `propertyValue`)
VALUES (2090184739, 1, 128)
     , (2090184739, 5, 9000)
     , (2090184739, 16, 1)
     , (2090184739, 19, 125)
     , (2090184739, 93, 66584)
     , (2090184739, 9007, 8);

INSERT INTO `ace_object_properties_bool` (`aceObjectId`, `boolPropertyId`, `propertyValue`)
VALUES (2090184739, 12, True)
     , (2090184739, 11, True)
     , (2090184739, 14, True)
     , (2090184739, 19, True)
     , (2090184739, 1, True);

INSERT INTO `ace_object_texture_map_change` (`aceObjectId`, `index`, `oldId`, `newId`)
VALUES (2090184739, 0, 83891180, 83891181);

INSERT INTO `ace_object_animation_change` (`aceObjectId`, `index`, `animationId`)
VALUES (2090184739, 0, 16782236);

INSERT INTO `ace_object` (`aceObjectId`, `aceObjectDescriptionFlags`, `weenieClassId`, `weenieHeaderFlags`, `currentMotionState`, `physicsDescriptionFlag`)
VALUES (2090184737, 20, 2284, 2097176, NULL, 32769);

INSERT INTO `ace_position` (`aceObjectId`, `positionType`, `landblockRaw`, `posX`, `posY`, `posZ`, `qW`, `qX`, `qY`, `qZ`)
VALUES (2090184737, 1, 3378184245, 149.271, 110.315, 15.2551, -0.71595, 0, 0, 0.698151);

INSERT INTO `ace_object_properties_string` (`aceObjectId`, `strPropertyId`, `propertyValue`)
VALUES (2090184737, 1, 'Femsen House');

INSERT INTO `ace_object_properties_did` (`aceObjectId`, `didPropertyId`, `propertyValue`)
VALUES (2090184737, 8, 100668115)
     , (2090184737, 1, 33555594);

INSERT INTO `ace_object_properties_int` (`aceObjectId`, `intPropertyId`, `propertyValue`)
VALUES (2090184737, 1, 128)
     , (2090184737, 5, 9000)
     , (2090184737, 16, 1)
     , (2090184737, 19, 125)
     , (2090184737, 93, 66584)
     , (2090184737, 9007, 8);

INSERT INTO `ace_object_properties_bool` (`aceObjectId`, `boolPropertyId`, `propertyValue`)
VALUES (2090184737, 12, True)
     , (2090184737, 11, True)
     , (2090184737, 14, True)
     , (2090184737, 19, True)
     , (2090184737, 1, True);

INSERT INTO `ace_object_texture_map_change` (`aceObjectId`, `index`, `oldId`, `newId`)
VALUES (2090184737, 0, 83891180, 83891179);

INSERT INTO `ace_object_animation_change` (`aceObjectId`, `index`, `animationId`)
VALUES (2090184737, 0, 16782236);

INSERT INTO `ace_object` (`aceObjectId`, `aceObjectDescriptionFlags`, `weenieClassId`, `weenieHeaderFlags`, `currentMotionState`, `physicsDescriptionFlag`)
VALUES (2090184738, 20, 2285, 2097176, NULL, 32769);

INSERT INTO `ace_position` (`aceObjectId`, `positionType`, `landblockRaw`, `posX`, `posY`, `posZ`, `qW`, `qX`, `qY`, `qZ`)
VALUES (2090184738, 1, 3378184223, 86.2152, 151.051, 15.1217, -4.37114E-08, 0, 0, -1);

INSERT INTO `ace_object_properties_string` (`aceObjectId`, `strPropertyId`, `propertyValue`)
VALUES (2090184738, 1, 'Food & Garments');

INSERT INTO `ace_object_properties_did` (`aceObjectId`, `didPropertyId`, `propertyValue`)
VALUES (2090184738, 8, 100668115)
     , (2090184738, 1, 33555594);

INSERT INTO `ace_object_properties_int` (`aceObjectId`, `intPropertyId`, `propertyValue`)
VALUES (2090184738, 1, 128)
     , (2090184738, 5, 9000)
     , (2090184738, 16, 1)
     , (2090184738, 19, 125)
     , (2090184738, 93, 66584)
     , (2090184738, 9007, 8);

INSERT INTO `ace_object_properties_bool` (`aceObjectId`, `boolPropertyId`, `propertyValue`)
VALUES (2090184738, 12, True)
     , (2090184738, 11, True)
     , (2090184738, 14, True)
     , (2090184738, 19, True)
     , (2090184738, 1, True);

INSERT INTO `ace_object_texture_map_change` (`aceObjectId`, `index`, `oldId`, `newId`)
VALUES (2090184738, 0, 83891180, 83891182);

INSERT INTO `ace_object_animation_change` (`aceObjectId`, `index`, `animationId`)
VALUES (2090184738, 0, 16782236);

INSERT INTO `ace_object` (`aceObjectId`, `aceObjectDescriptionFlags`, `weenieClassId`, `weenieHeaderFlags`, `currentMotionState`, `physicsDescriptionFlag`)
VALUES (2090184741, 20, 2280, 2097176, NULL, 32769);

INSERT INTO `ace_position` (`aceObjectId`, `positionType`, `landblockRaw`, `posX`, `posY`, `posZ`, `qW`, `qX`, `qY`, `qZ`)
VALUES (2090184741, 1, 3378184256, 177.872, 170.673, 14.613, 0.707107, 0, 0, -0.707107);

INSERT INTO `ace_object_properties_string` (`aceObjectId`, `strPropertyId`, `propertyValue`)
VALUES (2090184741, 1, 'Master Tawa''s');

INSERT INTO `ace_object_properties_did` (`aceObjectId`, `didPropertyId`, `propertyValue`)
VALUES (2090184741, 8, 100668115)
     , (2090184741, 1, 33555594);

INSERT INTO `ace_object_properties_int` (`aceObjectId`, `intPropertyId`, `propertyValue`)
VALUES (2090184741, 1, 128)
     , (2090184741, 5, 9000)
     , (2090184741, 16, 1)
     , (2090184741, 19, 125)
     , (2090184741, 93, 66584)
     , (2090184741, 9007, 8);

INSERT INTO `ace_object_properties_bool` (`aceObjectId`, `boolPropertyId`, `propertyValue`)
VALUES (2090184741, 12, True)
     , (2090184741, 11, True)
     , (2090184741, 14, True)
     , (2090184741, 19, True)
     , (2090184741, 1, True);

INSERT INTO `ace_object` (`aceObjectId`, `aceObjectDescriptionFlags`, `weenieClassId`, `weenieHeaderFlags`, `currentMotionState`, `physicsDescriptionFlag`)
VALUES (2132946951, 20, 12304, 2097176, NULL, 32769);

INSERT INTO `ace_position` (`aceObjectId`, `positionType`, `landblockRaw`, `posX`, `posY`, `posZ`, `qW`, `qX`, `qY`, `qZ`)
VALUES (2132946951, 1, 4062380082, 150.002, 33.0799, 18, 0.999822, 0, 0, -0.0188507);

INSERT INTO `ace_object_properties_string` (`aceObjectId`, `strPropertyId`, `propertyValue`)
VALUES (2132946951, 1, 'Agent of the Arcanum ');

INSERT INTO `ace_object_properties_did` (`aceObjectId`, `didPropertyId`, `propertyValue`)
VALUES (2132946951, 8, 100672342)
     , (2132946951, 1, 33557390);

INSERT INTO `ace_object_properties_int` (`aceObjectId`, `intPropertyId`, `propertyValue`)
VALUES (2132946951, 1, 128)
     , (2132946951, 5, 9000)
     , (2132946951, 16, 1)
     , (2132946951, 19, 125)
     , (2132946951, 93, 1048)
     , (2132946951, 9007, 8);

INSERT INTO `ace_object_properties_bool` (`aceObjectId`, `boolPropertyId`, `propertyValue`)
VALUES (2132946951, 12, True)
     , (2132946951, 11, True)
     , (2132946951, 14, True)
     , (2132946951, 19, True)
     , (2132946951, 1, True);

INSERT INTO `ace_object` (`aceObjectId`, `aceObjectDescriptionFlags`, `weenieClassId`, `weenieHeaderFlags`, `currentMotionState`, `physicsDescriptionFlag`)
VALUES (2122457099, 20, 8446, 2097176, NULL, 32769);

INSERT INTO `ace_position` (`aceObjectId`, `positionType`, `landblockRaw`, `posX`, `posY`, `posZ`, `qW`, `qX`, `qY`, `qZ`)
VALUES (2122457099, 1, 3894542363, 95.5, 60.2, 25, -4.37114E-08, 0, 0, -1);

INSERT INTO `ace_object_properties_string` (`aceObjectId`, `strPropertyId`, `propertyValue`)
VALUES (2122457099, 1, 'The Magi''s Refuge');

INSERT INTO `ace_object_properties_did` (`aceObjectId`, `didPropertyId`, `propertyValue`)
VALUES (2122457099, 8, 100668115)
     , (2122457099, 1, 33555594);

INSERT INTO `ace_object_properties_int` (`aceObjectId`, `intPropertyId`, `propertyValue`)
VALUES (2122457099, 1, 128)
     , (2122457099, 5, 9000)
     , (2122457099, 16, 1)
     , (2122457099, 19, 125)
     , (2122457099, 93, 66584)
     , (2122457099, 9007, 8);

INSERT INTO `ace_object_properties_bool` (`aceObjectId`, `boolPropertyId`, `propertyValue`)
VALUES (2122457099, 12, True)
     , (2122457099, 11, True)
     , (2122457099, 14, True)
     , (2122457099, 19, True)
     , (2122457099, 1, True);

INSERT INTO `ace_object` (`aceObjectId`, `aceObjectDescriptionFlags`, `weenieClassId`, `weenieHeaderFlags`, `currentMotionState`, `physicsDescriptionFlag`)
VALUES (2122452995, 20, 12304, 2097176, NULL, 32769);

INSERT INTO `ace_position` (`aceObjectId`, `positionType`, `landblockRaw`, `posX`, `posY`, `posZ`, `qW`, `qX`, `qY`, `qZ`)
VALUES (2122452995, 1, 3894476832, 76.8175, 186.515, 26, 0.00599639, 0, 0, -0.999982);

INSERT INTO `ace_object_properties_string` (`aceObjectId`, `strPropertyId`, `propertyValue`)
VALUES (2122452995, 1, 'Agent of the Arcanum ');

INSERT INTO `ace_object_properties_did` (`aceObjectId`, `didPropertyId`, `propertyValue`)
VALUES (2122452995, 8, 100672342)
     , (2122452995, 1, 33557390);

INSERT INTO `ace_object_properties_int` (`aceObjectId`, `intPropertyId`, `propertyValue`)
VALUES (2122452995, 1, 128)
     , (2122452995, 5, 9000)
     , (2122452995, 16, 1)
     , (2122452995, 19, 125)
     , (2122452995, 93, 1048)
     , (2122452995, 9007, 8);

INSERT INTO `ace_object_properties_bool` (`aceObjectId`, `boolPropertyId`, `propertyValue`)
VALUES (2122452995, 12, True)
     , (2122452995, 11, True)
     , (2122452995, 14, True)
     , (2122452995, 19, True)
     , (2122452995, 1, True);

INSERT INTO `ace_object` (`aceObjectId`, `aceObjectDescriptionFlags`, `weenieClassId`, `weenieHeaderFlags`, `currentMotionState`, `physicsDescriptionFlag`)
VALUES (2122457098, 20, 8449, 2097176, NULL, 32769);

INSERT INTO `ace_position` (`aceObjectId`, `positionType`, `landblockRaw`, `posX`, `posY`, `posZ`, `qW`, `qX`, `qY`, `qZ`)
VALUES (2122457098, 1, 3894542389, 157, 96.5, 2.9, -0.707107, 0, 0, -0.707107);

INSERT INTO `ace_object_properties_string` (`aceObjectId`, `strPropertyId`, `propertyValue`)
VALUES (2122457098, 1, 'The Wildsong Inn');

INSERT INTO `ace_object_properties_did` (`aceObjectId`, `didPropertyId`, `propertyValue`)
VALUES (2122457098, 8, 100668115)
     , (2122457098, 1, 33555594);

INSERT INTO `ace_object_properties_int` (`aceObjectId`, `intPropertyId`, `propertyValue`)
VALUES (2122457098, 1, 128)
     , (2122457098, 5, 9000)
     , (2122457098, 16, 1)
     , (2122457098, 19, 125)
     , (2122457098, 93, 66584)
     , (2122457098, 9007, 8);

INSERT INTO `ace_object_properties_bool` (`aceObjectId`, `boolPropertyId`, `propertyValue`)
VALUES (2122457098, 12, True)
     , (2122457098, 11, True)
     , (2122457098, 14, True)
     , (2122457098, 19, True)
     , (2122457098, 1, True);

INSERT INTO `ace_object_texture_map_change` (`aceObjectId`, `index`, `oldId`, `newId`)
VALUES (2122457098, 0, 83891180, 83891182);

INSERT INTO `ace_object_animation_change` (`aceObjectId`, `index`, `animationId`)
VALUES (2122457098, 0, 16782236);

INSERT INTO `ace_object` (`aceObjectId`, `aceObjectDescriptionFlags`, `weenieClassId`, `weenieHeaderFlags`, `currentMotionState`, `physicsDescriptionFlag`)
VALUES (2122457097, 20, 8453, 2097176, NULL, 32769);

INSERT INTO `ace_position` (`aceObjectId`, `positionType`, `landblockRaw`, `posX`, `posY`, `posZ`, `qW`, `qX`, `qY`, `qZ`)
VALUES (2122457097, 1, 3894542389, 155, 96.5, 2.9, -0.707107, 0, 0, -0.707107);

INSERT INTO `ace_object_properties_string` (`aceObjectId`, `strPropertyId`, `propertyValue`)
VALUES (2122457097, 1, 'The Wildsong Inn');

INSERT INTO `ace_object_properties_did` (`aceObjectId`, `didPropertyId`, `propertyValue`)
VALUES (2122457097, 8, 100668115)
     , (2122457097, 1, 33555594);

INSERT INTO `ace_object_properties_int` (`aceObjectId`, `intPropertyId`, `propertyValue`)
VALUES (2122457097, 1, 128)
     , (2122457097, 5, 9000)
     , (2122457097, 16, 1)
     , (2122457097, 19, 125)
     , (2122457097, 93, 66584)
     , (2122457097, 9007, 8);

INSERT INTO `ace_object_properties_bool` (`aceObjectId`, `boolPropertyId`, `propertyValue`)
VALUES (2122457097, 12, True)
     , (2122457097, 11, True)
     , (2122457097, 14, True)
     , (2122457097, 19, True)
     , (2122457097, 1, True);

INSERT INTO `ace_object_texture_map_change` (`aceObjectId`, `index`, `oldId`, `newId`)
VALUES (2122457097, 0, 83891180, 83891184);

INSERT INTO `ace_object_animation_change` (`aceObjectId`, `index`, `animationId`)
VALUES (2122457097, 0, 16782236);

INSERT INTO `ace_object` (`aceObjectId`, `aceObjectDescriptionFlags`, `weenieClassId`, `weenieHeaderFlags`, `currentMotionState`, `physicsDescriptionFlag`)
VALUES (2123505676, 20, 8448, 2097176, NULL, 32769);

INSERT INTO `ace_position` (`aceObjectId`, `positionType`, `landblockRaw`, `posX`, `posY`, `posZ`, `qW`, `qX`, `qY`, `qZ`)
VALUES (2123505676, 1, 3911319556, 12, 72.7, 3, -0.707107, 0, 0, -0.707107);

INSERT INTO `ace_object_properties_string` (`aceObjectId`, `strPropertyId`, `propertyValue`)
VALUES (2123505676, 1, 'The Olthoi''s Eye');

INSERT INTO `ace_object_properties_did` (`aceObjectId`, `didPropertyId`, `propertyValue`)
VALUES (2123505676, 8, 100668115)
     , (2123505676, 1, 33555594);

INSERT INTO `ace_object_properties_int` (`aceObjectId`, `intPropertyId`, `propertyValue`)
VALUES (2123505676, 1, 128)
     , (2123505676, 5, 9000)
     , (2123505676, 16, 1)
     , (2123505676, 19, 125)
     , (2123505676, 93, 66584)
     , (2123505676, 9007, 8);

INSERT INTO `ace_object_properties_bool` (`aceObjectId`, `boolPropertyId`, `propertyValue`)
VALUES (2123505676, 12, True)
     , (2123505676, 11, True)
     , (2123505676, 14, True)
     , (2123505676, 19, True)
     , (2123505676, 1, True);

INSERT INTO `ace_object_texture_map_change` (`aceObjectId`, `index`, `oldId`, `newId`)
VALUES (2123505676, 0, 83891180, 83891181);

INSERT INTO `ace_object_animation_change` (`aceObjectId`, `index`, `animationId`)
VALUES (2123505676, 0, 16782236);

INSERT INTO `ace_object` (`aceObjectId`, `aceObjectDescriptionFlags`, `weenieClassId`, `weenieHeaderFlags`, `currentMotionState`, `physicsDescriptionFlag`)
VALUES (2123505683, 20, 8450, 2097176, NULL, 32773);

INSERT INTO `ace_position` (`aceObjectId`, `positionType`, `landblockRaw`, `posX`, `posY`, `posZ`, `qW`, `qX`, `qY`, `qZ`)
VALUES (2123505683, 1, 3911319580, 72.7, 84, 3, 1, 0, 0, 0);

INSERT INTO `ace_object_properties_string` (`aceObjectId`, `strPropertyId`, `propertyValue`)
VALUES (2123505683, 1, 'The Emerald Grove');

INSERT INTO `ace_object_properties_did` (`aceObjectId`, `didPropertyId`, `propertyValue`)
VALUES (2123505683, 8, 100668115)
     , (2123505683, 1, 33555594);

INSERT INTO `ace_object_properties_int` (`aceObjectId`, `intPropertyId`, `propertyValue`)
VALUES (2123505683, 1, 128)
     , (2123505683, 5, 9000)
     , (2123505683, 16, 1)
     , (2123505683, 19, 125)
     , (2123505683, 93, 66584)
     , (2123505683, 9007, 8);

INSERT INTO `ace_object_properties_bool` (`aceObjectId`, `boolPropertyId`, `propertyValue`)
VALUES (2123505683, 12, True)
     , (2123505683, 11, True)
     , (2123505683, 14, True)
     , (2123505683, 19, True)
     , (2123505683, 1, True);

INSERT INTO `ace_object_texture_map_change` (`aceObjectId`, `index`, `oldId`, `newId`)
VALUES (2123505683, 0, 83891180, 83891183);

INSERT INTO `ace_object_animation_change` (`aceObjectId`, `index`, `animationId`)
VALUES (2123505683, 0, 16782236);

INSERT INTO `ace_object` (`aceObjectId`, `aceObjectDescriptionFlags`, `weenieClassId`, `weenieHeaderFlags`, `currentMotionState`, `physicsDescriptionFlag`)
VALUES (2123505679, 20, 8447, 2097176, NULL, 32773);

INSERT INTO `ace_position` (`aceObjectId`, `positionType`, `landblockRaw`, `posX`, `posY`, `posZ`, `qW`, `qX`, `qY`, `qZ`)
VALUES (2123505679, 1, 3911319570, 48.8, 36.592, 21, -4.37114E-08, 0, 0, -1);

INSERT INTO `ace_object_properties_string` (`aceObjectId`, `strPropertyId`, `propertyValue`)
VALUES (2123505679, 1, 'The Whipping Vine');

INSERT INTO `ace_object_properties_did` (`aceObjectId`, `didPropertyId`, `propertyValue`)
VALUES (2123505679, 8, 100668115)
     , (2123505679, 1, 33555594);

INSERT INTO `ace_object_properties_int` (`aceObjectId`, `intPropertyId`, `propertyValue`)
VALUES (2123505679, 1, 128)
     , (2123505679, 5, 9000)
     , (2123505679, 16, 1)
     , (2123505679, 19, 125)
     , (2123505679, 93, 66584)
     , (2123505679, 9007, 8);

INSERT INTO `ace_object_properties_bool` (`aceObjectId`, `boolPropertyId`, `propertyValue`)
VALUES (2123505679, 12, True)
     , (2123505679, 11, True)
     , (2123505679, 14, True)
     , (2123505679, 19, True)
     , (2123505679, 1, True);

INSERT INTO `ace_object_texture_map_change` (`aceObjectId`, `index`, `oldId`, `newId`)
VALUES (2123505679, 0, 83891180, 83891178);

INSERT INTO `ace_object_animation_change` (`aceObjectId`, `index`, `animationId`)
VALUES (2123505679, 0, 16782236);

INSERT INTO `ace_object` (`aceObjectId`, `aceObjectDescriptionFlags`, `weenieClassId`, `weenieHeaderFlags`, `currentMotionState`, `physicsDescriptionFlag`)
VALUES (2123505680, 20, 8454, 2097176, NULL, 32773);

INSERT INTO `ace_position` (`aceObjectId`, `positionType`, `landblockRaw`, `posX`, `posY`, `posZ`, `qW`, `qX`, `qY`, `qZ`)
VALUES (2123505680, 1, 3911319570, 48.781, 35.574, 21, -4.37114E-08, 0, 0, -1);

INSERT INTO `ace_object_properties_string` (`aceObjectId`, `strPropertyId`, `propertyValue`)
VALUES (2123505680, 1, 'The Whipping Vine');

INSERT INTO `ace_object_properties_did` (`aceObjectId`, `didPropertyId`, `propertyValue`)
VALUES (2123505680, 8, 100668115)
     , (2123505680, 1, 33555594);

INSERT INTO `ace_object_properties_int` (`aceObjectId`, `intPropertyId`, `propertyValue`)
VALUES (2123505680, 1, 128)
     , (2123505680, 5, 9000)
     , (2123505680, 16, 1)
     , (2123505680, 19, 125)
     , (2123505680, 93, 66584)
     , (2123505680, 9007, 8);

INSERT INTO `ace_object_properties_bool` (`aceObjectId`, `boolPropertyId`, `propertyValue`)
VALUES (2123505680, 12, True)
     , (2123505680, 11, True)
     , (2123505680, 14, True)
     , (2123505680, 19, True)
     , (2123505680, 1, True);

INSERT INTO `ace_object_texture_map_change` (`aceObjectId`, `index`, `oldId`, `newId`)
VALUES (2123505680, 0, 83891180, 83891178);

INSERT INTO `ace_object_animation_change` (`aceObjectId`, `index`, `animationId`)
VALUES (2123505680, 0, 16782236);

INSERT INTO `ace_object` (`aceObjectId`, `aceObjectDescriptionFlags`, `weenieClassId`, `weenieHeaderFlags`, `currentMotionState`, `physicsDescriptionFlag`)
VALUES (2123505684, 20, 8451, 2097176, NULL, 32773);

INSERT INTO `ace_position` (`aceObjectId`, `positionType`, `landblockRaw`, `posX`, `posY`, `posZ`, `qW`, `qX`, `qY`, `qZ`)
VALUES (2123505684, 1, 3911319595, 120.7, 59.7, 3, 1, 0, 0, 0);

INSERT INTO `ace_object_properties_string` (`aceObjectId`, `strPropertyId`, `propertyValue`)
VALUES (2123505684, 1, 'Nature''s Balm');

INSERT INTO `ace_object_properties_did` (`aceObjectId`, `didPropertyId`, `propertyValue`)
VALUES (2123505684, 8, 100668115)
     , (2123505684, 1, 33555594);

INSERT INTO `ace_object_properties_int` (`aceObjectId`, `intPropertyId`, `propertyValue`)
VALUES (2123505684, 1, 128)
     , (2123505684, 5, 9000)
     , (2123505684, 16, 1)
     , (2123505684, 19, 125)
     , (2123505684, 93, 66584)
     , (2123505684, 9007, 8);

INSERT INTO `ace_object_properties_bool` (`aceObjectId`, `boolPropertyId`, `propertyValue`)
VALUES (2123505684, 12, True)
     , (2123505684, 11, True)
     , (2123505684, 14, True)
     , (2123505684, 19, True)
     , (2123505684, 1, True);

INSERT INTO `ace_object_texture_map_change` (`aceObjectId`, `index`, `oldId`, `newId`)
VALUES (2123505684, 0, 83891180, 83891185);

INSERT INTO `ace_object_animation_change` (`aceObjectId`, `index`, `animationId`)
VALUES (2123505684, 0, 16782236);

INSERT INTO `ace_object` (`aceObjectId`, `aceObjectDescriptionFlags`, `weenieClassId`, `weenieHeaderFlags`, `currentMotionState`, `physicsDescriptionFlag`)
VALUES (2074177555, 20, 1351, 2097176, NULL, 163841);

INSERT INTO `ace_position` (`aceObjectId`, `positionType`, `landblockRaw`, `posX`, `posY`, `posZ`, `qW`, `qX`, `qY`, `qZ`)
VALUES (2074177555, 1, 3122069521, 66.844, 9.35452, 133.2205, 0.0701175, 0, 0, -0.997539);

INSERT INTO `ace_object_properties_string` (`aceObjectId`, `strPropertyId`, `propertyValue`)
VALUES (2074177555, 1, 'Sign');

INSERT INTO `ace_object_properties_did` (`aceObjectId`, `didPropertyId`, `propertyValue`)
VALUES (2074177555, 8, 100668115)
     , (2074177555, 1, 33555088);

INSERT INTO `ace_object_properties_int` (`aceObjectId`, `intPropertyId`, `propertyValue`)
VALUES (2074177555, 53, 101)
     , (2074177555, 1, 128)
     , (2074177555, 5, 9000)
     , (2074177555, 16, 1)
     , (2074177555, 19, 125)
     , (2074177555, 93, 1048)
     , (2074177555, 9007, 8);

INSERT INTO `ace_object_properties_bool` (`aceObjectId`, `boolPropertyId`, `propertyValue`)
VALUES (2074177555, 12, True)
     , (2074177555, 11, True)
     , (2074177555, 14, True)
     , (2074177555, 19, True)
     , (2074177555, 1, True);

INSERT INTO `ace_object` (`aceObjectId`, `aceObjectDescriptionFlags`, `weenieClassId`, `weenieHeaderFlags`, `currentMotionState`, `physicsDescriptionFlag`)
VALUES (2074177563, 20, 12304, 2097176, NULL, 32769);

INSERT INTO `ace_position` (`aceObjectId`, `positionType`, `landblockRaw`, `posX`, `posY`, `posZ`, `qW`, `qX`, `qY`, `qZ`)
VALUES (2074177563, 1, 3122069520, 28.7045, 184.06, 82, -0.698498, 0, 0, 0.715612);

INSERT INTO `ace_object_properties_string` (`aceObjectId`, `strPropertyId`, `propertyValue`)
VALUES (2074177563, 1, 'Agent of the Arcanum ');

INSERT INTO `ace_object_properties_did` (`aceObjectId`, `didPropertyId`, `propertyValue`)
VALUES (2074177563, 8, 100672342)
     , (2074177563, 1, 33557390);

INSERT INTO `ace_object_properties_int` (`aceObjectId`, `intPropertyId`, `propertyValue`)
VALUES (2074177563, 1, 128)
     , (2074177563, 5, 9000)
     , (2074177563, 16, 1)
     , (2074177563, 19, 125)
     , (2074177563, 93, 1048)
     , (2074177563, 9007, 8);

INSERT INTO `ace_object_properties_bool` (`aceObjectId`, `boolPropertyId`, `propertyValue`)
VALUES (2074177563, 12, True)
     , (2074177563, 11, True)
     , (2074177563, 14, True)
     , (2074177563, 19, True)
     , (2074177563, 1, True);

INSERT INTO `ace_object` (`aceObjectId`, `aceObjectDescriptionFlags`, `weenieClassId`, `weenieHeaderFlags`, `currentMotionState`, `physicsDescriptionFlag`)
VALUES (2121588773, 20, 5434, 2097176, NULL, 32773);

INSERT INTO `ace_position` (`aceObjectId`, `positionType`, `landblockRaw`, `posX`, `posY`, `posZ`, `qW`, `qX`, `qY`, `qZ`)
VALUES (2121588773, 1, 3880648719, 42.6278, 154.046, 33.9444, -0.688684, 0, 0, 0.725061);

INSERT INTO `ace_object_properties_string` (`aceObjectId`, `strPropertyId`, `propertyValue`)
VALUES (2121588773, 1, 'Shikiru Nohon');

INSERT INTO `ace_object_properties_did` (`aceObjectId`, `didPropertyId`, `propertyValue`)
VALUES (2121588773, 8, 100668115)
     , (2121588773, 1, 33555594);

INSERT INTO `ace_object_properties_int` (`aceObjectId`, `intPropertyId`, `propertyValue`)
VALUES (2121588773, 1, 128)
     , (2121588773, 5, 9000)
     , (2121588773, 16, 1)
     , (2121588773, 19, 125)
     , (2121588773, 93, 66584)
     , (2121588773, 9007, 8);

INSERT INTO `ace_object_properties_bool` (`aceObjectId`, `boolPropertyId`, `propertyValue`)
VALUES (2121588773, 12, True)
     , (2121588773, 11, True)
     , (2121588773, 14, True)
     , (2121588773, 19, True)
     , (2121588773, 1, True);

INSERT INTO `ace_object` (`aceObjectId`, `aceObjectDescriptionFlags`, `weenieClassId`, `weenieHeaderFlags`, `currentMotionState`, `physicsDescriptionFlag`)
VALUES (2121588793, 20, 873, 2097176, NULL, 32773);

INSERT INTO `ace_position` (`aceObjectId`, `positionType`, `landblockRaw`, `posX`, `posY`, `posZ`, `qW`, `qX`, `qY`, `qZ`)
VALUES (2121588793, 1, 3880648717, 45.7012, 108.164, 33.7323, 1, 0, 0, 0);

INSERT INTO `ace_object_properties_string` (`aceObjectId`, `strPropertyId`, `propertyValue`)
VALUES (2121588793, 1, 'Red Iron Forge');

INSERT INTO `ace_object_properties_did` (`aceObjectId`, `didPropertyId`, `propertyValue`)
VALUES (2121588793, 8, 100668115)
     , (2121588793, 1, 33555594);

INSERT INTO `ace_object_properties_int` (`aceObjectId`, `intPropertyId`, `propertyValue`)
VALUES (2121588793, 1, 128)
     , (2121588793, 5, 9000)
     , (2121588793, 16, 1)
     , (2121588793, 19, 125)
     , (2121588793, 93, 66584)
     , (2121588793, 9007, 8);

INSERT INTO `ace_object_properties_bool` (`aceObjectId`, `boolPropertyId`, `propertyValue`)
VALUES (2121588793, 12, True)
     , (2121588793, 11, True)
     , (2121588793, 14, True)
     , (2121588793, 19, True)
     , (2121588793, 1, True);

INSERT INTO `ace_object_texture_map_change` (`aceObjectId`, `index`, `oldId`, `newId`)
VALUES (2121588793, 0, 83891180, 83891178);

INSERT INTO `ace_object_animation_change` (`aceObjectId`, `index`, `animationId`)
VALUES (2121588793, 0, 16782236);

INSERT INTO `ace_object` (`aceObjectId`, `aceObjectDescriptionFlags`, `weenieClassId`, `weenieHeaderFlags`, `currentMotionState`, `physicsDescriptionFlag`)
VALUES (2121588797, 20, 877, 2097176, NULL, 32773);

INSERT INTO `ace_position` (`aceObjectId`, `positionType`, `landblockRaw`, `posX`, `posY`, `posZ`, `qW`, `qX`, `qY`, `qZ`)
VALUES (2121588797, 1, 3880648707, 18.6484, 66.6972, 34.2536, 1, 0, 0, 0);

INSERT INTO `ace_object_properties_string` (`aceObjectId`, `strPropertyId`, `propertyValue`)
VALUES (2121588797, 1, 'The Golden Book');

INSERT INTO `ace_object_properties_did` (`aceObjectId`, `didPropertyId`, `propertyValue`)
VALUES (2121588797, 8, 100668115)
     , (2121588797, 1, 33555594);

INSERT INTO `ace_object_properties_int` (`aceObjectId`, `intPropertyId`, `propertyValue`)
VALUES (2121588797, 1, 128)
     , (2121588797, 5, 9000)
     , (2121588797, 16, 1)
     , (2121588797, 19, 125)
     , (2121588797, 93, 66584)
     , (2121588797, 9007, 8);

INSERT INTO `ace_object_properties_bool` (`aceObjectId`, `boolPropertyId`, `propertyValue`)
VALUES (2121588797, 12, True)
     , (2121588797, 11, True)
     , (2121588797, 14, True)
     , (2121588797, 19, True)
     , (2121588797, 1, True);

INSERT INTO `ace_object_texture_map_change` (`aceObjectId`, `index`, `oldId`, `newId`)
VALUES (2121588797, 0, 83891180, 83891185);

INSERT INTO `ace_object_animation_change` (`aceObjectId`, `index`, `animationId`)
VALUES (2121588797, 0, 16782236);

INSERT INTO `ace_object` (`aceObjectId`, `aceObjectDescriptionFlags`, `weenieClassId`, `weenieHeaderFlags`, `currentMotionState`, `physicsDescriptionFlag`)
VALUES (2121588800, 20, 880, 2097176, NULL, 32773);

INSERT INTO `ace_position` (`aceObjectId`, `positionType`, `landblockRaw`, `posX`, `posY`, `posZ`, `qW`, `qX`, `qY`, `qZ`)
VALUES (2121588800, 1, 3880648735, 81.6924, 147.781, 35.4706, 0.707107, 0, 0, -0.707107);

INSERT INTO `ace_object_properties_string` (`aceObjectId`, `strPropertyId`, `propertyValue`)
VALUES (2121588800, 1, 'West Wind Tower');

INSERT INTO `ace_object_properties_did` (`aceObjectId`, `didPropertyId`, `propertyValue`)
VALUES (2121588800, 8, 100668115)
     , (2121588800, 1, 33555594);

INSERT INTO `ace_object_properties_int` (`aceObjectId`, `intPropertyId`, `propertyValue`)
VALUES (2121588800, 1, 128)
     , (2121588800, 5, 9000)
     , (2121588800, 16, 1)
     , (2121588800, 19, 125)
     , (2121588800, 93, 66584)
     , (2121588800, 9007, 8);

INSERT INTO `ace_object_properties_bool` (`aceObjectId`, `boolPropertyId`, `propertyValue`)
VALUES (2121588800, 12, True)
     , (2121588800, 11, True)
     , (2121588800, 14, True)
     , (2121588800, 19, True)
     , (2121588800, 1, True);

INSERT INTO `ace_object` (`aceObjectId`, `aceObjectDescriptionFlags`, `weenieClassId`, `weenieHeaderFlags`, `currentMotionState`, `physicsDescriptionFlag`)
VALUES (2121588795, 20, 875, 2097176, NULL, 32773);

INSERT INTO `ace_position` (`aceObjectId`, `positionType`, `landblockRaw`, `posX`, `posY`, `posZ`, `qW`, `qX`, `qY`, `qZ`)
VALUES (2121588795, 1, 3880648731, 90.4926, 68.2842, 34.5345, -0.685977, 0, 0, -0.727623);

INSERT INTO `ace_object_properties_string` (`aceObjectId`, `strPropertyId`, `propertyValue`)
VALUES (2121588795, 1, 'Moonstone House');

INSERT INTO `ace_object_properties_did` (`aceObjectId`, `didPropertyId`, `propertyValue`)
VALUES (2121588795, 8, 100668115)
     , (2121588795, 1, 33555594);

INSERT INTO `ace_object_properties_int` (`aceObjectId`, `intPropertyId`, `propertyValue`)
VALUES (2121588795, 1, 128)
     , (2121588795, 5, 9000)
     , (2121588795, 16, 1)
     , (2121588795, 19, 125)
     , (2121588795, 93, 66584)
     , (2121588795, 9007, 8);

INSERT INTO `ace_object_properties_bool` (`aceObjectId`, `boolPropertyId`, `propertyValue`)
VALUES (2121588795, 12, True)
     , (2121588795, 11, True)
     , (2121588795, 14, True)
     , (2121588795, 19, True)
     , (2121588795, 1, True);

INSERT INTO `ace_object_texture_map_change` (`aceObjectId`, `index`, `oldId`, `newId`)
VALUES (2121588795, 0, 83891180, 83891183);

INSERT INTO `ace_object_animation_change` (`aceObjectId`, `index`, `animationId`)
VALUES (2121588795, 0, 16782236);

INSERT INTO `ace_object` (`aceObjectId`, `aceObjectDescriptionFlags`, `weenieClassId`, `weenieHeaderFlags`, `currentMotionState`, `physicsDescriptionFlag`)
VALUES (2121588794, 20, 874, 2097176, NULL, 32773);

INSERT INTO `ace_position` (`aceObjectId`, `positionType`, `landblockRaw`, `posX`, `posY`, `posZ`, `qW`, `qX`, `qY`, `qZ`)
VALUES (2121588794, 1, 3880648751, 123.671, 148.355, 35.3369, 0.350003, 0, 0, -0.936749);

INSERT INTO `ace_object_properties_string` (`aceObjectId`, `strPropertyId`, `propertyValue`)
VALUES (2121588794, 1, 'Healer Kouxao');

INSERT INTO `ace_object_properties_did` (`aceObjectId`, `didPropertyId`, `propertyValue`)
VALUES (2121588794, 8, 100668115)
     , (2121588794, 1, 33555594);

INSERT INTO `ace_object_properties_int` (`aceObjectId`, `intPropertyId`, `propertyValue`)
VALUES (2121588794, 1, 128)
     , (2121588794, 5, 9000)
     , (2121588794, 16, 1)
     , (2121588794, 19, 125)
     , (2121588794, 93, 66584)
     , (2121588794, 9007, 8);

INSERT INTO `ace_object_properties_bool` (`aceObjectId`, `boolPropertyId`, `propertyValue`)
VALUES (2121588794, 12, True)
     , (2121588794, 11, True)
     , (2121588794, 14, True)
     , (2121588794, 19, True)
     , (2121588794, 1, True);

INSERT INTO `ace_object_texture_map_change` (`aceObjectId`, `index`, `oldId`, `newId`)
VALUES (2121588794, 0, 83891180, 83891179);

INSERT INTO `ace_object_animation_change` (`aceObjectId`, `index`, `animationId`)
VALUES (2121588794, 0, 16782236);

INSERT INTO `ace_object` (`aceObjectId`, `aceObjectDescriptionFlags`, `weenieClassId`, `weenieHeaderFlags`, `currentMotionState`, `physicsDescriptionFlag`)
VALUES (2121588796, 20, 876, 2097176, NULL, 32773);

INSERT INTO `ace_position` (`aceObjectId`, `positionType`, `landblockRaw`, `posX`, `posY`, `posZ`, `qW`, `qX`, `qY`, `qZ`)
VALUES (2121588796, 1, 3880648749, 122.375, 108.22, 35.698, -0.00305442, 0, 0, -0.999995);

INSERT INTO `ace_object_properties_string` (`aceObjectId`, `strPropertyId`, `propertyValue`)
VALUES (2121588796, 1, 'The Shining Shield');

INSERT INTO `ace_object_properties_did` (`aceObjectId`, `didPropertyId`, `propertyValue`)
VALUES (2121588796, 8, 100668115)
     , (2121588796, 1, 33555594);

INSERT INTO `ace_object_properties_int` (`aceObjectId`, `intPropertyId`, `propertyValue`)
VALUES (2121588796, 1, 128)
     , (2121588796, 5, 9000)
     , (2121588796, 16, 1)
     , (2121588796, 19, 125)
     , (2121588796, 93, 66584)
     , (2121588796, 9007, 8);

INSERT INTO `ace_object_properties_bool` (`aceObjectId`, `boolPropertyId`, `propertyValue`)
VALUES (2121588796, 12, True)
     , (2121588796, 11, True)
     , (2121588796, 14, True)
     , (2121588796, 19, True)
     , (2121588796, 1, True);

INSERT INTO `ace_object_texture_map_change` (`aceObjectId`, `index`, `oldId`, `newId`)
VALUES (2121588796, 0, 83891180, 83891184);

INSERT INTO `ace_object_animation_change` (`aceObjectId`, `index`, `animationId`)
VALUES (2121588796, 0, 16782236);

INSERT INTO `ace_object` (`aceObjectId`, `aceObjectDescriptionFlags`, `weenieClassId`, `weenieHeaderFlags`, `currentMotionState`, `physicsDescriptionFlag`)
VALUES (2121588799, 20, 879, 2097176, NULL, 32773);

INSERT INTO `ace_position` (`aceObjectId`, `positionType`, `landblockRaw`, `posX`, `posY`, `posZ`, `qW`, `qX`, `qY`, `qZ`)
VALUES (2121588799, 1, 3880648748, 123.178, 82.1029, 34.7216, 0.0150533, 0, 0, -0.999887);

INSERT INTO `ace_object_properties_string` (`aceObjectId`, `strPropertyId`, `propertyValue`)
VALUES (2121588799, 1, 'The Laughing Kirin');

INSERT INTO `ace_object_properties_did` (`aceObjectId`, `didPropertyId`, `propertyValue`)
VALUES (2121588799, 8, 100668115)
     , (2121588799, 1, 33555594);

INSERT INTO `ace_object_properties_int` (`aceObjectId`, `intPropertyId`, `propertyValue`)
VALUES (2121588799, 1, 128)
     , (2121588799, 5, 9000)
     , (2121588799, 16, 1)
     , (2121588799, 19, 125)
     , (2121588799, 93, 66584)
     , (2121588799, 9007, 8);

INSERT INTO `ace_object_properties_bool` (`aceObjectId`, `boolPropertyId`, `propertyValue`)
VALUES (2121588799, 12, True)
     , (2121588799, 11, True)
     , (2121588799, 14, True)
     , (2121588799, 19, True)
     , (2121588799, 1, True);

INSERT INTO `ace_object_texture_map_change` (`aceObjectId`, `index`, `oldId`, `newId`)
VALUES (2121588799, 0, 83891180, 83891184);

INSERT INTO `ace_object_animation_change` (`aceObjectId`, `index`, `animationId`)
VALUES (2121588799, 0, 16782236);

INSERT INTO `ace_object` (`aceObjectId`, `aceObjectDescriptionFlags`, `weenieClassId`, `weenieHeaderFlags`, `currentMotionState`, `physicsDescriptionFlag`)
VALUES (2121588792, 20, 872, 2097176, NULL, 32773);

INSERT INTO `ace_position` (`aceObjectId`, `positionType`, `landblockRaw`, `posX`, `posY`, `posZ`, `qW`, `qX`, `qY`, `qZ`)
VALUES (2121588792, 1, 3880648755, 153.721, 69.4171, 34.8144, -0.766044, 0, 0, -0.642788);

INSERT INTO `ace_object_properties_string` (`aceObjectId`, `strPropertyId`, `propertyValue`)
VALUES (2121588792, 1, 'Rayyib''s Defense');

INSERT INTO `ace_object_properties_did` (`aceObjectId`, `didPropertyId`, `propertyValue`)
VALUES (2121588792, 8, 100668115)
     , (2121588792, 1, 33555594);

INSERT INTO `ace_object_properties_int` (`aceObjectId`, `intPropertyId`, `propertyValue`)
VALUES (2121588792, 1, 128)
     , (2121588792, 5, 9000)
     , (2121588792, 16, 1)
     , (2121588792, 19, 125)
     , (2121588792, 93, 66584)
     , (2121588792, 9007, 8);

INSERT INTO `ace_object_properties_bool` (`aceObjectId`, `boolPropertyId`, `propertyValue`)
VALUES (2121588792, 12, True)
     , (2121588792, 11, True)
     , (2121588792, 14, True)
     , (2121588792, 19, True)
     , (2121588792, 1, True);

INSERT INTO `ace_object_texture_map_change` (`aceObjectId`, `index`, `oldId`, `newId`)
VALUES (2121588792, 0, 83891180, 83891178);

INSERT INTO `ace_object_animation_change` (`aceObjectId`, `index`, `animationId`)
VALUES (2121588792, 0, 16782236);

INSERT INTO `ace_object` (`aceObjectId`, `aceObjectDescriptionFlags`, `weenieClassId`, `weenieHeaderFlags`, `currentMotionState`, `physicsDescriptionFlag`)
VALUES (2121588801, 20, 881, 2097176, NULL, 32773);

INSERT INTO `ace_position` (`aceObjectId`, `positionType`, `landblockRaw`, `posX`, `posY`, `posZ`, `qW`, `qX`, `qY`, `qZ`)
VALUES (2121588801, 1, 3880648737, 110.355, 21.7882, 34.9754, -0.750832, 0, 0, -0.660493);

INSERT INTO `ace_object_properties_string` (`aceObjectId`, `strPropertyId`, `propertyValue`)
VALUES (2121588801, 1, 'Aldera''s Blades');

INSERT INTO `ace_object_properties_did` (`aceObjectId`, `didPropertyId`, `propertyValue`)
VALUES (2121588801, 8, 100668115)
     , (2121588801, 1, 33555594);

INSERT INTO `ace_object_properties_int` (`aceObjectId`, `intPropertyId`, `propertyValue`)
VALUES (2121588801, 1, 128)
     , (2121588801, 5, 9000)
     , (2121588801, 16, 1)
     , (2121588801, 19, 125)
     , (2121588801, 93, 66584)
     , (2121588801, 9007, 8);

INSERT INTO `ace_object_properties_bool` (`aceObjectId`, `boolPropertyId`, `propertyValue`)
VALUES (2121588801, 12, True)
     , (2121588801, 11, True)
     , (2121588801, 14, True)
     , (2121588801, 19, True)
     , (2121588801, 1, True);

INSERT INTO `ace_object_texture_map_change` (`aceObjectId`, `index`, `oldId`, `newId`)
VALUES (2121588801, 0, 83891180, 83891178);

INSERT INTO `ace_object_animation_change` (`aceObjectId`, `index`, `animationId`)
VALUES (2121588801, 0, 16782236);

INSERT INTO `ace_object` (`aceObjectId`, `aceObjectDescriptionFlags`, `weenieClassId`, `weenieHeaderFlags`, `currentMotionState`, `physicsDescriptionFlag`)
VALUES (2121588790, 20, 5432, 2097176, NULL, 32773);

INSERT INTO `ace_position` (`aceObjectId`, `positionType`, `landblockRaw`, `posX`, `posY`, `posZ`, `qW`, `qX`, `qY`, `qZ`)
VALUES (2121588790, 1, 3880648762, 175.189, 31.2428, 35.4373, 0.0436193, 0, 0, -0.999048);

INSERT INTO `ace_object_properties_string` (`aceObjectId`, `strPropertyId`, `propertyValue`)
VALUES (2121588790, 1, 'Grocery');

INSERT INTO `ace_object_properties_did` (`aceObjectId`, `didPropertyId`, `propertyValue`)
VALUES (2121588790, 8, 100668115)
     , (2121588790, 1, 33555594);

INSERT INTO `ace_object_properties_int` (`aceObjectId`, `intPropertyId`, `propertyValue`)
VALUES (2121588790, 1, 128)
     , (2121588790, 5, 9000)
     , (2121588790, 16, 1)
     , (2121588790, 19, 125)
     , (2121588790, 93, 66584)
     , (2121588790, 9007, 8);

INSERT INTO `ace_object_properties_bool` (`aceObjectId`, `boolPropertyId`, `propertyValue`)
VALUES (2121588790, 12, True)
     , (2121588790, 11, True)
     , (2121588790, 14, True)
     , (2121588790, 19, True)
     , (2121588790, 1, True);

INSERT INTO `ace_object_texture_map_change` (`aceObjectId`, `index`, `oldId`, `newId`)
VALUES (2121588790, 0, 83891180, 83891182);

INSERT INTO `ace_object_animation_change` (`aceObjectId`, `index`, `animationId`)
VALUES (2121588790, 0, 16782236);

INSERT INTO `ace_object` (`aceObjectId`, `aceObjectDescriptionFlags`, `weenieClassId`, `weenieHeaderFlags`, `currentMotionState`, `physicsDescriptionFlag`)
VALUES (2121588798, 20, 878, 2097176, NULL, 32773);

INSERT INTO `ace_position` (`aceObjectId`, `positionType`, `landblockRaw`, `posX`, `posY`, `posZ`, `qW`, `qX`, `qY`, `qZ`)
VALUES (2121588798, 1, 3880648721, 65.2682, 17.0623, 35.4708, -0.702774, 0, 0, -0.711413);

INSERT INTO `ace_object_properties_string` (`aceObjectId`, `strPropertyId`, `propertyValue`)
VALUES (2121588798, 1, 'Weaver Chueh');

INSERT INTO `ace_object_properties_did` (`aceObjectId`, `didPropertyId`, `propertyValue`)
VALUES (2121588798, 8, 100668115)
     , (2121588798, 1, 33555594);

INSERT INTO `ace_object_properties_int` (`aceObjectId`, `intPropertyId`, `propertyValue`)
VALUES (2121588798, 1, 128)
     , (2121588798, 5, 9000)
     , (2121588798, 16, 1)
     , (2121588798, 19, 125)
     , (2121588798, 93, 66584)
     , (2121588798, 9007, 8);

INSERT INTO `ace_object_properties_bool` (`aceObjectId`, `boolPropertyId`, `propertyValue`)
VALUES (2121588798, 12, True)
     , (2121588798, 11, True)
     , (2121588798, 14, True)
     , (2121588798, 19, True)
     , (2121588798, 1, True);

INSERT INTO `ace_object_texture_map_change` (`aceObjectId`, `index`, `oldId`, `newId`)
VALUES (2121588798, 0, 83891180, 83891177);

INSERT INTO `ace_object_animation_change` (`aceObjectId`, `index`, `animationId`)
VALUES (2121588798, 0, 16782236);

INSERT INTO `ace_object` (`aceObjectId`, `aceObjectDescriptionFlags`, `weenieClassId`, `weenieHeaderFlags`, `currentMotionState`, `physicsDescriptionFlag`)
VALUES (2121588802, 20, 5433, 2097176, NULL, 32773);

INSERT INTO `ace_position` (`aceObjectId`, `positionType`, `landblockRaw`, `posX`, `posY`, `posZ`, `qW`, `qX`, `qY`, `qZ`)
VALUES (2121588802, 1, 3880648705, 4.22937, 20.3223, 35.2819, -0.386007, 0, 0, -0.922496);

INSERT INTO `ace_object_properties_string` (`aceObjectId`, `strPropertyId`, `propertyValue`)
VALUES (2121588802, 1, 'Fletcher');

INSERT INTO `ace_object_properties_did` (`aceObjectId`, `didPropertyId`, `propertyValue`)
VALUES (2121588802, 8, 100668115)
     , (2121588802, 1, 33555594);

INSERT INTO `ace_object_properties_int` (`aceObjectId`, `intPropertyId`, `propertyValue`)
VALUES (2121588802, 1, 128)
     , (2121588802, 5, 9000)
     , (2121588802, 16, 1)
     , (2121588802, 19, 125)
     , (2121588802, 93, 66584)
     , (2121588802, 9007, 8);

INSERT INTO `ace_object_properties_bool` (`aceObjectId`, `boolPropertyId`, `propertyValue`)
VALUES (2121588802, 12, True)
     , (2121588802, 11, True)
     , (2121588802, 14, True)
     , (2121588802, 19, True)
     , (2121588802, 1, True);

INSERT INTO `ace_object_texture_map_change` (`aceObjectId`, `index`, `oldId`, `newId`)
VALUES (2121588802, 0, 83891180, 83891181);

INSERT INTO `ace_object_animation_change` (`aceObjectId`, `index`, `animationId`)
VALUES (2121588802, 0, 16782236);

INSERT INTO `ace_object` (`aceObjectId`, `aceObjectDescriptionFlags`, `weenieClassId`, `weenieHeaderFlags`, `currentMotionState`, `physicsDescriptionFlag`)
VALUES (2120540170, 20, 12304, 2097176, NULL, 32769);

INSERT INTO `ace_position` (`aceObjectId`, `positionType`, `landblockRaw`, `posX`, `posY`, `posZ`, `qW`, `qX`, `qY`, `qZ`)
VALUES (2120540170, 1, 3863871546, 189.171, 35.1752, 32, -0.412186, 0, 0, -0.9111);

INSERT INTO `ace_object_properties_string` (`aceObjectId`, `strPropertyId`, `propertyValue`)
VALUES (2120540170, 1, 'Agent of the Arcanum ');

INSERT INTO `ace_object_properties_did` (`aceObjectId`, `didPropertyId`, `propertyValue`)
VALUES (2120540170, 8, 100672342)
     , (2120540170, 1, 33557390);

INSERT INTO `ace_object_properties_int` (`aceObjectId`, `intPropertyId`, `propertyValue`)
VALUES (2120540170, 1, 128)
     , (2120540170, 5, 9000)
     , (2120540170, 16, 1)
     , (2120540170, 19, 125)
     , (2120540170, 93, 1048)
     , (2120540170, 9007, 8);

INSERT INTO `ace_object_properties_bool` (`aceObjectId`, `boolPropertyId`, `propertyValue`)
VALUES (2120540170, 12, True)
     , (2120540170, 11, True)
     , (2120540170, 14, True)
     , (2120540170, 19, True)
     , (2120540170, 1, True);

INSERT INTO `ace_object` (`aceObjectId`, `aceObjectDescriptionFlags`, `weenieClassId`, `weenieHeaderFlags`, `currentMotionState`, `physicsDescriptionFlag`)
VALUES (2108928013, 20, 4501, 2097176, NULL, 32769);

INSERT INTO `ace_position` (`aceObjectId`, `positionType`, `landblockRaw`, `posX`, `posY`, `posZ`, `qW`, `qX`, `qY`, `qZ`)
VALUES (2108928013, 1, 3678076990, 180.664, 138.736, 21.9042, -0.707107, 0, 0, -0.707107);

INSERT INTO `ace_object_properties_string` (`aceObjectId`, `strPropertyId`, `propertyValue`)
VALUES (2108928013, 1, 'The Tree of Healing');

INSERT INTO `ace_object_properties_did` (`aceObjectId`, `didPropertyId`, `propertyValue`)
VALUES (2108928013, 8, 100668115)
     , (2108928013, 1, 33555594);

INSERT INTO `ace_object_properties_int` (`aceObjectId`, `intPropertyId`, `propertyValue`)
VALUES (2108928013, 1, 128)
     , (2108928013, 5, 9000)
     , (2108928013, 16, 1)
     , (2108928013, 19, 125)
     , (2108928013, 93, 66584)
     , (2108928013, 9007, 8);

INSERT INTO `ace_object_properties_bool` (`aceObjectId`, `boolPropertyId`, `propertyValue`)
VALUES (2108928013, 12, True)
     , (2108928013, 11, True)
     , (2108928013, 14, True)
     , (2108928013, 19, True)
     , (2108928013, 1, True);

INSERT INTO `ace_object_texture_map_change` (`aceObjectId`, `index`, `oldId`, `newId`)
VALUES (2108928013, 0, 83891180, 83891177);

INSERT INTO `ace_object_animation_change` (`aceObjectId`, `index`, `animationId`)
VALUES (2108928013, 0, 16782236);

INSERT INTO `ace_object` (`aceObjectId`, `aceObjectDescriptionFlags`, `weenieClassId`, `weenieHeaderFlags`, `currentMotionState`, `physicsDescriptionFlag`)
VALUES (2108928010, 20, 4498, 2097176, NULL, 32769);

INSERT INTO `ace_position` (`aceObjectId`, `positionType`, `landblockRaw`, `posX`, `posY`, `posZ`, `qW`, `qX`, `qY`, `qZ`)
VALUES (2108928010, 1, 3678076948, 68.3232, 82.51, 29.7199, 1, 0, 0, 0);

INSERT INTO `ace_object_properties_string` (`aceObjectId`, `strPropertyId`, `propertyValue`)
VALUES (2108928010, 1, 'Forest Magical Supplies');

INSERT INTO `ace_object_properties_did` (`aceObjectId`, `didPropertyId`, `propertyValue`)
VALUES (2108928010, 8, 100668115)
     , (2108928010, 1, 33555594);

INSERT INTO `ace_object_properties_int` (`aceObjectId`, `intPropertyId`, `propertyValue`)
VALUES (2108928010, 1, 128)
     , (2108928010, 5, 9000)
     , (2108928010, 16, 1)
     , (2108928010, 19, 125)
     , (2108928010, 93, 66584)
     , (2108928010, 9007, 8);

INSERT INTO `ace_object_properties_bool` (`aceObjectId`, `boolPropertyId`, `propertyValue`)
VALUES (2108928010, 12, True)
     , (2108928010, 11, True)
     , (2108928010, 14, True)
     , (2108928010, 19, True)
     , (2108928010, 1, True);

INSERT INTO `ace_object_texture_map_change` (`aceObjectId`, `index`, `oldId`, `newId`)
VALUES (2108928010, 0, 83891180, 83891177);

INSERT INTO `ace_object_animation_change` (`aceObjectId`, `index`, `animationId`)
VALUES (2108928010, 0, 16782236);

INSERT INTO `ace_object` (`aceObjectId`, `aceObjectDescriptionFlags`, `weenieClassId`, `weenieHeaderFlags`, `currentMotionState`, `physicsDescriptionFlag`)
VALUES (2108928018, 20, 12304, 2097176, NULL, 32769);

INSERT INTO `ace_position` (`aceObjectId`, `positionType`, `landblockRaw`, `posX`, `posY`, `posZ`, `qW`, `qX`, `qY`, `qZ`)
VALUES (2108928018, 1, 3678076933, 8.46963, 115.209, 2, 0.346835, 0, 0, 0.937926);

INSERT INTO `ace_object_properties_string` (`aceObjectId`, `strPropertyId`, `propertyValue`)
VALUES (2108928018, 1, 'Agent of the Arcanum ');

INSERT INTO `ace_object_properties_did` (`aceObjectId`, `didPropertyId`, `propertyValue`)
VALUES (2108928018, 8, 100672342)
     , (2108928018, 1, 33557390);

INSERT INTO `ace_object_properties_int` (`aceObjectId`, `intPropertyId`, `propertyValue`)
VALUES (2108928018, 1, 128)
     , (2108928018, 5, 9000)
     , (2108928018, 16, 1)
     , (2108928018, 19, 125)
     , (2108928018, 93, 1048)
     , (2108928018, 9007, 8);

INSERT INTO `ace_object_properties_bool` (`aceObjectId`, `boolPropertyId`, `propertyValue`)
VALUES (2108928018, 12, True)
     , (2108928018, 11, True)
     , (2108928018, 14, True)
     , (2108928018, 19, True)
     , (2108928018, 1, True);

INSERT INTO `ace_object` (`aceObjectId`, `aceObjectDescriptionFlags`, `weenieClassId`, `weenieHeaderFlags`, `currentMotionState`, `physicsDescriptionFlag`)
VALUES (2107879446, 20, 4502, 2097176, NULL, 32769);

INSERT INTO `ace_position` (`aceObjectId`, `positionType`, `landblockRaw`, `posX`, `posY`, `posZ`, `qW`, `qX`, `qY`, `qZ`)
VALUES (2107879446, 1, 3661299764, 158.804, 81.7967, 2.796, -0.707107, 0, 0, -0.707107);

INSERT INTO `ace_object_properties_string` (`aceObjectId`, `strPropertyId`, `propertyValue`)
VALUES (2107879446, 1, 'Gems of the Woods');

INSERT INTO `ace_object_properties_did` (`aceObjectId`, `didPropertyId`, `propertyValue`)
VALUES (2107879446, 8, 100668115)
     , (2107879446, 1, 33555594);

INSERT INTO `ace_object_properties_int` (`aceObjectId`, `intPropertyId`, `propertyValue`)
VALUES (2107879446, 1, 128)
     , (2107879446, 5, 9000)
     , (2107879446, 16, 1)
     , (2107879446, 19, 125)
     , (2107879446, 93, 66584)
     , (2107879446, 9007, 8);

INSERT INTO `ace_object_properties_bool` (`aceObjectId`, `boolPropertyId`, `propertyValue`)
VALUES (2107879446, 12, True)
     , (2107879446, 11, True)
     , (2107879446, 14, True)
     , (2107879446, 19, True)
     , (2107879446, 1, True);

INSERT INTO `ace_object_texture_map_change` (`aceObjectId`, `index`, `oldId`, `newId`)
VALUES (2107879446, 0, 83891180, 83891183);

INSERT INTO `ace_object_animation_change` (`aceObjectId`, `index`, `animationId`)
VALUES (2107879446, 0, 16782236);

INSERT INTO `ace_object` (`aceObjectId`, `aceObjectDescriptionFlags`, `weenieClassId`, `weenieHeaderFlags`, `currentMotionState`, `physicsDescriptionFlag`)
VALUES (2107879447, 20, 4503, 2097176, NULL, 32769);

INSERT INTO `ace_position` (`aceObjectId`, `positionType`, `landblockRaw`, `posX`, `posY`, `posZ`, `qW`, `qX`, `qY`, `qZ`)
VALUES (2107879447, 1, 3661299764, 153.228, 86.1752, 2.79562, 0.707107, 0, 0, -0.707107);

INSERT INTO `ace_object_properties_string` (`aceObjectId`, `strPropertyId`, `propertyValue`)
VALUES (2107879447, 1, 'Tekai the Scribe');

INSERT INTO `ace_object_properties_did` (`aceObjectId`, `didPropertyId`, `propertyValue`)
VALUES (2107879447, 8, 100668115)
     , (2107879447, 1, 33555594);

INSERT INTO `ace_object_properties_int` (`aceObjectId`, `intPropertyId`, `propertyValue`)
VALUES (2107879447, 1, 128)
     , (2107879447, 5, 9000)
     , (2107879447, 16, 1)
     , (2107879447, 19, 125)
     , (2107879447, 93, 66584)
     , (2107879447, 9007, 8);

INSERT INTO `ace_object_properties_bool` (`aceObjectId`, `boolPropertyId`, `propertyValue`)
VALUES (2107879447, 12, True)
     , (2107879447, 11, True)
     , (2107879447, 14, True)
     , (2107879447, 19, True)
     , (2107879447, 1, True);

INSERT INTO `ace_object_texture_map_change` (`aceObjectId`, `index`, `oldId`, `newId`)
VALUES (2107879447, 0, 83891180, 83891185);

INSERT INTO `ace_object_animation_change` (`aceObjectId`, `index`, `animationId`)
VALUES (2107879447, 0, 16782236);

INSERT INTO `ace_object` (`aceObjectId`, `aceObjectDescriptionFlags`, `weenieClassId`, `weenieHeaderFlags`, `currentMotionState`, `physicsDescriptionFlag`)
VALUES (2107879441, 20, 4499, 2097176, NULL, 32769);

INSERT INTO `ace_position` (`aceObjectId`, `positionType`, `landblockRaw`, `posX`, `posY`, `posZ`, `qW`, `qX`, `qY`, `qZ`)
VALUES (2107879441, 1, 3661299770, 171.709, 30.1466, 2.41213, -4.37114E-08, 0, 0, -1);

INSERT INTO `ace_object_properties_string` (`aceObjectId`, `strPropertyId`, `propertyValue`)
VALUES (2107879441, 1, 'Lin''s Armor and Weapons');

INSERT INTO `ace_object_properties_did` (`aceObjectId`, `didPropertyId`, `propertyValue`)
VALUES (2107879441, 8, 100668115)
     , (2107879441, 1, 33555594);

INSERT INTO `ace_object_properties_int` (`aceObjectId`, `intPropertyId`, `propertyValue`)
VALUES (2107879441, 1, 128)
     , (2107879441, 5, 9000)
     , (2107879441, 16, 1)
     , (2107879441, 19, 125)
     , (2107879441, 93, 66584)
     , (2107879441, 9007, 8);

INSERT INTO `ace_object_properties_bool` (`aceObjectId`, `boolPropertyId`, `propertyValue`)
VALUES (2107879441, 12, True)
     , (2107879441, 11, True)
     , (2107879441, 14, True)
     , (2107879441, 19, True)
     , (2107879441, 1, True);

INSERT INTO `ace_object_texture_map_change` (`aceObjectId`, `index`, `oldId`, `newId`)
VALUES (2107879441, 0, 83891180, 83891178);

INSERT INTO `ace_object_animation_change` (`aceObjectId`, `index`, `animationId`)
VALUES (2107879441, 0, 16782236);

INSERT INTO `ace_object` (`aceObjectId`, `aceObjectDescriptionFlags`, `weenieClassId`, `weenieHeaderFlags`, `currentMotionState`, `physicsDescriptionFlag`)
VALUES (2107879449, 20, 5431, 2097176, NULL, 32773);

INSERT INTO `ace_position` (`aceObjectId`, `positionType`, `landblockRaw`, `posX`, `posY`, `posZ`, `qW`, `qX`, `qY`, `qZ`)
VALUES (2107879449, 1, 3661299746, 116.827, 38.5033, 19.8, 0.707107, 0, 0, -0.707107);

INSERT INTO `ace_object_properties_string` (`aceObjectId`, `strPropertyId`, `propertyValue`)
VALUES (2107879449, 1, 'Forest''s Blessing Bows');

INSERT INTO `ace_object_properties_did` (`aceObjectId`, `didPropertyId`, `propertyValue`)
VALUES (2107879449, 8, 100668115)
     , (2107879449, 1, 33555594);

INSERT INTO `ace_object_properties_int` (`aceObjectId`, `intPropertyId`, `propertyValue`)
VALUES (2107879449, 1, 128)
     , (2107879449, 5, 9000)
     , (2107879449, 16, 1)
     , (2107879449, 19, 125)
     , (2107879449, 93, 66584)
     , (2107879449, 9007, 8);

INSERT INTO `ace_object_properties_bool` (`aceObjectId`, `boolPropertyId`, `propertyValue`)
VALUES (2107879449, 12, True)
     , (2107879449, 11, True)
     , (2107879449, 14, True)
     , (2107879449, 19, True)
     , (2107879449, 1, True);

INSERT INTO `ace_object_texture_map_change` (`aceObjectId`, `index`, `oldId`, `newId`)
VALUES (2107879449, 0, 83891180, 83891181);

INSERT INTO `ace_object_animation_change` (`aceObjectId`, `index`, `animationId`)
VALUES (2107879449, 0, 16782236);

INSERT INTO `ace_object` (`aceObjectId`, `aceObjectDescriptionFlags`, `weenieClassId`, `weenieHeaderFlags`, `currentMotionState`, `physicsDescriptionFlag`)
VALUES (2119376912, 20, 808, 2097176, NULL, 163841);

INSERT INTO `ace_position` (`aceObjectId`, `positionType`, `landblockRaw`, `posX`, `posY`, `posZ`, `qW`, `qX`, `qY`, `qZ`)
VALUES (2119376912, 1, 3845259322, 177.84, 36.24, 28.08, -0.986429, 0, 0, -0.164188);

INSERT INTO `ace_object_properties_string` (`aceObjectId`, `strPropertyId`, `propertyValue`)
VALUES (2119376912, 1, 'Bowyer Tentou');

INSERT INTO `ace_object_properties_did` (`aceObjectId`, `didPropertyId`, `propertyValue`)
VALUES (2119376912, 8, 100668115)
     , (2119376912, 1, 33555088);

INSERT INTO `ace_object_properties_int` (`aceObjectId`, `intPropertyId`, `propertyValue`)
VALUES (2119376912, 53, 101)
     , (2119376912, 1, 128)
     , (2119376912, 5, 9000)
     , (2119376912, 16, 1)
     , (2119376912, 19, 125)
     , (2119376912, 93, 1048)
     , (2119376912, 9007, 8);

INSERT INTO `ace_object_properties_bool` (`aceObjectId`, `boolPropertyId`, `propertyValue`)
VALUES (2119376912, 12, True)
     , (2119376912, 11, True)
     , (2119376912, 14, True)
     , (2119376912, 19, True)
     , (2119376912, 1, True);

INSERT INTO `ace_object_texture_map_change` (`aceObjectId`, `index`, `oldId`, `newId`)
VALUES (2119376912, 0, 83891055, 83889907);

INSERT INTO `ace_object_animation_change` (`aceObjectId`, `index`, `animationId`)
VALUES (2119376912, 0, 16780409);

INSERT INTO `ace_object` (`aceObjectId`, `aceObjectDescriptionFlags`, `weenieClassId`, `weenieHeaderFlags`, `currentMotionState`, `physicsDescriptionFlag`)
VALUES (2119376911, 20, 807, 2097176, NULL, 163841);

INSERT INTO `ace_position` (`aceObjectId`, `positionType`, `landblockRaw`, `posX`, `posY`, `posZ`, `qW`, `qX`, `qY`, `qZ`)
VALUES (2119376911, 1, 3845259313, 156.84, 21.96, 28.08, -0.199368, 0, 0, 0.979925);

INSERT INTO `ace_object_properties_string` (`aceObjectId`, `strPropertyId`, `propertyValue`)
VALUES (2119376911, 1, 'Tonsho''s Remedies');

INSERT INTO `ace_object_properties_did` (`aceObjectId`, `didPropertyId`, `propertyValue`)
VALUES (2119376911, 8, 100668115)
     , (2119376911, 1, 33555088);

INSERT INTO `ace_object_properties_int` (`aceObjectId`, `intPropertyId`, `propertyValue`)
VALUES (2119376911, 53, 101)
     , (2119376911, 1, 128)
     , (2119376911, 5, 9000)
     , (2119376911, 16, 1)
     , (2119376911, 19, 125)
     , (2119376911, 93, 1048)
     , (2119376911, 9007, 8);

INSERT INTO `ace_object_properties_bool` (`aceObjectId`, `boolPropertyId`, `propertyValue`)
VALUES (2119376911, 12, True)
     , (2119376911, 11, True)
     , (2119376911, 14, True)
     , (2119376911, 19, True)
     , (2119376911, 1, True);

INSERT INTO `ace_object_texture_map_change` (`aceObjectId`, `index`, `oldId`, `newId`)
VALUES (2119376911, 0, 83891055, 83889901);

INSERT INTO `ace_object_animation_change` (`aceObjectId`, `index`, `animationId`)
VALUES (2119376911, 0, 16780409);

INSERT INTO `ace_object` (`aceObjectId`, `aceObjectDescriptionFlags`, `weenieClassId`, `weenieHeaderFlags`, `currentMotionState`, `physicsDescriptionFlag`)
VALUES (2119376910, 20, 806, 2097176, NULL, 163841);

INSERT INTO `ace_position` (`aceObjectId`, `positionType`, `landblockRaw`, `posX`, `posY`, `posZ`, `qW`, `qX`, `qY`, `qZ`)
VALUES (2119376910, 1, 3845259306, 135.72, 29.28, 28.08, -0.996709, 0, 0, 0.0810688);

INSERT INTO `ace_object_properties_string` (`aceObjectId`, `strPropertyId`, `propertyValue`)
VALUES (2119376910, 1, 'Food and Clothing');

INSERT INTO `ace_object_properties_did` (`aceObjectId`, `didPropertyId`, `propertyValue`)
VALUES (2119376910, 8, 100668115)
     , (2119376910, 1, 33555088);

INSERT INTO `ace_object_properties_int` (`aceObjectId`, `intPropertyId`, `propertyValue`)
VALUES (2119376910, 53, 101)
     , (2119376910, 1, 128)
     , (2119376910, 5, 9000)
     , (2119376910, 16, 1)
     , (2119376910, 19, 125)
     , (2119376910, 93, 1048)
     , (2119376910, 9007, 8);

INSERT INTO `ace_object_properties_bool` (`aceObjectId`, `boolPropertyId`, `propertyValue`)
VALUES (2119376910, 12, True)
     , (2119376910, 11, True)
     , (2119376910, 14, True)
     , (2119376910, 19, True)
     , (2119376910, 1, True);

INSERT INTO `ace_object_texture_map_change` (`aceObjectId`, `index`, `oldId`, `newId`)
VALUES (2119376910, 0, 83891055, 83889906);

INSERT INTO `ace_object_animation_change` (`aceObjectId`, `index`, `animationId`)
VALUES (2119376910, 0, 16780409);

INSERT INTO `ace_object` (`aceObjectId`, `aceObjectDescriptionFlags`, `weenieClassId`, `weenieHeaderFlags`, `currentMotionState`, `physicsDescriptionFlag`)
VALUES (2119376909, 20, 804, 2097176, NULL, 163841);

INSERT INTO `ace_position` (`aceObjectId`, `positionType`, `landblockRaw`, `posX`, `posY`, `posZ`, `qW`, `qX`, `qY`, `qZ`)
VALUES (2119376909, 1, 3845259318, 162.48, 124.44, 28.08, 0.953454, 0, 0, 0.301538);

INSERT INTO `ace_object_properties_string` (`aceObjectId`, `strPropertyId`, `propertyValue`)
VALUES (2119376909, 1, 'Ten Ox House');

INSERT INTO `ace_object_properties_did` (`aceObjectId`, `didPropertyId`, `propertyValue`)
VALUES (2119376909, 8, 100668115)
     , (2119376909, 1, 33555088);

INSERT INTO `ace_object_properties_int` (`aceObjectId`, `intPropertyId`, `propertyValue`)
VALUES (2119376909, 53, 101)
     , (2119376909, 1, 128)
     , (2119376909, 5, 9000)
     , (2119376909, 16, 1)
     , (2119376909, 19, 125)
     , (2119376909, 93, 1048)
     , (2119376909, 9007, 8);

INSERT INTO `ace_object_properties_bool` (`aceObjectId`, `boolPropertyId`, `propertyValue`)
VALUES (2119376909, 12, True)
     , (2119376909, 11, True)
     , (2119376909, 14, True)
     , (2119376909, 19, True)
     , (2119376909, 1, True);

INSERT INTO `ace_object_texture_map_change` (`aceObjectId`, `index`, `oldId`, `newId`)
VALUES (2119376909, 0, 83891055, 83889910);

INSERT INTO `ace_object_animation_change` (`aceObjectId`, `index`, `animationId`)
VALUES (2119376909, 0, 16780409);

INSERT INTO `ace_object` (`aceObjectId`, `aceObjectDescriptionFlags`, `weenieClassId`, `weenieHeaderFlags`, `currentMotionState`, `physicsDescriptionFlag`)
VALUES (2119376921, 20, 12304, 2097176, NULL, 32769);

INSERT INTO `ace_position` (`aceObjectId`, `positionType`, `landblockRaw`, `posX`, `posY`, `posZ`, `qW`, `qX`, `qY`, `qZ`)
VALUES (2119376921, 1, 3845259304, 114.437, 172.094, 28, -0.999995, 0, 0, 0.0032585);

INSERT INTO `ace_object_properties_string` (`aceObjectId`, `strPropertyId`, `propertyValue`)
VALUES (2119376921, 1, 'Agent of the Arcanum ');

INSERT INTO `ace_object_properties_did` (`aceObjectId`, `didPropertyId`, `propertyValue`)
VALUES (2119376921, 8, 100672342)
     , (2119376921, 1, 33557390);

INSERT INTO `ace_object_properties_int` (`aceObjectId`, `intPropertyId`, `propertyValue`)
VALUES (2119376921, 1, 128)
     , (2119376921, 5, 9000)
     , (2119376921, 16, 1)
     , (2119376921, 19, 125)
     , (2119376921, 93, 1048)
     , (2119376921, 9007, 8);

INSERT INTO `ace_object_properties_bool` (`aceObjectId`, `boolPropertyId`, `propertyValue`)
VALUES (2119376921, 12, True)
     , (2119376921, 11, True)
     , (2119376921, 14, True)
     , (2119376921, 19, True)
     , (2119376921, 1, True);

INSERT INTO `ace_object` (`aceObjectId`, `aceObjectDescriptionFlags`, `weenieClassId`, `weenieHeaderFlags`, `currentMotionState`, `physicsDescriptionFlag`)
VALUES (2120425489, 20, 803, 2097176, NULL, 163841);

INSERT INTO `ace_position` (`aceObjectId`, `positionType`, `landblockRaw`, `posX`, `posY`, `posZ`, `qW`, `qX`, `qY`, `qZ`)
VALUES (2120425489, 1, 3862036487, 5.88001, 156.96, 28, -0.842452, 0, 0, -0.538771);

INSERT INTO `ace_object_properties_string` (`aceObjectId`, `strPropertyId`, `propertyValue`)
VALUES (2120425489, 1, 'Jade Sepent');

INSERT INTO `ace_object_properties_did` (`aceObjectId`, `didPropertyId`, `propertyValue`)
VALUES (2120425489, 8, 100668115)
     , (2120425489, 1, 33555088);

INSERT INTO `ace_object_properties_int` (`aceObjectId`, `intPropertyId`, `propertyValue`)
VALUES (2120425489, 53, 101)
     , (2120425489, 1, 128)
     , (2120425489, 5, 9000)
     , (2120425489, 16, 1)
     , (2120425489, 19, 125)
     , (2120425489, 93, 1048)
     , (2120425489, 9007, 8);

INSERT INTO `ace_object_properties_bool` (`aceObjectId`, `boolPropertyId`, `propertyValue`)
VALUES (2120425489, 12, True)
     , (2120425489, 11, True)
     , (2120425489, 14, True)
     , (2120425489, 19, True)
     , (2120425489, 1, True);

INSERT INTO `ace_object_texture_map_change` (`aceObjectId`, `index`, `oldId`, `newId`)
VALUES (2120425489, 0, 83891055, 83889909);

INSERT INTO `ace_object_animation_change` (`aceObjectId`, `index`, `animationId`)
VALUES (2120425489, 0, 16780409);

INSERT INTO `ace_object` (`aceObjectId`, `aceObjectDescriptionFlags`, `weenieClassId`, `weenieHeaderFlags`, `currentMotionState`, `physicsDescriptionFlag`)
VALUES (2107985977, 20, 852, 2097176, NULL, 32769);

INSERT INTO `ace_position` (`aceObjectId`, `positionType`, `landblockRaw`, `posX`, `posY`, `posZ`, `qW`, `qX`, `qY`, `qZ`)
VALUES (2107985977, 1, 3663003679, 87.7608, 147.752, 23.3435, 0.707107, 0, 0, -0.707107);

INSERT INTO `ace_object_properties_string` (`aceObjectId`, `strPropertyId`, `propertyValue`)
VALUES (2107985977, 1, 'Spire of Serenity');

INSERT INTO `ace_object_properties_did` (`aceObjectId`, `didPropertyId`, `propertyValue`)
VALUES (2107985977, 8, 100668115)
     , (2107985977, 1, 33555594);

INSERT INTO `ace_object_properties_int` (`aceObjectId`, `intPropertyId`, `propertyValue`)
VALUES (2107985977, 1, 128)
     , (2107985977, 5, 9000)
     , (2107985977, 16, 1)
     , (2107985977, 19, 125)
     , (2107985977, 93, 66584)
     , (2107985977, 9007, 8);

INSERT INTO `ace_object_properties_bool` (`aceObjectId`, `boolPropertyId`, `propertyValue`)
VALUES (2107985977, 12, True)
     , (2107985977, 11, True)
     , (2107985977, 14, True)
     , (2107985977, 19, True)
     , (2107985977, 1, True);

INSERT INTO `ace_object` (`aceObjectId`, `aceObjectDescriptionFlags`, `weenieClassId`, `weenieHeaderFlags`, `currentMotionState`, `physicsDescriptionFlag`)
VALUES (2107985980, 20, 850, 2097176, NULL, 32769);

INSERT INTO `ace_position` (`aceObjectId`, `positionType`, `landblockRaw`, `posX`, `posY`, `posZ`, `qW`, `qX`, `qY`, `qZ`)
VALUES (2107985980, 1, 3663003693, 122.995, 108.093, 23.7868, -4.37114E-08, 0, 0, -1);

INSERT INTO `ace_object_properties_string` (`aceObjectId`, `strPropertyId`, `propertyValue`)
VALUES (2107985980, 1, 'Three Swords Hall');

INSERT INTO `ace_object_properties_did` (`aceObjectId`, `didPropertyId`, `propertyValue`)
VALUES (2107985980, 8, 100668115)
     , (2107985980, 1, 33555594);

INSERT INTO `ace_object_properties_int` (`aceObjectId`, `intPropertyId`, `propertyValue`)
VALUES (2107985980, 1, 128)
     , (2107985980, 5, 9000)
     , (2107985980, 16, 1)
     , (2107985980, 19, 125)
     , (2107985980, 93, 66584)
     , (2107985980, 9007, 8);

INSERT INTO `ace_object_properties_bool` (`aceObjectId`, `boolPropertyId`, `propertyValue`)
VALUES (2107985980, 12, True)
     , (2107985980, 11, True)
     , (2107985980, 14, True)
     , (2107985980, 19, True)
     , (2107985980, 1, True);

INSERT INTO `ace_object_texture_map_change` (`aceObjectId`, `index`, `oldId`, `newId`)
VALUES (2107985980, 0, 83891180, 83891184);

INSERT INTO `ace_object_animation_change` (`aceObjectId`, `index`, `animationId`)
VALUES (2107985980, 0, 16782236);

INSERT INTO `ace_object` (`aceObjectId`, `aceObjectDescriptionFlags`, `weenieClassId`, `weenieHeaderFlags`, `currentMotionState`, `physicsDescriptionFlag`)
VALUES (2107985982, 20, 844, 2097176, NULL, 32769);

INSERT INTO `ace_position` (`aceObjectId`, `positionType`, `landblockRaw`, `posX`, `posY`, `posZ`, `qW`, `qX`, `qY`, `qZ`)
VALUES (2107985982, 1, 3663003675, 85.0172, 68.3125, 23.6513, -0.707107, 0, 0, -0.707107);

INSERT INTO `ace_object_properties_string` (`aceObjectId`, `strPropertyId`, `propertyValue`)
VALUES (2107985982, 1, 'Gonjoku''s Goods');

INSERT INTO `ace_object_properties_did` (`aceObjectId`, `didPropertyId`, `propertyValue`)
VALUES (2107985982, 8, 100668115)
     , (2107985982, 1, 33555594);

INSERT INTO `ace_object_properties_int` (`aceObjectId`, `intPropertyId`, `propertyValue`)
VALUES (2107985982, 1, 128)
     , (2107985982, 5, 9000)
     , (2107985982, 16, 1)
     , (2107985982, 19, 125)
     , (2107985982, 93, 66584)
     , (2107985982, 9007, 8);

INSERT INTO `ace_object_properties_bool` (`aceObjectId`, `boolPropertyId`, `propertyValue`)
VALUES (2107985982, 12, True)
     , (2107985982, 11, True)
     , (2107985982, 14, True)
     , (2107985982, 19, True)
     , (2107985982, 1, True);

INSERT INTO `ace_object_texture_map_change` (`aceObjectId`, `index`, `oldId`, `newId`)
VALUES (2107985982, 0, 83891180, 83891177);

INSERT INTO `ace_object_animation_change` (`aceObjectId`, `index`, `animationId`)
VALUES (2107985982, 0, 16782236);

INSERT INTO `ace_object` (`aceObjectId`, `aceObjectDescriptionFlags`, `weenieClassId`, `weenieHeaderFlags`, `currentMotionState`, `physicsDescriptionFlag`)
VALUES (2107985984, 20, 845, 2097176, NULL, 32769);

INSERT INTO `ace_position` (`aceObjectId`, `positionType`, `landblockRaw`, `posX`, `posY`, `posZ`, `qW`, `qX`, `qY`, `qZ`)
VALUES (2107985984, 1, 3663003661, 45.5937, 107.977, 21.9125, 1, 0, 0, 0);

INSERT INTO `ace_object_properties_string` (`aceObjectId`, `strPropertyId`, `propertyValue`)
VALUES (2107985984, 1, 'Metalworker');

INSERT INTO `ace_object_properties_did` (`aceObjectId`, `didPropertyId`, `propertyValue`)
VALUES (2107985984, 8, 100668115)
     , (2107985984, 1, 33555594);

INSERT INTO `ace_object_properties_int` (`aceObjectId`, `intPropertyId`, `propertyValue`)
VALUES (2107985984, 1, 128)
     , (2107985984, 5, 9000)
     , (2107985984, 16, 1)
     , (2107985984, 19, 125)
     , (2107985984, 93, 66584)
     , (2107985984, 9007, 8);

INSERT INTO `ace_object_properties_bool` (`aceObjectId`, `boolPropertyId`, `propertyValue`)
VALUES (2107985984, 12, True)
     , (2107985984, 11, True)
     , (2107985984, 14, True)
     , (2107985984, 19, True)
     , (2107985984, 1, True);

INSERT INTO `ace_object_texture_map_change` (`aceObjectId`, `index`, `oldId`, `newId`)
VALUES (2107985984, 0, 83891180, 83891178);

INSERT INTO `ace_object_animation_change` (`aceObjectId`, `index`, `animationId`)
VALUES (2107985984, 0, 16782236);

INSERT INTO `ace_object` (`aceObjectId`, `aceObjectDescriptionFlags`, `weenieClassId`, `weenieHeaderFlags`, `currentMotionState`, `physicsDescriptionFlag`)
VALUES (2107985976, 20, 849, 2097176, NULL, 32769);

INSERT INTO `ace_position` (`aceObjectId`, `positionType`, `landblockRaw`, `posX`, `posY`, `posZ`, `qW`, `qX`, `qY`, `qZ`)
VALUES (2107985976, 1, 3663003672, 54.861, 174.56, 22.608, 0.707107, 0, 0, -0.707107);

INSERT INTO `ace_object_properties_string` (`aceObjectId`, `strPropertyId`, `propertyValue`)
VALUES (2107985976, 1, 'Konaji''s Jewels');

INSERT INTO `ace_object_properties_did` (`aceObjectId`, `didPropertyId`, `propertyValue`)
VALUES (2107985976, 8, 100668115)
     , (2107985976, 1, 33555594);

INSERT INTO `ace_object_properties_int` (`aceObjectId`, `intPropertyId`, `propertyValue`)
VALUES (2107985976, 1, 128)
     , (2107985976, 5, 9000)
     , (2107985976, 16, 1)
     , (2107985976, 19, 125)
     , (2107985976, 93, 66584)
     , (2107985976, 9007, 8);

INSERT INTO `ace_object_properties_bool` (`aceObjectId`, `boolPropertyId`, `propertyValue`)
VALUES (2107985976, 12, True)
     , (2107985976, 11, True)
     , (2107985976, 14, True)
     , (2107985976, 19, True)
     , (2107985976, 1, True);

INSERT INTO `ace_object_texture_map_change` (`aceObjectId`, `index`, `oldId`, `newId`)
VALUES (2107985976, 0, 83891180, 83891183);

INSERT INTO `ace_object_animation_change` (`aceObjectId`, `index`, `animationId`)
VALUES (2107985976, 0, 16782236);

INSERT INTO `ace_object` (`aceObjectId`, `aceObjectDescriptionFlags`, `weenieClassId`, `weenieHeaderFlags`, `currentMotionState`, `physicsDescriptionFlag`)
VALUES (2107985985, 20, 846, 2097176, NULL, 32769);

INSERT INTO `ace_position` (`aceObjectId`, `positionType`, `landblockRaw`, `posX`, `posY`, `posZ`, `qW`, `qX`, `qY`, `qZ`)
VALUES (2107985985, 1, 3663003654, 20.4398, 132.498, 23.143, 1, 0, 0, 0);

INSERT INTO `ace_object_properties_string` (`aceObjectId`, `strPropertyId`, `propertyValue`)
VALUES (2107985985, 1, 'Bowyer Zhofon');

INSERT INTO `ace_object_properties_did` (`aceObjectId`, `didPropertyId`, `propertyValue`)
VALUES (2107985985, 8, 100668115)
     , (2107985985, 1, 33555594);

INSERT INTO `ace_object_properties_int` (`aceObjectId`, `intPropertyId`, `propertyValue`)
VALUES (2107985985, 1, 128)
     , (2107985985, 5, 9000)
     , (2107985985, 16, 1)
     , (2107985985, 19, 125)
     , (2107985985, 93, 66584)
     , (2107985985, 9007, 8);

INSERT INTO `ace_object_properties_bool` (`aceObjectId`, `boolPropertyId`, `propertyValue`)
VALUES (2107985985, 12, True)
     , (2107985985, 11, True)
     , (2107985985, 14, True)
     , (2107985985, 19, True)
     , (2107985985, 1, True);

INSERT INTO `ace_object_texture_map_change` (`aceObjectId`, `index`, `oldId`, `newId`)
VALUES (2107985985, 0, 83891180, 83891181);

INSERT INTO `ace_object_animation_change` (`aceObjectId`, `index`, `animationId`)
VALUES (2107985985, 0, 16782236);

INSERT INTO `ace_object` (`aceObjectId`, `aceObjectDescriptionFlags`, `weenieClassId`, `weenieHeaderFlags`, `currentMotionState`, `physicsDescriptionFlag`)
VALUES (2107985978, 20, 853, 2097176, NULL, 32769);

INSERT INTO `ace_position` (`aceObjectId`, `positionType`, `landblockRaw`, `posX`, `posY`, `posZ`, `qW`, `qX`, `qY`, `qZ`)
VALUES (2107985978, 1, 3663003696, 128.968, 172.542, 23.4636, 0.707107, 0, 0, -0.707107);

INSERT INTO `ace_object_properties_string` (`aceObjectId`, `strPropertyId`, `propertyValue`)
VALUES (2107985978, 1, 'Tailor Ma');

INSERT INTO `ace_object_properties_did` (`aceObjectId`, `didPropertyId`, `propertyValue`)
VALUES (2107985978, 8, 100668115)
     , (2107985978, 1, 33555594);

INSERT INTO `ace_object_properties_int` (`aceObjectId`, `intPropertyId`, `propertyValue`)
VALUES (2107985978, 1, 128)
     , (2107985978, 5, 9000)
     , (2107985978, 16, 1)
     , (2107985978, 19, 125)
     , (2107985978, 93, 66584)
     , (2107985978, 9007, 8);

INSERT INTO `ace_object_properties_bool` (`aceObjectId`, `boolPropertyId`, `propertyValue`)
VALUES (2107985978, 12, True)
     , (2107985978, 11, True)
     , (2107985978, 14, True)
     , (2107985978, 19, True)
     , (2107985978, 1, True);

INSERT INTO `ace_object_texture_map_change` (`aceObjectId`, `index`, `oldId`, `newId`)
VALUES (2107985978, 0, 83891180, 83891177);

INSERT INTO `ace_object_animation_change` (`aceObjectId`, `index`, `animationId`)
VALUES (2107985978, 0, 16782236);

INSERT INTO `ace_object` (`aceObjectId`, `aceObjectDescriptionFlags`, `weenieClassId`, `weenieHeaderFlags`, `currentMotionState`, `physicsDescriptionFlag`)
VALUES (2107985979, 20, 847, 2097176, NULL, 32769);

INSERT INTO `ace_position` (`aceObjectId`, `positionType`, `landblockRaw`, `posX`, `posY`, `posZ`, `qW`, `qX`, `qY`, `qZ`)
VALUES (2107985979, 1, 3663003703, 158.443, 154.42, 23.5863, -0.707107, 0, 0, -0.707107);

INSERT INTO `ace_object_properties_string` (`aceObjectId`, `strPropertyId`, `propertyValue`)
VALUES (2107985979, 1, 'Grocery');

INSERT INTO `ace_object_properties_did` (`aceObjectId`, `didPropertyId`, `propertyValue`)
VALUES (2107985979, 8, 100668115)
     , (2107985979, 1, 33555594);

INSERT INTO `ace_object_properties_int` (`aceObjectId`, `intPropertyId`, `propertyValue`)
VALUES (2107985979, 1, 128)
     , (2107985979, 5, 9000)
     , (2107985979, 16, 1)
     , (2107985979, 19, 125)
     , (2107985979, 93, 66584)
     , (2107985979, 9007, 8);

INSERT INTO `ace_object_properties_bool` (`aceObjectId`, `boolPropertyId`, `propertyValue`)
VALUES (2107985979, 12, True)
     , (2107985979, 11, True)
     , (2107985979, 14, True)
     , (2107985979, 19, True)
     , (2107985979, 1, True);

INSERT INTO `ace_object_texture_map_change` (`aceObjectId`, `index`, `oldId`, `newId`)
VALUES (2107985979, 0, 83891180, 83891182);

INSERT INTO `ace_object_animation_change` (`aceObjectId`, `index`, `animationId`)
VALUES (2107985979, 0, 16782236);

INSERT INTO `ace_object` (`aceObjectId`, `aceObjectDescriptionFlags`, `weenieClassId`, `weenieHeaderFlags`, `currentMotionState`, `physicsDescriptionFlag`)
VALUES (2107985981, 20, 851, 2097176, NULL, 32769);

INSERT INTO `ace_position` (`aceObjectId`, `positionType`, `landblockRaw`, `posX`, `posY`, `posZ`, `qW`, `qX`, `qY`, `qZ`)
VALUES (2107985981, 1, 3663003699, 152.896, 55.1759, 23.277, 0.707107, 0, 0, -0.707107);

INSERT INTO `ace_object_properties_string` (`aceObjectId`, `strPropertyId`, `propertyValue`)
VALUES (2107985981, 1, 'Brush and Stone');

INSERT INTO `ace_object_properties_did` (`aceObjectId`, `didPropertyId`, `propertyValue`)
VALUES (2107985981, 8, 100668115)
     , (2107985981, 1, 33555594);

INSERT INTO `ace_object_properties_int` (`aceObjectId`, `intPropertyId`, `propertyValue`)
VALUES (2107985981, 1, 128)
     , (2107985981, 5, 9000)
     , (2107985981, 16, 1)
     , (2107985981, 19, 125)
     , (2107985981, 93, 66584)
     , (2107985981, 9007, 8);

INSERT INTO `ace_object_properties_bool` (`aceObjectId`, `boolPropertyId`, `propertyValue`)
VALUES (2107985981, 12, True)
     , (2107985981, 11, True)
     , (2107985981, 14, True)
     , (2107985981, 19, True)
     , (2107985981, 1, True);

INSERT INTO `ace_object_texture_map_change` (`aceObjectId`, `index`, `oldId`, `newId`)
VALUES (2107985981, 0, 83891180, 83891185);

INSERT INTO `ace_object_animation_change` (`aceObjectId`, `index`, `animationId`)
VALUES (2107985981, 0, 16782236);

INSERT INTO `ace_object` (`aceObjectId`, `aceObjectDescriptionFlags`, `weenieClassId`, `weenieHeaderFlags`, `currentMotionState`, `physicsDescriptionFlag`)
VALUES (2107985983, 20, 848, 2097176, NULL, 32769);

INSERT INTO `ace_position` (`aceObjectId`, `positionType`, `landblockRaw`, `posX`, `posY`, `posZ`, `qW`, `qX`, `qY`, `qZ`)
VALUES (2107985983, 1, 3663003651, 19.8432, 64.9365, 23.5041, -0.92388, 0, 0, -0.382683);

INSERT INTO `ace_object_properties_string` (`aceObjectId`, `strPropertyId`, `propertyValue`)
VALUES (2107985983, 1, 'Black Swan Inn');

INSERT INTO `ace_object_properties_did` (`aceObjectId`, `didPropertyId`, `propertyValue`)
VALUES (2107985983, 8, 100668115)
     , (2107985983, 1, 33555594);

INSERT INTO `ace_object_properties_int` (`aceObjectId`, `intPropertyId`, `propertyValue`)
VALUES (2107985983, 1, 128)
     , (2107985983, 5, 9000)
     , (2107985983, 16, 1)
     , (2107985983, 19, 125)
     , (2107985983, 93, 66584)
     , (2107985983, 9007, 8);

INSERT INTO `ace_object_properties_bool` (`aceObjectId`, `boolPropertyId`, `propertyValue`)
VALUES (2107985983, 12, True)
     , (2107985983, 11, True)
     , (2107985983, 14, True)
     , (2107985983, 19, True)
     , (2107985983, 1, True);

INSERT INTO `ace_object_texture_map_change` (`aceObjectId`, `index`, `oldId`, `newId`)
VALUES (2107985983, 0, 83891180, 83891184);

INSERT INTO `ace_object_animation_change` (`aceObjectId`, `index`, `animationId`)
VALUES (2107985983, 0, 16782236);

INSERT INTO `ace_object` (`aceObjectId`, `aceObjectDescriptionFlags`, `weenieClassId`, `weenieHeaderFlags`, `currentMotionState`, `physicsDescriptionFlag`)
VALUES (2107985988, 20, 4136, 2097176, NULL, 32769);

INSERT INTO `ace_position` (`aceObjectId`, `positionType`, `landblockRaw`, `posX`, `posY`, `posZ`, `qW`, `qX`, `qY`, `qZ`)
VALUES (2107985988, 1, 3663003690, 138.871, 34.0199, 23.3571, 0.999964, 0, 0, -0.00846103);

INSERT INTO `ace_object_properties_string` (`aceObjectId`, `strPropertyId`, `propertyValue`)
VALUES (2107985988, 1, 'The Gentle Hand');

INSERT INTO `ace_object_properties_did` (`aceObjectId`, `didPropertyId`, `propertyValue`)
VALUES (2107985988, 8, 100668115)
     , (2107985988, 1, 33555594);

INSERT INTO `ace_object_properties_int` (`aceObjectId`, `intPropertyId`, `propertyValue`)
VALUES (2107985988, 1, 128)
     , (2107985988, 5, 9000)
     , (2107985988, 16, 1)
     , (2107985988, 19, 125)
     , (2107985988, 93, 66584)
     , (2107985988, 9007, 8);

INSERT INTO `ace_object_properties_bool` (`aceObjectId`, `boolPropertyId`, `propertyValue`)
VALUES (2107985988, 12, True)
     , (2107985988, 11, True)
     , (2107985988, 14, True)
     , (2107985988, 19, True)
     , (2107985988, 1, True);

INSERT INTO `ace_object_texture_map_change` (`aceObjectId`, `index`, `oldId`, `newId`)
VALUES (2107985988, 0, 83891180, 83891179);

INSERT INTO `ace_object_animation_change` (`aceObjectId`, `index`, `animationId`)
VALUES (2107985988, 0, 16782236);

INSERT INTO `ace_object` (`aceObjectId`, `aceObjectDescriptionFlags`, `weenieClassId`, `weenieHeaderFlags`, `currentMotionState`, `physicsDescriptionFlag`)
VALUES (2107985989, 20, 4135, 2097176, NULL, 32769);

INSERT INTO `ace_position` (`aceObjectId`, `positionType`, `landblockRaw`, `posX`, `posY`, `posZ`, `qW`, `qX`, `qY`, `qZ`)
VALUES (2107985989, 1, 3663003658, 41.6209, 40.6596, 21.9665, -0.707107, 0, 0, -0.707107);

INSERT INTO `ace_object_properties_string` (`aceObjectId`, `strPropertyId`, `propertyValue`)
VALUES (2107985989, 1, 'Archmage Chen Wah-Ji');

INSERT INTO `ace_object_properties_did` (`aceObjectId`, `didPropertyId`, `propertyValue`)
VALUES (2107985989, 8, 100668115)
     , (2107985989, 1, 33555594);

INSERT INTO `ace_object_properties_int` (`aceObjectId`, `intPropertyId`, `propertyValue`)
VALUES (2107985989, 1, 128)
     , (2107985989, 5, 9000)
     , (2107985989, 16, 1)
     , (2107985989, 19, 125)
     , (2107985989, 93, 66584)
     , (2107985989, 9007, 8);

INSERT INTO `ace_object_properties_bool` (`aceObjectId`, `boolPropertyId`, `propertyValue`)
VALUES (2107985989, 12, True)
     , (2107985989, 11, True)
     , (2107985989, 14, True)
     , (2107985989, 19, True)
     , (2107985989, 1, True);

INSERT INTO `ace_object` (`aceObjectId`, `aceObjectDescriptionFlags`, `weenieClassId`, `weenieHeaderFlags`, `currentMotionState`, `physicsDescriptionFlag`)
VALUES (2107990019, 20, 12304, 2097176, NULL, 32769);

INSERT INTO `ace_position` (`aceObjectId`, `positionType`, `landblockRaw`, `posX`, `posY`, `posZ`, `qW`, `qX`, `qY`, `qZ`)
VALUES (2107990019, 1, 3663069190, 12.8515, 122.037, 20, 0.967215, 0, 0, -0.25396);

INSERT INTO `ace_object_properties_string` (`aceObjectId`, `strPropertyId`, `propertyValue`)
VALUES (2107990019, 1, 'Agent of the Arcanum ');

INSERT INTO `ace_object_properties_did` (`aceObjectId`, `didPropertyId`, `propertyValue`)
VALUES (2107990019, 8, 100672342)
     , (2107990019, 1, 33557390);

INSERT INTO `ace_object_properties_int` (`aceObjectId`, `intPropertyId`, `propertyValue`)
VALUES (2107990019, 1, 128)
     , (2107990019, 5, 9000)
     , (2107990019, 16, 1)
     , (2107990019, 19, 125)
     , (2107990019, 93, 1048)
     , (2107990019, 9007, 8);

INSERT INTO `ace_object_properties_bool` (`aceObjectId`, `boolPropertyId`, `propertyValue`)
VALUES (2107990019, 12, True)
     , (2107990019, 11, True)
     , (2107990019, 14, True)
     , (2107990019, 19, True)
     , (2107990019, 1, True);

INSERT INTO `ace_object` (`aceObjectId`, `aceObjectDescriptionFlags`, `weenieClassId`, `weenieHeaderFlags`, `currentMotionState`, `physicsDescriptionFlag`)
VALUES (2094268421, 20, 2265, 2097176, NULL, 163841);

INSERT INTO `ace_position` (`aceObjectId`, `positionType`, `landblockRaw`, `posX`, `posY`, `posZ`, `qW`, `qX`, `qY`, `qZ`)
VALUES (2094268421, 1, 3443523624, 106.889, 187.746, 54, -0.194903, 0, 0, 0.980823);

INSERT INTO `ace_object_properties_string` (`aceObjectId`, `strPropertyId`, `propertyValue`)
VALUES (2094268421, 1, 'Seven Stars Tower');

INSERT INTO `ace_object_properties_did` (`aceObjectId`, `didPropertyId`, `propertyValue`)
VALUES (2094268421, 8, 100668115)
     , (2094268421, 1, 33555088);

INSERT INTO `ace_object_properties_int` (`aceObjectId`, `intPropertyId`, `propertyValue`)
VALUES (2094268421, 53, 101)
     , (2094268421, 1, 128)
     , (2094268421, 5, 9000)
     , (2094268421, 16, 1)
     , (2094268421, 19, 125)
     , (2094268421, 93, 1048)
     , (2094268421, 9007, 8);

INSERT INTO `ace_object_properties_bool` (`aceObjectId`, `boolPropertyId`, `propertyValue`)
VALUES (2094268421, 12, True)
     , (2094268421, 11, True)
     , (2094268421, 14, True)
     , (2094268421, 19, True)
     , (2094268421, 1, True);

INSERT INTO `ace_object_texture_map_change` (`aceObjectId`, `index`, `oldId`, `newId`)
VALUES (2094268421, 0, 83891055, 83889857);

INSERT INTO `ace_object_animation_change` (`aceObjectId`, `index`, `animationId`)
VALUES (2094268421, 0, 16780409);

INSERT INTO `ace_object` (`aceObjectId`, `aceObjectDescriptionFlags`, `weenieClassId`, `weenieHeaderFlags`, `currentMotionState`, `physicsDescriptionFlag`)
VALUES (1999667209, 20, 23882, 2097208, NULL, 163841);

INSERT INTO `ace_position` (`aceObjectId`, `positionType`, `landblockRaw`, `posX`, `posY`, `posZ`, `qW`, `qX`, `qY`, `qZ`)
VALUES (1999667209, 1, 1929904152, 63.8046, 186.31, 12, -0.890949, 0, 0, -0.454103);

INSERT INTO `ace_object_properties_string` (`aceObjectId`, `strPropertyId`, `propertyValue`)
VALUES (1999667209, 1, 'Ulgrim''s House');

INSERT INTO `ace_object_properties_did` (`aceObjectId`, `didPropertyId`, `propertyValue`)
VALUES (1999667209, 8, 100668115)
     , (1999667209, 1, 33555088);

INSERT INTO `ace_object_properties_int` (`aceObjectId`, `intPropertyId`, `propertyValue`)
VALUES (1999667209, 53, 101)
     , (1999667209, 1, 128)
     , (1999667209, 5, 9000)
     , (1999667209, 16, 1)
     , (1999667209, 19, 125)
     , (1999667209, 93, 1048)
     , (1999667209, 9007, 8);

INSERT INTO `ace_object_properties_double` (`aceObjectId`, `dblPropertyId`, `propertyValue`)
VALUES (1999667209, 54, 3);

INSERT INTO `ace_object_properties_bool` (`aceObjectId`, `boolPropertyId`, `propertyValue`)
VALUES (1999667209, 12, True)
     , (1999667209, 11, True)
     , (1999667209, 14, True)
     , (1999667209, 19, True)
     , (1999667209, 1, True);

INSERT INTO `ace_object_texture_map_change` (`aceObjectId`, `index`, `oldId`, `newId`)
VALUES (1999667209, 0, 83891055, 83891060);

INSERT INTO `ace_object_animation_change` (`aceObjectId`, `index`, `animationId`)
VALUES (1999667209, 0, 16780409);

INSERT INTO `ace_object` (`aceObjectId`, `aceObjectDescriptionFlags`, `weenieClassId`, `weenieHeaderFlags`, `currentMotionState`, `physicsDescriptionFlag`)
VALUES (2087358501, 20, 12304, 2097176, NULL, 32769);

INSERT INTO `ace_position` (`aceObjectId`, `positionType`, `landblockRaw`, `posX`, `posY`, `posZ`, `qW`, `qX`, `qY`, `qZ`)
VALUES (2087358501, 1, 3332964387, 100.506, 67.5953, 42, 0.707107, 0, 0, -0.707107);

INSERT INTO `ace_object_properties_string` (`aceObjectId`, `strPropertyId`, `propertyValue`)
VALUES (2087358501, 1, 'Agent of the Arcanum ');

INSERT INTO `ace_object_properties_did` (`aceObjectId`, `didPropertyId`, `propertyValue`)
VALUES (2087358501, 8, 100672342)
     , (2087358501, 1, 33557390);

INSERT INTO `ace_object_properties_int` (`aceObjectId`, `intPropertyId`, `propertyValue`)
VALUES (2087358501, 1, 128)
     , (2087358501, 5, 9000)
     , (2087358501, 16, 1)
     , (2087358501, 19, 125)
     , (2087358501, 93, 1048)
     , (2087358501, 9007, 8);

INSERT INTO `ace_object_properties_bool` (`aceObjectId`, `boolPropertyId`, `propertyValue`)
VALUES (2087358501, 12, True)
     , (2087358501, 11, True)
     , (2087358501, 14, True)
     , (2087358501, 19, True)
     , (2087358501, 1, True);

INSERT INTO `ace_object` (`aceObjectId`, `aceObjectDescriptionFlags`, `weenieClassId`, `weenieHeaderFlags`, `currentMotionState`, `physicsDescriptionFlag`)
VALUES (1975107590, 20, 9683, 2097176, NULL, 163841);

INSERT INTO `ace_position` (`aceObjectId`, `positionType`, `landblockRaw`, `posX`, `posY`, `posZ`, `qW`, `qX`, `qY`, `qZ`)
VALUES (1975107590, 1, 1536950309, 104.737, 107.132, 14, 1, 0, 0, 0);

INSERT INTO `ace_object_properties_string` (`aceObjectId`, `strPropertyId`, `propertyValue`)
VALUES (1975107590, 1, 'Danby''s Outpost');

INSERT INTO `ace_object_properties_did` (`aceObjectId`, `didPropertyId`, `propertyValue`)
VALUES (1975107590, 8, 100668115)
     , (1975107590, 1, 33555088);

INSERT INTO `ace_object_properties_int` (`aceObjectId`, `intPropertyId`, `propertyValue`)
VALUES (1975107590, 53, 101)
     , (1975107590, 1, 128)
     , (1975107590, 5, 9000)
     , (1975107590, 16, 1)
     , (1975107590, 19, 125)
     , (1975107590, 93, 1048)
     , (1975107590, 9007, 8);

INSERT INTO `ace_object_properties_bool` (`aceObjectId`, `boolPropertyId`, `propertyValue`)
VALUES (1975107590, 12, True)
     , (1975107590, 11, True)
     , (1975107590, 14, True)
     , (1975107590, 19, True)
     , (1975107590, 1, True);

INSERT INTO `ace_object_texture_map_change` (`aceObjectId`, `index`, `oldId`, `newId`)
VALUES (1975107590, 0, 83891055, 83893300);

INSERT INTO `ace_object_animation_change` (`aceObjectId`, `index`, `animationId`)
VALUES (1975107590, 0, 16780409);

INSERT INTO `ace_object` (`aceObjectId`, `aceObjectDescriptionFlags`, `weenieClassId`, `weenieHeaderFlags`, `currentMotionState`, `physicsDescriptionFlag`)
VALUES (1984778274, 20, 12304, 2097176, NULL, 32769);

INSERT INTO `ace_position` (`aceObjectId`, `positionType`, `landblockRaw`, `posX`, `posY`, `posZ`, `qW`, `qX`, `qY`, `qZ`)
VALUES (1984778274, 1, 1691680786, 56.6276, 42.7309, 78, -0.0107804, 0, 0, -0.999942);

INSERT INTO `ace_object_properties_string` (`aceObjectId`, `strPropertyId`, `propertyValue`)
VALUES (1984778274, 1, 'Agent of the Arcanum ');

INSERT INTO `ace_object_properties_did` (`aceObjectId`, `didPropertyId`, `propertyValue`)
VALUES (1984778274, 8, 100672342)
     , (1984778274, 1, 33557390);

INSERT INTO `ace_object_properties_int` (`aceObjectId`, `intPropertyId`, `propertyValue`)
VALUES (1984778274, 1, 128)
     , (1984778274, 5, 9000)
     , (1984778274, 16, 1)
     , (1984778274, 19, 125)
     , (1984778274, 93, 1048)
     , (1984778274, 9007, 8);

INSERT INTO `ace_object_properties_bool` (`aceObjectId`, `boolPropertyId`, `propertyValue`)
VALUES (1984778274, 12, True)
     , (1984778274, 11, True)
     , (1984778274, 14, True)
     , (1984778274, 19, True)
     , (1984778274, 1, True);

INSERT INTO `ace_object` (`aceObjectId`, `aceObjectDescriptionFlags`, `weenieClassId`, `weenieHeaderFlags`, `currentMotionState`, `physicsDescriptionFlag`)
VALUES (1984778256, 20, 1351, 2097176, NULL, 163841);

INSERT INTO `ace_position` (`aceObjectId`, `positionType`, `landblockRaw`, `posX`, `posY`, `posZ`, `qW`, `qX`, `qY`, `qZ`)
VALUES (1984778256, 1, 1691680821, 145.291, 110.925, 77.78484, 0.817856, 0, 0, -0.575423);

INSERT INTO `ace_object_properties_string` (`aceObjectId`, `strPropertyId`, `propertyValue`)
VALUES (1984778256, 1, 'Sign');

INSERT INTO `ace_object_properties_did` (`aceObjectId`, `didPropertyId`, `propertyValue`)
VALUES (1984778256, 8, 100668115)
     , (1984778256, 1, 33555088);

INSERT INTO `ace_object_properties_int` (`aceObjectId`, `intPropertyId`, `propertyValue`)
VALUES (1984778256, 53, 101)
     , (1984778256, 1, 128)
     , (1984778256, 5, 9000)
     , (1984778256, 16, 1)
     , (1984778256, 19, 125)
     , (1984778256, 93, 1048)
     , (1984778256, 9007, 8);

INSERT INTO `ace_object_properties_bool` (`aceObjectId`, `boolPropertyId`, `propertyValue`)
VALUES (1984778256, 12, True)
     , (1984778256, 11, True)
     , (1984778256, 14, True)
     , (1984778256, 19, True)
     , (1984778256, 1, True);

INSERT INTO `ace_object` (`aceObjectId`, `aceObjectDescriptionFlags`, `weenieClassId`, `weenieHeaderFlags`, `currentMotionState`, `physicsDescriptionFlag`)
VALUES (1924210725, 20, 24585, 2097176, NULL, 163841);

INSERT INTO `ace_position` (`aceObjectId`, `positionType`, `landblockRaw`, `posX`, `posY`, `posZ`, `qW`, `qX`, `qY`, `qZ`)
VALUES (1924210725, 1, 722599985, 145.477, 16.043, 48, 0.707107, 0, 0, -0.707107);

INSERT INTO `ace_object_properties_string` (`aceObjectId`, `strPropertyId`, `propertyValue`)
VALUES (1924210725, 1, 'The Healer''s Home');

INSERT INTO `ace_object_properties_did` (`aceObjectId`, `didPropertyId`, `propertyValue`)
VALUES (1924210725, 8, 100668115)
     , (1924210725, 1, 33555088);

INSERT INTO `ace_object_properties_int` (`aceObjectId`, `intPropertyId`, `propertyValue`)
VALUES (1924210725, 53, 101)
     , (1924210725, 1, 128)
     , (1924210725, 5, 9000)
     , (1924210725, 16, 1)
     , (1924210725, 19, 125)
     , (1924210725, 93, 1048)
     , (1924210725, 9007, 8);

INSERT INTO `ace_object_properties_bool` (`aceObjectId`, `boolPropertyId`, `propertyValue`)
VALUES (1924210725, 12, True)
     , (1924210725, 11, True)
     , (1924210725, 14, True)
     , (1924210725, 19, True)
     , (1924210725, 1, True);

INSERT INTO `ace_object_texture_map_change` (`aceObjectId`, `index`, `oldId`, `newId`)
VALUES (1924210725, 0, 83891055, 83889901);

INSERT INTO `ace_object_animation_change` (`aceObjectId`, `index`, `animationId`)
VALUES (1924210725, 0, 16780409);

INSERT INTO `ace_object` (`aceObjectId`, `aceObjectDescriptionFlags`, `weenieClassId`, `weenieHeaderFlags`, `currentMotionState`, `physicsDescriptionFlag`)
VALUES (1924210724, 20, 24583, 2097176, NULL, 163841);

INSERT INTO `ace_position` (`aceObjectId`, `positionType`, `landblockRaw`, `posX`, `posY`, `posZ`, `qW`, `qX`, `qY`, `qZ`)
VALUES (1924210724, 1, 722599985, 145.42, 7.45886, 48, 0.707107, 0, 0, -0.707107);

INSERT INTO `ace_object_properties_string` (`aceObjectId`, `strPropertyId`, `propertyValue`)
VALUES (1924210724, 1, 'Shot in the Arm Bowyers');

INSERT INTO `ace_object_properties_did` (`aceObjectId`, `didPropertyId`, `propertyValue`)
VALUES (1924210724, 8, 100668115)
     , (1924210724, 1, 33555088);

INSERT INTO `ace_object_properties_int` (`aceObjectId`, `intPropertyId`, `propertyValue`)
VALUES (1924210724, 53, 101)
     , (1924210724, 1, 128)
     , (1924210724, 5, 9000)
     , (1924210724, 16, 1)
     , (1924210724, 19, 125)
     , (1924210724, 93, 1048)
     , (1924210724, 9007, 8);

INSERT INTO `ace_object_properties_bool` (`aceObjectId`, `boolPropertyId`, `propertyValue`)
VALUES (1924210724, 12, True)
     , (1924210724, 11, True)
     , (1924210724, 14, True)
     , (1924210724, 19, True)
     , (1924210724, 1, True);

INSERT INTO `ace_object_texture_map_change` (`aceObjectId`, `index`, `oldId`, `newId`)
VALUES (1924210724, 0, 83891055, 83889907);

INSERT INTO `ace_object_animation_change` (`aceObjectId`, `index`, `animationId`)
VALUES (1924210724, 0, 16780409);

INSERT INTO `ace_object` (`aceObjectId`, `aceObjectDescriptionFlags`, `weenieClassId`, `weenieHeaderFlags`, `currentMotionState`, `physicsDescriptionFlag`)
VALUES (1924210723, 20, 12304, 2097176, NULL, 32769);

INSERT INTO `ace_position` (`aceObjectId`, `positionType`, `landblockRaw`, `posX`, `posY`, `posZ`, `qW`, `qX`, `qY`, `qZ`)
VALUES (1924210723, 1, 722599979, 132.991, 51.912, 48, 0.727249, 0, 0, -0.686374);

INSERT INTO `ace_object_properties_string` (`aceObjectId`, `strPropertyId`, `propertyValue`)
VALUES (1924210723, 1, 'Agent of the Arcanum ');

INSERT INTO `ace_object_properties_did` (`aceObjectId`, `didPropertyId`, `propertyValue`)
VALUES (1924210723, 8, 100672342)
     , (1924210723, 1, 33557390);

INSERT INTO `ace_object_properties_int` (`aceObjectId`, `intPropertyId`, `propertyValue`)
VALUES (1924210723, 1, 128)
     , (1924210723, 5, 9000)
     , (1924210723, 16, 1)
     , (1924210723, 19, 125)
     , (1924210723, 93, 1048)
     , (1924210723, 9007, 8);

INSERT INTO `ace_object_properties_bool` (`aceObjectId`, `boolPropertyId`, `propertyValue`)
VALUES (1924210723, 12, True)
     , (1924210723, 11, True)
     , (1924210723, 14, True)
     , (1924210723, 19, True)
     , (1924210723, 1, True);

INSERT INTO `ace_object` (`aceObjectId`, `aceObjectDescriptionFlags`, `weenieClassId`, `weenieHeaderFlags`, `currentMotionState`, `physicsDescriptionFlag`)
VALUES (1924206642, 20, 24876, 2097176, NULL, 163841);

INSERT INTO `ace_position` (`aceObjectId`, `positionType`, `landblockRaw`, `posX`, `posY`, `posZ`, `qW`, `qX`, `qY`, `qZ`)
VALUES (1924206642, 1, 722534456, 161.279, 168.233, 48, 0.473651, 0, 0, -0.880713);

INSERT INTO `ace_object_properties_string` (`aceObjectId`, `strPropertyId`, `propertyValue`)
VALUES (1924206642, 1, 'House of Bones');

INSERT INTO `ace_object_properties_did` (`aceObjectId`, `didPropertyId`, `propertyValue`)
VALUES (1924206642, 8, 100668115)
     , (1924206642, 1, 33555088);

INSERT INTO `ace_object_properties_int` (`aceObjectId`, `intPropertyId`, `propertyValue`)
VALUES (1924206642, 53, 101)
     , (1924206642, 1, 128)
     , (1924206642, 5, 9000)
     , (1924206642, 16, 1)
     , (1924206642, 19, 125)
     , (1924206642, 93, 1048)
     , (1924206642, 9007, 8);

INSERT INTO `ace_object_properties_bool` (`aceObjectId`, `boolPropertyId`, `propertyValue`)
VALUES (1924206642, 12, True)
     , (1924206642, 11, True)
     , (1924206642, 14, True)
     , (1924206642, 19, True)
     , (1924206642, 1, True);

INSERT INTO `ace_object` (`aceObjectId`, `aceObjectDescriptionFlags`, `weenieClassId`, `weenieHeaderFlags`, `currentMotionState`, `physicsDescriptionFlag`)
VALUES (1924210731, 20, 24582, 2097176, NULL, 163841);

INSERT INTO `ace_position` (`aceObjectId`, `positionType`, `landblockRaw`, `posX`, `posY`, `posZ`, `qW`, `qX`, `qY`, `qZ`)
VALUES (1924210731, 1, 722599955, 68.4772, 51.177, 48, -0.967471, 0, 0, -0.252982);

INSERT INTO `ace_object_properties_string` (`aceObjectId`, `strPropertyId`, `propertyValue`)
VALUES (1924210731, 1, 'Rkos and Ry''zir''s Metalworks');

INSERT INTO `ace_object_properties_did` (`aceObjectId`, `didPropertyId`, `propertyValue`)
VALUES (1924210731, 8, 100668115)
     , (1924210731, 1, 33555088);

INSERT INTO `ace_object_properties_int` (`aceObjectId`, `intPropertyId`, `propertyValue`)
VALUES (1924210731, 53, 101)
     , (1924210731, 1, 128)
     , (1924210731, 5, 9000)
     , (1924210731, 16, 1)
     , (1924210731, 19, 125)
     , (1924210731, 93, 1048)
     , (1924210731, 9007, 8);

INSERT INTO `ace_object_properties_bool` (`aceObjectId`, `boolPropertyId`, `propertyValue`)
VALUES (1924210731, 12, True)
     , (1924210731, 11, True)
     , (1924210731, 14, True)
     , (1924210731, 19, True)
     , (1924210731, 1, True);

INSERT INTO `ace_object_texture_map_change` (`aceObjectId`, `index`, `oldId`, `newId`)
VALUES (1924210731, 0, 83891055, 83889904);

INSERT INTO `ace_object_animation_change` (`aceObjectId`, `index`, `animationId`)
VALUES (1924210731, 0, 16780409);

INSERT INTO `ace_object` (`aceObjectId`, `aceObjectDescriptionFlags`, `weenieClassId`, `weenieHeaderFlags`, `currentMotionState`, `physicsDescriptionFlag`)
VALUES (1924210733, 20, 24581, 2097176, NULL, 32769);

INSERT INTO `ace_position` (`aceObjectId`, `positionType`, `landblockRaw`, `posX`, `posY`, `posZ`, `qW`, `qX`, `qY`, `qZ`)
VALUES (1924210733, 1, 722599947, 24.0339, 71.91, 56.2079, 0.9238797, 0, 0, -0.3826829);

INSERT INTO `ace_object_properties_string` (`aceObjectId`, `strPropertyId`, `propertyValue`)
VALUES (1924210733, 1, 'Lady Dain''s Tower (Archmagus)');

INSERT INTO `ace_object_properties_did` (`aceObjectId`, `didPropertyId`, `propertyValue`)
VALUES (1924210733, 8, 100668115)
     , (1924210733, 1, 33555909);

INSERT INTO `ace_object_properties_int` (`aceObjectId`, `intPropertyId`, `propertyValue`)
VALUES (1924210733, 1, 128)
     , (1924210733, 5, 9000)
     , (1924210733, 16, 1)
     , (1924210733, 19, 125)
     , (1924210733, 93, 24)
     , (1924210733, 9007, 8);

INSERT INTO `ace_object_properties_bool` (`aceObjectId`, `boolPropertyId`, `propertyValue`)
VALUES (1924210733, 12, True)
     , (1924210733, 11, True)
     , (1924210733, 19, True)
     , (1924210733, 1, True);

INSERT INTO `ace_object_texture_map_change` (`aceObjectId`, `index`, `oldId`, `newId`)
VALUES (1924210733, 0, 83892071, 83892184);

INSERT INTO `ace_object_animation_change` (`aceObjectId`, `index`, `animationId`)
VALUES (1924210733, 0, 16783205);

INSERT INTO `ace_object` (`aceObjectId`, `aceObjectDescriptionFlags`, `weenieClassId`, `weenieHeaderFlags`, `currentMotionState`, `physicsDescriptionFlag`)
VALUES (1924206624, 20, 24584, 2097176, NULL, 163841);

INSERT INTO `ace_position` (`aceObjectId`, `positionType`, `landblockRaw`, `posX`, `posY`, `posZ`, `qW`, `qX`, `qY`, `qZ`)
VALUES (1924206624, 1, 722534422, 58.5404, 130.362, 48, -0.382683, 0, 0, -0.92388);

INSERT INTO `ace_object_properties_string` (`aceObjectId`, `strPropertyId`, `propertyValue`)
VALUES (1924206624, 1, 'Sangi''s Goods');

INSERT INTO `ace_object_properties_did` (`aceObjectId`, `didPropertyId`, `propertyValue`)
VALUES (1924206624, 8, 100668115)
     , (1924206624, 1, 33555088);

INSERT INTO `ace_object_properties_int` (`aceObjectId`, `intPropertyId`, `propertyValue`)
VALUES (1924206624, 53, 101)
     , (1924206624, 1, 128)
     , (1924206624, 5, 9000)
     , (1924206624, 16, 1)
     , (1924206624, 19, 125)
     , (1924206624, 93, 1048)
     , (1924206624, 9007, 8);

INSERT INTO `ace_object_properties_bool` (`aceObjectId`, `boolPropertyId`, `propertyValue`)
VALUES (1924206624, 12, True)
     , (1924206624, 11, True)
     , (1924206624, 14, True)
     , (1924206624, 19, True)
     , (1924206624, 1, True);

INSERT INTO `ace_object_texture_map_change` (`aceObjectId`, `index`, `oldId`, `newId`)
VALUES (1924206624, 0, 83891055, 83889906);

INSERT INTO `ace_object_animation_change` (`aceObjectId`, `index`, `animationId`)
VALUES (1924206624, 0, 16780409);

INSERT INTO `ace_object` (`aceObjectId`, `aceObjectDescriptionFlags`, `weenieClassId`, `weenieHeaderFlags`, `currentMotionState`, `physicsDescriptionFlag`)
VALUES (1924206625, 20, 24586, 2097176, NULL, 163841);

INSERT INTO `ace_position` (`aceObjectId`, `positionType`, `landblockRaw`, `posX`, `posY`, `posZ`, `qW`, `qX`, `qY`, `qZ`)
VALUES (1924206625, 1, 722534415, 47.322, 159.913, 48, -0.707107, 0, 0, -0.707107);

INSERT INTO `ace_object_properties_string` (`aceObjectId`, `strPropertyId`, `propertyValue`)
VALUES (1924206625, 1, 'The Ravenous Mattekar Tavern');

INSERT INTO `ace_object_properties_did` (`aceObjectId`, `didPropertyId`, `propertyValue`)
VALUES (1924206625, 8, 100668115)
     , (1924206625, 1, 33555088);

INSERT INTO `ace_object_properties_int` (`aceObjectId`, `intPropertyId`, `propertyValue`)
VALUES (1924206625, 53, 101)
     , (1924206625, 1, 128)
     , (1924206625, 5, 9000)
     , (1924206625, 16, 1)
     , (1924206625, 19, 125)
     , (1924206625, 93, 1048)
     , (1924206625, 9007, 8);

INSERT INTO `ace_object_properties_bool` (`aceObjectId`, `boolPropertyId`, `propertyValue`)
VALUES (1924206625, 12, True)
     , (1924206625, 11, True)
     , (1924206625, 14, True)
     , (1924206625, 19, True)
     , (1924206625, 1, True);

INSERT INTO `ace_object_texture_map_change` (`aceObjectId`, `index`, `oldId`, `newId`)
VALUES (1924206625, 0, 83891055, 83891060);

INSERT INTO `ace_object_animation_change` (`aceObjectId`, `index`, `animationId`)
VALUES (1924206625, 0, 16780409);

INSERT INTO `ace_object` (`aceObjectId`, `aceObjectDescriptionFlags`, `weenieClassId`, `weenieHeaderFlags`, `currentMotionState`, `physicsDescriptionFlag`)
VALUES (2095665216, 20, 12304, 2097176, NULL, 32769);

INSERT INTO `ace_position` (`aceObjectId`, `positionType`, `landblockRaw`, `posX`, `posY`, `posZ`, `qW`, `qX`, `qY`, `qZ`)
VALUES (2095665216, 1, 3465871362, 20.037, 44.7093, 20, -0.717863, 0, 0, -0.696184);

INSERT INTO `ace_object_properties_string` (`aceObjectId`, `strPropertyId`, `propertyValue`)
VALUES (2095665216, 1, 'Agent of the Arcanum ');

INSERT INTO `ace_object_properties_did` (`aceObjectId`, `didPropertyId`, `propertyValue`)
VALUES (2095665216, 8, 100672342)
     , (2095665216, 1, 33557390);

INSERT INTO `ace_object_properties_int` (`aceObjectId`, `intPropertyId`, `propertyValue`)
VALUES (2095665216, 1, 128)
     , (2095665216, 5, 9000)
     , (2095665216, 16, 1)
     , (2095665216, 19, 125)
     , (2095665216, 93, 1048)
     , (2095665216, 9007, 8);

INSERT INTO `ace_object_properties_bool` (`aceObjectId`, `boolPropertyId`, `propertyValue`)
VALUES (2095665216, 12, True)
     , (2095665216, 11, True)
     , (2095665216, 14, True)
     , (2095665216, 19, True)
     , (2095665216, 1, True);

INSERT INTO `ace_object` (`aceObjectId`, `aceObjectDescriptionFlags`, `weenieClassId`, `weenieHeaderFlags`, `currentMotionState`, `physicsDescriptionFlag`)
VALUES (2045939721, 20, 25797, 2097176, NULL, 163841);

INSERT INTO `ace_position` (`aceObjectId`, `positionType`, `landblockRaw`, `posX`, `posY`, `posZ`, `qW`, `qX`, `qY`, `qZ`)
VALUES (2045939721, 1, 2670264335, 43.7382, 157.952, 290, 0.0195368, 0, 0, 0.999809);

INSERT INTO `ace_object_properties_string` (`aceObjectId`, `strPropertyId`, `propertyValue`)
VALUES (2045939721, 1, 'Frost Haven ');

INSERT INTO `ace_object_properties_did` (`aceObjectId`, `didPropertyId`, `propertyValue`)
VALUES (2045939721, 8, 100668115)
     , (2045939721, 1, 33555088);

INSERT INTO `ace_object_properties_int` (`aceObjectId`, `intPropertyId`, `propertyValue`)
VALUES (2045939721, 53, 101)
     , (2045939721, 1, 128)
     , (2045939721, 5, 9000)
     , (2045939721, 16, 1)
     , (2045939721, 19, 125)
     , (2045939721, 93, 1048)
     , (2045939721, 9007, 8);

INSERT INTO `ace_object_properties_bool` (`aceObjectId`, `boolPropertyId`, `propertyValue`)
VALUES (2045939721, 12, True)
     , (2045939721, 11, True)
     , (2045939721, 14, True)
     , (2045939721, 19, True)
     , (2045939721, 1, True);

INSERT INTO `ace_object` (`aceObjectId`, `aceObjectDescriptionFlags`, `weenieClassId`, `weenieHeaderFlags`, `currentMotionState`, `physicsDescriptionFlag`)
VALUES (1880969216, 20, 1351, 2097176, NULL, 163841);

INSERT INTO `ace_position` (`aceObjectId`, `positionType`, `landblockRaw`, `posX`, `posY`, `posZ`, `qW`, `qX`, `qY`, `qZ`)
VALUES (1880969216, 1, 30736642, 3.94827, -16.1174, 6, -0.300706, 0, 0, -0.953717);

INSERT INTO `ace_object_properties_string` (`aceObjectId`, `strPropertyId`, `propertyValue`)
VALUES (1880969216, 1, 'Sign');

INSERT INTO `ace_object_properties_did` (`aceObjectId`, `didPropertyId`, `propertyValue`)
VALUES (1880969216, 8, 100668115)
     , (1880969216, 1, 33555088);

INSERT INTO `ace_object_properties_int` (`aceObjectId`, `intPropertyId`, `propertyValue`)
VALUES (1880969216, 53, 101)
     , (1880969216, 1, 128)
     , (1880969216, 5, 9000)
     , (1880969216, 16, 1)
     , (1880969216, 19, 125)
     , (1880969216, 93, 1048)
     , (1880969216, 9007, 8);

INSERT INTO `ace_object_properties_bool` (`aceObjectId`, `boolPropertyId`, `propertyValue`)
VALUES (1880969216, 12, True)
     , (1880969216, 11, True)
     , (1880969216, 14, True)
     , (1880969216, 19, True)
     , (1880969216, 1, True);

INSERT INTO `ace_object` (`aceObjectId`, `aceObjectDescriptionFlags`, `weenieClassId`, `weenieHeaderFlags`, `currentMotionState`, `physicsDescriptionFlag`)
VALUES (1916641298, 20, 31218, 2097176, NULL, 163841);

INSERT INTO `ace_position` (`aceObjectId`, `positionType`, `landblockRaw`, `posX`, `posY`, `posZ`, `qW`, `qX`, `qY`, `qZ`)
VALUES (1916641298, 1, 601489452, 128, 87, 2, -0.707107, 0, 0, -0.707107);

INSERT INTO `ace_object_properties_string` (`aceObjectId`, `strPropertyId`, `propertyValue`)
VALUES (1916641298, 1, 'Westwatch Outpost');

INSERT INTO `ace_object_properties_did` (`aceObjectId`, `didPropertyId`, `propertyValue`)
VALUES (1916641298, 8, 100668115)
     , (1916641298, 1, 33555088);

INSERT INTO `ace_object_properties_int` (`aceObjectId`, `intPropertyId`, `propertyValue`)
VALUES (1916641298, 53, 101)
     , (1916641298, 1, 128)
     , (1916641298, 5, 9000)
     , (1916641298, 16, 1)
     , (1916641298, 19, 125)
     , (1916641298, 93, 24)
     , (1916641298, 9007, 8);

INSERT INTO `ace_object_properties_bool` (`aceObjectId`, `boolPropertyId`, `propertyValue`)
VALUES (1916641298, 12, True)
     , (1916641298, 11, True)
     , (1916641298, 19, True)
     , (1916641298, 1, True);

INSERT INTO `ace_object` (`aceObjectId`, `aceObjectDescriptionFlags`, `weenieClassId`, `weenieHeaderFlags`, `currentMotionState`, `physicsDescriptionFlag`)
VALUES (1916641297, 20, 31218, 2097176, NULL, 163841);

INSERT INTO `ace_position` (`aceObjectId`, `positionType`, `landblockRaw`, `posX`, `posY`, `posZ`, `qW`, `qX`, `qY`, `qZ`)
VALUES (1916641297, 1, 601489444, 100, 83, 2, 1, 0, 0, 0);

INSERT INTO `ace_object_properties_string` (`aceObjectId`, `strPropertyId`, `propertyValue`)
VALUES (1916641297, 1, 'Westwatch Outpost');

INSERT INTO `ace_object_properties_did` (`aceObjectId`, `didPropertyId`, `propertyValue`)
VALUES (1916641297, 8, 100668115)
     , (1916641297, 1, 33555088);

INSERT INTO `ace_object_properties_int` (`aceObjectId`, `intPropertyId`, `propertyValue`)
VALUES (1916641297, 53, 101)
     , (1916641297, 1, 128)
     , (1916641297, 5, 9000)
     , (1916641297, 16, 1)
     , (1916641297, 19, 125)
     , (1916641297, 93, 24)
     , (1916641297, 9007, 8);

INSERT INTO `ace_object_properties_bool` (`aceObjectId`, `boolPropertyId`, `propertyValue`)
VALUES (1916641297, 12, True)
     , (1916641297, 11, True)
     , (1916641297, 19, True)
     , (1916641297, 1, True);

INSERT INTO `ace_object` (`aceObjectId`, `aceObjectDescriptionFlags`, `weenieClassId`, `weenieHeaderFlags`, `currentMotionState`, `physicsDescriptionFlag`)
VALUES (1956577287, 20, 31219, 2097176, NULL, 163841);

INSERT INTO `ace_position` (`aceObjectId`, `positionType`, `landblockRaw`, `posX`, `posY`, `posZ`, `qW`, `qX`, `qY`, `qZ`)
VALUES (1956577287, 1, 1240465443, 108, 62, 170, 0.707107, 0, 0, -0.707107);

INSERT INTO `ace_object_properties_string` (`aceObjectId`, `strPropertyId`, `propertyValue`)
VALUES (1956577287, 1, 'Eastwatch Outpost');

INSERT INTO `ace_object_properties_did` (`aceObjectId`, `didPropertyId`, `propertyValue`)
VALUES (1956577287, 8, 100668115)
     , (1956577287, 1, 33555088);

INSERT INTO `ace_object_properties_int` (`aceObjectId`, `intPropertyId`, `propertyValue`)
VALUES (1956577287, 53, 101)
     , (1956577287, 1, 128)
     , (1956577287, 5, 9000)
     , (1956577287, 16, 1)
     , (1956577287, 19, 125)
     , (1956577287, 93, 24)
     , (1956577287, 9007, 8);

INSERT INTO `ace_object_properties_bool` (`aceObjectId`, `boolPropertyId`, `propertyValue`)
VALUES (1956577287, 12, True)
     , (1956577287, 11, True)
     , (1956577287, 19, True)
     , (1956577287, 1, True);

INSERT INTO `ace_object` (`aceObjectId`, `aceObjectDescriptionFlags`, `weenieClassId`, `weenieHeaderFlags`, `currentMotionState`, `physicsDescriptionFlag`)
VALUES (2138587342, 20, 22718, 2097176, NULL, 163841);

INSERT INTO `ace_position` (`aceObjectId`, `positionType`, `landblockRaw`, `posX`, `posY`, `posZ`, `qW`, `qX`, `qY`, `qZ`)
VALUES (2138587342, 1, 4152623119, 31.1431, 145.591, 42, 0.983398, 0, 0, -0.181459);

INSERT INTO `ace_object_properties_string` (`aceObjectId`, `strPropertyId`, `propertyValue`)
VALUES (2138587342, 1, 'Tusker Emporium Sign');

INSERT INTO `ace_object_properties_did` (`aceObjectId`, `didPropertyId`, `propertyValue`)
VALUES (2138587342, 8, 100668115)
     , (2138587342, 1, 33555088);

INSERT INTO `ace_object_properties_int` (`aceObjectId`, `intPropertyId`, `propertyValue`)
VALUES (2138587342, 53, 101)
     , (2138587342, 1, 128)
     , (2138587342, 5, 9000)
     , (2138587342, 16, 1)
     , (2138587342, 19, 125)
     , (2138587342, 93, 24)
     , (2138587342, 9007, 8);

INSERT INTO `ace_object_properties_bool` (`aceObjectId`, `boolPropertyId`, `propertyValue`)
VALUES (2138587342, 12, True)
     , (2138587342, 11, True)
     , (2138587342, 19, True)
     , (2138587342, 1, True);

INSERT INTO `ace_object` (`aceObjectId`, `aceObjectDescriptionFlags`, `weenieClassId`, `weenieHeaderFlags`, `currentMotionState`, `physicsDescriptionFlag`)
VALUES (2103791622, 20, 5079, 2097176, NULL, 163841);

INSERT INTO `ace_position` (`aceObjectId`, `positionType`, `landblockRaw`, `posX`, `posY`, `posZ`, `qW`, `qX`, `qY`, `qZ`)
VALUES (2103791622, 1, 3595894837, 158.61, 100.624, 44, -0.999624, 0, 0, 0.0274335);

INSERT INTO `ace_object_properties_string` (`aceObjectId`, `strPropertyId`, `propertyValue`)
VALUES (2103791622, 1, 'West Shoushi Outpost');

INSERT INTO `ace_object_properties_did` (`aceObjectId`, `didPropertyId`, `propertyValue`)
VALUES (2103791622, 8, 100668115)
     , (2103791622, 1, 33555088);

INSERT INTO `ace_object_properties_int` (`aceObjectId`, `intPropertyId`, `propertyValue`)
VALUES (2103791622, 53, 101)
     , (2103791622, 1, 128)
     , (2103791622, 5, 9000)
     , (2103791622, 16, 1)
     , (2103791622, 19, 125)
     , (2103791622, 93, 24)
     , (2103791622, 9007, 8);

INSERT INTO `ace_object_properties_bool` (`aceObjectId`, `boolPropertyId`, `propertyValue`)
VALUES (2103791622, 12, True)
     , (2103791622, 11, True)
     , (2103791622, 19, True)
     , (2103791622, 1, True);

INSERT INTO `ace_object` (`aceObjectId`, `aceObjectDescriptionFlags`, `weenieClassId`, `weenieHeaderFlags`, `currentMotionState`, `physicsDescriptionFlag`)
VALUES (2056994875, 20, 12304, 2097176, NULL, 32769);

INSERT INTO `ace_position` (`aceObjectId`, `positionType`, `landblockRaw`, `posX`, `posY`, `posZ`, `qW`, `qX`, `qY`, `qZ`)
VALUES (2056994875, 1, 2847146033, 150.459, 17.8832, 94, 0.330031, 0, 0, -0.94397);

INSERT INTO `ace_object_properties_string` (`aceObjectId`, `strPropertyId`, `propertyValue`)
VALUES (2056994875, 1, 'Agent of the Arcanum ');

INSERT INTO `ace_object_properties_did` (`aceObjectId`, `didPropertyId`, `propertyValue`)
VALUES (2056994875, 8, 100672342)
     , (2056994875, 1, 33557390);

INSERT INTO `ace_object_properties_int` (`aceObjectId`, `intPropertyId`, `propertyValue`)
VALUES (2056994875, 1, 128)
     , (2056994875, 5, 9000)
     , (2056994875, 16, 1)
     , (2056994875, 19, 125)
     , (2056994875, 93, 1048)
     , (2056994875, 9007, 8);

INSERT INTO `ace_object_properties_bool` (`aceObjectId`, `boolPropertyId`, `propertyValue`)
VALUES (2056994875, 12, True)
     , (2056994875, 11, True)
     , (2056994875, 14, True)
     , (2056994875, 19, True)
     , (2056994875, 1, True);

INSERT INTO `ace_object` (`aceObjectId`, `aceObjectDescriptionFlags`, `weenieClassId`, `weenieHeaderFlags`, `currentMotionState`, `physicsDescriptionFlag`)
VALUES (2056994859, 20, 705, 2097176, NULL, 163845);

INSERT INTO `ace_position` (`aceObjectId`, `positionType`, `landblockRaw`, `posX`, `posY`, `posZ`, `qW`, `qX`, `qY`, `qZ`)
VALUES (2056994859, 1, 2847146010, 83.0935, 34.4459, 94.08, 0.926529, 0, 0, 0.376224);

INSERT INTO `ace_object_properties_string` (`aceObjectId`, `strPropertyId`, `propertyValue`)
VALUES (2056994859, 1, 'Fispur''s Foodstuffs');

INSERT INTO `ace_object_properties_did` (`aceObjectId`, `didPropertyId`, `propertyValue`)
VALUES (2056994859, 8, 100668115)
     , (2056994859, 1, 33555088);

INSERT INTO `ace_object_properties_int` (`aceObjectId`, `intPropertyId`, `propertyValue`)
VALUES (2056994859, 53, 101)
     , (2056994859, 1, 128)
     , (2056994859, 5, 9000)
     , (2056994859, 16, 1)
     , (2056994859, 19, 125)
     , (2056994859, 93, 1048)
     , (2056994859, 9007, 8);

INSERT INTO `ace_object_properties_bool` (`aceObjectId`, `boolPropertyId`, `propertyValue`)
VALUES (2056994859, 12, True)
     , (2056994859, 11, True)
     , (2056994859, 14, True)
     , (2056994859, 19, True)
     , (2056994859, 1, True);

INSERT INTO `ace_object_texture_map_change` (`aceObjectId`, `index`, `oldId`, `newId`)
VALUES (2056994859, 0, 83891055, 83889906);

INSERT INTO `ace_object_animation_change` (`aceObjectId`, `index`, `animationId`)
VALUES (2056994859, 0, 16780409);

INSERT INTO `ace_object` (`aceObjectId`, `aceObjectDescriptionFlags`, `weenieClassId`, `weenieHeaderFlags`, `currentMotionState`, `physicsDescriptionFlag`)
VALUES (2056994861, 20, 708, 2097176, NULL, 163845);

INSERT INTO `ace_position` (`aceObjectId`, `positionType`, `landblockRaw`, `posX`, `posY`, `posZ`, `qW`, `qX`, `qY`, `qZ`)
VALUES (2056994861, 1, 2847146018, 119.146, 37.3987, 94.08, 0.709571, 0, 0, 0.704634);

INSERT INTO `ace_object_properties_string` (`aceObjectId`, `strPropertyId`, `propertyValue`)
VALUES (2056994861, 1, 'Helm and Shield');

INSERT INTO `ace_object_properties_did` (`aceObjectId`, `didPropertyId`, `propertyValue`)
VALUES (2056994861, 8, 100668115)
     , (2056994861, 1, 33555088);

INSERT INTO `ace_object_properties_int` (`aceObjectId`, `intPropertyId`, `propertyValue`)
VALUES (2056994861, 53, 101)
     , (2056994861, 1, 128)
     , (2056994861, 5, 9000)
     , (2056994861, 16, 1)
     , (2056994861, 19, 125)
     , (2056994861, 93, 1048)
     , (2056994861, 9007, 8);

INSERT INTO `ace_object_properties_bool` (`aceObjectId`, `boolPropertyId`, `propertyValue`)
VALUES (2056994861, 12, True)
     , (2056994861, 11, True)
     , (2056994861, 14, True)
     , (2056994861, 19, True)
     , (2056994861, 1, True);

INSERT INTO `ace_object_texture_map_change` (`aceObjectId`, `index`, `oldId`, `newId`)
VALUES (2056994861, 0, 83891055, 83891060);

INSERT INTO `ace_object_animation_change` (`aceObjectId`, `index`, `animationId`)
VALUES (2056994861, 0, 16780409);

INSERT INTO `ace_object` (`aceObjectId`, `aceObjectDescriptionFlags`, `weenieClassId`, `weenieHeaderFlags`, `currentMotionState`, `physicsDescriptionFlag`)
VALUES (2056994858, 20, 709, 2097176, NULL, 163845);

INSERT INTO `ace_position` (`aceObjectId`, `positionType`, `landblockRaw`, `posX`, `posY`, `posZ`, `qW`, `qX`, `qY`, `qZ`)
VALUES (2056994858, 1, 2847146006, 55.7352, 140.704, 66.12, 0.000872687, -4.06377E-13, -4.65661E-10, 1);

INSERT INTO `ace_object_properties_string` (`aceObjectId`, `strPropertyId`, `propertyValue`)
VALUES (2056994858, 1, 'Ecutha''s Raiments');

INSERT INTO `ace_object_properties_did` (`aceObjectId`, `didPropertyId`, `propertyValue`)
VALUES (2056994858, 8, 100668115)
     , (2056994858, 1, 33555088);

INSERT INTO `ace_object_properties_int` (`aceObjectId`, `intPropertyId`, `propertyValue`)
VALUES (2056994858, 53, 101)
     , (2056994858, 1, 128)
     , (2056994858, 5, 9000)
     , (2056994858, 16, 1)
     , (2056994858, 19, 125)
     , (2056994858, 93, 1048)
     , (2056994858, 9007, 8);

INSERT INTO `ace_object_properties_bool` (`aceObjectId`, `boolPropertyId`, `propertyValue`)
VALUES (2056994858, 12, True)
     , (2056994858, 11, True)
     , (2056994858, 14, True)
     , (2056994858, 19, True)
     , (2056994858, 1, True);

INSERT INTO `ace_object_texture_map_change` (`aceObjectId`, `index`, `oldId`, `newId`)
VALUES (2056994858, 0, 83891055, 83889899);

INSERT INTO `ace_object_animation_change` (`aceObjectId`, `index`, `animationId`)
VALUES (2056994858, 0, 16780409);

INSERT INTO `ace_object` (`aceObjectId`, `aceObjectDescriptionFlags`, `weenieClassId`, `weenieHeaderFlags`, `currentMotionState`, `physicsDescriptionFlag`)
VALUES (2056994860, 20, 706, 2097176, NULL, 163845);

INSERT INTO `ace_position` (`aceObjectId`, `positionType`, `landblockRaw`, `posX`, `posY`, `posZ`, `qW`, `qX`, `qY`, `qZ`)
VALUES (2056994860, 1, 2847145999, 36.5961, 157.826, 66.12, 0.920845, 0, 0, 0.389928);

INSERT INTO `ace_object_properties_string` (`aceObjectId`, `strPropertyId`, `propertyValue`)
VALUES (2056994860, 1, 'Thelnoth''s Remedies');

INSERT INTO `ace_object_properties_did` (`aceObjectId`, `didPropertyId`, `propertyValue`)
VALUES (2056994860, 8, 100668115)
     , (2056994860, 1, 33555088);

INSERT INTO `ace_object_properties_int` (`aceObjectId`, `intPropertyId`, `propertyValue`)
VALUES (2056994860, 53, 101)
     , (2056994860, 1, 128)
     , (2056994860, 5, 9000)
     , (2056994860, 16, 1)
     , (2056994860, 19, 125)
     , (2056994860, 93, 1048)
     , (2056994860, 9007, 8);

INSERT INTO `ace_object_properties_bool` (`aceObjectId`, `boolPropertyId`, `propertyValue`)
VALUES (2056994860, 12, True)
     , (2056994860, 11, True)
     , (2056994860, 14, True)
     , (2056994860, 19, True)
     , (2056994860, 1, True);

INSERT INTO `ace_object_texture_map_change` (`aceObjectId`, `index`, `oldId`, `newId`)
VALUES (2056994860, 0, 83891055, 83889901);

INSERT INTO `ace_object_animation_change` (`aceObjectId`, `index`, `animationId`)
VALUES (2056994860, 0, 16780409);

INSERT INTO `ace_object` (`aceObjectId`, `aceObjectDescriptionFlags`, `weenieClassId`, `weenieHeaderFlags`, `currentMotionState`, `physicsDescriptionFlag`)
VALUES (2056994857, 20, 704, 2097176, NULL, 163845);

INSERT INTO `ace_position` (`aceObjectId`, `positionType`, `landblockRaw`, `posX`, `posY`, `posZ`, `qW`, `qX`, `qY`, `qZ`)
VALUES (2056994857, 1, 2847146022, 111.294, 131.409, 66.12, 0.713862, 0, 0, 0.700287);

INSERT INTO `ace_object_properties_string` (`aceObjectId`, `strPropertyId`, `propertyValue`)
VALUES (2056994857, 1, 'The Taut String');

INSERT INTO `ace_object_properties_did` (`aceObjectId`, `didPropertyId`, `propertyValue`)
VALUES (2056994857, 8, 100668115)
     , (2056994857, 1, 33555088);

INSERT INTO `ace_object_properties_int` (`aceObjectId`, `intPropertyId`, `propertyValue`)
VALUES (2056994857, 53, 101)
     , (2056994857, 1, 128)
     , (2056994857, 5, 9000)
     , (2056994857, 16, 1)
     , (2056994857, 19, 125)
     , (2056994857, 93, 1048)
     , (2056994857, 9007, 8);

INSERT INTO `ace_object_properties_bool` (`aceObjectId`, `boolPropertyId`, `propertyValue`)
VALUES (2056994857, 12, True)
     , (2056994857, 11, True)
     , (2056994857, 14, True)
     , (2056994857, 19, True)
     , (2056994857, 1, True);

INSERT INTO `ace_object_texture_map_change` (`aceObjectId`, `index`, `oldId`, `newId`)
VALUES (2056994857, 0, 83891055, 83889907);

INSERT INTO `ace_object_animation_change` (`aceObjectId`, `index`, `animationId`)
VALUES (2056994857, 0, 16780409);

INSERT INTO `ace_object` (`aceObjectId`, `aceObjectDescriptionFlags`, `weenieClassId`, `weenieHeaderFlags`, `currentMotionState`, `physicsDescriptionFlag`)
VALUES (2056994862, 20, 707, 2097176, NULL, 163845);

INSERT INTO `ace_position` (`aceObjectId`, `positionType`, `landblockRaw`, `posX`, `posY`, `posZ`, `qW`, `qX`, `qY`, `qZ`)
VALUES (2056994862, 1, 2847146038, 145.9, 132.545, 66.12, 0.896003, 0, 0, -0.444049);

INSERT INTO `ace_object_properties_string` (`aceObjectId`, `strPropertyId`, `propertyValue`)
VALUES (2056994862, 1, 'Monyra''s Jewels');

INSERT INTO `ace_object_properties_did` (`aceObjectId`, `didPropertyId`, `propertyValue`)
VALUES (2056994862, 8, 100668115)
     , (2056994862, 1, 33555088);

INSERT INTO `ace_object_properties_int` (`aceObjectId`, `intPropertyId`, `propertyValue`)
VALUES (2056994862, 53, 101)
     , (2056994862, 1, 128)
     , (2056994862, 5, 9000)
     , (2056994862, 16, 1)
     , (2056994862, 19, 125)
     , (2056994862, 93, 1048)
     , (2056994862, 9007, 8);

INSERT INTO `ace_object_properties_bool` (`aceObjectId`, `boolPropertyId`, `propertyValue`)
VALUES (2056994862, 12, True)
     , (2056994862, 11, True)
     , (2056994862, 14, True)
     , (2056994862, 19, True)
     , (2056994862, 1, True);

INSERT INTO `ace_object_texture_map_change` (`aceObjectId`, `index`, `oldId`, `newId`)
VALUES (2056994862, 0, 83891055, 83889909);

INSERT INTO `ace_object_animation_change` (`aceObjectId`, `index`, `animationId`)
VALUES (2056994862, 0, 16780409);

INSERT INTO `ace_object` (`aceObjectId`, `aceObjectDescriptionFlags`, `weenieClassId`, `weenieHeaderFlags`, `currentMotionState`, `physicsDescriptionFlag`)
VALUES (2056978448, 20, 5068, 2097176, NULL, 163841);

INSERT INTO `ace_position` (`aceObjectId`, `positionType`, `landblockRaw`, `posX`, `posY`, `posZ`, `qW`, `qX`, `qY`, `qZ`)
VALUES (2056978448, 1, 2846883855, 34.487, 149.278, 58, 1, 0, 0, 0);

INSERT INTO `ace_object_properties_string` (`aceObjectId`, `strPropertyId`, `propertyValue`)
VALUES (2056978448, 1, 'South Holtburg Outpost');

INSERT INTO `ace_object_properties_did` (`aceObjectId`, `didPropertyId`, `propertyValue`)
VALUES (2056978448, 8, 100668115)
     , (2056978448, 1, 33555088);

INSERT INTO `ace_object_properties_int` (`aceObjectId`, `intPropertyId`, `propertyValue`)
VALUES (2056978448, 53, 101)
     , (2056978448, 1, 128)
     , (2056978448, 5, 9000)
     , (2056978448, 16, 1)
     , (2056978448, 19, 125)
     , (2056978448, 93, 24)
     , (2056978448, 9007, 8);

INSERT INTO `ace_object_properties_bool` (`aceObjectId`, `boolPropertyId`, `propertyValue`)
VALUES (2056978448, 12, True)
     , (2056978448, 11, True)
     , (2056978448, 19, True)
     , (2056978448, 1, True);

INSERT INTO `ace_object` (`aceObjectId`, `aceObjectDescriptionFlags`, `weenieClassId`, `weenieHeaderFlags`, `currentMotionState`, `physicsDescriptionFlag`)
VALUES (2076831782, 20, 681, 2097176, NULL, 163841);

INSERT INTO `ace_position` (`aceObjectId`, `positionType`, `landblockRaw`, `posX`, `posY`, `posZ`, `qW`, `qX`, `qY`, `qZ`)
VALUES (2076831782, 1, 3164536837, 22.1431, 103.561, 70, 0.92751, 0, 0, 0.373797);

INSERT INTO `ace_object_properties_string` (`aceObjectId`, `strPropertyId`, `propertyValue`)
VALUES (2076831782, 1, 'Hildar House ');

INSERT INTO `ace_object_properties_did` (`aceObjectId`, `didPropertyId`, `propertyValue`)
VALUES (2076831782, 8, 100668115)
     , (2076831782, 1, 33555088);

INSERT INTO `ace_object_properties_int` (`aceObjectId`, `intPropertyId`, `propertyValue`)
VALUES (2076831782, 53, 101)
     , (2076831782, 1, 128)
     , (2076831782, 5, 9000)
     , (2076831782, 16, 1)
     , (2076831782, 19, 125)
     , (2076831782, 93, 1048)
     , (2076831782, 9007, 8);

INSERT INTO `ace_object_properties_bool` (`aceObjectId`, `boolPropertyId`, `propertyValue`)
VALUES (2076831782, 12, True)
     , (2076831782, 11, True)
     , (2076831782, 14, True)
     , (2076831782, 19, True)
     , (2076831782, 1, True);

INSERT INTO `ace_object_texture_map_change` (`aceObjectId`, `index`, `oldId`, `newId`)
VALUES (2076831782, 0, 83891055, 83889901);

INSERT INTO `ace_object_animation_change` (`aceObjectId`, `index`, `animationId`)
VALUES (2076831782, 0, 16780409);

INSERT INTO `ace_object` (`aceObjectId`, `aceObjectDescriptionFlags`, `weenieClassId`, `weenieHeaderFlags`, `currentMotionState`, `physicsDescriptionFlag`)
VALUES (2076831781, 20, 685, 2097176, NULL, 163841);

INSERT INTO `ace_position` (`aceObjectId`, `positionType`, `landblockRaw`, `posX`, `posY`, `posZ`, `qW`, `qX`, `qY`, `qZ`)
VALUES (2076831781, 1, 3164536861, 86.06, 97.1002, 54, 1, 0, 0, 0);

INSERT INTO `ace_object_properties_string` (`aceObjectId`, `strPropertyId`, `propertyValue`)
VALUES (2076831781, 1, 'Thorsten''s Rest');

INSERT INTO `ace_object_properties_did` (`aceObjectId`, `didPropertyId`, `propertyValue`)
VALUES (2076831781, 8, 100668115)
     , (2076831781, 1, 33555088);

INSERT INTO `ace_object_properties_int` (`aceObjectId`, `intPropertyId`, `propertyValue`)
VALUES (2076831781, 53, 101)
     , (2076831781, 1, 128)
     , (2076831781, 5, 9000)
     , (2076831781, 16, 1)
     , (2076831781, 19, 125)
     , (2076831781, 93, 1048)
     , (2076831781, 9007, 8);

INSERT INTO `ace_object_properties_bool` (`aceObjectId`, `boolPropertyId`, `propertyValue`)
VALUES (2076831781, 12, True)
     , (2076831781, 11, True)
     , (2076831781, 14, True)
     , (2076831781, 19, True)
     , (2076831781, 1, True);

INSERT INTO `ace_object_texture_map_change` (`aceObjectId`, `index`, `oldId`, `newId`)
VALUES (2076831781, 0, 83891055, 83891060);

INSERT INTO `ace_object_animation_change` (`aceObjectId`, `index`, `animationId`)
VALUES (2076831781, 0, 16780409);

INSERT INTO `ace_object` (`aceObjectId`, `aceObjectDescriptionFlags`, `weenieClassId`, `weenieHeaderFlags`, `currentMotionState`, `physicsDescriptionFlag`)
VALUES (2076831787, 20, 685, 2097176, NULL, 163841);

INSERT INTO `ace_position` (`aceObjectId`, `positionType`, `landblockRaw`, `posX`, `posY`, `posZ`, `qW`, `qX`, `qY`, `qZ`)
VALUES (2076831787, 1, 3164536861, 82.55, 118.85, 54, 0.0113435, 0, 0, 0.999936);

INSERT INTO `ace_object_properties_string` (`aceObjectId`, `strPropertyId`, `propertyValue`)
VALUES (2076831787, 1, 'Thorsten''s Rest');

INSERT INTO `ace_object_properties_did` (`aceObjectId`, `didPropertyId`, `propertyValue`)
VALUES (2076831787, 8, 100668115)
     , (2076831787, 1, 33555088);

INSERT INTO `ace_object_properties_int` (`aceObjectId`, `intPropertyId`, `propertyValue`)
VALUES (2076831787, 53, 101)
     , (2076831787, 1, 128)
     , (2076831787, 5, 9000)
     , (2076831787, 16, 1)
     , (2076831787, 19, 125)
     , (2076831787, 93, 1048)
     , (2076831787, 9007, 8);

INSERT INTO `ace_object_properties_bool` (`aceObjectId`, `boolPropertyId`, `propertyValue`)
VALUES (2076831787, 12, True)
     , (2076831787, 11, True)
     , (2076831787, 14, True)
     , (2076831787, 19, True)
     , (2076831787, 1, True);

INSERT INTO `ace_object_texture_map_change` (`aceObjectId`, `index`, `oldId`, `newId`)
VALUES (2076831787, 0, 83891055, 83891060);

INSERT INTO `ace_object_animation_change` (`aceObjectId`, `index`, `animationId`)
VALUES (2076831787, 0, 16780409);

INSERT INTO `ace_object` (`aceObjectId`, `aceObjectDescriptionFlags`, `weenieClassId`, `weenieHeaderFlags`, `currentMotionState`, `physicsDescriptionFlag`)
VALUES (2076831786, 20, 682, 2097176, NULL, 163841);

INSERT INTO `ace_position` (`aceObjectId`, `positionType`, `landblockRaw`, `posX`, `posY`, `posZ`, `qW`, `qX`, `qY`, `qZ`)
VALUES (2076831786, 1, 3164536885, 165.375, 98.84, 32, 0.706489, 0, 0, 0.707724);

INSERT INTO `ace_object_properties_string` (`aceObjectId`, `strPropertyId`, `propertyValue`)
VALUES (2076831786, 1, 'Gems and Jewels');

INSERT INTO `ace_object_properties_did` (`aceObjectId`, `didPropertyId`, `propertyValue`)
VALUES (2076831786, 8, 100668115)
     , (2076831786, 1, 33555088);

INSERT INTO `ace_object_properties_int` (`aceObjectId`, `intPropertyId`, `propertyValue`)
VALUES (2076831786, 53, 101)
     , (2076831786, 1, 128)
     , (2076831786, 5, 9000)
     , (2076831786, 16, 1)
     , (2076831786, 19, 125)
     , (2076831786, 93, 1048)
     , (2076831786, 9007, 8);

INSERT INTO `ace_object_properties_bool` (`aceObjectId`, `boolPropertyId`, `propertyValue`)
VALUES (2076831786, 12, True)
     , (2076831786, 11, True)
     , (2076831786, 14, True)
     , (2076831786, 19, True)
     , (2076831786, 1, True);

INSERT INTO `ace_object_texture_map_change` (`aceObjectId`, `index`, `oldId`, `newId`)
VALUES (2076831786, 0, 83891055, 83889909);

INSERT INTO `ace_object_animation_change` (`aceObjectId`, `index`, `animationId`)
VALUES (2076831786, 0, 16780409);

INSERT INTO `ace_object` (`aceObjectId`, `aceObjectDescriptionFlags`, `weenieClassId`, `weenieHeaderFlags`, `currentMotionState`, `physicsDescriptionFlag`)
VALUES (2076831780, 20, 679, 2097176, NULL, 163841);

INSERT INTO `ace_position` (`aceObjectId`, `positionType`, `landblockRaw`, `posX`, `posY`, `posZ`, `qW`, `qX`, `qY`, `qZ`)
VALUES (2076831780, 1, 3164536894, 183.075, 120.675, 32, 1, 0, 0, 0);

INSERT INTO `ace_object_properties_string` (`aceObjectId`, `strPropertyId`, `propertyValue`)
VALUES (2076831780, 1, 'Arms and Armor');

INSERT INTO `ace_object_properties_did` (`aceObjectId`, `didPropertyId`, `propertyValue`)
VALUES (2076831780, 8, 100668115)
     , (2076831780, 1, 33555088);

INSERT INTO `ace_object_properties_int` (`aceObjectId`, `intPropertyId`, `propertyValue`)
VALUES (2076831780, 53, 101)
     , (2076831780, 1, 128)
     , (2076831780, 5, 9000)
     , (2076831780, 16, 1)
     , (2076831780, 19, 125)
     , (2076831780, 93, 1048)
     , (2076831780, 9007, 8);

INSERT INTO `ace_object_properties_bool` (`aceObjectId`, `boolPropertyId`, `propertyValue`)
VALUES (2076831780, 12, True)
     , (2076831780, 11, True)
     , (2076831780, 14, True)
     , (2076831780, 19, True)
     , (2076831780, 1, True);

INSERT INTO `ace_object_texture_map_change` (`aceObjectId`, `index`, `oldId`, `newId`)
VALUES (2076831780, 0, 83891055, 83889904);

INSERT INTO `ace_object_animation_change` (`aceObjectId`, `index`, `animationId`)
VALUES (2076831780, 0, 16780409);

INSERT INTO `ace_object` (`aceObjectId`, `aceObjectDescriptionFlags`, `weenieClassId`, `weenieHeaderFlags`, `currentMotionState`, `physicsDescriptionFlag`)
VALUES (2077880324, 20, 684, 2097176, NULL, 163845);

INSERT INTO `ace_position` (`aceObjectId`, `positionType`, `landblockRaw`, `posX`, `posY`, `posZ`, `qW`, `qX`, `qY`, `qZ`)
VALUES (2077880324, 1, 3181314062, 40.3352, 129.594, 40.2, 0.980099, 3.65115E-09, 7.39512E-10, 0.198511);

INSERT INTO `ace_object_properties_string` (`aceObjectId`, `strPropertyId`, `propertyValue`)
VALUES (2077880324, 1, 'Gondibyr Langarl''s Magic Supplies');

INSERT INTO `ace_object_properties_did` (`aceObjectId`, `didPropertyId`, `propertyValue`)
VALUES (2077880324, 8, 100668115)
     , (2077880324, 1, 33555088);

INSERT INTO `ace_object_properties_int` (`aceObjectId`, `intPropertyId`, `propertyValue`)
VALUES (2077880324, 53, 101)
     , (2077880324, 1, 128)
     , (2077880324, 5, 9000)
     , (2077880324, 16, 1)
     , (2077880324, 19, 125)
     , (2077880324, 93, 1048)
     , (2077880324, 9007, 8);

INSERT INTO `ace_object_properties_bool` (`aceObjectId`, `boolPropertyId`, `propertyValue`)
VALUES (2077880324, 12, True)
     , (2077880324, 11, True)
     , (2077880324, 14, True)
     , (2077880324, 19, True)
     , (2077880324, 1, True);

INSERT INTO `ace_object_texture_map_change` (`aceObjectId`, `index`, `oldId`, `newId`)
VALUES (2077880324, 0, 83891055, 83889857);

INSERT INTO `ace_object_animation_change` (`aceObjectId`, `index`, `animationId`)
VALUES (2077880324, 0, 16780409);

INSERT INTO `ace_object` (`aceObjectId`, `aceObjectDescriptionFlags`, `weenieClassId`, `weenieHeaderFlags`, `currentMotionState`, `physicsDescriptionFlag`)
VALUES (2076831784, 20, 683, 2097176, NULL, 163841);

INSERT INTO `ace_position` (`aceObjectId`, `positionType`, `landblockRaw`, `posX`, `posY`, `posZ`, `qW`, `qX`, `qY`, `qZ`)
VALUES (2076831784, 1, 3164536891, 175.031, 56.9937, 32, 0.744311, 0, 0, -0.667833);

INSERT INTO `ace_object_properties_string` (`aceObjectId`, `strPropertyId`, `propertyValue`)
VALUES (2076831784, 1, 'Ledine''s Wares');

INSERT INTO `ace_object_properties_did` (`aceObjectId`, `didPropertyId`, `propertyValue`)
VALUES (2076831784, 8, 100668115)
     , (2076831784, 1, 33555088);

INSERT INTO `ace_object_properties_int` (`aceObjectId`, `intPropertyId`, `propertyValue`)
VALUES (2076831784, 53, 101)
     , (2076831784, 1, 128)
     , (2076831784, 5, 9000)
     , (2076831784, 16, 1)
     , (2076831784, 19, 125)
     , (2076831784, 93, 1048)
     , (2076831784, 9007, 8);

INSERT INTO `ace_object_properties_bool` (`aceObjectId`, `boolPropertyId`, `propertyValue`)
VALUES (2076831784, 12, True)
     , (2076831784, 11, True)
     , (2076831784, 14, True)
     , (2076831784, 19, True)
     , (2076831784, 1, True);

INSERT INTO `ace_object_texture_map_change` (`aceObjectId`, `index`, `oldId`, `newId`)
VALUES (2076831784, 0, 83891055, 83889906);

INSERT INTO `ace_object_animation_change` (`aceObjectId`, `index`, `animationId`)
VALUES (2076831784, 0, 16780409);

INSERT INTO `ace_object` (`aceObjectId`, `aceObjectDescriptionFlags`, `weenieClassId`, `weenieHeaderFlags`, `currentMotionState`, `physicsDescriptionFlag`)
VALUES (2076831783, 20, 680, 2097176, NULL, 163841);

INSERT INTO `ace_position` (`aceObjectId`, `positionType`, `landblockRaw`, `posX`, `posY`, `posZ`, `qW`, `qX`, `qY`, `qZ`)
VALUES (2076831783, 1, 3164536881, 147.384, 17.9324, 32, 0.373797, 0, 0, -0.92751);

INSERT INTO `ace_object_properties_string` (`aceObjectId`, `strPropertyId`, `propertyValue`)
VALUES (2076831783, 1, 'Scildith''s Bows');

INSERT INTO `ace_object_properties_did` (`aceObjectId`, `didPropertyId`, `propertyValue`)
VALUES (2076831783, 8, 100668115)
     , (2076831783, 1, 33555088);

INSERT INTO `ace_object_properties_int` (`aceObjectId`, `intPropertyId`, `propertyValue`)
VALUES (2076831783, 53, 101)
     , (2076831783, 1, 128)
     , (2076831783, 5, 9000)
     , (2076831783, 16, 1)
     , (2076831783, 19, 125)
     , (2076831783, 93, 1048)
     , (2076831783, 9007, 8);

INSERT INTO `ace_object_properties_bool` (`aceObjectId`, `boolPropertyId`, `propertyValue`)
VALUES (2076831783, 12, True)
     , (2076831783, 11, True)
     , (2076831783, 14, True)
     , (2076831783, 19, True)
     , (2076831783, 1, True);

INSERT INTO `ace_object_texture_map_change` (`aceObjectId`, `index`, `oldId`, `newId`)
VALUES (2076831783, 0, 83891055, 83889907);

INSERT INTO `ace_object_animation_change` (`aceObjectId`, `index`, `animationId`)
VALUES (2076831783, 0, 16780409);

INSERT INTO `ace_object` (`aceObjectId`, `aceObjectDescriptionFlags`, `weenieClassId`, `weenieHeaderFlags`, `currentMotionState`, `physicsDescriptionFlag`)
VALUES (2079850546, 20, 4420, 2097176, NULL, 163841);

INSERT INTO `ace_position` (`aceObjectId`, `positionType`, `landblockRaw`, `posX`, `posY`, `posZ`, `qW`, `qX`, `qY`, `qZ`)
VALUES (2079850546, 1, 3212836907, 138.105, 49.9141, 34, 1, 0, 0, 0);

INSERT INTO `ace_object_properties_string` (`aceObjectId`, `strPropertyId`, `propertyValue`)
VALUES (2079850546, 1, 'The Humble Healer');

INSERT INTO `ace_object_properties_did` (`aceObjectId`, `didPropertyId`, `propertyValue`)
VALUES (2079850546, 8, 100668115)
     , (2079850546, 1, 33555088);

INSERT INTO `ace_object_properties_int` (`aceObjectId`, `intPropertyId`, `propertyValue`)
VALUES (2079850546, 53, 101)
     , (2079850546, 1, 128)
     , (2079850546, 5, 9000)
     , (2079850546, 16, 1)
     , (2079850546, 19, 125)
     , (2079850546, 93, 1048)
     , (2079850546, 9007, 8);

INSERT INTO `ace_object_properties_bool` (`aceObjectId`, `boolPropertyId`, `propertyValue`)
VALUES (2079850546, 12, True)
     , (2079850546, 11, True)
     , (2079850546, 14, True)
     , (2079850546, 19, True)
     , (2079850546, 1, True);

INSERT INTO `ace_object_texture_map_change` (`aceObjectId`, `index`, `oldId`, `newId`)
VALUES (2079850546, 0, 83891055, 83889901);

INSERT INTO `ace_object_animation_change` (`aceObjectId`, `index`, `animationId`)
VALUES (2079850546, 0, 16780409);

INSERT INTO `ace_object` (`aceObjectId`, `aceObjectDescriptionFlags`, `weenieClassId`, `weenieHeaderFlags`, `currentMotionState`, `physicsDescriptionFlag`)
VALUES (2079850537, 20, 4420, 2097176, NULL, 163841);

INSERT INTO `ace_position` (`aceObjectId`, `positionType`, `landblockRaw`, `posX`, `posY`, `posZ`, `qW`, `qX`, `qY`, `qZ`)
VALUES (2079850537, 1, 3212836907, 141.477, 56.5803, 34, -0.707107, 0, 0, -0.707107);

INSERT INTO `ace_object_properties_string` (`aceObjectId`, `strPropertyId`, `propertyValue`)
VALUES (2079850537, 1, 'The Humble Healer');

INSERT INTO `ace_object_properties_did` (`aceObjectId`, `didPropertyId`, `propertyValue`)
VALUES (2079850537, 8, 100668115)
     , (2079850537, 1, 33555088);

INSERT INTO `ace_object_properties_int` (`aceObjectId`, `intPropertyId`, `propertyValue`)
VALUES (2079850537, 53, 101)
     , (2079850537, 1, 128)
     , (2079850537, 5, 9000)
     , (2079850537, 16, 1)
     , (2079850537, 19, 125)
     , (2079850537, 93, 1048)
     , (2079850537, 9007, 8);

INSERT INTO `ace_object_properties_bool` (`aceObjectId`, `boolPropertyId`, `propertyValue`)
VALUES (2079850537, 12, True)
     , (2079850537, 11, True)
     , (2079850537, 14, True)
     , (2079850537, 19, True)
     , (2079850537, 1, True);

INSERT INTO `ace_object_texture_map_change` (`aceObjectId`, `index`, `oldId`, `newId`)
VALUES (2079850537, 0, 83891055, 83889901);

INSERT INTO `ace_object_animation_change` (`aceObjectId`, `index`, `animationId`)
VALUES (2079850537, 0, 16780409);

INSERT INTO `ace_object` (`aceObjectId`, `aceObjectDescriptionFlags`, `weenieClassId`, `weenieHeaderFlags`, `currentMotionState`, `physicsDescriptionFlag`)
VALUES (2079850543, 20, 4417, 2097176, NULL, 163841);

INSERT INTO `ace_position` (`aceObjectId`, `positionType`, `landblockRaw`, `posX`, `posY`, `posZ`, `qW`, `qX`, `qY`, `qZ`)
VALUES (2079850543, 1, 3212836891, 82.7276, 54.5476, 40, 1, 0, 0, 0);

INSERT INTO `ace_object_properties_string` (`aceObjectId`, `strPropertyId`, `propertyValue`)
VALUES (2079850543, 1, 'Lone Tree Bows');

INSERT INTO `ace_object_properties_did` (`aceObjectId`, `didPropertyId`, `propertyValue`)
VALUES (2079850543, 8, 100668115)
     , (2079850543, 1, 33555088);

INSERT INTO `ace_object_properties_int` (`aceObjectId`, `intPropertyId`, `propertyValue`)
VALUES (2079850543, 53, 101)
     , (2079850543, 1, 128)
     , (2079850543, 5, 9000)
     , (2079850543, 16, 1)
     , (2079850543, 19, 125)
     , (2079850543, 93, 1048)
     , (2079850543, 9007, 8);

INSERT INTO `ace_object_properties_bool` (`aceObjectId`, `boolPropertyId`, `propertyValue`)
VALUES (2079850543, 12, True)
     , (2079850543, 11, True)
     , (2079850543, 14, True)
     , (2079850543, 19, True)
     , (2079850543, 1, True);

INSERT INTO `ace_object_texture_map_change` (`aceObjectId`, `index`, `oldId`, `newId`)
VALUES (2079850543, 0, 83891055, 83889907);

INSERT INTO `ace_object_animation_change` (`aceObjectId`, `index`, `animationId`)
VALUES (2079850543, 0, 16780409);

INSERT INTO `ace_object` (`aceObjectId`, `aceObjectDescriptionFlags`, `weenieClassId`, `weenieHeaderFlags`, `currentMotionState`, `physicsDescriptionFlag`)
VALUES (2079850542, 20, 4426, 2097176, NULL, 163841);

INSERT INTO `ace_position` (`aceObjectId`, `positionType`, `landblockRaw`, `posX`, `posY`, `posZ`, `qW`, `qX`, `qY`, `qZ`)
VALUES (2079850542, 1, 3212836891, 78.8835, 54.5024, 40, 1, 0, 0, 0);

INSERT INTO `ace_object_properties_string` (`aceObjectId`, `strPropertyId`, `propertyValue`)
VALUES (2079850542, 1, 'Dafrida the Tailor');

INSERT INTO `ace_object_properties_did` (`aceObjectId`, `didPropertyId`, `propertyValue`)
VALUES (2079850542, 8, 100668115)
     , (2079850542, 1, 33555088);

INSERT INTO `ace_object_properties_int` (`aceObjectId`, `intPropertyId`, `propertyValue`)
VALUES (2079850542, 53, 101)
     , (2079850542, 1, 128)
     , (2079850542, 5, 9000)
     , (2079850542, 16, 1)
     , (2079850542, 19, 125)
     , (2079850542, 93, 1048)
     , (2079850542, 9007, 8);

INSERT INTO `ace_object_properties_bool` (`aceObjectId`, `boolPropertyId`, `propertyValue`)
VALUES (2079850542, 12, True)
     , (2079850542, 11, True)
     , (2079850542, 14, True)
     , (2079850542, 19, True)
     , (2079850542, 1, True);

INSERT INTO `ace_object_texture_map_change` (`aceObjectId`, `index`, `oldId`, `newId`)
VALUES (2079850542, 0, 83891055, 83889899);

INSERT INTO `ace_object_animation_change` (`aceObjectId`, `index`, `animationId`)
VALUES (2079850542, 0, 16780409);

INSERT INTO `ace_object` (`aceObjectId`, `aceObjectDescriptionFlags`, `weenieClassId`, `weenieHeaderFlags`, `currentMotionState`, `physicsDescriptionFlag`)
VALUES (2079850539, 20, 4423, 2097176, NULL, 163841);

INSERT INTO `ace_position` (`aceObjectId`, `positionType`, `landblockRaw`, `posX`, `posY`, `posZ`, `qW`, `qX`, `qY`, `qZ`)
VALUES (2079850539, 1, 3212836889, 83.2105, 18.4098, 32, -4.37114E-08, 0, 0, -1);

INSERT INTO `ace_object_properties_string` (`aceObjectId`, `strPropertyId`, `propertyValue`)
VALUES (2079850539, 1, 'General Supplies');

INSERT INTO `ace_object_properties_did` (`aceObjectId`, `didPropertyId`, `propertyValue`)
VALUES (2079850539, 8, 100668115)
     , (2079850539, 1, 33555088);

INSERT INTO `ace_object_properties_int` (`aceObjectId`, `intPropertyId`, `propertyValue`)
VALUES (2079850539, 53, 101)
     , (2079850539, 1, 128)
     , (2079850539, 5, 9000)
     , (2079850539, 16, 1)
     , (2079850539, 19, 125)
     , (2079850539, 93, 1048)
     , (2079850539, 9007, 8);

INSERT INTO `ace_object_properties_bool` (`aceObjectId`, `boolPropertyId`, `propertyValue`)
VALUES (2079850539, 12, True)
     , (2079850539, 11, True)
     , (2079850539, 14, True)
     , (2079850539, 19, True)
     , (2079850539, 1, True);

INSERT INTO `ace_object_texture_map_change` (`aceObjectId`, `index`, `oldId`, `newId`)
VALUES (2079850539, 0, 83891055, 83889906);

INSERT INTO `ace_object_animation_change` (`aceObjectId`, `index`, `animationId`)
VALUES (2079850539, 0, 16780409);

INSERT INTO `ace_object` (`aceObjectId`, `aceObjectDescriptionFlags`, `weenieClassId`, `weenieHeaderFlags`, `currentMotionState`, `physicsDescriptionFlag`)
VALUES (2079850541, 20, 4415, 2097176, NULL, 163841);

INSERT INTO `ace_position` (`aceObjectId`, `positionType`, `landblockRaw`, `posX`, `posY`, `posZ`, `qW`, `qX`, `qY`, `qZ`)
VALUES (2079850541, 1, 3212836875, 37.6165, 52.5822, 44, 1, 0, 0, 0);

INSERT INTO `ace_object_properties_string` (`aceObjectId`, `strPropertyId`, `propertyValue`)
VALUES (2079850541, 1, 'The Magic of Iiwah');

INSERT INTO `ace_object_properties_did` (`aceObjectId`, `didPropertyId`, `propertyValue`)
VALUES (2079850541, 8, 100668115)
     , (2079850541, 1, 33555088);

INSERT INTO `ace_object_properties_int` (`aceObjectId`, `intPropertyId`, `propertyValue`)
VALUES (2079850541, 53, 101)
     , (2079850541, 1, 128)
     , (2079850541, 5, 9000)
     , (2079850541, 16, 1)
     , (2079850541, 19, 125)
     , (2079850541, 93, 1048)
     , (2079850541, 9007, 8);

INSERT INTO `ace_object_properties_bool` (`aceObjectId`, `boolPropertyId`, `propertyValue`)
VALUES (2079850541, 12, True)
     , (2079850541, 11, True)
     , (2079850541, 14, True)
     , (2079850541, 19, True)
     , (2079850541, 1, True);

INSERT INTO `ace_object_texture_map_change` (`aceObjectId`, `index`, `oldId`, `newId`)
VALUES (2079850541, 0, 83891055, 83889857);

INSERT INTO `ace_object_animation_change` (`aceObjectId`, `index`, `animationId`)
VALUES (2079850541, 0, 16780409);

INSERT INTO `ace_object` (`aceObjectId`, `aceObjectDescriptionFlags`, `weenieClassId`, `weenieHeaderFlags`, `currentMotionState`, `physicsDescriptionFlag`)
VALUES (2079850534, 20, 4424, 2097176, NULL, 163841);

INSERT INTO `ace_position` (`aceObjectId`, `positionType`, `landblockRaw`, `posX`, `posY`, `posZ`, `qW`, `qX`, `qY`, `qZ`)
VALUES (2079850534, 1, 3212836873, 37.5669, 17.1776, 36, -4.37114E-08, 0, 0, -1);

INSERT INTO `ace_object_properties_string` (`aceObjectId`, `strPropertyId`, `propertyValue`)
VALUES (2079850534, 1, 'The Scholar''s Study	');

INSERT INTO `ace_object_properties_did` (`aceObjectId`, `didPropertyId`, `propertyValue`)
VALUES (2079850534, 8, 100668115)
     , (2079850534, 1, 33555088);

INSERT INTO `ace_object_properties_int` (`aceObjectId`, `intPropertyId`, `propertyValue`)
VALUES (2079850534, 53, 101)
     , (2079850534, 1, 128)
     , (2079850534, 5, 9000)
     , (2079850534, 16, 1)
     , (2079850534, 19, 125)
     , (2079850534, 93, 1048)
     , (2079850534, 9007, 8);

INSERT INTO `ace_object_properties_bool` (`aceObjectId`, `boolPropertyId`, `propertyValue`)
VALUES (2079850534, 12, True)
     , (2079850534, 11, True)
     , (2079850534, 14, True)
     , (2079850534, 19, True)
     , (2079850534, 1, True);

INSERT INTO `ace_object_texture_map_change` (`aceObjectId`, `index`, `oldId`, `newId`)
VALUES (2079850534, 0, 83891055, 83889905);

INSERT INTO `ace_object_animation_change` (`aceObjectId`, `index`, `animationId`)
VALUES (2079850534, 0, 16780409);

INSERT INTO `ace_object` (`aceObjectId`, `aceObjectDescriptionFlags`, `weenieClassId`, `weenieHeaderFlags`, `currentMotionState`, `physicsDescriptionFlag`)
VALUES (2078801925, 20, 12304, 2097176, NULL, 32769);

INSERT INTO `ace_position` (`aceObjectId`, `positionType`, `landblockRaw`, `posX`, `posY`, `posZ`, `qW`, `qX`, `qY`, `qZ`)
VALUES (2078801925, 1, 3196059690, 135.362, 41.195, 30, -0.389746, 0, 0, -0.920922);

INSERT INTO `ace_object_properties_string` (`aceObjectId`, `strPropertyId`, `propertyValue`)
VALUES (2078801925, 1, 'Agent of the Arcanum ');

INSERT INTO `ace_object_properties_did` (`aceObjectId`, `didPropertyId`, `propertyValue`)
VALUES (2078801925, 8, 100672342)
     , (2078801925, 1, 33557390);

INSERT INTO `ace_object_properties_int` (`aceObjectId`, `intPropertyId`, `propertyValue`)
VALUES (2078801925, 1, 128)
     , (2078801925, 5, 9000)
     , (2078801925, 16, 1)
     , (2078801925, 19, 125)
     , (2078801925, 93, 1048)
     , (2078801925, 9007, 8);

INSERT INTO `ace_object_properties_bool` (`aceObjectId`, `boolPropertyId`, `propertyValue`)
VALUES (2078801925, 12, True)
     , (2078801925, 11, True)
     , (2078801925, 14, True)
     , (2078801925, 19, True)
     , (2078801925, 1, True);

INSERT INTO `ace_object` (`aceObjectId`, `aceObjectDescriptionFlags`, `weenieClassId`, `weenieHeaderFlags`, `currentMotionState`, `physicsDescriptionFlag`)
VALUES (2048540708, 20, 725, 2097176, NULL, 163841);

INSERT INTO `ace_position` (`aceObjectId`, `positionType`, `landblockRaw`, `posX`, `posY`, `posZ`, `qW`, `qX`, `qY`, `qZ`)
VALUES (2048540708, 1, 2711879687, 15.84, 145.08, 50, 0.922875, 0, 0, 0.385101);

INSERT INTO `ace_object_properties_string` (`aceObjectId`, `strPropertyId`, `propertyValue`)
VALUES (2048540708, 1, 'Peldin''s Bows');

INSERT INTO `ace_object_properties_did` (`aceObjectId`, `didPropertyId`, `propertyValue`)
VALUES (2048540708, 8, 100668115)
     , (2048540708, 1, 33555088);

INSERT INTO `ace_object_properties_int` (`aceObjectId`, `intPropertyId`, `propertyValue`)
VALUES (2048540708, 53, 101)
     , (2048540708, 1, 128)
     , (2048540708, 5, 9000)
     , (2048540708, 16, 1)
     , (2048540708, 19, 125)
     , (2048540708, 93, 1048)
     , (2048540708, 9007, 8);

INSERT INTO `ace_object_properties_bool` (`aceObjectId`, `boolPropertyId`, `propertyValue`)
VALUES (2048540708, 12, True)
     , (2048540708, 11, True)
     , (2048540708, 14, True)
     , (2048540708, 19, True)
     , (2048540708, 1, True);

INSERT INTO `ace_object_texture_map_change` (`aceObjectId`, `index`, `oldId`, `newId`)
VALUES (2048540708, 0, 83891055, 83889907);

INSERT INTO `ace_object_animation_change` (`aceObjectId`, `index`, `animationId`)
VALUES (2048540708, 0, 16780409);

INSERT INTO `ace_object` (`aceObjectId`, `aceObjectDescriptionFlags`, `weenieClassId`, `weenieHeaderFlags`, `currentMotionState`, `physicsDescriptionFlag`)
VALUES (2048540709, 20, 724, 2097176, NULL, 163841);

INSERT INTO `ace_position` (`aceObjectId`, `positionType`, `landblockRaw`, `posX`, `posY`, `posZ`, `qW`, `qX`, `qY`, `qZ`)
VALUES (2048540709, 1, 2711879703, 62.28, 146.88, 50, 0.99999, 0, 0, 0.00436326);

INSERT INTO `ace_object_properties_string` (`aceObjectId`, `strPropertyId`, `propertyValue`)
VALUES (2048540709, 1, 'The Ringing Anvil');

INSERT INTO `ace_object_properties_did` (`aceObjectId`, `didPropertyId`, `propertyValue`)
VALUES (2048540709, 8, 100668115)
     , (2048540709, 1, 33555088);

INSERT INTO `ace_object_properties_int` (`aceObjectId`, `intPropertyId`, `propertyValue`)
VALUES (2048540709, 53, 101)
     , (2048540709, 1, 128)
     , (2048540709, 5, 9000)
     , (2048540709, 16, 1)
     , (2048540709, 19, 125)
     , (2048540709, 93, 1048)
     , (2048540709, 9007, 8);

INSERT INTO `ace_object_properties_bool` (`aceObjectId`, `boolPropertyId`, `propertyValue`)
VALUES (2048540709, 12, True)
     , (2048540709, 11, True)
     , (2048540709, 14, True)
     , (2048540709, 19, True)
     , (2048540709, 1, True);

INSERT INTO `ace_object_texture_map_change` (`aceObjectId`, `index`, `oldId`, `newId`)
VALUES (2048540709, 0, 83891055, 83889904);

INSERT INTO `ace_object_animation_change` (`aceObjectId`, `index`, `animationId`)
VALUES (2048540709, 0, 16780409);

INSERT INTO `ace_object` (`aceObjectId`, `aceObjectDescriptionFlags`, `weenieClassId`, `weenieHeaderFlags`, `currentMotionState`, `physicsDescriptionFlag`)
VALUES (2048540710, 20, 727, 2097176, NULL, 163841);

INSERT INTO `ace_position` (`aceObjectId`, `positionType`, `landblockRaw`, `posX`, `posY`, `posZ`, `qW`, `qX`, `qY`, `qZ`)
VALUES (2048540710, 1, 2711879719, 101.64, 152.88, 50, 0.99999, 0, 0, 0.00436326);

INSERT INTO `ace_object_properties_string` (`aceObjectId`, `strPropertyId`, `propertyValue`)
VALUES (2048540710, 1, 'Chirurgeon');

INSERT INTO `ace_object_properties_did` (`aceObjectId`, `didPropertyId`, `propertyValue`)
VALUES (2048540710, 8, 100668115)
     , (2048540710, 1, 33555088);

INSERT INTO `ace_object_properties_int` (`aceObjectId`, `intPropertyId`, `propertyValue`)
VALUES (2048540710, 53, 101)
     , (2048540710, 1, 128)
     , (2048540710, 5, 9000)
     , (2048540710, 16, 1)
     , (2048540710, 19, 125)
     , (2048540710, 93, 1048)
     , (2048540710, 9007, 8);

INSERT INTO `ace_object_properties_bool` (`aceObjectId`, `boolPropertyId`, `propertyValue`)
VALUES (2048540710, 12, True)
     , (2048540710, 11, True)
     , (2048540710, 14, True)
     , (2048540710, 19, True)
     , (2048540710, 1, True);

INSERT INTO `ace_object_texture_map_change` (`aceObjectId`, `index`, `oldId`, `newId`)
VALUES (2048540710, 0, 83891055, 83889901);

INSERT INTO `ace_object_animation_change` (`aceObjectId`, `index`, `animationId`)
VALUES (2048540710, 0, 16780409);

INSERT INTO `ace_object` (`aceObjectId`, `aceObjectDescriptionFlags`, `weenieClassId`, `weenieHeaderFlags`, `currentMotionState`, `physicsDescriptionFlag`)
VALUES (2048540711, 20, 729, 2097176, NULL, 163841);

INSERT INTO `ace_position` (`aceObjectId`, `positionType`, `landblockRaw`, `posX`, `posY`, `posZ`, `qW`, `qX`, `qY`, `qZ`)
VALUES (2048540711, 1, 2711879726, 137.64, 136.08, 50, -0.0732382, 0, 0, 0.997314);

INSERT INTO `ace_object_properties_string` (`aceObjectId`, `strPropertyId`, `propertyValue`)
VALUES (2048540711, 1, 'The House of Trell');

INSERT INTO `ace_object_properties_did` (`aceObjectId`, `didPropertyId`, `propertyValue`)
VALUES (2048540711, 8, 100668115)
     , (2048540711, 1, 33555088);

INSERT INTO `ace_object_properties_int` (`aceObjectId`, `intPropertyId`, `propertyValue`)
VALUES (2048540711, 53, 101)
     , (2048540711, 1, 128)
     , (2048540711, 5, 9000)
     , (2048540711, 16, 1)
     , (2048540711, 19, 125)
     , (2048540711, 93, 1048)
     , (2048540711, 9007, 8);

INSERT INTO `ace_object_properties_bool` (`aceObjectId`, `boolPropertyId`, `propertyValue`)
VALUES (2048540711, 12, True)
     , (2048540711, 11, True)
     , (2048540711, 14, True)
     , (2048540711, 19, True)
     , (2048540711, 1, True);

INSERT INTO `ace_object_texture_map_change` (`aceObjectId`, `index`, `oldId`, `newId`)
VALUES (2048540711, 0, 83891055, 83889906);

INSERT INTO `ace_object_animation_change` (`aceObjectId`, `index`, `animationId`)
VALUES (2048540711, 0, 16780409);

INSERT INTO `ace_object` (`aceObjectId`, `aceObjectDescriptionFlags`, `weenieClassId`, `weenieHeaderFlags`, `currentMotionState`, `physicsDescriptionFlag`)
VALUES (2048540712, 20, 726, 2097176, NULL, 163845);

INSERT INTO `ace_position` (`aceObjectId`, `positionType`, `landblockRaw`, `posX`, `posY`, `posZ`, `qW`, `qX`, `qY`, `qZ`)
VALUES (2048540712, 1, 2711879732, 151.56, 94.9201, 50.16, 0.000327067, 0, 0, -1);

INSERT INTO `ace_object_properties_string` (`aceObjectId`, `strPropertyId`, `propertyValue`)
VALUES (2048540712, 1, 'Food and Attire');

INSERT INTO `ace_object_properties_did` (`aceObjectId`, `didPropertyId`, `propertyValue`)
VALUES (2048540712, 8, 100668115)
     , (2048540712, 1, 33555088);

INSERT INTO `ace_object_properties_int` (`aceObjectId`, `intPropertyId`, `propertyValue`)
VALUES (2048540712, 53, 101)
     , (2048540712, 1, 128)
     , (2048540712, 5, 9000)
     , (2048540712, 16, 1)
     , (2048540712, 19, 125)
     , (2048540712, 93, 1048)
     , (2048540712, 9007, 8);

INSERT INTO `ace_object_properties_bool` (`aceObjectId`, `boolPropertyId`, `propertyValue`)
VALUES (2048540712, 12, True)
     , (2048540712, 11, True)
     , (2048540712, 14, True)
     , (2048540712, 19, True)
     , (2048540712, 1, True);

INSERT INTO `ace_object_texture_map_change` (`aceObjectId`, `index`, `oldId`, `newId`)
VALUES (2048540712, 0, 83891055, 83889906);

INSERT INTO `ace_object_animation_change` (`aceObjectId`, `index`, `animationId`)
VALUES (2048540712, 0, 16780409);

INSERT INTO `ace_object` (`aceObjectId`, `aceObjectDescriptionFlags`, `weenieClassId`, `weenieHeaderFlags`, `currentMotionState`, `physicsDescriptionFlag`)
VALUES (2049589252, 20, 12304, 2097176, NULL, 32769);

INSERT INTO `ace_position` (`aceObjectId`, `positionType`, `landblockRaw`, `posX`, `posY`, `posZ`, `qW`, `qX`, `qY`, `qZ`)
VALUES (2049589252, 1, 2728656909, 43.525, 111.889, 50, -0.00808735, 0, 0, -0.999967);

INSERT INTO `ace_object_properties_string` (`aceObjectId`, `strPropertyId`, `propertyValue`)
VALUES (2049589252, 1, 'Agent of the Arcanum ');

INSERT INTO `ace_object_properties_did` (`aceObjectId`, `didPropertyId`, `propertyValue`)
VALUES (2049589252, 8, 100672342)
     , (2049589252, 1, 33557390);

INSERT INTO `ace_object_properties_int` (`aceObjectId`, `intPropertyId`, `propertyValue`)
VALUES (2049589252, 1, 128)
     , (2049589252, 5, 9000)
     , (2049589252, 16, 1)
     , (2049589252, 19, 125)
     , (2049589252, 93, 1048)
     , (2049589252, 9007, 8);

INSERT INTO `ace_object_properties_bool` (`aceObjectId`, `boolPropertyId`, `propertyValue`)
VALUES (2049589252, 12, True)
     , (2049589252, 11, True)
     , (2049589252, 14, True)
     , (2049589252, 19, True)
     , (2049589252, 1, True);

INSERT INTO `ace_object` (`aceObjectId`, `aceObjectDescriptionFlags`, `weenieClassId`, `weenieHeaderFlags`, `currentMotionState`, `physicsDescriptionFlag`)
VALUES (2048540714, 20, 728, 2097176, NULL, 163841);

INSERT INTO `ace_position` (`aceObjectId`, `positionType`, `landblockRaw`, `posX`, `posY`, `posZ`, `qW`, `qX`, `qY`, `qZ`)
VALUES (2048540714, 1, 2711879706, 86.64, 25.5602, 66, -0.999976, 0, 0, -0.00698117);

INSERT INTO `ace_object_properties_string` (`aceObjectId`, `strPropertyId`, `propertyValue`)
VALUES (2048540714, 1, 'The Overlook');

INSERT INTO `ace_object_properties_did` (`aceObjectId`, `didPropertyId`, `propertyValue`)
VALUES (2048540714, 8, 100668115)
     , (2048540714, 1, 33555088);

INSERT INTO `ace_object_properties_int` (`aceObjectId`, `intPropertyId`, `propertyValue`)
VALUES (2048540714, 53, 101)
     , (2048540714, 1, 128)
     , (2048540714, 5, 9000)
     , (2048540714, 16, 1)
     , (2048540714, 19, 125)
     , (2048540714, 93, 1048)
     , (2048540714, 9007, 8);

INSERT INTO `ace_object_properties_bool` (`aceObjectId`, `boolPropertyId`, `propertyValue`)
VALUES (2048540714, 12, True)
     , (2048540714, 11, True)
     , (2048540714, 14, True)
     , (2048540714, 19, True)
     , (2048540714, 1, True);

INSERT INTO `ace_object_texture_map_change` (`aceObjectId`, `index`, `oldId`, `newId`)
VALUES (2048540714, 0, 83891055, 83891060);

INSERT INTO `ace_object_animation_change` (`aceObjectId`, `index`, `animationId`)
VALUES (2048540714, 0, 16780409);

INSERT INTO `ace_object` (`aceObjectId`, `aceObjectDescriptionFlags`, `weenieClassId`, `weenieHeaderFlags`, `currentMotionState`, `physicsDescriptionFlag`)
VALUES (2048540713, 20, 728, 2097176, NULL, 163841);

INSERT INTO `ace_position` (`aceObjectId`, `positionType`, `landblockRaw`, `posX`, `posY`, `posZ`, `qW`, `qX`, `qY`, `qZ`)
VALUES (2048540713, 1, 2711879706, 86.0399, 47.7602, 66, 0.0113444, 0, 0, 0.999936);

INSERT INTO `ace_object_properties_string` (`aceObjectId`, `strPropertyId`, `propertyValue`)
VALUES (2048540713, 1, 'The Overlook');

INSERT INTO `ace_object_properties_did` (`aceObjectId`, `didPropertyId`, `propertyValue`)
VALUES (2048540713, 8, 100668115)
     , (2048540713, 1, 33555088);

INSERT INTO `ace_object_properties_int` (`aceObjectId`, `intPropertyId`, `propertyValue`)
VALUES (2048540713, 53, 101)
     , (2048540713, 1, 128)
     , (2048540713, 5, 9000)
     , (2048540713, 16, 1)
     , (2048540713, 19, 125)
     , (2048540713, 93, 1048)
     , (2048540713, 9007, 8);

INSERT INTO `ace_object_properties_bool` (`aceObjectId`, `boolPropertyId`, `propertyValue`)
VALUES (2048540713, 12, True)
     , (2048540713, 11, True)
     , (2048540713, 14, True)
     , (2048540713, 19, True)
     , (2048540713, 1, True);

INSERT INTO `ace_object_texture_map_change` (`aceObjectId`, `index`, `oldId`, `newId`)
VALUES (2048540713, 0, 83891055, 83891060);

INSERT INTO `ace_object_animation_change` (`aceObjectId`, `index`, `animationId`)
VALUES (2048540713, 0, 16780409);

INSERT INTO `ace_object` (`aceObjectId`, `aceObjectDescriptionFlags`, `weenieClassId`, `weenieHeaderFlags`, `currentMotionState`, `physicsDescriptionFlag`)
VALUES (1956339745, 20, 12304, 2097176, NULL, 32769);

INSERT INTO `ace_position` (`aceObjectId`, `positionType`, `landblockRaw`, `posX`, `posY`, `posZ`, `qW`, `qX`, `qY`, `qZ`)
VALUES (1956339745, 1, 1236664350, 79.2538, 140.423, 240, 0.717058, 0, 0, -0.697014);

INSERT INTO `ace_object_properties_string` (`aceObjectId`, `strPropertyId`, `propertyValue`)
VALUES (1956339745, 1, 'Agent of the Arcanum ');

INSERT INTO `ace_object_properties_did` (`aceObjectId`, `didPropertyId`, `propertyValue`)
VALUES (1956339745, 8, 100672342)
     , (1956339745, 1, 33557390);

INSERT INTO `ace_object_properties_int` (`aceObjectId`, `intPropertyId`, `propertyValue`)
VALUES (1956339745, 1, 128)
     , (1956339745, 5, 9000)
     , (1956339745, 16, 1)
     , (1956339745, 19, 125)
     , (1956339745, 93, 1048)
     , (1956339745, 9007, 8);

INSERT INTO `ace_object_properties_bool` (`aceObjectId`, `boolPropertyId`, `propertyValue`)
VALUES (1956339745, 12, True)
     , (1956339745, 11, True)
     , (1956339745, 14, True)
     , (1956339745, 19, True)
     , (1956339745, 1, True);

INSERT INTO `ace_object` (`aceObjectId`, `aceObjectDescriptionFlags`, `weenieClassId`, `weenieHeaderFlags`, `currentMotionState`, `physicsDescriptionFlag`)
VALUES (1918373910, 20, 2326, 2097176, NULL, 163841);

INSERT INTO `ace_position` (`aceObjectId`, `positionType`, `landblockRaw`, `posX`, `posY`, `posZ`, `qW`, `qX`, `qY`, `qZ`)
VALUES (1918373910, 1, 629211196, 178.722, 81.2858, 220, -0.376818, 0, 0, -0.926287);

INSERT INTO `ace_object_properties_string` (`aceObjectId`, `strPropertyId`, `propertyValue`)
VALUES (1918373910, 1, 'Fort Tethana ');

INSERT INTO `ace_object_properties_did` (`aceObjectId`, `didPropertyId`, `propertyValue`)
VALUES (1918373910, 8, 100668115)
     , (1918373910, 1, 33555088);

INSERT INTO `ace_object_properties_int` (`aceObjectId`, `intPropertyId`, `propertyValue`)
VALUES (1918373910, 53, 101)
     , (1918373910, 1, 128)
     , (1918373910, 5, 9000)
     , (1918373910, 16, 1)
     , (1918373910, 19, 125)
     , (1918373910, 93, 1048)
     , (1918373910, 9007, 8);

INSERT INTO `ace_object_properties_bool` (`aceObjectId`, `boolPropertyId`, `propertyValue`)
VALUES (1918373910, 12, True)
     , (1918373910, 11, True)
     , (1918373910, 14, True)
     , (1918373910, 19, True)
     , (1918373910, 1, True);

INSERT INTO `ace_object` (`aceObjectId`, `aceObjectDescriptionFlags`, `weenieClassId`, `weenieHeaderFlags`, `currentMotionState`, `physicsDescriptionFlag`)
VALUES (1918373909, 20, 2325, 2097176, NULL, 163841);

INSERT INTO `ace_position` (`aceObjectId`, `positionType`, `landblockRaw`, `posX`, `posY`, `posZ`, `qW`, `qX`, `qY`, `qZ`)
VALUES (1918373909, 1, 629211187, 153.867, 71.7556, 220, 0.168952, 0, 0, 0.985624);

INSERT INTO `ace_object_properties_string` (`aceObjectId`, `strPropertyId`, `propertyValue`)
VALUES (1918373909, 1, 'The Purple Tumerok');

INSERT INTO `ace_object_properties_did` (`aceObjectId`, `didPropertyId`, `propertyValue`)
VALUES (1918373909, 8, 100668115)
     , (1918373909, 1, 33555088);

INSERT INTO `ace_object_properties_int` (`aceObjectId`, `intPropertyId`, `propertyValue`)
VALUES (1918373909, 53, 101)
     , (1918373909, 1, 128)
     , (1918373909, 5, 9000)
     , (1918373909, 16, 1)
     , (1918373909, 19, 125)
     , (1918373909, 93, 1048)
     , (1918373909, 9007, 8);

INSERT INTO `ace_object_properties_bool` (`aceObjectId`, `boolPropertyId`, `propertyValue`)
VALUES (1918373909, 12, True)
     , (1918373909, 11, True)
     , (1918373909, 14, True)
     , (1918373909, 19, True)
     , (1918373909, 1, True);

INSERT INTO `ace_object_texture_map_change` (`aceObjectId`, `index`, `oldId`, `newId`)
VALUES (1918373909, 0, 83891055, 83889906);

INSERT INTO `ace_object_animation_change` (`aceObjectId`, `index`, `animationId`)
VALUES (1918373909, 0, 16780409);

INSERT INTO `ace_object` (`aceObjectId`, `aceObjectDescriptionFlags`, `weenieClassId`, `weenieHeaderFlags`, `currentMotionState`, `physicsDescriptionFlag`)
VALUES (1918373911, 20, 2326, 2097176, NULL, 163841);

INSERT INTO `ace_position` (`aceObjectId`, `positionType`, `landblockRaw`, `posX`, `posY`, `posZ`, `qW`, `qX`, `qY`, `qZ`)
VALUES (1918373911, 1, 629211180, 136.503, 93.0428, 220, -0.707107, 0, 0, -0.707107);

INSERT INTO `ace_object_properties_string` (`aceObjectId`, `strPropertyId`, `propertyValue`)
VALUES (1918373911, 1, 'Fort Tethana ');

INSERT INTO `ace_object_properties_did` (`aceObjectId`, `didPropertyId`, `propertyValue`)
VALUES (1918373911, 8, 100668115)
     , (1918373911, 1, 33555088);

INSERT INTO `ace_object_properties_int` (`aceObjectId`, `intPropertyId`, `propertyValue`)
VALUES (1918373911, 53, 101)
     , (1918373911, 1, 128)
     , (1918373911, 5, 9000)
     , (1918373911, 16, 1)
     , (1918373911, 19, 125)
     , (1918373911, 93, 1048)
     , (1918373911, 9007, 8);

INSERT INTO `ace_object_properties_bool` (`aceObjectId`, `boolPropertyId`, `propertyValue`)
VALUES (1918373911, 12, True)
     , (1918373911, 11, True)
     , (1918373911, 14, True)
     , (1918373911, 19, True)
     , (1918373911, 1, True);

INSERT INTO `ace_object` (`aceObjectId`, `aceObjectDescriptionFlags`, `weenieClassId`, `weenieHeaderFlags`, `currentMotionState`, `physicsDescriptionFlag`)
VALUES (1918373908, 20, 2322, 2097176, NULL, 163841);

INSERT INTO `ace_position` (`aceObjectId`, `positionType`, `landblockRaw`, `posX`, `posY`, `posZ`, `qW`, `qX`, `qY`, `qZ`)
VALUES (1918373908, 1, 629211171, 108.367, 66.9915, 220, -0.154242, 0, 0, -0.988033);

INSERT INTO `ace_object_properties_string` (`aceObjectId`, `strPropertyId`, `propertyValue`)
VALUES (1918373908, 1, 'The Lone Arrow');

INSERT INTO `ace_object_properties_did` (`aceObjectId`, `didPropertyId`, `propertyValue`)
VALUES (1918373908, 8, 100668115)
     , (1918373908, 1, 33555088);

INSERT INTO `ace_object_properties_int` (`aceObjectId`, `intPropertyId`, `propertyValue`)
VALUES (1918373908, 53, 101)
     , (1918373908, 1, 128)
     , (1918373908, 5, 9000)
     , (1918373908, 16, 1)
     , (1918373908, 19, 125)
     , (1918373908, 93, 1048)
     , (1918373908, 9007, 8);

INSERT INTO `ace_object_properties_bool` (`aceObjectId`, `boolPropertyId`, `propertyValue`)
VALUES (1918373908, 12, True)
     , (1918373908, 11, True)
     , (1918373908, 14, True)
     , (1918373908, 19, True)
     , (1918373908, 1, True);

INSERT INTO `ace_object_texture_map_change` (`aceObjectId`, `index`, `oldId`, `newId`)
VALUES (1918373908, 0, 83891055, 83889907);

INSERT INTO `ace_object_animation_change` (`aceObjectId`, `index`, `animationId`)
VALUES (1918373908, 0, 16780409);

INSERT INTO `ace_object` (`aceObjectId`, `aceObjectDescriptionFlags`, `weenieClassId`, `weenieHeaderFlags`, `currentMotionState`, `physicsDescriptionFlag`)
VALUES (1918373907, 20, 2321, 2097176, NULL, 163841);

INSERT INTO `ace_position` (`aceObjectId`, `positionType`, `landblockRaw`, `posX`, `posY`, `posZ`, `qW`, `qX`, `qY`, `qZ`)
VALUES (1918373907, 1, 629211163, 76.2365, 68.8808, 220, -0.215726, 0, 0, -0.976454);

INSERT INTO `ace_object_properties_string` (`aceObjectId`, `strPropertyId`, `propertyValue`)
VALUES (1918373907, 1, 'Smith Magarith');

INSERT INTO `ace_object_properties_did` (`aceObjectId`, `didPropertyId`, `propertyValue`)
VALUES (1918373907, 8, 100668115)
     , (1918373907, 1, 33555088);

INSERT INTO `ace_object_properties_int` (`aceObjectId`, `intPropertyId`, `propertyValue`)
VALUES (1918373907, 53, 101)
     , (1918373907, 1, 128)
     , (1918373907, 5, 9000)
     , (1918373907, 16, 1)
     , (1918373907, 19, 125)
     , (1918373907, 93, 1048)
     , (1918373907, 9007, 8);

INSERT INTO `ace_object_properties_bool` (`aceObjectId`, `boolPropertyId`, `propertyValue`)
VALUES (1918373907, 12, True)
     , (1918373907, 11, True)
     , (1918373907, 14, True)
     , (1918373907, 19, True)
     , (1918373907, 1, True);

INSERT INTO `ace_object_texture_map_change` (`aceObjectId`, `index`, `oldId`, `newId`)
VALUES (1918373907, 0, 83891055, 83889904);

INSERT INTO `ace_object_animation_change` (`aceObjectId`, `index`, `animationId`)
VALUES (1918373907, 0, 16780409);

INSERT INTO `ace_object` (`aceObjectId`, `aceObjectDescriptionFlags`, `weenieClassId`, `weenieHeaderFlags`, `currentMotionState`, `physicsDescriptionFlag`)
VALUES (2108117016, 20, 2237, 2097176, NULL, 163841);

INSERT INTO `ace_position` (`aceObjectId`, `positionType`, `landblockRaw`, `posX`, `posY`, `posZ`, `qW`, `qX`, `qY`, `qZ`)
VALUES (2108117016, 1, 3665100844, 135.227, 72.3112, 18, -0.999497, 0, 0, -0.0317153);

INSERT INTO `ace_object_properties_string` (`aceObjectId`, `strPropertyId`, `propertyValue`)
VALUES (2108117016, 1, 'Armaments');

INSERT INTO `ace_object_properties_did` (`aceObjectId`, `didPropertyId`, `propertyValue`)
VALUES (2108117016, 8, 100668115)
     , (2108117016, 1, 33555088);

INSERT INTO `ace_object_properties_int` (`aceObjectId`, `intPropertyId`, `propertyValue`)
VALUES (2108117016, 53, 101)
     , (2108117016, 1, 128)
     , (2108117016, 5, 9000)
     , (2108117016, 16, 1)
     , (2108117016, 19, 125)
     , (2108117016, 93, 1048)
     , (2108117016, 9007, 8);

INSERT INTO `ace_object_properties_bool` (`aceObjectId`, `boolPropertyId`, `propertyValue`)
VALUES (2108117016, 12, True)
     , (2108117016, 11, True)
     , (2108117016, 14, True)
     , (2108117016, 19, True)
     , (2108117016, 1, True);

INSERT INTO `ace_object_texture_map_change` (`aceObjectId`, `index`, `oldId`, `newId`)
VALUES (2108117016, 0, 83891055, 83889904);

INSERT INTO `ace_object_animation_change` (`aceObjectId`, `index`, `animationId`)
VALUES (2108117016, 0, 16780409);

INSERT INTO `ace_object` (`aceObjectId`, `aceObjectDescriptionFlags`, `weenieClassId`, `weenieHeaderFlags`, `currentMotionState`, `physicsDescriptionFlag`)
VALUES (2108117019, 20, 2242, 2097176, NULL, 163841);

INSERT INTO `ace_position` (`aceObjectId`, `positionType`, `landblockRaw`, `posX`, `posY`, `posZ`, `qW`, `qX`, `qY`, `qZ`)
VALUES (2108117019, 1, 3665100851, 158.339, 49.4984, 18, 0.999886, 0, 0, 0.0151275);

INSERT INTO `ace_object_properties_string` (`aceObjectId`, `strPropertyId`, `propertyValue`)
VALUES (2108117019, 1, 'The Tumerok''s Head');

INSERT INTO `ace_object_properties_did` (`aceObjectId`, `didPropertyId`, `propertyValue`)
VALUES (2108117019, 8, 100668115)
     , (2108117019, 1, 33555088);

INSERT INTO `ace_object_properties_int` (`aceObjectId`, `intPropertyId`, `propertyValue`)
VALUES (2108117019, 53, 101)
     , (2108117019, 1, 128)
     , (2108117019, 5, 9000)
     , (2108117019, 16, 1)
     , (2108117019, 19, 125)
     , (2108117019, 93, 1048)
     , (2108117019, 9007, 8);

INSERT INTO `ace_object_properties_bool` (`aceObjectId`, `boolPropertyId`, `propertyValue`)
VALUES (2108117019, 12, True)
     , (2108117019, 11, True)
     , (2108117019, 14, True)
     , (2108117019, 19, True)
     , (2108117019, 1, True);

INSERT INTO `ace_object_texture_map_change` (`aceObjectId`, `index`, `oldId`, `newId`)
VALUES (2108117019, 0, 83891055, 83891060);

INSERT INTO `ace_object_animation_change` (`aceObjectId`, `index`, `animationId`)
VALUES (2108117019, 0, 16780409);

INSERT INTO `ace_object` (`aceObjectId`, `aceObjectDescriptionFlags`, `weenieClassId`, `weenieHeaderFlags`, `currentMotionState`, `physicsDescriptionFlag`)
VALUES (2108117026, 20, 2241, 2097176, NULL, 163841);

INSERT INTO `ace_position` (`aceObjectId`, `positionType`, `landblockRaw`, `posX`, `posY`, `posZ`, `qW`, `qX`, `qY`, `qZ`)
VALUES (2108117026, 1, 3665100842, 126.856, 40.2376, 18, 0.0128189, 0, 0, 0.999918);

INSERT INTO `ace_object_properties_string` (`aceObjectId`, `strPropertyId`, `propertyValue`)
VALUES (2108117026, 1, 'Supplies');

INSERT INTO `ace_object_properties_did` (`aceObjectId`, `didPropertyId`, `propertyValue`)
VALUES (2108117026, 8, 100668115)
     , (2108117026, 1, 33555088);

INSERT INTO `ace_object_properties_int` (`aceObjectId`, `intPropertyId`, `propertyValue`)
VALUES (2108117026, 53, 101)
     , (2108117026, 1, 128)
     , (2108117026, 5, 9000)
     , (2108117026, 16, 1)
     , (2108117026, 19, 125)
     , (2108117026, 93, 1048)
     , (2108117026, 9007, 8);

INSERT INTO `ace_object_properties_bool` (`aceObjectId`, `boolPropertyId`, `propertyValue`)
VALUES (2108117026, 12, True)
     , (2108117026, 11, True)
     , (2108117026, 14, True)
     , (2108117026, 19, True)
     , (2108117026, 1, True);

INSERT INTO `ace_object_texture_map_change` (`aceObjectId`, `index`, `oldId`, `newId`)
VALUES (2108117026, 0, 83891055, 83889906);

INSERT INTO `ace_object_animation_change` (`aceObjectId`, `index`, `animationId`)
VALUES (2108117026, 0, 16780409);

INSERT INTO `ace_object` (`aceObjectId`, `aceObjectDescriptionFlags`, `weenieClassId`, `weenieHeaderFlags`, `currentMotionState`, `physicsDescriptionFlag`)
VALUES (2108117022, 20, 2240, 2097176, NULL, 163841);

INSERT INTO `ace_position` (`aceObjectId`, `positionType`, `landblockRaw`, `posX`, `posY`, `posZ`, `qW`, `qX`, `qY`, `qZ`)
VALUES (2108117022, 1, 3665100853, 150.619, 111.307, 18, -0.710959, 0, 0, 0.703233);

INSERT INTO `ace_object_properties_string` (`aceObjectId`, `strPropertyId`, `propertyValue`)
VALUES (2108117022, 1, 'Manor Beldryn ');

INSERT INTO `ace_object_properties_did` (`aceObjectId`, `didPropertyId`, `propertyValue`)
VALUES (2108117022, 8, 100668115)
     , (2108117022, 1, 33555088);

INSERT INTO `ace_object_properties_int` (`aceObjectId`, `intPropertyId`, `propertyValue`)
VALUES (2108117022, 53, 101)
     , (2108117022, 1, 128)
     , (2108117022, 5, 9000)
     , (2108117022, 16, 1)
     , (2108117022, 19, 125)
     , (2108117022, 93, 1048)
     , (2108117022, 9007, 8);

INSERT INTO `ace_object_properties_bool` (`aceObjectId`, `boolPropertyId`, `propertyValue`)
VALUES (2108117022, 12, True)
     , (2108117022, 11, True)
     , (2108117022, 14, True)
     , (2108117022, 19, True)
     , (2108117022, 1, True);

INSERT INTO `ace_object_texture_map_change` (`aceObjectId`, `index`, `oldId`, `newId`)
VALUES (2108117022, 0, 83891055, 83889906);

INSERT INTO `ace_object_animation_change` (`aceObjectId`, `index`, `animationId`)
VALUES (2108117022, 0, 16780409);

INSERT INTO `ace_object` (`aceObjectId`, `aceObjectDescriptionFlags`, `weenieClassId`, `weenieHeaderFlags`, `currentMotionState`, `physicsDescriptionFlag`)
VALUES (2090385426, 20, 1085, 2097176, NULL, 163841);

INSERT INTO `ace_position` (`aceObjectId`, `positionType`, `landblockRaw`, `posX`, `posY`, `posZ`, `qW`, `qX`, `qY`, `qZ`)
VALUES (2090385426, 1, 3381395496, 115.5, 181.75, 22, -4.37114E-08, 0, 0, -1);

INSERT INTO `ace_object_properties_string` (`aceObjectId`, `strPropertyId`, `propertyValue`)
VALUES (2090385426, 1, 'Adornments');

INSERT INTO `ace_object_properties_did` (`aceObjectId`, `didPropertyId`, `propertyValue`)
VALUES (2090385426, 8, 100668115)
     , (2090385426, 1, 33555088);

INSERT INTO `ace_object_properties_int` (`aceObjectId`, `intPropertyId`, `propertyValue`)
VALUES (2090385426, 53, 101)
     , (2090385426, 1, 128)
     , (2090385426, 5, 9000)
     , (2090385426, 16, 1)
     , (2090385426, 19, 125)
     , (2090385426, 93, 1048)
     , (2090385426, 9007, 8);

INSERT INTO `ace_object_properties_bool` (`aceObjectId`, `boolPropertyId`, `propertyValue`)
VALUES (2090385426, 12, True)
     , (2090385426, 11, True)
     , (2090385426, 14, True)
     , (2090385426, 19, True)
     , (2090385426, 1, True);

INSERT INTO `ace_object_texture_map_change` (`aceObjectId`, `index`, `oldId`, `newId`)
VALUES (2090385426, 0, 83891055, 83889909);

INSERT INTO `ace_object_animation_change` (`aceObjectId`, `index`, `animationId`)
VALUES (2090385426, 0, 16780409);

INSERT INTO `ace_object` (`aceObjectId`, `aceObjectDescriptionFlags`, `weenieClassId`, `weenieHeaderFlags`, `currentMotionState`, `physicsDescriptionFlag`)
VALUES (2090385427, 20, 1086, 2097176, NULL, 163841);

INSERT INTO `ace_position` (`aceObjectId`, `positionType`, `landblockRaw`, `posX`, `posY`, `posZ`, `qW`, `qX`, `qY`, `qZ`)
VALUES (2090385427, 1, 3381395504, 129.525, 189.835, 22, -0.0782409, 0, 0, -0.996934);

INSERT INTO `ace_object_properties_string` (`aceObjectId`, `strPropertyId`, `propertyValue`)
VALUES (2090385427, 1, 'Skull and Flagons');

INSERT INTO `ace_object_properties_did` (`aceObjectId`, `didPropertyId`, `propertyValue`)
VALUES (2090385427, 8, 100668115)
     , (2090385427, 1, 33555088);

INSERT INTO `ace_object_properties_int` (`aceObjectId`, `intPropertyId`, `propertyValue`)
VALUES (2090385427, 53, 101)
     , (2090385427, 1, 128)
     , (2090385427, 5, 9000)
     , (2090385427, 16, 1)
     , (2090385427, 19, 125)
     , (2090385427, 93, 1048)
     , (2090385427, 9007, 8);

INSERT INTO `ace_object_properties_bool` (`aceObjectId`, `boolPropertyId`, `propertyValue`)
VALUES (2090385427, 12, True)
     , (2090385427, 11, True)
     , (2090385427, 14, True)
     , (2090385427, 19, True)
     , (2090385427, 1, True);

INSERT INTO `ace_object_texture_map_change` (`aceObjectId`, `index`, `oldId`, `newId`)
VALUES (2090385427, 0, 83891055, 83891060);

INSERT INTO `ace_object_animation_change` (`aceObjectId`, `index`, `animationId`)
VALUES (2090385427, 0, 16780409);

INSERT INTO `ace_object` (`aceObjectId`, `aceObjectDescriptionFlags`, `weenieClassId`, `weenieHeaderFlags`, `currentMotionState`, `physicsDescriptionFlag`)
VALUES (2090385428, 20, 1084, 2097176, NULL, 163841);

INSERT INTO `ace_position` (`aceObjectId`, `positionType`, `landblockRaw`, `posX`, `posY`, `posZ`, `qW`, `qX`, `qY`, `qZ`)
VALUES (2090385428, 1, 3381395487, 84.9396, 156.341, 21.95012, -0.917012, 0, 0, -0.398859);

INSERT INTO `ace_object_properties_string` (`aceObjectId`, `strPropertyId`, `propertyValue`)
VALUES (2090385428, 1, 'Tenxien''s Garments');

INSERT INTO `ace_object_properties_did` (`aceObjectId`, `didPropertyId`, `propertyValue`)
VALUES (2090385428, 8, 100668115)
     , (2090385428, 1, 33555088);

INSERT INTO `ace_object_properties_int` (`aceObjectId`, `intPropertyId`, `propertyValue`)
VALUES (2090385428, 53, 101)
     , (2090385428, 1, 128)
     , (2090385428, 5, 9000)
     , (2090385428, 16, 1)
     , (2090385428, 19, 125)
     , (2090385428, 93, 1048)
     , (2090385428, 9007, 8);

INSERT INTO `ace_object_properties_bool` (`aceObjectId`, `boolPropertyId`, `propertyValue`)
VALUES (2090385428, 12, True)
     , (2090385428, 11, True)
     , (2090385428, 14, True)
     , (2090385428, 19, True)
     , (2090385428, 1, True);

INSERT INTO `ace_object_texture_map_change` (`aceObjectId`, `index`, `oldId`, `newId`)
VALUES (2090385428, 0, 83891055, 83889899);

INSERT INTO `ace_object_animation_change` (`aceObjectId`, `index`, `animationId`)
VALUES (2090385428, 0, 16780409);

INSERT INTO `ace_object` (`aceObjectId`, `aceObjectDescriptionFlags`, `weenieClassId`, `weenieHeaderFlags`, `currentMotionState`, `physicsDescriptionFlag`)
VALUES (2089336885, 20, 5617, 2097176, NULL, 163841);

INSERT INTO `ace_position` (`aceObjectId`, `positionType`, `landblockRaw`, `posX`, `posY`, `posZ`, `qW`, `qX`, `qY`, `qZ`)
VALUES (2089336885, 1, 3364618272, 83.117, 179.554, 22, -0.413155, 0, 0, 0.910661);

INSERT INTO `ace_object_properties_string` (`aceObjectId`, `strPropertyId`, `propertyValue`)
VALUES (2089336885, 1, 'Healer');

INSERT INTO `ace_object_properties_did` (`aceObjectId`, `didPropertyId`, `propertyValue`)
VALUES (2089336885, 8, 100668115)
     , (2089336885, 1, 33555088);

INSERT INTO `ace_object_properties_int` (`aceObjectId`, `intPropertyId`, `propertyValue`)
VALUES (2089336885, 53, 101)
     , (2089336885, 1, 128)
     , (2089336885, 5, 9000)
     , (2089336885, 16, 1)
     , (2089336885, 19, 125)
     , (2089336885, 93, 1048)
     , (2089336885, 9007, 8);

INSERT INTO `ace_object_properties_bool` (`aceObjectId`, `boolPropertyId`, `propertyValue`)
VALUES (2089336885, 12, True)
     , (2089336885, 11, True)
     , (2089336885, 14, True)
     , (2089336885, 19, True)
     , (2089336885, 1, True);

INSERT INTO `ace_object_texture_map_change` (`aceObjectId`, `index`, `oldId`, `newId`)
VALUES (2089336885, 0, 83891055, 83889901);

INSERT INTO `ace_object_animation_change` (`aceObjectId`, `index`, `animationId`)
VALUES (2089336885, 0, 16780409);

INSERT INTO `ace_object` (`aceObjectId`, `aceObjectDescriptionFlags`, `weenieClassId`, `weenieHeaderFlags`, `currentMotionState`, `physicsDescriptionFlag`)
VALUES (2089336876, 20, 645, 2097176, NULL, 163841);

INSERT INTO `ace_position` (`aceObjectId`, `positionType`, `landblockRaw`, `posX`, `posY`, `posZ`, `qW`, `qX`, `qY`, `qZ`)
VALUES (2089336876, 1, 3364618270, 75.06, 134.482, 22, 0.677918, 0, 0, -0.735137);

INSERT INTO `ace_object_properties_string` (`aceObjectId`, `strPropertyId`, `propertyValue`)
VALUES (2089336876, 1, 'The Gilded Tome ');

INSERT INTO `ace_object_properties_did` (`aceObjectId`, `didPropertyId`, `propertyValue`)
VALUES (2089336876, 8, 100668115)
     , (2089336876, 1, 33555088);

INSERT INTO `ace_object_properties_int` (`aceObjectId`, `intPropertyId`, `propertyValue`)
VALUES (2089336876, 53, 101)
     , (2089336876, 1, 128)
     , (2089336876, 5, 9000)
     , (2089336876, 16, 1)
     , (2089336876, 19, 125)
     , (2089336876, 93, 1048)
     , (2089336876, 9007, 8);

INSERT INTO `ace_object_properties_bool` (`aceObjectId`, `boolPropertyId`, `propertyValue`)
VALUES (2089336876, 12, True)
     , (2089336876, 11, True)
     , (2089336876, 14, True)
     , (2089336876, 19, True)
     , (2089336876, 1, True);

INSERT INTO `ace_object_texture_map_change` (`aceObjectId`, `index`, `oldId`, `newId`)
VALUES (2089336876, 0, 83891055, 83889905);

INSERT INTO `ace_object_animation_change` (`aceObjectId`, `index`, `animationId`)
VALUES (2089336876, 0, 16780409);

INSERT INTO `ace_object` (`aceObjectId`, `aceObjectDescriptionFlags`, `weenieClassId`, `weenieHeaderFlags`, `currentMotionState`, `physicsDescriptionFlag`)
VALUES (2089336884, 20, 5589, 2097176, NULL, 163841);

INSERT INTO `ace_position` (`aceObjectId`, `positionType`, `landblockRaw`, `posX`, `posY`, `posZ`, `qW`, `qX`, `qY`, `qZ`)
VALUES (2089336884, 1, 3364618269, 74.6018, 108.721, 22, -0.668858, 0, 0, 0.74339);

INSERT INTO `ace_object_properties_string` (`aceObjectId`, `strPropertyId`, `propertyValue`)
VALUES (2089336884, 1, 'Fletcher');

INSERT INTO `ace_object_properties_did` (`aceObjectId`, `didPropertyId`, `propertyValue`)
VALUES (2089336884, 8, 100668115)
     , (2089336884, 1, 33555088);

INSERT INTO `ace_object_properties_int` (`aceObjectId`, `intPropertyId`, `propertyValue`)
VALUES (2089336884, 53, 101)
     , (2089336884, 1, 128)
     , (2089336884, 5, 9000)
     , (2089336884, 16, 1)
     , (2089336884, 19, 125)
     , (2089336884, 93, 1048)
     , (2089336884, 9007, 8);

INSERT INTO `ace_object_properties_bool` (`aceObjectId`, `boolPropertyId`, `propertyValue`)
VALUES (2089336884, 12, True)
     , (2089336884, 11, True)
     , (2089336884, 14, True)
     , (2089336884, 19, True)
     , (2089336884, 1, True);

INSERT INTO `ace_object_texture_map_change` (`aceObjectId`, `index`, `oldId`, `newId`)
VALUES (2089336884, 0, 83891055, 83889907);

INSERT INTO `ace_object_animation_change` (`aceObjectId`, `index`, `animationId`)
VALUES (2089336884, 0, 16780409);

INSERT INTO `ace_object` (`aceObjectId`, `aceObjectDescriptionFlags`, `weenieClassId`, `weenieHeaderFlags`, `currentMotionState`, `physicsDescriptionFlag`)
VALUES (2089336877, 20, 646, 2097176, NULL, 163841);

INSERT INTO `ace_position` (`aceObjectId`, `positionType`, `landblockRaw`, `posX`, `posY`, `posZ`, `qW`, `qX`, `qY`, `qZ`)
VALUES (2089336877, 1, 3364618247, 22.2643, 157.444, 22, 0.692773, 0, 0, 0.721156);

INSERT INTO `ace_object_properties_string` (`aceObjectId`, `strPropertyId`, `propertyValue`)
VALUES (2089336877, 1, 'The Royal Firkin');

INSERT INTO `ace_object_properties_did` (`aceObjectId`, `didPropertyId`, `propertyValue`)
VALUES (2089336877, 8, 100668115)
     , (2089336877, 1, 33555088);

INSERT INTO `ace_object_properties_int` (`aceObjectId`, `intPropertyId`, `propertyValue`)
VALUES (2089336877, 53, 101)
     , (2089336877, 1, 128)
     , (2089336877, 5, 9000)
     , (2089336877, 16, 1)
     , (2089336877, 19, 125)
     , (2089336877, 93, 1048)
     , (2089336877, 9007, 8);

INSERT INTO `ace_object_properties_bool` (`aceObjectId`, `boolPropertyId`, `propertyValue`)
VALUES (2089336877, 12, True)
     , (2089336877, 11, True)
     , (2089336877, 14, True)
     , (2089336877, 19, True)
     , (2089336877, 1, True);

INSERT INTO `ace_object_texture_map_change` (`aceObjectId`, `index`, `oldId`, `newId`)
VALUES (2089336877, 0, 83891055, 83891060);

INSERT INTO `ace_object_animation_change` (`aceObjectId`, `index`, `animationId`)
VALUES (2089336877, 0, 16780409);

INSERT INTO `ace_object` (`aceObjectId`, `aceObjectDescriptionFlags`, `weenieClassId`, `weenieHeaderFlags`, `currentMotionState`, `physicsDescriptionFlag`)
VALUES (2089336879, 20, 633, 2097176, NULL, 163841);

INSERT INTO `ace_position` (`aceObjectId`, `positionType`, `landblockRaw`, `posX`, `posY`, `posZ`, `qW`, `qX`, `qY`, `qZ`)
VALUES (2089336879, 1, 3364618252, 35.015, 82.8592, 22, -0.391534, 0, 0, -0.920164);

INSERT INTO `ace_object_properties_string` (`aceObjectId`, `strPropertyId`, `propertyValue`)
VALUES (2089336879, 1, 'Tailor ');

INSERT INTO `ace_object_properties_did` (`aceObjectId`, `didPropertyId`, `propertyValue`)
VALUES (2089336879, 8, 100668115)
     , (2089336879, 1, 33555088);

INSERT INTO `ace_object_properties_int` (`aceObjectId`, `intPropertyId`, `propertyValue`)
VALUES (2089336879, 53, 101)
     , (2089336879, 1, 128)
     , (2089336879, 5, 9000)
     , (2089336879, 16, 1)
     , (2089336879, 19, 125)
     , (2089336879, 93, 1048)
     , (2089336879, 9007, 8);

INSERT INTO `ace_object_properties_bool` (`aceObjectId`, `boolPropertyId`, `propertyValue`)
VALUES (2089336879, 12, True)
     , (2089336879, 11, True)
     , (2089336879, 14, True)
     , (2089336879, 19, True)
     , (2089336879, 1, True);

INSERT INTO `ace_object_texture_map_change` (`aceObjectId`, `index`, `oldId`, `newId`)
VALUES (2089336879, 0, 83891055, 83889899);

INSERT INTO `ace_object_animation_change` (`aceObjectId`, `index`, `animationId`)
VALUES (2089336879, 0, 16780409);

INSERT INTO `ace_object` (`aceObjectId`, `aceObjectDescriptionFlags`, `weenieClassId`, `weenieHeaderFlags`, `currentMotionState`, `physicsDescriptionFlag`)
VALUES (2089336878, 20, 647, 2097176, NULL, 163841);

INSERT INTO `ace_position` (`aceObjectId`, `positionType`, `landblockRaw`, `posX`, `posY`, `posZ`, `qW`, `qX`, `qY`, `qZ`)
VALUES (2089336878, 1, 3364618259, 48.6178, 58.4506, 22, 0.721156, 0, 0, -0.692773);

INSERT INTO `ace_object_properties_string` (`aceObjectId`, `strPropertyId`, `propertyValue`)
VALUES (2089336878, 1, 'Lady of Blades');

INSERT INTO `ace_object_properties_did` (`aceObjectId`, `didPropertyId`, `propertyValue`)
VALUES (2089336878, 8, 100668115)
     , (2089336878, 1, 33555088);

INSERT INTO `ace_object_properties_int` (`aceObjectId`, `intPropertyId`, `propertyValue`)
VALUES (2089336878, 53, 101)
     , (2089336878, 1, 128)
     , (2089336878, 5, 9000)
     , (2089336878, 16, 1)
     , (2089336878, 19, 125)
     , (2089336878, 93, 1048)
     , (2089336878, 9007, 8);

INSERT INTO `ace_object_properties_bool` (`aceObjectId`, `boolPropertyId`, `propertyValue`)
VALUES (2089336878, 12, True)
     , (2089336878, 11, True)
     , (2089336878, 14, True)
     , (2089336878, 19, True)
     , (2089336878, 1, True);

INSERT INTO `ace_object_texture_map_change` (`aceObjectId`, `index`, `oldId`, `newId`)
VALUES (2089336878, 0, 83891055, 83889904);

INSERT INTO `ace_object_animation_change` (`aceObjectId`, `index`, `animationId`)
VALUES (2089336878, 0, 16780409);

INSERT INTO `ace_object` (`aceObjectId`, `aceObjectDescriptionFlags`, `weenieClassId`, `weenieHeaderFlags`, `currentMotionState`, `physicsDescriptionFlag`)
VALUES (2089332741, 20, 12304, 2097176, NULL, 32769);

INSERT INTO `ace_position` (`aceObjectId`, `positionType`, `landblockRaw`, `posX`, `posY`, `posZ`, `qW`, `qX`, `qY`, `qZ`)
VALUES (2089332741, 1, 3364552736, 87.527, 185.499, 22, 0.00969807, 0, 0, 0.999953);

INSERT INTO `ace_object_properties_string` (`aceObjectId`, `strPropertyId`, `propertyValue`)
VALUES (2089332741, 1, 'Agent of the Arcanum ');

INSERT INTO `ace_object_properties_did` (`aceObjectId`, `didPropertyId`, `propertyValue`)
VALUES (2089332741, 8, 100672342)
     , (2089332741, 1, 33557390);

INSERT INTO `ace_object_properties_int` (`aceObjectId`, `intPropertyId`, `propertyValue`)
VALUES (2089332741, 1, 128)
     , (2089332741, 5, 9000)
     , (2089332741, 16, 1)
     , (2089332741, 19, 125)
     , (2089332741, 93, 1048)
     , (2089332741, 9007, 8);

INSERT INTO `ace_object_properties_bool` (`aceObjectId`, `boolPropertyId`, `propertyValue`)
VALUES (2089332741, 12, True)
     , (2089332741, 11, True)
     , (2089332741, 14, True)
     , (2089332741, 19, True)
     , (2089332741, 1, True);

INSERT INTO `ace_object` (`aceObjectId`, `aceObjectDescriptionFlags`, `weenieClassId`, `weenieHeaderFlags`, `currentMotionState`, `physicsDescriptionFlag`)
VALUES (2089320463, 20, 5075, 2097176, NULL, 163841);

INSERT INTO `ace_position` (`aceObjectId`, `positionType`, `landblockRaw`, `posX`, `posY`, `posZ`, `qW`, `qX`, `qY`, `qZ`)
VALUES (2089320463, 1, 3364356128, 79.1314, 171.694, 28, 0.989501, 0, 0, -0.144528);

INSERT INTO `ace_object_properties_string` (`aceObjectId`, `strPropertyId`, `propertyValue`)
VALUES (2089320463, 1, 'South Rithwic Outpost');

INSERT INTO `ace_object_properties_did` (`aceObjectId`, `didPropertyId`, `propertyValue`)
VALUES (2089320463, 8, 100668115)
     , (2089320463, 1, 33555088);

INSERT INTO `ace_object_properties_int` (`aceObjectId`, `intPropertyId`, `propertyValue`)
VALUES (2089320463, 53, 101)
     , (2089320463, 1, 128)
     , (2089320463, 5, 9000)
     , (2089320463, 16, 1)
     , (2089320463, 19, 125)
     , (2089320463, 93, 24)
     , (2089320463, 9007, 8);

INSERT INTO `ace_object_properties_bool` (`aceObjectId`, `boolPropertyId`, `propertyValue`)
VALUES (2089320463, 12, True)
     , (2089320463, 11, True)
     , (2089320463, 19, True)
     , (2089320463, 1, True);

INSERT INTO `ace_object` (`aceObjectId`, `aceObjectDescriptionFlags`, `weenieClassId`, `weenieHeaderFlags`, `currentMotionState`, `physicsDescriptionFlag`)
VALUES (2093531150, 20, 5074, 2097176, NULL, 163841);

INSERT INTO `ace_position` (`aceObjectId`, `positionType`, `landblockRaw`, `posX`, `posY`, `posZ`, `qW`, `qX`, `qY`, `qZ`)
VALUES (2093531150, 1, 3431727114, 38.2396, 47.0638, 26, -0.0781584, 0, 0, -0.996941);

INSERT INTO `ace_object_properties_string` (`aceObjectId`, `strPropertyId`, `propertyValue`)
VALUES (2093531150, 1, 'East Rithwic Outpost');

INSERT INTO `ace_object_properties_did` (`aceObjectId`, `didPropertyId`, `propertyValue`)
VALUES (2093531150, 8, 100668115)
     , (2093531150, 1, 33555088);

INSERT INTO `ace_object_properties_int` (`aceObjectId`, `intPropertyId`, `propertyValue`)
VALUES (2093531150, 53, 101)
     , (2093531150, 1, 128)
     , (2093531150, 5, 9000)
     , (2093531150, 16, 1)
     , (2093531150, 19, 125)
     , (2093531150, 93, 24)
     , (2093531150, 9007, 8);

INSERT INTO `ace_object_properties_bool` (`aceObjectId`, `boolPropertyId`, `propertyValue`)
VALUES (2093531150, 12, True)
     , (2093531150, 11, True)
     , (2093531150, 19, True)
     , (2093531150, 1, True);

INSERT INTO `ace_object` (`aceObjectId`, `aceObjectDescriptionFlags`, `weenieClassId`, `weenieHeaderFlags`, `currentMotionState`, `physicsDescriptionFlag`)
VALUES (2010529813, 20, 1071, 2097176, NULL, 32769);

INSERT INTO `ace_position` (`aceObjectId`, `positionType`, `landblockRaw`, `posX`, `posY`, `posZ`, `qW`, `qX`, `qY`, `qZ`)
VALUES (2010529813, 1, 2103705629, 86.3637, 111.273, 15.7, 0.9130123, 0, 0, -0.4079321);

INSERT INTO `ace_object_properties_string` (`aceObjectId`, `strPropertyId`, `propertyValue`)
VALUES (2010529813, 1, 'The Eagle''s Blade');

INSERT INTO `ace_object_properties_did` (`aceObjectId`, `didPropertyId`, `propertyValue`)
VALUES (2010529813, 8, 100668115)
     , (2010529813, 1, 33555909);

INSERT INTO `ace_object_properties_int` (`aceObjectId`, `intPropertyId`, `propertyValue`)
VALUES (2010529813, 1, 128)
     , (2010529813, 5, 9000)
     , (2010529813, 16, 1)
     , (2010529813, 19, 125)
     , (2010529813, 93, 24)
     , (2010529813, 9007, 8);

INSERT INTO `ace_object_properties_bool` (`aceObjectId`, `boolPropertyId`, `propertyValue`)
VALUES (2010529813, 12, True)
     , (2010529813, 11, True)
     , (2010529813, 19, True)
     , (2010529813, 1, True);

INSERT INTO `ace_object_texture_map_change` (`aceObjectId`, `index`, `oldId`, `newId`)
VALUES (2010529813, 0, 83892071, 83892180);

INSERT INTO `ace_object_animation_change` (`aceObjectId`, `index`, `animationId`)
VALUES (2010529813, 0, 16783205);

INSERT INTO `ace_object` (`aceObjectId`, `aceObjectDescriptionFlags`, `weenieClassId`, `weenieHeaderFlags`, `currentMotionState`, `physicsDescriptionFlag`)
VALUES (2010529814, 20, 1073, 2097176, NULL, 32769);

INSERT INTO `ace_position` (`aceObjectId`, `positionType`, `landblockRaw`, `posX`, `posY`, `posZ`, `qW`, `qX`, `qY`, `qZ`)
VALUES (2010529814, 1, 2103705630, 72.3694, 131.351, 15.3761, -4.37114E-08, 0, 0, -1);

INSERT INTO `ace_object_properties_string` (`aceObjectId`, `strPropertyId`, `propertyValue`)
VALUES (2010529814, 1, 'Nuya''s Necessities');

INSERT INTO `ace_object_properties_did` (`aceObjectId`, `didPropertyId`, `propertyValue`)
VALUES (2010529814, 8, 100668115)
     , (2010529814, 1, 33555909);

INSERT INTO `ace_object_properties_int` (`aceObjectId`, `intPropertyId`, `propertyValue`)
VALUES (2010529814, 1, 128)
     , (2010529814, 5, 9000)
     , (2010529814, 16, 1)
     , (2010529814, 19, 125)
     , (2010529814, 93, 24)
     , (2010529814, 9007, 8);

INSERT INTO `ace_object_properties_bool` (`aceObjectId`, `boolPropertyId`, `propertyValue`)
VALUES (2010529814, 12, True)
     , (2010529814, 11, True)
     , (2010529814, 19, True)
     , (2010529814, 1, True);

INSERT INTO `ace_object_texture_map_change` (`aceObjectId`, `index`, `oldId`, `newId`)
VALUES (2010529814, 0, 83892071, 83892187);

INSERT INTO `ace_object_animation_change` (`aceObjectId`, `index`, `animationId`)
VALUES (2010529814, 0, 16783205);

INSERT INTO `ace_object` (`aceObjectId`, `aceObjectDescriptionFlags`, `weenieClassId`, `weenieHeaderFlags`, `currentMotionState`, `physicsDescriptionFlag`)
VALUES (2010529812, 20, 1076, 2097176, NULL, 32769);

INSERT INTO `ace_position` (`aceObjectId`, `positionType`, `landblockRaw`, `posX`, `posY`, `posZ`, `qW`, `qX`, `qY`, `qZ`)
VALUES (2010529812, 1, 2103705627, 75.5867, 59.3967, 15.5505, -4.37114E-08, 0, 0, -1);

INSERT INTO `ace_object_properties_string` (`aceObjectId`, `strPropertyId`, `propertyValue`)
VALUES (2010529812, 1, 'The Cerulean Cove');

INSERT INTO `ace_object_properties_did` (`aceObjectId`, `didPropertyId`, `propertyValue`)
VALUES (2010529812, 8, 100668115)
     , (2010529812, 1, 33555909);

INSERT INTO `ace_object_properties_int` (`aceObjectId`, `intPropertyId`, `propertyValue`)
VALUES (2010529812, 1, 128)
     , (2010529812, 5, 9000)
     , (2010529812, 16, 1)
     , (2010529812, 19, 125)
     , (2010529812, 93, 24)
     , (2010529812, 9007, 8);

INSERT INTO `ace_object_properties_bool` (`aceObjectId`, `boolPropertyId`, `propertyValue`)
VALUES (2010529812, 12, True)
     , (2010529812, 11, True)
     , (2010529812, 19, True)
     , (2010529812, 1, True);

INSERT INTO `ace_object_texture_map_change` (`aceObjectId`, `index`, `oldId`, `newId`)
VALUES (2010529812, 0, 83892071, 83892183);

INSERT INTO `ace_object_animation_change` (`aceObjectId`, `index`, `animationId`)
VALUES (2010529812, 0, 16783205);

INSERT INTO `ace_object` (`aceObjectId`, `aceObjectDescriptionFlags`, `weenieClassId`, `weenieHeaderFlags`, `currentMotionState`, `physicsDescriptionFlag`)
VALUES (2010529828, 20, 12304, 2097176, NULL, 32769);

INSERT INTO `ace_position` (`aceObjectId`, `positionType`, `landblockRaw`, `posX`, `posY`, `posZ`, `qW`, `qX`, `qY`, `qZ`)
VALUES (2010529828, 1, 2103705626, 80.08, 35.413, 12, 0.39265, 0, 0, -0.919688);

INSERT INTO `ace_object_properties_string` (`aceObjectId`, `strPropertyId`, `propertyValue`)
VALUES (2010529828, 1, 'Agent of the Arcanum ');

INSERT INTO `ace_object_properties_did` (`aceObjectId`, `didPropertyId`, `propertyValue`)
VALUES (2010529828, 8, 100672342)
     , (2010529828, 1, 33557390);

INSERT INTO `ace_object_properties_int` (`aceObjectId`, `intPropertyId`, `propertyValue`)
VALUES (2010529828, 1, 128)
     , (2010529828, 5, 9000)
     , (2010529828, 16, 1)
     , (2010529828, 19, 125)
     , (2010529828, 93, 1048)
     , (2010529828, 9007, 8);

INSERT INTO `ace_object_properties_bool` (`aceObjectId`, `boolPropertyId`, `propertyValue`)
VALUES (2010529828, 12, True)
     , (2010529828, 11, True)
     , (2010529828, 14, True)
     , (2010529828, 19, True)
     , (2010529828, 1, True);

INSERT INTO `ace_object` (`aceObjectId`, `aceObjectDescriptionFlags`, `weenieClassId`, `weenieHeaderFlags`, `currentMotionState`, `physicsDescriptionFlag`)
VALUES (2030403595, 20, 4643, 2097176, NULL, 32769);

INSERT INTO `ace_position` (`aceObjectId`, `positionType`, `landblockRaw`, `posX`, `posY`, `posZ`, `qW`, `qX`, `qY`, `qZ`)
VALUES (2030403595, 1, 2421686291, 67.0511, 62.6296, 3.48313, -0.7071068, 0, 0, -0.7071068);

INSERT INTO `ace_object_properties_string` (`aceObjectId`, `strPropertyId`, `propertyValue`)
VALUES (2030403595, 1, 'House of Treasure');

INSERT INTO `ace_object_properties_did` (`aceObjectId`, `didPropertyId`, `propertyValue`)
VALUES (2030403595, 8, 100668115)
     , (2030403595, 1, 33555909);

INSERT INTO `ace_object_properties_int` (`aceObjectId`, `intPropertyId`, `propertyValue`)
VALUES (2030403595, 1, 128)
     , (2030403595, 5, 9000)
     , (2030403595, 16, 1)
     , (2030403595, 19, 125)
     , (2030403595, 93, 24)
     , (2030403595, 9007, 8);

INSERT INTO `ace_object_properties_bool` (`aceObjectId`, `boolPropertyId`, `propertyValue`)
VALUES (2030403595, 12, True)
     , (2030403595, 11, True)
     , (2030403595, 19, True)
     , (2030403595, 1, True);

INSERT INTO `ace_object_texture_map_change` (`aceObjectId`, `index`, `oldId`, `newId`)
VALUES (2030403595, 0, 83892071, 83892185);

INSERT INTO `ace_object_animation_change` (`aceObjectId`, `index`, `animationId`)
VALUES (2030403595, 0, 16783205);

INSERT INTO `ace_object` (`aceObjectId`, `aceObjectDescriptionFlags`, `weenieClassId`, `weenieHeaderFlags`, `currentMotionState`, `physicsDescriptionFlag`)
VALUES (2030399491, 20, 12304, 2097176, NULL, 32769);

INSERT INTO `ace_position` (`aceObjectId`, `positionType`, `landblockRaw`, `posX`, `posY`, `posZ`, `qW`, `qX`, `qY`, `qZ`)
VALUES (2030399491, 1, 2421620760, 62.552, 188.199, 28, 0.429429, 0, 0, -0.903101);

INSERT INTO `ace_object_properties_string` (`aceObjectId`, `strPropertyId`, `propertyValue`)
VALUES (2030399491, 1, 'Agent of the Arcanum ');

INSERT INTO `ace_object_properties_did` (`aceObjectId`, `didPropertyId`, `propertyValue`)
VALUES (2030399491, 8, 100672342)
     , (2030399491, 1, 33557390);

INSERT INTO `ace_object_properties_int` (`aceObjectId`, `intPropertyId`, `propertyValue`)
VALUES (2030399491, 1, 128)
     , (2030399491, 5, 9000)
     , (2030399491, 16, 1)
     , (2030399491, 19, 125)
     , (2030399491, 93, 1048)
     , (2030399491, 9007, 8);

INSERT INTO `ace_object_properties_bool` (`aceObjectId`, `boolPropertyId`, `propertyValue`)
VALUES (2030399491, 12, True)
     , (2030399491, 11, True)
     , (2030399491, 14, True)
     , (2030399491, 19, True)
     , (2030399491, 1, True);

INSERT INTO `ace_object` (`aceObjectId`, `aceObjectDescriptionFlags`, `weenieClassId`, `weenieHeaderFlags`, `currentMotionState`, `physicsDescriptionFlag`)
VALUES (2030403601, 20, 4642, 2097176, NULL, 32769);

INSERT INTO `ace_position` (`aceObjectId`, `positionType`, `landblockRaw`, `posX`, `posY`, `posZ`, `qW`, `qX`, `qY`, `qZ`)
VALUES (2030403601, 1, 2421686307, 118.373, 67.4096, 2.97525, -4.37114E-08, 0, 0, -1);

INSERT INTO `ace_object_properties_string` (`aceObjectId`, `strPropertyId`, `propertyValue`)
VALUES (2030403601, 1, 'House of Peace');

INSERT INTO `ace_object_properties_did` (`aceObjectId`, `didPropertyId`, `propertyValue`)
VALUES (2030403601, 8, 100668115)
     , (2030403601, 1, 33555909);

INSERT INTO `ace_object_properties_int` (`aceObjectId`, `intPropertyId`, `propertyValue`)
VALUES (2030403601, 1, 128)
     , (2030403601, 5, 9000)
     , (2030403601, 16, 1)
     , (2030403601, 19, 125)
     , (2030403601, 93, 24)
     , (2030403601, 9007, 8);

INSERT INTO `ace_object_properties_bool` (`aceObjectId`, `boolPropertyId`, `propertyValue`)
VALUES (2030403601, 12, True)
     , (2030403601, 11, True)
     , (2030403601, 19, True)
     , (2030403601, 1, True);

INSERT INTO `ace_object_texture_map_change` (`aceObjectId`, `index`, `oldId`, `newId`)
VALUES (2030403601, 0, 83892071, 83892186);

INSERT INTO `ace_object_animation_change` (`aceObjectId`, `index`, `animationId`)
VALUES (2030403601, 0, 16783205);

INSERT INTO `ace_object` (`aceObjectId`, `aceObjectDescriptionFlags`, `weenieClassId`, `weenieHeaderFlags`, `currentMotionState`, `physicsDescriptionFlag`)
VALUES (2030403599, 20, 4639, 2097176, NULL, 32769);

INSERT INTO `ace_position` (`aceObjectId`, `positionType`, `landblockRaw`, `posX`, `posY`, `posZ`, `qW`, `qX`, `qY`, `qZ`)
VALUES (2030403599, 1, 2421686310, 106.632, 131.355, 9.55, 0.9990006, 0, 0, 0.04469688);

INSERT INTO `ace_object_properties_string` (`aceObjectId`, `strPropertyId`, `propertyValue`)
VALUES (2030403599, 1, 'Armaments of Truth');

INSERT INTO `ace_object_properties_did` (`aceObjectId`, `didPropertyId`, `propertyValue`)
VALUES (2030403599, 8, 100668115)
     , (2030403599, 1, 33555909);

INSERT INTO `ace_object_properties_int` (`aceObjectId`, `intPropertyId`, `propertyValue`)
VALUES (2030403599, 1, 128)
     , (2030403599, 5, 9000)
     , (2030403599, 16, 1)
     , (2030403599, 19, 125)
     , (2030403599, 93, 24)
     , (2030403599, 9007, 8);

INSERT INTO `ace_object_properties_bool` (`aceObjectId`, `boolPropertyId`, `propertyValue`)
VALUES (2030403599, 12, True)
     , (2030403599, 11, True)
     , (2030403599, 19, True)
     , (2030403599, 1, True);

INSERT INTO `ace_object_texture_map_change` (`aceObjectId`, `index`, `oldId`, `newId`)
VALUES (2030403599, 0, 83892071, 83892180);

INSERT INTO `ace_object_animation_change` (`aceObjectId`, `index`, `animationId`)
VALUES (2030403599, 0, 16783205);

INSERT INTO `ace_object` (`aceObjectId`, `aceObjectDescriptionFlags`, `weenieClassId`, `weenieHeaderFlags`, `currentMotionState`, `physicsDescriptionFlag`)
VALUES (2030403590, 20, 4640, 2097176, NULL, 32769);

INSERT INTO `ace_position` (`aceObjectId`, `positionType`, `landblockRaw`, `posX`, `posY`, `posZ`, `qW`, `qX`, `qY`, `qZ`)
VALUES (2030403590, 1, 2421686334, 184.416, 121.98, 3.9375, 1, 0, 0, 0);

INSERT INTO `ace_object_properties_string` (`aceObjectId`, `strPropertyId`, `propertyValue`)
VALUES (2030403590, 1, 'Sidzika''s Supplies');

INSERT INTO `ace_object_properties_did` (`aceObjectId`, `didPropertyId`, `propertyValue`)
VALUES (2030403590, 8, 100668115)
     , (2030403590, 1, 33555909);

INSERT INTO `ace_object_properties_int` (`aceObjectId`, `intPropertyId`, `propertyValue`)
VALUES (2030403590, 1, 128)
     , (2030403590, 5, 9000)
     , (2030403590, 16, 1)
     , (2030403590, 19, 125)
     , (2030403590, 93, 24)
     , (2030403590, 9007, 8);

INSERT INTO `ace_object_properties_bool` (`aceObjectId`, `boolPropertyId`, `propertyValue`)
VALUES (2030403590, 12, True)
     , (2030403590, 11, True)
     , (2030403590, 19, True)
     , (2030403590, 1, True);

INSERT INTO `ace_object_texture_map_change` (`aceObjectId`, `index`, `oldId`, `newId`)
VALUES (2030403590, 0, 83892071, 83892187);

INSERT INTO `ace_object_animation_change` (`aceObjectId`, `index`, `animationId`)
VALUES (2030403590, 0, 16783205);

INSERT INTO `ace_object` (`aceObjectId`, `aceObjectDescriptionFlags`, `weenieClassId`, `weenieHeaderFlags`, `currentMotionState`, `physicsDescriptionFlag`)
VALUES (2031452166, 20, 4646, 2097176, NULL, 32769);

INSERT INTO `ace_position` (`aceObjectId`, `positionType`, `landblockRaw`, `posX`, `posY`, `posZ`, `qW`, `qX`, `qY`, `qZ`)
VALUES (2031452166, 1, 2438463493, 3.37066, 106.982, 3.46985, -4.37114E-08, 0, 0, -1);

INSERT INTO `ace_object_properties_string` (`aceObjectId`, `strPropertyId`, `propertyValue`)
VALUES (2031452166, 1, 'Tavern at Al-Arqas');

INSERT INTO `ace_object_properties_did` (`aceObjectId`, `didPropertyId`, `propertyValue`)
VALUES (2031452166, 8, 100668115)
     , (2031452166, 1, 33555909);

INSERT INTO `ace_object_properties_int` (`aceObjectId`, `intPropertyId`, `propertyValue`)
VALUES (2031452166, 1, 128)
     , (2031452166, 5, 9000)
     , (2031452166, 16, 1)
     , (2031452166, 19, 125)
     , (2031452166, 93, 24)
     , (2031452166, 9007, 8);

INSERT INTO `ace_object_properties_bool` (`aceObjectId`, `boolPropertyId`, `propertyValue`)
VALUES (2031452166, 12, True)
     , (2031452166, 11, True)
     , (2031452166, 19, True)
     , (2031452166, 1, True);

INSERT INTO `ace_object_texture_map_change` (`aceObjectId`, `index`, `oldId`, `newId`)
VALUES (2031452166, 0, 83892071, 83892183);

INSERT INTO `ace_object_animation_change` (`aceObjectId`, `index`, `animationId`)
VALUES (2031452166, 0, 16783205);

INSERT INTO `ace_object` (`aceObjectId`, `aceObjectDescriptionFlags`, `weenieClassId`, `weenieHeaderFlags`, `currentMotionState`, `physicsDescriptionFlag`)
VALUES (2031452164, 20, 4644, 2097176, NULL, 32769);

INSERT INTO `ace_position` (`aceObjectId`, `positionType`, `landblockRaw`, `posX`, `posY`, `posZ`, `qW`, `qX`, `qY`, `qZ`)
VALUES (2031452164, 1, 2438463492, 14.5876, 95.8777, 3.13538, 0.7071068, 0, 0, -0.7071068);

INSERT INTO `ace_object_properties_string` (`aceObjectId`, `strPropertyId`, `propertyValue`)
VALUES (2031452164, 1, 'General Goods and Supplies');

INSERT INTO `ace_object_properties_did` (`aceObjectId`, `didPropertyId`, `propertyValue`)
VALUES (2031452164, 8, 100668115)
     , (2031452164, 1, 33555909);

INSERT INTO `ace_object_properties_int` (`aceObjectId`, `intPropertyId`, `propertyValue`)
VALUES (2031452164, 1, 128)
     , (2031452164, 5, 9000)
     , (2031452164, 16, 1)
     , (2031452164, 19, 125)
     , (2031452164, 93, 24)
     , (2031452164, 9007, 8);

INSERT INTO `ace_object_properties_bool` (`aceObjectId`, `boolPropertyId`, `propertyValue`)
VALUES (2031452164, 12, True)
     , (2031452164, 11, True)
     , (2031452164, 19, True)
     , (2031452164, 1, True);

INSERT INTO `ace_object_texture_map_change` (`aceObjectId`, `index`, `oldId`, `newId`)
VALUES (2031452164, 0, 83892071, 83892187);

INSERT INTO `ace_object_animation_change` (`aceObjectId`, `index`, `animationId`)
VALUES (2031452164, 0, 16783205);

INSERT INTO `ace_object` (`aceObjectId`, `aceObjectDescriptionFlags`, `weenieClassId`, `weenieHeaderFlags`, `currentMotionState`, `physicsDescriptionFlag`)
VALUES (2045001742, 20, 4663, 2097176, NULL, 32769);

INSERT INTO `ace_position` (`aceObjectId`, `positionType`, `landblockRaw`, `posX`, `posY`, `posZ`, `qW`, `qX`, `qY`, `qZ`)
VALUES (2045001742, 1, 2655256618, 132.925, 26.8992, 39.2, 0.9996997, 0, 0, -0.02450769);

INSERT INTO `ace_object_properties_string` (`aceObjectId`, `strPropertyId`, `propertyValue`)
VALUES (2045001742, 1, 'Blade of the Desert');

INSERT INTO `ace_object_properties_did` (`aceObjectId`, `didPropertyId`, `propertyValue`)
VALUES (2045001742, 8, 100668115)
     , (2045001742, 1, 33555909);

INSERT INTO `ace_object_properties_int` (`aceObjectId`, `intPropertyId`, `propertyValue`)
VALUES (2045001742, 1, 128)
     , (2045001742, 5, 9000)
     , (2045001742, 16, 1)
     , (2045001742, 19, 125)
     , (2045001742, 93, 24)
     , (2045001742, 9007, 8);

INSERT INTO `ace_object_properties_bool` (`aceObjectId`, `boolPropertyId`, `propertyValue`)
VALUES (2045001742, 12, True)
     , (2045001742, 11, True)
     , (2045001742, 19, True)
     , (2045001742, 1, True);

INSERT INTO `ace_object_texture_map_change` (`aceObjectId`, `index`, `oldId`, `newId`)
VALUES (2045001742, 0, 83892071, 83892180);

INSERT INTO `ace_object_animation_change` (`aceObjectId`, `index`, `animationId`)
VALUES (2045001742, 0, 16783205);

INSERT INTO `ace_object` (`aceObjectId`, `aceObjectDescriptionFlags`, `weenieClassId`, `weenieHeaderFlags`, `currentMotionState`, `physicsDescriptionFlag`)
VALUES (2045001743, 20, 4662, 2097176, NULL, 32769);

INSERT INTO `ace_position` (`aceObjectId`, `positionType`, `landblockRaw`, `posX`, `posY`, `posZ`, `qW`, `qX`, `qY`, `qZ`)
VALUES (2045001743, 1, 2655256612, 105.28, 91.3889, 81.7, -0.002575319, 0, 0, -0.9999967);

INSERT INTO `ace_object_properties_string` (`aceObjectId`, `strPropertyId`, `propertyValue`)
VALUES (2045001743, 1, 'Desert Magic Supplies');

INSERT INTO `ace_object_properties_did` (`aceObjectId`, `didPropertyId`, `propertyValue`)
VALUES (2045001743, 8, 100668115)
     , (2045001743, 1, 33555909);

INSERT INTO `ace_object_properties_int` (`aceObjectId`, `intPropertyId`, `propertyValue`)
VALUES (2045001743, 1, 128)
     , (2045001743, 5, 9000)
     , (2045001743, 16, 1)
     , (2045001743, 19, 125)
     , (2045001743, 93, 24)
     , (2045001743, 9007, 8);

INSERT INTO `ace_object_properties_bool` (`aceObjectId`, `boolPropertyId`, `propertyValue`)
VALUES (2045001743, 12, True)
     , (2045001743, 11, True)
     , (2045001743, 19, True)
     , (2045001743, 1, True);

INSERT INTO `ace_object_texture_map_change` (`aceObjectId`, `index`, `oldId`, `newId`)
VALUES (2045001743, 0, 83892071, 83892184);

INSERT INTO `ace_object_animation_change` (`aceObjectId`, `index`, `animationId`)
VALUES (2045001743, 0, 16783205);

INSERT INTO `ace_object` (`aceObjectId`, `aceObjectDescriptionFlags`, `weenieClassId`, `weenieHeaderFlags`, `currentMotionState`, `physicsDescriptionFlag`)
VALUES (2045001741, 20, 4667, 2097176, NULL, 32769);

INSERT INTO `ace_position` (`aceObjectId`, `positionType`, `landblockRaw`, `posX`, `posY`, `posZ`, `qW`, `qX`, `qY`, `qZ`)
VALUES (2045001741, 1, 2655256585, 47.2004, 9.87274, 49.2, -0.9999315, 0, 0, -0.01170741);

INSERT INTO `ace_object_properties_string` (`aceObjectId`, `strPropertyId`, `propertyValue`)
VALUES (2045001741, 1, 'General Supplies');

INSERT INTO `ace_object_properties_did` (`aceObjectId`, `didPropertyId`, `propertyValue`)
VALUES (2045001741, 8, 100668115)
     , (2045001741, 1, 33555909);

INSERT INTO `ace_object_properties_int` (`aceObjectId`, `intPropertyId`, `propertyValue`)
VALUES (2045001741, 1, 128)
     , (2045001741, 5, 9000)
     , (2045001741, 16, 1)
     , (2045001741, 19, 125)
     , (2045001741, 93, 24)
     , (2045001741, 9007, 8);

INSERT INTO `ace_object_properties_bool` (`aceObjectId`, `boolPropertyId`, `propertyValue`)
VALUES (2045001741, 12, True)
     , (2045001741, 11, True)
     , (2045001741, 19, True)
     , (2045001741, 1, True);

INSERT INTO `ace_object_texture_map_change` (`aceObjectId`, `index`, `oldId`, `newId`)
VALUES (2045001741, 0, 83892071, 83892187);

INSERT INTO `ace_object_animation_change` (`aceObjectId`, `index`, `animationId`)
VALUES (2045001741, 0, 16783205);

INSERT INTO `ace_object` (`aceObjectId`, `aceObjectDescriptionFlags`, `weenieClassId`, `weenieHeaderFlags`, `currentMotionState`, `physicsDescriptionFlag`)
VALUES (2044997644, 20, 4670, 2097176, NULL, 32769);

INSERT INTO `ace_position` (`aceObjectId`, `positionType`, `landblockRaw`, `posX`, `posY`, `posZ`, `qW`, `qX`, `qY`, `qZ`)
VALUES (2044997644, 1, 2655191056, 46.9995, 176.507, 49.2197, 1, 0, 0, 0);

INSERT INTO `ace_object_properties_string` (`aceObjectId`, `strPropertyId`, `propertyValue`)
VALUES (2044997644, 1, 'The Skeleton''s Mug');

INSERT INTO `ace_object_properties_did` (`aceObjectId`, `didPropertyId`, `propertyValue`)
VALUES (2044997644, 8, 100668115)
     , (2044997644, 1, 33555909);

INSERT INTO `ace_object_properties_int` (`aceObjectId`, `intPropertyId`, `propertyValue`)
VALUES (2044997644, 1, 128)
     , (2044997644, 5, 9000)
     , (2044997644, 16, 1)
     , (2044997644, 19, 125)
     , (2044997644, 93, 24)
     , (2044997644, 9007, 8);

INSERT INTO `ace_object_properties_bool` (`aceObjectId`, `boolPropertyId`, `propertyValue`)
VALUES (2044997644, 12, True)
     , (2044997644, 11, True)
     , (2044997644, 19, True)
     , (2044997644, 1, True);

INSERT INTO `ace_object_texture_map_change` (`aceObjectId`, `index`, `oldId`, `newId`)
VALUES (2044997644, 0, 83892071, 83892183);

INSERT INTO `ace_object_animation_change` (`aceObjectId`, `index`, `animationId`)
VALUES (2044997644, 0, 16783205);

INSERT INTO `ace_object` (`aceObjectId`, `aceObjectDescriptionFlags`, `weenieClassId`, `weenieHeaderFlags`, `currentMotionState`, `physicsDescriptionFlag`)
VALUES (2045001744, 20, 4664, 2097176, NULL, 32769);

INSERT INTO `ace_position` (`aceObjectId`, `positionType`, `landblockRaw`, `posX`, `posY`, `posZ`, `qW`, `qX`, `qY`, `qZ`)
VALUES (2045001744, 1, 2655256597, 57.9308, 99.453, 73.1261, 0.7038995, 0, 0, -0.7102996);

INSERT INTO `ace_object_properties_string` (`aceObjectId`, `strPropertyId`, `propertyValue`)
VALUES (2045001744, 1, 'Safruya''s Bows');

INSERT INTO `ace_object_properties_did` (`aceObjectId`, `didPropertyId`, `propertyValue`)
VALUES (2045001744, 8, 100668115)
     , (2045001744, 1, 33555909);

INSERT INTO `ace_object_properties_int` (`aceObjectId`, `intPropertyId`, `propertyValue`)
VALUES (2045001744, 1, 128)
     , (2045001744, 5, 9000)
     , (2045001744, 16, 1)
     , (2045001744, 19, 125)
     , (2045001744, 93, 24)
     , (2045001744, 9007, 8);

INSERT INTO `ace_object_properties_bool` (`aceObjectId`, `boolPropertyId`, `propertyValue`)
VALUES (2045001744, 12, True)
     , (2045001744, 11, True)
     , (2045001744, 19, True)
     , (2045001744, 1, True);

INSERT INTO `ace_object_texture_map_change` (`aceObjectId`, `index`, `oldId`, `newId`)
VALUES (2045001744, 0, 83892071, 83892188);

INSERT INTO `ace_object_animation_change` (`aceObjectId`, `index`, `animationId`)
VALUES (2045001744, 0, 16783205);

INSERT INTO `ace_object` (`aceObjectId`, `aceObjectDescriptionFlags`, `weenieClassId`, `weenieHeaderFlags`, `currentMotionState`, `physicsDescriptionFlag`)
VALUES (2044997642, 20, 4666, 2097176, NULL, 32769);

INSERT INTO `ace_position` (`aceObjectId`, `positionType`, `landblockRaw`, `posX`, `posY`, `posZ`, `qW`, `qX`, `qY`, `qZ`)
VALUES (2044997642, 1, 2655191054, 33.6211, 142.181, 59.614, 0.000333981, 0, 0, -0.9999999);

INSERT INTO `ace_object_properties_string` (`aceObjectId`, `strPropertyId`, `propertyValue`)
VALUES (2044997642, 1, 'Desert''s Respite');

INSERT INTO `ace_object_properties_did` (`aceObjectId`, `didPropertyId`, `propertyValue`)
VALUES (2044997642, 8, 100668115)
     , (2044997642, 1, 33555909);

INSERT INTO `ace_object_properties_int` (`aceObjectId`, `intPropertyId`, `propertyValue`)
VALUES (2044997642, 1, 128)
     , (2044997642, 5, 9000)
     , (2044997642, 16, 1)
     , (2044997642, 19, 125)
     , (2044997642, 93, 24)
     , (2044997642, 9007, 8);

INSERT INTO `ace_object_properties_bool` (`aceObjectId`, `boolPropertyId`, `propertyValue`)
VALUES (2044997642, 12, True)
     , (2044997642, 11, True)
     , (2044997642, 19, True)
     , (2044997642, 1, True);

INSERT INTO `ace_object_texture_map_change` (`aceObjectId`, `index`, `oldId`, `newId`)
VALUES (2044997642, 0, 83892071, 83892186);

INSERT INTO `ace_object_animation_change` (`aceObjectId`, `index`, `animationId`)
VALUES (2044997642, 0, 16783205);

INSERT INTO `ace_object` (`aceObjectId`, `aceObjectDescriptionFlags`, `weenieClassId`, `weenieHeaderFlags`, `currentMotionState`, `physicsDescriptionFlag`)
VALUES (2044997641, 20, 4669, 2097176, NULL, 32769);

INSERT INTO `ace_position` (`aceObjectId`, `positionType`, `landblockRaw`, `posX`, `posY`, `posZ`, `qW`, `qX`, `qY`, `qZ`)
VALUES (2044997641, 1, 2655191052, 27.7252, 86.3747, 53.1838, -4.37114E-08, 0, 0, -1);

INSERT INTO `ace_object_properties_string` (`aceObjectId`, `strPropertyId`, `propertyValue`)
VALUES (2044997641, 1, 'Zayjay''s Clothing');

INSERT INTO `ace_object_properties_did` (`aceObjectId`, `didPropertyId`, `propertyValue`)
VALUES (2044997641, 8, 100668115)
     , (2044997641, 1, 33555909);

INSERT INTO `ace_object_properties_int` (`aceObjectId`, `intPropertyId`, `propertyValue`)
VALUES (2044997641, 1, 128)
     , (2044997641, 5, 9000)
     , (2044997641, 16, 1)
     , (2044997641, 19, 125)
     , (2044997641, 93, 24)
     , (2044997641, 9007, 8);

INSERT INTO `ace_object_properties_bool` (`aceObjectId`, `boolPropertyId`, `propertyValue`)
VALUES (2044997641, 12, True)
     , (2044997641, 11, True)
     , (2044997641, 19, True)
     , (2044997641, 1, True);

INSERT INTO `ace_object_texture_map_change` (`aceObjectId`, `index`, `oldId`, `newId`)
VALUES (2044997641, 0, 83892071, 83892181);

INSERT INTO `ace_object_animation_change` (`aceObjectId`, `index`, `animationId`)
VALUES (2044997641, 0, 16783205);

INSERT INTO `ace_object` (`aceObjectId`, `aceObjectDescriptionFlags`, `weenieClassId`, `weenieHeaderFlags`, `currentMotionState`, `physicsDescriptionFlag`)
VALUES (2044997653, 20, 12304, 2097176, NULL, 32769);

INSERT INTO `ace_position` (`aceObjectId`, `positionType`, `landblockRaw`, `posX`, `posY`, `posZ`, `qW`, `qX`, `qY`, `qZ`)
VALUES (2044997653, 1, 2655191044, 18.2773, 83.4084, 50, 0.00903945, 0, 0, 0.999959);

INSERT INTO `ace_object_properties_string` (`aceObjectId`, `strPropertyId`, `propertyValue`)
VALUES (2044997653, 1, 'Agent of the Arcanum ');

INSERT INTO `ace_object_properties_did` (`aceObjectId`, `didPropertyId`, `propertyValue`)
VALUES (2044997653, 8, 100672342)
     , (2044997653, 1, 33557390);

INSERT INTO `ace_object_properties_int` (`aceObjectId`, `intPropertyId`, `propertyValue`)
VALUES (2044997653, 1, 128)
     , (2044997653, 5, 9000)
     , (2044997653, 16, 1)
     , (2044997653, 19, 125)
     , (2044997653, 93, 1048)
     , (2044997653, 9007, 8);

INSERT INTO `ace_object_properties_bool` (`aceObjectId`, `boolPropertyId`, `propertyValue`)
VALUES (2044997653, 12, True)
     , (2044997653, 11, True)
     , (2044997653, 14, True)
     , (2044997653, 19, True)
     , (2044997653, 1, True);

INSERT INTO `ace_object` (`aceObjectId`, `aceObjectDescriptionFlags`, `weenieClassId`, `weenieHeaderFlags`, `currentMotionState`, `physicsDescriptionFlag`)
VALUES (2049310727, 20, 1803, 2097176, NULL, 32769);

INSERT INTO `ace_position` (`aceObjectId`, `positionType`, `landblockRaw`, `posX`, `posY`, `posZ`, `qW`, `qX`, `qY`, `qZ`)
VALUES (2049310727, 1, 2724200498, 161.115, 37.6397, 22.6944, -4.37114E-08, 0, 0, -1);

INSERT INTO `ace_object_properties_string` (`aceObjectId`, `strPropertyId`, `propertyValue`)
VALUES (2049310727, 1, 'Sammam the Wise');

INSERT INTO `ace_object_properties_did` (`aceObjectId`, `didPropertyId`, `propertyValue`)
VALUES (2049310727, 8, 100668115)
     , (2049310727, 1, 33555909);

INSERT INTO `ace_object_properties_int` (`aceObjectId`, `intPropertyId`, `propertyValue`)
VALUES (2049310727, 1, 128)
     , (2049310727, 5, 9000)
     , (2049310727, 16, 1)
     , (2049310727, 19, 125)
     , (2049310727, 93, 24)
     , (2049310727, 9007, 8);

INSERT INTO `ace_object_properties_bool` (`aceObjectId`, `boolPropertyId`, `propertyValue`)
VALUES (2049310727, 12, True)
     , (2049310727, 11, True)
     , (2049310727, 19, True)
     , (2049310727, 1, True);

INSERT INTO `ace_object_texture_map_change` (`aceObjectId`, `index`, `oldId`, `newId`)
VALUES (2049310727, 0, 83892071, 83892184);

INSERT INTO `ace_object_animation_change` (`aceObjectId`, `index`, `animationId`)
VALUES (2049310727, 0, 16783205);

INSERT INTO `ace_object` (`aceObjectId`, `aceObjectDescriptionFlags`, `weenieClassId`, `weenieHeaderFlags`, `currentMotionState`, `physicsDescriptionFlag`)
VALUES (2049310735, 20, 12304, 2097176, NULL, 32769);

INSERT INTO `ace_position` (`aceObjectId`, `positionType`, `landblockRaw`, `posX`, `posY`, `posZ`, `qW`, `qX`, `qY`, `qZ`)
VALUES (2049310735, 1, 2724200489, 136.249, 8.72139, 20, 0.999433, 0, 0, 0.0336649);

INSERT INTO `ace_object_properties_string` (`aceObjectId`, `strPropertyId`, `propertyValue`)
VALUES (2049310735, 1, 'Agent of the Arcanum ');

INSERT INTO `ace_object_properties_did` (`aceObjectId`, `didPropertyId`, `propertyValue`)
VALUES (2049310735, 8, 100672342)
     , (2049310735, 1, 33557390);

INSERT INTO `ace_object_properties_int` (`aceObjectId`, `intPropertyId`, `propertyValue`)
VALUES (2049310735, 1, 128)
     , (2049310735, 5, 9000)
     , (2049310735, 16, 1)
     , (2049310735, 19, 125)
     , (2049310735, 93, 1048)
     , (2049310735, 9007, 8);

INSERT INTO `ace_object_properties_bool` (`aceObjectId`, `boolPropertyId`, `propertyValue`)
VALUES (2049310735, 12, True)
     , (2049310735, 11, True)
     , (2049310735, 14, True)
     , (2049310735, 19, True)
     , (2049310735, 1, True);

INSERT INTO `ace_object` (`aceObjectId`, `aceObjectDescriptionFlags`, `weenieClassId`, `weenieHeaderFlags`, `currentMotionState`, `physicsDescriptionFlag`)
VALUES (2049306644, 20, 1804, 2097176, NULL, 32769);

INSERT INTO `ace_position` (`aceObjectId`, `positionType`, `landblockRaw`, `posX`, `posY`, `posZ`, `qW`, `qX`, `qY`, `qZ`)
VALUES (2049306644, 1, 2724134967, 151.074, 151.381, 22.9984, -4.37114E-08, 0, 0, -1);

INSERT INTO `ace_object_properties_string` (`aceObjectId`, `strPropertyId`, `propertyValue`)
VALUES (2049306644, 1, 'Bows and Arrows');

INSERT INTO `ace_object_properties_did` (`aceObjectId`, `didPropertyId`, `propertyValue`)
VALUES (2049306644, 8, 100668115)
     , (2049306644, 1, 33555909);

INSERT INTO `ace_object_properties_int` (`aceObjectId`, `intPropertyId`, `propertyValue`)
VALUES (2049306644, 1, 128)
     , (2049306644, 5, 9000)
     , (2049306644, 16, 1)
     , (2049306644, 19, 125)
     , (2049306644, 93, 24)
     , (2049306644, 9007, 8);

INSERT INTO `ace_object_properties_bool` (`aceObjectId`, `boolPropertyId`, `propertyValue`)
VALUES (2049306644, 12, True)
     , (2049306644, 11, True)
     , (2049306644, 19, True)
     , (2049306644, 1, True);

INSERT INTO `ace_object_texture_map_change` (`aceObjectId`, `index`, `oldId`, `newId`)
VALUES (2049306644, 0, 83892071, 83892188);

INSERT INTO `ace_object_animation_change` (`aceObjectId`, `index`, `animationId`)
VALUES (2049306644, 0, 16783205);

INSERT INTO `ace_object` (`aceObjectId`, `aceObjectDescriptionFlags`, `weenieClassId`, `weenieHeaderFlags`, `currentMotionState`, `physicsDescriptionFlag`)
VALUES (2049306645, 20, 1810, 2097176, NULL, 32769);

INSERT INTO `ace_position` (`aceObjectId`, `positionType`, `landblockRaw`, `posX`, `posY`, `posZ`, `qW`, `qX`, `qY`, `qZ`)
VALUES (2049306645, 1, 2724134958, 130.145, 132.921, 23.7, -0.903941, 0, 0, -0.427657);

INSERT INTO `ace_object_properties_string` (`aceObjectId`, `strPropertyId`, `propertyValue`)
VALUES (2049306645, 1, 'The Thirsty Blade');

INSERT INTO `ace_object_properties_did` (`aceObjectId`, `didPropertyId`, `propertyValue`)
VALUES (2049306645, 8, 100668115)
     , (2049306645, 1, 33555909);

INSERT INTO `ace_object_properties_int` (`aceObjectId`, `intPropertyId`, `propertyValue`)
VALUES (2049306645, 1, 128)
     , (2049306645, 5, 9000)
     , (2049306645, 16, 1)
     , (2049306645, 19, 125)
     , (2049306645, 93, 24)
     , (2049306645, 9007, 8);

INSERT INTO `ace_object_properties_bool` (`aceObjectId`, `boolPropertyId`, `propertyValue`)
VALUES (2049306645, 12, True)
     , (2049306645, 11, True)
     , (2049306645, 19, True)
     , (2049306645, 1, True);

INSERT INTO `ace_object_texture_map_change` (`aceObjectId`, `index`, `oldId`, `newId`)
VALUES (2049306645, 0, 83892071, 83892180);

INSERT INTO `ace_object_animation_change` (`aceObjectId`, `index`, `animationId`)
VALUES (2049306645, 0, 16783205);

INSERT INTO `ace_object` (`aceObjectId`, `aceObjectDescriptionFlags`, `weenieClassId`, `weenieHeaderFlags`, `currentMotionState`, `physicsDescriptionFlag`)
VALUES (2049306649, 20, 1811, 2097176, NULL, 32769);

INSERT INTO `ace_position` (`aceObjectId`, `positionType`, `landblockRaw`, `posX`, `posY`, `posZ`, `qW`, `qX`, `qY`, `qZ`)
VALUES (2049306649, 1, 2724134957, 137.684, 99.9386, 23.1352, -0.7071068, 0, 0, -0.7071068);

INSERT INTO `ace_object_properties_string` (`aceObjectId`, `strPropertyId`, `propertyValue`)
VALUES (2049306649, 1, 'Seamstress Shop');

INSERT INTO `ace_object_properties_did` (`aceObjectId`, `didPropertyId`, `propertyValue`)
VALUES (2049306649, 8, 100668115)
     , (2049306649, 1, 33555909);

INSERT INTO `ace_object_properties_int` (`aceObjectId`, `intPropertyId`, `propertyValue`)
VALUES (2049306649, 1, 128)
     , (2049306649, 5, 9000)
     , (2049306649, 16, 1)
     , (2049306649, 19, 125)
     , (2049306649, 93, 24)
     , (2049306649, 9007, 8);

INSERT INTO `ace_object_properties_bool` (`aceObjectId`, `boolPropertyId`, `propertyValue`)
VALUES (2049306649, 12, True)
     , (2049306649, 11, True)
     , (2049306649, 19, True)
     , (2049306649, 1, True);

INSERT INTO `ace_object_texture_map_change` (`aceObjectId`, `index`, `oldId`, `newId`)
VALUES (2049306649, 0, 83892071, 83892181);

INSERT INTO `ace_object_animation_change` (`aceObjectId`, `index`, `animationId`)
VALUES (2049306649, 0, 16783205);

INSERT INTO `ace_object` (`aceObjectId`, `aceObjectDescriptionFlags`, `weenieClassId`, `weenieHeaderFlags`, `currentMotionState`, `physicsDescriptionFlag`)
VALUES (2049306646, 20, 1807, 2097176, NULL, 32769);

INSERT INTO `ace_position` (`aceObjectId`, `positionType`, `landblockRaw`, `posX`, `posY`, `posZ`, `qW`, `qX`, `qY`, `qZ`)
VALUES (2049306646, 1, 2724134965, 149.089, 111.174, 23.1484, 0.7071068, 0, 0, -0.7071068);

INSERT INTO `ace_object_properties_string` (`aceObjectId`, `strPropertyId`, `propertyValue`)
VALUES (2049306646, 1, 'Nashima''s Nostrums');

INSERT INTO `ace_object_properties_did` (`aceObjectId`, `didPropertyId`, `propertyValue`)
VALUES (2049306646, 8, 100668115)
     , (2049306646, 1, 33555909);

INSERT INTO `ace_object_properties_int` (`aceObjectId`, `intPropertyId`, `propertyValue`)
VALUES (2049306646, 1, 128)
     , (2049306646, 5, 9000)
     , (2049306646, 16, 1)
     , (2049306646, 19, 125)
     , (2049306646, 93, 24)
     , (2049306646, 9007, 8);

INSERT INTO `ace_object_properties_bool` (`aceObjectId`, `boolPropertyId`, `propertyValue`)
VALUES (2049306646, 12, True)
     , (2049306646, 11, True)
     , (2049306646, 19, True)
     , (2049306646, 1, True);

INSERT INTO `ace_object_texture_map_change` (`aceObjectId`, `index`, `oldId`, `newId`)
VALUES (2049306646, 0, 83892071, 83892186);

INSERT INTO `ace_object_animation_change` (`aceObjectId`, `index`, `animationId`)
VALUES (2049306646, 0, 16783205);

INSERT INTO `ace_object` (`aceObjectId`, `aceObjectDescriptionFlags`, `weenieClassId`, `weenieHeaderFlags`, `currentMotionState`, `physicsDescriptionFlag`)
VALUES (2049306648, 20, 1808, 2097176, NULL, 32769);

INSERT INTO `ace_position` (`aceObjectId`, `positionType`, `landblockRaw`, `posX`, `posY`, `posZ`, `qW`, `qX`, `qY`, `qZ`)
VALUES (2049306648, 1, 2724134955, 133.175, 62.7031, 23.5232, 0.683921, 0, 0, 0.7295561);

INSERT INTO `ace_object_properties_string` (`aceObjectId`, `strPropertyId`, `propertyValue`)
VALUES (2049306648, 1, 'The Lofty Spire');

INSERT INTO `ace_object_properties_did` (`aceObjectId`, `didPropertyId`, `propertyValue`)
VALUES (2049306648, 8, 100668115)
     , (2049306648, 1, 33555909);

INSERT INTO `ace_object_properties_int` (`aceObjectId`, `intPropertyId`, `propertyValue`)
VALUES (2049306648, 1, 128)
     , (2049306648, 5, 9000)
     , (2049306648, 16, 1)
     , (2049306648, 19, 125)
     , (2049306648, 93, 24)
     , (2049306648, 9007, 8);

INSERT INTO `ace_object_properties_bool` (`aceObjectId`, `boolPropertyId`, `propertyValue`)
VALUES (2049306648, 12, True)
     , (2049306648, 11, True)
     , (2049306648, 19, True)
     , (2049306648, 1, True);

INSERT INTO `ace_object_texture_map_change` (`aceObjectId`, `index`, `oldId`, `newId`)
VALUES (2049306648, 0, 83892071, 83892183);

INSERT INTO `ace_object_animation_change` (`aceObjectId`, `index`, `animationId`)
VALUES (2049306648, 0, 16783205);

INSERT INTO `ace_object` (`aceObjectId`, `aceObjectDescriptionFlags`, `weenieClassId`, `weenieHeaderFlags`, `currentMotionState`, `physicsDescriptionFlag`)
VALUES (2049306650, 20, 1806, 2097176, NULL, 32769);

INSERT INTO `ace_position` (`aceObjectId`, `positionType`, `landblockRaw`, `posX`, `posY`, `posZ`, `qW`, `qX`, `qY`, `qZ`)
VALUES (2049306650, 1, 2724134963, 149.814, 61.1467, 23.1355, 0.7071068, 0, 0, -0.7071068);

INSERT INTO `ace_object_properties_string` (`aceObjectId`, `strPropertyId`, `propertyValue`)
VALUES (2049306650, 1, 'Foodstuffs');

INSERT INTO `ace_object_properties_did` (`aceObjectId`, `didPropertyId`, `propertyValue`)
VALUES (2049306650, 8, 100668115)
     , (2049306650, 1, 33555909);

INSERT INTO `ace_object_properties_int` (`aceObjectId`, `intPropertyId`, `propertyValue`)
VALUES (2049306650, 1, 128)
     , (2049306650, 5, 9000)
     , (2049306650, 16, 1)
     , (2049306650, 19, 125)
     , (2049306650, 93, 24)
     , (2049306650, 9007, 8);

INSERT INTO `ace_object_properties_bool` (`aceObjectId`, `boolPropertyId`, `propertyValue`)
VALUES (2049306650, 12, True)
     , (2049306650, 11, True)
     , (2049306650, 19, True)
     , (2049306650, 1, True);

INSERT INTO `ace_object_texture_map_change` (`aceObjectId`, `index`, `oldId`, `newId`)
VALUES (2049306650, 0, 83892071, 83892187);

INSERT INTO `ace_object_animation_change` (`aceObjectId`, `index`, `animationId`)
VALUES (2049306650, 0, 16783205);

INSERT INTO `ace_object` (`aceObjectId`, `aceObjectDescriptionFlags`, `weenieClassId`, `weenieHeaderFlags`, `currentMotionState`, `physicsDescriptionFlag`)
VALUES (2049306637, 20, 1809, 2097176, NULL, 32769);

INSERT INTO `ace_position` (`aceObjectId`, `positionType`, `landblockRaw`, `posX`, `posY`, `posZ`, `qW`, `qX`, `qY`, `qZ`)
VALUES (2049306637, 1, 2724134953, 140.849, 16.7991, 23.3628, 0.7400224, 0, 0, 0.6725823);

INSERT INTO `ace_object_properties_string` (`aceObjectId`, `strPropertyId`, `propertyValue`)
VALUES (2049306637, 1, 'The Shining Word');

INSERT INTO `ace_object_properties_did` (`aceObjectId`, `didPropertyId`, `propertyValue`)
VALUES (2049306637, 8, 100668115)
     , (2049306637, 1, 33555909);

INSERT INTO `ace_object_properties_int` (`aceObjectId`, `intPropertyId`, `propertyValue`)
VALUES (2049306637, 1, 128)
     , (2049306637, 5, 9000)
     , (2049306637, 16, 1)
     , (2049306637, 19, 125)
     , (2049306637, 93, 24)
     , (2049306637, 9007, 8);

INSERT INTO `ace_object_properties_bool` (`aceObjectId`, `boolPropertyId`, `propertyValue`)
VALUES (2049306637, 12, True)
     , (2049306637, 11, True)
     , (2049306637, 19, True)
     , (2049306637, 1, True);

INSERT INTO `ace_object_texture_map_change` (`aceObjectId`, `index`, `oldId`, `newId`)
VALUES (2049306637, 0, 83892071, 83892182);

INSERT INTO `ace_object_animation_change` (`aceObjectId`, `index`, `animationId`)
VALUES (2049306637, 0, 16783205);

INSERT INTO `ace_object` (`aceObjectId`, `aceObjectDescriptionFlags`, `weenieClassId`, `weenieHeaderFlags`, `currentMotionState`, `physicsDescriptionFlag`)
VALUES (2019999749, 20, 1798, 2097176, NULL, 32769);

INSERT INTO `ace_position` (`aceObjectId`, `positionType`, `landblockRaw`, `posX`, `posY`, `posZ`, `qW`, `qX`, `qY`, `qZ`)
VALUES (2019999749, 1, 2255224888, 160.595, 185.639, 13.3895, -0.0122636, 0, 0, -0.9999248);

INSERT INTO `ace_object_properties_string` (`aceObjectId`, `strPropertyId`, `propertyValue`)
VALUES (2019999749, 1, 'Raiments');

INSERT INTO `ace_object_properties_did` (`aceObjectId`, `didPropertyId`, `propertyValue`)
VALUES (2019999749, 8, 100668115)
     , (2019999749, 1, 33555909);

INSERT INTO `ace_object_properties_int` (`aceObjectId`, `intPropertyId`, `propertyValue`)
VALUES (2019999749, 1, 128)
     , (2019999749, 5, 9000)
     , (2019999749, 16, 1)
     , (2019999749, 19, 125)
     , (2019999749, 93, 24)
     , (2019999749, 9007, 8);

INSERT INTO `ace_object_properties_bool` (`aceObjectId`, `boolPropertyId`, `propertyValue`)
VALUES (2019999749, 12, True)
     , (2019999749, 11, True)
     , (2019999749, 19, True)
     , (2019999749, 1, True);

INSERT INTO `ace_object_texture_map_change` (`aceObjectId`, `index`, `oldId`, `newId`)
VALUES (2019999749, 0, 83892071, 83892181);

INSERT INTO `ace_object_animation_change` (`aceObjectId`, `index`, `animationId`)
VALUES (2019999749, 0, 16783205);

INSERT INTO `ace_object` (`aceObjectId`, `aceObjectDescriptionFlags`, `weenieClassId`, `weenieHeaderFlags`, `currentMotionState`, `physicsDescriptionFlag`)
VALUES (2019999747, 20, 1794, 2097176, NULL, 32769);

INSERT INTO `ace_position` (`aceObjectId`, `positionType`, `landblockRaw`, `posX`, `posY`, `posZ`, `qW`, `qX`, `qY`, `qZ`)
VALUES (2019999747, 1, 2255224887, 159.347, 145.021, 13.4431, -0.7071068, 0, 0, -0.7071068);

INSERT INTO `ace_object_properties_string` (`aceObjectId`, `strPropertyId`, `propertyValue`)
VALUES (2019999747, 1, 'Provisions');

INSERT INTO `ace_object_properties_did` (`aceObjectId`, `didPropertyId`, `propertyValue`)
VALUES (2019999747, 8, 100668115)
     , (2019999747, 1, 33555909);

INSERT INTO `ace_object_properties_int` (`aceObjectId`, `intPropertyId`, `propertyValue`)
VALUES (2019999747, 1, 128)
     , (2019999747, 5, 9000)
     , (2019999747, 16, 1)
     , (2019999747, 19, 125)
     , (2019999747, 93, 24)
     , (2019999747, 9007, 8);

INSERT INTO `ace_object_properties_bool` (`aceObjectId`, `boolPropertyId`, `propertyValue`)
VALUES (2019999747, 12, True)
     , (2019999747, 11, True)
     , (2019999747, 19, True)
     , (2019999747, 1, True);

INSERT INTO `ace_object_texture_map_change` (`aceObjectId`, `index`, `oldId`, `newId`)
VALUES (2019999747, 0, 83892071, 83892187);

INSERT INTO `ace_object_animation_change` (`aceObjectId`, `index`, `animationId`)
VALUES (2019999747, 0, 16783205);

INSERT INTO `ace_object` (`aceObjectId`, `aceObjectDescriptionFlags`, `weenieClassId`, `weenieHeaderFlags`, `currentMotionState`, `physicsDescriptionFlag`)
VALUES (2021052416, 20, 1795, 2097176, NULL, 32769);

INSERT INTO `ace_position` (`aceObjectId`, `positionType`, `landblockRaw`, `posX`, `posY`, `posZ`, `qW`, `qX`, `qY`, `qZ`)
VALUES (2021052416, 1, 2272067602, 53.9293, 41.2033, 13.4163, 0.5495643, 0, 0, -0.8354514);

INSERT INTO `ace_object_properties_string` (`aceObjectId`, `strPropertyId`, `propertyValue`)
VALUES (2021052416, 1, 'Medicaments');

INSERT INTO `ace_object_properties_did` (`aceObjectId`, `didPropertyId`, `propertyValue`)
VALUES (2021052416, 8, 100668115)
     , (2021052416, 1, 33555909);

INSERT INTO `ace_object_properties_int` (`aceObjectId`, `intPropertyId`, `propertyValue`)
VALUES (2021052416, 1, 128)
     , (2021052416, 5, 9000)
     , (2021052416, 16, 1)
     , (2021052416, 19, 125)
     , (2021052416, 93, 24)
     , (2021052416, 9007, 8);

INSERT INTO `ace_object_properties_bool` (`aceObjectId`, `boolPropertyId`, `propertyValue`)
VALUES (2021052416, 12, True)
     , (2021052416, 11, True)
     , (2021052416, 19, True)
     , (2021052416, 1, True);

INSERT INTO `ace_object_texture_map_change` (`aceObjectId`, `index`, `oldId`, `newId`)
VALUES (2021052416, 0, 83892071, 83892186);

INSERT INTO `ace_object_animation_change` (`aceObjectId`, `index`, `animationId`)
VALUES (2021052416, 0, 16783205);

INSERT INTO `ace_object` (`aceObjectId`, `aceObjectDescriptionFlags`, `weenieClassId`, `weenieHeaderFlags`, `currentMotionState`, `physicsDescriptionFlag`)
VALUES (2019999758, 20, 12304, 2097176, NULL, 32769);

INSERT INTO `ace_position` (`aceObjectId`, `positionType`, `landblockRaw`, `posX`, `posY`, `posZ`, `qW`, `qX`, `qY`, `qZ`)
VALUES (2019999758, 1, 2255224880, 137.824, 183.277, 10, -0.364722, 0, 0, -0.931116);

INSERT INTO `ace_object_properties_string` (`aceObjectId`, `strPropertyId`, `propertyValue`)
VALUES (2019999758, 1, 'Agent of the Arcanum ');

INSERT INTO `ace_object_properties_did` (`aceObjectId`, `didPropertyId`, `propertyValue`)
VALUES (2019999758, 8, 100672342)
     , (2019999758, 1, 33557390);

INSERT INTO `ace_object_properties_int` (`aceObjectId`, `intPropertyId`, `propertyValue`)
VALUES (2019999758, 1, 128)
     , (2019999758, 5, 9000)
     , (2019999758, 16, 1)
     , (2019999758, 19, 125)
     , (2019999758, 93, 1048)
     , (2019999758, 9007, 8);

INSERT INTO `ace_object_properties_bool` (`aceObjectId`, `boolPropertyId`, `propertyValue`)
VALUES (2019999758, 12, True)
     , (2019999758, 11, True)
     , (2019999758, 14, True)
     , (2019999758, 19, True)
     , (2019999758, 1, True);

INSERT INTO `ace_object` (`aceObjectId`, `aceObjectDescriptionFlags`, `weenieClassId`, `weenieHeaderFlags`, `currentMotionState`, `physicsDescriptionFlag`)
VALUES (2020003841, 20, 1792, 2097176, NULL, 32769);

INSERT INTO `ace_position` (`aceObjectId`, `positionType`, `landblockRaw`, `posX`, `posY`, `posZ`, `qW`, `qX`, `qY`, `qZ`)
VALUES (2020003841, 1, 2255290384, 47.763, 182.172, 3.17, -4.37114E-08, 0, 0, -1);

INSERT INTO `ace_object_properties_string` (`aceObjectId`, `strPropertyId`, `propertyValue`)
VALUES (2020003841, 1, 'The Bursting Quiver');

INSERT INTO `ace_object_properties_did` (`aceObjectId`, `didPropertyId`, `propertyValue`)
VALUES (2020003841, 8, 100668115)
     , (2020003841, 1, 33555909);

INSERT INTO `ace_object_properties_int` (`aceObjectId`, `intPropertyId`, `propertyValue`)
VALUES (2020003841, 1, 128)
     , (2020003841, 5, 9000)
     , (2020003841, 16, 1)
     , (2020003841, 19, 125)
     , (2020003841, 93, 24)
     , (2020003841, 9007, 8);

INSERT INTO `ace_object_properties_bool` (`aceObjectId`, `boolPropertyId`, `propertyValue`)
VALUES (2020003841, 12, True)
     , (2020003841, 11, True)
     , (2020003841, 19, True)
     , (2020003841, 1, True);

INSERT INTO `ace_object_texture_map_change` (`aceObjectId`, `index`, `oldId`, `newId`)
VALUES (2020003841, 0, 83892071, 83892188);

INSERT INTO `ace_object_animation_change` (`aceObjectId`, `index`, `animationId`)
VALUES (2020003841, 0, 16783205);

INSERT INTO `ace_object` (`aceObjectId`, `aceObjectDescriptionFlags`, `weenieClassId`, `weenieHeaderFlags`, `currentMotionState`, `physicsDescriptionFlag`)
VALUES (2018959366, 20, 1791, 2097176, NULL, 32769);

INSERT INTO `ace_position` (`aceObjectId`, `positionType`, `landblockRaw`, `posX`, `posY`, `posZ`, `qW`, `qX`, `qY`, `qZ`)
VALUES (2018959366, 1, 2238578729, 130.47, 10.5797, 17.549, 1, 0, 0, 0);

INSERT INTO `ace_object_properties_string` (`aceObjectId`, `strPropertyId`, `propertyValue`)
VALUES (2018959366, 1, 'Smith Maqura');

INSERT INTO `ace_object_properties_did` (`aceObjectId`, `didPropertyId`, `propertyValue`)
VALUES (2018959366, 8, 100668115)
     , (2018959366, 1, 33555909);

INSERT INTO `ace_object_properties_int` (`aceObjectId`, `intPropertyId`, `propertyValue`)
VALUES (2018959366, 1, 128)
     , (2018959366, 5, 9000)
     , (2018959366, 16, 1)
     , (2018959366, 19, 125)
     , (2018959366, 93, 24)
     , (2018959366, 9007, 8);

INSERT INTO `ace_object_properties_bool` (`aceObjectId`, `boolPropertyId`, `propertyValue`)
VALUES (2018959366, 12, True)
     , (2018959366, 11, True)
     , (2018959366, 19, True)
     , (2018959366, 1, True);

INSERT INTO `ace_object_texture_map_change` (`aceObjectId`, `index`, `oldId`, `newId`)
VALUES (2018959366, 0, 83892071, 83892180);

INSERT INTO `ace_object_animation_change` (`aceObjectId`, `index`, `animationId`)
VALUES (2018959366, 0, 16783205);

INSERT INTO `ace_object` (`aceObjectId`, `aceObjectDescriptionFlags`, `weenieClassId`, `weenieHeaderFlags`, `currentMotionState`, `physicsDescriptionFlag`)
VALUES (2017902592, 20, 1799, 2097176, NULL, 32769);

INSERT INTO `ace_position` (`aceObjectId`, `positionType`, `landblockRaw`, `posX`, `posY`, `posZ`, `qW`, `qX`, `qY`, `qZ`)
VALUES (2017902592, 1, 2221670461, 177.412, 115.113, 13.161, -0.7071068, 0, 0, -0.7071068);

INSERT INTO `ace_object_properties_string` (`aceObjectId`, `strPropertyId`, `propertyValue`)
VALUES (2017902592, 1, 'Bubtil''s Wares');

INSERT INTO `ace_object_properties_did` (`aceObjectId`, `didPropertyId`, `propertyValue`)
VALUES (2017902592, 8, 100668115)
     , (2017902592, 1, 33555909);

INSERT INTO `ace_object_properties_int` (`aceObjectId`, `intPropertyId`, `propertyValue`)
VALUES (2017902592, 1, 128)
     , (2017902592, 5, 9000)
     , (2017902592, 16, 1)
     , (2017902592, 19, 125)
     , (2017902592, 93, 24)
     , (2017902592, 9007, 8);

INSERT INTO `ace_object_properties_bool` (`aceObjectId`, `boolPropertyId`, `propertyValue`)
VALUES (2017902592, 12, True)
     , (2017902592, 11, True)
     , (2017902592, 19, True)
     , (2017902592, 1, True);

INSERT INTO `ace_object_texture_map_change` (`aceObjectId`, `index`, `oldId`, `newId`)
VALUES (2017902592, 0, 83892071, 83892071);

INSERT INTO `ace_object_animation_change` (`aceObjectId`, `index`, `animationId`)
VALUES (2017902592, 0, 16783205);

INSERT INTO `ace_object` (`aceObjectId`, `aceObjectDescriptionFlags`, `weenieClassId`, `weenieHeaderFlags`, `currentMotionState`, `physicsDescriptionFlag`)
VALUES (2019999750, 20, 1790, 2097176, NULL, 32769);

INSERT INTO `ace_position` (`aceObjectId`, `positionType`, `landblockRaw`, `posX`, `posY`, `posZ`, `qW`, `qX`, `qY`, `qZ`)
VALUES (2019999750, 1, 2255224843, 39.1635, 71.0875, 13.51, 0.7071068, 0, 0, -0.7071068);

INSERT INTO `ace_object_properties_string` (`aceObjectId`, `strPropertyId`, `propertyValue`)
VALUES (2019999750, 1, 'House of the Seven Stars');

INSERT INTO `ace_object_properties_did` (`aceObjectId`, `didPropertyId`, `propertyValue`)
VALUES (2019999750, 8, 100668115)
     , (2019999750, 1, 33555909);

INSERT INTO `ace_object_properties_int` (`aceObjectId`, `intPropertyId`, `propertyValue`)
VALUES (2019999750, 1, 128)
     , (2019999750, 5, 9000)
     , (2019999750, 16, 1)
     , (2019999750, 19, 125)
     , (2019999750, 93, 24)
     , (2019999750, 9007, 8);

INSERT INTO `ace_object_properties_bool` (`aceObjectId`, `boolPropertyId`, `propertyValue`)
VALUES (2019999750, 12, True)
     , (2019999750, 11, True)
     , (2019999750, 19, True)
     , (2019999750, 1, True);

INSERT INTO `ace_object_texture_map_change` (`aceObjectId`, `index`, `oldId`, `newId`)
VALUES (2019999750, 0, 83892071, 83892184);

INSERT INTO `ace_object_animation_change` (`aceObjectId`, `index`, `animationId`)
VALUES (2019999750, 0, 16783205);

INSERT INTO `ace_object` (`aceObjectId`, `aceObjectDescriptionFlags`, `weenieClassId`, `weenieHeaderFlags`, `currentMotionState`, `physicsDescriptionFlag`)
VALUES (2019065871, 20, 4655, 2097176, NULL, 32769);

INSERT INTO `ace_position` (`aceObjectId`, `positionType`, `landblockRaw`, `posX`, `posY`, `posZ`, `qW`, `qX`, `qY`, `qZ`)
VALUES (2019065871, 1, 2240282672, 126.115, 187.075, 89.054, -4.37114E-08, 0, 0, -1);

INSERT INTO `ace_object_properties_string` (`aceObjectId`, `strPropertyId`, `propertyValue`)
VALUES (2019065871, 1, 'Al-Jalima Bows');

INSERT INTO `ace_object_properties_did` (`aceObjectId`, `didPropertyId`, `propertyValue`)
VALUES (2019065871, 8, 100668115)
     , (2019065871, 1, 33555909);

INSERT INTO `ace_object_properties_int` (`aceObjectId`, `intPropertyId`, `propertyValue`)
VALUES (2019065871, 1, 128)
     , (2019065871, 5, 9000)
     , (2019065871, 16, 1)
     , (2019065871, 19, 125)
     , (2019065871, 93, 24)
     , (2019065871, 9007, 8);

INSERT INTO `ace_object_properties_bool` (`aceObjectId`, `boolPropertyId`, `propertyValue`)
VALUES (2019065871, 12, True)
     , (2019065871, 11, True)
     , (2019065871, 19, True)
     , (2019065871, 1, True);

INSERT INTO `ace_object_texture_map_change` (`aceObjectId`, `index`, `oldId`, `newId`)
VALUES (2019065871, 0, 83892071, 83892188);

INSERT INTO `ace_object_animation_change` (`aceObjectId`, `index`, `animationId`)
VALUES (2019065871, 0, 16783205);

INSERT INTO `ace_object` (`aceObjectId`, `aceObjectDescriptionFlags`, `weenieClassId`, `weenieHeaderFlags`, `currentMotionState`, `physicsDescriptionFlag`)
VALUES (2019065870, 20, 4657, 2097176, NULL, 32769);

INSERT INTO `ace_position` (`aceObjectId`, `positionType`, `landblockRaw`, `posX`, `posY`, `posZ`, `qW`, `qX`, `qY`, `qZ`)
VALUES (2019065870, 1, 2240282656, 84.012, 172.951, 89.1272, 0.7071068, 0, 0, -0.7071068);

INSERT INTO `ace_object_properties_string` (`aceObjectId`, `strPropertyId`, `propertyValue`)
VALUES (2019065870, 1, 'Al-Jalima Supplies');

INSERT INTO `ace_object_properties_did` (`aceObjectId`, `didPropertyId`, `propertyValue`)
VALUES (2019065870, 8, 100668115)
     , (2019065870, 1, 33555909);

INSERT INTO `ace_object_properties_int` (`aceObjectId`, `intPropertyId`, `propertyValue`)
VALUES (2019065870, 1, 128)
     , (2019065870, 5, 9000)
     , (2019065870, 16, 1)
     , (2019065870, 19, 125)
     , (2019065870, 93, 24)
     , (2019065870, 9007, 8);

INSERT INTO `ace_object_properties_bool` (`aceObjectId`, `boolPropertyId`, `propertyValue`)
VALUES (2019065870, 12, True)
     , (2019065870, 11, True)
     , (2019065870, 19, True)
     , (2019065870, 1, True);

INSERT INTO `ace_object_texture_map_change` (`aceObjectId`, `index`, `oldId`, `newId`)
VALUES (2019065870, 0, 83892071, 83892187);

INSERT INTO `ace_object_animation_change` (`aceObjectId`, `index`, `animationId`)
VALUES (2019065870, 0, 16783205);

INSERT INTO `ace_object` (`aceObjectId`, `aceObjectDescriptionFlags`, `weenieClassId`, `weenieHeaderFlags`, `currentMotionState`, `physicsDescriptionFlag`)
VALUES (2019065885, 20, 12304, 2097176, NULL, 32769);

INSERT INTO `ace_position` (`aceObjectId`, `positionType`, `landblockRaw`, `posX`, `posY`, `posZ`, `qW`, `qX`, `qY`, `qZ`)
VALUES (2019065885, 1, 2240282629, 14.1746, 101.391, 86, -0.734511, 0, 0, -0.678597);

INSERT INTO `ace_object_properties_string` (`aceObjectId`, `strPropertyId`, `propertyValue`)
VALUES (2019065885, 1, 'Agent of the Arcanum ');

INSERT INTO `ace_object_properties_did` (`aceObjectId`, `didPropertyId`, `propertyValue`)
VALUES (2019065885, 8, 100672342)
     , (2019065885, 1, 33557390);

INSERT INTO `ace_object_properties_int` (`aceObjectId`, `intPropertyId`, `propertyValue`)
VALUES (2019065885, 1, 128)
     , (2019065885, 5, 9000)
     , (2019065885, 16, 1)
     , (2019065885, 19, 125)
     , (2019065885, 93, 1048)
     , (2019065885, 9007, 8);

INSERT INTO `ace_object_properties_bool` (`aceObjectId`, `boolPropertyId`, `propertyValue`)
VALUES (2019065885, 12, True)
     , (2019065885, 11, True)
     , (2019065885, 14, True)
     , (2019065885, 19, True)
     , (2019065885, 1, True);

INSERT INTO `ace_object` (`aceObjectId`, `aceObjectDescriptionFlags`, `weenieClassId`, `weenieHeaderFlags`, `currentMotionState`, `physicsDescriptionFlag`)
VALUES (2019065868, 20, 4653, 2097176, NULL, 32769);

INSERT INTO `ace_position` (`aceObjectId`, `positionType`, `landblockRaw`, `posX`, `posY`, `posZ`, `qW`, `qX`, `qY`, `qZ`)
VALUES (2019065868, 1, 2240282636, 28.8605, 83.4119, 89.4014, -0.7071068, 0, 0, -0.7071068);

INSERT INTO `ace_object_properties_string` (`aceObjectId`, `strPropertyId`, `propertyValue`)
VALUES (2019065868, 1, 'Wisdom''s Way');

INSERT INTO `ace_object_properties_did` (`aceObjectId`, `didPropertyId`, `propertyValue`)
VALUES (2019065868, 8, 100668115)
     , (2019065868, 1, 33555909);

INSERT INTO `ace_object_properties_int` (`aceObjectId`, `intPropertyId`, `propertyValue`)
VALUES (2019065868, 1, 128)
     , (2019065868, 5, 9000)
     , (2019065868, 16, 1)
     , (2019065868, 19, 125)
     , (2019065868, 93, 24)
     , (2019065868, 9007, 8);

INSERT INTO `ace_object_properties_bool` (`aceObjectId`, `boolPropertyId`, `propertyValue`)
VALUES (2019065868, 12, True)
     , (2019065868, 11, True)
     , (2019065868, 19, True)
     , (2019065868, 1, True);

INSERT INTO `ace_object_texture_map_change` (`aceObjectId`, `index`, `oldId`, `newId`)
VALUES (2019065868, 0, 83892071, 83892184);

INSERT INTO `ace_object_animation_change` (`aceObjectId`, `index`, `animationId`)
VALUES (2019065868, 0, 16783205);

INSERT INTO `ace_object` (`aceObjectId`, `aceObjectDescriptionFlags`, `weenieClassId`, `weenieHeaderFlags`, `currentMotionState`, `physicsDescriptionFlag`)
VALUES (2019065869, 20, 4654, 2097176, NULL, 32769);

INSERT INTO `ace_position` (`aceObjectId`, `positionType`, `landblockRaw`, `posX`, `posY`, `posZ`, `qW`, `qX`, `qY`, `qZ`)
VALUES (2019065869, 1, 2240282638, 34.7395, 126.059, 89.1742, 1, 0, 0, 0);

INSERT INTO `ace_object_properties_string` (`aceObjectId`, `strPropertyId`, `propertyValue`)
VALUES (2019065869, 1, 'Al-Jalima Smithy');

INSERT INTO `ace_object_properties_did` (`aceObjectId`, `didPropertyId`, `propertyValue`)
VALUES (2019065869, 8, 100668115)
     , (2019065869, 1, 33555909);

INSERT INTO `ace_object_properties_int` (`aceObjectId`, `intPropertyId`, `propertyValue`)
VALUES (2019065869, 1, 128)
     , (2019065869, 5, 9000)
     , (2019065869, 16, 1)
     , (2019065869, 19, 125)
     , (2019065869, 93, 24)
     , (2019065869, 9007, 8);

INSERT INTO `ace_object_properties_bool` (`aceObjectId`, `boolPropertyId`, `propertyValue`)
VALUES (2019065869, 12, True)
     , (2019065869, 11, True)
     , (2019065869, 19, True)
     , (2019065869, 1, True);

INSERT INTO `ace_object_texture_map_change` (`aceObjectId`, `index`, `oldId`, `newId`)
VALUES (2019065869, 0, 83892071, 83892180);

INSERT INTO `ace_object_animation_change` (`aceObjectId`, `index`, `animationId`)
VALUES (2019065869, 0, 16783205);

INSERT INTO `ace_object` (`aceObjectId`, `aceObjectDescriptionFlags`, `weenieClassId`, `weenieHeaderFlags`, `currentMotionState`, `physicsDescriptionFlag`)
VALUES (2013855769, 20, 1011, 2097176, NULL, 32769);

INSERT INTO `ace_position` (`aceObjectId`, `positionType`, `landblockRaw`, `posX`, `posY`, `posZ`, `qW`, `qX`, `qY`, `qZ`)
VALUES (2013855769, 1, 2156920853, 56.8984, 105.375, 127.416, 0.7071068, 0, 0, -0.7071068);

INSERT INTO `ace_object_properties_string` (`aceObjectId`, `strPropertyId`, `propertyValue`)
VALUES (2013855769, 1, 'Djusufa''s Stones');

INSERT INTO `ace_object_properties_did` (`aceObjectId`, `didPropertyId`, `propertyValue`)
VALUES (2013855769, 8, 100668115)
     , (2013855769, 1, 33555909);

INSERT INTO `ace_object_properties_int` (`aceObjectId`, `intPropertyId`, `propertyValue`)
VALUES (2013855769, 1, 128)
     , (2013855769, 5, 9000)
     , (2013855769, 16, 1)
     , (2013855769, 19, 125)
     , (2013855769, 93, 24)
     , (2013855769, 9007, 8);

INSERT INTO `ace_object_properties_bool` (`aceObjectId`, `boolPropertyId`, `propertyValue`)
VALUES (2013855769, 12, True)
     , (2013855769, 11, True)
     , (2013855769, 19, True)
     , (2013855769, 1, True);

INSERT INTO `ace_object_texture_map_change` (`aceObjectId`, `index`, `oldId`, `newId`)
VALUES (2013855769, 0, 83892071, 83892185);

INSERT INTO `ace_object_animation_change` (`aceObjectId`, `index`, `animationId`)
VALUES (2013855769, 0, 16783205);

INSERT INTO `ace_object` (`aceObjectId`, `aceObjectDescriptionFlags`, `weenieClassId`, `weenieHeaderFlags`, `currentMotionState`, `physicsDescriptionFlag`)
VALUES (2013855768, 20, 1012, 2097176, NULL, 32769);

INSERT INTO `ace_position` (`aceObjectId`, `positionType`, `landblockRaw`, `posX`, `posY`, `posZ`, `qW`, `qX`, `qY`, `qZ`)
VALUES (2013855768, 1, 2156920854, 51.3776, 125.789, 127.443, -4.37114E-08, 0, 0, -1);

INSERT INTO `ace_object_properties_string` (`aceObjectId`, `strPropertyId`, `propertyValue`)
VALUES (2013855768, 1, 'The Open Book');

INSERT INTO `ace_object_properties_did` (`aceObjectId`, `didPropertyId`, `propertyValue`)
VALUES (2013855768, 8, 100668115)
     , (2013855768, 1, 33555909);

INSERT INTO `ace_object_properties_int` (`aceObjectId`, `intPropertyId`, `propertyValue`)
VALUES (2013855768, 1, 128)
     , (2013855768, 5, 9000)
     , (2013855768, 16, 1)
     , (2013855768, 19, 125)
     , (2013855768, 93, 24)
     , (2013855768, 9007, 8);

INSERT INTO `ace_object_properties_bool` (`aceObjectId`, `boolPropertyId`, `propertyValue`)
VALUES (2013855768, 12, True)
     , (2013855768, 11, True)
     , (2013855768, 19, True)
     , (2013855768, 1, True);

INSERT INTO `ace_object_texture_map_change` (`aceObjectId`, `index`, `oldId`, `newId`)
VALUES (2013855768, 0, 83892071, 83892183);

INSERT INTO `ace_object_animation_change` (`aceObjectId`, `index`, `animationId`)
VALUES (2013855768, 0, 16783205);

INSERT INTO `ace_object` (`aceObjectId`, `aceObjectDescriptionFlags`, `weenieClassId`, `weenieHeaderFlags`, `currentMotionState`, `physicsDescriptionFlag`)
VALUES (2013855773, 20, 6894, 2097176, NULL, 32769);

INSERT INTO `ace_position` (`aceObjectId`, `positionType`, `landblockRaw`, `posX`, `posY`, `posZ`, `qW`, `qX`, `qY`, `qZ`)
VALUES (2013855773, 1, 2156920847, 38.6383, 148.778, 127.456, 0.9986441, 0, 0, 0.052058);

INSERT INTO `ace_object_properties_string` (`aceObjectId`, `strPropertyId`, `propertyValue`)
VALUES (2013855773, 1, 'Tailor');

INSERT INTO `ace_object_properties_did` (`aceObjectId`, `didPropertyId`, `propertyValue`)
VALUES (2013855773, 8, 100668115)
     , (2013855773, 1, 33555909);

INSERT INTO `ace_object_properties_int` (`aceObjectId`, `intPropertyId`, `propertyValue`)
VALUES (2013855773, 1, 128)
     , (2013855773, 5, 9000)
     , (2013855773, 16, 1)
     , (2013855773, 19, 125)
     , (2013855773, 93, 24)
     , (2013855773, 9007, 8);

INSERT INTO `ace_object_properties_bool` (`aceObjectId`, `boolPropertyId`, `propertyValue`)
VALUES (2013855773, 12, True)
     , (2013855773, 11, True)
     , (2013855773, 19, True)
     , (2013855773, 1, True);

INSERT INTO `ace_object_texture_map_change` (`aceObjectId`, `index`, `oldId`, `newId`)
VALUES (2013855773, 0, 83892071, 83892181);

INSERT INTO `ace_object_animation_change` (`aceObjectId`, `index`, `animationId`)
VALUES (2013855773, 0, 16783205);

INSERT INTO `ace_object` (`aceObjectId`, `aceObjectDescriptionFlags`, `weenieClassId`, `weenieHeaderFlags`, `currentMotionState`, `physicsDescriptionFlag`)
VALUES (2013855766, 20, 1008, 2097176, NULL, 32769);

INSERT INTO `ace_position` (`aceObjectId`, `positionType`, `landblockRaw`, `posX`, `posY`, `posZ`, `qW`, `qX`, `qY`, `qZ`)
VALUES (2013855766, 1, 2156920855, 48.2031, 157.236, 127.47, 1, 0, 0, 0);

INSERT INTO `ace_object_properties_string` (`aceObjectId`, `strPropertyId`, `propertyValue`)
VALUES (2013855766, 1, 'Loom and Oven');

INSERT INTO `ace_object_properties_did` (`aceObjectId`, `didPropertyId`, `propertyValue`)
VALUES (2013855766, 8, 100668115)
     , (2013855766, 1, 33555909);

INSERT INTO `ace_object_properties_int` (`aceObjectId`, `intPropertyId`, `propertyValue`)
VALUES (2013855766, 1, 128)
     , (2013855766, 5, 9000)
     , (2013855766, 16, 1)
     , (2013855766, 19, 125)
     , (2013855766, 93, 24)
     , (2013855766, 9007, 8);

INSERT INTO `ace_object_properties_bool` (`aceObjectId`, `boolPropertyId`, `propertyValue`)
VALUES (2013855766, 12, True)
     , (2013855766, 11, True)
     , (2013855766, 19, True)
     , (2013855766, 1, True);

INSERT INTO `ace_object_texture_map_change` (`aceObjectId`, `index`, `oldId`, `newId`)
VALUES (2013855766, 0, 83892071, 83892187);

INSERT INTO `ace_object_animation_change` (`aceObjectId`, `index`, `animationId`)
VALUES (2013855766, 0, 16783205);

INSERT INTO `ace_object` (`aceObjectId`, `aceObjectDescriptionFlags`, `weenieClassId`, `weenieHeaderFlags`, `currentMotionState`, `physicsDescriptionFlag`)
VALUES (2013855767, 20, 1007, 2097176, NULL, 32769);

INSERT INTO `ace_position` (`aceObjectId`, `positionType`, `landblockRaw`, `posX`, `posY`, `posZ`, `qW`, `qX`, `qY`, `qZ`)
VALUES (2013855767, 1, 2156920855, 61.126, 158.79, 127.7, 1, 0, 0, 0);

INSERT INTO `ace_object_properties_string` (`aceObjectId`, `strPropertyId`, `propertyValue`)
VALUES (2013855767, 1, 'Qufana''s Forge');

INSERT INTO `ace_object_properties_did` (`aceObjectId`, `didPropertyId`, `propertyValue`)
VALUES (2013855767, 8, 100668115)
     , (2013855767, 1, 33555909);

INSERT INTO `ace_object_properties_int` (`aceObjectId`, `intPropertyId`, `propertyValue`)
VALUES (2013855767, 1, 128)
     , (2013855767, 5, 9000)
     , (2013855767, 16, 1)
     , (2013855767, 19, 125)
     , (2013855767, 93, 24)
     , (2013855767, 9007, 8);

INSERT INTO `ace_object_properties_bool` (`aceObjectId`, `boolPropertyId`, `propertyValue`)
VALUES (2013855767, 12, True)
     , (2013855767, 11, True)
     , (2013855767, 19, True)
     , (2013855767, 1, True);

INSERT INTO `ace_object_texture_map_change` (`aceObjectId`, `index`, `oldId`, `newId`)
VALUES (2013855767, 0, 83892071, 83892180);

INSERT INTO `ace_object_animation_change` (`aceObjectId`, `index`, `animationId`)
VALUES (2013855767, 0, 16783205);

INSERT INTO `ace_object` (`aceObjectId`, `aceObjectDescriptionFlags`, `weenieClassId`, `weenieHeaderFlags`, `currentMotionState`, `physicsDescriptionFlag`)
VALUES (2012803087, 20, 12304, 2097176, NULL, 32769);

INSERT INTO `ace_position` (`aceObjectId`, `positionType`, `landblockRaw`, `posX`, `posY`, `posZ`, `qW`, `qX`, `qY`, `qZ`)
VALUES (2012803087, 1, 2140078136, 162.803, 171.15, 124, -0.712141, 0, 0, -0.702036);

INSERT INTO `ace_object_properties_string` (`aceObjectId`, `strPropertyId`, `propertyValue`)
VALUES (2012803087, 1, 'Agent of the Arcanum ');

INSERT INTO `ace_object_properties_did` (`aceObjectId`, `didPropertyId`, `propertyValue`)
VALUES (2012803087, 8, 100672342)
     , (2012803087, 1, 33557390);

INSERT INTO `ace_object_properties_int` (`aceObjectId`, `intPropertyId`, `propertyValue`)
VALUES (2012803087, 1, 128)
     , (2012803087, 5, 9000)
     , (2012803087, 16, 1)
     , (2012803087, 19, 125)
     , (2012803087, 93, 1048)
     , (2012803087, 9007, 8);

INSERT INTO `ace_object_properties_bool` (`aceObjectId`, `boolPropertyId`, `propertyValue`)
VALUES (2012803087, 12, True)
     , (2012803087, 11, True)
     , (2012803087, 14, True)
     , (2012803087, 19, True)
     , (2012803087, 1, True);

INSERT INTO `ace_object` (`aceObjectId`, `aceObjectDescriptionFlags`, `weenieClassId`, `weenieHeaderFlags`, `currentMotionState`, `physicsDescriptionFlag`)
VALUES (2033496137, 20, 8255, 2097176, NULL, 32769);

INSERT INTO `ace_position` (`aceObjectId`, `positionType`, `landblockRaw`, `posX`, `posY`, `posZ`, `qW`, `qX`, `qY`, `qZ`)
VALUES (2033496137, 1, 2471166511, 102.382, 14.391, -10.832, -0.7071068, 0, 0, -0.7071068);

INSERT INTO `ace_object_properties_string` (`aceObjectId`, `strPropertyId`, `propertyValue`)
VALUES (2033496137, 1, 'Archmage Sign');

INSERT INTO `ace_object_properties_did` (`aceObjectId`, `didPropertyId`, `propertyValue`)
VALUES (2033496137, 8, 100668115)
     , (2033496137, 1, 33555909);

INSERT INTO `ace_object_properties_int` (`aceObjectId`, `intPropertyId`, `propertyValue`)
VALUES (2033496137, 1, 128)
     , (2033496137, 5, 9000)
     , (2033496137, 16, 1)
     , (2033496137, 19, 125)
     , (2033496137, 93, 24)
     , (2033496137, 9007, 8);

INSERT INTO `ace_object_properties_bool` (`aceObjectId`, `boolPropertyId`, `propertyValue`)
VALUES (2033496137, 12, True)
     , (2033496137, 11, True)
     , (2033496137, 19, True)
     , (2033496137, 1, True);

INSERT INTO `ace_object_texture_map_change` (`aceObjectId`, `index`, `oldId`, `newId`)
VALUES (2033496137, 0, 83892071, 83892184);

INSERT INTO `ace_object_animation_change` (`aceObjectId`, `index`, `animationId`)
VALUES (2033496137, 0, 16783205);

INSERT INTO `ace_object` (`aceObjectId`, `aceObjectDescriptionFlags`, `weenieClassId`, `weenieHeaderFlags`, `currentMotionState`, `physicsDescriptionFlag`)
VALUES (2033496152, 20, 8256, 2097176, NULL, 32769);

INSERT INTO `ace_position` (`aceObjectId`, `positionType`, `landblockRaw`, `posX`, `posY`, `posZ`, `qW`, `qX`, `qY`, `qZ`)
VALUES (2033496152, 1, 2471166636, 163.99, 33.6179, -10.6, 0.7071068, 0, 0, -0.7071068);

INSERT INTO `ace_object_properties_string` (`aceObjectId`, `strPropertyId`, `propertyValue`)
VALUES (2033496152, 1, 'Forge and Bowyer Sign');

INSERT INTO `ace_object_properties_did` (`aceObjectId`, `didPropertyId`, `propertyValue`)
VALUES (2033496152, 8, 100668115)
     , (2033496152, 1, 33555909);

INSERT INTO `ace_object_properties_int` (`aceObjectId`, `intPropertyId`, `propertyValue`)
VALUES (2033496152, 1, 128)
     , (2033496152, 5, 9000)
     , (2033496152, 16, 1)
     , (2033496152, 19, 125)
     , (2033496152, 93, 24)
     , (2033496152, 9007, 8);

INSERT INTO `ace_object_properties_bool` (`aceObjectId`, `boolPropertyId`, `propertyValue`)
VALUES (2033496152, 12, True)
     , (2033496152, 11, True)
     , (2033496152, 19, True)
     , (2033496152, 1, True);

INSERT INTO `ace_object_texture_map_change` (`aceObjectId`, `index`, `oldId`, `newId`)
VALUES (2033496152, 0, 83892071, 83892180);

INSERT INTO `ace_object_animation_change` (`aceObjectId`, `index`, `animationId`)
VALUES (2033496152, 0, 16783205);

INSERT INTO `ace_object` (`aceObjectId`, `aceObjectDescriptionFlags`, `weenieClassId`, `weenieHeaderFlags`, `currentMotionState`, `physicsDescriptionFlag`)
VALUES (2033496127, 20, 8257, 2097176, NULL, 32769);

INSERT INTO `ace_position` (`aceObjectId`, `positionType`, `landblockRaw`, `posX`, `posY`, `posZ`, `qW`, `qX`, `qY`, `qZ`)
VALUES (2033496127, 1, 2471166451, 95.4984, 47.3102, -17.1, 0.9238797, 0, 0, -0.3826829);

INSERT INTO `ace_object_properties_string` (`aceObjectId`, `strPropertyId`, `propertyValue`)
VALUES (2033496127, 1, 'The Blue Grotto Pub');

INSERT INTO `ace_object_properties_did` (`aceObjectId`, `didPropertyId`, `propertyValue`)
VALUES (2033496127, 8, 100668115)
     , (2033496127, 1, 33555909);

INSERT INTO `ace_object_properties_int` (`aceObjectId`, `intPropertyId`, `propertyValue`)
VALUES (2033496127, 1, 128)
     , (2033496127, 5, 9000)
     , (2033496127, 16, 1)
     , (2033496127, 19, 125)
     , (2033496127, 93, 24)
     , (2033496127, 9007, 8);

INSERT INTO `ace_object_properties_bool` (`aceObjectId`, `boolPropertyId`, `propertyValue`)
VALUES (2033496127, 12, True)
     , (2033496127, 11, True)
     , (2033496127, 19, True)
     , (2033496127, 1, True);

INSERT INTO `ace_object_texture_map_change` (`aceObjectId`, `index`, `oldId`, `newId`)
VALUES (2033496127, 0, 83892071, 83892183);

INSERT INTO `ace_object_animation_change` (`aceObjectId`, `index`, `animationId`)
VALUES (2033496127, 0, 16783205);

INSERT INTO `ace_object` (`aceObjectId`, `aceObjectDescriptionFlags`, `weenieClassId`, `weenieHeaderFlags`, `currentMotionState`, `physicsDescriptionFlag`)
VALUES (2037522462, 20, 1065, 2097176, NULL, 32769);

INSERT INTO `ace_position` (`aceObjectId`, `positionType`, `landblockRaw`, `posX`, `posY`, `posZ`, `qW`, `qX`, `qY`, `qZ`)
VALUES (2037522462, 1, 2535587884, 120.041, 82.629, 105.51, 0.04002359, 0, 0, -0.9991987);

INSERT INTO `ace_object_properties_string` (`aceObjectId`, `strPropertyId`, `propertyValue`)
VALUES (2037522462, 1, 'House of Scrolls');

INSERT INTO `ace_object_properties_did` (`aceObjectId`, `didPropertyId`, `propertyValue`)
VALUES (2037522462, 8, 100668115)
     , (2037522462, 1, 33555909);

INSERT INTO `ace_object_properties_int` (`aceObjectId`, `intPropertyId`, `propertyValue`)
VALUES (2037522462, 1, 128)
     , (2037522462, 5, 9000)
     , (2037522462, 16, 1)
     , (2037522462, 19, 125)
     , (2037522462, 93, 24)
     , (2037522462, 9007, 8);

INSERT INTO `ace_object_properties_bool` (`aceObjectId`, `boolPropertyId`, `propertyValue`)
VALUES (2037522462, 12, True)
     , (2037522462, 11, True)
     , (2037522462, 19, True)
     , (2037522462, 1, True);

INSERT INTO `ace_object_texture_map_change` (`aceObjectId`, `index`, `oldId`, `newId`)
VALUES (2037522462, 0, 83892071, 83892186);

INSERT INTO `ace_object_animation_change` (`aceObjectId`, `index`, `animationId`)
VALUES (2037522462, 0, 16783205);

INSERT INTO `ace_object` (`aceObjectId`, `aceObjectDescriptionFlags`, `weenieClassId`, `weenieHeaderFlags`, `currentMotionState`, `physicsDescriptionFlag`)
VALUES (2037522461, 20, 1064, 2097176, NULL, 32769);

INSERT INTO `ace_position` (`aceObjectId`, `positionType`, `landblockRaw`, `posX`, `posY`, `posZ`, `qW`, `qX`, `qY`, `qZ`)
VALUES (2037522461, 1, 2535587876, 108.843, 72.194, 105.082, 0.7071068, 0, 0, 0.7071068);

INSERT INTO `ace_object_properties_string` (`aceObjectId`, `strPropertyId`, `propertyValue`)
VALUES (2037522461, 1, 'Food and Clothing');

INSERT INTO `ace_object_properties_did` (`aceObjectId`, `didPropertyId`, `propertyValue`)
VALUES (2037522461, 8, 100668115)
     , (2037522461, 1, 33555909);

INSERT INTO `ace_object_properties_int` (`aceObjectId`, `intPropertyId`, `propertyValue`)
VALUES (2037522461, 1, 128)
     , (2037522461, 5, 9000)
     , (2037522461, 16, 1)
     , (2037522461, 19, 125)
     , (2037522461, 93, 24)
     , (2037522461, 9007, 8);

INSERT INTO `ace_object_properties_bool` (`aceObjectId`, `boolPropertyId`, `propertyValue`)
VALUES (2037522461, 12, True)
     , (2037522461, 11, True)
     , (2037522461, 19, True)
     , (2037522461, 1, True);

INSERT INTO `ace_object_texture_map_change` (`aceObjectId`, `index`, `oldId`, `newId`)
VALUES (2037522461, 0, 83892071, 83892187);

INSERT INTO `ace_object_animation_change` (`aceObjectId`, `index`, `animationId`)
VALUES (2037522461, 0, 16783205);

INSERT INTO `ace_object` (`aceObjectId`, `aceObjectDescriptionFlags`, `weenieClassId`, `weenieHeaderFlags`, `currentMotionState`, `physicsDescriptionFlag`)
VALUES (2037522460, 20, 1063, 2097176, NULL, 32769);

INSERT INTO `ace_position` (`aceObjectId`, `positionType`, `landblockRaw`, `posX`, `posY`, `posZ`, `qW`, `qX`, `qY`, `qZ`)
VALUES (2037522460, 1, 2535587868, 84.8168, 82.387, 105.617, 0.7071068, 0, 0, 0.7071068);

INSERT INTO `ace_object_properties_string` (`aceObjectId`, `strPropertyId`, `propertyValue`)
VALUES (2037522460, 1, 'Tamara''s Armory');

INSERT INTO `ace_object_properties_did` (`aceObjectId`, `didPropertyId`, `propertyValue`)
VALUES (2037522460, 8, 100668115)
     , (2037522460, 1, 33555909);

INSERT INTO `ace_object_properties_int` (`aceObjectId`, `intPropertyId`, `propertyValue`)
VALUES (2037522460, 1, 128)
     , (2037522460, 5, 9000)
     , (2037522460, 16, 1)
     , (2037522460, 19, 125)
     , (2037522460, 93, 24)
     , (2037522460, 9007, 8);

INSERT INTO `ace_object_properties_bool` (`aceObjectId`, `boolPropertyId`, `propertyValue`)
VALUES (2037522460, 12, True)
     , (2037522460, 11, True)
     , (2037522460, 19, True)
     , (2037522460, 1, True);

INSERT INTO `ace_object_texture_map_change` (`aceObjectId`, `index`, `oldId`, `newId`)
VALUES (2037522460, 0, 83892071, 83892189);

INSERT INTO `ace_object_animation_change` (`aceObjectId`, `index`, `animationId`)
VALUES (2037522460, 0, 16783205);

INSERT INTO `ace_object` (`aceObjectId`, `aceObjectDescriptionFlags`, `weenieClassId`, `weenieHeaderFlags`, `currentMotionState`, `physicsDescriptionFlag`)
VALUES (2037522472, 20, 12304, 2097176, NULL, 32769);

INSERT INTO `ace_position` (`aceObjectId`, `positionType`, `landblockRaw`, `posX`, `posY`, `posZ`, `qW`, `qX`, `qY`, `qZ`)
VALUES (2037522472, 1, 2535587870, 80.0702, 126.096, 102, -0.999972, 0, 0, 0.00744014);

INSERT INTO `ace_object_properties_string` (`aceObjectId`, `strPropertyId`, `propertyValue`)
VALUES (2037522472, 1, 'Agent of the Arcanum ');

INSERT INTO `ace_object_properties_did` (`aceObjectId`, `didPropertyId`, `propertyValue`)
VALUES (2037522472, 8, 100672342)
     , (2037522472, 1, 33557390);

INSERT INTO `ace_object_properties_int` (`aceObjectId`, `intPropertyId`, `propertyValue`)
VALUES (2037522472, 1, 128)
     , (2037522472, 5, 9000)
     , (2037522472, 16, 1)
     , (2037522472, 19, 125)
     , (2037522472, 93, 1048)
     , (2037522472, 9007, 8);

INSERT INTO `ace_object_properties_bool` (`aceObjectId`, `boolPropertyId`, `propertyValue`)
VALUES (2037522472, 12, True)
     , (2037522472, 11, True)
     , (2037522472, 14, True)
     , (2037522472, 19, True)
     , (2037522472, 1, True);

INSERT INTO `ace_object` (`aceObjectId`, `aceObjectDescriptionFlags`, `weenieClassId`, `weenieHeaderFlags`, `currentMotionState`, `physicsDescriptionFlag`)
VALUES (2037522459, 20, 1067, 2097176, NULL, 32769);

INSERT INTO `ace_position` (`aceObjectId`, `positionType`, `landblockRaw`, `posX`, `posY`, `posZ`, `qW`, `qX`, `qY`, `qZ`)
VALUES (2037522459, 1, 2535587861, 69.7723, 109.153, 105.483, -0.9995727, 0, 0, -0.02923109);

INSERT INTO `ace_object_properties_string` (`aceObjectId`, `strPropertyId`, `propertyValue`)
VALUES (2037522459, 1, 'The Four Shields');

INSERT INTO `ace_object_properties_did` (`aceObjectId`, `didPropertyId`, `propertyValue`)
VALUES (2037522459, 8, 100668115)
     , (2037522459, 1, 33555909);

INSERT INTO `ace_object_properties_int` (`aceObjectId`, `intPropertyId`, `propertyValue`)
VALUES (2037522459, 1, 128)
     , (2037522459, 5, 9000)
     , (2037522459, 16, 1)
     , (2037522459, 19, 125)
     , (2037522459, 93, 24)
     , (2037522459, 9007, 8);

INSERT INTO `ace_object_properties_bool` (`aceObjectId`, `boolPropertyId`, `propertyValue`)
VALUES (2037522459, 12, True)
     , (2037522459, 11, True)
     , (2037522459, 19, True)
     , (2037522459, 1, True);

INSERT INTO `ace_object_texture_map_change` (`aceObjectId`, `index`, `oldId`, `newId`)
VALUES (2037522459, 0, 83892071, 83892183);

INSERT INTO `ace_object_animation_change` (`aceObjectId`, `index`, `animationId`)
VALUES (2037522459, 0, 16783205);

INSERT INTO `ace_object` (`aceObjectId`, `aceObjectDescriptionFlags`, `weenieClassId`, `weenieHeaderFlags`, `currentMotionState`, `physicsDescriptionFlag`)
VALUES (2037887016, 20, 12304, 2097176, NULL, 32769);

INSERT INTO `ace_position` (`aceObjectId`, `positionType`, `landblockRaw`, `posX`, `posY`, `posZ`, `qW`, `qX`, `qY`, `qZ`)
VALUES (2037887016, 1, 2541420574, 84.7348, 121.758, -3.72529E-09, -0.37247, 0, 0, -0.928044);

INSERT INTO `ace_object_properties_string` (`aceObjectId`, `strPropertyId`, `propertyValue`)
VALUES (2037887016, 1, 'Agent of the Arcanum ');

INSERT INTO `ace_object_properties_did` (`aceObjectId`, `didPropertyId`, `propertyValue`)
VALUES (2037887016, 8, 100672342)
     , (2037887016, 1, 33557390);

INSERT INTO `ace_object_properties_int` (`aceObjectId`, `intPropertyId`, `propertyValue`)
VALUES (2037887016, 1, 128)
     , (2037887016, 5, 9000)
     , (2037887016, 16, 1)
     , (2037887016, 19, 125)
     , (2037887016, 93, 1048)
     , (2037887016, 9007, 8);

INSERT INTO `ace_object_properties_bool` (`aceObjectId`, `boolPropertyId`, `propertyValue`)
VALUES (2037887016, 12, True)
     , (2037887016, 11, True)
     , (2037887016, 14, True)
     , (2037887016, 19, True)
     , (2037887016, 1, True);

INSERT INTO `ace_object` (`aceObjectId`, `aceObjectDescriptionFlags`, `weenieClassId`, `weenieHeaderFlags`, `currentMotionState`, `physicsDescriptionFlag`)
VALUES (2037887000, 20, 998, 2097176, NULL, 32769);

INSERT INTO `ace_position` (`aceObjectId`, `positionType`, `landblockRaw`, `posX`, `posY`, `posZ`, `qW`, `qX`, `qY`, `qZ`)
VALUES (2037887000, 1, 2541420599, 156.254, 155.185, 3.7, -0.2988319, 0, 0, -0.9543058);

INSERT INTO `ace_object_properties_string` (`aceObjectId`, `strPropertyId`, `propertyValue`)
VALUES (2037887000, 1, 'Bellows'' Breath');

INSERT INTO `ace_object_properties_did` (`aceObjectId`, `didPropertyId`, `propertyValue`)
VALUES (2037887000, 8, 100668115)
     , (2037887000, 1, 33555909);

INSERT INTO `ace_object_properties_int` (`aceObjectId`, `intPropertyId`, `propertyValue`)
VALUES (2037887000, 1, 128)
     , (2037887000, 5, 9000)
     , (2037887000, 16, 1)
     , (2037887000, 19, 125)
     , (2037887000, 93, 24)
     , (2037887000, 9007, 8);

INSERT INTO `ace_object_properties_bool` (`aceObjectId`, `boolPropertyId`, `propertyValue`)
VALUES (2037887000, 12, True)
     , (2037887000, 11, True)
     , (2037887000, 19, True)
     , (2037887000, 1, True);

INSERT INTO `ace_object_texture_map_change` (`aceObjectId`, `index`, `oldId`, `newId`)
VALUES (2037887000, 0, 83892071, 83892180);

INSERT INTO `ace_object_animation_change` (`aceObjectId`, `index`, `animationId`)
VALUES (2037887000, 0, 16783205);

INSERT INTO `ace_object` (`aceObjectId`, `aceObjectDescriptionFlags`, `weenieClassId`, `weenieHeaderFlags`, `currentMotionState`, `physicsDescriptionFlag`)
VALUES (2037887007, 20, 635, 2097176, NULL, 163841);

INSERT INTO `ace_position` (`aceObjectId`, `positionType`, `landblockRaw`, `posX`, `posY`, `posZ`, `qW`, `qX`, `qY`, `qZ`)
VALUES (2037887007, 1, 2541420600, 156.925, 172.749, -3.72529E-09, -0.751475, 0, 0, -0.659762);

INSERT INTO `ace_object_properties_string` (`aceObjectId`, `strPropertyId`, `propertyValue`)
VALUES (2037887007, 1, 'Healer');

INSERT INTO `ace_object_properties_did` (`aceObjectId`, `didPropertyId`, `propertyValue`)
VALUES (2037887007, 8, 100668115)
     , (2037887007, 1, 33555088);

INSERT INTO `ace_object_properties_int` (`aceObjectId`, `intPropertyId`, `propertyValue`)
VALUES (2037887007, 53, 101)
     , (2037887007, 1, 128)
     , (2037887007, 5, 9000)
     , (2037887007, 16, 1)
     , (2037887007, 19, 125)
     , (2037887007, 93, 1048)
     , (2037887007, 9007, 8);

INSERT INTO `ace_object_properties_bool` (`aceObjectId`, `boolPropertyId`, `propertyValue`)
VALUES (2037887007, 12, True)
     , (2037887007, 11, True)
     , (2037887007, 14, True)
     , (2037887007, 19, True)
     , (2037887007, 1, True);

INSERT INTO `ace_object_texture_map_change` (`aceObjectId`, `index`, `oldId`, `newId`)
VALUES (2037887007, 0, 83891055, 83889901);

INSERT INTO `ace_object_animation_change` (`aceObjectId`, `index`, `animationId`)
VALUES (2037887007, 0, 16780409);

INSERT INTO `ace_object` (`aceObjectId`, `aceObjectDescriptionFlags`, `weenieClassId`, `weenieHeaderFlags`, `currentMotionState`, `physicsDescriptionFlag`)
VALUES (2037887001, 20, 1002, 2097176, NULL, 32769);

INSERT INTO `ace_position` (`aceObjectId`, `positionType`, `landblockRaw`, `posX`, `posY`, `posZ`, `qW`, `qX`, `qY`, `qZ`)
VALUES (2037887001, 1, 2541420600, 157.534, 179.306, 3.4965, -0.9998994, 0, 0, -0.01417959);

INSERT INTO `ace_object_properties_string` (`aceObjectId`, `strPropertyId`, `propertyValue`)
VALUES (2037887001, 1, 'House of Fathlan');

INSERT INTO `ace_object_properties_did` (`aceObjectId`, `didPropertyId`, `propertyValue`)
VALUES (2037887001, 8, 100668115)
     , (2037887001, 1, 33555909);

INSERT INTO `ace_object_properties_int` (`aceObjectId`, `intPropertyId`, `propertyValue`)
VALUES (2037887001, 1, 128)
     , (2037887001, 5, 9000)
     , (2037887001, 16, 1)
     , (2037887001, 19, 125)
     , (2037887001, 93, 24)
     , (2037887001, 9007, 8);

INSERT INTO `ace_object_properties_bool` (`aceObjectId`, `boolPropertyId`, `propertyValue`)
VALUES (2037887001, 12, True)
     , (2037887001, 11, True)
     , (2037887001, 19, True)
     , (2037887001, 1, True);

INSERT INTO `ace_object_texture_map_change` (`aceObjectId`, `index`, `oldId`, `newId`)
VALUES (2037887001, 0, 83892071, 83892185);

INSERT INTO `ace_object_animation_change` (`aceObjectId`, `index`, `animationId`)
VALUES (2037887001, 0, 16783205);

INSERT INTO `ace_object` (`aceObjectId`, `aceObjectDescriptionFlags`, `weenieClassId`, `weenieHeaderFlags`, `currentMotionState`, `physicsDescriptionFlag`)
VALUES (2037887002, 20, 999, 2097176, NULL, 32769);

INSERT INTO `ace_position` (`aceObjectId`, `positionType`, `landblockRaw`, `posX`, `posY`, `posZ`, `qW`, `qX`, `qY`, `qZ`)
VALUES (2037887002, 1, 2541420607, 177.599, 163.378, 3.50998, -4.37114E-08, 0, 0, -1);

INSERT INTO `ace_object_properties_string` (`aceObjectId`, `strPropertyId`, `propertyValue`)
VALUES (2037887002, 1, 'Bow and Goods');

INSERT INTO `ace_object_properties_did` (`aceObjectId`, `didPropertyId`, `propertyValue`)
VALUES (2037887002, 8, 100668115)
     , (2037887002, 1, 33555909);

INSERT INTO `ace_object_properties_int` (`aceObjectId`, `intPropertyId`, `propertyValue`)
VALUES (2037887002, 1, 128)
     , (2037887002, 5, 9000)
     , (2037887002, 16, 1)
     , (2037887002, 19, 125)
     , (2037887002, 93, 24)
     , (2037887002, 9007, 8);

INSERT INTO `ace_object_properties_bool` (`aceObjectId`, `boolPropertyId`, `propertyValue`)
VALUES (2037887002, 12, True)
     , (2037887002, 11, True)
     , (2037887002, 19, True)
     , (2037887002, 1, True);

INSERT INTO `ace_object_texture_map_change` (`aceObjectId`, `index`, `oldId`, `newId`)
VALUES (2037887002, 0, 83892071, 83892188);

INSERT INTO `ace_object_animation_change` (`aceObjectId`, `index`, `animationId`)
VALUES (2037887002, 0, 16783205);

INSERT INTO `ace_object` (`aceObjectId`, `aceObjectDescriptionFlags`, `weenieClassId`, `weenieHeaderFlags`, `currentMotionState`, `physicsDescriptionFlag`)
VALUES (2037887003, 20, 1003, 2097176, NULL, 32769);

INSERT INTO `ace_position` (`aceObjectId`, `positionType`, `landblockRaw`, `posX`, `posY`, `posZ`, `qW`, `qX`, `qY`, `qZ`)
VALUES (2037887003, 1, 2541420608, 180.965, 180.557, 3.7, 0.9445196, 0, 0, -0.3284549);

INSERT INTO `ace_object_properties_string` (`aceObjectId`, `strPropertyId`, `propertyValue`)
VALUES (2037887003, 1, 'The Golden Vine');

INSERT INTO `ace_object_properties_did` (`aceObjectId`, `didPropertyId`, `propertyValue`)
VALUES (2037887003, 8, 100668115)
     , (2037887003, 1, 33555909);

INSERT INTO `ace_object_properties_int` (`aceObjectId`, `intPropertyId`, `propertyValue`)
VALUES (2037887003, 1, 128)
     , (2037887003, 5, 9000)
     , (2037887003, 16, 1)
     , (2037887003, 19, 125)
     , (2037887003, 93, 24)
     , (2037887003, 9007, 8);

INSERT INTO `ace_object_properties_bool` (`aceObjectId`, `boolPropertyId`, `propertyValue`)
VALUES (2037887003, 12, True)
     , (2037887003, 11, True)
     , (2037887003, 19, True)
     , (2037887003, 1, True);

INSERT INTO `ace_object_texture_map_change` (`aceObjectId`, `index`, `oldId`, `newId`)
VALUES (2037887003, 0, 83892071, 83892183);

INSERT INTO `ace_object_animation_change` (`aceObjectId`, `index`, `animationId`)
VALUES (2037887003, 0, 16783205);

INSERT INTO `ace_object` (`aceObjectId`, `aceObjectDescriptionFlags`, `weenieClassId`, `weenieHeaderFlags`, `currentMotionState`, `physicsDescriptionFlag`)
VALUES (2120425490, 20, 805, 2097176, NULL, 163841);

INSERT INTO `ace_position` (`aceObjectId`, `positionType`, `landblockRaw`, `posX`, `posY`, `posZ`, `qW`, `qX`, `qY`, `qZ`)
VALUES (2120425490, 1, 3862036518, 98.4, 129, 28, -0.674302, 0, 0, 0.738455);

INSERT INTO `ace_object_properties_string` (`aceObjectId`, `strPropertyId`, `propertyValue`)
VALUES (2120425490, 1, 'Zhen''s Tower');

INSERT INTO `ace_object_properties_did` (`aceObjectId`, `didPropertyId`, `propertyValue`)
VALUES (2120425490, 8, 100668115)
     , (2120425490, 1, 33555088);

INSERT INTO `ace_object_properties_int` (`aceObjectId`, `intPropertyId`, `propertyValue`)
VALUES (2120425490, 53, 101)
     , (2120425490, 1, 128)
     , (2120425490, 5, 9000)
     , (2120425490, 16, 1)
     , (2120425490, 19, 125)
     , (2120425490, 93, 1048)
     , (2120425490, 9007, 8);

INSERT INTO `ace_object_properties_bool` (`aceObjectId`, `boolPropertyId`, `propertyValue`)
VALUES (2120425490, 12, True)
     , (2120425490, 11, True)
     , (2120425490, 14, True)
     , (2120425490, 19, True)
     , (2120425490, 1, True);

INSERT INTO `ace_object_texture_map_change` (`aceObjectId`, `index`, `oldId`, `newId`)
VALUES (2120425490, 0, 83891055, 83889857);

INSERT INTO `ace_object_animation_change` (`aceObjectId`, `index`, `animationId`)
VALUES (2120425490, 0, 16780409);

INSERT INTO `ace_object` (`aceObjectId`, `aceObjectDescriptionFlags`, `weenieClassId`, `weenieHeaderFlags`, `currentMotionState`, `physicsDescriptionFlag`)
VALUES (1897086997, 20, 6871, 2097176, NULL, 32769);

INSERT INTO `ace_position` (`aceObjectId`, `positionType`, `landblockRaw`, `posX`, `posY`, `posZ`, `qW`, `qX`, `qY`, `qZ`)
VALUES (1897086997, 1, 288620571, 93.5, 58.6667, 45.2, -0.7071068, 0, 0, -0.7071068);

INSERT INTO `ace_object_properties_string` (`aceObjectId`, `strPropertyId`, `propertyValue`)
VALUES (1897086997, 1, 'The Whispering Sword');

INSERT INTO `ace_object_properties_did` (`aceObjectId`, `didPropertyId`, `propertyValue`)
VALUES (1897086997, 8, 100668115)
     , (1897086997, 1, 33555909);

INSERT INTO `ace_object_properties_int` (`aceObjectId`, `intPropertyId`, `propertyValue`)
VALUES (1897086997, 1, 128)
     , (1897086997, 5, 9000)
     , (1897086997, 16, 1)
     , (1897086997, 19, 125)
     , (1897086997, 93, 24)
     , (1897086997, 9007, 8);

INSERT INTO `ace_object_properties_bool` (`aceObjectId`, `boolPropertyId`, `propertyValue`)
VALUES (1897086997, 12, True)
     , (1897086997, 11, True)
     , (1897086997, 19, True)
     , (1897086997, 1, True);

INSERT INTO `ace_object_texture_map_change` (`aceObjectId`, `index`, `oldId`, `newId`)
VALUES (1897086997, 0, 83892071, 83892180);

INSERT INTO `ace_object_animation_change` (`aceObjectId`, `index`, `animationId`)
VALUES (1897086997, 0, 16783205);

INSERT INTO `ace_object` (`aceObjectId`, `aceObjectDescriptionFlags`, `weenieClassId`, `weenieHeaderFlags`, `currentMotionState`, `physicsDescriptionFlag`)
VALUES (1897086994, 20, 6867, 2097176, NULL, 32769);

INSERT INTO `ace_position` (`aceObjectId`, `positionType`, `landblockRaw`, `posX`, `posY`, `posZ`, `qW`, `qX`, `qY`, `qZ`)
VALUES (1897086994, 1, 288620579, 114, 67, 43.305, -0.7071068, 0, 0, -0.7071068);

INSERT INTO `ace_object_properties_string` (`aceObjectId`, `strPropertyId`, `propertyValue`)
VALUES (1897086994, 1, 'The Old Campaigner''s Bows');

INSERT INTO `ace_object_properties_did` (`aceObjectId`, `didPropertyId`, `propertyValue`)
VALUES (1897086994, 8, 100668115)
     , (1897086994, 1, 33555909);

INSERT INTO `ace_object_properties_int` (`aceObjectId`, `intPropertyId`, `propertyValue`)
VALUES (1897086994, 1, 128)
     , (1897086994, 5, 9000)
     , (1897086994, 16, 1)
     , (1897086994, 19, 125)
     , (1897086994, 93, 24)
     , (1897086994, 9007, 8);

INSERT INTO `ace_object_properties_bool` (`aceObjectId`, `boolPropertyId`, `propertyValue`)
VALUES (1897086994, 12, True)
     , (1897086994, 11, True)
     , (1897086994, 19, True)
     , (1897086994, 1, True);

INSERT INTO `ace_object_texture_map_change` (`aceObjectId`, `index`, `oldId`, `newId`)
VALUES (1897086994, 0, 83892071, 83892188);

INSERT INTO `ace_object_animation_change` (`aceObjectId`, `index`, `animationId`)
VALUES (1897086994, 0, 16783205);

INSERT INTO `ace_object` (`aceObjectId`, `aceObjectDescriptionFlags`, `weenieClassId`, `weenieHeaderFlags`, `currentMotionState`, `physicsDescriptionFlag`)
VALUES (1897086996, 20, 6868, 2097176, NULL, 32769);

INSERT INTO `ace_position` (`aceObjectId`, `positionType`, `landblockRaw`, `posX`, `posY`, `posZ`, `qW`, `qX`, `qY`, `qZ`)
VALUES (1897086996, 1, 288620588, 129.423, 90.6667, 45.2, -4.37114E-08, 0, 0, -1);

INSERT INTO `ace_object_properties_string` (`aceObjectId`, `strPropertyId`, `propertyValue`)
VALUES (1897086996, 1, 'The Secluded Sanctuary');

INSERT INTO `ace_object_properties_did` (`aceObjectId`, `didPropertyId`, `propertyValue`)
VALUES (1897086996, 8, 100668115)
     , (1897086996, 1, 33555909);

INSERT INTO `ace_object_properties_int` (`aceObjectId`, `intPropertyId`, `propertyValue`)
VALUES (1897086996, 1, 128)
     , (1897086996, 5, 9000)
     , (1897086996, 16, 1)
     , (1897086996, 19, 125)
     , (1897086996, 93, 24)
     , (1897086996, 9007, 8);

INSERT INTO `ace_object_properties_bool` (`aceObjectId`, `boolPropertyId`, `propertyValue`)
VALUES (1897086996, 12, True)
     , (1897086996, 11, True)
     , (1897086996, 19, True)
     , (1897086996, 1, True);

INSERT INTO `ace_object_texture_map_change` (`aceObjectId`, `index`, `oldId`, `newId`)
VALUES (1897086996, 0, 83892071, 83892186);

INSERT INTO `ace_object_animation_change` (`aceObjectId`, `index`, `animationId`)
VALUES (1897086996, 0, 16783205);

INSERT INTO `ace_object` (`aceObjectId`, `aceObjectDescriptionFlags`, `weenieClassId`, `weenieHeaderFlags`, `currentMotionState`, `physicsDescriptionFlag`)
VALUES (1897086989, 20, 6869, 2097176, NULL, 32769);

INSERT INTO `ace_position` (`aceObjectId`, `positionType`, `landblockRaw`, `posX`, `posY`, `posZ`, `qW`, `qX`, `qY`, `qZ`)
VALUES (1897086989, 1, 288620566, 67, 134, 43.305, 1, 0, 0, 0);

INSERT INTO `ace_object_properties_string` (`aceObjectId`, `strPropertyId`, `propertyValue`)
VALUES (1897086989, 1, 'Jewel of the Desert');

INSERT INTO `ace_object_properties_did` (`aceObjectId`, `didPropertyId`, `propertyValue`)
VALUES (1897086989, 8, 100668115)
     , (1897086989, 1, 33555909);

INSERT INTO `ace_object_properties_int` (`aceObjectId`, `intPropertyId`, `propertyValue`)
VALUES (1897086989, 1, 128)
     , (1897086989, 5, 9000)
     , (1897086989, 16, 1)
     , (1897086989, 19, 125)
     , (1897086989, 93, 24)
     , (1897086989, 9007, 8);

INSERT INTO `ace_object_properties_bool` (`aceObjectId`, `boolPropertyId`, `propertyValue`)
VALUES (1897086989, 12, True)
     , (1897086989, 11, True)
     , (1897086989, 19, True)
     , (1897086989, 1, True);

INSERT INTO `ace_object_texture_map_change` (`aceObjectId`, `index`, `oldId`, `newId`)
VALUES (1897086989, 0, 83892071, 83892185);

INSERT INTO `ace_object_animation_change` (`aceObjectId`, `index`, `animationId`)
VALUES (1897086989, 0, 16783205);

INSERT INTO `ace_object` (`aceObjectId`, `aceObjectDescriptionFlags`, `weenieClassId`, `weenieHeaderFlags`, `currentMotionState`, `physicsDescriptionFlag`)
VALUES (1897087012, 20, 12304, 2097176, NULL, 32769);

INSERT INTO `ace_position` (`aceObjectId`, `positionType`, `landblockRaw`, `posX`, `posY`, `posZ`, `qW`, `qX`, `qY`, `qZ`)
VALUES (1897087012, 1, 288620590, 126.222, 123.242, 42, 0.702381, 0, 0, -0.711801);

INSERT INTO `ace_object_properties_string` (`aceObjectId`, `strPropertyId`, `propertyValue`)
VALUES (1897087012, 1, 'Agent of the Arcanum ');

INSERT INTO `ace_object_properties_did` (`aceObjectId`, `didPropertyId`, `propertyValue`)
VALUES (1897087012, 8, 100672342)
     , (1897087012, 1, 33557390);

INSERT INTO `ace_object_properties_int` (`aceObjectId`, `intPropertyId`, `propertyValue`)
VALUES (1897087012, 1, 128)
     , (1897087012, 5, 9000)
     , (1897087012, 16, 1)
     , (1897087012, 19, 125)
     , (1897087012, 93, 1048)
     , (1897087012, 9007, 8);

INSERT INTO `ace_object_properties_bool` (`aceObjectId`, `boolPropertyId`, `propertyValue`)
VALUES (1897087012, 12, True)
     , (1897087012, 11, True)
     , (1897087012, 14, True)
     , (1897087012, 19, True)
     , (1897087012, 1, True);

INSERT INTO `ace_object` (`aceObjectId`, `aceObjectDescriptionFlags`, `weenieClassId`, `weenieHeaderFlags`, `currentMotionState`, `physicsDescriptionFlag`)
VALUES (1897086995, 20, 6870, 2097176, NULL, 32769);

INSERT INTO `ace_position` (`aceObjectId`, `positionType`, `landblockRaw`, `posX`, `posY`, `posZ`, `qW`, `qX`, `qY`, `qZ`)
VALUES (1897086995, 1, 288620575, 81.5, 145, 45.7, 0.7071068, 0, 0, -0.7071068);

INSERT INTO `ace_object_properties_string` (`aceObjectId`, `strPropertyId`, `propertyValue`)
VALUES (1897086995, 1, 'The Smoking Axe Tavern');

INSERT INTO `ace_object_properties_did` (`aceObjectId`, `didPropertyId`, `propertyValue`)
VALUES (1897086995, 8, 100668115)
     , (1897086995, 1, 33555909);

INSERT INTO `ace_object_properties_int` (`aceObjectId`, `intPropertyId`, `propertyValue`)
VALUES (1897086995, 1, 128)
     , (1897086995, 5, 9000)
     , (1897086995, 16, 1)
     , (1897086995, 19, 125)
     , (1897086995, 93, 24)
     , (1897086995, 9007, 8);

INSERT INTO `ace_object_properties_bool` (`aceObjectId`, `boolPropertyId`, `propertyValue`)
VALUES (1897086995, 12, True)
     , (1897086995, 11, True)
     , (1897086995, 19, True)
     , (1897086995, 1, True);

INSERT INTO `ace_object_texture_map_change` (`aceObjectId`, `index`, `oldId`, `newId`)
VALUES (1897086995, 0, 83892071, 83892183);

INSERT INTO `ace_object_animation_change` (`aceObjectId`, `index`, `animationId`)
VALUES (1897086995, 0, 16783205);

INSERT INTO `ace_object` (`aceObjectId`, `aceObjectDescriptionFlags`, `weenieClassId`, `weenieHeaderFlags`, `currentMotionState`, `physicsDescriptionFlag`)
VALUES (1897091073, 20, 6866, 2097176, NULL, 32769);

INSERT INTO `ace_position` (`aceObjectId`, `positionType`, `landblockRaw`, `posX`, `posY`, `posZ`, `qW`, `qX`, `qY`, `qZ`)
VALUES (1897091073, 1, 288686084, 18.8, 80.65, 73.305, -0.9537169, 0, 0, -0.300706);

INSERT INTO `ace_object_properties_string` (`aceObjectId`, `strPropertyId`, `propertyValue`)
VALUES (1897091073, 1, 'A Human Archmage');

INSERT INTO `ace_object_properties_did` (`aceObjectId`, `didPropertyId`, `propertyValue`)
VALUES (1897091073, 8, 100668115)
     , (1897091073, 1, 33555909);

INSERT INTO `ace_object_properties_int` (`aceObjectId`, `intPropertyId`, `propertyValue`)
VALUES (1897091073, 1, 128)
     , (1897091073, 5, 9000)
     , (1897091073, 16, 1)
     , (1897091073, 19, 125)
     , (1897091073, 93, 24)
     , (1897091073, 9007, 8);

INSERT INTO `ace_object_properties_bool` (`aceObjectId`, `boolPropertyId`, `propertyValue`)
VALUES (1897091073, 12, True)
     , (1897091073, 11, True)
     , (1897091073, 19, True)
     , (1897091073, 1, True);

INSERT INTO `ace_object_texture_map_change` (`aceObjectId`, `index`, `oldId`, `newId`)
VALUES (1897091073, 0, 83892071, 83892184);

INSERT INTO `ace_object_animation_change` (`aceObjectId`, `index`, `animationId`)
VALUES (1897091073, 0, 16783205);

INSERT INTO `ace_object` (`aceObjectId`, `aceObjectDescriptionFlags`, `weenieClassId`, `weenieHeaderFlags`, `currentMotionState`, `physicsDescriptionFlag`)
VALUES (1881018468, 20, 1212, 2097176, NULL, 163841);

INSERT INTO `ace_position` (`aceObjectId`, `positionType`, `landblockRaw`, `posX`, `posY`, `posZ`, `qW`, `qX`, `qY`, `qZ`)
VALUES (1881018468, 1, 31523355, 118.892, -70.0417, -6, 0.707107, 0, 0, -0.707107);

INSERT INTO `ace_object_properties_string` (`aceObjectId`, `strPropertyId`, `propertyValue`)
VALUES (1881018468, 1, 'Old Sign');

INSERT INTO `ace_object_properties_did` (`aceObjectId`, `didPropertyId`, `propertyValue`)
VALUES (1881018468, 8, 100668115)
     , (1881018468, 1, 33555088);

INSERT INTO `ace_object_properties_int` (`aceObjectId`, `intPropertyId`, `propertyValue`)
VALUES (1881018468, 53, 101)
     , (1881018468, 1, 128)
     , (1881018468, 5, 9000)
     , (1881018468, 16, 1)
     , (1881018468, 19, 125)
     , (1881018468, 93, 1048)
     , (1881018468, 9007, 8);

INSERT INTO `ace_object_properties_bool` (`aceObjectId`, `boolPropertyId`, `propertyValue`)
VALUES (1881018468, 12, True)
     , (1881018468, 11, True)
     , (1881018468, 14, True)
     , (1881018468, 19, True)
     , (1881018468, 1, True);

INSERT INTO `ace_object` (`aceObjectId`, `aceObjectDescriptionFlags`, `weenieClassId`, `weenieHeaderFlags`, `currentMotionState`, `physicsDescriptionFlag`)
VALUES (1881018466, 20, 1213, 2097176, NULL, 163841);

INSERT INTO `ace_position` (`aceObjectId`, `positionType`, `landblockRaw`, `posX`, `posY`, `posZ`, `qW`, `qX`, `qY`, `qZ`)
VALUES (1881018466, 1, 31523348, 123.922, -52.9564, -6, 0.729119, 0, 0, -0.684387);

INSERT INTO `ace_object_properties_string` (`aceObjectId`, `strPropertyId`, `propertyValue`)
VALUES (1881018466, 1, 'Tattered Sign');

INSERT INTO `ace_object_properties_did` (`aceObjectId`, `didPropertyId`, `propertyValue`)
VALUES (1881018466, 8, 100668115)
     , (1881018466, 1, 33555088);

INSERT INTO `ace_object_properties_int` (`aceObjectId`, `intPropertyId`, `propertyValue`)
VALUES (1881018466, 53, 101)
     , (1881018466, 1, 128)
     , (1881018466, 5, 9000)
     , (1881018466, 16, 1)
     , (1881018466, 19, 125)
     , (1881018466, 93, 1048)
     , (1881018466, 9007, 8);

INSERT INTO `ace_object_properties_bool` (`aceObjectId`, `boolPropertyId`, `propertyValue`)
VALUES (1881018466, 12, True)
     , (1881018466, 11, True)
     , (1881018466, 14, True)
     , (1881018466, 19, True)
     , (1881018466, 1, True);

INSERT INTO `ace_object` (`aceObjectId`, `aceObjectDescriptionFlags`, `weenieClassId`, `weenieHeaderFlags`, `currentMotionState`, `physicsDescriptionFlag`)
VALUES (1881018471, 20, 1214, 2097176, NULL, 163841);

INSERT INTO `ace_position` (`aceObjectId`, `positionType`, `landblockRaw`, `posX`, `posY`, `posZ`, `qW`, `qX`, `qY`, `qZ`)
VALUES (1881018471, 1, 31523367, 133.691, -72.6829, -6, 0.707107, 0, 0, -0.707107);

INSERT INTO `ace_object_properties_string` (`aceObjectId`, `strPropertyId`, `propertyValue`)
VALUES (1881018471, 1, 'Dusty Sign');

INSERT INTO `ace_object_properties_did` (`aceObjectId`, `didPropertyId`, `propertyValue`)
VALUES (1881018471, 8, 100668115)
     , (1881018471, 1, 33555088);

INSERT INTO `ace_object_properties_int` (`aceObjectId`, `intPropertyId`, `propertyValue`)
VALUES (1881018471, 53, 101)
     , (1881018471, 1, 128)
     , (1881018471, 5, 9000)
     , (1881018471, 16, 1)
     , (1881018471, 19, 125)
     , (1881018471, 93, 1048)
     , (1881018471, 9007, 8);

INSERT INTO `ace_object_properties_bool` (`aceObjectId`, `boolPropertyId`, `propertyValue`)
VALUES (1881018471, 12, True)
     , (1881018471, 11, True)
     , (1881018471, 14, True)
     , (1881018471, 19, True)
     , (1881018471, 1, True);

INSERT INTO `ace_object` (`aceObjectId`, `aceObjectDescriptionFlags`, `weenieClassId`, `weenieHeaderFlags`, `currentMotionState`, `physicsDescriptionFlag`)
VALUES (1881018484, 20, 1216, 2097176, NULL, 163841);

INSERT INTO `ace_position` (`aceObjectId`, `positionType`, `landblockRaw`, `posX`, `posY`, `posZ`, `qW`, `qX`, `qY`, `qZ`)
VALUES (1881018484, 1, 31523399, 173.992, -82.9697, -6, 0.707107, 0, 0, -0.707107);

INSERT INTO `ace_object_properties_string` (`aceObjectId`, `strPropertyId`, `propertyValue`)
VALUES (1881018484, 1, 'Broken Sign');

INSERT INTO `ace_object_properties_did` (`aceObjectId`, `didPropertyId`, `propertyValue`)
VALUES (1881018484, 8, 100668115)
     , (1881018484, 1, 33555088);

INSERT INTO `ace_object_properties_int` (`aceObjectId`, `intPropertyId`, `propertyValue`)
VALUES (1881018484, 53, 101)
     , (1881018484, 1, 128)
     , (1881018484, 5, 9000)
     , (1881018484, 16, 1)
     , (1881018484, 19, 125)
     , (1881018484, 93, 1048)
     , (1881018484, 9007, 8);

INSERT INTO `ace_object_properties_bool` (`aceObjectId`, `boolPropertyId`, `propertyValue`)
VALUES (1881018484, 12, True)
     , (1881018484, 11, True)
     , (1881018484, 14, True)
     , (1881018484, 19, True)
     , (1881018484, 1, True);

INSERT INTO `ace_object` (`aceObjectId`, `aceObjectDescriptionFlags`, `weenieClassId`, `weenieHeaderFlags`, `currentMotionState`, `physicsDescriptionFlag`)
VALUES (2096758791, 20, 1351, 2097176, NULL, 163841);

INSERT INTO `ace_position` (`aceObjectId`, `positionType`, `landblockRaw`, `posX`, `posY`, `posZ`, `qW`, `qX`, `qY`, `qZ`)
VALUES (2096758791, 1, 3483369736, 47.8053, 68.5322, 1.199999, 1, 0, 0, 0);

INSERT INTO `ace_object_properties_string` (`aceObjectId`, `strPropertyId`, `propertyValue`)
VALUES (2096758791, 1, 'Sign');

INSERT INTO `ace_object_properties_did` (`aceObjectId`, `didPropertyId`, `propertyValue`)
VALUES (2096758791, 8, 100668115)
     , (2096758791, 1, 33555088);

INSERT INTO `ace_object_properties_int` (`aceObjectId`, `intPropertyId`, `propertyValue`)
VALUES (2096758791, 53, 101)
     , (2096758791, 1, 128)
     , (2096758791, 5, 9000)
     , (2096758791, 16, 1)
     , (2096758791, 19, 125)
     , (2096758791, 93, 1048)
     , (2096758791, 9007, 8);

INSERT INTO `ace_object_properties_bool` (`aceObjectId`, `boolPropertyId`, `propertyValue`)
VALUES (2096758791, 12, True)
     , (2096758791, 11, True)
     , (2096758791, 14, True)
     , (2096758791, 19, True)
     , (2096758791, 1, True);

INSERT INTO `ace_object` (`aceObjectId`, `aceObjectDescriptionFlags`, `weenieClassId`, `weenieHeaderFlags`, `currentMotionState`, `physicsDescriptionFlag`)
VALUES (2096758792, 20, 1351, 2097176, NULL, 163841);

INSERT INTO `ace_position` (`aceObjectId`, `positionType`, `landblockRaw`, `posX`, `posY`, `posZ`, `qW`, `qX`, `qY`, `qZ`)
VALUES (2096758792, 1, 3483369739, 48.0379, 51.9126, 1.199999, 0.0140578, 0, 0, -0.999901);

INSERT INTO `ace_object_properties_string` (`aceObjectId`, `strPropertyId`, `propertyValue`)
VALUES (2096758792, 1, 'Sign');

INSERT INTO `ace_object_properties_did` (`aceObjectId`, `didPropertyId`, `propertyValue`)
VALUES (2096758792, 8, 100668115)
     , (2096758792, 1, 33555088);

INSERT INTO `ace_object_properties_int` (`aceObjectId`, `intPropertyId`, `propertyValue`)
VALUES (2096758792, 53, 101)
     , (2096758792, 1, 128)
     , (2096758792, 5, 9000)
     , (2096758792, 16, 1)
     , (2096758792, 19, 125)
     , (2096758792, 93, 1048)
     , (2096758792, 9007, 8);

INSERT INTO `ace_object_properties_bool` (`aceObjectId`, `boolPropertyId`, `propertyValue`)
VALUES (2096758792, 12, True)
     , (2096758792, 11, True)
     , (2096758792, 14, True)
     , (2096758792, 19, True)
     , (2096758792, 1, True);

INSERT INTO `ace_object` (`aceObjectId`, `aceObjectDescriptionFlags`, `weenieClassId`, `weenieHeaderFlags`, `currentMotionState`, `physicsDescriptionFlag`)
VALUES (2073505804, 20, 5080, 2097176, NULL, 163841);

INSERT INTO `ace_position` (`aceObjectId`, `positionType`, `landblockRaw`, `posX`, `posY`, `posZ`, `qW`, `qX`, `qY`, `qZ`)
VALUES (2073505804, 1, 3111321641, 140.684, 11.9603, 40, -0.0337246, 0, 0, -0.999431);

INSERT INTO `ace_object_properties_string` (`aceObjectId`, `strPropertyId`, `propertyValue`)
VALUES (2073505804, 1, 'North Yanshi Outpost');

INSERT INTO `ace_object_properties_did` (`aceObjectId`, `didPropertyId`, `propertyValue`)
VALUES (2073505804, 8, 100668115)
     , (2073505804, 1, 33555088);

INSERT INTO `ace_object_properties_int` (`aceObjectId`, `intPropertyId`, `propertyValue`)
VALUES (2073505804, 53, 101)
     , (2073505804, 1, 128)
     , (2073505804, 5, 9000)
     , (2073505804, 16, 1)
     , (2073505804, 19, 125)
     , (2073505804, 93, 24)
     , (2073505804, 9007, 8);

INSERT INTO `ace_object_properties_bool` (`aceObjectId`, `boolPropertyId`, `propertyValue`)
VALUES (2073505804, 12, True)
     , (2073505804, 11, True)
     , (2073505804, 19, True)
     , (2073505804, 1, True);

INSERT INTO `ace_object` (`aceObjectId`, `aceObjectDescriptionFlags`, `weenieClassId`, `weenieHeaderFlags`, `currentMotionState`, `physicsDescriptionFlag`)
VALUES (1881022592, 20, 1269, 2097176, NULL, 163841);

INSERT INTO `ace_position` (`aceObjectId`, `positionType`, `landblockRaw`, `posX`, `posY`, `posZ`, `qW`, `qX`, `qY`, `qZ`)
VALUES (1881022592, 1, 31588921, 66.4104, -17.6769, 24, -0.70122, 0, 0, -0.712945);

INSERT INTO `ace_object_properties_string` (`aceObjectId`, `strPropertyId`, `propertyValue`)
VALUES (1881022592, 1, 'Bandit Castle Prison Sign');

INSERT INTO `ace_object_properties_did` (`aceObjectId`, `didPropertyId`, `propertyValue`)
VALUES (1881022592, 8, 100668115)
     , (1881022592, 1, 33555088);

INSERT INTO `ace_object_properties_int` (`aceObjectId`, `intPropertyId`, `propertyValue`)
VALUES (1881022592, 53, 101)
     , (1881022592, 1, 128)
     , (1881022592, 5, 9000)
     , (1881022592, 16, 1)
     , (1881022592, 19, 125)
     , (1881022592, 93, 1048)
     , (1881022592, 9007, 8);

INSERT INTO `ace_object_properties_bool` (`aceObjectId`, `boolPropertyId`, `propertyValue`)
VALUES (1881022592, 12, True)
     , (1881022592, 11, True)
     , (1881022592, 14, True)
     , (1881022592, 19, True)
     , (1881022592, 1, True);

INSERT INTO `ace_object` (`aceObjectId`, `aceObjectDescriptionFlags`, `weenieClassId`, `weenieHeaderFlags`, `currentMotionState`, `physicsDescriptionFlag`)
VALUES (1881104456, 20, 1212, 2097176, NULL, 163841);

INSERT INTO `ace_position` (`aceObjectId`, `positionType`, `landblockRaw`, `posX`, `posY`, `posZ`, `qW`, `qX`, `qY`, `qZ`)
VALUES (1881104456, 1, 32899517, 27.7361, -84.3711, -6, -0.00338207, 0, 0, -0.999994);

INSERT INTO `ace_object_properties_string` (`aceObjectId`, `strPropertyId`, `propertyValue`)
VALUES (1881104456, 1, 'Old Sign');

INSERT INTO `ace_object_properties_did` (`aceObjectId`, `didPropertyId`, `propertyValue`)
VALUES (1881104456, 8, 100668115)
     , (1881104456, 1, 33555088);

INSERT INTO `ace_object_properties_int` (`aceObjectId`, `intPropertyId`, `propertyValue`)
VALUES (1881104456, 53, 101)
     , (1881104456, 1, 128)
     , (1881104456, 5, 9000)
     , (1881104456, 16, 1)
     , (1881104456, 19, 125)
     , (1881104456, 93, 1048)
     , (1881104456, 9007, 8);

INSERT INTO `ace_object_properties_bool` (`aceObjectId`, `boolPropertyId`, `propertyValue`)
VALUES (1881104456, 12, True)
     , (1881104456, 11, True)
     , (1881104456, 14, True)
     , (1881104456, 19, True)
     , (1881104456, 1, True);

INSERT INTO `ace_object` (`aceObjectId`, `aceObjectDescriptionFlags`, `weenieClassId`, `weenieHeaderFlags`, `currentMotionState`, `physicsDescriptionFlag`)
VALUES (1881104460, 20, 1212, 2097176, NULL, 163841);

INSERT INTO `ace_position` (`aceObjectId`, `positionType`, `landblockRaw`, `posX`, `posY`, `posZ`, `qW`, `qX`, `qY`, `qZ`)
VALUES (1881104460, 1, 32899547, 67.747, -34.0151, -6, -4.37114E-08, 0, 0, -1);

INSERT INTO `ace_object_properties_string` (`aceObjectId`, `strPropertyId`, `propertyValue`)
VALUES (1881104460, 1, 'Old Sign');

INSERT INTO `ace_object_properties_did` (`aceObjectId`, `didPropertyId`, `propertyValue`)
VALUES (1881104460, 8, 100668115)
     , (1881104460, 1, 33555088);

INSERT INTO `ace_object_properties_int` (`aceObjectId`, `intPropertyId`, `propertyValue`)
VALUES (1881104460, 53, 101)
     , (1881104460, 1, 128)
     , (1881104460, 5, 9000)
     , (1881104460, 16, 1)
     , (1881104460, 19, 125)
     , (1881104460, 93, 1048)
     , (1881104460, 9007, 8);

INSERT INTO `ace_object_properties_bool` (`aceObjectId`, `boolPropertyId`, `propertyValue`)
VALUES (1881104460, 12, True)
     , (1881104460, 11, True)
     , (1881104460, 14, True)
     , (1881104460, 19, True)
     , (1881104460, 1, True);

INSERT INTO `ace_object` (`aceObjectId`, `aceObjectDescriptionFlags`, `weenieClassId`, `weenieHeaderFlags`, `currentMotionState`, `physicsDescriptionFlag`)
VALUES (2052800528, 20, 5069, 2097176, NULL, 163841);

INSERT INTO `ace_position` (`aceObjectId`, `positionType`, `landblockRaw`, `posX`, `posY`, `posZ`, `qW`, `qX`, `qY`, `qZ`)
VALUES (2052800528, 1, 2780037180, 179.711, 75.687, 46, 0.998572, 0, 0, -0.0534255);

INSERT INTO `ace_object_properties_string` (`aceObjectId`, `strPropertyId`, `propertyValue`)
VALUES (2052800528, 1, 'West Holtburg Outpost');

INSERT INTO `ace_object_properties_did` (`aceObjectId`, `didPropertyId`, `propertyValue`)
VALUES (2052800528, 8, 100668115)
     , (2052800528, 1, 33555088);

INSERT INTO `ace_object_properties_int` (`aceObjectId`, `intPropertyId`, `propertyValue`)
VALUES (2052800528, 53, 101)
     , (2052800528, 1, 128)
     , (2052800528, 5, 9000)
     , (2052800528, 16, 1)
     , (2052800528, 19, 125)
     , (2052800528, 93, 24)
     , (2052800528, 9007, 8);

INSERT INTO `ace_object_properties_bool` (`aceObjectId`, `boolPropertyId`, `propertyValue`)
VALUES (2052800528, 12, True)
     , (2052800528, 11, True)
     , (2052800528, 19, True)
     , (2052800528, 1, True);

INSERT INTO `ace_object` (`aceObjectId`, `aceObjectDescriptionFlags`, `weenieClassId`, `weenieHeaderFlags`, `currentMotionState`, `physicsDescriptionFlag`)
VALUES (2055933953, 20, 4113, 2097176, NULL, 163845);

INSERT INTO `ace_position` (`aceObjectId`, `positionType`, `landblockRaw`, `posX`, `posY`, `posZ`, `qW`, `qX`, `qY`, `qZ`)
VALUES (2055933953, 1, 2830172166, 4.566, 137.361, 57.021, -0.402044, 0, 0, -0.91562);

INSERT INTO `ace_object_properties_string` (`aceObjectId`, `strPropertyId`, `propertyValue`)
VALUES (2055933953, 1, 'Warning Sign');

INSERT INTO `ace_object_properties_did` (`aceObjectId`, `didPropertyId`, `propertyValue`)
VALUES (2055933953, 8, 100668115)
     , (2055933953, 1, 33555088);

INSERT INTO `ace_object_properties_int` (`aceObjectId`, `intPropertyId`, `propertyValue`)
VALUES (2055933953, 53, 101)
     , (2055933953, 1, 128)
     , (2055933953, 5, 9000)
     , (2055933953, 16, 1)
     , (2055933953, 19, 130)
     , (2055933953, 93, 1048)
     , (2055933953, 9007, 8);

INSERT INTO `ace_object_properties_bool` (`aceObjectId`, `boolPropertyId`, `propertyValue`)
VALUES (2055933953, 12, True)
     , (2055933953, 11, True)
     , (2055933953, 14, True)
     , (2055933953, 19, True)
     , (2055933953, 1, True);

INSERT INTO `ace_object` (`aceObjectId`, `aceObjectDescriptionFlags`, `weenieClassId`, `weenieHeaderFlags`, `currentMotionState`, `physicsDescriptionFlag`)
VALUES (2033709067, 20, 5077, 2097176, NULL, 163841);

INSERT INTO `ace_position` (`aceObjectId`, `positionType`, `landblockRaw`, `posX`, `posY`, `posZ`, `qW`, `qX`, `qY`, `qZ`)
VALUES (2033709067, 1, 2474573886, 173.783, 123.978, 32, 0.93376, 0, 0, -0.357899);

INSERT INTO `ace_object_properties_string` (`aceObjectId`, `strPropertyId`, `propertyValue`)
VALUES (2033709067, 1, 'Northwest Samsur Outpost');

INSERT INTO `ace_object_properties_did` (`aceObjectId`, `didPropertyId`, `propertyValue`)
VALUES (2033709067, 8, 100668115)
     , (2033709067, 1, 33555088);

INSERT INTO `ace_object_properties_int` (`aceObjectId`, `intPropertyId`, `propertyValue`)
VALUES (2033709067, 53, 101)
     , (2033709067, 1, 128)
     , (2033709067, 5, 9000)
     , (2033709067, 16, 1)
     , (2033709067, 19, 125)
     , (2033709067, 93, 24)
     , (2033709067, 9007, 8);

INSERT INTO `ace_object_properties_bool` (`aceObjectId`, `boolPropertyId`, `propertyValue`)
VALUES (2033709067, 12, True)
     , (2033709067, 11, True)
     , (2033709067, 19, True)
     , (2033709067, 1, True);

INSERT INTO `ace_object` (`aceObjectId`, `aceObjectDescriptionFlags`, `weenieClassId`, `weenieHeaderFlags`, `currentMotionState`, `physicsDescriptionFlag`)
VALUES (2042081292, 20, 5076, 2097176, NULL, 163841);

INSERT INTO `ace_position` (`aceObjectId`, `positionType`, `landblockRaw`, `posX`, `posY`, `posZ`, `qW`, `qX`, `qY`, `qZ`)
VALUES (2042081292, 1, 2608529413, 21.5397, 107.928, 16, -0.962445, 0, 0, -0.271476);

INSERT INTO `ace_object_properties_string` (`aceObjectId`, `strPropertyId`, `propertyValue`)
VALUES (2042081292, 1, 'East Samsur Outpost');

INSERT INTO `ace_object_properties_did` (`aceObjectId`, `didPropertyId`, `propertyValue`)
VALUES (2042081292, 8, 100668115)
     , (2042081292, 1, 33555088);

INSERT INTO `ace_object_properties_int` (`aceObjectId`, `intPropertyId`, `propertyValue`)
VALUES (2042081292, 53, 101)
     , (2042081292, 1, 128)
     , (2042081292, 5, 9000)
     , (2042081292, 16, 1)
     , (2042081292, 19, 125)
     , (2042081292, 93, 24)
     , (2042081292, 9007, 8);

INSERT INTO `ace_object_properties_bool` (`aceObjectId`, `boolPropertyId`, `propertyValue`)
VALUES (2042081292, 12, True)
     , (2042081292, 11, True)
     , (2042081292, 19, True)
     , (2042081292, 1, True);

INSERT INTO `ace_object` (`aceObjectId`, `aceObjectDescriptionFlags`, `weenieClassId`, `weenieHeaderFlags`, `currentMotionState`, `physicsDescriptionFlag`)
VALUES (2119442437, 20, 5073, 2097176, NULL, 163841);

INSERT INTO `ace_position` (`aceObjectId`, `positionType`, `landblockRaw`, `posX`, `posY`, `posZ`, `qW`, `qX`, `qY`, `qZ`)
VALUES (2119442437, 1, 3846307873, 100.002, 9.697, 58, 0.707107, 0, 0, -0.707107);

INSERT INTO `ace_object_properties_string` (`aceObjectId`, `strPropertyId`, `propertyValue`)
VALUES (2119442437, 1, 'North Nanto Outpost');

INSERT INTO `ace_object_properties_did` (`aceObjectId`, `didPropertyId`, `propertyValue`)
VALUES (2119442437, 8, 100668115)
     , (2119442437, 1, 33555088);

INSERT INTO `ace_object_properties_int` (`aceObjectId`, `intPropertyId`, `propertyValue`)
VALUES (2119442437, 53, 101)
     , (2119442437, 1, 128)
     , (2119442437, 5, 9000)
     , (2119442437, 16, 1)
     , (2119442437, 19, 125)
     , (2119442437, 93, 24)
     , (2119442437, 9007, 8);

INSERT INTO `ace_object_properties_bool` (`aceObjectId`, `boolPropertyId`, `propertyValue`)
VALUES (2119442437, 12, True)
     , (2119442437, 11, True)
     , (2119442437, 19, True)
     , (2119442437, 1, True);

INSERT INTO `ace_object` (`aceObjectId`, `aceObjectDescriptionFlags`, `weenieClassId`, `weenieHeaderFlags`, `currentMotionState`, `physicsDescriptionFlag`)
VALUES (2112163849, 20, 5078, 2097176, NULL, 163841);

INSERT INTO `ace_position` (`aceObjectId`, `positionType`, `landblockRaw`, `posX`, `posY`, `posZ`, `qW`, `qX`, `qY`, `qZ`)
VALUES (2112163849, 1, 3729850382, 45.301, 131.823, 16, -0.707107, 0, 0, -0.707107);

INSERT INTO `ace_object_properties_string` (`aceObjectId`, `strPropertyId`, `propertyValue`)
VALUES (2112163849, 1, 'Southeast Shoushi Outpost');

INSERT INTO `ace_object_properties_did` (`aceObjectId`, `didPropertyId`, `propertyValue`)
VALUES (2112163849, 8, 100668115)
     , (2112163849, 1, 33555088);

INSERT INTO `ace_object_properties_int` (`aceObjectId`, `intPropertyId`, `propertyValue`)
VALUES (2112163849, 53, 101)
     , (2112163849, 1, 128)
     , (2112163849, 5, 9000)
     , (2112163849, 16, 1)
     , (2112163849, 19, 125)
     , (2112163849, 93, 24)
     , (2112163849, 9007, 8);

INSERT INTO `ace_object_properties_bool` (`aceObjectId`, `boolPropertyId`, `propertyValue`)
VALUES (2112163849, 12, True)
     , (2112163849, 11, True)
     , (2112163849, 19, True)
     , (2112163849, 1, True);

INSERT INTO `ace_object` (`aceObjectId`, `aceObjectDescriptionFlags`, `weenieClassId`, `weenieHeaderFlags`, `currentMotionState`, `physicsDescriptionFlag`)
VALUES (2084044819, 20, 5070, 2097176, NULL, 163841);

INSERT INTO `ace_position` (`aceObjectId`, `positionType`, `landblockRaw`, `posX`, `posY`, `posZ`, `qW`, `qX`, `qY`, `qZ`)
VALUES (2084044819, 1, 3279945742, 30.773, 125.765, 34, 1, 0, 0, 0);

INSERT INTO `ace_object_properties_string` (`aceObjectId`, `strPropertyId`, `propertyValue`)
VALUES (2084044819, 1, 'East Lytelthorpe Outpost');

INSERT INTO `ace_object_properties_did` (`aceObjectId`, `didPropertyId`, `propertyValue`)
VALUES (2084044819, 8, 100668115)
     , (2084044819, 1, 33555088);

INSERT INTO `ace_object_properties_int` (`aceObjectId`, `intPropertyId`, `propertyValue`)
VALUES (2084044819, 53, 101)
     , (2084044819, 1, 128)
     , (2084044819, 5, 9000)
     , (2084044819, 16, 1)
     , (2084044819, 19, 125)
     , (2084044819, 93, 24)
     , (2084044819, 9007, 8);

INSERT INTO `ace_object_properties_bool` (`aceObjectId`, `boolPropertyId`, `propertyValue`)
VALUES (2084044819, 12, True)
     , (2084044819, 11, True)
     , (2084044819, 19, True)
     , (2084044819, 1, True);

INSERT INTO `ace_object` (`aceObjectId`, `aceObjectDescriptionFlags`, `weenieClassId`, `weenieHeaderFlags`, `currentMotionState`, `physicsDescriptionFlag`)
VALUES (2075656210, 20, 5071, 2097176, NULL, 163841);

INSERT INTO `ace_position` (`aceObjectId`, `positionType`, `landblockRaw`, `posX`, `posY`, `posZ`, `qW`, `qX`, `qY`, `qZ`)
VALUES (2075656210, 1, 3145728062, 171.605, 134.631, 44, 0.707107, 0, 0, -0.707107);

INSERT INTO `ace_object_properties_string` (`aceObjectId`, `strPropertyId`, `propertyValue`)
VALUES (2075656210, 1, 'West Lytelthorpe Outpost');

INSERT INTO `ace_object_properties_did` (`aceObjectId`, `didPropertyId`, `propertyValue`)
VALUES (2075656210, 8, 100668115)
     , (2075656210, 1, 33555088);

INSERT INTO `ace_object_properties_int` (`aceObjectId`, `intPropertyId`, `propertyValue`)
VALUES (2075656210, 53, 101)
     , (2075656210, 1, 128)
     , (2075656210, 5, 9000)
     , (2075656210, 16, 1)
     , (2075656210, 19, 125)
     , (2075656210, 93, 24)
     , (2075656210, 9007, 8);

INSERT INTO `ace_object_properties_bool` (`aceObjectId`, `boolPropertyId`, `propertyValue`)
VALUES (2075656210, 12, True)
     , (2075656210, 11, True)
     , (2075656210, 19, True)
     , (2075656210, 1, True);

INSERT INTO `ace_object` (`aceObjectId`, `aceObjectDescriptionFlags`, `weenieClassId`, `weenieHeaderFlags`, `currentMotionState`, `physicsDescriptionFlag`)
VALUES (2074730506, 20, 12304, 2097176, NULL, 32769);

INSERT INTO `ace_position` (`aceObjectId`, `positionType`, `landblockRaw`, `posX`, `posY`, `posZ`, `qW`, `qX`, `qY`, `qZ`)
VALUES (2074730506, 1, 3130916882, 52.2586, 41.961, 54, -0.37948, 0, 0, -0.9252);

INSERT INTO `ace_object_properties_string` (`aceObjectId`, `strPropertyId`, `propertyValue`)
VALUES (2074730506, 1, 'Agent of the Arcanum ');

INSERT INTO `ace_object_properties_did` (`aceObjectId`, `didPropertyId`, `propertyValue`)
VALUES (2074730506, 8, 100672342)
     , (2074730506, 1, 33557390);

INSERT INTO `ace_object_properties_int` (`aceObjectId`, `intPropertyId`, `propertyValue`)
VALUES (2074730506, 1, 128)
     , (2074730506, 5, 9000)
     , (2074730506, 16, 1)
     , (2074730506, 19, 125)
     , (2074730506, 93, 1048)
     , (2074730506, 9007, 8);

INSERT INTO `ace_object_properties_bool` (`aceObjectId`, `boolPropertyId`, `propertyValue`)
VALUES (2074730506, 12, True)
     , (2074730506, 11, True)
     , (2074730506, 14, True)
     , (2074730506, 19, True)
     , (2074730506, 1, True);

INSERT INTO `ace_object` (`aceObjectId`, `aceObjectDescriptionFlags`, `weenieClassId`, `weenieHeaderFlags`, `currentMotionState`, `physicsDescriptionFlag`)
VALUES (1880383611, 20, 5673, 2097176, NULL, 163841);

INSERT INTO `ace_position` (`aceObjectId`, `positionType`, `landblockRaw`, `posX`, `posY`, `posZ`, `qW`, `qX`, `qY`, `qZ`)
VALUES (1880383611, 1, 21365405, 68.1217, -29.4294, 0, -0.142954, 0, 0, -0.989729);

INSERT INTO `ace_object_properties_string` (`aceObjectId`, `strPropertyId`, `propertyValue`)
VALUES (1880383611, 1, 'Charred Sign');

INSERT INTO `ace_object_properties_did` (`aceObjectId`, `didPropertyId`, `propertyValue`)
VALUES (1880383611, 8, 100668115)
     , (1880383611, 1, 33555088);

INSERT INTO `ace_object_properties_int` (`aceObjectId`, `intPropertyId`, `propertyValue`)
VALUES (1880383611, 53, 101)
     , (1880383611, 1, 128)
     , (1880383611, 5, 9000)
     , (1880383611, 16, 1)
     , (1880383611, 19, 125)
     , (1880383611, 93, 1048)
     , (1880383611, 9007, 8);

INSERT INTO `ace_object_properties_bool` (`aceObjectId`, `boolPropertyId`, `propertyValue`)
VALUES (1880383611, 12, True)
     , (1880383611, 11, True)
     , (1880383611, 14, True)
     , (1880383611, 19, True)
     , (1880383611, 1, True);

INSERT INTO `ace_object` (`aceObjectId`, `aceObjectDescriptionFlags`, `weenieClassId`, `weenieHeaderFlags`, `currentMotionState`, `physicsDescriptionFlag`)
VALUES (2080186371, 20, 8597, 2097176, NULL, 163841);

INSERT INTO `ace_position` (`aceObjectId`, `positionType`, `landblockRaw`, `posX`, `posY`, `posZ`, `qW`, `qX`, `qY`, `qZ`)
VALUES (2080186371, 1, 3218210857, 127.4, 17.546, 306.3167, -0.707107, 0, 0, -0.707107);

INSERT INTO `ace_object_properties_string` (`aceObjectId`, `strPropertyId`, `propertyValue`)
VALUES (2080186371, 1, 'Dereth Exploration Society Notice');

INSERT INTO `ace_object_properties_did` (`aceObjectId`, `didPropertyId`, `propertyValue`)
VALUES (2080186371, 8, 100668115)
     , (2080186371, 1, 33555088);

INSERT INTO `ace_object_properties_int` (`aceObjectId`, `intPropertyId`, `propertyValue`)
VALUES (2080186371, 53, 101)
     , (2080186371, 1, 128)
     , (2080186371, 5, 9000)
     , (2080186371, 16, 1)
     , (2080186371, 19, 125)
     , (2080186371, 93, 1048)
     , (2080186371, 9007, 8);

INSERT INTO `ace_object_properties_bool` (`aceObjectId`, `boolPropertyId`, `propertyValue`)
VALUES (2080186371, 12, True)
     , (2080186371, 11, True)
     , (2080186371, 14, True)
     , (2080186371, 19, True)
     , (2080186371, 1, True);

INSERT INTO `ace_object` (`aceObjectId`, `aceObjectDescriptionFlags`, `weenieClassId`, `weenieHeaderFlags`, `currentMotionState`, `physicsDescriptionFlag`)
VALUES (2107879444, 20, 4505, 2097176, NULL, 32773);

INSERT INTO `ace_position` (`aceObjectId`, `positionType`, `landblockRaw`, `posX`, `posY`, `posZ`, `qW`, `qX`, `qY`, `qZ`)
VALUES (2107879444, 1, 3661299731, 69.8004, 62.4132, 28.3456, 1, 0, 0, 0);

INSERT INTO `ace_object_properties_string` (`aceObjectId`, `strPropertyId`, `propertyValue`)
VALUES (2107879444, 1, 'The Pine and Fir');

INSERT INTO `ace_object_properties_did` (`aceObjectId`, `didPropertyId`, `propertyValue`)
VALUES (2107879444, 8, 100668115)
     , (2107879444, 1, 33555594);

INSERT INTO `ace_object_properties_int` (`aceObjectId`, `intPropertyId`, `propertyValue`)
VALUES (2107879444, 1, 128)
     , (2107879444, 5, 9000)
     , (2107879444, 16, 1)
     , (2107879444, 19, 125)
     , (2107879444, 93, 66584)
     , (2107879444, 9007, 8);

INSERT INTO `ace_object_properties_bool` (`aceObjectId`, `boolPropertyId`, `propertyValue`)
VALUES (2107879444, 12, True)
     , (2107879444, 11, True)
     , (2107879444, 14, True)
     , (2107879444, 19, True)
     , (2107879444, 1, True);

INSERT INTO `ace_object_texture_map_change` (`aceObjectId`, `index`, `oldId`, `newId`)
VALUES (2107879444, 0, 83891180, 83891184);

INSERT INTO `ace_object_animation_change` (`aceObjectId`, `index`, `animationId`)
VALUES (2107879444, 0, 16782236);

INSERT INTO `ace_object` (`aceObjectId`, `aceObjectDescriptionFlags`, `weenieClassId`, `weenieHeaderFlags`, `currentMotionState`, `physicsDescriptionFlag`)
VALUES (2097496080, 20, 1351, 2097176, NULL, 163841);

INSERT INTO `ace_position` (`aceObjectId`, `positionType`, `landblockRaw`, `posX`, `posY`, `posZ`, `qW`, `qX`, `qY`, `qZ`)
VALUES (2097496080, 1, 3495165972, 59.666, 75.4728, 238, 0.810457, 0, 0, 0.585799);

INSERT INTO `ace_object_properties_string` (`aceObjectId`, `strPropertyId`, `propertyValue`)
VALUES (2097496080, 1, 'Sign');

INSERT INTO `ace_object_properties_did` (`aceObjectId`, `didPropertyId`, `propertyValue`)
VALUES (2097496080, 8, 100668115)
     , (2097496080, 1, 33555088);

INSERT INTO `ace_object_properties_int` (`aceObjectId`, `intPropertyId`, `propertyValue`)
VALUES (2097496080, 53, 101)
     , (2097496080, 1, 128)
     , (2097496080, 5, 9000)
     , (2097496080, 16, 1)
     , (2097496080, 19, 125)
     , (2097496080, 93, 1048)
     , (2097496080, 9007, 8);

INSERT INTO `ace_object_properties_bool` (`aceObjectId`, `boolPropertyId`, `propertyValue`)
VALUES (2097496080, 12, True)
     , (2097496080, 11, True)
     , (2097496080, 14, True)
     , (2097496080, 19, True)
     , (2097496080, 1, True);

INSERT INTO `ace_object` (`aceObjectId`, `aceObjectDescriptionFlags`, `weenieClassId`, `weenieHeaderFlags`, `currentMotionState`, `physicsDescriptionFlag`)
VALUES (2009485313, 20, 4113, 2097176, NULL, 163845);

INSERT INTO `ace_position` (`aceObjectId`, `positionType`, `landblockRaw`, `posX`, `posY`, `posZ`, `qW`, `qX`, `qY`, `qZ`)
VALUES (2009485313, 1, 2086993962, 137.832, 24.8496, 7.80202, -0.417889, 0, 0, -0.908498);

INSERT INTO `ace_object_properties_string` (`aceObjectId`, `strPropertyId`, `propertyValue`)
VALUES (2009485313, 1, 'Warning Sign');

INSERT INTO `ace_object_properties_did` (`aceObjectId`, `didPropertyId`, `propertyValue`)
VALUES (2009485313, 8, 100668115)
     , (2009485313, 1, 33555088);

INSERT INTO `ace_object_properties_int` (`aceObjectId`, `intPropertyId`, `propertyValue`)
VALUES (2009485313, 53, 101)
     , (2009485313, 1, 128)
     , (2009485313, 5, 9000)
     , (2009485313, 16, 1)
     , (2009485313, 19, 130)
     , (2009485313, 93, 1048)
     , (2009485313, 9007, 8);

INSERT INTO `ace_object_properties_bool` (`aceObjectId`, `boolPropertyId`, `propertyValue`)
VALUES (2009485313, 12, True)
     , (2009485313, 11, True)
     , (2009485313, 14, True)
     , (2009485313, 19, True)
     , (2009485313, 1, True);

INSERT INTO `ace_object` (`aceObjectId`, `aceObjectDescriptionFlags`, `weenieClassId`, `weenieHeaderFlags`, `currentMotionState`, `physicsDescriptionFlag`)
VALUES (2058031105, 20, 5042, 2097176, NULL, 163841);

INSERT INTO `ace_position` (`aceObjectId`, `positionType`, `landblockRaw`, `posX`, `posY`, `posZ`, `qW`, `qX`, `qY`, `qZ`)
VALUES (2058031105, 1, 2863726632, 97.26, 184.262, 124, -0.984202, 0, 0, 0.17705);

INSERT INTO `ace_object_properties_string` (`aceObjectId`, `strPropertyId`, `propertyValue`)
VALUES (2058031105, 1, 'Historical Marker');

INSERT INTO `ace_object_properties_did` (`aceObjectId`, `didPropertyId`, `propertyValue`)
VALUES (2058031105, 8, 100668115)
     , (2058031105, 1, 33555088);

INSERT INTO `ace_object_properties_int` (`aceObjectId`, `intPropertyId`, `propertyValue`)
VALUES (2058031105, 53, 101)
     , (2058031105, 1, 128)
     , (2058031105, 5, 9000)
     , (2058031105, 16, 1)
     , (2058031105, 19, 125)
     , (2058031105, 93, 1048)
     , (2058031105, 9007, 8);

INSERT INTO `ace_object_properties_bool` (`aceObjectId`, `boolPropertyId`, `propertyValue`)
VALUES (2058031105, 12, True)
     , (2058031105, 11, True)
     , (2058031105, 14, True)
     , (2058031105, 19, True)
     , (2058031105, 1, True);

INSERT INTO `ace_object` (`aceObjectId`, `aceObjectDescriptionFlags`, `weenieClassId`, `weenieHeaderFlags`, `currentMotionState`, `physicsDescriptionFlag`)
VALUES (2091261953, 20, 1351, 2097176, NULL, 163841);

INSERT INTO `ace_position` (`aceObjectId`, `positionType`, `landblockRaw`, `posX`, `posY`, `posZ`, `qW`, `qX`, `qY`, `qZ`)
VALUES (2091261953, 1, 3395420190, 84.3804, 129.074, 6, -0.805485, 0, 0, -0.592617);

INSERT INTO `ace_object_properties_string` (`aceObjectId`, `strPropertyId`, `propertyValue`)
VALUES (2091261953, 1, 'Sign');

INSERT INTO `ace_object_properties_did` (`aceObjectId`, `didPropertyId`, `propertyValue`)
VALUES (2091261953, 8, 100668115)
     , (2091261953, 1, 33555088);

INSERT INTO `ace_object_properties_int` (`aceObjectId`, `intPropertyId`, `propertyValue`)
VALUES (2091261953, 53, 101)
     , (2091261953, 1, 128)
     , (2091261953, 5, 9000)
     , (2091261953, 16, 1)
     , (2091261953, 19, 125)
     , (2091261953, 93, 1048)
     , (2091261953, 9007, 8);

INSERT INTO `ace_object_properties_bool` (`aceObjectId`, `boolPropertyId`, `propertyValue`)
VALUES (2091261953, 12, True)
     , (2091261953, 11, True)
     , (2091261953, 14, True)
     , (2091261953, 19, True)
     , (2091261953, 1, True);

INSERT INTO `ace_object` (`aceObjectId`, `aceObjectDescriptionFlags`, `weenieClassId`, `weenieHeaderFlags`, `currentMotionState`, `physicsDescriptionFlag`)
VALUES (2014724103, 20, 5082, 2097176, NULL, 163841);

INSERT INTO `ace_position` (`aceObjectId`, `positionType`, `landblockRaw`, `posX`, `posY`, `posZ`, `qW`, `qX`, `qY`, `qZ`)
VALUES (2014724103, 1, 2170814471, 12.6469, 150.518, 24, 0.999633, 0, 0, -0.0270773);

INSERT INTO `ace_object_properties_string` (`aceObjectId`, `strPropertyId`, `propertyValue`)
VALUES (2014724103, 1, 'East Yaraq Outpost');

INSERT INTO `ace_object_properties_did` (`aceObjectId`, `didPropertyId`, `propertyValue`)
VALUES (2014724103, 8, 100668115)
     , (2014724103, 1, 33555088);

INSERT INTO `ace_object_properties_int` (`aceObjectId`, `intPropertyId`, `propertyValue`)
VALUES (2014724103, 53, 101)
     , (2014724103, 1, 128)
     , (2014724103, 5, 9000)
     , (2014724103, 16, 1)
     , (2014724103, 19, 125)
     , (2014724103, 93, 24)
     , (2014724103, 9007, 8);

INSERT INTO `ace_object_properties_bool` (`aceObjectId`, `boolPropertyId`, `propertyValue`)
VALUES (2014724103, 12, True)
     , (2014724103, 11, True)
     , (2014724103, 19, True)
     , (2014724103, 1, True);

INSERT INTO `ace_object` (`aceObjectId`, `aceObjectDescriptionFlags`, `weenieClassId`, `weenieHeaderFlags`, `currentMotionState`, `physicsDescriptionFlag`)
VALUES (2032406529, 20, 1351, 2097176, NULL, 163841);

INSERT INTO `ace_position` (`aceObjectId`, `positionType`, `landblockRaw`, `posX`, `posY`, `posZ`, `qW`, `qX`, `qY`, `qZ`)
VALUES (2032406529, 1, 2453733378, 22.986, 40.5415, 40, -0.998242, 0, 0, -0.0592615);

INSERT INTO `ace_object_properties_string` (`aceObjectId`, `strPropertyId`, `propertyValue`)
VALUES (2032406529, 1, 'Sign');

INSERT INTO `ace_object_properties_did` (`aceObjectId`, `didPropertyId`, `propertyValue`)
VALUES (2032406529, 8, 100668115)
     , (2032406529, 1, 33555088);

INSERT INTO `ace_object_properties_int` (`aceObjectId`, `intPropertyId`, `propertyValue`)
VALUES (2032406529, 53, 101)
     , (2032406529, 1, 128)
     , (2032406529, 5, 9000)
     , (2032406529, 16, 1)
     , (2032406529, 19, 125)
     , (2032406529, 93, 1048)
     , (2032406529, 9007, 8);

INSERT INTO `ace_object_properties_bool` (`aceObjectId`, `boolPropertyId`, `propertyValue`)
VALUES (2032406529, 12, True)
     , (2032406529, 11, True)
     , (2032406529, 14, True)
     , (2032406529, 19, True)
     , (2032406529, 1, True);

INSERT INTO `ace_object` (`aceObjectId`, `aceObjectDescriptionFlags`, `weenieClassId`, `weenieHeaderFlags`, `currentMotionState`, `physicsDescriptionFlag`)
VALUES (2026209292, 20, 5067, 2097176, NULL, 163841);

INSERT INTO `ace_position` (`aceObjectId`, `positionType`, `landblockRaw`, `posX`, `posY`, `posZ`, `qW`, `qX`, `qY`, `qZ`)
VALUES (2026209292, 1, 2354577459, 166.154, 64.4011, 30.30766, 0.747839, 0, 0, -0.66388);

INSERT INTO `ace_object_properties_string` (`aceObjectId`, `strPropertyId`, `propertyValue`)
VALUES (2026209292, 1, 'West Al-Arqas Outpost');

INSERT INTO `ace_object_properties_did` (`aceObjectId`, `didPropertyId`, `propertyValue`)
VALUES (2026209292, 8, 100668115)
     , (2026209292, 1, 33555088);

INSERT INTO `ace_object_properties_int` (`aceObjectId`, `intPropertyId`, `propertyValue`)
VALUES (2026209292, 53, 101)
     , (2026209292, 1, 128)
     , (2026209292, 5, 9000)
     , (2026209292, 16, 1)
     , (2026209292, 19, 125)
     , (2026209292, 93, 24)
     , (2026209292, 9007, 8);

INSERT INTO `ace_object_properties_bool` (`aceObjectId`, `boolPropertyId`, `propertyValue`)
VALUES (2026209292, 12, True)
     , (2026209292, 11, True)
     , (2026209292, 19, True)
     , (2026209292, 1, True);

INSERT INTO `ace_object` (`aceObjectId`, `aceObjectDescriptionFlags`, `weenieClassId`, `weenieHeaderFlags`, `currentMotionState`, `physicsDescriptionFlag`)
VALUES (2010546182, 20, 5083, 2097176, NULL, 163841);

INSERT INTO `ace_position` (`aceObjectId`, `positionType`, `landblockRaw`, `posX`, `posY`, `posZ`, `qW`, `qX`, `qY`, `qZ`)
VALUES (2010546182, 1, 2103967785, 126.474, 13.731, 10, 0.707107, 0, 0, -0.707107);

INSERT INTO `ace_object_properties_string` (`aceObjectId`, `strPropertyId`, `propertyValue`)
VALUES (2010546182, 1, 'North Yaraq Outpost');

INSERT INTO `ace_object_properties_did` (`aceObjectId`, `didPropertyId`, `propertyValue`)
VALUES (2010546182, 8, 100668115)
     , (2010546182, 1, 33555088);

INSERT INTO `ace_object_properties_int` (`aceObjectId`, `intPropertyId`, `propertyValue`)
VALUES (2010546182, 53, 101)
     , (2010546182, 1, 128)
     , (2010546182, 5, 9000)
     , (2010546182, 16, 1)
     , (2010546182, 19, 125)
     , (2010546182, 93, 24)
     , (2010546182, 9007, 8);

INSERT INTO `ace_object_properties_bool` (`aceObjectId`, `boolPropertyId`, `propertyValue`)
VALUES (2010546182, 12, True)
     , (2010546182, 11, True)
     , (2010546182, 19, True)
     , (2010546182, 1, True);

INSERT INTO `ace_object` (`aceObjectId`, `aceObjectDescriptionFlags`, `weenieClassId`, `weenieHeaderFlags`, `currentMotionState`, `physicsDescriptionFlag`)
VALUES (1880829962, 20, 1212, 2097176, NULL, 163841);

INSERT INTO `ace_position` (`aceObjectId`, `positionType`, `landblockRaw`, `posX`, `posY`, `posZ`, `qW`, `qX`, `qY`, `qZ`)
VALUES (1880829962, 1, 28508444, 41.9911, -16.9234, 0, 0.364877, 0, 0, -0.931056);

INSERT INTO `ace_object_properties_string` (`aceObjectId`, `strPropertyId`, `propertyValue`)
VALUES (1880829962, 1, 'Old Sign');

INSERT INTO `ace_object_properties_did` (`aceObjectId`, `didPropertyId`, `propertyValue`)
VALUES (1880829962, 8, 100668115)
     , (1880829962, 1, 33555088);

INSERT INTO `ace_object_properties_int` (`aceObjectId`, `intPropertyId`, `propertyValue`)
VALUES (1880829962, 53, 101)
     , (1880829962, 1, 128)
     , (1880829962, 5, 9000)
     , (1880829962, 16, 1)
     , (1880829962, 19, 125)
     , (1880829962, 93, 1048)
     , (1880829962, 9007, 8);

INSERT INTO `ace_object_properties_bool` (`aceObjectId`, `boolPropertyId`, `propertyValue`)
VALUES (1880829962, 12, True)
     , (1880829962, 11, True)
     , (1880829962, 14, True)
     , (1880829962, 19, True)
     , (1880829962, 1, True);

INSERT INTO `ace_object` (`aceObjectId`, `aceObjectDescriptionFlags`, `weenieClassId`, `weenieHeaderFlags`, `currentMotionState`, `physicsDescriptionFlag`)
VALUES (2077757441, 20, 1351, 2097176, NULL, 163841);

INSERT INTO `ace_position` (`aceObjectId`, `positionType`, `landblockRaw`, `posX`, `posY`, `posZ`, `qW`, `qX`, `qY`, `qZ`)
VALUES (2077757441, 1, 3179348021, 166.385, 102.528, 55.22258, -0.965202, 0, 0, -0.261507);

INSERT INTO `ace_object_properties_string` (`aceObjectId`, `strPropertyId`, `propertyValue`)
VALUES (2077757441, 1, 'Sign');

INSERT INTO `ace_object_properties_did` (`aceObjectId`, `didPropertyId`, `propertyValue`)
VALUES (2077757441, 8, 100668115)
     , (2077757441, 1, 33555088);

INSERT INTO `ace_object_properties_int` (`aceObjectId`, `intPropertyId`, `propertyValue`)
VALUES (2077757441, 53, 101)
     , (2077757441, 1, 128)
     , (2077757441, 5, 9000)
     , (2077757441, 16, 1)
     , (2077757441, 19, 125)
     , (2077757441, 93, 1048)
     , (2077757441, 9007, 8);

INSERT INTO `ace_object_properties_bool` (`aceObjectId`, `boolPropertyId`, `propertyValue`)
VALUES (2077757441, 12, True)
     , (2077757441, 11, True)
     , (2077757441, 14, True)
     , (2077757441, 19, True)
     , (2077757441, 1, True);

INSERT INTO `ace_object` (`aceObjectId`, `aceObjectDescriptionFlags`, `weenieClassId`, `weenieHeaderFlags`, `currentMotionState`, `physicsDescriptionFlag`)
VALUES (2030190595, 20, 1351, 2097176, NULL, 163841);

INSERT INTO `ace_position` (`aceObjectId`, `positionType`, `landblockRaw`, `posX`, `posY`, `posZ`, `qW`, `qX`, `qY`, `qZ`)
VALUES (2030190595, 1, 2418278461, 185.907, 115.499, -0.09999999, -0.432028, 0, 0, -0.90186);

INSERT INTO `ace_object_properties_string` (`aceObjectId`, `strPropertyId`, `propertyValue`)
VALUES (2030190595, 1, 'Sign');

INSERT INTO `ace_object_properties_did` (`aceObjectId`, `didPropertyId`, `propertyValue`)
VALUES (2030190595, 8, 100668115)
     , (2030190595, 1, 33555088);

INSERT INTO `ace_object_properties_int` (`aceObjectId`, `intPropertyId`, `propertyValue`)
VALUES (2030190595, 53, 101)
     , (2030190595, 1, 128)
     , (2030190595, 5, 9000)
     , (2030190595, 16, 1)
     , (2030190595, 19, 125)
     , (2030190595, 93, 1048)
     , (2030190595, 9007, 8);

INSERT INTO `ace_object_properties_bool` (`aceObjectId`, `boolPropertyId`, `propertyValue`)
VALUES (2030190595, 12, True)
     , (2030190595, 11, True)
     , (2030190595, 14, True)
     , (2030190595, 19, True)
     , (2030190595, 1, True);

INSERT INTO `ace_object` (`aceObjectId`, `aceObjectDescriptionFlags`, `weenieClassId`, `weenieHeaderFlags`, `currentMotionState`, `physicsDescriptionFlag`)
VALUES (2030190594, 20, 1351, 2097176, NULL, 163841);

INSERT INTO `ace_position` (`aceObjectId`, `positionType`, `landblockRaw`, `posX`, `posY`, `posZ`, `qW`, `qX`, `qY`, `qZ`)
VALUES (2030190594, 1, 2418278446, 128.883, 135.463, -0.09999999, 0.0611766, 0, 0, -0.998127);

INSERT INTO `ace_object_properties_string` (`aceObjectId`, `strPropertyId`, `propertyValue`)
VALUES (2030190594, 1, 'Sign');

INSERT INTO `ace_object_properties_did` (`aceObjectId`, `didPropertyId`, `propertyValue`)
VALUES (2030190594, 8, 100668115)
     , (2030190594, 1, 33555088);

INSERT INTO `ace_object_properties_int` (`aceObjectId`, `intPropertyId`, `propertyValue`)
VALUES (2030190594, 53, 101)
     , (2030190594, 1, 128)
     , (2030190594, 5, 9000)
     , (2030190594, 16, 1)
     , (2030190594, 19, 125)
     , (2030190594, 93, 1048)
     , (2030190594, 9007, 8);

INSERT INTO `ace_object_properties_bool` (`aceObjectId`, `boolPropertyId`, `propertyValue`)
VALUES (2030190594, 12, True)
     , (2030190594, 11, True)
     , (2030190594, 14, True)
     , (2030190594, 19, True)
     , (2030190594, 1, True);

INSERT INTO `ace_object` (`aceObjectId`, `aceObjectDescriptionFlags`, `weenieClassId`, `weenieHeaderFlags`, `currentMotionState`, `physicsDescriptionFlag`)
VALUES (1880977514, 20, 1214, 2097176, NULL, 163841);

INSERT INTO `ace_position` (`aceObjectId`, `positionType`, `landblockRaw`, `posX`, `posY`, `posZ`, `qW`, `qX`, `qY`, `qZ`)
VALUES (1880977514, 1, 30867929, 63.3184, -98.165, -12, 0.953717, 0, 0, -0.300706);

INSERT INTO `ace_object_properties_string` (`aceObjectId`, `strPropertyId`, `propertyValue`)
VALUES (1880977514, 1, 'Dusty Sign');

INSERT INTO `ace_object_properties_did` (`aceObjectId`, `didPropertyId`, `propertyValue`)
VALUES (1880977514, 8, 100668115)
     , (1880977514, 1, 33555088);

INSERT INTO `ace_object_properties_int` (`aceObjectId`, `intPropertyId`, `propertyValue`)
VALUES (1880977514, 53, 101)
     , (1880977514, 1, 128)
     , (1880977514, 5, 9000)
     , (1880977514, 16, 1)
     , (1880977514, 19, 125)
     , (1880977514, 93, 1048)
     , (1880977514, 9007, 8);

INSERT INTO `ace_object_properties_bool` (`aceObjectId`, `boolPropertyId`, `propertyValue`)
VALUES (1880977514, 12, True)
     , (1880977514, 11, True)
     , (1880977514, 14, True)
     , (1880977514, 19, True)
     , (1880977514, 1, True);

INSERT INTO `ace_object` (`aceObjectId`, `aceObjectDescriptionFlags`, `weenieClassId`, `weenieHeaderFlags`, `currentMotionState`, `physicsDescriptionFlag`)
VALUES (2073473038, 20, 5081, 2097176, NULL, 163841);

INSERT INTO `ace_position` (`aceObjectId`, `positionType`, `landblockRaw`, `posX`, `posY`, `posZ`, `qW`, `qX`, `qY`, `qZ`)
VALUES (2073473038, 1, 3110797352, 96.3095, 182.48, 6, -0.750114, 0, 0, -0.661309);

INSERT INTO `ace_object_properties_string` (`aceObjectId`, `strPropertyId`, `propertyValue`)
VALUES (2073473038, 1, 'South Yanshi Outpost');

INSERT INTO `ace_object_properties_did` (`aceObjectId`, `didPropertyId`, `propertyValue`)
VALUES (2073473038, 8, 100668115)
     , (2073473038, 1, 33555088);

INSERT INTO `ace_object_properties_int` (`aceObjectId`, `intPropertyId`, `propertyValue`)
VALUES (2073473038, 53, 101)
     , (2073473038, 1, 128)
     , (2073473038, 5, 9000)
     , (2073473038, 16, 1)
     , (2073473038, 19, 125)
     , (2073473038, 93, 24)
     , (2073473038, 9007, 8);

INSERT INTO `ace_object_properties_bool` (`aceObjectId`, `boolPropertyId`, `propertyValue`)
VALUES (2073473038, 12, True)
     , (2073473038, 11, True)
     , (2073473038, 19, True)
     , (2073473038, 1, True);

INSERT INTO `ace_object` (`aceObjectId`, `aceObjectDescriptionFlags`, `weenieClassId`, `weenieHeaderFlags`, `currentMotionState`, `physicsDescriptionFlag`)
VALUES (1880633398, 20, 1212, 2097176, NULL, 163841);

INSERT INTO `ace_position` (`aceObjectId`, `positionType`, `landblockRaw`, `posX`, `posY`, `posZ`, `qW`, `qX`, `qY`, `qZ`)
VALUES (1880633398, 1, 25362914, 92.9698, -20.8843, 0, 0.709494, 0, 0, -0.704711);

INSERT INTO `ace_object_properties_string` (`aceObjectId`, `strPropertyId`, `propertyValue`)
VALUES (1880633398, 1, 'Old Sign');

INSERT INTO `ace_object_properties_did` (`aceObjectId`, `didPropertyId`, `propertyValue`)
VALUES (1880633398, 8, 100668115)
     , (1880633398, 1, 33555088);

INSERT INTO `ace_object_properties_int` (`aceObjectId`, `intPropertyId`, `propertyValue`)
VALUES (1880633398, 53, 101)
     , (1880633398, 1, 128)
     , (1880633398, 5, 9000)
     , (1880633398, 16, 1)
     , (1880633398, 19, 125)
     , (1880633398, 93, 1048)
     , (1880633398, 9007, 8);

INSERT INTO `ace_object_properties_bool` (`aceObjectId`, `boolPropertyId`, `propertyValue`)
VALUES (1880633398, 12, True)
     , (1880633398, 11, True)
     , (1880633398, 14, True)
     , (1880633398, 19, True)
     , (1880633398, 1, True);

INSERT INTO `ace_object` (`aceObjectId`, `aceObjectDescriptionFlags`, `weenieClassId`, `weenieHeaderFlags`, `currentMotionState`, `physicsDescriptionFlag`)
VALUES (2040954883, 20, 1212, 2097176, NULL, 163841);

INSERT INTO `ace_position` (`aceObjectId`, `positionType`, `landblockRaw`, `posX`, `posY`, `posZ`, `qW`, `qX`, `qY`, `qZ`)
VALUES (2040954883, 1, 2590507029, 51.2384, 107.875, 30, 0.307225, 0, 0, 0.951637);

INSERT INTO `ace_object_properties_string` (`aceObjectId`, `strPropertyId`, `propertyValue`)
VALUES (2040954883, 1, 'Old Sign');

INSERT INTO `ace_object_properties_did` (`aceObjectId`, `didPropertyId`, `propertyValue`)
VALUES (2040954883, 8, 100668115)
     , (2040954883, 1, 33555088);

INSERT INTO `ace_object_properties_int` (`aceObjectId`, `intPropertyId`, `propertyValue`)
VALUES (2040954883, 53, 101)
     , (2040954883, 1, 128)
     , (2040954883, 5, 9000)
     , (2040954883, 16, 1)
     , (2040954883, 19, 125)
     , (2040954883, 93, 1048)
     , (2040954883, 9007, 8);

INSERT INTO `ace_object_properties_bool` (`aceObjectId`, `boolPropertyId`, `propertyValue`)
VALUES (2040954883, 12, True)
     , (2040954883, 11, True)
     , (2040954883, 14, True)
     , (2040954883, 19, True)
     , (2040954883, 1, True);

INSERT INTO `ace_object` (`aceObjectId`, `aceObjectDescriptionFlags`, `weenieClassId`, `weenieHeaderFlags`, `currentMotionState`, `physicsDescriptionFlag`)
VALUES (2040954915, 20, 1212, 2097176, NULL, 163841);

INSERT INTO `ace_position` (`aceObjectId`, `positionType`, `landblockRaw`, `posX`, `posY`, `posZ`, `qW`, `qX`, `qY`, `qZ`)
VALUES (2040954915, 1, 2590507012, 6.03382, 83.5491, 30, 0.657081, 0, 0, -0.75382);

INSERT INTO `ace_object_properties_string` (`aceObjectId`, `strPropertyId`, `propertyValue`)
VALUES (2040954915, 1, 'Old Sign');

INSERT INTO `ace_object_properties_did` (`aceObjectId`, `didPropertyId`, `propertyValue`)
VALUES (2040954915, 8, 100668115)
     , (2040954915, 1, 33555088);

INSERT INTO `ace_object_properties_int` (`aceObjectId`, `intPropertyId`, `propertyValue`)
VALUES (2040954915, 53, 101)
     , (2040954915, 1, 128)
     , (2040954915, 5, 9000)
     , (2040954915, 16, 1)
     , (2040954915, 19, 125)
     , (2040954915, 93, 1048)
     , (2040954915, 9007, 8);

INSERT INTO `ace_object_properties_bool` (`aceObjectId`, `boolPropertyId`, `propertyValue`)
VALUES (2040954915, 12, True)
     , (2040954915, 11, True)
     , (2040954915, 14, True)
     , (2040954915, 19, True)
     , (2040954915, 1, True);

INSERT INTO `ace_object` (`aceObjectId`, `aceObjectDescriptionFlags`, `weenieClassId`, `weenieHeaderFlags`, `currentMotionState`, `physicsDescriptionFlag`)
VALUES (2124664849, 20, 5072, 2097176, NULL, 163841);

INSERT INTO `ace_position` (`aceObjectId`, `positionType`, `landblockRaw`, `posX`, `posY`, `posZ`, `qW`, `qX`, `qY`, `qZ`)
VALUES (2124664849, 1, 3929866248, 12.3739, 170.614, 78, -0.993285, 0, 0, -0.115693);

INSERT INTO `ace_object_properties_string` (`aceObjectId`, `strPropertyId`, `propertyValue`)
VALUES (2124664849, 1, 'East Nanto Outpost');

INSERT INTO `ace_object_properties_did` (`aceObjectId`, `didPropertyId`, `propertyValue`)
VALUES (2124664849, 8, 100668115)
     , (2124664849, 1, 33555088);

INSERT INTO `ace_object_properties_int` (`aceObjectId`, `intPropertyId`, `propertyValue`)
VALUES (2124664849, 53, 101)
     , (2124664849, 1, 128)
     , (2124664849, 5, 9000)
     , (2124664849, 16, 1)
     , (2124664849, 19, 125)
     , (2124664849, 93, 24)
     , (2124664849, 9007, 8);

INSERT INTO `ace_object_properties_bool` (`aceObjectId`, `boolPropertyId`, `propertyValue`)
VALUES (2124664849, 12, True)
     , (2124664849, 11, True)
     , (2124664849, 19, True)
     , (2124664849, 1, True);

INSERT INTO `ace_object` (`aceObjectId`, `aceObjectDescriptionFlags`, `weenieClassId`, `weenieHeaderFlags`, `currentMotionState`, `physicsDescriptionFlag`)
VALUES (2011701251, 20, 20644, 2097176, NULL, 163841);

INSERT INTO `ace_position` (`aceObjectId`, `positionType`, `landblockRaw`, `posX`, `posY`, `posZ`, `qW`, `qX`, `qY`, `qZ`)
VALUES (2011701251, 1, 2122448915, 70.9008, 64.6361, 154, 0.691695, 0, 0, -0.72219);

INSERT INTO `ace_object_properties_string` (`aceObjectId`, `strPropertyId`, `propertyValue`)
VALUES (2011701251, 1, 'Warning');

INSERT INTO `ace_object_properties_did` (`aceObjectId`, `didPropertyId`, `propertyValue`)
VALUES (2011701251, 8, 100668115)
     , (2011701251, 1, 33555088);

INSERT INTO `ace_object_properties_int` (`aceObjectId`, `intPropertyId`, `propertyValue`)
VALUES (2011701251, 53, 101)
     , (2011701251, 1, 128)
     , (2011701251, 5, 9000)
     , (2011701251, 16, 1)
     , (2011701251, 19, 125)
     , (2011701251, 93, 1048)
     , (2011701251, 9007, 8);

INSERT INTO `ace_object_properties_bool` (`aceObjectId`, `boolPropertyId`, `propertyValue`)
VALUES (2011701251, 12, True)
     , (2011701251, 11, True)
     , (2011701251, 14, True)
     , (2011701251, 19, True)
     , (2011701251, 1, True);

INSERT INTO `ace_object` (`aceObjectId`, `aceObjectDescriptionFlags`, `weenieClassId`, `weenieHeaderFlags`, `currentMotionState`, `physicsDescriptionFlag`)
VALUES (1880506389, 20, 4892, 2097176, NULL, 163841);

INSERT INTO `ace_position` (`aceObjectId`, `positionType`, `landblockRaw`, `posX`, `posY`, `posZ`, `qW`, `qX`, `qY`, `qZ`)
VALUES (1880506389, 1, 23331139, 77.8899, -74.4283, -30, 0, 0, 0, -1);

INSERT INTO `ace_object_properties_string` (`aceObjectId`, `strPropertyId`, `propertyValue`)
VALUES (1880506389, 1, 'Note from Aleval');

INSERT INTO `ace_object_properties_did` (`aceObjectId`, `didPropertyId`, `propertyValue`)
VALUES (1880506389, 8, 100668115)
     , (1880506389, 1, 33555088);

INSERT INTO `ace_object_properties_int` (`aceObjectId`, `intPropertyId`, `propertyValue`)
VALUES (1880506389, 53, 101)
     , (1880506389, 1, 128)
     , (1880506389, 5, 9000)
     , (1880506389, 16, 1)
     , (1880506389, 19, 125)
     , (1880506389, 93, 1048)
     , (1880506389, 9007, 8);

INSERT INTO `ace_object_properties_bool` (`aceObjectId`, `boolPropertyId`, `propertyValue`)
VALUES (1880506389, 12, True)
     , (1880506389, 11, True)
     , (1880506389, 14, True)
     , (1880506389, 19, True)
     , (1880506389, 1, True);

INSERT INTO `ace_object` (`aceObjectId`, `aceObjectDescriptionFlags`, `weenieClassId`, `weenieHeaderFlags`, `currentMotionState`, `physicsDescriptionFlag`)
VALUES (2084782081, 20, 1351, 2097176, NULL, 163841);

INSERT INTO `ace_position` (`aceObjectId`, `positionType`, `landblockRaw`, `posX`, `posY`, `posZ`, `qW`, `qX`, `qY`, `qZ`)
VALUES (2084782081, 1, 3291742220, 24.6868, 93.0742, 150.5449, 0.893644, 0, 0, 0.448776);

INSERT INTO `ace_object_properties_string` (`aceObjectId`, `strPropertyId`, `propertyValue`)
VALUES (2084782081, 1, 'Sign');

INSERT INTO `ace_object_properties_did` (`aceObjectId`, `didPropertyId`, `propertyValue`)
VALUES (2084782081, 8, 100668115)
     , (2084782081, 1, 33555088);

INSERT INTO `ace_object_properties_int` (`aceObjectId`, `intPropertyId`, `propertyValue`)
VALUES (2084782081, 53, 101)
     , (2084782081, 1, 128)
     , (2084782081, 5, 9000)
     , (2084782081, 16, 1)
     , (2084782081, 19, 125)
     , (2084782081, 93, 1048)
     , (2084782081, 9007, 8);

INSERT INTO `ace_object_properties_bool` (`aceObjectId`, `boolPropertyId`, `propertyValue`)
VALUES (2084782081, 12, True)
     , (2084782081, 11, True)
     , (2084782081, 14, True)
     , (2084782081, 19, True)
     , (2084782081, 1, True);

INSERT INTO `ace_object` (`aceObjectId`, `aceObjectDescriptionFlags`, `weenieClassId`, `weenieHeaderFlags`, `currentMotionState`, `physicsDescriptionFlag`)
VALUES (2023350272, 20, 1351, 2097176, NULL, 163841);

INSERT INTO `ace_position` (`aceObjectId`, `positionType`, `landblockRaw`, `posX`, `posY`, `posZ`, `qW`, `qX`, `qY`, `qZ`)
VALUES (2023350272, 1, 2308833305, 92.2271, 19.3317, 239.3712, -0.683297, 0, 0, -0.730141);

INSERT INTO `ace_object_properties_string` (`aceObjectId`, `strPropertyId`, `propertyValue`)
VALUES (2023350272, 1, 'Sign');

INSERT INTO `ace_object_properties_did` (`aceObjectId`, `didPropertyId`, `propertyValue`)
VALUES (2023350272, 8, 100668115)
     , (2023350272, 1, 33555088);

INSERT INTO `ace_object_properties_int` (`aceObjectId`, `intPropertyId`, `propertyValue`)
VALUES (2023350272, 53, 101)
     , (2023350272, 1, 128)
     , (2023350272, 5, 9000)
     , (2023350272, 16, 1)
     , (2023350272, 19, 125)
     , (2023350272, 93, 1048)
     , (2023350272, 9007, 8);

INSERT INTO `ace_object_properties_bool` (`aceObjectId`, `boolPropertyId`, `propertyValue`)
VALUES (2023350272, 12, True)
     , (2023350272, 11, True)
     , (2023350272, 14, True)
     , (2023350272, 19, True)
     , (2023350272, 1, True);

INSERT INTO `ace_object` (`aceObjectId`, `aceObjectDescriptionFlags`, `weenieClassId`, `weenieHeaderFlags`, `currentMotionState`, `physicsDescriptionFlag`)
VALUES (1880760392, 20, 1351, 2097176, NULL, 163841);

INSERT INTO `ace_position` (`aceObjectId`, `positionType`, `landblockRaw`, `posX`, `posY`, `posZ`, `qW`, `qX`, `qY`, `qZ`)
VALUES (1880760392, 1, 27394616, 71.177, -37.7931, -42, 0.957728, 0, 0, -0.287674);

INSERT INTO `ace_object_properties_string` (`aceObjectId`, `strPropertyId`, `propertyValue`)
VALUES (1880760392, 1, 'Sign');

INSERT INTO `ace_object_properties_did` (`aceObjectId`, `didPropertyId`, `propertyValue`)
VALUES (1880760392, 8, 100668115)
     , (1880760392, 1, 33555088);

INSERT INTO `ace_object_properties_int` (`aceObjectId`, `intPropertyId`, `propertyValue`)
VALUES (1880760392, 53, 101)
     , (1880760392, 1, 128)
     , (1880760392, 5, 9000)
     , (1880760392, 16, 1)
     , (1880760392, 19, 125)
     , (1880760392, 93, 1048)
     , (1880760392, 9007, 8);

INSERT INTO `ace_object_properties_bool` (`aceObjectId`, `boolPropertyId`, `propertyValue`)
VALUES (1880760392, 12, True)
     , (1880760392, 11, True)
     , (1880760392, 14, True)
     , (1880760392, 19, True)
     , (1880760392, 1, True);

INSERT INTO `ace_object` (`aceObjectId`, `aceObjectDescriptionFlags`, `weenieClassId`, `weenieHeaderFlags`, `currentMotionState`, `physicsDescriptionFlag`)
VALUES (1880760399, 20, 1351, 2097176, NULL, 163841);

INSERT INTO `ace_position` (`aceObjectId`, `positionType`, `landblockRaw`, `posX`, `posY`, `posZ`, `qW`, `qX`, `qY`, `qZ`)
VALUES (1880760399, 1, 27394627, 71.2357, -112.207, -42, 0.287674, 0, 0, -0.957728);

INSERT INTO `ace_object_properties_string` (`aceObjectId`, `strPropertyId`, `propertyValue`)
VALUES (1880760399, 1, 'Sign');

INSERT INTO `ace_object_properties_did` (`aceObjectId`, `didPropertyId`, `propertyValue`)
VALUES (1880760399, 8, 100668115)
     , (1880760399, 1, 33555088);

INSERT INTO `ace_object_properties_int` (`aceObjectId`, `intPropertyId`, `propertyValue`)
VALUES (1880760399, 53, 101)
     , (1880760399, 1, 128)
     , (1880760399, 5, 9000)
     , (1880760399, 16, 1)
     , (1880760399, 19, 125)
     , (1880760399, 93, 1048)
     , (1880760399, 9007, 8);

INSERT INTO `ace_object_properties_bool` (`aceObjectId`, `boolPropertyId`, `propertyValue`)
VALUES (1880760399, 12, True)
     , (1880760399, 11, True)
     , (1880760399, 14, True)
     , (1880760399, 19, True)
     , (1880760399, 1, True);

INSERT INTO `ace_object` (`aceObjectId`, `aceObjectDescriptionFlags`, `weenieClassId`, `weenieHeaderFlags`, `currentMotionState`, `physicsDescriptionFlag`)
VALUES (2116268033, 20, 4113, 2097176, NULL, 163841);

INSERT INTO `ace_position` (`aceObjectId`, `positionType`, `landblockRaw`, `posX`, `posY`, `posZ`, `qW`, `qX`, `qY`, `qZ`)
VALUES (2116268033, 1, 3795517496, 151.1, 172.484, 82.37366, -0.185563, 0, 0, 0.982632);

INSERT INTO `ace_object_properties_string` (`aceObjectId`, `strPropertyId`, `propertyValue`)
VALUES (2116268033, 1, 'Warning Sign');

INSERT INTO `ace_object_properties_did` (`aceObjectId`, `didPropertyId`, `propertyValue`)
VALUES (2116268033, 8, 100668115)
     , (2116268033, 1, 33555088);

INSERT INTO `ace_object_properties_int` (`aceObjectId`, `intPropertyId`, `propertyValue`)
VALUES (2116268033, 53, 101)
     , (2116268033, 1, 128)
     , (2116268033, 5, 9000)
     , (2116268033, 16, 1)
     , (2116268033, 19, 130)
     , (2116268033, 93, 1048)
     , (2116268033, 9007, 8);

INSERT INTO `ace_object_properties_bool` (`aceObjectId`, `boolPropertyId`, `propertyValue`)
VALUES (2116268033, 12, True)
     , (2116268033, 11, True)
     , (2116268033, 14, True)
     , (2116268033, 19, True)
     , (2116268033, 1, True);

INSERT INTO `ace_object` (`aceObjectId`, `aceObjectDescriptionFlags`, `weenieClassId`, `weenieHeaderFlags`, `currentMotionState`, `physicsDescriptionFlag`)
VALUES (2116268032, 20, 4113, 2097176, NULL, 163841);

INSERT INTO `ace_position` (`aceObjectId`, `positionType`, `landblockRaw`, `posX`, `posY`, `posZ`, `qW`, `qX`, `qY`, `qZ`)
VALUES (2116268032, 1, 3795517495, 160.019, 164.631, 82, -0.353896, 0, 0, -0.935285);

INSERT INTO `ace_object_properties_string` (`aceObjectId`, `strPropertyId`, `propertyValue`)
VALUES (2116268032, 1, 'Warning Sign');

INSERT INTO `ace_object_properties_did` (`aceObjectId`, `didPropertyId`, `propertyValue`)
VALUES (2116268032, 8, 100668115)
     , (2116268032, 1, 33555088);

INSERT INTO `ace_object_properties_int` (`aceObjectId`, `intPropertyId`, `propertyValue`)
VALUES (2116268032, 53, 101)
     , (2116268032, 1, 128)
     , (2116268032, 5, 9000)
     , (2116268032, 16, 1)
     , (2116268032, 19, 130)
     , (2116268032, 93, 1048)
     , (2116268032, 9007, 8);

INSERT INTO `ace_object_properties_bool` (`aceObjectId`, `boolPropertyId`, `propertyValue`)
VALUES (2116268032, 12, True)
     , (2116268032, 11, True)
     , (2116268032, 14, True)
     , (2116268032, 19, True)
     , (2116268032, 1, True);

INSERT INTO `ace_object` (`aceObjectId`, `aceObjectDescriptionFlags`, `weenieClassId`, `weenieHeaderFlags`, `currentMotionState`, `physicsDescriptionFlag`)
VALUES (2030419971, 20, 5066, 2097176, NULL, 163841);

INSERT INTO `ace_position` (`aceObjectId`, `positionType`, `landblockRaw`, `posX`, `posY`, `posZ`, `qW`, `qX`, `qY`, `qZ`)
VALUES (2030419971, 1, 2421948458, 134.193, 43.1548, 26, -0.659981, 0, 0, -0.751283);

INSERT INTO `ace_object_properties_string` (`aceObjectId`, `strPropertyId`, `propertyValue`)
VALUES (2030419971, 1, 'Al-Arqas North Outpost ');

INSERT INTO `ace_object_properties_did` (`aceObjectId`, `didPropertyId`, `propertyValue`)
VALUES (2030419971, 8, 100668115)
     , (2030419971, 1, 33555088);

INSERT INTO `ace_object_properties_int` (`aceObjectId`, `intPropertyId`, `propertyValue`)
VALUES (2030419971, 53, 101)
     , (2030419971, 1, 128)
     , (2030419971, 5, 9000)
     , (2030419971, 16, 1)
     , (2030419971, 19, 125)
     , (2030419971, 93, 24)
     , (2030419971, 9007, 8);

INSERT INTO `ace_object_properties_bool` (`aceObjectId`, `boolPropertyId`, `propertyValue`)
VALUES (2030419971, 12, True)
     , (2030419971, 11, True)
     , (2030419971, 19, True)
     , (2030419971, 1, True);

INSERT INTO `ace_object` (`aceObjectId`, `aceObjectDescriptionFlags`, `weenieClassId`, `weenieHeaderFlags`, `currentMotionState`, `physicsDescriptionFlag`)
VALUES (1880629335, 20, 1212, 2097176, NULL, 163841);

INSERT INTO `ace_position` (`aceObjectId`, `positionType`, `landblockRaw`, `posX`, `posY`, `posZ`, `qW`, `qX`, `qY`, `qZ`)
VALUES (1880629335, 1, 25297328, 59.3935, -13.1037, 12, 0, 0, 0, -1);

INSERT INTO `ace_object_properties_string` (`aceObjectId`, `strPropertyId`, `propertyValue`)
VALUES (1880629335, 1, 'Old Sign');

INSERT INTO `ace_object_properties_did` (`aceObjectId`, `didPropertyId`, `propertyValue`)
VALUES (1880629335, 8, 100668115)
     , (1880629335, 1, 33555088);

INSERT INTO `ace_object_properties_int` (`aceObjectId`, `intPropertyId`, `propertyValue`)
VALUES (1880629335, 53, 101)
     , (1880629335, 1, 128)
     , (1880629335, 5, 9000)
     , (1880629335, 16, 1)
     , (1880629335, 19, 125)
     , (1880629335, 93, 1048)
     , (1880629335, 9007, 8);

INSERT INTO `ace_object_properties_bool` (`aceObjectId`, `boolPropertyId`, `propertyValue`)
VALUES (1880629335, 12, True)
     , (1880629335, 11, True)
     , (1880629335, 14, True)
     , (1880629335, 19, True)
     , (1880629335, 1, True);

