REPLACE INTO `ace_object_properties_string` (`aceObjectId`, `strPropertyId`, `propertyValue`)
VALUES (3696903783, 16, 'All the Deru can trace their ancestry to the First Tree, because they all were once twigs on its great trunk. It is said that the First Tree has seen the beginning of the world and that when the First Tree perishes, so will the world. On rare occasions the First Tree will grant a blessing to those that show exceptional awareness of the cycles of life.  This wand is one such gift.  This wand must be cultivated from the First Tree in such a way that no knife is used. The petitioner must pray and coax a piece of the First Tree so that the limb will naturally fall off the tree, neither harming the First Tree nor the new limb.');

REPLACE INTO `ace_object_properties_int` (`aceObjectId`, `intPropertyId`, `propertyValue`)
VALUES (3696903783, 33, 4294967294)
     , (3696903783, 17, 188)
     , (3696903783, 114, 1)
     , (3696903783, 19, 5000)
     , (3696903783, 179, 512)
     , (3696903783, 5, 100)
     , (3696903783, 106, 350)
     , (3696903783, 107, 6000)
     , (3696903783, 108, 6000)
     , (3696903783, 109, 0);

REPLACE INTO `ace_object_properties_double` (`aceObjectId`, `dblPropertyId`, `propertyValue`)
VALUES (3696903783, 136, 1)
     , (3696903783, 144, 0.15)
     , (3696903783, 147, 1)
     , (3696903783, 5, -0.0333333)
     , (3696903783, 29, 1.1);

REPLACE INTO `ace_object_properties_spell` (`aceObjectId`, `spellId`)
VALUES (3696903783, 2073)
     , (3696903783, 2183)
     , (3696903783, 2525)
     , (3696903783, 995)
     , (3696903783, 2153)
     , (3696903783, 2157);

REPLACE INTO `ace_object_properties_string` (`aceObjectId`, `strPropertyId`, `propertyValue`)
VALUES (36947, 16, 'All the Deru can trace their ancestry to the First Tree, because they all were once twigs on its great trunk. It is said that the First Tree has seen the beginning of the world and that when the First Tree perishes, so will the world. On rare occasions the First Tree will grant a blessing to those that show exceptional awareness of the cycles of life.  This wand is one such gift.  This wand must be cultivated from the First Tree in such a way that no knife is used. The petitioner must pray and coax a piece of the First Tree so that the limb will naturally fall off the tree, neither harming the First Tree nor the new limb.');

REPLACE INTO `ace_object_properties_int` (`aceObjectId`, `intPropertyId`, `propertyValue`)
VALUES (36947, 33, 4294967294)
     , (36947, 17, 188)
     , (36947, 114, 1)
     , (36947, 19, 5000)
     , (36947, 179, 512)
     , (36947, 5, 100)
     , (36947, 106, 350)
     , (36947, 107, 6000)
     , (36947, 108, 6000)
     , (36947, 109, 0);

REPLACE INTO `ace_object_properties_double` (`aceObjectId`, `dblPropertyId`, `propertyValue`)
VALUES (36947, 136, 1)
     , (36947, 144, 0.15)
     , (36947, 147, 1)
     , (36947, 5, -0.0333333)
     , (36947, 29, 1.1);

REPLACE INTO `ace_object_properties_spell` (`aceObjectId`, `spellId`)
VALUES (36947, 2073)
     , (36947, 2183)
     , (36947, 2525)
     , (36947, 995)
     , (36947, 2153)
     , (36947, 2157);

REPLACE INTO `ace_object_properties_int` (`aceObjectId`, `intPropertyId`, `propertyValue`)
VALUES (3705068074, 2, 2)
     , (3705068074, 25, 60);

REPLACE INTO `ace_object_properties_attribute` (`aceObjectId`, `attributeId`, `attributeBase`)
VALUES (3705068074, 1, 180)
     , (3705068074, 2, 150)
     , (3705068074, 4, 175)
     , (3705068074, 3, 100)
     , (3705068074, 5, 90)
     , (3705068074, 6, 90);

REPLACE INTO `ace_object_properties_attribute2nd` (`aceObjectId`, `attribute2ndId`, `attribute2ndValue`)
VALUES (3705068074, 2, 195)
     , (3705068074, 4, 330)
     , (3705068074, 6, 190)
     , (3705068074, 1, 195)
     , (3705068074, 3, 330)
     , (3705068074, 5, 190);

REPLACE INTO `ace_object_properties_int` (`aceObjectId`, `intPropertyId`, `propertyValue`)
VALUES (36576, 2, 2)
     , (36576, 25, 60);

REPLACE INTO `ace_object_properties_attribute` (`aceObjectId`, `attributeId`, `attributeBase`)
VALUES (36576, 1, 180)
     , (36576, 2, 150)
     , (36576, 4, 175)
     , (36576, 3, 100)
     , (36576, 5, 90)
     , (36576, 6, 90);

REPLACE INTO `ace_object_properties_attribute2nd` (`aceObjectId`, `attribute2ndId`, `attribute2ndValue`)
VALUES (36576, 2, 195)
     , (36576, 4, 330)
     , (36576, 6, 190)
     , (36576, 1, 195)
     , (36576, 3, 330)
     , (36576, 5, 190);

