REPLACE INTO `ace_object_properties_string` (`aceObjectId`, `strPropertyId`, `propertyValue`)
VALUES (136, 14, 'Use this item to close it.');

REPLACE INTO `ace_object_properties_int` (`aceObjectId`, `intPropertyId`, `propertyValue`)
VALUES (136, 19, 65)
     , (136, 5, 4222);

REPLACE INTO `ace_object_properties_bool` (`aceObjectId`, `boolPropertyId`, `propertyValue`)
VALUES (136, 2, 1);

REPLACE INTO `ace_object_properties_string` (`aceObjectId`, `strPropertyId`, `propertyValue`)
VALUES (25530, 16, 'This backpack, sewn from the scalp of a Banderling Aggressor, provides comfort as well as carrying space.')
     , (25530, 14, 'Use this item to close it.');

REPLACE INTO `ace_object_properties_int` (`aceObjectId`, `intPropertyId`, `propertyValue`)
VALUES (25530, 19, 250)
     , (25530, 5, 1750);

REPLACE INTO `ace_object_properties_bool` (`aceObjectId`, `boolPropertyId`, `propertyValue`)
VALUES (25530, 2, 1);

REPLACE INTO `ace_object_properties_string` (`aceObjectId`, `strPropertyId`, `propertyValue`)
VALUES (25531, 16, 'This backpack, sewn from the scalp of a Banderling Predator, provides comfort as well as carrying space.')
     , (25531, 14, 'Use this item to close it.');

REPLACE INTO `ace_object_properties_int` (`aceObjectId`, `intPropertyId`, `propertyValue`)
VALUES (25531, 19, 250)
     , (25531, 5, 1001);

REPLACE INTO `ace_object_properties_bool` (`aceObjectId`, `boolPropertyId`, `propertyValue`)
VALUES (25531, 2, 1);

REPLACE INTO `ace_object_properties_string` (`aceObjectId`, `strPropertyId`, `propertyValue`)
VALUES (12200, 8, 'Kryst al''meth')
     , (12200, 16, 'This tusker had an average sized brain.  Very odd, for a tusker...')
     , (12200, 14, 'Use this item to close it.')
     , (12200, 7, 'cobalt-lightning, quick-bloodseeker, stib-bloodhunter, turpeth-fire, vitriol-health, colcothar-cold');

REPLACE INTO `ace_object_properties_int` (`aceObjectId`, `intPropertyId`, `propertyValue`)
VALUES (12200, 19, 250)
     , (12200, 5, 1591);

REPLACE INTO `ace_object_properties_bool` (`aceObjectId`, `boolPropertyId`, `propertyValue`)
VALUES (12200, 2, 1);

REPLACE INTO `ace_object_properties_string` (`aceObjectId`, `strPropertyId`, `propertyValue`)
VALUES (52734, 16, 'A backpack with several side pouches.')
     , (52734, 14, 'Use this item to close it.');

REPLACE INTO `ace_object_properties_int` (`aceObjectId`, `intPropertyId`, `propertyValue`)
VALUES (52734, 19, 35)
     , (52734, 5, 2453);

REPLACE INTO `ace_object_properties_bool` (`aceObjectId`, `boolPropertyId`, `propertyValue`)
VALUES (52734, 2, 1);

REPLACE INTO `ace_object_properties_string` (`aceObjectId`, `strPropertyId`, `propertyValue`)
VALUES (25532, 16, 'This backpack, sewn from the scalp of a Banderling Slayer, provides comfort as well as carrying space.')
     , (25532, 14, 'Use this item to close it.');

REPLACE INTO `ace_object_properties_int` (`aceObjectId`, `intPropertyId`, `propertyValue`)
VALUES (25532, 19, 250)
     , (25532, 5, 9129);

REPLACE INTO `ace_object_properties_bool` (`aceObjectId`, `boolPropertyId`, `propertyValue`)
VALUES (25532, 2, 1);

REPLACE INTO `ace_object_properties_string` (`aceObjectId`, `strPropertyId`, `propertyValue`)
VALUES (138, 14, 'Use this item to close it.');

REPLACE INTO `ace_object_properties_int` (`aceObjectId`, `intPropertyId`, `propertyValue`)
VALUES (138, 19, 65)
     , (138, 5, 4937);

REPLACE INTO `ace_object_properties_bool` (`aceObjectId`, `boolPropertyId`, `propertyValue`)
VALUES (138, 2, 1);

REPLACE INTO `ace_object_properties_string` (`aceObjectId`, `strPropertyId`, `propertyValue`)
VALUES (139, 14, 'Use this item to close it.');

REPLACE INTO `ace_object_properties_int` (`aceObjectId`, `intPropertyId`, `propertyValue`)
VALUES (139, 19, 65)
     , (139, 5, 10569);

REPLACE INTO `ace_object_properties_bool` (`aceObjectId`, `boolPropertyId`, `propertyValue`)
VALUES (139, 2, 1);

REPLACE INTO `ace_object_properties_int` (`aceObjectId`, `intPropertyId`, `propertyValue`)
VALUES (31754, 19, 65)
     , (31754, 5, 25);

REPLACE INTO `ace_object_properties_string` (`aceObjectId`, `strPropertyId`, `propertyValue`)
VALUES (52735, 16, 'A backpack with several side pouches.')
     , (52735, 14, 'Use this item to close it.');

REPLACE INTO `ace_object_properties_int` (`aceObjectId`, `intPropertyId`, `propertyValue`)
VALUES (52735, 19, 35)
     , (52735, 5, 2215);

REPLACE INTO `ace_object_properties_bool` (`aceObjectId`, `boolPropertyId`, `propertyValue`)
VALUES (52735, 2, 1);

