REPLACE INTO `ace_object_properties_string` (`aceObjectId`, `strPropertyId`, `propertyValue`)
VALUES (27331, 14, 'Use on a magic item to destroy that item and drain its Mana.');

REPLACE INTO `ace_object_properties_int` (`aceObjectId`, `intPropertyId`, `propertyValue`)
VALUES (27331, 19, 250)
     , (27331, 5, 50)
     , (27331, 107, 0);

REPLACE INTO `ace_object_properties_double` (`aceObjectId`, `dblPropertyId`, `propertyValue`)
VALUES (27331, 137, 0.025)
     , (27331, 87, 0.1);

REPLACE INTO `ace_object_properties_string` (`aceObjectId`, `strPropertyId`, `propertyValue`)
VALUES (4616, 14, 'Use on a magic item to give the stone''s stored Mana to that item.');

REPLACE INTO `ace_object_properties_int` (`aceObjectId`, `intPropertyId`, `propertyValue`)
VALUES (4616, 19, 5500)
     , (4616, 5, 50)
     , (4616, 107, 1000);

REPLACE INTO `ace_object_properties_double` (`aceObjectId`, `dblPropertyId`, `propertyValue`)
VALUES (4616, 137, 1)
     , (4616, 87, 1);

REPLACE INTO `ace_object_properties_string` (`aceObjectId`, `strPropertyId`, `propertyValue`)
VALUES (4615, 14, 'Use on a magic item to give the stone''s stored Mana to that item.');

REPLACE INTO `ace_object_properties_int` (`aceObjectId`, `intPropertyId`, `propertyValue`)
VALUES (4615, 19, 2500)
     , (4615, 5, 50)
     , (4615, 107, 500);

REPLACE INTO `ace_object_properties_double` (`aceObjectId`, `dblPropertyId`, `propertyValue`)
VALUES (4615, 137, 1)
     , (4615, 87, 1);

REPLACE INTO `ace_object_properties_string` (`aceObjectId`, `strPropertyId`, `propertyValue`)
VALUES (27329, 14, 'Use on a magic item to give the stone''s stored Mana to that item.');

REPLACE INTO `ace_object_properties_int` (`aceObjectId`, `intPropertyId`, `propertyValue`)
VALUES (27329, 19, 65000)
     , (27329, 5, 50)
     , (27329, 107, 10000);

REPLACE INTO `ace_object_properties_double` (`aceObjectId`, `dblPropertyId`, `propertyValue`)
VALUES (27329, 137, 1)
     , (27329, 87, 1);

REPLACE INTO `ace_object_properties_bool` (`aceObjectId`, `boolPropertyId`, `propertyValue`)
VALUES (27329, 69, 0);

REPLACE INTO `ace_object_properties_string` (`aceObjectId`, `strPropertyId`, `propertyValue`)
VALUES (9060, 14, 'Use on a magic item to give the stone''s stored Mana to that item.');

REPLACE INTO `ace_object_properties_int` (`aceObjectId`, `intPropertyId`, `propertyValue`)
VALUES (9060, 19, 9000)
     , (9060, 5, 50)
     , (9060, 107, 5000);

REPLACE INTO `ace_object_properties_double` (`aceObjectId`, `dblPropertyId`, `propertyValue`)
VALUES (9060, 137, 1)
     , (9060, 87, 1);

REPLACE INTO `ace_object_properties_string` (`aceObjectId`, `strPropertyId`, `propertyValue`)
VALUES (2436, 14, 'Use on a magic item to destroy that item and drain its Mana.');

REPLACE INTO `ace_object_properties_int` (`aceObjectId`, `intPropertyId`, `propertyValue`)
VALUES (2436, 19, 5000)
     , (2436, 5, 50)
     , (2436, 107, 0);

REPLACE INTO `ace_object_properties_double` (`aceObjectId`, `dblPropertyId`, `propertyValue`)
VALUES (2436, 137, 0.2)
     , (2436, 87, 2);

REPLACE INTO `ace_object_properties_string` (`aceObjectId`, `strPropertyId`, `propertyValue`)
VALUES (4614, 14, 'Use on a magic item to give the stone''s stored Mana to that item.');

REPLACE INTO `ace_object_properties_int` (`aceObjectId`, `intPropertyId`, `propertyValue`)
VALUES (4614, 19, 1500)
     , (4614, 5, 50)
     , (4614, 107, 350);

REPLACE INTO `ace_object_properties_double` (`aceObjectId`, `dblPropertyId`, `propertyValue`)
VALUES (4614, 137, 1)
     , (4614, 87, 1);

