REPLACE INTO `ace_object_properties_string` (`aceObjectId`, `strPropertyId`, `propertyValue`)
VALUES (22449, 15, 'A healing kit that has a heady scent.');

REPLACE INTO `ace_object_properties_int` (`aceObjectId`, `intPropertyId`, `propertyValue`)
VALUES (22449, 19, 780)
     , (22449, 5, 50)
     , (22449, 90, 100)
     , (22449, 91, 100)
     , (22449, 92, 26);

REPLACE INTO `ace_object_properties_double` (`aceObjectId`, `dblPropertyId`, `propertyValue`)
VALUES (22449, 100, 1.6);

REPLACE INTO `ace_object_properties_bool` (`aceObjectId`, `boolPropertyId`, `propertyValue`)
VALUES (22449, 69, 0);

REPLACE INTO `ace_object_properties_int` (`aceObjectId`, `intPropertyId`, `propertyValue`)
VALUES (632, 19, 1000)
     , (632, 5, 50)
     , (632, 90, 20)
     , (632, 91, 40)
     , (632, 92, 40);

REPLACE INTO `ace_object_properties_double` (`aceObjectId`, `dblPropertyId`, `propertyValue`)
VALUES (632, 100, 1.75);

REPLACE INTO `ace_object_properties_int` (`aceObjectId`, `intPropertyId`, `propertyValue`)
VALUES (630, 19, 120)
     , (630, 5, 50)
     , (630, 90, 100)
     , (630, 91, 30)
     , (630, 92, 30);

REPLACE INTO `ace_object_properties_double` (`aceObjectId`, `dblPropertyId`, `propertyValue`)
VALUES (630, 100, 1);

REPLACE INTO `ace_object_properties_int` (`aceObjectId`, `intPropertyId`, `propertyValue`)
VALUES (13233, 19, 50)
     , (13233, 5, 50)
     , (13233, 90, 0)
     , (13233, 91, 20)
     , (13233, 92, 20);

REPLACE INTO `ace_object_properties_double` (`aceObjectId`, `dblPropertyId`, `propertyValue`)
VALUES (13233, 100, 1);

REPLACE INTO `ace_object_properties_int` (`aceObjectId`, `intPropertyId`, `propertyValue`)
VALUES (628, 19, 10)
     , (628, 5, 50)
     , (628, 90, 50)
     , (628, 91, 20)
     , (628, 92, 20);

REPLACE INTO `ace_object_properties_double` (`aceObjectId`, `dblPropertyId`, `propertyValue`)
VALUES (628, 100, 1);

REPLACE INTO `ace_object_properties_string` (`aceObjectId`, `strPropertyId`, `propertyValue`)
VALUES (9229, 16, 'A Treated Healing kit that smells faintly of hyssop and other aromatic herbs.');

REPLACE INTO `ace_object_properties_int` (`aceObjectId`, `intPropertyId`, `propertyValue`)
VALUES (9229, 19, 2000)
     , (9229, 5, 50)
     , (9229, 90, 25)
     , (9229, 91, 50)
     , (9229, 92, 50);

REPLACE INTO `ace_object_properties_double` (`aceObjectId`, `dblPropertyId`, `propertyValue`)
VALUES (9229, 100, 2);

REPLACE INTO `ace_object_properties_string` (`aceObjectId`, `strPropertyId`, `propertyValue`)
VALUES (44712, 14, 'Use this item on a person to restore mana.')
     , (44712, 15, 'A mana kit which provides substanial restoration.');

REPLACE INTO `ace_object_properties_int` (`aceObjectId`, `intPropertyId`, `propertyValue`)
VALUES (44712, 19, 3000)
     , (44712, 5, 200)
     , (44712, 90, 200)
     , (44712, 91, 50)
     , (44712, 92, 50);

REPLACE INTO `ace_object_properties_double` (`aceObjectId`, `dblPropertyId`, `propertyValue`)
VALUES (44712, 100, 1.1);

REPLACE INTO `ace_object_properties_bool` (`aceObjectId`, `boolPropertyId`, `propertyValue`)
VALUES (44712, 69, 0);

REPLACE INTO `ace_object_properties_string` (`aceObjectId`, `strPropertyId`, `propertyValue`)
VALUES (44714, 14, 'Use this item on a person to restore stamina.')
     , (44714, 15, 'A stamina kit which provides substanial restoration.');

REPLACE INTO `ace_object_properties_int` (`aceObjectId`, `intPropertyId`, `propertyValue`)
VALUES (44714, 19, 3000)
     , (44714, 5, 200)
     , (44714, 90, 200)
     , (44714, 91, 50)
     , (44714, 92, 50);

REPLACE INTO `ace_object_properties_double` (`aceObjectId`, `dblPropertyId`, `propertyValue`)
VALUES (44714, 100, 1.1);

REPLACE INTO `ace_object_properties_bool` (`aceObjectId`, `boolPropertyId`, `propertyValue`)
VALUES (44714, 69, 0);

REPLACE INTO `ace_object_properties_string` (`aceObjectId`, `strPropertyId`, `propertyValue`)
VALUES (27671, 16, 'A hard roll of foul smelling salts and ores that serve as healing agents for the renegades.');

REPLACE INTO `ace_object_properties_int` (`aceObjectId`, `intPropertyId`, `propertyValue`)
VALUES (27671, 19, 1000)
     , (27671, 5, 65)
     , (27671, 90, 200)
     , (27671, 91, 50)
     , (27671, 92, 50);

REPLACE INTO `ace_object_properties_double` (`aceObjectId`, `dblPropertyId`, `propertyValue`)
VALUES (27671, 100, 1);

REPLACE INTO `ace_object_properties_string` (`aceObjectId`, `strPropertyId`, `propertyValue`)
VALUES (30252, 16, 'This Medicated Stamina Kit does not last long, but it is very powerful!');

REPLACE INTO `ace_object_properties_int` (`aceObjectId`, `intPropertyId`, `propertyValue`)
VALUES (30252, 17, 71)
     , (30252, 19, 0)
     , (30252, 5, 5)
     , (30252, 90, 500)
     , (30252, 91, 25)
     , (30252, 92, 25);

REPLACE INTO `ace_object_properties_double` (`aceObjectId`, `dblPropertyId`, `propertyValue`)
VALUES (30252, 100, 10);

REPLACE INTO `ace_object_properties_string` (`aceObjectId`, `strPropertyId`, `propertyValue`)
VALUES (30250, 16, 'This Medicated Health Kit does not last long, but it is very powerful!');

REPLACE INTO `ace_object_properties_int` (`aceObjectId`, `intPropertyId`, `propertyValue`)
VALUES (30250, 17, 70)
     , (30250, 19, 0)
     , (30250, 5, 5)
     , (30250, 90, 500)
     , (30250, 91, 25)
     , (30250, 92, 25);

REPLACE INTO `ace_object_properties_double` (`aceObjectId`, `dblPropertyId`, `propertyValue`)
VALUES (30250, 100, 10);

REPLACE INTO `ace_object_properties_string` (`aceObjectId`, `strPropertyId`, `propertyValue`)
VALUES (52739, 15, 'A stamina kit created by the highly skilled healers of the Societies.');

REPLACE INTO `ace_object_properties_int` (`aceObjectId`, `intPropertyId`, `propertyValue`)
VALUES (52739, 19, 3)
     , (52739, 5, 50)
     , (52739, 90, 225)
     , (52739, 91, 100)
     , (52739, 92, 100);

REPLACE INTO `ace_object_properties_double` (`aceObjectId`, `dblPropertyId`, `propertyValue`)
VALUES (52739, 100, 1.5);

REPLACE INTO `ace_object_properties_bool` (`aceObjectId`, `boolPropertyId`, `propertyValue`)
VALUES (52739, 69, 0);

