INSERT INTO `base_ace_object` (`baseAceObjectId`, `name`, `typeId`, `paletteId`, `ammoType`, `blipColor`, `bitField`, `burden`, `combatUse`, `cooldownDuration`, `cooldownId`, `effects`, `containersCapacity`, `header`, `hookTypeId`, `iconId`, `iconOverlayId`, `iconUnderlayId`, `hookItemTypes`, `itemsCapacity`, `location`, `materialType`, `maxStackSize`, `maxStructure`, `radar`, `pscript`, `spellId`, `stackSize`, `structure`, `targetTypeId`, `usability`, `useRadius`, `validLocations`, `value`, `workmanship`, `animationFrameId`, `defaultScript`, `defaultScriptIntensity`, `elasticity`, `friction`, `locationId`, `modelTableId`, `objectScale`, `physicsBitField`, `physicsTableId`, `motionTableId`, `soundTableId`, `physicsState`, `translucency`, `currentMotionState`)
VALUES (174, 'Well', 4194304, 0, 0, 0, 20, 6000, 0, 0, 0, 0, 0, 6291512, 0, 100667466, 0, 0, 0, 0, 0, 0, 0, 0, 0, 0, 1183, 0, 0, 0, 48, 2, 0, 200, 0, 101, 0, 0, 0, 0, 0, 33554816, 0, 169985, 872415275, 0, 536870932, 1048, 0, '0');

INSERT INTO weenie_class (`weenieClassId`, `baseAceObjectId`)
VALUES (174, 174);

INSERT INTO `base_ace_object` (`baseAceObjectId`, `name`, `typeId`, `paletteId`, `ammoType`, `blipColor`, `bitField`, `burden`, `combatUse`, `cooldownDuration`, `cooldownId`, `effects`, `containersCapacity`, `header`, `hookTypeId`, `iconId`, `iconOverlayId`, `iconUnderlayId`, `hookItemTypes`, `itemsCapacity`, `location`, `materialType`, `maxStackSize`, `maxStructure`, `radar`, `pscript`, `spellId`, `stackSize`, `structure`, `targetTypeId`, `usability`, `useRadius`, `validLocations`, `value`, `workmanship`, `animationFrameId`, `defaultScript`, `defaultScriptIntensity`, `elasticity`, `friction`, `locationId`, `modelTableId`, `objectScale`, `physicsBitField`, `physicsTableId`, `motionTableId`, `soundTableId`, `physicsState`, `translucency`, `currentMotionState`)
VALUES (153, 'Fountain', 4194304, 0, 0, 0, 20, 6000, 0, 0, 0, 0, 0, 6291512, 0, 100668104, 0, 0, 0, 0, 0, 0, 0, 0, 0, 0, 1183, 0, 0, 0, 48, 2, 0, 200, 0, 101, 0, 0, 0, 0, 0, 33555071, 0, 169985, 872415275, 0, 536870932, 1048, 0, '0');

INSERT INTO weenie_class (`weenieClassId`, `baseAceObjectId`)
VALUES (153, 153);

INSERT INTO `base_ace_object` (`baseAceObjectId`, `name`, `typeId`, `paletteId`, `ammoType`, `blipColor`, `bitField`, `burden`, `combatUse`, `cooldownDuration`, `cooldownId`, `effects`, `containersCapacity`, `header`, `hookTypeId`, `iconId`, `iconOverlayId`, `iconUnderlayId`, `hookItemTypes`, `itemsCapacity`, `location`, `materialType`, `maxStackSize`, `maxStructure`, `radar`, `pscript`, `spellId`, `stackSize`, `structure`, `targetTypeId`, `usability`, `useRadius`, `validLocations`, `value`, `workmanship`, `animationFrameId`, `defaultScript`, `defaultScriptIntensity`, `elasticity`, `friction`, `locationId`, `modelTableId`, `objectScale`, `physicsBitField`, `physicsTableId`, `motionTableId`, `soundTableId`, `physicsState`, `translucency`, `currentMotionState`)
VALUES (8377, 'Beer Keg', 4194304, 0, 0, 0, 20, 1000, 0, 0, 0, 0, 0, 2097200, 0, 100667431, 0, 0, 0, 0, 0, 0, 0, 0, 0, 0, 0, 0, 0, 0, 48, 2, 0, 0, 0, 101, 0, 0, 0, 0, 0, 33556853, 0, 169985, 872415275, 0, 536870932, 1048, 0, '0');

INSERT INTO weenie_class (`weenieClassId`, `baseAceObjectId`)
VALUES (8377, 8377);

INSERT INTO `base_ace_object` (`baseAceObjectId`, `name`, `typeId`, `paletteId`, `ammoType`, `blipColor`, `bitField`, `burden`, `combatUse`, `cooldownDuration`, `cooldownId`, `effects`, `containersCapacity`, `header`, `hookTypeId`, `iconId`, `iconOverlayId`, `iconUnderlayId`, `hookItemTypes`, `itemsCapacity`, `location`, `materialType`, `maxStackSize`, `maxStructure`, `radar`, `pscript`, `spellId`, `stackSize`, `structure`, `targetTypeId`, `usability`, `useRadius`, `validLocations`, `value`, `workmanship`, `animationFrameId`, `defaultScript`, `defaultScriptIntensity`, `elasticity`, `friction`, `locationId`, `modelTableId`, `objectScale`, `physicsBitField`, `physicsTableId`, `motionTableId`, `soundTableId`, `physicsState`, `translucency`, `currentMotionState`)
VALUES (152, 'Font', 4194304, 0, 0, 0, 20, 6000, 0, 0, 0, 0, 0, 6291512, 0, 100668104, 0, 0, 0, 0, 0, 0, 0, 0, 0, 0, 1183, 0, 0, 0, 48, 2, 0, 200, 0, 101, 0, 0, 0, 0, 0, 33554710, 0, 169985, 872415275, 0, 536870932, 1048, 0, '0');

INSERT INTO weenie_class (`weenieClassId`, `baseAceObjectId`)
VALUES (152, 152);

INSERT INTO `base_ace_object` (`baseAceObjectId`, `name`, `typeId`, `paletteId`, `ammoType`, `blipColor`, `bitField`, `burden`, `combatUse`, `cooldownDuration`, `cooldownId`, `effects`, `containersCapacity`, `header`, `hookTypeId`, `iconId`, `iconOverlayId`, `iconUnderlayId`, `hookItemTypes`, `itemsCapacity`, `location`, `materialType`, `maxStackSize`, `maxStructure`, `radar`, `pscript`, `spellId`, `stackSize`, `structure`, `targetTypeId`, `usability`, `useRadius`, `validLocations`, `value`, `workmanship`, `animationFrameId`, `defaultScript`, `defaultScriptIntensity`, `elasticity`, `friction`, `locationId`, `modelTableId`, `objectScale`, `physicsBitField`, `physicsTableId`, `motionTableId`, `soundTableId`, `physicsState`, `translucency`, `currentMotionState`)
VALUES (14341, 'Chess Board', 2147483648, 0, 0, 0, 20, 0, 0, 0, 0, 0, 0, 0, 0, 100673558, 0, 0, 0, 0, 0, 0, 0, 0, 0, 0, 0, 0, 0, 0, 0, 0, 0, 0, 0, 0, 0, 0, 0, 0, 0, 33558037, 0, 32769, 0, 0, 0, 1040, 0, '0');

INSERT INTO weenie_class (`weenieClassId`, `baseAceObjectId`)
VALUES (14341, 14341);

INSERT INTO `base_ace_object` (`baseAceObjectId`, `name`, `typeId`, `paletteId`, `ammoType`, `blipColor`, `bitField`, `burden`, `combatUse`, `cooldownDuration`, `cooldownId`, `effects`, `containersCapacity`, `header`, `hookTypeId`, `iconId`, `iconOverlayId`, `iconUnderlayId`, `hookItemTypes`, `itemsCapacity`, `location`, `materialType`, `maxStackSize`, `maxStructure`, `radar`, `pscript`, `spellId`, `stackSize`, `structure`, `targetTypeId`, `usability`, `useRadius`, `validLocations`, `value`, `workmanship`, `animationFrameId`, `defaultScript`, `defaultScriptIntensity`, `elasticity`, `friction`, `locationId`, `modelTableId`, `objectScale`, `physicsBitField`, `physicsTableId`, `motionTableId`, `soundTableId`, `physicsState`, `translucency`, `currentMotionState`)
VALUES (171, 'Vat', 4194304, 0, 0, 0, 20, 6000, 0, 0, 0, 0, 0, 6291512, 0, 100668110, 0, 0, 0, 0, 0, 0, 0, 0, 0, 0, 1183, 0, 0, 0, 48, 2, 0, 200, 0, 101, 0, 0, 0, 0, 0, 33554796, 0, 169985, 872415275, 0, 536870932, 66584, 0, '0');

INSERT INTO weenie_class (`weenieClassId`, `baseAceObjectId`)
VALUES (171, 171);

INSERT INTO `base_ace_object` (`baseAceObjectId`, `name`, `typeId`, `paletteId`, `ammoType`, `blipColor`, `bitField`, `burden`, `combatUse`, `cooldownDuration`, `cooldownId`, `effects`, `containersCapacity`, `header`, `hookTypeId`, `iconId`, `iconOverlayId`, `iconUnderlayId`, `hookItemTypes`, `itemsCapacity`, `location`, `materialType`, `maxStackSize`, `maxStructure`, `radar`, `pscript`, `spellId`, `stackSize`, `structure`, `targetTypeId`, `usability`, `useRadius`, `validLocations`, `value`, `workmanship`, `animationFrameId`, `defaultScript`, `defaultScriptIntensity`, `elasticity`, `friction`, `locationId`, `modelTableId`, `objectScale`, `physicsBitField`, `physicsTableId`, `motionTableId`, `soundTableId`, `physicsState`, `translucency`, `currentMotionState`)
VALUES (6441, 'Well', 4194304, 0, 0, 0, 20, 6000, 0, 0, 0, 0, 0, 6291512, 0, 100667466, 0, 0, 0, 0, 0, 0, 0, 0, 0, 0, 1183, 0, 0, 0, 48, 2, 0, 200, 0, 101, 0, 0, 0, 0, 0, 33554712, 0, 169985, 872415275, 0, 536870932, 1048, 0, '0');

INSERT INTO weenie_class (`weenieClassId`, `baseAceObjectId`)
VALUES (6441, 6441);

INSERT INTO `base_ace_object` (`baseAceObjectId`, `name`, `typeId`, `paletteId`, `ammoType`, `blipColor`, `bitField`, `burden`, `combatUse`, `cooldownDuration`, `cooldownId`, `effects`, `containersCapacity`, `header`, `hookTypeId`, `iconId`, `iconOverlayId`, `iconUnderlayId`, `hookItemTypes`, `itemsCapacity`, `location`, `materialType`, `maxStackSize`, `maxStructure`, `radar`, `pscript`, `spellId`, `stackSize`, `structure`, `targetTypeId`, `usability`, `useRadius`, `validLocations`, `value`, `workmanship`, `animationFrameId`, `defaultScript`, `defaultScriptIntensity`, `elasticity`, `friction`, `locationId`, `modelTableId`, `objectScale`, `physicsBitField`, `physicsTableId`, `motionTableId`, `soundTableId`, `physicsState`, `translucency`, `currentMotionState`)
VALUES (165, 'Pool', 4194304, 0, 0, 0, 20, 6000, 0, 0, 0, 0, 0, 6291512, 0, 100668107, 0, 0, 0, 0, 0, 0, 0, 0, 0, 0, 1183, 0, 0, 0, 48, 2, 0, 200, 0, 101, 0, 0, 0, 0, 0, 33554711, 0, 169985, 872415275, 0, 536870932, 66584, 0, '0');

INSERT INTO weenie_class (`weenieClassId`, `baseAceObjectId`)
VALUES (165, 165);

INSERT INTO `base_ace_object` (`baseAceObjectId`, `name`, `typeId`, `paletteId`, `ammoType`, `blipColor`, `bitField`, `burden`, `combatUse`, `cooldownDuration`, `cooldownId`, `effects`, `containersCapacity`, `header`, `hookTypeId`, `iconId`, `iconOverlayId`, `iconUnderlayId`, `hookItemTypes`, `itemsCapacity`, `location`, `materialType`, `maxStackSize`, `maxStructure`, `radar`, `pscript`, `spellId`, `stackSize`, `structure`, `targetTypeId`, `usability`, `useRadius`, `validLocations`, `value`, `workmanship`, `animationFrameId`, `defaultScript`, `defaultScriptIntensity`, `elasticity`, `friction`, `locationId`, `modelTableId`, `objectScale`, `physicsBitField`, `physicsTableId`, `motionTableId`, `soundTableId`, `physicsState`, `translucency`, `currentMotionState`)
VALUES (8550, 'Adja''s Well', 4194304, 0, 0, 0, 22, 6000, 0, 0, 0, 0, 0, 6291512, 0, 100667466, 0, 0, 0, 0, 0, 0, 0, 0, 0, 0, 686, 0, 0, 0, 48, 2, 0, 200, 0, 101, 0, 0, 0, 0, 0, 33554712, 1.25, 170113, 872415275, 0, 536870932, 1048, 0, '0');

INSERT INTO weenie_class (`weenieClassId`, `baseAceObjectId`)
VALUES (8550, 8550);

INSERT INTO `base_ace_object` (`baseAceObjectId`, `name`, `typeId`, `paletteId`, `ammoType`, `blipColor`, `bitField`, `burden`, `combatUse`, `cooldownDuration`, `cooldownId`, `effects`, `containersCapacity`, `header`, `hookTypeId`, `iconId`, `iconOverlayId`, `iconUnderlayId`, `hookItemTypes`, `itemsCapacity`, `location`, `materialType`, `maxStackSize`, `maxStructure`, `radar`, `pscript`, `spellId`, `stackSize`, `structure`, `targetTypeId`, `usability`, `useRadius`, `validLocations`, `value`, `workmanship`, `animationFrameId`, `defaultScript`, `defaultScriptIntensity`, `elasticity`, `friction`, `locationId`, `modelTableId`, `objectScale`, `physicsBitField`, `physicsTableId`, `motionTableId`, `soundTableId`, `physicsState`, `translucency`, `currentMotionState`)
VALUES (24064, 'Oxidized Statue', 2048, 67108990, 0, 0, 20, 5000, 0, 0, 0, 0, 0, 2621464, 0, 100667446, 0, 0, 0, 0, 0, 0, 0, 0, 0, 0, 0, 0, 0, 16, 1, 0, 0, 10000, 0, 0, 0, 0, 0, 0, 0, 33554433, 0.7, 102531, 872415349, 150995206, 0, 1044, 0, 'AAA9AAAAAAA=');

INSERT INTO weenie_class (`weenieClassId`, `baseAceObjectId`)
VALUES (24064, 24064);

INSERT INTO `weenie_palette_changes` (`weenieClassId`, `subPaletteId`, `offset`, `length`)
VALUES (24064, 67113844, 0, 0);

INSERT INTO `weenie_texture_map_changes` (`weenieClassId`, `index`, `oldId`, `newId`)
VALUES (24064, 0, 83892345, 83894047)
     , (24064, 0, 83892344, 83894047)
     , (24064, 1, 83892352, 83894040)
     , (24064, 2, 83892351, 83894041)
     , (24064, 5, 83892352, 83894040)
     , (24064, 6, 83892351, 83894041)
     , (24064, 3, 83889344, 83894036)
     , (24064, 4, 83887068, 83894037)
     , (24064, 7, 83889344, 83894036)
     , (24064, 8, 83887068, 83894037)
     , (24064, 9, 83887061, 83894043)
     , (24064, 9, 83887060, 83894046)
     , (24064, 10, 83892347, 83894038)
     , (24064, 11, 83892346, 83894045)
     , (24064, 13, 83892347, 83894038)
     , (24064, 14, 83892346, 83894045)
     , (24064, 12, 83887059, 83894050)
     , (24064, 15, 83887059, 83894050)
     , (24064, 16, 83893921, 83894067);

INSERT INTO `weenie_animation_changes` (`weenieClassId`, `index`, `animationId`)
VALUES (24064, 0, 16783894)
     , (24064, 1, 16783912)
     , (24064, 2, 16783918)
     , (24064, 5, 16783916)
     , (24064, 6, 16783920)
     , (24064, 3, 16777292)
     , (24064, 4, 16777291)
     , (24064, 7, 16777296)
     , (24064, 8, 16777298)
     , (24064, 9, 16781837)
     , (24064, 10, 16783863)
     , (24064, 11, 16783855)
     , (24064, 13, 16783871)
     , (24064, 14, 16783855)
     , (24064, 12, 16777334)
     , (24064, 15, 16777335)
     , (24064, 16, 16787671);

INSERT INTO `base_ace_object` (`baseAceObjectId`, `name`, `typeId`, `paletteId`, `ammoType`, `blipColor`, `bitField`, `burden`, `combatUse`, `cooldownDuration`, `cooldownId`, `effects`, `containersCapacity`, `header`, `hookTypeId`, `iconId`, `iconOverlayId`, `iconUnderlayId`, `hookItemTypes`, `itemsCapacity`, `location`, `materialType`, `maxStackSize`, `maxStructure`, `radar`, `pscript`, `spellId`, `stackSize`, `structure`, `targetTypeId`, `usability`, `useRadius`, `validLocations`, `value`, `workmanship`, `animationFrameId`, `defaultScript`, `defaultScriptIntensity`, `elasticity`, `friction`, `locationId`, `modelTableId`, `objectScale`, `physicsBitField`, `physicsTableId`, `motionTableId`, `soundTableId`, `physicsState`, `translucency`, `currentMotionState`)
VALUES (24057, 'Fish Boots', 2, 0, 0, 0, 20, 200, 0, 0, 0, 0, 0, 2424856, 0, 100669159, 0, 0, 0, 0, 0, 0, 0, 0, 0, 0, 0, 0, 0, 0, 1, 0, 384, 10, 0, 101, 0, 0, 0, 0, 0, 33558223, 0, 169985, 872415275, 0, 536870932, 1044, 0, '0');

INSERT INTO weenie_class (`weenieClassId`, `baseAceObjectId`)
VALUES (24057, 24057);

INSERT INTO `base_ace_object` (`baseAceObjectId`, `name`, `typeId`, `paletteId`, `ammoType`, `blipColor`, `bitField`, `burden`, `combatUse`, `cooldownDuration`, `cooldownId`, `effects`, `containersCapacity`, `header`, `hookTypeId`, `iconId`, `iconOverlayId`, `iconUnderlayId`, `hookItemTypes`, `itemsCapacity`, `location`, `materialType`, `maxStackSize`, `maxStructure`, `radar`, `pscript`, `spellId`, `stackSize`, `structure`, `targetTypeId`, `usability`, `useRadius`, `validLocations`, `value`, `workmanship`, `animationFrameId`, `defaultScript`, `defaultScriptIntensity`, `elasticity`, `friction`, `locationId`, `modelTableId`, `objectScale`, `physicsBitField`, `physicsTableId`, `motionTableId`, `soundTableId`, `physicsState`, `translucency`, `currentMotionState`)
VALUES (24060, 'Decorative Bronze Statue ', 2048, 67109313, 0, 0, 20, 5000, 0, 0, 0, 0, 0, 2621464, 0, 100667939, 0, 0, 0, 0, 0, 0, 0, 0, 0, 0, 0, 0, 0, 16, 1, 0, 0, 20000, 0, 0, 0, 0, 0, 0, 0, 33554489, 0.7, 102531, 872415386, 150995208, 0, 1044, 0, 'AAA9AAAAAAA=');

INSERT INTO weenie_class (`weenieClassId`, `baseAceObjectId`)
VALUES (24060, 24060);

INSERT INTO `weenie_palette_changes` (`weenieClassId`, `subPaletteId`, `offset`, `length`)
VALUES (24060, 67113845, 0, 0);

INSERT INTO `weenie_texture_map_changes` (`weenieClassId`, `index`, `oldId`, `newId`)
VALUES (24060, 0, 83886190, 83894056)
     , (24060, 0, 83886186, 83894059)
     , (24060, 0, 83886187, 83894062)
     , (24060, 0, 83886188, 83894060)
     , (24060, 0, 83886185, 83894063)
     , (24060, 0, 83886196, 83894061)
     , (24060, 0, 83886191, 83894053)
     , (24060, 0, 83886192, 83894054)
     , (24060, 0, 83886193, 83894057)
     , (24060, 0, 83886194, 83894058)
     , (24060, 0, 83886195, 83894055)
     , (24060, 0, 83886189, 83894064)
     , (24060, 1, 83886190, 83894056)
     , (24060, 1, 83886186, 83894059)
     , (24060, 1, 83886187, 83894062)
     , (24060, 1, 83886188, 83894060)
     , (24060, 1, 83886185, 83894063)
     , (24060, 1, 83886196, 83894061)
     , (24060, 1, 83886191, 83894053)
     , (24060, 1, 83886192, 83894054)
     , (24060, 1, 83886193, 83894057)
     , (24060, 1, 83886194, 83894058)
     , (24060, 1, 83886195, 83894055)
     , (24060, 1, 83886189, 83894064)
     , (24060, 2, 83886190, 83894056)
     , (24060, 2, 83886186, 83894059)
     , (24060, 2, 83886187, 83894062)
     , (24060, 2, 83886188, 83894060)
     , (24060, 2, 83886185, 83894063)
     , (24060, 2, 83886196, 83894061)
     , (24060, 2, 83886191, 83894053)
     , (24060, 2, 83886192, 83894054)
     , (24060, 2, 83886193, 83894057)
     , (24060, 2, 83886194, 83894058)
     , (24060, 2, 83886195, 83894055)
     , (24060, 2, 83886189, 83894064)
     , (24060, 3, 83886190, 83894056)
     , (24060, 3, 83886186, 83894059)
     , (24060, 3, 83886187, 83894062)
     , (24060, 3, 83886188, 83894060)
     , (24060, 3, 83886185, 83894063)
     , (24060, 3, 83886196, 83894061)
     , (24060, 3, 83886191, 83894053)
     , (24060, 3, 83886192, 83894054)
     , (24060, 3, 83886193, 83894057)
     , (24060, 3, 83886194, 83894058)
     , (24060, 3, 83886195, 83894055)
     , (24060, 3, 83886189, 83894064)
     , (24060, 4, 83886190, 83894056)
     , (24060, 4, 83886186, 83894059)
     , (24060, 4, 83886187, 83894062)
     , (24060, 4, 83886188, 83894060)
     , (24060, 4, 83886185, 83894063)
     , (24060, 4, 83886196, 83894061)
     , (24060, 4, 83886191, 83894053)
     , (24060, 4, 83886192, 83894054)
     , (24060, 4, 83886193, 83894057)
     , (24060, 4, 83886194, 83894058)
     , (24060, 4, 83886195, 83894055)
     , (24060, 4, 83886189, 83894064)
     , (24060, 5, 83886190, 83894056)
     , (24060, 5, 83886186, 83894059)
     , (24060, 5, 83886187, 83894062)
     , (24060, 5, 83886188, 83894060)
     , (24060, 5, 83886185, 83894063)
     , (24060, 5, 83886196, 83894061)
     , (24060, 5, 83886191, 83894053)
     , (24060, 5, 83886192, 83894054)
     , (24060, 5, 83886193, 83894057)
     , (24060, 5, 83886194, 83894058)
     , (24060, 5, 83886195, 83894055)
     , (24060, 5, 83886189, 83894064)
     , (24060, 6, 83886190, 83894056)
     , (24060, 6, 83886186, 83894059)
     , (24060, 6, 83886187, 83894062)
     , (24060, 6, 83886188, 83894060)
     , (24060, 6, 83886185, 83894063)
     , (24060, 6, 83886196, 83894061)
     , (24060, 6, 83886191, 83894053)
     , (24060, 6, 83886192, 83894054)
     , (24060, 6, 83886193, 83894057)
     , (24060, 6, 83886194, 83894058)
     , (24060, 6, 83886195, 83894055)
     , (24060, 6, 83886189, 83894064)
     , (24060, 7, 83886190, 83894056)
     , (24060, 7, 83886186, 83894059)
     , (24060, 7, 83886187, 83894062)
     , (24060, 7, 83886188, 83894060)
     , (24060, 7, 83886185, 83894063)
     , (24060, 7, 83886196, 83894061)
     , (24060, 7, 83886191, 83894053)
     , (24060, 7, 83886192, 83894054)
     , (24060, 7, 83886193, 83894057)
     , (24060, 7, 83886194, 83894058)
     , (24060, 7, 83886195, 83894055)
     , (24060, 7, 83886189, 83894064)
     , (24060, 8, 83886190, 83894056)
     , (24060, 8, 83886186, 83894059)
     , (24060, 8, 83886187, 83894062)
     , (24060, 8, 83886188, 83894060)
     , (24060, 8, 83886185, 83894063)
     , (24060, 8, 83886196, 83894061)
     , (24060, 8, 83886191, 83894053)
     , (24060, 8, 83886192, 83894054)
     , (24060, 8, 83886193, 83894057)
     , (24060, 8, 83886194, 83894058)
     , (24060, 8, 83886195, 83894055)
     , (24060, 8, 83886189, 83894064)
     , (24060, 9, 83886190, 83894056)
     , (24060, 9, 83886186, 83894059)
     , (24060, 9, 83886187, 83894062)
     , (24060, 9, 83886188, 83894060)
     , (24060, 9, 83886185, 83894063)
     , (24060, 9, 83886196, 83894061)
     , (24060, 9, 83886191, 83894053)
     , (24060, 9, 83886192, 83894054)
     , (24060, 9, 83886193, 83894057)
     , (24060, 9, 83886194, 83894058)
     , (24060, 9, 83886195, 83894055)
     , (24060, 9, 83886189, 83894064)
     , (24060, 10, 83886190, 83894056)
     , (24060, 10, 83886186, 83894059)
     , (24060, 10, 83886187, 83894062)
     , (24060, 10, 83886188, 83894060)
     , (24060, 10, 83886185, 83894063)
     , (24060, 10, 83886196, 83894061)
     , (24060, 10, 83886191, 83894053)
     , (24060, 10, 83886192, 83894054)
     , (24060, 10, 83886193, 83894057)
     , (24060, 10, 83886194, 83894058)
     , (24060, 10, 83886195, 83894055)
     , (24060, 10, 83886189, 83894064)
     , (24060, 11, 83886190, 83894056)
     , (24060, 11, 83886186, 83894059)
     , (24060, 11, 83886187, 83894062)
     , (24060, 11, 83886188, 83894060)
     , (24060, 11, 83886185, 83894063)
     , (24060, 11, 83886196, 83894061)
     , (24060, 11, 83886191, 83894053)
     , (24060, 11, 83886192, 83894054)
     , (24060, 11, 83886193, 83894057)
     , (24060, 11, 83886194, 83894058)
     , (24060, 11, 83886195, 83894055)
     , (24060, 11, 83886189, 83894064)
     , (24060, 12, 83886190, 83894056)
     , (24060, 12, 83886186, 83894059)
     , (24060, 12, 83886187, 83894062)
     , (24060, 12, 83886188, 83894060)
     , (24060, 12, 83886185, 83894063)
     , (24060, 12, 83886196, 83894061)
     , (24060, 12, 83886191, 83894053)
     , (24060, 12, 83886192, 83894054)
     , (24060, 12, 83886193, 83894057)
     , (24060, 12, 83886194, 83894058)
     , (24060, 12, 83886195, 83894055)
     , (24060, 12, 83886189, 83894064);

INSERT INTO `weenie_animation_changes` (`weenieClassId`, `index`, `animationId`)
VALUES (24060, 0, 16777846)
     , (24060, 1, 16777847)
     , (24060, 2, 16777848)
     , (24060, 3, 16777855)
     , (24060, 4, 16777854)
     , (24060, 5, 16777856)
     , (24060, 6, 16777850)
     , (24060, 7, 16777853)
     , (24060, 8, 16777856)
     , (24060, 9, 16777850)
     , (24060, 10, 16777859)
     , (24060, 11, 16777856)
     , (24060, 12, 16777851);

INSERT INTO `base_ace_object` (`baseAceObjectId`, `name`, `typeId`, `paletteId`, `ammoType`, `blipColor`, `bitField`, `burden`, `combatUse`, `cooldownDuration`, `cooldownId`, `effects`, `containersCapacity`, `header`, `hookTypeId`, `iconId`, `iconOverlayId`, `iconUnderlayId`, `hookItemTypes`, `itemsCapacity`, `location`, `materialType`, `maxStackSize`, `maxStructure`, `radar`, `pscript`, `spellId`, `stackSize`, `structure`, `targetTypeId`, `usability`, `useRadius`, `validLocations`, `value`, `workmanship`, `animationFrameId`, `defaultScript`, `defaultScriptIntensity`, `elasticity`, `friction`, `locationId`, `modelTableId`, `objectScale`, `physicsBitField`, `physicsTableId`, `motionTableId`, `soundTableId`, `physicsState`, `translucency`, `currentMotionState`)
VALUES (24061, 'Oxidized Statue ', 2048, 67111266, 0, 0, 20, 5000, 0, 0, 0, 0, 0, 2621464, 0, 100669124, 0, 0, 0, 0, 0, 0, 0, 0, 0, 0, 0, 0, 0, 16, 1, 0, 0, 10000, 0, 0, 0, 0, 0, 0, 0, 33554521, 0.7, 102531, 872415349, 150995211, 0, 1044, 0, 'AAA9AAAAAAA=');

INSERT INTO weenie_class (`weenieClassId`, `baseAceObjectId`)
VALUES (24061, 24061);

INSERT INTO `weenie_palette_changes` (`weenieClassId`, `subPaletteId`, `offset`, `length`)
VALUES (24061, 67116534, 0, 0);

INSERT INTO `base_ace_object` (`baseAceObjectId`, `name`, `typeId`, `paletteId`, `ammoType`, `blipColor`, `bitField`, `burden`, `combatUse`, `cooldownDuration`, `cooldownId`, `effects`, `containersCapacity`, `header`, `hookTypeId`, `iconId`, `iconOverlayId`, `iconUnderlayId`, `hookItemTypes`, `itemsCapacity`, `location`, `materialType`, `maxStackSize`, `maxStructure`, `radar`, `pscript`, `spellId`, `stackSize`, `structure`, `targetTypeId`, `usability`, `useRadius`, `validLocations`, `value`, `workmanship`, `animationFrameId`, `defaultScript`, `defaultScriptIntensity`, `elasticity`, `friction`, `locationId`, `modelTableId`, `objectScale`, `physicsBitField`, `physicsTableId`, `motionTableId`, `soundTableId`, `physicsState`, `translucency`, `currentMotionState`)
VALUES (24063, 'Decorative Bronze Statue ', 2048, 67111346, 0, 0, 20, 5000, 0, 0, 0, 0, 0, 2621464, 0, 100667943, 0, 0, 0, 0, 0, 0, 0, 0, 0, 0, 0, 0, 0, 16, 1, 0, 0, 20000, 0, 0, 0, 0, 0, 0, 0, 33554497, 0.7, 102531, 872415273, 150995213, 0, 1044, 0, 'AAA9AAAAAAA=');

INSERT INTO weenie_class (`weenieClassId`, `baseAceObjectId`)
VALUES (24063, 24063);

INSERT INTO `weenie_palette_changes` (`weenieClassId`, `subPaletteId`, `offset`, `length`)
VALUES (24063, 67113829, 0, 0);

INSERT INTO `weenie_texture_map_changes` (`weenieClassId`, `index`, `oldId`, `newId`)
VALUES (24063, 9, 83890028, 83890028);

INSERT INTO `weenie_animation_changes` (`weenieClassId`, `index`, `animationId`)
VALUES (24063, 9, 16780702);

INSERT INTO `base_ace_object` (`baseAceObjectId`, `name`, `typeId`, `paletteId`, `ammoType`, `blipColor`, `bitField`, `burden`, `combatUse`, `cooldownDuration`, `cooldownId`, `effects`, `containersCapacity`, `header`, `hookTypeId`, `iconId`, `iconOverlayId`, `iconUnderlayId`, `hookItemTypes`, `itemsCapacity`, `location`, `materialType`, `maxStackSize`, `maxStructure`, `radar`, `pscript`, `spellId`, `stackSize`, `structure`, `targetTypeId`, `usability`, `useRadius`, `validLocations`, `value`, `workmanship`, `animationFrameId`, `defaultScript`, `defaultScriptIntensity`, `elasticity`, `friction`, `locationId`, `modelTableId`, `objectScale`, `physicsBitField`, `physicsTableId`, `motionTableId`, `soundTableId`, `physicsState`, `translucency`, `currentMotionState`)
VALUES (24062, 'Oxidized Statue ', 2048, 67111346, 0, 0, 20, 5000, 0, 0, 0, 0, 0, 2621464, 0, 100667943, 0, 0, 0, 0, 0, 0, 0, 0, 0, 0, 0, 0, 0, 16, 1, 0, 0, 10000, 0, 0, 0, 0, 0, 0, 0, 33554497, 0.7, 102531, 872415273, 150995213, 0, 1044, 0, 'AAA9AAAAAAA=');

INSERT INTO weenie_class (`weenieClassId`, `baseAceObjectId`)
VALUES (24062, 24062);

INSERT INTO `weenie_palette_changes` (`weenieClassId`, `subPaletteId`, `offset`, `length`)
VALUES (24062, 67113828, 0, 0);

INSERT INTO `weenie_texture_map_changes` (`weenieClassId`, `index`, `oldId`, `newId`)
VALUES (24062, 9, 83890028, 83890028);

INSERT INTO `weenie_animation_changes` (`weenieClassId`, `index`, `animationId`)
VALUES (24062, 9, 16780702);

INSERT INTO `base_ace_object` (`baseAceObjectId`, `name`, `typeId`, `paletteId`, `ammoType`, `blipColor`, `bitField`, `burden`, `combatUse`, `cooldownDuration`, `cooldownId`, `effects`, `containersCapacity`, `header`, `hookTypeId`, `iconId`, `iconOverlayId`, `iconUnderlayId`, `hookItemTypes`, `itemsCapacity`, `location`, `materialType`, `maxStackSize`, `maxStructure`, `radar`, `pscript`, `spellId`, `stackSize`, `structure`, `targetTypeId`, `usability`, `useRadius`, `validLocations`, `value`, `workmanship`, `animationFrameId`, `defaultScript`, `defaultScriptIntensity`, `elasticity`, `friction`, `locationId`, `modelTableId`, `objectScale`, `physicsBitField`, `physicsTableId`, `motionTableId`, `soundTableId`, `physicsState`, `translucency`, `currentMotionState`)
VALUES (23923, 'Well', 4194304, 0, 0, 0, 20, 6000, 0, 0, 0, 0, 0, 6291512, 0, 100667466, 0, 0, 0, 0, 0, 0, 0, 0, 0, 0, 1184, 0, 0, 0, 48, 2, 0, 200, 0, 101, 0, 0, 0, 0, 0, 33554816, 0, 169985, 872415275, 0, 536870932, 1048, 0, '0');

INSERT INTO weenie_class (`weenieClassId`, `baseAceObjectId`)
VALUES (23923, 23923);

INSERT INTO `base_ace_object` (`baseAceObjectId`, `name`, `typeId`, `paletteId`, `ammoType`, `blipColor`, `bitField`, `burden`, `combatUse`, `cooldownDuration`, `cooldownId`, `effects`, `containersCapacity`, `header`, `hookTypeId`, `iconId`, `iconOverlayId`, `iconUnderlayId`, `hookItemTypes`, `itemsCapacity`, `location`, `materialType`, `maxStackSize`, `maxStructure`, `radar`, `pscript`, `spellId`, `stackSize`, `structure`, `targetTypeId`, `usability`, `useRadius`, `validLocations`, `value`, `workmanship`, `animationFrameId`, `defaultScript`, `defaultScriptIntensity`, `elasticity`, `friction`, `locationId`, `modelTableId`, `objectScale`, `physicsBitField`, `physicsTableId`, `motionTableId`, `soundTableId`, `physicsState`, `translucency`, `currentMotionState`)
VALUES (23925, 'Hand Grenade', 256, 0, 0, 0, 20, 40, 2, 0, 0, 0, 0, 2175512, 0, 100674089, 0, 0, 0, 0, 0, 0, 10, 0, 0, 0, 0, 1, 0, 0, 1, 0, 4194304, 1, 0, 101, 0, 0, 0, 1, 0, 33554673, 1.5, 170881, 872415275, 0, 536870932, 131092, 0, '0');

INSERT INTO weenie_class (`weenieClassId`, `baseAceObjectId`)
VALUES (23925, 23925);

INSERT INTO `base_ace_object` (`baseAceObjectId`, `name`, `typeId`, `paletteId`, `ammoType`, `blipColor`, `bitField`, `burden`, `combatUse`, `cooldownDuration`, `cooldownId`, `effects`, `containersCapacity`, `header`, `hookTypeId`, `iconId`, `iconOverlayId`, `iconUnderlayId`, `hookItemTypes`, `itemsCapacity`, `location`, `materialType`, `maxStackSize`, `maxStructure`, `radar`, `pscript`, `spellId`, `stackSize`, `structure`, `targetTypeId`, `usability`, `useRadius`, `validLocations`, `value`, `workmanship`, `animationFrameId`, `defaultScript`, `defaultScriptIntensity`, `elasticity`, `friction`, `locationId`, `modelTableId`, `objectScale`, `physicsBitField`, `physicsTableId`, `motionTableId`, `soundTableId`, `physicsState`, `translucency`, `currentMotionState`)
VALUES (24065, 'Globe of Auberean', 32768, 67113133, 0, 0, 20, 10, 0, 0, 0, 1, 0, 2687128, 0, 100671368, 0, 0, 0, 0, 0, 0, 0, 0, 0, 0, 0, 0, 0, 16, 1, 0, 16777216, 10, 0, 101, 0, 0, 0, 0, 0, 33556967, 0, 169985, 872415275, 0, 536870932, 20, 0, '0');

INSERT INTO weenie_class (`weenieClassId`, `baseAceObjectId`)
VALUES (24065, 24065);

INSERT INTO `weenie_palette_changes` (`weenieClassId`, `subPaletteId`, `offset`, `length`)
VALUES (24065, 67111092, 0, 0);

INSERT INTO `weenie_texture_map_changes` (`weenieClassId`, `index`, `oldId`, `newId`)
VALUES (24065, 0, 83893054, 83893054)
     , (24065, 0, 83893053, 83893053);

INSERT INTO `weenie_animation_changes` (`weenieClassId`, `index`, `animationId`)
VALUES (24065, 0, 16785592);

INSERT INTO `base_ace_object` (`baseAceObjectId`, `name`, `typeId`, `paletteId`, `ammoType`, `blipColor`, `bitField`, `burden`, `combatUse`, `cooldownDuration`, `cooldownId`, `effects`, `containersCapacity`, `header`, `hookTypeId`, `iconId`, `iconOverlayId`, `iconUnderlayId`, `hookItemTypes`, `itemsCapacity`, `location`, `materialType`, `maxStackSize`, `maxStructure`, `radar`, `pscript`, `spellId`, `stackSize`, `structure`, `targetTypeId`, `usability`, `useRadius`, `validLocations`, `value`, `workmanship`, `animationFrameId`, `defaultScript`, `defaultScriptIntensity`, `elasticity`, `friction`, `locationId`, `modelTableId`, `objectScale`, `physicsBitField`, `physicsTableId`, `motionTableId`, `soundTableId`, `physicsState`, `translucency`, `currentMotionState`)
VALUES (24872, 'Golden Gromnie', 2048, 67109307, 0, 0, 22, 10, 0, 0, 0, 0, 0, 2621464, 0, 100671514, 0, 0, 0, 0, 0, 0, 0, 0, 0, 0, 0, 0, 0, 16, 1, 0, 0, 10, 0, 0, 0, 0, 0, 0, 0, 33554487, 0.4, 102531, 872415260, 150995122, 0, 1044, 0, 'AAA9AAAAAAA=');

INSERT INTO weenie_class (`weenieClassId`, `baseAceObjectId`)
VALUES (24872, 24872);

INSERT INTO `weenie_palette_changes` (`weenieClassId`, `subPaletteId`, `offset`, `length`)
VALUES (24872, 67116521, 0, 0);

INSERT INTO `base_ace_object` (`baseAceObjectId`, `name`, `typeId`, `paletteId`, `ammoType`, `blipColor`, `bitField`, `burden`, `combatUse`, `cooldownDuration`, `cooldownId`, `effects`, `containersCapacity`, `header`, `hookTypeId`, `iconId`, `iconOverlayId`, `iconUnderlayId`, `hookItemTypes`, `itemsCapacity`, `location`, `materialType`, `maxStackSize`, `maxStructure`, `radar`, `pscript`, `spellId`, `stackSize`, `structure`, `targetTypeId`, `usability`, `useRadius`, `validLocations`, `value`, `workmanship`, `animationFrameId`, `defaultScript`, `defaultScriptIntensity`, `elasticity`, `friction`, `locationId`, `modelTableId`, `objectScale`, `physicsBitField`, `physicsTableId`, `motionTableId`, `soundTableId`, `physicsState`, `translucency`, `currentMotionState`)
VALUES (37081, 'Virindi Profane Corpse', 1024, 67114250, 0, 0, 8341, 1, 0, 0, 0, 0, 0, 2097168, 0, 100674323, 0, 0, 0, 0, 0, 0, 0, 0, 0, 0, 0, 0, 0, 0, 1, 0, 0, 0, 0, 0, 0, 0, 0, 0, 0, 33558343, 0, 98307, 0, 150995427, 0, 1044, 0, 'AAA9AAAAAAA=');

INSERT INTO weenie_class (`weenieClassId`, `baseAceObjectId`)
VALUES (37081, 37081);

INSERT INTO `weenie_palette_changes` (`weenieClassId`, `subPaletteId`, `offset`, `length`)
VALUES (37081, 67114253, 0, 0);

INSERT INTO `base_ace_object` (`baseAceObjectId`, `name`, `typeId`, `paletteId`, `ammoType`, `blipColor`, `bitField`, `burden`, `combatUse`, `cooldownDuration`, `cooldownId`, `effects`, `containersCapacity`, `header`, `hookTypeId`, `iconId`, `iconOverlayId`, `iconUnderlayId`, `hookItemTypes`, `itemsCapacity`, `location`, `materialType`, `maxStackSize`, `maxStructure`, `radar`, `pscript`, `spellId`, `stackSize`, `structure`, `targetTypeId`, `usability`, `useRadius`, `validLocations`, `value`, `workmanship`, `animationFrameId`, `defaultScript`, `defaultScriptIntensity`, `elasticity`, `friction`, `locationId`, `modelTableId`, `objectScale`, `physicsBitField`, `physicsTableId`, `motionTableId`, `soundTableId`, `physicsState`, `translucency`, `currentMotionState`)
VALUES (37079, 'Virindi Consul Corpse', 1024, 67114250, 0, 0, 8341, 1, 0, 0, 0, 0, 0, 2097168, 0, 100674323, 0, 0, 0, 0, 0, 0, 0, 0, 0, 0, 0, 0, 0, 0, 1, 0, 0, 0, 0, 0, 0, 0, 0, 0, 0, 33558343, 0, 98307, 0, 150995427, 0, 1044, 0, 'AAA9AAAAAAA=');

INSERT INTO weenie_class (`weenieClassId`, `baseAceObjectId`)
VALUES (37079, 37079);

INSERT INTO `weenie_palette_changes` (`weenieClassId`, `subPaletteId`, `offset`, `length`)
VALUES (37079, 67114257, 0, 0);

INSERT INTO `base_ace_object` (`baseAceObjectId`, `name`, `typeId`, `paletteId`, `ammoType`, `blipColor`, `bitField`, `burden`, `combatUse`, `cooldownDuration`, `cooldownId`, `effects`, `containersCapacity`, `header`, `hookTypeId`, `iconId`, `iconOverlayId`, `iconUnderlayId`, `hookItemTypes`, `itemsCapacity`, `location`, `materialType`, `maxStackSize`, `maxStructure`, `radar`, `pscript`, `spellId`, `stackSize`, `structure`, `targetTypeId`, `usability`, `useRadius`, `validLocations`, `value`, `workmanship`, `animationFrameId`, `defaultScript`, `defaultScriptIntensity`, `elasticity`, `friction`, `locationId`, `modelTableId`, `objectScale`, `physicsBitField`, `physicsTableId`, `motionTableId`, `soundTableId`, `physicsState`, `translucency`, `currentMotionState`)
VALUES (37080, 'Virindi Desecrator Corpse', 1024, 67114250, 0, 0, 8341, 1, 0, 0, 0, 0, 0, 2097168, 0, 100674323, 0, 0, 0, 0, 0, 0, 0, 0, 0, 0, 0, 0, 0, 0, 1, 0, 0, 0, 0, 0, 0, 0, 0, 0, 0, 33558343, 0, 98307, 0, 150995427, 0, 1044, 0, 'AAA9AAAAAAA=');

INSERT INTO weenie_class (`weenieClassId`, `baseAceObjectId`)
VALUES (37080, 37080);

INSERT INTO `weenie_palette_changes` (`weenieClassId`, `subPaletteId`, `offset`, `length`)
VALUES (37080, 67114252, 0, 0);

INSERT INTO `base_ace_object` (`baseAceObjectId`, `name`, `typeId`, `paletteId`, `ammoType`, `blipColor`, `bitField`, `burden`, `combatUse`, `cooldownDuration`, `cooldownId`, `effects`, `containersCapacity`, `header`, `hookTypeId`, `iconId`, `iconOverlayId`, `iconUnderlayId`, `hookItemTypes`, `itemsCapacity`, `location`, `materialType`, `maxStackSize`, `maxStructure`, `radar`, `pscript`, `spellId`, `stackSize`, `structure`, `targetTypeId`, `usability`, `useRadius`, `validLocations`, `value`, `workmanship`, `animationFrameId`, `defaultScript`, `defaultScriptIntensity`, `elasticity`, `friction`, `locationId`, `modelTableId`, `objectScale`, `physicsBitField`, `physicsTableId`, `motionTableId`, `soundTableId`, `physicsState`, `translucency`, `currentMotionState`)
VALUES (47194, 'Ingot', 2048, 67111919, 0, 0, 20, 750, 0, 0, 0, 0, 0, 2097176, 0, 100668700, 0, 0, 0, 0, 0, 0, 0, 0, 0, 0, 0, 0, 0, 0, 1, 0, 0, 30, 0, 101, 0, 0, 0, 0, 0, 33555677, 0, 163841, 0, 0, 0, 1044, 0, '0');

INSERT INTO weenie_class (`weenieClassId`, `baseAceObjectId`)
VALUES (47194, 47194);

INSERT INTO `weenie_palette_changes` (`weenieClassId`, `subPaletteId`, `offset`, `length`)
VALUES (47194, 67111925, 0, 0);

INSERT INTO `weenie_texture_map_changes` (`weenieClassId`, `index`, `oldId`, `newId`)
VALUES (47194, 0, 83889680, 83889680);

INSERT INTO `weenie_animation_changes` (`weenieClassId`, `index`, `animationId`)
VALUES (47194, 0, 16782860);

INSERT INTO `base_ace_object` (`baseAceObjectId`, `name`, `typeId`, `paletteId`, `ammoType`, `blipColor`, `bitField`, `burden`, `combatUse`, `cooldownDuration`, `cooldownId`, `effects`, `containersCapacity`, `header`, `hookTypeId`, `iconId`, `iconOverlayId`, `iconUnderlayId`, `hookItemTypes`, `itemsCapacity`, `location`, `materialType`, `maxStackSize`, `maxStructure`, `radar`, `pscript`, `spellId`, `stackSize`, `structure`, `targetTypeId`, `usability`, `useRadius`, `validLocations`, `value`, `workmanship`, `animationFrameId`, `defaultScript`, `defaultScriptIntensity`, `elasticity`, `friction`, `locationId`, `modelTableId`, `objectScale`, `physicsBitField`, `physicsTableId`, `motionTableId`, `soundTableId`, `physicsState`, `translucency`, `currentMotionState`)
VALUES (47193, 'Ingot', 2048, 67111919, 0, 0, 20, 750, 0, 0, 0, 0, 0, 2097176, 0, 100668693, 0, 0, 0, 0, 0, 0, 0, 0, 0, 0, 0, 0, 0, 0, 1, 0, 0, 30, 0, 101, 0, 0, 0, 0, 0, 33555677, 0, 163841, 0, 0, 0, 1044, 0, '0');

INSERT INTO weenie_class (`weenieClassId`, `baseAceObjectId`)
VALUES (47193, 47193);

INSERT INTO `weenie_palette_changes` (`weenieClassId`, `subPaletteId`, `offset`, `length`)
VALUES (47193, 67111920, 0, 0);

INSERT INTO `weenie_texture_map_changes` (`weenieClassId`, `index`, `oldId`, `newId`)
VALUES (47193, 0, 83889680, 83889680);

INSERT INTO `weenie_animation_changes` (`weenieClassId`, `index`, `animationId`)
VALUES (47193, 0, 16782860);

INSERT INTO `base_ace_object` (`baseAceObjectId`, `name`, `typeId`, `paletteId`, `ammoType`, `blipColor`, `bitField`, `burden`, `combatUse`, `cooldownDuration`, `cooldownId`, `effects`, `containersCapacity`, `header`, `hookTypeId`, `iconId`, `iconOverlayId`, `iconUnderlayId`, `hookItemTypes`, `itemsCapacity`, `location`, `materialType`, `maxStackSize`, `maxStructure`, `radar`, `pscript`, `spellId`, `stackSize`, `structure`, `targetTypeId`, `usability`, `useRadius`, `validLocations`, `value`, `workmanship`, `animationFrameId`, `defaultScript`, `defaultScriptIntensity`, `elasticity`, `friction`, `locationId`, `modelTableId`, `objectScale`, `physicsBitField`, `physicsTableId`, `motionTableId`, `soundTableId`, `physicsState`, `translucency`, `currentMotionState`)
VALUES (47195, 'Ingot', 2048, 67111919, 0, 0, 20, 750, 0, 0, 0, 0, 0, 2097176, 0, 100668701, 0, 0, 0, 0, 0, 0, 0, 0, 0, 0, 0, 0, 0, 0, 1, 0, 0, 30, 0, 101, 0, 0, 0, 0, 0, 33555677, 0, 163841, 0, 0, 0, 1044, 0, '0');

INSERT INTO weenie_class (`weenieClassId`, `baseAceObjectId`)
VALUES (47195, 47195);

INSERT INTO `weenie_palette_changes` (`weenieClassId`, `subPaletteId`, `offset`, `length`)
VALUES (47195, 67111926, 0, 0);

INSERT INTO `weenie_texture_map_changes` (`weenieClassId`, `index`, `oldId`, `newId`)
VALUES (47195, 0, 83889680, 83889680);

INSERT INTO `weenie_animation_changes` (`weenieClassId`, `index`, `animationId`)
VALUES (47195, 0, 16782860);

INSERT INTO `base_ace_object` (`baseAceObjectId`, `name`, `typeId`, `paletteId`, `ammoType`, `blipColor`, `bitField`, `burden`, `combatUse`, `cooldownDuration`, `cooldownId`, `effects`, `containersCapacity`, `header`, `hookTypeId`, `iconId`, `iconOverlayId`, `iconUnderlayId`, `hookItemTypes`, `itemsCapacity`, `location`, `materialType`, `maxStackSize`, `maxStructure`, `radar`, `pscript`, `spellId`, `stackSize`, `structure`, `targetTypeId`, `usability`, `useRadius`, `validLocations`, `value`, `workmanship`, `animationFrameId`, `defaultScript`, `defaultScriptIntensity`, `elasticity`, `friction`, `locationId`, `modelTableId`, `objectScale`, `physicsBitField`, `physicsTableId`, `motionTableId`, `soundTableId`, `physicsState`, `translucency`, `currentMotionState`)
VALUES (14423, 'Folded Strathelar Guards Uniform', 2, 67108990, 0, 0, 20, 500, 0, 0, 0, 0, 0, 2359312, 0, 100672470, 0, 0, 0, 0, 0, 0, 0, 0, 0, 0, 0, 0, 0, 0, 1, 0, 0, 0, 0, 101, 0, 0, 0, 0, 0, 33557480, 0, 169985, 872415275, 0, 536870932, 1044, 0, '0');

INSERT INTO weenie_class (`weenieClassId`, `baseAceObjectId`)
VALUES (14423, 14423);

INSERT INTO `weenie_palette_changes` (`weenieClassId`, `subPaletteId`, `offset`, `length`)
VALUES (14423, 67113726, 40, 40)
     , (14423, 67113687, 80, 12)
     , (14423, 67113687, 116, 12)
     , (14423, 67110546, 96, 12)
     , (14423, 67111304, 250, 6);

INSERT INTO `weenie_texture_map_changes` (`weenieClassId`, `index`, `oldId`, `newId`)
VALUES (14423, 0, 83887061, 83893840)
     , (14423, 0, 83887060, 83893839)
     , (14423, 0, 83889072, 83893836)
     , (14423, 0, 83889342, 83893836);

INSERT INTO `weenie_animation_changes` (`weenieClassId`, `index`, `animationId`)
VALUES (14423, 0, 16778367);

INSERT INTO `base_ace_object` (`baseAceObjectId`, `name`, `typeId`, `paletteId`, `ammoType`, `blipColor`, `bitField`, `burden`, `combatUse`, `cooldownDuration`, `cooldownId`, `effects`, `containersCapacity`, `header`, `hookTypeId`, `iconId`, `iconOverlayId`, `iconUnderlayId`, `hookItemTypes`, `itemsCapacity`, `location`, `materialType`, `maxStackSize`, `maxStructure`, `radar`, `pscript`, `spellId`, `stackSize`, `structure`, `targetTypeId`, `usability`, `useRadius`, `validLocations`, `value`, `workmanship`, `animationFrameId`, `defaultScript`, `defaultScriptIntensity`, `elasticity`, `friction`, `locationId`, `modelTableId`, `objectScale`, `physicsBitField`, `physicsTableId`, `motionTableId`, `soundTableId`, `physicsState`, `translucency`, `currentMotionState`)
VALUES (39200, 'Cathedral Portal', 1024, 0, 0, 0, 148, 50, 0, 0, 0, 0, 0, 2097176, 0, 100675779, 0, 0, 0, 0, 0, 0, 0, 0, 0, 0, 0, 0, 0, 0, 1, 0, 0, 7, 0, 0, 0, 0, 0, 0, 0, 33558603, 1.5, 39041, 872415275, 0, 536870932, 2068, 0, '0');

INSERT INTO weenie_class (`weenieClassId`, `baseAceObjectId`)
VALUES (39200, 39200);

INSERT INTO `base_ace_object` (`baseAceObjectId`, `name`, `typeId`, `paletteId`, `ammoType`, `blipColor`, `bitField`, `burden`, `combatUse`, `cooldownDuration`, `cooldownId`, `effects`, `containersCapacity`, `header`, `hookTypeId`, `iconId`, `iconOverlayId`, `iconUnderlayId`, `hookItemTypes`, `itemsCapacity`, `location`, `materialType`, `maxStackSize`, `maxStructure`, `radar`, `pscript`, `spellId`, `stackSize`, `structure`, `targetTypeId`, `usability`, `useRadius`, `validLocations`, `value`, `workmanship`, `animationFrameId`, `defaultScript`, `defaultScriptIntensity`, `elasticity`, `friction`, `locationId`, `modelTableId`, `objectScale`, `physicsBitField`, `physicsTableId`, `motionTableId`, `soundTableId`, `physicsState`, `translucency`, `currentMotionState`)
VALUES (39201, 'Falatacot Pyramid', 1024, 0, 0, 0, 148, 50, 0, 0, 0, 0, 0, 2097176, 0, 100689628, 0, 0, 0, 0, 0, 0, 0, 0, 0, 0, 0, 0, 0, 0, 1, 0, 0, 7, 0, 0, 0, 0, 0, 0, 0, 33560689, 5, 39041, 872415275, 0, 536870932, 2068, 0, '0');

INSERT INTO weenie_class (`weenieClassId`, `baseAceObjectId`)
VALUES (39201, 39201);

