INSERT INTO `base_ace_object` (`baseAceObjectId`, `name`, `typeId`, `paletteId`, `ammoType`, `blipColor`, `bitField`, `burden`, `combatUse`, `cooldownDuration`, `cooldownId`, `effects`, `containersCapacity`, `header`, `hookTypeId`, `iconId`, `iconOverlayId`, `iconUnderlayId`, `hookItemTypes`, `itemsCapacity`, `location`, `materialType`, `maxStackSize`, `maxStructure`, `radar`, `pscript`, `spellId`, `stackSize`, `structure`, `targetTypeId`, `usability`, `useRadius`, `validLocations`, `value`, `workmanship`, `animationFrameId`, `defaultScript`, `defaultScriptIntensity`, `elasticity`, `friction`, `locationId`, `modelTableId`, `objectScale`, `physicsBitField`, `physicsTableId`, `motionTableId`, `soundTableId`, `physicsState`, `translucency`, `currentMotionState`)
VALUES (34297, 'Acolyte of Wind', 16, 67108990, 0, 0, 20, 0, 0, 0, 0, 0, 255, 8388630, 0, 100667446, 0, 0, 0, 255, 0, 0, 0, 0, 2, 0, 0, 0, 0, 0, 1, 0, 0, 0, 0, 0, 0, 0, 0, 0, 0, 33554433, 0, 104515, 872415236, 150994945, 536870913, 1032, 0, 'AAA9AAAAAAA=');

INSERT INTO weenie_class (`weenieClassId`, `baseAceObjectId`)
VALUES (34297, 34297);

INSERT INTO `weenie_palette_changes` (`weenieClassId`, `subPaletteId`, `offset`, `length`)
VALUES (34297, 67110059, 0, 24)
     , (34297, 67116997, 24, 8)
     , (34297, 67110063, 32, 8)
     , (34297, 67114607, 168, 6);

INSERT INTO `weenie_texture_map_changes` (`weenieClassId`, `index`, `oldId`, `newId`)
VALUES (34297, 16, 83886232, 83890685)
     , (34297, 16, 83886668, 83890452)
     , (34297, 16, 83886837, 83890555)
     , (34297, 16, 83886684, 83890660)
     , (34297, 15, 83894660, 83894841)
     , (34297, 12, 83894660, 83894841);

INSERT INTO `weenie_animation_changes` (`weenieClassId`, `index`, `animationId`)
VALUES (34297, 16, 16795675)
     , (34297, 0, 16793218)
     , (34297, 1, 16793219)
     , (34297, 5, 16793220)
     , (34297, 9, 16793208)
     , (34297, 10, 16793209)
     , (34297, 11, 16793210)
     , (34297, 13, 16793211)
     , (34297, 14, 16793212)
     , (34297, 15, 16789333)
     , (34297, 12, 16789332)
     , (34297, 2, 16793198)
     , (34297, 3, 16793199)
     , (34297, 4, 16793200)
     , (34297, 6, 16793201)
     , (34297, 7, 16793202)
     , (34297, 8, 16793203);

INSERT INTO `base_ace_object` (`baseAceObjectId`, `name`, `typeId`, `paletteId`, `ammoType`, `blipColor`, `bitField`, `burden`, `combatUse`, `cooldownDuration`, `cooldownId`, `effects`, `containersCapacity`, `header`, `hookTypeId`, `iconId`, `iconOverlayId`, `iconUnderlayId`, `hookItemTypes`, `itemsCapacity`, `location`, `materialType`, `maxStackSize`, `maxStructure`, `radar`, `pscript`, `spellId`, `stackSize`, `structure`, `targetTypeId`, `usability`, `useRadius`, `validLocations`, `value`, `workmanship`, `animationFrameId`, `defaultScript`, `defaultScriptIntensity`, `elasticity`, `friction`, `locationId`, `modelTableId`, `objectScale`, `physicsBitField`, `physicsTableId`, `motionTableId`, `soundTableId`, `physicsState`, `translucency`, `currentMotionState`)
VALUES (22641, 'Tusker Shrine Statue', 16, 0, 0, 3, 4, 0, 0, 0, 0, 0, 255, 1048630, 0, 100673831, 0, 0, 0, 255, 0, 0, 0, 0, 0, 0, 0, 0, 0, 0, 32, 3, 0, 0, 0, 0, 0, 0, 0, 0, 0, 33558124, 1.2, 104579, 872415274, 150995147, 536871052, 6292504, 0, 'AAA9AAAAAAA=');

INSERT INTO weenie_class (`weenieClassId`, `baseAceObjectId`)
VALUES (22641, 22641);

INSERT INTO `base_ace_object` (`baseAceObjectId`, `name`, `typeId`, `paletteId`, `ammoType`, `blipColor`, `bitField`, `burden`, `combatUse`, `cooldownDuration`, `cooldownId`, `effects`, `containersCapacity`, `header`, `hookTypeId`, `iconId`, `iconOverlayId`, `iconUnderlayId`, `hookItemTypes`, `itemsCapacity`, `location`, `materialType`, `maxStackSize`, `maxStructure`, `radar`, `pscript`, `spellId`, `stackSize`, `structure`, `targetTypeId`, `usability`, `useRadius`, `validLocations`, `value`, `workmanship`, `animationFrameId`, `defaultScript`, `defaultScriptIntensity`, `elasticity`, `friction`, `locationId`, `modelTableId`, `objectScale`, `physicsBitField`, `physicsTableId`, `motionTableId`, `soundTableId`, `physicsState`, `translucency`, `currentMotionState`)
VALUES (34565, 'Acolyte of Wind', 16, 0, 0, 0, 20, 0, 0, 0, 0, 0, 255, 8388630, 0, 100667446, 0, 0, 0, 255, 0, 0, 0, 0, 2, 0, 0, 0, 0, 0, 1, 0, 0, 0, 0, 0, 0, 0, 0, 0, 0, 33554433, 0, 104451, 872415236, 150994945, 536870913, 1032, 0, 'AAA9AAAAAAA=');

INSERT INTO weenie_class (`weenieClassId`, `baseAceObjectId`)
VALUES (34565, 34565);

INSERT INTO `base_ace_object` (`baseAceObjectId`, `name`, `typeId`, `paletteId`, `ammoType`, `blipColor`, `bitField`, `burden`, `combatUse`, `cooldownDuration`, `cooldownId`, `effects`, `containersCapacity`, `header`, `hookTypeId`, `iconId`, `iconOverlayId`, `iconUnderlayId`, `hookItemTypes`, `itemsCapacity`, `location`, `materialType`, `maxStackSize`, `maxStructure`, `radar`, `pscript`, `spellId`, `stackSize`, `structure`, `targetTypeId`, `usability`, `useRadius`, `validLocations`, `value`, `workmanship`, `animationFrameId`, `defaultScript`, `defaultScriptIntensity`, `elasticity`, `friction`, `locationId`, `modelTableId`, `objectScale`, `physicsBitField`, `physicsTableId`, `motionTableId`, `soundTableId`, `physicsState`, `translucency`, `currentMotionState`)
VALUES (22257, 'Fishing Hole', 16, 67114203, 0, 1, 4, 0, 0, 0, 0, 0, 255, 9437238, 0, 100674239, 0, 0, 0, 255, 0, 0, 0, 0, 4, 0, 0, 0, 0, 0, 32, 55, 0, 0, 0, 0, 0, 0, 0, 0, 0, 33558285, 0, 100355, 0, 150995234, 536870913, 2098204, 0, 'AAA9AAAAAAA=');

INSERT INTO weenie_class (`weenieClassId`, `baseAceObjectId`)
VALUES (22257, 22257);

INSERT INTO `weenie_palette_changes` (`weenieClassId`, `subPaletteId`, `offset`, `length`)
VALUES (22257, 67114209, 0, 0);

INSERT INTO `weenie_texture_map_changes` (`weenieClassId`, `index`, `oldId`, `newId`)
VALUES (22257, 0, 83894506, 83894506);

INSERT INTO `weenie_animation_changes` (`weenieClassId`, `index`, `animationId`)
VALUES (22257, 0, 16788968);

INSERT INTO `base_ace_object` (`baseAceObjectId`, `name`, `typeId`, `paletteId`, `ammoType`, `blipColor`, `bitField`, `burden`, `combatUse`, `cooldownDuration`, `cooldownId`, `effects`, `containersCapacity`, `header`, `hookTypeId`, `iconId`, `iconOverlayId`, `iconUnderlayId`, `hookItemTypes`, `itemsCapacity`, `location`, `materialType`, `maxStackSize`, `maxStructure`, `radar`, `pscript`, `spellId`, `stackSize`, `structure`, `targetTypeId`, `usability`, `useRadius`, `validLocations`, `value`, `workmanship`, `animationFrameId`, `defaultScript`, `defaultScriptIntensity`, `elasticity`, `friction`, `locationId`, `modelTableId`, `objectScale`, `physicsBitField`, `physicsTableId`, `motionTableId`, `soundTableId`, `physicsState`, `translucency`, `currentMotionState`)
VALUES (6077, 'Oak Target Drudge', 16, 67109305, 0, 0, 20, 0, 0, 0, 0, 0, 255, 8388630, 0, 100667445, 0, 0, 0, 255, 0, 0, 0, 0, 4, 0, 0, 0, 0, 0, 1, 0, 0, 0, 0, 0, 0, 0, 0, 0, 0, 33554484, 0.95, 104579, 872415339, 150995082, 536870993, 1032, 0, 'AAA9AAAAAAA=');

INSERT INTO weenie_class (`weenieClassId`, `baseAceObjectId`)
VALUES (6077, 6077);

INSERT INTO `weenie_palette_changes` (`weenieClassId`, `subPaletteId`, `offset`, `length`)
VALUES (6077, 67111092, 0, 0);

INSERT INTO `weenie_texture_map_changes` (`weenieClassId`, `index`, `oldId`, `newId`)
VALUES (6077, 0, 83886134, 83889459)
     , (6077, 1, 83886129, 83889459)
     , (6077, 2, 83886128, 83889459)
     , (6077, 3, 83886128, 83889459)
     , (6077, 4, 83889459, 83889459)
     , (6077, 5, 83886128, 83889459)
     , (6077, 6, 83886128, 83889459)
     , (6077, 7, 83889459, 83889459)
     , (6077, 8, 83886128, 83889459)
     , (6077, 9, 83886128, 83889459)
     , (6077, 10, 83886133, 83889459)
     , (6077, 11, 83886128, 83889459)
     , (6077, 12, 83886128, 83889459)
     , (6077, 13, 83886133, 83889459)
     , (6077, 14, 83889459, 83889459)
     , (6077, 14, 83889896, 83889896)
     , (6077, 15, 83886133, 83889459)
     , (6077, 16, 83886133, 83889459);

INSERT INTO `weenie_animation_changes` (`weenieClassId`, `index`, `animationId`)
VALUES (6077, 0, 16777309)
     , (6077, 1, 16777310)
     , (6077, 2, 16777326)
     , (6077, 3, 16777316)
     , (6077, 4, 16783577)
     , (6077, 5, 16777327)
     , (6077, 6, 16778006)
     , (6077, 7, 16783577)
     , (6077, 8, 16777325)
     , (6077, 9, 16777323)
     , (6077, 10, 16777311)
     , (6077, 11, 16777324)
     , (6077, 12, 16777320)
     , (6077, 13, 16777312)
     , (6077, 14, 16783575)
     , (6077, 15, 16777319)
     , (6077, 16, 16777319);

INSERT INTO `base_ace_object` (`baseAceObjectId`, `name`, `typeId`, `paletteId`, `ammoType`, `blipColor`, `bitField`, `burden`, `combatUse`, `cooldownDuration`, `cooldownId`, `effects`, `containersCapacity`, `header`, `hookTypeId`, `iconId`, `iconOverlayId`, `iconUnderlayId`, `hookItemTypes`, `itemsCapacity`, `location`, `materialType`, `maxStackSize`, `maxStructure`, `radar`, `pscript`, `spellId`, `stackSize`, `structure`, `targetTypeId`, `usability`, `useRadius`, `validLocations`, `value`, `workmanship`, `animationFrameId`, `defaultScript`, `defaultScriptIntensity`, `elasticity`, `friction`, `locationId`, `modelTableId`, `objectScale`, `physicsBitField`, `physicsTableId`, `motionTableId`, `soundTableId`, `physicsState`, `translucency`, `currentMotionState`)
VALUES (6075, 'Straw Target Drudge', 16, 67109305, 0, 0, 20, 0, 0, 0, 0, 0, 255, 8388630, 0, 100667445, 0, 0, 0, 255, 0, 0, 0, 0, 4, 0, 0, 0, 0, 0, 1, 0, 0, 0, 0, 0, 0, 0, 0, 0, 0, 33554484, 0.95, 104579, 872415339, 150995082, 536870993, 1032, 0, 'AAA9AAAAAAA=');

INSERT INTO weenie_class (`weenieClassId`, `baseAceObjectId`)
VALUES (6075, 6075);

INSERT INTO `weenie_palette_changes` (`weenieClassId`, `subPaletteId`, `offset`, `length`)
VALUES (6075, 67111092, 0, 0);

INSERT INTO `weenie_texture_map_changes` (`weenieClassId`, `index`, `oldId`, `newId`)
VALUES (6075, 0, 83886134, 83889459)
     , (6075, 1, 83886129, 83889459)
     , (6075, 2, 83886128, 83889459)
     , (6075, 3, 83886128, 83889459)
     , (6075, 4, 83889459, 83889459)
     , (6075, 5, 83886128, 83889459)
     , (6075, 6, 83886128, 83889459)
     , (6075, 7, 83889459, 83889459)
     , (6075, 8, 83886128, 83889459)
     , (6075, 9, 83886128, 83889459)
     , (6075, 10, 83886133, 83889459)
     , (6075, 11, 83886128, 83889459)
     , (6075, 12, 83886128, 83889459)
     , (6075, 13, 83886133, 83889459)
     , (6075, 14, 83889459, 83889459)
     , (6075, 14, 83889896, 83889896)
     , (6075, 15, 83886133, 83889459)
     , (6075, 16, 83886133, 83889459);

INSERT INTO `weenie_animation_changes` (`weenieClassId`, `index`, `animationId`)
VALUES (6075, 0, 16777309)
     , (6075, 1, 16777310)
     , (6075, 2, 16777326)
     , (6075, 3, 16777316)
     , (6075, 4, 16783577)
     , (6075, 5, 16777327)
     , (6075, 6, 16778006)
     , (6075, 7, 16783577)
     , (6075, 8, 16777325)
     , (6075, 9, 16777323)
     , (6075, 10, 16777311)
     , (6075, 11, 16777324)
     , (6075, 12, 16777320)
     , (6075, 13, 16777312)
     , (6075, 14, 16783575)
     , (6075, 15, 16777319)
     , (6075, 16, 16777319);

INSERT INTO `base_ace_object` (`baseAceObjectId`, `name`, `typeId`, `paletteId`, `ammoType`, `blipColor`, `bitField`, `burden`, `combatUse`, `cooldownDuration`, `cooldownId`, `effects`, `containersCapacity`, `header`, `hookTypeId`, `iconId`, `iconOverlayId`, `iconUnderlayId`, `hookItemTypes`, `itemsCapacity`, `location`, `materialType`, `maxStackSize`, `maxStructure`, `radar`, `pscript`, `spellId`, `stackSize`, `structure`, `targetTypeId`, `usability`, `useRadius`, `validLocations`, `value`, `workmanship`, `animationFrameId`, `defaultScript`, `defaultScriptIntensity`, `elasticity`, `friction`, `locationId`, `modelTableId`, `objectScale`, `physicsBitField`, `physicsTableId`, `motionTableId`, `soundTableId`, `physicsState`, `translucency`, `currentMotionState`)
VALUES (6076, 'Wood Target Drudge', 16, 67109305, 0, 0, 20, 0, 0, 0, 0, 0, 255, 8388630, 0, 100667445, 0, 0, 0, 255, 0, 0, 0, 0, 4, 0, 0, 0, 0, 0, 1, 0, 0, 0, 0, 0, 0, 0, 0, 0, 0, 33554484, 0.95, 104579, 872415339, 150995082, 536870993, 1032, 0, 'AAA9AAAAAAA=');

INSERT INTO weenie_class (`weenieClassId`, `baseAceObjectId`)
VALUES (6076, 6076);

INSERT INTO `weenie_palette_changes` (`weenieClassId`, `subPaletteId`, `offset`, `length`)
VALUES (6076, 67111092, 0, 0);

INSERT INTO `weenie_texture_map_changes` (`weenieClassId`, `index`, `oldId`, `newId`)
VALUES (6076, 0, 83886134, 83889459)
     , (6076, 1, 83886129, 83889459)
     , (6076, 2, 83886128, 83889459)
     , (6076, 3, 83886128, 83889459)
     , (6076, 4, 83889459, 83889459)
     , (6076, 5, 83886128, 83889459)
     , (6076, 6, 83886128, 83889459)
     , (6076, 7, 83889459, 83889459)
     , (6076, 8, 83886128, 83889459)
     , (6076, 9, 83886128, 83889459)
     , (6076, 10, 83886133, 83889459)
     , (6076, 11, 83886128, 83889459)
     , (6076, 12, 83886128, 83889459)
     , (6076, 13, 83886133, 83889459)
     , (6076, 14, 83889459, 83889459)
     , (6076, 14, 83889896, 83889896)
     , (6076, 15, 83886133, 83889459)
     , (6076, 16, 83886133, 83889459);

INSERT INTO `weenie_animation_changes` (`weenieClassId`, `index`, `animationId`)
VALUES (6076, 0, 16777309)
     , (6076, 1, 16777310)
     , (6076, 2, 16777326)
     , (6076, 3, 16777316)
     , (6076, 4, 16783577)
     , (6076, 5, 16777327)
     , (6076, 6, 16778006)
     , (6076, 7, 16783577)
     , (6076, 8, 16777325)
     , (6076, 9, 16777323)
     , (6076, 10, 16777311)
     , (6076, 11, 16777324)
     , (6076, 12, 16777320)
     , (6076, 13, 16777312)
     , (6076, 14, 16783575)
     , (6076, 15, 16777319)
     , (6076, 16, 16777319);

INSERT INTO `base_ace_object` (`baseAceObjectId`, `name`, `typeId`, `paletteId`, `ammoType`, `blipColor`, `bitField`, `burden`, `combatUse`, `cooldownDuration`, `cooldownId`, `effects`, `containersCapacity`, `header`, `hookTypeId`, `iconId`, `iconOverlayId`, `iconUnderlayId`, `hookItemTypes`, `itemsCapacity`, `location`, `materialType`, `maxStackSize`, `maxStructure`, `radar`, `pscript`, `spellId`, `stackSize`, `structure`, `targetTypeId`, `usability`, `useRadius`, `validLocations`, `value`, `workmanship`, `animationFrameId`, `defaultScript`, `defaultScriptIntensity`, `elasticity`, `friction`, `locationId`, `modelTableId`, `objectScale`, `physicsBitField`, `physicsTableId`, `motionTableId`, `soundTableId`, `physicsState`, `translucency`, `currentMotionState`)
VALUES (40525, 'Open Book', 16, 0, 0, 3, 4, 0, 0, 0, 0, 0, 255, 1048630, 0, 100668117, 0, 0, 0, 255, 0, 0, 0, 0, 0, 0, 0, 0, 0, 0, 32, 3, 0, 0, 0, 0, 0, 0, 0, 0, 0, 33554772, 0, 104451, 872415275, 150995147, 536870932, 6292504, 0, 'AAA9AAAAAAA=');

INSERT INTO weenie_class (`weenieClassId`, `baseAceObjectId`)
VALUES (40525, 40525);

INSERT INTO `base_ace_object` (`baseAceObjectId`, `name`, `typeId`, `paletteId`, `ammoType`, `blipColor`, `bitField`, `burden`, `combatUse`, `cooldownDuration`, `cooldownId`, `effects`, `containersCapacity`, `header`, `hookTypeId`, `iconId`, `iconOverlayId`, `iconUnderlayId`, `hookItemTypes`, `itemsCapacity`, `location`, `materialType`, `maxStackSize`, `maxStructure`, `radar`, `pscript`, `spellId`, `stackSize`, `structure`, `targetTypeId`, `usability`, `useRadius`, `validLocations`, `value`, `workmanship`, `animationFrameId`, `defaultScript`, `defaultScriptIntensity`, `elasticity`, `friction`, `locationId`, `modelTableId`, `objectScale`, `physicsBitField`, `physicsTableId`, `motionTableId`, `soundTableId`, `physicsState`, `translucency`, `currentMotionState`)
VALUES (34726, 'Garbage Barrel', 16, 0, 0, 3, 4, 0, 0, 0, 0, 0, 255, 1048630, 0, 100675552, 0, 0, 0, 255, 0, 0, 0, 0, 0, 0, 0, 0, 0, 0, 32, 2, 0, 0, 0, 0, 0, 0, 0, 0, 0, 33554596, 1.4, 104579, 872415275, 150995355, 536870932, 6358040, 0, 'AAA9AAAAAAA=');

INSERT INTO weenie_class (`weenieClassId`, `baseAceObjectId`)
VALUES (34726, 34726);

INSERT INTO `base_ace_object` (`baseAceObjectId`, `name`, `typeId`, `paletteId`, `ammoType`, `blipColor`, `bitField`, `burden`, `combatUse`, `cooldownDuration`, `cooldownId`, `effects`, `containersCapacity`, `header`, `hookTypeId`, `iconId`, `iconOverlayId`, `iconUnderlayId`, `hookItemTypes`, `itemsCapacity`, `location`, `materialType`, `maxStackSize`, `maxStructure`, `radar`, `pscript`, `spellId`, `stackSize`, `structure`, `targetTypeId`, `usability`, `useRadius`, `validLocations`, `value`, `workmanship`, `animationFrameId`, `defaultScript`, `defaultScriptIntensity`, `elasticity`, `friction`, `locationId`, `modelTableId`, `objectScale`, `physicsBitField`, `physicsTableId`, `motionTableId`, `soundTableId`, `physicsState`, `translucency`, `currentMotionState`)
VALUES (30460, 'Lockpick Forge', 16, 0, 0, 3, 4, 0, 0, 0, 0, 0, 255, 1048630, 0, 100677343, 0, 0, 0, 255, 0, 0, 0, 0, 0, 0, 0, 0, 0, 0, 32, 3, 0, 0, 0, 0, 0, 0, 0, 0, 0, 33559112, 1.4, 104579, 872415274, 150995325, 536870932, 6292504, 0, 'AAA9AAAAAAA=');

INSERT INTO weenie_class (`weenieClassId`, `baseAceObjectId`)
VALUES (30460, 30460);

INSERT INTO `base_ace_object` (`baseAceObjectId`, `name`, `typeId`, `paletteId`, `ammoType`, `blipColor`, `bitField`, `burden`, `combatUse`, `cooldownDuration`, `cooldownId`, `effects`, `containersCapacity`, `header`, `hookTypeId`, `iconId`, `iconOverlayId`, `iconUnderlayId`, `hookItemTypes`, `itemsCapacity`, `location`, `materialType`, `maxStackSize`, `maxStructure`, `radar`, `pscript`, `spellId`, `stackSize`, `structure`, `targetTypeId`, `usability`, `useRadius`, `validLocations`, `value`, `workmanship`, `animationFrameId`, `defaultScript`, `defaultScriptIntensity`, `elasticity`, `friction`, `locationId`, `modelTableId`, `objectScale`, `physicsBitField`, `physicsTableId`, `motionTableId`, `soundTableId`, `physicsState`, `translucency`, `currentMotionState`)
VALUES (30465, 'Alchemy Forge', 16, 0, 0, 3, 4, 0, 0, 0, 0, 0, 255, 1048630, 0, 100677345, 0, 0, 0, 255, 0, 0, 0, 0, 0, 0, 0, 0, 0, 0, 32, 3, 0, 0, 0, 0, 0, 0, 0, 0, 0, 33559116, 1.4, 104579, 872415274, 150995147, 536870932, 6292504, 0, 'AAA9AAAAAAA=');

INSERT INTO weenie_class (`weenieClassId`, `baseAceObjectId`)
VALUES (30465, 30465);

INSERT INTO `base_ace_object` (`baseAceObjectId`, `name`, `typeId`, `paletteId`, `ammoType`, `blipColor`, `bitField`, `burden`, `combatUse`, `cooldownDuration`, `cooldownId`, `effects`, `containersCapacity`, `header`, `hookTypeId`, `iconId`, `iconOverlayId`, `iconUnderlayId`, `hookItemTypes`, `itemsCapacity`, `location`, `materialType`, `maxStackSize`, `maxStructure`, `radar`, `pscript`, `spellId`, `stackSize`, `structure`, `targetTypeId`, `usability`, `useRadius`, `validLocations`, `value`, `workmanship`, `animationFrameId`, `defaultScript`, `defaultScriptIntensity`, `elasticity`, `friction`, `locationId`, `modelTableId`, `objectScale`, `physicsBitField`, `physicsTableId`, `motionTableId`, `soundTableId`, `physicsState`, `translucency`, `currentMotionState`)
VALUES (30461, 'Salvaging Forge', 16, 0, 0, 3, 4, 0, 0, 0, 0, 0, 255, 1048630, 0, 100677344, 0, 0, 0, 255, 0, 0, 0, 0, 0, 0, 0, 0, 0, 0, 32, 3, 0, 0, 0, 0, 0, 0, 0, 0, 0, 33559114, 1.4, 104579, 872415274, 150995147, 536870932, 6292504, 0, 'AAA9AAAAAAA=');

INSERT INTO weenie_class (`weenieClassId`, `baseAceObjectId`)
VALUES (30461, 30461);

INSERT INTO `base_ace_object` (`baseAceObjectId`, `name`, `typeId`, `paletteId`, `ammoType`, `blipColor`, `bitField`, `burden`, `combatUse`, `cooldownDuration`, `cooldownId`, `effects`, `containersCapacity`, `header`, `hookTypeId`, `iconId`, `iconOverlayId`, `iconUnderlayId`, `hookItemTypes`, `itemsCapacity`, `location`, `materialType`, `maxStackSize`, `maxStructure`, `radar`, `pscript`, `spellId`, `stackSize`, `structure`, `targetTypeId`, `usability`, `useRadius`, `validLocations`, `value`, `workmanship`, `animationFrameId`, `defaultScript`, `defaultScriptIntensity`, `elasticity`, `friction`, `locationId`, `modelTableId`, `objectScale`, `physicsBitField`, `physicsTableId`, `motionTableId`, `soundTableId`, `physicsState`, `translucency`, `currentMotionState`)
VALUES (30467, 'Fletching Forge', 16, 0, 0, 3, 4, 0, 0, 0, 0, 0, 255, 1048630, 0, 100677342, 0, 0, 0, 255, 0, 0, 0, 0, 0, 0, 0, 0, 0, 0, 32, 3, 0, 0, 0, 0, 0, 0, 0, 0, 0, 33559113, 1.4, 104579, 872415274, 150995325, 536870932, 6292504, 0, 'AAA9AAAAAAA=');

INSERT INTO weenie_class (`weenieClassId`, `baseAceObjectId`)
VALUES (30467, 30467);

INSERT INTO `base_ace_object` (`baseAceObjectId`, `name`, `typeId`, `paletteId`, `ammoType`, `blipColor`, `bitField`, `burden`, `combatUse`, `cooldownDuration`, `cooldownId`, `effects`, `containersCapacity`, `header`, `hookTypeId`, `iconId`, `iconOverlayId`, `iconUnderlayId`, `hookItemTypes`, `itemsCapacity`, `location`, `materialType`, `maxStackSize`, `maxStructure`, `radar`, `pscript`, `spellId`, `stackSize`, `structure`, `targetTypeId`, `usability`, `useRadius`, `validLocations`, `value`, `workmanship`, `animationFrameId`, `defaultScript`, `defaultScriptIntensity`, `elasticity`, `friction`, `locationId`, `modelTableId`, `objectScale`, `physicsBitField`, `physicsTableId`, `motionTableId`, `soundTableId`, `physicsState`, `translucency`, `currentMotionState`)
VALUES (30466, 'Cooking Forge', 16, 0, 0, 3, 4, 0, 0, 0, 0, 0, 255, 1048630, 0, 100677341, 0, 0, 0, 255, 0, 0, 0, 0, 0, 0, 0, 0, 0, 0, 32, 3, 0, 0, 0, 0, 0, 0, 0, 0, 0, 33559115, 1.4, 104579, 872415274, 150995147, 536870932, 6292504, 0, 'AAA9AAAAAAA=');

INSERT INTO weenie_class (`weenieClassId`, `baseAceObjectId`)
VALUES (30466, 30466);

INSERT INTO `base_ace_object` (`baseAceObjectId`, `name`, `typeId`, `paletteId`, `ammoType`, `blipColor`, `bitField`, `burden`, `combatUse`, `cooldownDuration`, `cooldownId`, `effects`, `containersCapacity`, `header`, `hookTypeId`, `iconId`, `iconOverlayId`, `iconUnderlayId`, `hookItemTypes`, `itemsCapacity`, `location`, `materialType`, `maxStackSize`, `maxStructure`, `radar`, `pscript`, `spellId`, `stackSize`, `structure`, `targetTypeId`, `usability`, `useRadius`, `validLocations`, `value`, `workmanship`, `animationFrameId`, `defaultScript`, `defaultScriptIntensity`, `elasticity`, `friction`, `locationId`, `modelTableId`, `objectScale`, `physicsBitField`, `physicsTableId`, `motionTableId`, `soundTableId`, `physicsState`, `translucency`, `currentMotionState`)
VALUES (36012, 'Statue of Bael''Zharon, the Hopeslayer', 16, 0, 0, 3, 4, 0, 0, 0, 0, 0, 255, 1048630, 0, 100689315, 0, 0, 0, 255, 0, 0, 0, 0, 0, 0, 0, 0, 0, 0, 32, 3, 0, 0, 0, 0, 0, 0, 0, 0, 0, 33560170, 0, 104451, 872415369, 150995147, 536871017, 6292504, 0, 'AAA9AAAAAAA=');

INSERT INTO weenie_class (`weenieClassId`, `baseAceObjectId`)
VALUES (36012, 36012);

INSERT INTO `base_ace_object` (`baseAceObjectId`, `name`, `typeId`, `paletteId`, `ammoType`, `blipColor`, `bitField`, `burden`, `combatUse`, `cooldownDuration`, `cooldownId`, `effects`, `containersCapacity`, `header`, `hookTypeId`, `iconId`, `iconOverlayId`, `iconUnderlayId`, `hookItemTypes`, `itemsCapacity`, `location`, `materialType`, `maxStackSize`, `maxStructure`, `radar`, `pscript`, `spellId`, `stackSize`, `structure`, `targetTypeId`, `usability`, `useRadius`, `validLocations`, `value`, `workmanship`, `animationFrameId`, `defaultScript`, `defaultScriptIntensity`, `elasticity`, `friction`, `locationId`, `modelTableId`, `objectScale`, `physicsBitField`, `physicsTableId`, `motionTableId`, `soundTableId`, `physicsState`, `translucency`, `currentMotionState`)
VALUES (24888, 'Pyreal Target Drudge', 16, 67112812, 0, 0, 20, 0, 0, 0, 0, 0, 255, 8388630, 0, 100667445, 0, 0, 0, 255, 0, 0, 0, 0, 4, 0, 0, 0, 0, 0, 1, 0, 0, 0, 0, 0, 0, 0, 0, 0, 0, 33556445, 1.2, 104579, 872415339, 150995082, 536871052, 1032, 0, 'AAA9AAAAAAA=');

INSERT INTO weenie_class (`weenieClassId`, `baseAceObjectId`)
VALUES (24888, 24888);

INSERT INTO `weenie_palette_changes` (`weenieClassId`, `subPaletteId`, `offset`, `length`)
VALUES (24888, 67113809, 0, 0);

INSERT INTO `weenie_texture_map_changes` (`weenieClassId`, `index`, `oldId`, `newId`)
VALUES (24888, 1, 83892459, 83892460)
     , (24888, 1, 83892457, 83892458);

INSERT INTO `weenie_animation_changes` (`weenieClassId`, `index`, `animationId`)
VALUES (24888, 1, 16784273);

INSERT INTO `base_ace_object` (`baseAceObjectId`, `name`, `typeId`, `paletteId`, `ammoType`, `blipColor`, `bitField`, `burden`, `combatUse`, `cooldownDuration`, `cooldownId`, `effects`, `containersCapacity`, `header`, `hookTypeId`, `iconId`, `iconOverlayId`, `iconUnderlayId`, `hookItemTypes`, `itemsCapacity`, `location`, `materialType`, `maxStackSize`, `maxStructure`, `radar`, `pscript`, `spellId`, `stackSize`, `structure`, `targetTypeId`, `usability`, `useRadius`, `validLocations`, `value`, `workmanship`, `animationFrameId`, `defaultScript`, `defaultScriptIntensity`, `elasticity`, `friction`, `locationId`, `modelTableId`, `objectScale`, `physicsBitField`, `physicsTableId`, `motionTableId`, `soundTableId`, `physicsState`, `translucency`, `currentMotionState`)
VALUES (11524, 'Hea Windreave', 16, 67116625, 0, 0, 20, 0, 0, 0, 0, 0, 255, 8388630, 0, 100667452, 0, 0, 0, 255, 0, 0, 0, 0, 2, 0, 0, 0, 0, 0, 1, 0, 0, 0, 0, 0, 0, 0, 0, 0, 0, 33559553, 1.2, 104579, 872415270, 150994954, 536870931, 1032, 0, 'AAA9AAAAAAA=');

INSERT INTO weenie_class (`weenieClassId`, `baseAceObjectId`)
VALUES (11524, 11524);

INSERT INTO `weenie_palette_changes` (`weenieClassId`, `subPaletteId`, `offset`, `length`)
VALUES (11524, 67116650, 1, 48)
     , (11524, 67116655, 57, 48)
     , (11524, 67116625, 105, 48)
     , (11524, 67116655, 153, 47)
     , (11524, 67116625, 200, 8)
     , (11524, 67116641, 208, 48);

INSERT INTO `base_ace_object` (`baseAceObjectId`, `name`, `typeId`, `paletteId`, `ammoType`, `blipColor`, `bitField`, `burden`, `combatUse`, `cooldownDuration`, `cooldownId`, `effects`, `containersCapacity`, `header`, `hookTypeId`, `iconId`, `iconOverlayId`, `iconUnderlayId`, `hookItemTypes`, `itemsCapacity`, `location`, `materialType`, `maxStackSize`, `maxStructure`, `radar`, `pscript`, `spellId`, `stackSize`, `structure`, `targetTypeId`, `usability`, `useRadius`, `validLocations`, `value`, `workmanship`, `animationFrameId`, `defaultScript`, `defaultScriptIntensity`, `elasticity`, `friction`, `locationId`, `modelTableId`, `objectScale`, `physicsBitField`, `physicsTableId`, `motionTableId`, `soundTableId`, `physicsState`, `translucency`, `currentMotionState`)
VALUES (5196, 'Wounded Drudge Skulker', 16, 67112812, 0, 0, 20, 0, 0, 0, 0, 0, 255, 8388630, 0, 100667445, 0, 0, 0, 255, 0, 0, 0, 0, 2, 0, 0, 0, 0, 0, 1, 0, 0, 0, 0, 0, 0, 0, 0, 0, 0, 33556445, 0.95, 104643, 872415258, 150994952, 536870919, 4195336, 0, 'AAA9AAAAAAA=');

INSERT INTO weenie_class (`weenieClassId`, `baseAceObjectId`)
VALUES (5196, 5196);

INSERT INTO `weenie_palette_changes` (`weenieClassId`, `subPaletteId`, `offset`, `length`)
VALUES (5196, 67112817, 0, 0);

INSERT INTO `base_ace_object` (`baseAceObjectId`, `name`, `typeId`, `paletteId`, `ammoType`, `blipColor`, `bitField`, `burden`, `combatUse`, `cooldownDuration`, `cooldownId`, `effects`, `containersCapacity`, `header`, `hookTypeId`, `iconId`, `iconOverlayId`, `iconUnderlayId`, `hookItemTypes`, `itemsCapacity`, `location`, `materialType`, `maxStackSize`, `maxStructure`, `radar`, `pscript`, `spellId`, `stackSize`, `structure`, `targetTypeId`, `usability`, `useRadius`, `validLocations`, `value`, `workmanship`, `animationFrameId`, `defaultScript`, `defaultScriptIntensity`, `elasticity`, `friction`, `locationId`, `modelTableId`, `objectScale`, `physicsBitField`, `physicsTableId`, `motionTableId`, `soundTableId`, `physicsState`, `translucency`, `currentMotionState`)
VALUES (43005, 'New Aluvian Champion', 16, 67108990, 0, 0, 20, 0, 0, 0, 0, 0, 255, 8388630, 0, 100667446, 0, 0, 0, 255, 0, 0, 0, 0, 2, 0, 0, 0, 0, 0, 1, 0, 0, 0, 0, 0, 0, 0, 0, 0, 0, 33554433, 0, 104515, 872415236, 150994945, 536870913, 1032, 0, 'AAA9AAAAAAA=');

INSERT INTO weenie_class (`weenieClassId`, `baseAceObjectId`)
VALUES (43005, 43005);

INSERT INTO `weenie_palette_changes` (`weenieClassId`, `subPaletteId`, `offset`, `length`)
VALUES (43005, 67110061, 0, 24)
     , (43005, 67116992, 24, 8)
     , (43005, 67109565, 32, 8)
     , (43005, 67112917, 64, 8)
     , (43005, 67110026, 72, 8)
     , (43005, 67112917, 40, 24)
     , (43005, 67109969, 92, 4)
     , (43005, 67113926, 136, 16)
     , (43005, 67113926, 174, 66)
     , (43005, 67113926, 80, 12)
     , (43005, 67113926, 116, 12)
     , (43005, 67113926, 96, 12)
     , (43005, 67113926, 168, 6)
     , (43005, 67113926, 160, 8)
     , (43005, 67113928, 240, 10);

INSERT INTO `weenie_texture_map_changes` (`weenieClassId`, `index`, `oldId`, `newId`)
VALUES (43005, 16, 83886232, 83890685)
     , (43005, 16, 83886668, 83890447)
     , (43005, 16, 83886837, 83890518)
     , (43005, 16, 83886684, 83890577)
     , (43005, 5, 83887064, 83886241)
     , (43005, 1, 83887064, 83886241)
     , (43005, 6, 83887066, 83887055)
     , (43005, 2, 83887066, 83887055)
     , (43005, 9, 83887061, 83886687)
     , (43005, 9, 83887060, 83886686)
     , (43005, 0, 83889072, 83886685)
     , (43005, 0, 83889342, 83889386)
     , (43005, 10, 83887069, 83886782)
     , (43005, 13, 83887069, 83886782)
     , (43005, 11, 83887067, 83891213)
     , (43005, 14, 83887067, 83891213)
     , (43005, 5, 83894182, 83894182)
     , (43005, 1, 83894182, 83894182)
     , (43005, 6, 83894182, 83894182)
     , (43005, 2, 83894182, 83894182)
     , (43005, 9, 83894177, 83894177)
     , (43005, 9, 83894178, 83894178)
     , (43005, 0, 83894171, 83894171)
     , (43005, 13, 83894173, 83894173)
     , (43005, 13, 83894175, 83894175)
     , (43005, 10, 83894174, 83894174)
     , (43005, 14, 83894172, 83894172)
     , (43005, 14, 83894185, 83894185)
     , (43005, 11, 83894172, 83894172)
     , (43005, 15, 83894179, 83894179)
     , (43005, 12, 83894179, 83894179)
     , (43005, 3, 83894184, 83894184)
     , (43005, 7, 83894184, 83894184)
     , (43005, 4, 83894184, 83894184)
     , (43005, 8, 83894184, 83894184);

INSERT INTO `weenie_animation_changes` (`weenieClassId`, `index`, `animationId`)
VALUES (43005, 5, 16788087)
     , (43005, 1, 16788083)
     , (43005, 6, 16788086)
     , (43005, 2, 16788085)
     , (43005, 9, 16788079)
     , (43005, 0, 16788078)
     , (43005, 13, 16788099)
     , (43005, 10, 16788090)
     , (43005, 14, 16788092)
     , (43005, 11, 16788084)
     , (43005, 15, 16788095)
     , (43005, 12, 16788094)
     , (43005, 3, 16788081)
     , (43005, 7, 16788082)
     , (43005, 4, 16788088)
     , (43005, 8, 16788089)
     , (43005, 16, 16788093)
     , (43005, 22, 16777708)
     , (43005, 21, 16777708);

INSERT INTO `base_ace_object` (`baseAceObjectId`, `name`, `typeId`, `paletteId`, `ammoType`, `blipColor`, `bitField`, `burden`, `combatUse`, `cooldownDuration`, `cooldownId`, `effects`, `containersCapacity`, `header`, `hookTypeId`, `iconId`, `iconOverlayId`, `iconUnderlayId`, `hookItemTypes`, `itemsCapacity`, `location`, `materialType`, `maxStackSize`, `maxStructure`, `radar`, `pscript`, `spellId`, `stackSize`, `structure`, `targetTypeId`, `usability`, `useRadius`, `validLocations`, `value`, `workmanship`, `animationFrameId`, `defaultScript`, `defaultScriptIntensity`, `elasticity`, `friction`, `locationId`, `modelTableId`, `objectScale`, `physicsBitField`, `physicsTableId`, `motionTableId`, `soundTableId`, `physicsState`, `translucency`, `currentMotionState`)
VALUES (43006, 'New Aluvian War Mage Champion', 16, 67108990, 0, 0, 20, 0, 0, 0, 0, 0, 255, 8388630, 0, 100667446, 0, 0, 0, 255, 0, 0, 0, 0, 2, 0, 0, 0, 0, 0, 1, 0, 0, 0, 0, 0, 0, 0, 0, 0, 0, 33554510, 0, 104515, 872415236, 150994945, 536870914, 1032, 0, 'AAA9AAAAAAA=');

INSERT INTO weenie_class (`weenieClassId`, `baseAceObjectId`)
VALUES (43006, 43006);

INSERT INTO `weenie_palette_changes` (`weenieClassId`, `subPaletteId`, `offset`, `length`)
VALUES (43006, 67109561, 0, 24)
     , (43006, 67117024, 24, 8)
     , (43006, 67110062, 32, 8)
     , (43006, 67113726, 40, 40)
     , (43006, 67113687, 80, 12)
     , (43006, 67113687, 116, 12)
     , (43006, 67110546, 96, 12)
     , (43006, 67111303, 250, 6);

INSERT INTO `weenie_texture_map_changes` (`weenieClassId`, `index`, `oldId`, `newId`)
VALUES (43006, 16, 83886232, 83890685)
     , (43006, 16, 83886668, 83890280)
     , (43006, 16, 83886837, 83890312)
     , (43006, 16, 83886684, 83890351)
     , (43006, 0, 83892345, 83893836)
     , (43006, 0, 83892344, 83893836)
     , (43006, 1, 83892352, 83893842)
     , (43006, 2, 83892351, 83893841)
     , (43006, 3, 83889344, 83887054)
     , (43006, 4, 83887068, 83887054)
     , (43006, 5, 83892352, 83893842)
     , (43006, 6, 83892351, 83893841)
     , (43006, 7, 83889344, 83887054)
     , (43006, 8, 83887068, 83887054)
     , (43006, 9, 83891974, 83893840)
     , (43006, 9, 83891968, 83893839)
     , (43006, 10, 83892347, 83893838)
     , (43006, 11, 83892346, 83893837)
     , (43006, 13, 83892347, 83893838)
     , (43006, 14, 83892346, 83893837)
     , (43006, 16, 83889315, 83889865);

INSERT INTO `weenie_animation_changes` (`weenieClassId`, `index`, `animationId`)
VALUES (43006, 12, 16778423)
     , (43006, 15, 16778435)
     , (43006, 0, 16783897)
     , (43006, 1, 16783912)
     , (43006, 2, 16783918)
     , (43006, 3, 16777292)
     , (43006, 4, 16777291)
     , (43006, 5, 16783916)
     , (43006, 6, 16783920)
     , (43006, 7, 16777296)
     , (43006, 8, 16777298)
     , (43006, 9, 16783714)
     , (43006, 10, 16783863)
     , (43006, 11, 16783853)
     , (43006, 13, 16783871)
     , (43006, 14, 16783855)
     , (43006, 16, 16779630);

INSERT INTO `base_ace_object` (`baseAceObjectId`, `name`, `typeId`, `paletteId`, `ammoType`, `blipColor`, `bitField`, `burden`, `combatUse`, `cooldownDuration`, `cooldownId`, `effects`, `containersCapacity`, `header`, `hookTypeId`, `iconId`, `iconOverlayId`, `iconUnderlayId`, `hookItemTypes`, `itemsCapacity`, `location`, `materialType`, `maxStackSize`, `maxStructure`, `radar`, `pscript`, `spellId`, `stackSize`, `structure`, `targetTypeId`, `usability`, `useRadius`, `validLocations`, `value`, `workmanship`, `animationFrameId`, `defaultScript`, `defaultScriptIntensity`, `elasticity`, `friction`, `locationId`, `modelTableId`, `objectScale`, `physicsBitField`, `physicsTableId`, `motionTableId`, `soundTableId`, `physicsState`, `translucency`, `currentMotionState`)
VALUES (22491, 'Statue of Greedy Wishes', 16, 0, 0, 3, 4, 0, 0, 0, 0, 0, 255, 1048630, 0, 100673831, 0, 0, 0, 255, 0, 0, 0, 0, 0, 0, 0, 0, 0, 0, 32, 3, 0, 0, 0, 0, 0, 0, 0, 0, 0, 33558124, 0.5, 104579, 872415271, 150995147, 536871052, 6292504, 0, 'AAA9AAAAAAA=');

INSERT INTO weenie_class (`weenieClassId`, `baseAceObjectId`)
VALUES (22491, 22491);

INSERT INTO `base_ace_object` (`baseAceObjectId`, `name`, `typeId`, `paletteId`, `ammoType`, `blipColor`, `bitField`, `burden`, `combatUse`, `cooldownDuration`, `cooldownId`, `effects`, `containersCapacity`, `header`, `hookTypeId`, `iconId`, `iconOverlayId`, `iconUnderlayId`, `hookItemTypes`, `itemsCapacity`, `location`, `materialType`, `maxStackSize`, `maxStructure`, `radar`, `pscript`, `spellId`, `stackSize`, `structure`, `targetTypeId`, `usability`, `useRadius`, `validLocations`, `value`, `workmanship`, `animationFrameId`, `defaultScript`, `defaultScriptIntensity`, `elasticity`, `friction`, `locationId`, `modelTableId`, `objectScale`, `physicsBitField`, `physicsTableId`, `motionTableId`, `soundTableId`, `physicsState`, `translucency`, `currentMotionState`)
VALUES (22479, 'Statue of Healer''s Wish', 16, 0, 0, 3, 4, 0, 0, 0, 0, 0, 255, 1048630, 0, 100673831, 0, 0, 0, 255, 0, 0, 0, 0, 0, 0, 0, 0, 0, 0, 32, 3, 0, 0, 0, 0, 0, 0, 0, 0, 0, 33558124, 0.5, 104579, 872415271, 150995147, 536871052, 6292504, 0, 'AAA9AAAAAAA=');

INSERT INTO weenie_class (`weenieClassId`, `baseAceObjectId`)
VALUES (22479, 22479);

INSERT INTO `base_ace_object` (`baseAceObjectId`, `name`, `typeId`, `paletteId`, `ammoType`, `blipColor`, `bitField`, `burden`, `combatUse`, `cooldownDuration`, `cooldownId`, `effects`, `containersCapacity`, `header`, `hookTypeId`, `iconId`, `iconOverlayId`, `iconUnderlayId`, `hookItemTypes`, `itemsCapacity`, `location`, `materialType`, `maxStackSize`, `maxStructure`, `radar`, `pscript`, `spellId`, `stackSize`, `structure`, `targetTypeId`, `usability`, `useRadius`, `validLocations`, `value`, `workmanship`, `animationFrameId`, `defaultScript`, `defaultScriptIntensity`, `elasticity`, `friction`, `locationId`, `modelTableId`, `objectScale`, `physicsBitField`, `physicsTableId`, `motionTableId`, `soundTableId`, `physicsState`, `translucency`, `currentMotionState`)
VALUES (22481, 'Statue of Item Tinker''s Wish', 16, 0, 0, 3, 4, 0, 0, 0, 0, 0, 255, 1048630, 0, 100673831, 0, 0, 0, 255, 0, 0, 0, 0, 0, 0, 0, 0, 0, 0, 32, 3, 0, 0, 0, 0, 0, 0, 0, 0, 0, 33558124, 0.5, 104579, 872415271, 150995147, 536871052, 6292504, 0, 'AAA9AAAAAAA=');

INSERT INTO weenie_class (`weenieClassId`, `baseAceObjectId`)
VALUES (22481, 22481);

INSERT INTO `base_ace_object` (`baseAceObjectId`, `name`, `typeId`, `paletteId`, `ammoType`, `blipColor`, `bitField`, `burden`, `combatUse`, `cooldownDuration`, `cooldownId`, `effects`, `containersCapacity`, `header`, `hookTypeId`, `iconId`, `iconOverlayId`, `iconUnderlayId`, `hookItemTypes`, `itemsCapacity`, `location`, `materialType`, `maxStackSize`, `maxStructure`, `radar`, `pscript`, `spellId`, `stackSize`, `structure`, `targetTypeId`, `usability`, `useRadius`, `validLocations`, `value`, `workmanship`, `animationFrameId`, `defaultScript`, `defaultScriptIntensity`, `elasticity`, `friction`, `locationId`, `modelTableId`, `objectScale`, `physicsBitField`, `physicsTableId`, `motionTableId`, `soundTableId`, `physicsState`, `translucency`, `currentMotionState`)
VALUES (22485, 'Statue of Swashbuckler''s Wish', 16, 0, 0, 3, 4, 0, 0, 0, 0, 0, 255, 1048630, 0, 100673831, 0, 0, 0, 255, 0, 0, 0, 0, 0, 0, 0, 0, 0, 0, 32, 3, 0, 0, 0, 0, 0, 0, 0, 0, 0, 33558124, 0.5, 104579, 872415271, 150995147, 536871052, 6292504, 0, 'AAA9AAAAAAA=');

INSERT INTO weenie_class (`weenieClassId`, `baseAceObjectId`)
VALUES (22485, 22485);

INSERT INTO `base_ace_object` (`baseAceObjectId`, `name`, `typeId`, `paletteId`, `ammoType`, `blipColor`, `bitField`, `burden`, `combatUse`, `cooldownDuration`, `cooldownId`, `effects`, `containersCapacity`, `header`, `hookTypeId`, `iconId`, `iconOverlayId`, `iconUnderlayId`, `hookItemTypes`, `itemsCapacity`, `location`, `materialType`, `maxStackSize`, `maxStructure`, `radar`, `pscript`, `spellId`, `stackSize`, `structure`, `targetTypeId`, `usability`, `useRadius`, `validLocations`, `value`, `workmanship`, `animationFrameId`, `defaultScript`, `defaultScriptIntensity`, `elasticity`, `friction`, `locationId`, `modelTableId`, `objectScale`, `physicsBitField`, `physicsTableId`, `motionTableId`, `soundTableId`, `physicsState`, `translucency`, `currentMotionState`)
VALUES (22487, 'Statue of Magic Tinker''s Wish', 16, 0, 0, 3, 4, 0, 0, 0, 0, 0, 255, 1048630, 0, 100673831, 0, 0, 0, 255, 0, 0, 0, 0, 0, 0, 0, 0, 0, 0, 32, 3, 0, 0, 0, 0, 0, 0, 0, 0, 0, 33558124, 0.5, 104579, 872415271, 150995147, 536871052, 6292504, 0, 'AAA9AAAAAAA=');

INSERT INTO weenie_class (`weenieClassId`, `baseAceObjectId`)
VALUES (22487, 22487);

INSERT INTO `base_ace_object` (`baseAceObjectId`, `name`, `typeId`, `paletteId`, `ammoType`, `blipColor`, `bitField`, `burden`, `combatUse`, `cooldownDuration`, `cooldownId`, `effects`, `containersCapacity`, `header`, `hookTypeId`, `iconId`, `iconOverlayId`, `iconUnderlayId`, `hookItemTypes`, `itemsCapacity`, `location`, `materialType`, `maxStackSize`, `maxStructure`, `radar`, `pscript`, `spellId`, `stackSize`, `structure`, `targetTypeId`, `usability`, `useRadius`, `validLocations`, `value`, `workmanship`, `animationFrameId`, `defaultScript`, `defaultScriptIntensity`, `elasticity`, `friction`, `locationId`, `modelTableId`, `objectScale`, `physicsBitField`, `physicsTableId`, `motionTableId`, `soundTableId`, `physicsState`, `translucency`, `currentMotionState`)
VALUES (22486, 'Statue of Resistance Wishes', 16, 0, 0, 3, 4, 0, 0, 0, 0, 0, 255, 1048630, 0, 100673831, 0, 0, 0, 255, 0, 0, 0, 0, 0, 0, 0, 0, 0, 0, 32, 3, 0, 0, 0, 0, 0, 0, 0, 0, 0, 33558124, 0.5, 104579, 872415271, 150995147, 536871052, 6292504, 0, 'AAA9AAAAAAA=');

INSERT INTO weenie_class (`weenieClassId`, `baseAceObjectId`)
VALUES (22486, 22486);

INSERT INTO `base_ace_object` (`baseAceObjectId`, `name`, `typeId`, `paletteId`, `ammoType`, `blipColor`, `bitField`, `burden`, `combatUse`, `cooldownDuration`, `cooldownId`, `effects`, `containersCapacity`, `header`, `hookTypeId`, `iconId`, `iconOverlayId`, `iconUnderlayId`, `hookItemTypes`, `itemsCapacity`, `location`, `materialType`, `maxStackSize`, `maxStructure`, `radar`, `pscript`, `spellId`, `stackSize`, `structure`, `targetTypeId`, `usability`, `useRadius`, `validLocations`, `value`, `workmanship`, `animationFrameId`, `defaultScript`, `defaultScriptIntensity`, `elasticity`, `friction`, `locationId`, `modelTableId`, `objectScale`, `physicsBitField`, `physicsTableId`, `motionTableId`, `soundTableId`, `physicsState`, `translucency`, `currentMotionState`)
VALUES (22480, 'Statue of Artificer''s Wish', 16, 0, 0, 3, 4, 0, 0, 0, 0, 0, 255, 1048630, 0, 100673831, 0, 0, 0, 255, 0, 0, 0, 0, 0, 0, 0, 0, 0, 0, 32, 3, 0, 0, 0, 0, 0, 0, 0, 0, 0, 33558124, 0.5, 104579, 872415271, 150995147, 536871052, 6292504, 0, 'AAA9AAAAAAA=');

INSERT INTO weenie_class (`weenieClassId`, `baseAceObjectId`)
VALUES (22480, 22480);

INSERT INTO `base_ace_object` (`baseAceObjectId`, `name`, `typeId`, `paletteId`, `ammoType`, `blipColor`, `bitField`, `burden`, `combatUse`, `cooldownDuration`, `cooldownId`, `effects`, `containersCapacity`, `header`, `hookTypeId`, `iconId`, `iconOverlayId`, `iconUnderlayId`, `hookItemTypes`, `itemsCapacity`, `location`, `materialType`, `maxStackSize`, `maxStructure`, `radar`, `pscript`, `spellId`, `stackSize`, `structure`, `targetTypeId`, `usability`, `useRadius`, `validLocations`, `value`, `workmanship`, `animationFrameId`, `defaultScript`, `defaultScriptIntensity`, `elasticity`, `friction`, `locationId`, `modelTableId`, `objectScale`, `physicsBitField`, `physicsTableId`, `motionTableId`, `soundTableId`, `physicsState`, `translucency`, `currentMotionState`)
VALUES (22474, 'Statue of Cook''s Wish', 16, 0, 0, 3, 4, 0, 0, 0, 0, 0, 255, 1048630, 0, 100673831, 0, 0, 0, 255, 0, 0, 0, 0, 0, 0, 0, 0, 0, 0, 32, 3, 0, 0, 0, 0, 0, 0, 0, 0, 0, 33558124, 0.5, 104579, 872415271, 150995147, 536871052, 6292504, 0, 'AAA9AAAAAAA=');

INSERT INTO weenie_class (`weenieClassId`, `baseAceObjectId`)
VALUES (22474, 22474);

INSERT INTO `base_ace_object` (`baseAceObjectId`, `name`, `typeId`, `paletteId`, `ammoType`, `blipColor`, `bitField`, `burden`, `combatUse`, `cooldownDuration`, `cooldownId`, `effects`, `containersCapacity`, `header`, `hookTypeId`, `iconId`, `iconOverlayId`, `iconUnderlayId`, `hookItemTypes`, `itemsCapacity`, `location`, `materialType`, `maxStackSize`, `maxStructure`, `radar`, `pscript`, `spellId`, `stackSize`, `structure`, `targetTypeId`, `usability`, `useRadius`, `validLocations`, `value`, `workmanship`, `animationFrameId`, `defaultScript`, `defaultScriptIntensity`, `elasticity`, `friction`, `locationId`, `modelTableId`, `objectScale`, `physicsBitField`, `physicsTableId`, `motionTableId`, `soundTableId`, `physicsState`, `translucency`, `currentMotionState`)
VALUES (22492, 'Statue of Sprinter''s Wish', 16, 0, 0, 3, 4, 0, 0, 0, 0, 0, 255, 1048630, 0, 100673831, 0, 0, 0, 255, 0, 0, 0, 0, 0, 0, 0, 0, 0, 0, 32, 3, 0, 0, 0, 0, 0, 0, 0, 0, 0, 33558124, 0.5, 104579, 872415271, 150995147, 536871052, 6292504, 0, 'AAA9AAAAAAA=');

INSERT INTO weenie_class (`weenieClassId`, `baseAceObjectId`)
VALUES (22492, 22492);

INSERT INTO `base_ace_object` (`baseAceObjectId`, `name`, `typeId`, `paletteId`, `ammoType`, `blipColor`, `bitField`, `burden`, `combatUse`, `cooldownDuration`, `cooldownId`, `effects`, `containersCapacity`, `header`, `hookTypeId`, `iconId`, `iconOverlayId`, `iconUnderlayId`, `hookItemTypes`, `itemsCapacity`, `location`, `materialType`, `maxStackSize`, `maxStructure`, `radar`, `pscript`, `spellId`, `stackSize`, `structure`, `targetTypeId`, `usability`, `useRadius`, `validLocations`, `value`, `workmanship`, `animationFrameId`, `defaultScript`, `defaultScriptIntensity`, `elasticity`, `friction`, `locationId`, `modelTableId`, `objectScale`, `physicsBitField`, `physicsTableId`, `motionTableId`, `soundTableId`, `physicsState`, `translucency`, `currentMotionState`)
VALUES (22484, 'Statue of Lockpicker''s Wish', 16, 0, 0, 3, 4, 0, 0, 0, 0, 0, 255, 1048630, 0, 100673831, 0, 0, 0, 255, 0, 0, 0, 0, 0, 0, 0, 0, 0, 0, 32, 3, 0, 0, 0, 0, 0, 0, 0, 0, 0, 33558124, 0.5, 104579, 872415271, 150995147, 536871052, 6292504, 0, 'AAA9AAAAAAA=');

INSERT INTO weenie_class (`weenieClassId`, `baseAceObjectId`)
VALUES (22484, 22484);

INSERT INTO `base_ace_object` (`baseAceObjectId`, `name`, `typeId`, `paletteId`, `ammoType`, `blipColor`, `bitField`, `burden`, `combatUse`, `cooldownDuration`, `cooldownId`, `effects`, `containersCapacity`, `header`, `hookTypeId`, `iconId`, `iconOverlayId`, `iconUnderlayId`, `hookItemTypes`, `itemsCapacity`, `location`, `materialType`, `maxStackSize`, `maxStructure`, `radar`, `pscript`, `spellId`, `stackSize`, `structure`, `targetTypeId`, `usability`, `useRadius`, `validLocations`, `value`, `workmanship`, `animationFrameId`, `defaultScript`, `defaultScriptIntensity`, `elasticity`, `friction`, `locationId`, `modelTableId`, `objectScale`, `physicsBitField`, `physicsTableId`, `motionTableId`, `soundTableId`, `physicsState`, `translucency`, `currentMotionState`)
VALUES (22475, 'Statue of Enchanter''s Wish', 16, 0, 0, 3, 4, 0, 0, 0, 0, 0, 255, 1048630, 0, 100673831, 0, 0, 0, 255, 0, 0, 0, 0, 0, 0, 0, 0, 0, 0, 32, 3, 0, 0, 0, 0, 0, 0, 0, 0, 0, 33558124, 0.5, 104579, 872415271, 150995147, 536871052, 6292504, 0, 'AAA9AAAAAAA=');

INSERT INTO weenie_class (`weenieClassId`, `baseAceObjectId`)
VALUES (22475, 22475);

INSERT INTO `base_ace_object` (`baseAceObjectId`, `name`, `typeId`, `paletteId`, `ammoType`, `blipColor`, `bitField`, `burden`, `combatUse`, `cooldownDuration`, `cooldownId`, `effects`, `containersCapacity`, `header`, `hookTypeId`, `iconId`, `iconOverlayId`, `iconUnderlayId`, `hookItemTypes`, `itemsCapacity`, `location`, `materialType`, `maxStackSize`, `maxStructure`, `radar`, `pscript`, `spellId`, `stackSize`, `structure`, `targetTypeId`, `usability`, `useRadius`, `validLocations`, `value`, `workmanship`, `animationFrameId`, `defaultScript`, `defaultScriptIntensity`, `elasticity`, `friction`, `locationId`, `modelTableId`, `objectScale`, `physicsBitField`, `physicsTableId`, `motionTableId`, `soundTableId`, `physicsState`, `translucency`, `currentMotionState`)
VALUES (22473, 'Statue of Missile Specialist''s Wish', 16, 0, 0, 3, 4, 0, 0, 0, 0, 0, 255, 1048630, 0, 100673831, 0, 0, 0, 255, 0, 0, 0, 0, 0, 0, 0, 0, 0, 0, 32, 3, 0, 0, 0, 0, 0, 0, 0, 0, 0, 33558124, 0.5, 104579, 872415271, 150995147, 536871052, 6292504, 0, 'AAA9AAAAAAA=');

INSERT INTO weenie_class (`weenieClassId`, `baseAceObjectId`)
VALUES (22473, 22473);

INSERT INTO `base_ace_object` (`baseAceObjectId`, `name`, `typeId`, `paletteId`, `ammoType`, `blipColor`, `bitField`, `burden`, `combatUse`, `cooldownDuration`, `cooldownId`, `effects`, `containersCapacity`, `header`, `hookTypeId`, `iconId`, `iconOverlayId`, `iconUnderlayId`, `hookItemTypes`, `itemsCapacity`, `location`, `materialType`, `maxStackSize`, `maxStructure`, `radar`, `pscript`, `spellId`, `stackSize`, `structure`, `targetTypeId`, `usability`, `useRadius`, `validLocations`, `value`, `workmanship`, `animationFrameId`, `defaultScript`, `defaultScriptIntensity`, `elasticity`, `friction`, `locationId`, `modelTableId`, `objectScale`, `physicsBitField`, `physicsTableId`, `motionTableId`, `soundTableId`, `physicsState`, `translucency`, `currentMotionState`)
VALUES (22482, 'Statue of Leaper''s Wish', 16, 0, 0, 3, 4, 0, 0, 0, 0, 0, 255, 1048630, 0, 100673831, 0, 0, 0, 255, 0, 0, 0, 0, 0, 0, 0, 0, 0, 0, 32, 3, 0, 0, 0, 0, 0, 0, 0, 0, 0, 33558124, 0.5, 104579, 872415271, 150995147, 536871052, 6292504, 0, 'AAA9AAAAAAA=');

INSERT INTO weenie_class (`weenieClassId`, `baseAceObjectId`)
VALUES (22482, 22482);

INSERT INTO `base_ace_object` (`baseAceObjectId`, `name`, `typeId`, `paletteId`, `ammoType`, `blipColor`, `bitField`, `burden`, `combatUse`, `cooldownDuration`, `cooldownId`, `effects`, `containersCapacity`, `header`, `hookTypeId`, `iconId`, `iconOverlayId`, `iconUnderlayId`, `hookItemTypes`, `itemsCapacity`, `location`, `materialType`, `maxStackSize`, `maxStructure`, `radar`, `pscript`, `spellId`, `stackSize`, `structure`, `targetTypeId`, `usability`, `useRadius`, `validLocations`, `value`, `workmanship`, `animationFrameId`, `defaultScript`, `defaultScriptIntensity`, `elasticity`, `friction`, `locationId`, `modelTableId`, `objectScale`, `physicsBitField`, `physicsTableId`, `motionTableId`, `soundTableId`, `physicsState`, `translucency`, `currentMotionState`)
VALUES (22490, 'Statue of Dodge Wishes', 16, 0, 0, 3, 4, 0, 0, 0, 0, 0, 255, 1048630, 0, 100673831, 0, 0, 0, 255, 0, 0, 0, 0, 0, 0, 0, 0, 0, 0, 32, 3, 0, 0, 0, 0, 0, 0, 0, 0, 0, 33558124, 0.5, 104579, 872415271, 150995147, 536871052, 6292504, 0, 'AAA9AAAAAAA=');

INSERT INTO weenie_class (`weenieClassId`, `baseAceObjectId`)
VALUES (22490, 22490);

INSERT INTO `base_ace_object` (`baseAceObjectId`, `name`, `typeId`, `paletteId`, `ammoType`, `blipColor`, `bitField`, `burden`, `combatUse`, `cooldownDuration`, `cooldownId`, `effects`, `containersCapacity`, `header`, `hookTypeId`, `iconId`, `iconOverlayId`, `iconUnderlayId`, `hookItemTypes`, `itemsCapacity`, `location`, `materialType`, `maxStackSize`, `maxStructure`, `radar`, `pscript`, `spellId`, `stackSize`, `structure`, `targetTypeId`, `usability`, `useRadius`, `validLocations`, `value`, `workmanship`, `animationFrameId`, `defaultScript`, `defaultScriptIntensity`, `elasticity`, `friction`, `locationId`, `modelTableId`, `objectScale`, `physicsBitField`, `physicsTableId`, `motionTableId`, `soundTableId`, `physicsState`, `translucency`, `currentMotionState`)
VALUES (22493, 'Statue of Shieldbearer''s Wish', 16, 0, 0, 3, 4, 0, 0, 0, 0, 0, 255, 1048630, 0, 100673831, 0, 0, 0, 255, 0, 0, 0, 0, 0, 0, 0, 0, 0, 0, 32, 3, 0, 0, 0, 0, 0, 0, 0, 0, 0, 33558124, 0.5, 104579, 872415271, 150995147, 536871052, 6292504, 0, 'AAA9AAAAAAA=');

INSERT INTO weenie_class (`weenieClassId`, `baseAceObjectId`)
VALUES (22493, 22493);

INSERT INTO `base_ace_object` (`baseAceObjectId`, `name`, `typeId`, `paletteId`, `ammoType`, `blipColor`, `bitField`, `burden`, `combatUse`, `cooldownDuration`, `cooldownId`, `effects`, `containersCapacity`, `header`, `hookTypeId`, `iconId`, `iconOverlayId`, `iconUnderlayId`, `hookItemTypes`, `itemsCapacity`, `location`, `materialType`, `maxStackSize`, `maxStructure`, `radar`, `pscript`, `spellId`, `stackSize`, `structure`, `targetTypeId`, `usability`, `useRadius`, `validLocations`, `value`, `workmanship`, `animationFrameId`, `defaultScript`, `defaultScriptIntensity`, `elasticity`, `friction`, `locationId`, `modelTableId`, `objectScale`, `physicsBitField`, `physicsTableId`, `motionTableId`, `soundTableId`, `physicsState`, `translucency`, `currentMotionState`)
VALUES (22478, 'Statue of Fletcher''s Dreams', 16, 0, 0, 3, 4, 0, 0, 0, 0, 0, 255, 1048630, 0, 100673831, 0, 0, 0, 255, 0, 0, 0, 0, 0, 0, 0, 0, 0, 0, 32, 3, 0, 0, 0, 0, 0, 0, 0, 0, 0, 33558124, 0.5, 104579, 872415271, 150995147, 536871052, 6292504, 0, 'AAA9AAAAAAA=');

INSERT INTO weenie_class (`weenieClassId`, `baseAceObjectId`)
VALUES (22478, 22478);

INSERT INTO `base_ace_object` (`baseAceObjectId`, `name`, `typeId`, `paletteId`, `ammoType`, `blipColor`, `bitField`, `burden`, `combatUse`, `cooldownDuration`, `cooldownId`, `effects`, `containersCapacity`, `header`, `hookTypeId`, `iconId`, `iconOverlayId`, `iconUnderlayId`, `hookItemTypes`, `itemsCapacity`, `location`, `materialType`, `maxStackSize`, `maxStructure`, `radar`, `pscript`, `spellId`, `stackSize`, `structure`, `targetTypeId`, `usability`, `useRadius`, `validLocations`, `value`, `workmanship`, `animationFrameId`, `defaultScript`, `defaultScriptIntensity`, `elasticity`, `friction`, `locationId`, `modelTableId`, `objectScale`, `physicsBitField`, `physicsTableId`, `motionTableId`, `soundTableId`, `physicsState`, `translucency`, `currentMotionState`)
VALUES (22488, 'Statue of Archmage''s Wish', 16, 0, 0, 3, 4, 0, 0, 0, 0, 0, 255, 1048630, 0, 100673831, 0, 0, 0, 255, 0, 0, 0, 0, 0, 0, 0, 0, 0, 0, 32, 3, 0, 0, 0, 0, 0, 0, 0, 0, 0, 33558124, 0.5, 104579, 872415271, 150995147, 536871052, 6292504, 0, 'AAA9AAAAAAA=');

INSERT INTO weenie_class (`weenieClassId`, `baseAceObjectId`)
VALUES (22488, 22488);

INSERT INTO `base_ace_object` (`baseAceObjectId`, `name`, `typeId`, `paletteId`, `ammoType`, `blipColor`, `bitField`, `burden`, `combatUse`, `cooldownDuration`, `cooldownId`, `effects`, `containersCapacity`, `header`, `hookTypeId`, `iconId`, `iconOverlayId`, `iconUnderlayId`, `hookItemTypes`, `itemsCapacity`, `location`, `materialType`, `maxStackSize`, `maxStructure`, `radar`, `pscript`, `spellId`, `stackSize`, `structure`, `targetTypeId`, `usability`, `useRadius`, `validLocations`, `value`, `workmanship`, `animationFrameId`, `defaultScript`, `defaultScriptIntensity`, `elasticity`, `friction`, `locationId`, `modelTableId`, `objectScale`, `physicsBitField`, `physicsTableId`, `motionTableId`, `soundTableId`, `physicsState`, `translucency`, `currentMotionState`)
VALUES (22472, 'Statue of Light Duelist''s Wish', 16, 0, 0, 3, 4, 0, 0, 0, 0, 0, 255, 1048630, 0, 100673831, 0, 0, 0, 255, 0, 0, 0, 0, 0, 0, 0, 0, 0, 0, 32, 3, 0, 0, 0, 0, 0, 0, 0, 0, 0, 33558124, 0.5, 104579, 872415271, 150995147, 536871052, 6292504, 0, 'AAA9AAAAAAA=');

INSERT INTO weenie_class (`weenieClassId`, `baseAceObjectId`)
VALUES (22472, 22472);

INSERT INTO `base_ace_object` (`baseAceObjectId`, `name`, `typeId`, `paletteId`, `ammoType`, `blipColor`, `bitField`, `burden`, `combatUse`, `cooldownDuration`, `cooldownId`, `effects`, `containersCapacity`, `header`, `hookTypeId`, `iconId`, `iconOverlayId`, `iconUnderlayId`, `hookItemTypes`, `itemsCapacity`, `location`, `materialType`, `maxStackSize`, `maxStructure`, `radar`, `pscript`, `spellId`, `stackSize`, `structure`, `targetTypeId`, `usability`, `useRadius`, `validLocations`, `value`, `workmanship`, `animationFrameId`, `defaultScript`, `defaultScriptIntensity`, `elasticity`, `friction`, `locationId`, `modelTableId`, `objectScale`, `physicsBitField`, `physicsTableId`, `motionTableId`, `soundTableId`, `physicsState`, `translucency`, `currentMotionState`)
VALUES (22494, 'Statue of Cleaving Warrior''s Wish', 16, 0, 0, 3, 4, 0, 0, 0, 0, 0, 255, 1048630, 0, 100673831, 0, 0, 0, 255, 0, 0, 0, 0, 0, 0, 0, 0, 0, 0, 32, 3, 0, 0, 0, 0, 0, 0, 0, 0, 0, 33558124, 0.5, 104579, 872415271, 150995147, 536871052, 6292504, 0, 'AAA9AAAAAAA=');

INSERT INTO weenie_class (`weenieClassId`, `baseAceObjectId`)
VALUES (22494, 22494);

INSERT INTO `base_ace_object` (`baseAceObjectId`, `name`, `typeId`, `paletteId`, `ammoType`, `blipColor`, `bitField`, `burden`, `combatUse`, `cooldownDuration`, `cooldownId`, `effects`, `containersCapacity`, `header`, `hookTypeId`, `iconId`, `iconOverlayId`, `iconUnderlayId`, `hookItemTypes`, `itemsCapacity`, `location`, `materialType`, `maxStackSize`, `maxStructure`, `radar`, `pscript`, `spellId`, `stackSize`, `structure`, `targetTypeId`, `usability`, `useRadius`, `validLocations`, `value`, `workmanship`, `animationFrameId`, `defaultScript`, `defaultScriptIntensity`, `elasticity`, `friction`, `locationId`, `modelTableId`, `objectScale`, `physicsBitField`, `physicsTableId`, `motionTableId`, `soundTableId`, `physicsState`, `translucency`, `currentMotionState`)
VALUES (22489, 'Statue of Evasive Wishes', 16, 0, 0, 3, 4, 0, 0, 0, 0, 0, 255, 1048630, 0, 100673831, 0, 0, 0, 255, 0, 0, 0, 0, 0, 0, 0, 0, 0, 0, 32, 3, 0, 0, 0, 0, 0, 0, 0, 0, 0, 33558124, 0.5, 104579, 872415271, 150995147, 536871052, 6292504, 0, 'AAA9AAAAAAA=');

INSERT INTO weenie_class (`weenieClassId`, `baseAceObjectId`)
VALUES (22489, 22489);

INSERT INTO `base_ace_object` (`baseAceObjectId`, `name`, `typeId`, `paletteId`, `ammoType`, `blipColor`, `bitField`, `burden`, `combatUse`, `cooldownDuration`, `cooldownId`, `effects`, `containersCapacity`, `header`, `hookTypeId`, `iconId`, `iconOverlayId`, `iconUnderlayId`, `hookItemTypes`, `itemsCapacity`, `location`, `materialType`, `maxStackSize`, `maxStructure`, `radar`, `pscript`, `spellId`, `stackSize`, `structure`, `targetTypeId`, `usability`, `useRadius`, `validLocations`, `value`, `workmanship`, `animationFrameId`, `defaultScript`, `defaultScriptIntensity`, `elasticity`, `friction`, `locationId`, `modelTableId`, `objectScale`, `physicsBitField`, `physicsTableId`, `motionTableId`, `soundTableId`, `physicsState`, `translucency`, `currentMotionState`)
VALUES (22476, 'Statue of Stealther''s Wish', 16, 0, 0, 3, 4, 0, 0, 0, 0, 0, 255, 1048630, 0, 100673831, 0, 0, 0, 255, 0, 0, 0, 0, 0, 0, 0, 0, 0, 0, 32, 3, 0, 0, 0, 0, 0, 0, 0, 0, 0, 33558124, 0.5, 104579, 872415271, 150995147, 536871052, 6292504, 0, 'AAA9AAAAAAA=');

INSERT INTO weenie_class (`weenieClassId`, `baseAceObjectId`)
VALUES (22476, 22476);

INSERT INTO `base_ace_object` (`baseAceObjectId`, `name`, `typeId`, `paletteId`, `ammoType`, `blipColor`, `bitField`, `burden`, `combatUse`, `cooldownDuration`, `cooldownId`, `effects`, `containersCapacity`, `header`, `hookTypeId`, `iconId`, `iconOverlayId`, `iconUnderlayId`, `hookItemTypes`, `itemsCapacity`, `location`, `materialType`, `maxStackSize`, `maxStructure`, `radar`, `pscript`, `spellId`, `stackSize`, `structure`, `targetTypeId`, `usability`, `useRadius`, `validLocations`, `value`, `workmanship`, `animationFrameId`, `defaultScript`, `defaultScriptIntensity`, `elasticity`, `friction`, `locationId`, `modelTableId`, `objectScale`, `physicsBitField`, `physicsTableId`, `motionTableId`, `soundTableId`, `physicsState`, `translucency`, `currentMotionState`)
VALUES (22470, 'Statue of Armor Tinker''s Wish', 16, 0, 0, 3, 4, 0, 0, 0, 0, 0, 255, 1048630, 0, 100673831, 0, 0, 0, 255, 0, 0, 0, 0, 0, 0, 0, 0, 0, 0, 32, 3, 0, 0, 0, 0, 0, 0, 0, 0, 0, 33558124, 0.5, 104579, 872415271, 150995147, 536871052, 6292504, 0, 'AAA9AAAAAAA=');

INSERT INTO weenie_class (`weenieClassId`, `baseAceObjectId`)
VALUES (22470, 22470);

INSERT INTO `base_ace_object` (`baseAceObjectId`, `name`, `typeId`, `paletteId`, `ammoType`, `blipColor`, `bitField`, `burden`, `combatUse`, `cooldownDuration`, `cooldownId`, `effects`, `containersCapacity`, `header`, `hookTypeId`, `iconId`, `iconOverlayId`, `iconUnderlayId`, `hookItemTypes`, `itemsCapacity`, `location`, `materialType`, `maxStackSize`, `maxStructure`, `radar`, `pscript`, `spellId`, `stackSize`, `structure`, `targetTypeId`, `usability`, `useRadius`, `validLocations`, `value`, `workmanship`, `animationFrameId`, `defaultScript`, `defaultScriptIntensity`, `elasticity`, `friction`, `locationId`, `modelTableId`, `objectScale`, `physicsBitField`, `physicsTableId`, `motionTableId`, `soundTableId`, `physicsState`, `translucency`, `currentMotionState`)
VALUES (22496, 'Statue of Dirty Fighter''s Wish', 16, 0, 0, 3, 4, 0, 0, 0, 0, 0, 255, 1048630, 0, 100673831, 0, 0, 0, 255, 0, 0, 0, 0, 0, 0, 0, 0, 0, 0, 32, 3, 0, 0, 0, 0, 0, 0, 0, 0, 0, 33558124, 0.5, 104579, 872415271, 150995147, 536871052, 6292504, 0, 'AAA9AAAAAAA=');

INSERT INTO weenie_class (`weenieClassId`, `baseAceObjectId`)
VALUES (22496, 22496);

INSERT INTO `base_ace_object` (`baseAceObjectId`, `name`, `typeId`, `paletteId`, `ammoType`, `blipColor`, `bitField`, `burden`, `combatUse`, `cooldownDuration`, `cooldownId`, `effects`, `containersCapacity`, `header`, `hookTypeId`, `iconId`, `iconOverlayId`, `iconUnderlayId`, `hookItemTypes`, `itemsCapacity`, `location`, `materialType`, `maxStackSize`, `maxStructure`, `radar`, `pscript`, `spellId`, `stackSize`, `structure`, `targetTypeId`, `usability`, `useRadius`, `validLocations`, `value`, `workmanship`, `animationFrameId`, `defaultScript`, `defaultScriptIntensity`, `elasticity`, `friction`, `locationId`, `modelTableId`, `objectScale`, `physicsBitField`, `physicsTableId`, `motionTableId`, `soundTableId`, `physicsState`, `translucency`, `currentMotionState`)
VALUES (22477, 'Statue of Swift Duelist''s Wish', 16, 0, 0, 3, 4, 0, 0, 0, 0, 0, 255, 1048630, 0, 100673831, 0, 0, 0, 255, 0, 0, 0, 0, 0, 0, 0, 0, 0, 0, 32, 3, 0, 0, 0, 0, 0, 0, 0, 0, 0, 33558124, 0.5, 104579, 872415271, 150995147, 536871052, 6292504, 0, 'AAA9AAAAAAA=');

INSERT INTO weenie_class (`weenieClassId`, `baseAceObjectId`)
VALUES (22477, 22477);

INSERT INTO `base_ace_object` (`baseAceObjectId`, `name`, `typeId`, `paletteId`, `ammoType`, `blipColor`, `bitField`, `burden`, `combatUse`, `cooldownDuration`, `cooldownId`, `effects`, `containersCapacity`, `header`, `hookTypeId`, `iconId`, `iconOverlayId`, `iconUnderlayId`, `hookItemTypes`, `itemsCapacity`, `location`, `materialType`, `maxStackSize`, `maxStructure`, `radar`, `pscript`, `spellId`, `stackSize`, `structure`, `targetTypeId`, `usability`, `useRadius`, `validLocations`, `value`, `workmanship`, `animationFrameId`, `defaultScript`, `defaultScriptIntensity`, `elasticity`, `friction`, `locationId`, `modelTableId`, `objectScale`, `physicsBitField`, `physicsTableId`, `motionTableId`, `soundTableId`, `physicsState`, `translucency`, `currentMotionState`)
VALUES (45522, 'Statue of Void Caster''s Wish', 16, 0, 0, 3, 4, 0, 0, 0, 0, 0, 255, 1048630, 0, 100673831, 0, 0, 0, 255, 0, 0, 0, 0, 0, 0, 0, 0, 0, 0, 32, 3, 0, 0, 0, 0, 0, 0, 0, 0, 0, 33558124, 0.5, 104579, 872415271, 150995147, 536871052, 6292504, 0, 'AAA9AAAAAAA=');

INSERT INTO weenie_class (`weenieClassId`, `baseAceObjectId`)
VALUES (45522, 45522);

INSERT INTO `base_ace_object` (`baseAceObjectId`, `name`, `typeId`, `paletteId`, `ammoType`, `blipColor`, `bitField`, `burden`, `combatUse`, `cooldownDuration`, `cooldownId`, `effects`, `containersCapacity`, `header`, `hookTypeId`, `iconId`, `iconOverlayId`, `iconUnderlayId`, `hookItemTypes`, `itemsCapacity`, `location`, `materialType`, `maxStackSize`, `maxStructure`, `radar`, `pscript`, `spellId`, `stackSize`, `structure`, `targetTypeId`, `usability`, `useRadius`, `validLocations`, `value`, `workmanship`, `animationFrameId`, `defaultScript`, `defaultScriptIntensity`, `elasticity`, `friction`, `locationId`, `modelTableId`, `objectScale`, `physicsBitField`, `physicsTableId`, `motionTableId`, `soundTableId`, `physicsState`, `translucency`, `currentMotionState`)
VALUES (22471, 'Statue of Berzerker''s Wish', 16, 0, 0, 3, 4, 0, 0, 0, 0, 0, 255, 1048630, 0, 100673831, 0, 0, 0, 255, 0, 0, 0, 0, 0, 0, 0, 0, 0, 0, 32, 3, 0, 0, 0, 0, 0, 0, 0, 0, 0, 33558124, 0.5, 104579, 872415271, 150995147, 536871052, 6292504, 0, 'AAA9AAAAAAA=');

INSERT INTO weenie_class (`weenieClassId`, `baseAceObjectId`)
VALUES (22471, 22471);

INSERT INTO `base_ace_object` (`baseAceObjectId`, `name`, `typeId`, `paletteId`, `ammoType`, `blipColor`, `bitField`, `burden`, `combatUse`, `cooldownDuration`, `cooldownId`, `effects`, `containersCapacity`, `header`, `hookTypeId`, `iconId`, `iconOverlayId`, `iconUnderlayId`, `hookItemTypes`, `itemsCapacity`, `location`, `materialType`, `maxStackSize`, `maxStructure`, `radar`, `pscript`, `spellId`, `stackSize`, `structure`, `targetTypeId`, `usability`, `useRadius`, `validLocations`, `value`, `workmanship`, `animationFrameId`, `defaultScript`, `defaultScriptIntensity`, `elasticity`, `friction`, `locationId`, `modelTableId`, `objectScale`, `physicsBitField`, `physicsTableId`, `motionTableId`, `soundTableId`, `physicsState`, `translucency`, `currentMotionState`)
VALUES (22497, 'Statue of Sorcerer''s Wish', 16, 0, 0, 3, 4, 0, 0, 0, 0, 0, 255, 1048630, 0, 100673831, 0, 0, 0, 255, 0, 0, 0, 0, 0, 0, 0, 0, 0, 0, 32, 3, 0, 0, 0, 0, 0, 0, 0, 0, 0, 33558124, 0.5, 104579, 872415271, 150995147, 536871052, 6292504, 0, 'AAA9AAAAAAA=');

INSERT INTO weenie_class (`weenieClassId`, `baseAceObjectId`)
VALUES (22497, 22497);

INSERT INTO `base_ace_object` (`baseAceObjectId`, `name`, `typeId`, `paletteId`, `ammoType`, `blipColor`, `bitField`, `burden`, `combatUse`, `cooldownDuration`, `cooldownId`, `effects`, `containersCapacity`, `header`, `hookTypeId`, `iconId`, `iconOverlayId`, `iconUnderlayId`, `hookItemTypes`, `itemsCapacity`, `location`, `materialType`, `maxStackSize`, `maxStructure`, `radar`, `pscript`, `spellId`, `stackSize`, `structure`, `targetTypeId`, `usability`, `useRadius`, `validLocations`, `value`, `workmanship`, `animationFrameId`, `defaultScript`, `defaultScriptIntensity`, `elasticity`, `friction`, `locationId`, `modelTableId`, `objectScale`, `physicsBitField`, `physicsTableId`, `motionTableId`, `soundTableId`, `physicsState`, `translucency`, `currentMotionState`)
VALUES (22469, 'Statue of Scholarly Wishes', 16, 0, 0, 3, 4, 0, 0, 0, 0, 0, 255, 1048630, 0, 100673831, 0, 0, 0, 255, 0, 0, 0, 0, 0, 0, 0, 0, 0, 0, 32, 3, 0, 0, 0, 0, 0, 0, 0, 0, 0, 33558124, 0.5, 104579, 872415271, 150995147, 536871052, 6292504, 0, 'AAA9AAAAAAA=');

INSERT INTO weenie_class (`weenieClassId`, `baseAceObjectId`)
VALUES (22469, 22469);

INSERT INTO `base_ace_object` (`baseAceObjectId`, `name`, `typeId`, `paletteId`, `ammoType`, `blipColor`, `bitField`, `burden`, `combatUse`, `cooldownDuration`, `cooldownId`, `effects`, `containersCapacity`, `header`, `hookTypeId`, `iconId`, `iconOverlayId`, `iconUnderlayId`, `hookItemTypes`, `itemsCapacity`, `location`, `materialType`, `maxStackSize`, `maxStructure`, `radar`, `pscript`, `spellId`, `stackSize`, `structure`, `targetTypeId`, `usability`, `useRadius`, `validLocations`, `value`, `workmanship`, `animationFrameId`, `defaultScript`, `defaultScriptIntensity`, `elasticity`, `friction`, `locationId`, `modelTableId`, `objectScale`, `physicsBitField`, `physicsTableId`, `motionTableId`, `soundTableId`, `physicsState`, `translucency`, `currentMotionState`)
VALUES (22483, 'Statue of Life Giver''s Wish', 16, 0, 0, 3, 4, 0, 0, 0, 0, 0, 255, 1048630, 0, 100673831, 0, 0, 0, 255, 0, 0, 0, 0, 0, 0, 0, 0, 0, 0, 32, 3, 0, 0, 0, 0, 0, 0, 0, 0, 0, 33558124, 0.5, 104579, 872415271, 150995147, 536871052, 6292504, 0, 'AAA9AAAAAAA=');

INSERT INTO weenie_class (`weenieClassId`, `baseAceObjectId`)
VALUES (22483, 22483);

INSERT INTO `base_ace_object` (`baseAceObjectId`, `name`, `typeId`, `paletteId`, `ammoType`, `blipColor`, `bitField`, `burden`, `combatUse`, `cooldownDuration`, `cooldownId`, `effects`, `containersCapacity`, `header`, `hookTypeId`, `iconId`, `iconOverlayId`, `iconUnderlayId`, `hookItemTypes`, `itemsCapacity`, `location`, `materialType`, `maxStackSize`, `maxStructure`, `radar`, `pscript`, `spellId`, `stackSize`, `structure`, `targetTypeId`, `usability`, `useRadius`, `validLocations`, `value`, `workmanship`, `animationFrameId`, `defaultScript`, `defaultScriptIntensity`, `elasticity`, `friction`, `locationId`, `modelTableId`, `objectScale`, `physicsBitField`, `physicsTableId`, `motionTableId`, `soundTableId`, `physicsState`, `translucency`, `currentMotionState`)
VALUES (22495, 'Statue of Heavy Soldier''s Wish', 16, 0, 0, 3, 4, 0, 0, 0, 0, 0, 255, 1048630, 0, 100673831, 0, 0, 0, 255, 0, 0, 0, 0, 0, 0, 0, 0, 0, 0, 32, 3, 0, 0, 0, 0, 0, 0, 0, 0, 0, 33558124, 0.5, 104579, 872415271, 150995147, 536871052, 6292504, 0, 'AAA9AAAAAAA=');

INSERT INTO weenie_class (`weenieClassId`, `baseAceObjectId`)
VALUES (22495, 22495);

INSERT INTO `base_ace_object` (`baseAceObjectId`, `name`, `typeId`, `paletteId`, `ammoType`, `blipColor`, `bitField`, `burden`, `combatUse`, `cooldownDuration`, `cooldownId`, `effects`, `containersCapacity`, `header`, `hookTypeId`, `iconId`, `iconOverlayId`, `iconUnderlayId`, `hookItemTypes`, `itemsCapacity`, `location`, `materialType`, `maxStackSize`, `maxStructure`, `radar`, `pscript`, `spellId`, `stackSize`, `structure`, `targetTypeId`, `usability`, `useRadius`, `validLocations`, `value`, `workmanship`, `animationFrameId`, `defaultScript`, `defaultScriptIntensity`, `elasticity`, `friction`, `locationId`, `modelTableId`, `objectScale`, `physicsBitField`, `physicsTableId`, `motionTableId`, `soundTableId`, `physicsState`, `translucency`, `currentMotionState`)
VALUES (22468, 'Statue of Alchemical Wishes', 16, 0, 0, 3, 4, 0, 0, 0, 0, 0, 255, 1048630, 0, 100673831, 0, 0, 0, 255, 0, 0, 0, 0, 0, 0, 0, 0, 0, 0, 32, 3, 0, 0, 0, 0, 0, 0, 0, 0, 0, 33558124, 0.5, 104579, 872415271, 150995147, 536871052, 6292504, 0, 'AAA9AAAAAAA=');

INSERT INTO weenie_class (`weenieClassId`, `baseAceObjectId`)
VALUES (22468, 22468);

INSERT INTO `base_ace_object` (`baseAceObjectId`, `name`, `typeId`, `paletteId`, `ammoType`, `blipColor`, `bitField`, `burden`, `combatUse`, `cooldownDuration`, `cooldownId`, `effects`, `containersCapacity`, `header`, `hookTypeId`, `iconId`, `iconOverlayId`, `iconUnderlayId`, `hookItemTypes`, `itemsCapacity`, `location`, `materialType`, `maxStackSize`, `maxStructure`, `radar`, `pscript`, `spellId`, `stackSize`, `structure`, `targetTypeId`, `usability`, `useRadius`, `validLocations`, `value`, `workmanship`, `animationFrameId`, `defaultScript`, `defaultScriptIntensity`, `elasticity`, `friction`, `locationId`, `modelTableId`, `objectScale`, `physicsBitField`, `physicsTableId`, `motionTableId`, `soundTableId`, `physicsState`, `translucency`, `currentMotionState`)
VALUES (22498, 'Statue of Weapon Tinker''s Wish', 16, 0, 0, 3, 4, 0, 0, 0, 0, 0, 255, 1048630, 0, 100673831, 0, 0, 0, 255, 0, 0, 0, 0, 0, 0, 0, 0, 0, 0, 32, 3, 0, 0, 0, 0, 0, 0, 0, 0, 0, 33558124, 0.5, 104579, 872415271, 150995147, 536871052, 6292504, 0, 'AAA9AAAAAAA=');

INSERT INTO weenie_class (`weenieClassId`, `baseAceObjectId`)
VALUES (22498, 22498);

INSERT INTO `base_ace_object` (`baseAceObjectId`, `name`, `typeId`, `paletteId`, `ammoType`, `blipColor`, `bitField`, `burden`, `combatUse`, `cooldownDuration`, `cooldownId`, `effects`, `containersCapacity`, `header`, `hookTypeId`, `iconId`, `iconOverlayId`, `iconUnderlayId`, `hookItemTypes`, `itemsCapacity`, `location`, `materialType`, `maxStackSize`, `maxStructure`, `radar`, `pscript`, `spellId`, `stackSize`, `structure`, `targetTypeId`, `usability`, `useRadius`, `validLocations`, `value`, `workmanship`, `animationFrameId`, `defaultScript`, `defaultScriptIntensity`, `elasticity`, `friction`, `locationId`, `modelTableId`, `objectScale`, `physicsBitField`, `physicsTableId`, `motionTableId`, `soundTableId`, `physicsState`, `translucency`, `currentMotionState`)
VALUES (44075, 'Cavern', 16, 0, 0, 4, 4, 0, 0, 0, 0, 0, 255, 9437238, 0, 100667499, 0, 0, 0, 255, 0, 0, 0, 0, 4, 0, 0, 0, 0, 0, 32, 0.1, 0, 0, 0, 0, 0, 0, 0, 0, 0, 33554867, 0, 100355, 0, 150994947, 536870932, 6294556, 0, 'AAA9AAAAAAA=');

INSERT INTO weenie_class (`weenieClassId`, `baseAceObjectId`)
VALUES (44075, 44075);

INSERT INTO `base_ace_object` (`baseAceObjectId`, `name`, `typeId`, `paletteId`, `ammoType`, `blipColor`, `bitField`, `burden`, `combatUse`, `cooldownDuration`, `cooldownId`, `effects`, `containersCapacity`, `header`, `hookTypeId`, `iconId`, `iconOverlayId`, `iconUnderlayId`, `hookItemTypes`, `itemsCapacity`, `location`, `materialType`, `maxStackSize`, `maxStructure`, `radar`, `pscript`, `spellId`, `stackSize`, `structure`, `targetTypeId`, `usability`, `useRadius`, `validLocations`, `value`, `workmanship`, `animationFrameId`, `defaultScript`, `defaultScriptIntensity`, `elasticity`, `friction`, `locationId`, `modelTableId`, `objectScale`, `physicsBitField`, `physicsTableId`, `motionTableId`, `soundTableId`, `physicsState`, `translucency`, `currentMotionState`)
VALUES (24067, 'Sword of Frozen Fury', 16, 0, 0, 3, 4, 0, 0, 0, 0, 0, 255, 1048630, 0, 100674252, 0, 0, 0, 255, 0, 0, 0, 0, 0, 0, 0, 0, 0, 0, 32, 3, 0, 0, 0, 0, 0, 0, 0, 0, 0, 33558263, 0, 100355, 0, 150995233, 536870932, 6292504, 0, 'AAA9AAAAAAA=');

INSERT INTO weenie_class (`weenieClassId`, `baseAceObjectId`)
VALUES (24067, 24067);

INSERT INTO `base_ace_object` (`baseAceObjectId`, `name`, `typeId`, `paletteId`, `ammoType`, `blipColor`, `bitField`, `burden`, `combatUse`, `cooldownDuration`, `cooldownId`, `effects`, `containersCapacity`, `header`, `hookTypeId`, `iconId`, `iconOverlayId`, `iconUnderlayId`, `hookItemTypes`, `itemsCapacity`, `location`, `materialType`, `maxStackSize`, `maxStructure`, `radar`, `pscript`, `spellId`, `stackSize`, `structure`, `targetTypeId`, `usability`, `useRadius`, `validLocations`, `value`, `workmanship`, `animationFrameId`, `defaultScript`, `defaultScriptIntensity`, `elasticity`, `friction`, `locationId`, `modelTableId`, `objectScale`, `physicsBitField`, `physicsTableId`, `motionTableId`, `soundTableId`, `physicsState`, `translucency`, `currentMotionState`)
VALUES (32453, 'Armor Tinkering Warden of Enlightenment', 16, 0, 0, 3, 4, 0, 0, 0, 0, 0, 255, 1048630, 0, 100667624, 0, 0, 0, 255, 0, 0, 0, 0, 0, 0, 0, 0, 0, 0, 32, 3, 0, 0, 0, 0, 0, 0, 0, 0, 0, 33555352, 0.5, 104579, 872415274, 150995147, 536871052, 6292504, 0, 'AAA9AAAAAAA=');

INSERT INTO weenie_class (`weenieClassId`, `baseAceObjectId`)
VALUES (32453, 32453);

INSERT INTO `base_ace_object` (`baseAceObjectId`, `name`, `typeId`, `paletteId`, `ammoType`, `blipColor`, `bitField`, `burden`, `combatUse`, `cooldownDuration`, `cooldownId`, `effects`, `containersCapacity`, `header`, `hookTypeId`, `iconId`, `iconOverlayId`, `iconUnderlayId`, `hookItemTypes`, `itemsCapacity`, `location`, `materialType`, `maxStackSize`, `maxStructure`, `radar`, `pscript`, `spellId`, `stackSize`, `structure`, `targetTypeId`, `usability`, `useRadius`, `validLocations`, `value`, `workmanship`, `animationFrameId`, `defaultScript`, `defaultScriptIntensity`, `elasticity`, `friction`, `locationId`, `modelTableId`, `objectScale`, `physicsBitField`, `physicsTableId`, `motionTableId`, `soundTableId`, `physicsState`, `translucency`, `currentMotionState`)
VALUES (32442, 'Assess Person Warden of Enlightenment', 16, 0, 0, 3, 4, 0, 0, 0, 0, 0, 255, 1048630, 0, 100667624, 0, 0, 0, 255, 0, 0, 0, 0, 0, 0, 0, 0, 0, 0, 32, 3, 0, 0, 0, 0, 0, 0, 0, 0, 0, 33555352, 0.5, 104579, 872415274, 150995147, 536871052, 6292504, 0, 'AAA9AAAAAAA=');

INSERT INTO weenie_class (`weenieClassId`, `baseAceObjectId`)
VALUES (32442, 32442);

INSERT INTO `base_ace_object` (`baseAceObjectId`, `name`, `typeId`, `paletteId`, `ammoType`, `blipColor`, `bitField`, `burden`, `combatUse`, `cooldownDuration`, `cooldownId`, `effects`, `containersCapacity`, `header`, `hookTypeId`, `iconId`, `iconOverlayId`, `iconUnderlayId`, `hookItemTypes`, `itemsCapacity`, `location`, `materialType`, `maxStackSize`, `maxStructure`, `radar`, `pscript`, `spellId`, `stackSize`, `structure`, `targetTypeId`, `usability`, `useRadius`, `validLocations`, `value`, `workmanship`, `animationFrameId`, `defaultScript`, `defaultScriptIntensity`, `elasticity`, `friction`, `locationId`, `modelTableId`, `objectScale`, `physicsBitField`, `physicsTableId`, `motionTableId`, `soundTableId`, `physicsState`, `translucency`, `currentMotionState`)
VALUES (32464, 'Item Tinkering Warden of Enlightenment', 16, 0, 0, 3, 4, 0, 0, 0, 0, 0, 255, 1048630, 0, 100667624, 0, 0, 0, 255, 0, 0, 0, 0, 0, 0, 0, 0, 0, 0, 32, 3, 0, 0, 0, 0, 0, 0, 0, 0, 0, 33555352, 0.5, 104579, 872415274, 150995147, 536871052, 6292504, 0, 'AAA9AAAAAAA=');

INSERT INTO weenie_class (`weenieClassId`, `baseAceObjectId`)
VALUES (32464, 32464);

INSERT INTO `base_ace_object` (`baseAceObjectId`, `name`, `typeId`, `paletteId`, `ammoType`, `blipColor`, `bitField`, `burden`, `combatUse`, `cooldownDuration`, `cooldownId`, `effects`, `containersCapacity`, `header`, `hookTypeId`, `iconId`, `iconOverlayId`, `iconUnderlayId`, `hookItemTypes`, `itemsCapacity`, `location`, `materialType`, `maxStackSize`, `maxStructure`, `radar`, `pscript`, `spellId`, `stackSize`, `structure`, `targetTypeId`, `usability`, `useRadius`, `validLocations`, `value`, `workmanship`, `animationFrameId`, `defaultScript`, `defaultScriptIntensity`, `elasticity`, `friction`, `locationId`, `modelTableId`, `objectScale`, `physicsBitField`, `physicsTableId`, `motionTableId`, `soundTableId`, `physicsState`, `translucency`, `currentMotionState`)
VALUES (32466, 'Jump Warden of Enlightenment', 16, 0, 0, 3, 4, 0, 0, 0, 0, 0, 255, 1048630, 0, 100667624, 0, 0, 0, 255, 0, 0, 0, 0, 0, 0, 0, 0, 0, 0, 32, 3, 0, 0, 0, 0, 0, 0, 0, 0, 0, 33555352, 0.5, 104579, 872415274, 150995147, 536871052, 6292504, 0, 'AAA9AAAAAAA=');

INSERT INTO weenie_class (`weenieClassId`, `baseAceObjectId`)
VALUES (32466, 32466);

INSERT INTO `base_ace_object` (`baseAceObjectId`, `name`, `typeId`, `paletteId`, `ammoType`, `blipColor`, `bitField`, `burden`, `combatUse`, `cooldownDuration`, `cooldownId`, `effects`, `containersCapacity`, `header`, `hookTypeId`, `iconId`, `iconOverlayId`, `iconUnderlayId`, `hookItemTypes`, `itemsCapacity`, `location`, `materialType`, `maxStackSize`, `maxStructure`, `radar`, `pscript`, `spellId`, `stackSize`, `structure`, `targetTypeId`, `usability`, `useRadius`, `validLocations`, `value`, `workmanship`, `animationFrameId`, `defaultScript`, `defaultScriptIntensity`, `elasticity`, `friction`, `locationId`, `modelTableId`, `objectScale`, `physicsBitField`, `physicsTableId`, `motionTableId`, `soundTableId`, `physicsState`, `translucency`, `currentMotionState`)
VALUES (32446, 'Heavy Weapons Warden of Enlightenment', 16, 0, 0, 3, 4, 0, 0, 0, 0, 0, 255, 1048630, 0, 100667624, 0, 0, 0, 255, 0, 0, 0, 0, 0, 0, 0, 0, 0, 0, 32, 3, 0, 0, 0, 0, 0, 0, 0, 0, 0, 33555352, 0.5, 104579, 872415274, 150995147, 536871052, 6292504, 0, 'AAA9AAAAAAA=');

INSERT INTO weenie_class (`weenieClassId`, `baseAceObjectId`)
VALUES (32446, 32446);

INSERT INTO `base_ace_object` (`baseAceObjectId`, `name`, `typeId`, `paletteId`, `ammoType`, `blipColor`, `bitField`, `burden`, `combatUse`, `cooldownDuration`, `cooldownId`, `effects`, `containersCapacity`, `header`, `hookTypeId`, `iconId`, `iconOverlayId`, `iconUnderlayId`, `hookItemTypes`, `itemsCapacity`, `location`, `materialType`, `maxStackSize`, `maxStructure`, `radar`, `pscript`, `spellId`, `stackSize`, `structure`, `targetTypeId`, `usability`, `useRadius`, `validLocations`, `value`, `workmanship`, `animationFrameId`, `defaultScript`, `defaultScriptIntensity`, `elasticity`, `friction`, `locationId`, `modelTableId`, `objectScale`, `physicsBitField`, `physicsTableId`, `motionTableId`, `soundTableId`, `physicsState`, `translucency`, `currentMotionState`)
VALUES (35273, 'Tower Guardian', 16, 0, 0, 0, 20, 0, 0, 0, 0, 0, 255, 8388630, 0, 100674350, 0, 0, 0, 255, 0, 0, 0, 0, 2, 0, 0, 0, 0, 0, 1, 0, 0, 0, 0, 0, 0, 0, 0, 0, 0, 33560279, 3, 104643, 872415269, 150995334, 536870933, 1032, 0, 'AAA9AAAAAAA=');

INSERT INTO weenie_class (`weenieClassId`, `baseAceObjectId`)
VALUES (35273, 35273);

INSERT INTO `weenie_texture_map_changes` (`weenieClassId`, `index`, `oldId`, `newId`)
VALUES (35273, 0, 83894477, 83892492)
     , (35273, 0, 83894478, 83892492)
     , (35273, 5, 83894490, 83892492)
     , (35273, 1, 83894490, 83892492)
     , (35273, 6, 83894483, 83892492)
     , (35273, 6, 83894484, 83892492)
     , (35273, 2, 83894483, 83892492)
     , (35273, 2, 83894484, 83892492)
     , (35273, 3, 83894184, 83892492)
     , (35273, 4, 83894184, 83892492)
     , (35273, 7, 83894184, 83892492)
     , (35273, 8, 83894184, 83892492)
     , (35273, 9, 83894480, 83894593)
     , (35273, 9, 83894481, 83892492)
     , (35273, 10, 83894489, 83892492)
     , (35273, 13, 83894489, 83892492)
     , (35273, 11, 83894479, 83892492)
     , (35273, 14, 83894479, 83892492)
     , (35273, 15, 83894485, 83892492)
     , (35273, 12, 83894485, 83892492);

INSERT INTO `weenie_animation_changes` (`weenieClassId`, `index`, `animationId`)
VALUES (35273, 0, 16788885)
     , (35273, 5, 16788896)
     , (35273, 1, 16788894)
     , (35273, 6, 16788895)
     , (35273, 2, 16788893)
     , (35273, 3, 16788081)
     , (35273, 4, 16788088)
     , (35273, 7, 16788082)
     , (35273, 8, 16788089)
     , (35273, 9, 16788889)
     , (35273, 10, 16788898)
     , (35273, 13, 16788897)
     , (35273, 11, 16788887)
     , (35273, 14, 16788888)
     , (35273, 15, 16788892)
     , (35273, 12, 16788891)
     , (35273, 16, 16789125);

INSERT INTO `base_ace_object` (`baseAceObjectId`, `name`, `typeId`, `paletteId`, `ammoType`, `blipColor`, `bitField`, `burden`, `combatUse`, `cooldownDuration`, `cooldownId`, `effects`, `containersCapacity`, `header`, `hookTypeId`, `iconId`, `iconOverlayId`, `iconUnderlayId`, `hookItemTypes`, `itemsCapacity`, `location`, `materialType`, `maxStackSize`, `maxStructure`, `radar`, `pscript`, `spellId`, `stackSize`, `structure`, `targetTypeId`, `usability`, `useRadius`, `validLocations`, `value`, `workmanship`, `animationFrameId`, `defaultScript`, `defaultScriptIntensity`, `elasticity`, `friction`, `locationId`, `modelTableId`, `objectScale`, `physicsBitField`, `physicsTableId`, `motionTableId`, `soundTableId`, `physicsState`, `translucency`, `currentMotionState`)
VALUES (32465, 'Item Enchantment Warden of Enlightenment', 16, 0, 0, 3, 4, 0, 0, 0, 0, 0, 255, 1048630, 0, 100667624, 0, 0, 0, 255, 0, 0, 0, 0, 0, 0, 0, 0, 0, 0, 32, 3, 0, 0, 0, 0, 0, 0, 0, 0, 0, 33555352, 0.5, 104579, 872415274, 150995147, 536871052, 6292504, 0, 'AAA9AAAAAAA=');

INSERT INTO weenie_class (`weenieClassId`, `baseAceObjectId`)
VALUES (32465, 32465);

INSERT INTO `base_ace_object` (`baseAceObjectId`, `name`, `typeId`, `paletteId`, `ammoType`, `blipColor`, `bitField`, `burden`, `combatUse`, `cooldownDuration`, `cooldownId`, `effects`, `containersCapacity`, `header`, `hookTypeId`, `iconId`, `iconOverlayId`, `iconUnderlayId`, `hookItemTypes`, `itemsCapacity`, `location`, `materialType`, `maxStackSize`, `maxStructure`, `radar`, `pscript`, `spellId`, `stackSize`, `structure`, `targetTypeId`, `usability`, `useRadius`, `validLocations`, `value`, `workmanship`, `animationFrameId`, `defaultScript`, `defaultScriptIntensity`, `elasticity`, `friction`, `locationId`, `modelTableId`, `objectScale`, `physicsBitField`, `physicsTableId`, `motionTableId`, `soundTableId`, `physicsState`, `translucency`, `currentMotionState`)
VALUES (32450, 'Weapon Tinkering Warden of Enlightenment', 16, 0, 0, 3, 4, 0, 0, 0, 0, 0, 255, 1048630, 0, 100667624, 0, 0, 0, 255, 0, 0, 0, 0, 0, 0, 0, 0, 0, 0, 32, 3, 0, 0, 0, 0, 0, 0, 0, 0, 0, 33555352, 0.5, 104579, 872415274, 150995147, 536871052, 6292504, 0, 'AAA9AAAAAAA=');

INSERT INTO weenie_class (`weenieClassId`, `baseAceObjectId`)
VALUES (32450, 32450);

INSERT INTO `base_ace_object` (`baseAceObjectId`, `name`, `typeId`, `paletteId`, `ammoType`, `blipColor`, `bitField`, `burden`, `combatUse`, `cooldownDuration`, `cooldownId`, `effects`, `containersCapacity`, `header`, `hookTypeId`, `iconId`, `iconOverlayId`, `iconUnderlayId`, `hookItemTypes`, `itemsCapacity`, `location`, `materialType`, `maxStackSize`, `maxStructure`, `radar`, `pscript`, `spellId`, `stackSize`, `structure`, `targetTypeId`, `usability`, `useRadius`, `validLocations`, `value`, `workmanship`, `animationFrameId`, `defaultScript`, `defaultScriptIntensity`, `elasticity`, `friction`, `locationId`, `modelTableId`, `objectScale`, `physicsBitField`, `physicsTableId`, `motionTableId`, `soundTableId`, `physicsState`, `translucency`, `currentMotionState`)
VALUES (32449, 'War Magic Warden of Enlightenment', 16, 0, 0, 3, 4, 0, 0, 0, 0, 0, 255, 1048630, 0, 100667624, 0, 0, 0, 255, 0, 0, 0, 0, 0, 0, 0, 0, 0, 0, 32, 3, 0, 0, 0, 0, 0, 0, 0, 0, 0, 33555352, 0.5, 104579, 872415274, 150995147, 536871052, 6292504, 0, 'AAA9AAAAAAA=');

INSERT INTO weenie_class (`weenieClassId`, `baseAceObjectId`)
VALUES (32449, 32449);

INSERT INTO `base_ace_object` (`baseAceObjectId`, `name`, `typeId`, `paletteId`, `ammoType`, `blipColor`, `bitField`, `burden`, `combatUse`, `cooldownDuration`, `cooldownId`, `effects`, `containersCapacity`, `header`, `hookTypeId`, `iconId`, `iconOverlayId`, `iconUnderlayId`, `hookItemTypes`, `itemsCapacity`, `location`, `materialType`, `maxStackSize`, `maxStructure`, `radar`, `pscript`, `spellId`, `stackSize`, `structure`, `targetTypeId`, `usability`, `useRadius`, `validLocations`, `value`, `workmanship`, `animationFrameId`, `defaultScript`, `defaultScriptIntensity`, `elasticity`, `friction`, `locationId`, `modelTableId`, `objectScale`, `physicsBitField`, `physicsTableId`, `motionTableId`, `soundTableId`, `physicsState`, `translucency`, `currentMotionState`)
VALUES (43399, 'Void Magic Warden of Enlightenment', 16, 0, 0, 3, 4, 0, 0, 0, 0, 0, 255, 1048630, 0, 100667624, 0, 0, 0, 255, 0, 0, 0, 0, 0, 0, 0, 0, 0, 0, 32, 3, 0, 0, 0, 0, 0, 0, 0, 0, 0, 33555352, 0.5, 104579, 872415274, 150995147, 536871052, 6292504, 0, 'AAA9AAAAAAA=');

INSERT INTO weenie_class (`weenieClassId`, `baseAceObjectId`)
VALUES (43399, 43399);

INSERT INTO `base_ace_object` (`baseAceObjectId`, `name`, `typeId`, `paletteId`, `ammoType`, `blipColor`, `bitField`, `burden`, `combatUse`, `cooldownDuration`, `cooldownId`, `effects`, `containersCapacity`, `header`, `hookTypeId`, `iconId`, `iconOverlayId`, `iconUnderlayId`, `hookItemTypes`, `itemsCapacity`, `location`, `materialType`, `maxStackSize`, `maxStructure`, `radar`, `pscript`, `spellId`, `stackSize`, `structure`, `targetTypeId`, `usability`, `useRadius`, `validLocations`, `value`, `workmanship`, `animationFrameId`, `defaultScript`, `defaultScriptIntensity`, `elasticity`, `friction`, `locationId`, `modelTableId`, `objectScale`, `physicsBitField`, `physicsTableId`, `motionTableId`, `soundTableId`, `physicsState`, `translucency`, `currentMotionState`)
VALUES (41741, 'Two Handed Combat Warden of Enlightenment', 16, 0, 0, 3, 4, 0, 0, 0, 0, 0, 255, 1048630, 0, 100667624, 0, 0, 0, 255, 0, 0, 0, 0, 0, 0, 0, 0, 0, 0, 32, 3, 0, 0, 0, 0, 0, 0, 0, 0, 0, 33555352, 0.5, 104579, 872415274, 150995147, 536871052, 6292504, 0, 'AAA9AAAAAAA=');

INSERT INTO weenie_class (`weenieClassId`, `baseAceObjectId`)
VALUES (41741, 41741);

INSERT INTO `base_ace_object` (`baseAceObjectId`, `name`, `typeId`, `paletteId`, `ammoType`, `blipColor`, `bitField`, `burden`, `combatUse`, `cooldownDuration`, `cooldownId`, `effects`, `containersCapacity`, `header`, `hookTypeId`, `iconId`, `iconOverlayId`, `iconUnderlayId`, `hookItemTypes`, `itemsCapacity`, `location`, `materialType`, `maxStackSize`, `maxStructure`, `radar`, `pscript`, `spellId`, `stackSize`, `structure`, `targetTypeId`, `usability`, `useRadius`, `validLocations`, `value`, `workmanship`, `animationFrameId`, `defaultScript`, `defaultScriptIntensity`, `elasticity`, `friction`, `locationId`, `modelTableId`, `objectScale`, `physicsBitField`, `physicsTableId`, `motionTableId`, `soundTableId`, `physicsState`, `translucency`, `currentMotionState`)
VALUES (32463, 'Healing Warden of Enlightenment', 16, 0, 0, 3, 4, 0, 0, 0, 0, 0, 255, 1048630, 0, 100667624, 0, 0, 0, 255, 0, 0, 0, 0, 0, 0, 0, 0, 0, 0, 32, 3, 0, 0, 0, 0, 0, 0, 0, 0, 0, 33555352, 0.5, 104579, 872415274, 150995147, 536871052, 6292504, 0, 'AAA9AAAAAAA=');

INSERT INTO weenie_class (`weenieClassId`, `baseAceObjectId`)
VALUES (32463, 32463);

INSERT INTO `base_ace_object` (`baseAceObjectId`, `name`, `typeId`, `paletteId`, `ammoType`, `blipColor`, `bitField`, `burden`, `combatUse`, `cooldownDuration`, `cooldownId`, `effects`, `containersCapacity`, `header`, `hookTypeId`, `iconId`, `iconOverlayId`, `iconUnderlayId`, `hookItemTypes`, `itemsCapacity`, `location`, `materialType`, `maxStackSize`, `maxStructure`, `radar`, `pscript`, `spellId`, `stackSize`, `structure`, `targetTypeId`, `usability`, `useRadius`, `validLocations`, `value`, `workmanship`, `animationFrameId`, `defaultScript`, `defaultScriptIntensity`, `elasticity`, `friction`, `locationId`, `modelTableId`, `objectScale`, `physicsBitField`, `physicsTableId`, `motionTableId`, `soundTableId`, `physicsState`, `translucency`, `currentMotionState`)
VALUES (32462, 'Fletching Warden of Enlightenment', 16, 0, 0, 3, 4, 0, 0, 0, 0, 0, 255, 1048630, 0, 100667624, 0, 0, 0, 255, 0, 0, 0, 0, 0, 0, 0, 0, 0, 0, 32, 3, 0, 0, 0, 0, 0, 0, 0, 0, 0, 33555352, 0.5, 104579, 872415274, 150995147, 536871052, 6292504, 0, 'AAA9AAAAAAA=');

INSERT INTO weenie_class (`weenieClassId`, `baseAceObjectId`)
VALUES (32462, 32462);

INSERT INTO `base_ace_object` (`baseAceObjectId`, `name`, `typeId`, `paletteId`, `ammoType`, `blipColor`, `bitField`, `burden`, `combatUse`, `cooldownDuration`, `cooldownId`, `effects`, `containersCapacity`, `header`, `hookTypeId`, `iconId`, `iconOverlayId`, `iconUnderlayId`, `hookItemTypes`, `itemsCapacity`, `location`, `materialType`, `maxStackSize`, `maxStructure`, `radar`, `pscript`, `spellId`, `stackSize`, `structure`, `targetTypeId`, `usability`, `useRadius`, `validLocations`, `value`, `workmanship`, `animationFrameId`, `defaultScript`, `defaultScriptIntensity`, `elasticity`, `friction`, `locationId`, `modelTableId`, `objectScale`, `physicsBitField`, `physicsTableId`, `motionTableId`, `soundTableId`, `physicsState`, `translucency`, `currentMotionState`)
VALUES (32460, 'Finesse Weapons Warden of Enlightenment', 16, 0, 0, 3, 4, 0, 0, 0, 0, 0, 255, 1048630, 0, 100667624, 0, 0, 0, 255, 0, 0, 0, 0, 0, 0, 0, 0, 0, 0, 32, 3, 0, 0, 0, 0, 0, 0, 0, 0, 0, 33555352, 0.5, 104579, 872415274, 150995147, 536871052, 6292504, 0, 'AAA9AAAAAAA=');

INSERT INTO weenie_class (`weenieClassId`, `baseAceObjectId`)
VALUES (32460, 32460);

INSERT INTO `base_ace_object` (`baseAceObjectId`, `name`, `typeId`, `paletteId`, `ammoType`, `blipColor`, `bitField`, `burden`, `combatUse`, `cooldownDuration`, `cooldownId`, `effects`, `containersCapacity`, `header`, `hookTypeId`, `iconId`, `iconOverlayId`, `iconUnderlayId`, `hookItemTypes`, `itemsCapacity`, `location`, `materialType`, `maxStackSize`, `maxStructure`, `radar`, `pscript`, `spellId`, `stackSize`, `structure`, `targetTypeId`, `usability`, `useRadius`, `validLocations`, `value`, `workmanship`, `animationFrameId`, `defaultScript`, `defaultScriptIntensity`, `elasticity`, `friction`, `locationId`, `modelTableId`, `objectScale`, `physicsBitField`, `physicsTableId`, `motionTableId`, `soundTableId`, `physicsState`, `translucency`, `currentMotionState`)
VALUES (45391, 'Dual Wield Warden of Enlightenment', 16, 0, 0, 3, 4, 0, 0, 0, 0, 0, 255, 1048630, 0, 100667624, 0, 0, 0, 255, 0, 0, 0, 0, 0, 0, 0, 0, 0, 0, 32, 3, 0, 0, 0, 0, 0, 0, 0, 0, 0, 33555352, 0.5, 104579, 872415274, 150995147, 536871052, 6292504, 0, 'AAA9AAAAAAA=');

INSERT INTO weenie_class (`weenieClassId`, `baseAceObjectId`)
VALUES (45391, 45391);

INSERT INTO `base_ace_object` (`baseAceObjectId`, `name`, `typeId`, `paletteId`, `ammoType`, `blipColor`, `bitField`, `burden`, `combatUse`, `cooldownDuration`, `cooldownId`, `effects`, `containersCapacity`, `header`, `hookTypeId`, `iconId`, `iconOverlayId`, `iconUnderlayId`, `hookItemTypes`, `itemsCapacity`, `location`, `materialType`, `maxStackSize`, `maxStructure`, `radar`, `pscript`, `spellId`, `stackSize`, `structure`, `targetTypeId`, `usability`, `useRadius`, `validLocations`, `value`, `workmanship`, `animationFrameId`, `defaultScript`, `defaultScriptIntensity`, `elasticity`, `friction`, `locationId`, `modelTableId`, `objectScale`, `physicsBitField`, `physicsTableId`, `motionTableId`, `soundTableId`, `physicsState`, `translucency`, `currentMotionState`)
VALUES (45390, 'Dirty Fighting Warden of Enlightenment', 16, 0, 0, 3, 4, 0, 0, 0, 0, 0, 255, 1048630, 0, 100667624, 0, 0, 0, 255, 0, 0, 0, 0, 0, 0, 0, 0, 0, 0, 32, 3, 0, 0, 0, 0, 0, 0, 0, 0, 0, 33555352, 0.5, 104579, 872415274, 150995147, 536871052, 6292504, 0, 'AAA9AAAAAAA=');

INSERT INTO weenie_class (`weenieClassId`, `baseAceObjectId`)
VALUES (45390, 45390);

INSERT INTO `base_ace_object` (`baseAceObjectId`, `name`, `typeId`, `paletteId`, `ammoType`, `blipColor`, `bitField`, `burden`, `combatUse`, `cooldownDuration`, `cooldownId`, `effects`, `containersCapacity`, `header`, `hookTypeId`, `iconId`, `iconOverlayId`, `iconUnderlayId`, `hookItemTypes`, `itemsCapacity`, `location`, `materialType`, `maxStackSize`, `maxStructure`, `radar`, `pscript`, `spellId`, `stackSize`, `structure`, `targetTypeId`, `usability`, `useRadius`, `validLocations`, `value`, `workmanship`, `animationFrameId`, `defaultScript`, `defaultScriptIntensity`, `elasticity`, `friction`, `locationId`, `modelTableId`, `objectScale`, `physicsBitField`, `physicsTableId`, `motionTableId`, `soundTableId`, `physicsState`, `translucency`, `currentMotionState`)
VALUES (49483, 'Summoning Warden of Enlightenment', 16, 0, 0, 3, 4, 0, 0, 0, 0, 0, 255, 1048630, 0, 100667624, 0, 0, 0, 255, 0, 0, 0, 0, 0, 0, 0, 0, 0, 0, 32, 3, 0, 0, 0, 0, 0, 0, 0, 0, 0, 33555352, 0.5, 104579, 872415274, 150995147, 536871052, 6292504, 0, 'AAA9AAAAAAA=');

INSERT INTO weenie_class (`weenieClassId`, `baseAceObjectId`)
VALUES (49483, 49483);

INSERT INTO `base_ace_object` (`baseAceObjectId`, `name`, `typeId`, `paletteId`, `ammoType`, `blipColor`, `bitField`, `burden`, `combatUse`, `cooldownDuration`, `cooldownId`, `effects`, `containersCapacity`, `header`, `hookTypeId`, `iconId`, `iconOverlayId`, `iconUnderlayId`, `hookItemTypes`, `itemsCapacity`, `location`, `materialType`, `maxStackSize`, `maxStructure`, `radar`, `pscript`, `spellId`, `stackSize`, `structure`, `targetTypeId`, `usability`, `useRadius`, `validLocations`, `value`, `workmanship`, `animationFrameId`, `defaultScript`, `defaultScriptIntensity`, `elasticity`, `friction`, `locationId`, `modelTableId`, `objectScale`, `physicsBitField`, `physicsTableId`, `motionTableId`, `soundTableId`, `physicsState`, `translucency`, `currentMotionState`)
VALUES (45393, 'Shield Warden of Enlightenment', 16, 0, 0, 3, 4, 0, 0, 0, 0, 0, 255, 1048630, 0, 100667624, 0, 0, 0, 255, 0, 0, 0, 0, 0, 0, 0, 0, 0, 0, 32, 3, 0, 0, 0, 0, 0, 0, 0, 0, 0, 33555352, 0.5, 104579, 872415274, 150995147, 536871052, 6292504, 0, 'AAA9AAAAAAA=');

INSERT INTO weenie_class (`weenieClassId`, `baseAceObjectId`)
VALUES (45393, 45393);

INSERT INTO `base_ace_object` (`baseAceObjectId`, `name`, `typeId`, `paletteId`, `ammoType`, `blipColor`, `bitField`, `burden`, `combatUse`, `cooldownDuration`, `cooldownId`, `effects`, `containersCapacity`, `header`, `hookTypeId`, `iconId`, `iconOverlayId`, `iconUnderlayId`, `hookItemTypes`, `itemsCapacity`, `location`, `materialType`, `maxStackSize`, `maxStructure`, `radar`, `pscript`, `spellId`, `stackSize`, `structure`, `targetTypeId`, `usability`, `useRadius`, `validLocations`, `value`, `workmanship`, `animationFrameId`, `defaultScript`, `defaultScriptIntensity`, `elasticity`, `friction`, `locationId`, `modelTableId`, `objectScale`, `physicsBitField`, `physicsTableId`, `motionTableId`, `soundTableId`, `physicsState`, `translucency`, `currentMotionState`)
VALUES (32443, 'Run Warden of Enlightenment', 16, 0, 0, 3, 4, 0, 0, 0, 0, 0, 255, 1048630, 0, 100667624, 0, 0, 0, 255, 0, 0, 0, 0, 0, 0, 0, 0, 0, 0, 32, 3, 0, 0, 0, 0, 0, 0, 0, 0, 0, 33555352, 0.5, 104579, 872415274, 150995147, 536871052, 6292504, 0, 'AAA9AAAAAAA=');

INSERT INTO weenie_class (`weenieClassId`, `baseAceObjectId`)
VALUES (32443, 32443);

INSERT INTO `base_ace_object` (`baseAceObjectId`, `name`, `typeId`, `paletteId`, `ammoType`, `blipColor`, `bitField`, `burden`, `combatUse`, `cooldownDuration`, `cooldownId`, `effects`, `containersCapacity`, `header`, `hookTypeId`, `iconId`, `iconOverlayId`, `iconUnderlayId`, `hookItemTypes`, `itemsCapacity`, `location`, `materialType`, `maxStackSize`, `maxStructure`, `radar`, `pscript`, `spellId`, `stackSize`, `structure`, `targetTypeId`, `usability`, `useRadius`, `validLocations`, `value`, `workmanship`, `animationFrameId`, `defaultScript`, `defaultScriptIntensity`, `elasticity`, `friction`, `locationId`, `modelTableId`, `objectScale`, `physicsBitField`, `physicsTableId`, `motionTableId`, `soundTableId`, `physicsState`, `translucency`, `currentMotionState`)
VALUES (45392, 'Recklessness Warden of Enlightenment', 16, 0, 0, 3, 4, 0, 0, 0, 0, 0, 255, 1048630, 0, 100667624, 0, 0, 0, 255, 0, 0, 0, 0, 0, 0, 0, 0, 0, 0, 32, 3, 0, 0, 0, 0, 0, 0, 0, 0, 0, 33555352, 0.5, 104579, 872415274, 150995147, 536871052, 6292504, 0, 'AAA9AAAAAAA=');

INSERT INTO weenie_class (`weenieClassId`, `baseAceObjectId`)
VALUES (45392, 45392);

INSERT INTO `base_ace_object` (`baseAceObjectId`, `name`, `typeId`, `paletteId`, `ammoType`, `blipColor`, `bitField`, `burden`, `combatUse`, `cooldownDuration`, `cooldownId`, `effects`, `containersCapacity`, `header`, `hookTypeId`, `iconId`, `iconOverlayId`, `iconUnderlayId`, `hookItemTypes`, `itemsCapacity`, `location`, `materialType`, `maxStackSize`, `maxStructure`, `radar`, `pscript`, `spellId`, `stackSize`, `structure`, `targetTypeId`, `usability`, `useRadius`, `validLocations`, `value`, `workmanship`, `animationFrameId`, `defaultScript`, `defaultScriptIntensity`, `elasticity`, `friction`, `locationId`, `modelTableId`, `objectScale`, `physicsBitField`, `physicsTableId`, `motionTableId`, `soundTableId`, `physicsState`, `translucency`, `currentMotionState`)
VALUES (32455, 'Missile Weapons Warden of Enlightenment', 16, 0, 0, 3, 4, 0, 0, 0, 0, 0, 255, 1048630, 0, 100667624, 0, 0, 0, 255, 0, 0, 0, 0, 0, 0, 0, 0, 0, 0, 32, 3, 0, 0, 0, 0, 0, 0, 0, 0, 0, 33555352, 0.5, 104579, 872415274, 150995147, 536871052, 6292504, 0, 'AAA9AAAAAAA=');

INSERT INTO weenie_class (`weenieClassId`, `baseAceObjectId`)
VALUES (32455, 32455);

INSERT INTO `base_ace_object` (`baseAceObjectId`, `name`, `typeId`, `paletteId`, `ammoType`, `blipColor`, `bitField`, `burden`, `combatUse`, `cooldownDuration`, `cooldownId`, `effects`, `containersCapacity`, `header`, `hookTypeId`, `iconId`, `iconOverlayId`, `iconUnderlayId`, `hookItemTypes`, `itemsCapacity`, `location`, `materialType`, `maxStackSize`, `maxStructure`, `radar`, `pscript`, `spellId`, `stackSize`, `structure`, `targetTypeId`, `usability`, `useRadius`, `validLocations`, `value`, `workmanship`, `animationFrameId`, `defaultScript`, `defaultScriptIntensity`, `elasticity`, `friction`, `locationId`, `modelTableId`, `objectScale`, `physicsBitField`, `physicsTableId`, `motionTableId`, `soundTableId`, `physicsState`, `translucency`, `currentMotionState`)
VALUES (32438, 'Magic Item Tinkering Warden of Enlightenment', 16, 0, 0, 3, 4, 0, 0, 0, 0, 0, 255, 1048630, 0, 100667624, 0, 0, 0, 255, 0, 0, 0, 0, 0, 0, 0, 0, 0, 0, 32, 3, 0, 0, 0, 0, 0, 0, 0, 0, 0, 33555352, 0.5, 104579, 872415274, 150995147, 536871052, 6292504, 0, 'AAA9AAAAAAA=');

INSERT INTO weenie_class (`weenieClassId`, `baseAceObjectId`)
VALUES (32438, 32438);

INSERT INTO `base_ace_object` (`baseAceObjectId`, `name`, `typeId`, `paletteId`, `ammoType`, `blipColor`, `bitField`, `burden`, `combatUse`, `cooldownDuration`, `cooldownId`, `effects`, `containersCapacity`, `header`, `hookTypeId`, `iconId`, `iconOverlayId`, `iconUnderlayId`, `hookItemTypes`, `itemsCapacity`, `location`, `materialType`, `maxStackSize`, `maxStructure`, `radar`, `pscript`, `spellId`, `stackSize`, `structure`, `targetTypeId`, `usability`, `useRadius`, `validLocations`, `value`, `workmanship`, `animationFrameId`, `defaultScript`, `defaultScriptIntensity`, `elasticity`, `friction`, `locationId`, `modelTableId`, `objectScale`, `physicsBitField`, `physicsTableId`, `motionTableId`, `soundTableId`, `physicsState`, `translucency`, `currentMotionState`)
VALUES (32437, 'Magic Defense Warden of Enlightenment', 16, 0, 0, 3, 4, 0, 0, 0, 0, 0, 255, 1048630, 0, 100667624, 0, 0, 0, 255, 0, 0, 0, 0, 0, 0, 0, 0, 0, 0, 32, 3, 0, 0, 0, 0, 0, 0, 0, 0, 0, 33555352, 0.5, 104579, 872415274, 150995147, 536871052, 6292504, 0, 'AAA9AAAAAAA=');

INSERT INTO weenie_class (`weenieClassId`, `baseAceObjectId`)
VALUES (32437, 32437);

INSERT INTO `base_ace_object` (`baseAceObjectId`, `name`, `typeId`, `paletteId`, `ammoType`, `blipColor`, `bitField`, `burden`, `combatUse`, `cooldownDuration`, `cooldownId`, `effects`, `containersCapacity`, `header`, `hookTypeId`, `iconId`, `iconOverlayId`, `iconUnderlayId`, `hookItemTypes`, `itemsCapacity`, `location`, `materialType`, `maxStackSize`, `maxStructure`, `radar`, `pscript`, `spellId`, `stackSize`, `structure`, `targetTypeId`, `usability`, `useRadius`, `validLocations`, `value`, `workmanship`, `animationFrameId`, `defaultScript`, `defaultScriptIntensity`, `elasticity`, `friction`, `locationId`, `modelTableId`, `objectScale`, `physicsBitField`, `physicsTableId`, `motionTableId`, `soundTableId`, `physicsState`, `translucency`, `currentMotionState`)
VALUES (32441, 'Missile Defense Warden of Enlightenment', 16, 0, 0, 3, 4, 0, 0, 0, 0, 0, 255, 1048630, 0, 100667624, 0, 0, 0, 255, 0, 0, 0, 0, 0, 0, 0, 0, 0, 0, 32, 3, 0, 0, 0, 0, 0, 0, 0, 0, 0, 33555352, 0.5, 104579, 872415274, 150995147, 536871052, 6292504, 0, 'AAA9AAAAAAA=');

INSERT INTO weenie_class (`weenieClassId`, `baseAceObjectId`)
VALUES (32441, 32441);

INSERT INTO `base_ace_object` (`baseAceObjectId`, `name`, `typeId`, `paletteId`, `ammoType`, `blipColor`, `bitField`, `burden`, `combatUse`, `cooldownDuration`, `cooldownId`, `effects`, `containersCapacity`, `header`, `hookTypeId`, `iconId`, `iconOverlayId`, `iconUnderlayId`, `hookItemTypes`, `itemsCapacity`, `location`, `materialType`, `maxStackSize`, `maxStructure`, `radar`, `pscript`, `spellId`, `stackSize`, `structure`, `targetTypeId`, `usability`, `useRadius`, `validLocations`, `value`, `workmanship`, `animationFrameId`, `defaultScript`, `defaultScriptIntensity`, `elasticity`, `friction`, `locationId`, `modelTableId`, `objectScale`, `physicsBitField`, `physicsTableId`, `motionTableId`, `soundTableId`, `physicsState`, `translucency`, `currentMotionState`)
VALUES (32440, 'Melee Defense Warden of Enlightenment', 16, 0, 0, 3, 4, 0, 0, 0, 0, 0, 255, 1048630, 0, 100667624, 0, 0, 0, 255, 0, 0, 0, 0, 0, 0, 0, 0, 0, 0, 32, 3, 0, 0, 0, 0, 0, 0, 0, 0, 0, 33555352, 0.5, 104579, 872415274, 150995147, 536871052, 6292504, 0, 'AAA9AAAAAAA=');

INSERT INTO weenie_class (`weenieClassId`, `baseAceObjectId`)
VALUES (32440, 32440);

INSERT INTO `base_ace_object` (`baseAceObjectId`, `name`, `typeId`, `paletteId`, `ammoType`, `blipColor`, `bitField`, `burden`, `combatUse`, `cooldownDuration`, `cooldownId`, `effects`, `containersCapacity`, `header`, `hookTypeId`, `iconId`, `iconOverlayId`, `iconUnderlayId`, `hookItemTypes`, `itemsCapacity`, `location`, `materialType`, `maxStackSize`, `maxStructure`, `radar`, `pscript`, `spellId`, `stackSize`, `structure`, `targetTypeId`, `usability`, `useRadius`, `validLocations`, `value`, `workmanship`, `animationFrameId`, `defaultScript`, `defaultScriptIntensity`, `elasticity`, `friction`, `locationId`, `modelTableId`, `objectScale`, `physicsBitField`, `physicsTableId`, `motionTableId`, `soundTableId`, `physicsState`, `translucency`, `currentMotionState`)
VALUES (32439, 'Mana Conversion Warden of Enlightenment', 16, 0, 0, 3, 4, 0, 0, 0, 0, 0, 255, 1048630, 0, 100667624, 0, 0, 0, 255, 0, 0, 0, 0, 0, 0, 0, 0, 0, 0, 32, 3, 0, 0, 0, 0, 0, 0, 0, 0, 0, 33555352, 0.5, 104579, 872415274, 150995147, 536871052, 6292504, 0, 'AAA9AAAAAAA=');

INSERT INTO weenie_class (`weenieClassId`, `baseAceObjectId`)
VALUES (32439, 32439);

INSERT INTO `base_ace_object` (`baseAceObjectId`, `name`, `typeId`, `paletteId`, `ammoType`, `blipColor`, `bitField`, `burden`, `combatUse`, `cooldownDuration`, `cooldownId`, `effects`, `containersCapacity`, `header`, `hookTypeId`, `iconId`, `iconOverlayId`, `iconUnderlayId`, `hookItemTypes`, `itemsCapacity`, `location`, `materialType`, `maxStackSize`, `maxStructure`, `radar`, `pscript`, `spellId`, `stackSize`, `structure`, `targetTypeId`, `usability`, `useRadius`, `validLocations`, `value`, `workmanship`, `animationFrameId`, `defaultScript`, `defaultScriptIntensity`, `elasticity`, `friction`, `locationId`, `modelTableId`, `objectScale`, `physicsBitField`, `physicsTableId`, `motionTableId`, `soundTableId`, `physicsState`, `translucency`, `currentMotionState`)
VALUES (32456, 'Cooking Warden of Enlightenment', 16, 0, 0, 3, 4, 0, 0, 0, 0, 0, 255, 1048630, 0, 100667624, 0, 0, 0, 255, 0, 0, 0, 0, 0, 0, 0, 0, 0, 0, 32, 3, 0, 0, 0, 0, 0, 0, 0, 0, 0, 33555352, 0.5, 104579, 872415274, 150995147, 536871052, 6292504, 0, 'AAA9AAAAAAA=');

INSERT INTO weenie_class (`weenieClassId`, `baseAceObjectId`)
VALUES (32456, 32456);

INSERT INTO `base_ace_object` (`baseAceObjectId`, `name`, `typeId`, `paletteId`, `ammoType`, `blipColor`, `bitField`, `burden`, `combatUse`, `cooldownDuration`, `cooldownId`, `effects`, `containersCapacity`, `header`, `hookTypeId`, `iconId`, `iconOverlayId`, `iconUnderlayId`, `hookItemTypes`, `itemsCapacity`, `location`, `materialType`, `maxStackSize`, `maxStructure`, `radar`, `pscript`, `spellId`, `stackSize`, `structure`, `targetTypeId`, `usability`, `useRadius`, `validLocations`, `value`, `workmanship`, `animationFrameId`, `defaultScript`, `defaultScriptIntensity`, `elasticity`, `friction`, `locationId`, `modelTableId`, `objectScale`, `physicsBitField`, `physicsTableId`, `motionTableId`, `soundTableId`, `physicsState`, `translucency`, `currentMotionState`)
VALUES (32457, 'Assess Creature Warden of Enlightenment', 16, 0, 0, 3, 4, 0, 0, 0, 0, 0, 255, 1048630, 0, 100667624, 0, 0, 0, 255, 0, 0, 0, 0, 0, 0, 0, 0, 0, 0, 32, 3, 0, 0, 0, 0, 0, 0, 0, 0, 0, 33555352, 0.5, 104579, 872415274, 150995147, 536871052, 6292504, 0, 'AAA9AAAAAAA=');

INSERT INTO weenie_class (`weenieClassId`, `baseAceObjectId`)
VALUES (32457, 32457);

INSERT INTO `base_ace_object` (`baseAceObjectId`, `name`, `typeId`, `paletteId`, `ammoType`, `blipColor`, `bitField`, `burden`, `combatUse`, `cooldownDuration`, `cooldownId`, `effects`, `containersCapacity`, `header`, `hookTypeId`, `iconId`, `iconOverlayId`, `iconUnderlayId`, `hookItemTypes`, `itemsCapacity`, `location`, `materialType`, `maxStackSize`, `maxStructure`, `radar`, `pscript`, `spellId`, `stackSize`, `structure`, `targetTypeId`, `usability`, `useRadius`, `validLocations`, `value`, `workmanship`, `animationFrameId`, `defaultScript`, `defaultScriptIntensity`, `elasticity`, `friction`, `locationId`, `modelTableId`, `objectScale`, `physicsBitField`, `physicsTableId`, `motionTableId`, `soundTableId`, `physicsState`, `translucency`, `currentMotionState`)
VALUES (44912, 'Warden of Raising Coordination', 16, 0, 0, 3, 4, 0, 0, 0, 0, 0, 255, 1048630, 0, 100667624, 0, 0, 0, 255, 0, 0, 0, 0, 0, 0, 0, 0, 0, 0, 32, 3, 0, 0, 0, 0, 0, 0, 0, 0, 0, 33555352, 0.5, 104579, 872415274, 150995147, 536871052, 6292504, 0, 'AAA9AAAAAAA=');

INSERT INTO weenie_class (`weenieClassId`, `baseAceObjectId`)
VALUES (44912, 44912);

INSERT INTO `base_ace_object` (`baseAceObjectId`, `name`, `typeId`, `paletteId`, `ammoType`, `blipColor`, `bitField`, `burden`, `combatUse`, `cooldownDuration`, `cooldownId`, `effects`, `containersCapacity`, `header`, `hookTypeId`, `iconId`, `iconOverlayId`, `iconUnderlayId`, `hookItemTypes`, `itemsCapacity`, `location`, `materialType`, `maxStackSize`, `maxStructure`, `radar`, `pscript`, `spellId`, `stackSize`, `structure`, `targetTypeId`, `usability`, `useRadius`, `validLocations`, `value`, `workmanship`, `animationFrameId`, `defaultScript`, `defaultScriptIntensity`, `elasticity`, `friction`, `locationId`, `modelTableId`, `objectScale`, `physicsBitField`, `physicsTableId`, `motionTableId`, `soundTableId`, `physicsState`, `translucency`, `currentMotionState`)
VALUES (32461, 'Deception Warden of Enlightenment', 16, 0, 0, 3, 4, 0, 0, 0, 0, 0, 255, 1048630, 0, 100667624, 0, 0, 0, 255, 0, 0, 0, 0, 0, 0, 0, 0, 0, 0, 32, 3, 0, 0, 0, 0, 0, 0, 0, 0, 0, 33555352, 0.5, 104579, 872415274, 150995147, 536871052, 6292504, 0, 'AAA9AAAAAAA=');

INSERT INTO weenie_class (`weenieClassId`, `baseAceObjectId`)
VALUES (32461, 32461);

INSERT INTO `base_ace_object` (`baseAceObjectId`, `name`, `typeId`, `paletteId`, `ammoType`, `blipColor`, `bitField`, `burden`, `combatUse`, `cooldownDuration`, `cooldownId`, `effects`, `containersCapacity`, `header`, `hookTypeId`, `iconId`, `iconOverlayId`, `iconUnderlayId`, `hookItemTypes`, `itemsCapacity`, `location`, `materialType`, `maxStackSize`, `maxStructure`, `radar`, `pscript`, `spellId`, `stackSize`, `structure`, `targetTypeId`, `usability`, `useRadius`, `validLocations`, `value`, `workmanship`, `animationFrameId`, `defaultScript`, `defaultScriptIntensity`, `elasticity`, `friction`, `locationId`, `modelTableId`, `objectScale`, `physicsBitField`, `physicsTableId`, `motionTableId`, `soundTableId`, `physicsState`, `translucency`, `currentMotionState`)
VALUES (32458, 'Creature Enchantment Warden of Enlightenment', 16, 0, 0, 3, 4, 0, 0, 0, 0, 0, 255, 1048630, 0, 100667624, 0, 0, 0, 255, 0, 0, 0, 0, 0, 0, 0, 0, 0, 0, 32, 3, 0, 0, 0, 0, 0, 0, 0, 0, 0, 33555352, 0.5, 104579, 872415274, 150995147, 536871052, 6292504, 0, 'AAA9AAAAAAA=');

INSERT INTO weenie_class (`weenieClassId`, `baseAceObjectId`)
VALUES (32458, 32458);

INSERT INTO `base_ace_object` (`baseAceObjectId`, `name`, `typeId`, `paletteId`, `ammoType`, `blipColor`, `bitField`, `burden`, `combatUse`, `cooldownDuration`, `cooldownId`, `effects`, `containersCapacity`, `header`, `hookTypeId`, `iconId`, `iconOverlayId`, `iconUnderlayId`, `hookItemTypes`, `itemsCapacity`, `location`, `materialType`, `maxStackSize`, `maxStructure`, `radar`, `pscript`, `spellId`, `stackSize`, `structure`, `targetTypeId`, `usability`, `useRadius`, `validLocations`, `value`, `workmanship`, `animationFrameId`, `defaultScript`, `defaultScriptIntensity`, `elasticity`, `friction`, `locationId`, `modelTableId`, `objectScale`, `physicsBitField`, `physicsTableId`, `motionTableId`, `soundTableId`, `physicsState`, `translucency`, `currentMotionState`)
VALUES (32470, 'Loyalty Warden of Enlightenment', 16, 0, 0, 3, 4, 0, 0, 0, 0, 0, 255, 1048630, 0, 100667624, 0, 0, 0, 255, 0, 0, 0, 0, 0, 0, 0, 0, 0, 0, 32, 3, 0, 0, 0, 0, 0, 0, 0, 0, 0, 33555352, 0.5, 104579, 872415274, 150995147, 536871052, 6292504, 0, 'AAA9AAAAAAA=');

INSERT INTO weenie_class (`weenieClassId`, `baseAceObjectId`)
VALUES (32470, 32470);

INSERT INTO `base_ace_object` (`baseAceObjectId`, `name`, `typeId`, `paletteId`, `ammoType`, `blipColor`, `bitField`, `burden`, `combatUse`, `cooldownDuration`, `cooldownId`, `effects`, `containersCapacity`, `header`, `hookTypeId`, `iconId`, `iconOverlayId`, `iconUnderlayId`, `hookItemTypes`, `itemsCapacity`, `location`, `materialType`, `maxStackSize`, `maxStructure`, `radar`, `pscript`, `spellId`, `stackSize`, `structure`, `targetTypeId`, `usability`, `useRadius`, `validLocations`, `value`, `workmanship`, `animationFrameId`, `defaultScript`, `defaultScriptIntensity`, `elasticity`, `friction`, `locationId`, `modelTableId`, `objectScale`, `physicsBitField`, `physicsTableId`, `motionTableId`, `soundTableId`, `physicsState`, `translucency`, `currentMotionState`)
VALUES (32469, 'Lockpick Warden of Enlightenment', 16, 0, 0, 3, 4, 0, 0, 0, 0, 0, 255, 1048630, 0, 100667624, 0, 0, 0, 255, 0, 0, 0, 0, 0, 0, 0, 0, 0, 0, 32, 3, 0, 0, 0, 0, 0, 0, 0, 0, 0, 33555352, 0.5, 104579, 872415274, 150995147, 536871052, 6292504, 0, 'AAA9AAAAAAA=');

INSERT INTO weenie_class (`weenieClassId`, `baseAceObjectId`)
VALUES (32469, 32469);

INSERT INTO `base_ace_object` (`baseAceObjectId`, `name`, `typeId`, `paletteId`, `ammoType`, `blipColor`, `bitField`, `burden`, `combatUse`, `cooldownDuration`, `cooldownId`, `effects`, `containersCapacity`, `header`, `hookTypeId`, `iconId`, `iconOverlayId`, `iconUnderlayId`, `hookItemTypes`, `itemsCapacity`, `location`, `materialType`, `maxStackSize`, `maxStructure`, `radar`, `pscript`, `spellId`, `stackSize`, `structure`, `targetTypeId`, `usability`, `useRadius`, `validLocations`, `value`, `workmanship`, `animationFrameId`, `defaultScript`, `defaultScriptIntensity`, `elasticity`, `friction`, `locationId`, `modelTableId`, `objectScale`, `physicsBitField`, `physicsTableId`, `motionTableId`, `soundTableId`, `physicsState`, `translucency`, `currentMotionState`)
VALUES (32454, 'Light Weapons Warden of Enlightenment', 16, 0, 0, 3, 4, 0, 0, 0, 0, 0, 255, 1048630, 0, 100667624, 0, 0, 0, 255, 0, 0, 0, 0, 0, 0, 0, 0, 0, 0, 32, 3, 0, 0, 0, 0, 0, 0, 0, 0, 0, 33555352, 0.5, 104579, 872415274, 150995147, 536871052, 6292504, 0, 'AAA9AAAAAAA=');

INSERT INTO weenie_class (`weenieClassId`, `baseAceObjectId`)
VALUES (32454, 32454);

INSERT INTO `base_ace_object` (`baseAceObjectId`, `name`, `typeId`, `paletteId`, `ammoType`, `blipColor`, `bitField`, `burden`, `combatUse`, `cooldownDuration`, `cooldownId`, `effects`, `containersCapacity`, `header`, `hookTypeId`, `iconId`, `iconOverlayId`, `iconUnderlayId`, `hookItemTypes`, `itemsCapacity`, `location`, `materialType`, `maxStackSize`, `maxStructure`, `radar`, `pscript`, `spellId`, `stackSize`, `structure`, `targetTypeId`, `usability`, `useRadius`, `validLocations`, `value`, `workmanship`, `animationFrameId`, `defaultScript`, `defaultScriptIntensity`, `elasticity`, `friction`, `locationId`, `modelTableId`, `objectScale`, `physicsBitField`, `physicsTableId`, `motionTableId`, `soundTableId`, `physicsState`, `translucency`, `currentMotionState`)
VALUES (32468, 'Life Magic Warden of Enlightenment', 16, 0, 0, 3, 4, 0, 0, 0, 0, 0, 255, 1048630, 0, 100667624, 0, 0, 0, 255, 0, 0, 0, 0, 0, 0, 0, 0, 0, 0, 32, 3, 0, 0, 0, 0, 0, 0, 0, 0, 0, 33555352, 0.5, 104579, 872415274, 150995147, 536871052, 6292504, 0, 'AAA9AAAAAAA=');

INSERT INTO weenie_class (`weenieClassId`, `baseAceObjectId`)
VALUES (32468, 32468);

INSERT INTO `base_ace_object` (`baseAceObjectId`, `name`, `typeId`, `paletteId`, `ammoType`, `blipColor`, `bitField`, `burden`, `combatUse`, `cooldownDuration`, `cooldownId`, `effects`, `containersCapacity`, `header`, `hookTypeId`, `iconId`, `iconOverlayId`, `iconUnderlayId`, `hookItemTypes`, `itemsCapacity`, `location`, `materialType`, `maxStackSize`, `maxStructure`, `radar`, `pscript`, `spellId`, `stackSize`, `structure`, `targetTypeId`, `usability`, `useRadius`, `validLocations`, `value`, `workmanship`, `animationFrameId`, `defaultScript`, `defaultScriptIntensity`, `elasticity`, `friction`, `locationId`, `modelTableId`, `objectScale`, `physicsBitField`, `physicsTableId`, `motionTableId`, `soundTableId`, `physicsState`, `translucency`, `currentMotionState`)
VALUES (32467, 'Leadership Warden of Enlightenment', 16, 0, 0, 3, 4, 0, 0, 0, 0, 0, 255, 1048630, 0, 100667624, 0, 0, 0, 255, 0, 0, 0, 0, 0, 0, 0, 0, 0, 0, 32, 3, 0, 0, 0, 0, 0, 0, 0, 0, 0, 33555352, 0.5, 104579, 872415274, 150995147, 536871052, 6292504, 0, 'AAA9AAAAAAA=');

INSERT INTO weenie_class (`weenieClassId`, `baseAceObjectId`)
VALUES (32467, 32467);

INSERT INTO `base_ace_object` (`baseAceObjectId`, `name`, `typeId`, `paletteId`, `ammoType`, `blipColor`, `bitField`, `burden`, `combatUse`, `cooldownDuration`, `cooldownId`, `effects`, `containersCapacity`, `header`, `hookTypeId`, `iconId`, `iconOverlayId`, `iconUnderlayId`, `hookItemTypes`, `itemsCapacity`, `location`, `materialType`, `maxStackSize`, `maxStructure`, `radar`, `pscript`, `spellId`, `stackSize`, `structure`, `targetTypeId`, `usability`, `useRadius`, `validLocations`, `value`, `workmanship`, `animationFrameId`, `defaultScript`, `defaultScriptIntensity`, `elasticity`, `friction`, `locationId`, `modelTableId`, `objectScale`, `physicsBitField`, `physicsTableId`, `motionTableId`, `soundTableId`, `physicsState`, `translucency`, `currentMotionState`)
VALUES (44913, 'Warden of Raising Endurance', 16, 0, 0, 3, 4, 0, 0, 0, 0, 0, 255, 1048630, 0, 100667624, 0, 0, 0, 255, 0, 0, 0, 0, 0, 0, 0, 0, 0, 0, 32, 3, 0, 0, 0, 0, 0, 0, 0, 0, 0, 33555352, 0.5, 104579, 872415274, 150995147, 536871052, 6292504, 0, 'AAA9AAAAAAA=');

INSERT INTO weenie_class (`weenieClassId`, `baseAceObjectId`)
VALUES (44913, 44913);

INSERT INTO `base_ace_object` (`baseAceObjectId`, `name`, `typeId`, `paletteId`, `ammoType`, `blipColor`, `bitField`, `burden`, `combatUse`, `cooldownDuration`, `cooldownId`, `effects`, `containersCapacity`, `header`, `hookTypeId`, `iconId`, `iconOverlayId`, `iconUnderlayId`, `hookItemTypes`, `itemsCapacity`, `location`, `materialType`, `maxStackSize`, `maxStructure`, `radar`, `pscript`, `spellId`, `stackSize`, `structure`, `targetTypeId`, `usability`, `useRadius`, `validLocations`, `value`, `workmanship`, `animationFrameId`, `defaultScript`, `defaultScriptIntensity`, `elasticity`, `friction`, `locationId`, `modelTableId`, `objectScale`, `physicsBitField`, `physicsTableId`, `motionTableId`, `soundTableId`, `physicsState`, `translucency`, `currentMotionState`)
VALUES (44917, 'Warden of Raising Strength', 16, 0, 0, 3, 4, 0, 0, 0, 0, 0, 255, 1048630, 0, 100667624, 0, 0, 0, 255, 0, 0, 0, 0, 0, 0, 0, 0, 0, 0, 32, 3, 0, 0, 0, 0, 0, 0, 0, 0, 0, 33555352, 0.5, 104579, 872415274, 150995147, 536871052, 6292504, 0, 'AAA9AAAAAAA=');

INSERT INTO weenie_class (`weenieClassId`, `baseAceObjectId`)
VALUES (44917, 44917);

INSERT INTO `base_ace_object` (`baseAceObjectId`, `name`, `typeId`, `paletteId`, `ammoType`, `blipColor`, `bitField`, `burden`, `combatUse`, `cooldownDuration`, `cooldownId`, `effects`, `containersCapacity`, `header`, `hookTypeId`, `iconId`, `iconOverlayId`, `iconUnderlayId`, `hookItemTypes`, `itemsCapacity`, `location`, `materialType`, `maxStackSize`, `maxStructure`, `radar`, `pscript`, `spellId`, `stackSize`, `structure`, `targetTypeId`, `usability`, `useRadius`, `validLocations`, `value`, `workmanship`, `animationFrameId`, `defaultScript`, `defaultScriptIntensity`, `elasticity`, `friction`, `locationId`, `modelTableId`, `objectScale`, `physicsBitField`, `physicsTableId`, `motionTableId`, `soundTableId`, `physicsState`, `translucency`, `currentMotionState`)
VALUES (44910, 'Warden of Lowering Self', 16, 0, 0, 3, 4, 0, 0, 0, 0, 0, 255, 1048630, 0, 100667624, 0, 0, 0, 255, 0, 0, 0, 0, 0, 0, 0, 0, 0, 0, 32, 3, 0, 0, 0, 0, 0, 0, 0, 0, 0, 33555352, 0.5, 104579, 872415274, 150995147, 536871052, 6292504, 0, 'AAA9AAAAAAA=');

INSERT INTO weenie_class (`weenieClassId`, `baseAceObjectId`)
VALUES (44910, 44910);

INSERT INTO `base_ace_object` (`baseAceObjectId`, `name`, `typeId`, `paletteId`, `ammoType`, `blipColor`, `bitField`, `burden`, `combatUse`, `cooldownDuration`, `cooldownId`, `effects`, `containersCapacity`, `header`, `hookTypeId`, `iconId`, `iconOverlayId`, `iconUnderlayId`, `hookItemTypes`, `itemsCapacity`, `location`, `materialType`, `maxStackSize`, `maxStructure`, `radar`, `pscript`, `spellId`, `stackSize`, `structure`, `targetTypeId`, `usability`, `useRadius`, `validLocations`, `value`, `workmanship`, `animationFrameId`, `defaultScript`, `defaultScriptIntensity`, `elasticity`, `friction`, `locationId`, `modelTableId`, `objectScale`, `physicsBitField`, `physicsTableId`, `motionTableId`, `soundTableId`, `physicsState`, `translucency`, `currentMotionState`)
VALUES (44908, 'Warden of Lowering Focus', 16, 0, 0, 3, 4, 0, 0, 0, 0, 0, 255, 1048630, 0, 100667624, 0, 0, 0, 255, 0, 0, 0, 0, 0, 0, 0, 0, 0, 0, 32, 3, 0, 0, 0, 0, 0, 0, 0, 0, 0, 33555352, 0.5, 104579, 872415274, 150995147, 536871052, 6292504, 0, 'AAA9AAAAAAA=');

INSERT INTO weenie_class (`weenieClassId`, `baseAceObjectId`)
VALUES (44908, 44908);

INSERT INTO `base_ace_object` (`baseAceObjectId`, `name`, `typeId`, `paletteId`, `ammoType`, `blipColor`, `bitField`, `burden`, `combatUse`, `cooldownDuration`, `cooldownId`, `effects`, `containersCapacity`, `header`, `hookTypeId`, `iconId`, `iconOverlayId`, `iconUnderlayId`, `hookItemTypes`, `itemsCapacity`, `location`, `materialType`, `maxStackSize`, `maxStructure`, `radar`, `pscript`, `spellId`, `stackSize`, `structure`, `targetTypeId`, `usability`, `useRadius`, `validLocations`, `value`, `workmanship`, `animationFrameId`, `defaultScript`, `defaultScriptIntensity`, `elasticity`, `friction`, `locationId`, `modelTableId`, `objectScale`, `physicsBitField`, `physicsTableId`, `motionTableId`, `soundTableId`, `physicsState`, `translucency`, `currentMotionState`)
VALUES (44919, 'Warden of Lowering Endurance', 16, 0, 0, 3, 4, 0, 0, 0, 0, 0, 255, 1048630, 0, 100667624, 0, 0, 0, 255, 0, 0, 0, 0, 0, 0, 0, 0, 0, 0, 32, 3, 0, 0, 0, 0, 0, 0, 0, 0, 0, 33555352, 0.5, 104579, 872415274, 150995147, 536871052, 6292504, 0, 'AAA9AAAAAAA=');

INSERT INTO weenie_class (`weenieClassId`, `baseAceObjectId`)
VALUES (44919, 44919);

INSERT INTO `base_ace_object` (`baseAceObjectId`, `name`, `typeId`, `paletteId`, `ammoType`, `blipColor`, `bitField`, `burden`, `combatUse`, `cooldownDuration`, `cooldownId`, `effects`, `containersCapacity`, `header`, `hookTypeId`, `iconId`, `iconOverlayId`, `iconUnderlayId`, `hookItemTypes`, `itemsCapacity`, `location`, `materialType`, `maxStackSize`, `maxStructure`, `radar`, `pscript`, `spellId`, `stackSize`, `structure`, `targetTypeId`, `usability`, `useRadius`, `validLocations`, `value`, `workmanship`, `animationFrameId`, `defaultScript`, `defaultScriptIntensity`, `elasticity`, `friction`, `locationId`, `modelTableId`, `objectScale`, `physicsBitField`, `physicsTableId`, `motionTableId`, `soundTableId`, `physicsState`, `translucency`, `currentMotionState`)
VALUES (44911, 'Warden of Lowering Strength', 16, 0, 0, 3, 4, 0, 0, 0, 0, 0, 255, 1048630, 0, 100667624, 0, 0, 0, 255, 0, 0, 0, 0, 0, 0, 0, 0, 0, 0, 32, 3, 0, 0, 0, 0, 0, 0, 0, 0, 0, 33555352, 0.5, 104579, 872415274, 150995147, 536871052, 6292504, 0, 'AAA9AAAAAAA=');

INSERT INTO weenie_class (`weenieClassId`, `baseAceObjectId`)
VALUES (44911, 44911);

INSERT INTO `base_ace_object` (`baseAceObjectId`, `name`, `typeId`, `paletteId`, `ammoType`, `blipColor`, `bitField`, `burden`, `combatUse`, `cooldownDuration`, `cooldownId`, `effects`, `containersCapacity`, `header`, `hookTypeId`, `iconId`, `iconOverlayId`, `iconUnderlayId`, `hookItemTypes`, `itemsCapacity`, `location`, `materialType`, `maxStackSize`, `maxStructure`, `radar`, `pscript`, `spellId`, `stackSize`, `structure`, `targetTypeId`, `usability`, `useRadius`, `validLocations`, `value`, `workmanship`, `animationFrameId`, `defaultScript`, `defaultScriptIntensity`, `elasticity`, `friction`, `locationId`, `modelTableId`, `objectScale`, `physicsBitField`, `physicsTableId`, `motionTableId`, `soundTableId`, `physicsState`, `translucency`, `currentMotionState`)
VALUES (44909, 'Warden of Lowering Quickness', 16, 0, 0, 3, 4, 0, 0, 0, 0, 0, 255, 1048630, 0, 100667624, 0, 0, 0, 255, 0, 0, 0, 0, 0, 0, 0, 0, 0, 0, 32, 3, 0, 0, 0, 0, 0, 0, 0, 0, 0, 33555352, 0.5, 104579, 872415274, 150995147, 536871052, 6292504, 0, 'AAA9AAAAAAA=');

INSERT INTO weenie_class (`weenieClassId`, `baseAceObjectId`)
VALUES (44909, 44909);

INSERT INTO `base_ace_object` (`baseAceObjectId`, `name`, `typeId`, `paletteId`, `ammoType`, `blipColor`, `bitField`, `burden`, `combatUse`, `cooldownDuration`, `cooldownId`, `effects`, `containersCapacity`, `header`, `hookTypeId`, `iconId`, `iconOverlayId`, `iconUnderlayId`, `hookItemTypes`, `itemsCapacity`, `location`, `materialType`, `maxStackSize`, `maxStructure`, `radar`, `pscript`, `spellId`, `stackSize`, `structure`, `targetTypeId`, `usability`, `useRadius`, `validLocations`, `value`, `workmanship`, `animationFrameId`, `defaultScript`, `defaultScriptIntensity`, `elasticity`, `friction`, `locationId`, `modelTableId`, `objectScale`, `physicsBitField`, `physicsTableId`, `motionTableId`, `soundTableId`, `physicsState`, `translucency`, `currentMotionState`)
VALUES (44918, 'Warden of Lowering Coordination', 16, 0, 0, 3, 4, 0, 0, 0, 0, 0, 255, 1048630, 0, 100667624, 0, 0, 0, 255, 0, 0, 0, 0, 0, 0, 0, 0, 0, 0, 32, 3, 0, 0, 0, 0, 0, 0, 0, 0, 0, 33555352, 0.5, 104579, 872415274, 150995147, 536871052, 6292504, 0, 'AAA9AAAAAAA=');

INSERT INTO weenie_class (`weenieClassId`, `baseAceObjectId`)
VALUES (44918, 44918);

INSERT INTO `base_ace_object` (`baseAceObjectId`, `name`, `typeId`, `paletteId`, `ammoType`, `blipColor`, `bitField`, `burden`, `combatUse`, `cooldownDuration`, `cooldownId`, `effects`, `containersCapacity`, `header`, `hookTypeId`, `iconId`, `iconOverlayId`, `iconUnderlayId`, `hookItemTypes`, `itemsCapacity`, `location`, `materialType`, `maxStackSize`, `maxStructure`, `radar`, `pscript`, `spellId`, `stackSize`, `structure`, `targetTypeId`, `usability`, `useRadius`, `validLocations`, `value`, `workmanship`, `animationFrameId`, `defaultScript`, `defaultScriptIntensity`, `elasticity`, `friction`, `locationId`, `modelTableId`, `objectScale`, `physicsBitField`, `physicsTableId`, `motionTableId`, `soundTableId`, `physicsState`, `translucency`, `currentMotionState`)
VALUES (32452, 'Arcane Lore Warden of Enlightenment', 16, 0, 0, 3, 4, 0, 0, 0, 0, 0, 255, 1048630, 0, 100667624, 0, 0, 0, 255, 0, 0, 0, 0, 0, 0, 0, 0, 0, 0, 32, 3, 0, 0, 0, 0, 0, 0, 0, 0, 0, 33555352, 0.5, 104579, 872415274, 150995147, 536871052, 6292504, 0, 'AAA9AAAAAAA=');

INSERT INTO weenie_class (`weenieClassId`, `baseAceObjectId`)
VALUES (32452, 32452);

INSERT INTO `base_ace_object` (`baseAceObjectId`, `name`, `typeId`, `paletteId`, `ammoType`, `blipColor`, `bitField`, `burden`, `combatUse`, `cooldownDuration`, `cooldownId`, `effects`, `containersCapacity`, `header`, `hookTypeId`, `iconId`, `iconOverlayId`, `iconUnderlayId`, `hookItemTypes`, `itemsCapacity`, `location`, `materialType`, `maxStackSize`, `maxStructure`, `radar`, `pscript`, `spellId`, `stackSize`, `structure`, `targetTypeId`, `usability`, `useRadius`, `validLocations`, `value`, `workmanship`, `animationFrameId`, `defaultScript`, `defaultScriptIntensity`, `elasticity`, `friction`, `locationId`, `modelTableId`, `objectScale`, `physicsBitField`, `physicsTableId`, `motionTableId`, `soundTableId`, `physicsState`, `translucency`, `currentMotionState`)
VALUES (32451, 'Alchemy Warden of Enlightenment', 16, 0, 0, 3, 4, 0, 0, 0, 0, 0, 255, 1048630, 0, 100667624, 0, 0, 0, 255, 0, 0, 0, 0, 0, 0, 0, 0, 0, 0, 32, 3, 0, 0, 0, 0, 0, 0, 0, 0, 0, 33555352, 0.5, 104579, 872415274, 150995147, 536871052, 6292504, 0, 'AAA9AAAAAAA=');

INSERT INTO weenie_class (`weenieClassId`, `baseAceObjectId`)
VALUES (32451, 32451);

INSERT INTO `base_ace_object` (`baseAceObjectId`, `name`, `typeId`, `paletteId`, `ammoType`, `blipColor`, `bitField`, `burden`, `combatUse`, `cooldownDuration`, `cooldownId`, `effects`, `containersCapacity`, `header`, `hookTypeId`, `iconId`, `iconOverlayId`, `iconUnderlayId`, `hookItemTypes`, `itemsCapacity`, `location`, `materialType`, `maxStackSize`, `maxStructure`, `radar`, `pscript`, `spellId`, `stackSize`, `structure`, `targetTypeId`, `usability`, `useRadius`, `validLocations`, `value`, `workmanship`, `animationFrameId`, `defaultScript`, `defaultScriptIntensity`, `elasticity`, `friction`, `locationId`, `modelTableId`, `objectScale`, `physicsBitField`, `physicsTableId`, `motionTableId`, `soundTableId`, `physicsState`, `translucency`, `currentMotionState`)
VALUES (44916, 'Warden of Raising Self', 16, 0, 0, 3, 4, 0, 0, 0, 0, 0, 255, 1048630, 0, 100667624, 0, 0, 0, 255, 0, 0, 0, 0, 0, 0, 0, 0, 0, 0, 32, 3, 0, 0, 0, 0, 0, 0, 0, 0, 0, 33555352, 0.5, 104579, 872415274, 150995147, 536871052, 6292504, 0, 'AAA9AAAAAAA=');

INSERT INTO weenie_class (`weenieClassId`, `baseAceObjectId`)
VALUES (44916, 44916);

INSERT INTO `base_ace_object` (`baseAceObjectId`, `name`, `typeId`, `paletteId`, `ammoType`, `blipColor`, `bitField`, `burden`, `combatUse`, `cooldownDuration`, `cooldownId`, `effects`, `containersCapacity`, `header`, `hookTypeId`, `iconId`, `iconOverlayId`, `iconUnderlayId`, `hookItemTypes`, `itemsCapacity`, `location`, `materialType`, `maxStackSize`, `maxStructure`, `radar`, `pscript`, `spellId`, `stackSize`, `structure`, `targetTypeId`, `usability`, `useRadius`, `validLocations`, `value`, `workmanship`, `animationFrameId`, `defaultScript`, `defaultScriptIntensity`, `elasticity`, `friction`, `locationId`, `modelTableId`, `objectScale`, `physicsBitField`, `physicsTableId`, `motionTableId`, `soundTableId`, `physicsState`, `translucency`, `currentMotionState`)
VALUES (45394, 'Sneak Attack Warden of Enlightenment', 16, 0, 0, 3, 4, 0, 0, 0, 0, 0, 255, 1048630, 0, 100667624, 0, 0, 0, 255, 0, 0, 0, 0, 0, 0, 0, 0, 0, 0, 32, 3, 0, 0, 0, 0, 0, 0, 0, 0, 0, 33555352, 0.5, 104579, 872415274, 150995147, 536871052, 6292504, 0, 'AAA9AAAAAAA=');

INSERT INTO weenie_class (`weenieClassId`, `baseAceObjectId`)
VALUES (45394, 45394);

INSERT INTO `base_ace_object` (`baseAceObjectId`, `name`, `typeId`, `paletteId`, `ammoType`, `blipColor`, `bitField`, `burden`, `combatUse`, `cooldownDuration`, `cooldownId`, `effects`, `containersCapacity`, `header`, `hookTypeId`, `iconId`, `iconOverlayId`, `iconUnderlayId`, `hookItemTypes`, `itemsCapacity`, `location`, `materialType`, `maxStackSize`, `maxStructure`, `radar`, `pscript`, `spellId`, `stackSize`, `structure`, `targetTypeId`, `usability`, `useRadius`, `validLocations`, `value`, `workmanship`, `animationFrameId`, `defaultScript`, `defaultScriptIntensity`, `elasticity`, `friction`, `locationId`, `modelTableId`, `objectScale`, `physicsBitField`, `physicsTableId`, `motionTableId`, `soundTableId`, `physicsState`, `translucency`, `currentMotionState`)
VALUES (44914, 'Warden of Raising Focus', 16, 0, 0, 3, 4, 0, 0, 0, 0, 0, 255, 1048630, 0, 100667624, 0, 0, 0, 255, 0, 0, 0, 0, 0, 0, 0, 0, 0, 0, 32, 3, 0, 0, 0, 0, 0, 0, 0, 0, 0, 33555352, 0.5, 104579, 872415274, 150995147, 536871052, 6292504, 0, 'AAA9AAAAAAA=');

INSERT INTO weenie_class (`weenieClassId`, `baseAceObjectId`)
VALUES (44914, 44914);

INSERT INTO `base_ace_object` (`baseAceObjectId`, `name`, `typeId`, `paletteId`, `ammoType`, `blipColor`, `bitField`, `burden`, `combatUse`, `cooldownDuration`, `cooldownId`, `effects`, `containersCapacity`, `header`, `hookTypeId`, `iconId`, `iconOverlayId`, `iconUnderlayId`, `hookItemTypes`, `itemsCapacity`, `location`, `materialType`, `maxStackSize`, `maxStructure`, `radar`, `pscript`, `spellId`, `stackSize`, `structure`, `targetTypeId`, `usability`, `useRadius`, `validLocations`, `value`, `workmanship`, `animationFrameId`, `defaultScript`, `defaultScriptIntensity`, `elasticity`, `friction`, `locationId`, `modelTableId`, `objectScale`, `physicsBitField`, `physicsTableId`, `motionTableId`, `soundTableId`, `physicsState`, `translucency`, `currentMotionState`)
VALUES (44915, 'Warden of Raising Quickness', 16, 0, 0, 3, 4, 0, 0, 0, 0, 0, 255, 1048630, 0, 100667624, 0, 0, 0, 255, 0, 0, 0, 0, 0, 0, 0, 0, 0, 0, 32, 3, 0, 0, 0, 0, 0, 0, 0, 0, 0, 33555352, 0.5, 104579, 872415274, 150995147, 536871052, 6292504, 0, 'AAA9AAAAAAA=');

INSERT INTO weenie_class (`weenieClassId`, `baseAceObjectId`)
VALUES (44915, 44915);

INSERT INTO `base_ace_object` (`baseAceObjectId`, `name`, `typeId`, `paletteId`, `ammoType`, `blipColor`, `bitField`, `burden`, `combatUse`, `cooldownDuration`, `cooldownId`, `effects`, `containersCapacity`, `header`, `hookTypeId`, `iconId`, `iconOverlayId`, `iconUnderlayId`, `hookItemTypes`, `itemsCapacity`, `location`, `materialType`, `maxStackSize`, `maxStructure`, `radar`, `pscript`, `spellId`, `stackSize`, `structure`, `targetTypeId`, `usability`, `useRadius`, `validLocations`, `value`, `workmanship`, `animationFrameId`, `defaultScript`, `defaultScriptIntensity`, `elasticity`, `friction`, `locationId`, `modelTableId`, `objectScale`, `physicsBitField`, `physicsTableId`, `motionTableId`, `soundTableId`, `physicsState`, `translucency`, `currentMotionState`)
VALUES (36779, 'Strange Device', 16, 0, 0, 0, 4, 0, 0, 0, 0, 0, 255, 22, 0, 100671465, 0, 0, 0, 255, 0, 0, 0, 0, 0, 0, 0, 0, 0, 0, 32, 0, 0, 0, 0, 0, 0, 0, 0, 0, 0, 33557001, 0, 366595, 872415275, 150995121, 536871023, 2098196, 0.9, 'AAA9AAAAAAA=');

INSERT INTO weenie_class (`weenieClassId`, `baseAceObjectId`)
VALUES (36779, 36779);

INSERT INTO `weenie_animation_changes` (`weenieClassId`, `index`, `animationId`)
VALUES (36779, 9, 16785621);

INSERT INTO `base_ace_object` (`baseAceObjectId`, `name`, `typeId`, `paletteId`, `ammoType`, `blipColor`, `bitField`, `burden`, `combatUse`, `cooldownDuration`, `cooldownId`, `effects`, `containersCapacity`, `header`, `hookTypeId`, `iconId`, `iconOverlayId`, `iconUnderlayId`, `hookItemTypes`, `itemsCapacity`, `location`, `materialType`, `maxStackSize`, `maxStructure`, `radar`, `pscript`, `spellId`, `stackSize`, `structure`, `targetTypeId`, `usability`, `useRadius`, `validLocations`, `value`, `workmanship`, `animationFrameId`, `defaultScript`, `defaultScriptIntensity`, `elasticity`, `friction`, `locationId`, `modelTableId`, `objectScale`, `physicsBitField`, `physicsTableId`, `motionTableId`, `soundTableId`, `physicsState`, `translucency`, `currentMotionState`)
VALUES (36780, 'Quiddity Seed', 16, 0, 0, 0, 4, 0, 0, 0, 0, 0, 255, 22, 0, 100672199, 0, 0, 0, 255, 0, 0, 0, 0, 0, 0, 0, 0, 0, 0, 32, 0, 0, 0, 0, 0, 0, 0, 0, 0, 0, 33560432, 0, 104451, 872415275, 150995121, 536871023, 2098196, 0, 'AAA9AAAAAAA=');

INSERT INTO weenie_class (`weenieClassId`, `baseAceObjectId`)
VALUES (36780, 36780);

INSERT INTO `weenie_texture_map_changes` (`weenieClassId`, `index`, `oldId`, `newId`)
VALUES (36780, 0, 83893820, 83893819);

INSERT INTO `weenie_animation_changes` (`weenieClassId`, `index`, `animationId`)
VALUES (36780, 0, 16787401);

INSERT INTO `base_ace_object` (`baseAceObjectId`, `name`, `typeId`, `paletteId`, `ammoType`, `blipColor`, `bitField`, `burden`, `combatUse`, `cooldownDuration`, `cooldownId`, `effects`, `containersCapacity`, `header`, `hookTypeId`, `iconId`, `iconOverlayId`, `iconUnderlayId`, `hookItemTypes`, `itemsCapacity`, `location`, `materialType`, `maxStackSize`, `maxStructure`, `radar`, `pscript`, `spellId`, `stackSize`, `structure`, `targetTypeId`, `usability`, `useRadius`, `validLocations`, `value`, `workmanship`, `animationFrameId`, `defaultScript`, `defaultScriptIntensity`, `elasticity`, `friction`, `locationId`, `modelTableId`, `objectScale`, `physicsBitField`, `physicsTableId`, `motionTableId`, `soundTableId`, `physicsState`, `translucency`, `currentMotionState`)
VALUES (36925, 'Ithaenc Quiddity Seed', 16, 0, 0, 3, 4, 0, 0, 0, 0, 0, 255, 1048630, 0, 100672199, 0, 0, 0, 255, 0, 0, 0, 0, 0, 0, 0, 0, 0, 0, 32, 3, 0, 0, 0, 0, 0, 0, 0, 0, 0, 33560432, 0, 100355, 0, 150995121, 536870933, 6292504, 0, 'AAA9AAAAAAA=');

INSERT INTO weenie_class (`weenieClassId`, `baseAceObjectId`)
VALUES (36925, 36925);

INSERT INTO `base_ace_object` (`baseAceObjectId`, `name`, `typeId`, `paletteId`, `ammoType`, `blipColor`, `bitField`, `burden`, `combatUse`, `cooldownDuration`, `cooldownId`, `effects`, `containersCapacity`, `header`, `hookTypeId`, `iconId`, `iconOverlayId`, `iconUnderlayId`, `hookItemTypes`, `itemsCapacity`, `location`, `materialType`, `maxStackSize`, `maxStructure`, `radar`, `pscript`, `spellId`, `stackSize`, `structure`, `targetTypeId`, `usability`, `useRadius`, `validLocations`, `value`, `workmanship`, `animationFrameId`, `defaultScript`, `defaultScriptIntensity`, `elasticity`, `friction`, `locationId`, `modelTableId`, `objectScale`, `physicsBitField`, `physicsTableId`, `motionTableId`, `soundTableId`, `physicsState`, `translucency`, `currentMotionState`)
VALUES (29469, 'Royal Prison Warden', 16, 67115468, 0, 0, 20, 0, 0, 0, 0, 0, 255, 8388630, 0, 100677371, 0, 0, 0, 255, 0, 0, 0, 0, 2, 0, 0, 0, 0, 0, 1, 0, 0, 0, 0, 0, 0, 0, 0, 0, 0, 33559125, 1.3, 104643, 872415269, 150995334, 536871102, 4195336, 0, 'AAA9AAAAAAA=');

INSERT INTO weenie_class (`weenieClassId`, `baseAceObjectId`)
VALUES (29469, 29469);

INSERT INTO `weenie_palette_changes` (`weenieClassId`, `subPaletteId`, `offset`, `length`)
VALUES (29469, 67115534, 0, 0);

INSERT INTO `base_ace_object` (`baseAceObjectId`, `name`, `typeId`, `paletteId`, `ammoType`, `blipColor`, `bitField`, `burden`, `combatUse`, `cooldownDuration`, `cooldownId`, `effects`, `containersCapacity`, `header`, `hookTypeId`, `iconId`, `iconOverlayId`, `iconUnderlayId`, `hookItemTypes`, `itemsCapacity`, `location`, `materialType`, `maxStackSize`, `maxStructure`, `radar`, `pscript`, `spellId`, `stackSize`, `structure`, `targetTypeId`, `usability`, `useRadius`, `validLocations`, `value`, `workmanship`, `animationFrameId`, `defaultScript`, `defaultScriptIntensity`, `elasticity`, `friction`, `locationId`, `modelTableId`, `objectScale`, `physicsBitField`, `physicsTableId`, `motionTableId`, `soundTableId`, `physicsState`, `translucency`, `currentMotionState`)
VALUES (35582, 'Wall', 16, 0, 0, 0, 20, 0, 0, 0, 0, 0, 255, 8388630, 0, 100671984, 0, 0, 0, 255, 0, 0, 0, 0, 4, 0, 0, 0, 0, 0, 1, 0, 0, 0, 0, 0, 0, 0, 0, 0, 0, 33560311, 0, 104451, 872415339, 150995407, 536871001, 66568, 0, 'AAA9AAAAAAA=');

INSERT INTO weenie_class (`weenieClassId`, `baseAceObjectId`)
VALUES (35582, 35582);

INSERT INTO `base_ace_object` (`baseAceObjectId`, `name`, `typeId`, `paletteId`, `ammoType`, `blipColor`, `bitField`, `burden`, `combatUse`, `cooldownDuration`, `cooldownId`, `effects`, `containersCapacity`, `header`, `hookTypeId`, `iconId`, `iconOverlayId`, `iconUnderlayId`, `hookItemTypes`, `itemsCapacity`, `location`, `materialType`, `maxStackSize`, `maxStructure`, `radar`, `pscript`, `spellId`, `stackSize`, `structure`, `targetTypeId`, `usability`, `useRadius`, `validLocations`, `value`, `workmanship`, `animationFrameId`, `defaultScript`, `defaultScriptIntensity`, `elasticity`, `friction`, `locationId`, `modelTableId`, `objectScale`, `physicsBitField`, `physicsTableId`, `motionTableId`, `soundTableId`, `physicsState`, `translucency`, `currentMotionState`)
VALUES (35584, 'Wall', 16, 0, 0, 0, 20, 0, 0, 0, 0, 0, 255, 8388630, 0, 100671984, 0, 0, 0, 255, 0, 0, 0, 0, 4, 0, 0, 0, 0, 0, 1, 0, 0, 0, 0, 0, 0, 0, 0, 0, 0, 33560311, 0, 104451, 872415339, 150995407, 536871001, 66568, 0, 'AAA9AAAAAAA=');

INSERT INTO weenie_class (`weenieClassId`, `baseAceObjectId`)
VALUES (35584, 35584);

INSERT INTO `base_ace_object` (`baseAceObjectId`, `name`, `typeId`, `paletteId`, `ammoType`, `blipColor`, `bitField`, `burden`, `combatUse`, `cooldownDuration`, `cooldownId`, `effects`, `containersCapacity`, `header`, `hookTypeId`, `iconId`, `iconOverlayId`, `iconUnderlayId`, `hookItemTypes`, `itemsCapacity`, `location`, `materialType`, `maxStackSize`, `maxStructure`, `radar`, `pscript`, `spellId`, `stackSize`, `structure`, `targetTypeId`, `usability`, `useRadius`, `validLocations`, `value`, `workmanship`, `animationFrameId`, `defaultScript`, `defaultScriptIntensity`, `elasticity`, `friction`, `locationId`, `modelTableId`, `objectScale`, `physicsBitField`, `physicsTableId`, `motionTableId`, `soundTableId`, `physicsState`, `translucency`, `currentMotionState`)
VALUES (35585, 'Wall', 16, 0, 0, 0, 20, 0, 0, 0, 0, 0, 255, 8388630, 0, 100671984, 0, 0, 0, 255, 0, 0, 0, 0, 4, 0, 0, 0, 0, 0, 1, 0, 0, 0, 0, 0, 0, 0, 0, 0, 0, 33560311, 0, 104451, 872415339, 150995407, 536871001, 66568, 0, 'AAA9AAAAAAA=');

INSERT INTO weenie_class (`weenieClassId`, `baseAceObjectId`)
VALUES (35585, 35585);

INSERT INTO `base_ace_object` (`baseAceObjectId`, `name`, `typeId`, `paletteId`, `ammoType`, `blipColor`, `bitField`, `burden`, `combatUse`, `cooldownDuration`, `cooldownId`, `effects`, `containersCapacity`, `header`, `hookTypeId`, `iconId`, `iconOverlayId`, `iconUnderlayId`, `hookItemTypes`, `itemsCapacity`, `location`, `materialType`, `maxStackSize`, `maxStructure`, `radar`, `pscript`, `spellId`, `stackSize`, `structure`, `targetTypeId`, `usability`, `useRadius`, `validLocations`, `value`, `workmanship`, `animationFrameId`, `defaultScript`, `defaultScriptIntensity`, `elasticity`, `friction`, `locationId`, `modelTableId`, `objectScale`, `physicsBitField`, `physicsTableId`, `motionTableId`, `soundTableId`, `physicsState`, `translucency`, `currentMotionState`)
VALUES (35583, 'Wall', 16, 0, 0, 0, 20, 0, 0, 0, 0, 0, 255, 8388630, 0, 100671984, 0, 0, 0, 255, 0, 0, 0, 0, 4, 0, 0, 0, 0, 0, 1, 0, 0, 0, 0, 0, 0, 0, 0, 0, 0, 33560311, 0, 104451, 872415339, 150995407, 536871001, 66568, 0, 'AAA9AAAAAAA=');

INSERT INTO weenie_class (`weenieClassId`, `baseAceObjectId`)
VALUES (35583, 35583);

INSERT INTO `base_ace_object` (`baseAceObjectId`, `name`, `typeId`, `paletteId`, `ammoType`, `blipColor`, `bitField`, `burden`, `combatUse`, `cooldownDuration`, `cooldownId`, `effects`, `containersCapacity`, `header`, `hookTypeId`, `iconId`, `iconOverlayId`, `iconUnderlayId`, `hookItemTypes`, `itemsCapacity`, `location`, `materialType`, `maxStackSize`, `maxStructure`, `radar`, `pscript`, `spellId`, `stackSize`, `structure`, `targetTypeId`, `usability`, `useRadius`, `validLocations`, `value`, `workmanship`, `animationFrameId`, `defaultScript`, `defaultScriptIntensity`, `elasticity`, `friction`, `locationId`, `modelTableId`, `objectScale`, `physicsBitField`, `physicsTableId`, `motionTableId`, `soundTableId`, `physicsState`, `translucency`, `currentMotionState`)
VALUES (43844, 'Enchanted Mnemosyne', 16, 0, 0, 0, 4, 0, 0, 0, 0, 0, 255, 54, 0, 100671423, 0, 0, 0, 255, 0, 0, 0, 0, 0, 0, 0, 0, 0, 0, 32, 3, 0, 0, 0, 0, 0, 0, 0, 0, 0, 33561170, 0, 104451, 872415275, 150995464, 536870932, 6292508, 0, 'AAA9AAAAAAA=');

INSERT INTO weenie_class (`weenieClassId`, `baseAceObjectId`)
VALUES (43844, 43844);

INSERT INTO `base_ace_object` (`baseAceObjectId`, `name`, `typeId`, `paletteId`, `ammoType`, `blipColor`, `bitField`, `burden`, `combatUse`, `cooldownDuration`, `cooldownId`, `effects`, `containersCapacity`, `header`, `hookTypeId`, `iconId`, `iconOverlayId`, `iconUnderlayId`, `hookItemTypes`, `itemsCapacity`, `location`, `materialType`, `maxStackSize`, `maxStructure`, `radar`, `pscript`, `spellId`, `stackSize`, `structure`, `targetTypeId`, `usability`, `useRadius`, `validLocations`, `value`, `workmanship`, `animationFrameId`, `defaultScript`, `defaultScriptIntensity`, `elasticity`, `friction`, `locationId`, `modelTableId`, `objectScale`, `physicsBitField`, `physicsTableId`, `motionTableId`, `soundTableId`, `physicsState`, `translucency`, `currentMotionState`)
VALUES (38339, 'Statue', 16, 0, 0, 3, 4, 0, 0, 0, 0, 0, 255, 1048630, 0, 100674805, 0, 0, 0, 255, 0, 0, 0, 0, 0, 0, 0, 0, 0, 0, 32, 3, 0, 0, 0, 0, 0, 0, 0, 0, 0, 33560659, 3, 104579, 872415369, 150995429, 536871017, 6292504, 0, 'AAA9AAAAAAA=');

INSERT INTO weenie_class (`weenieClassId`, `baseAceObjectId`)
VALUES (38339, 38339);

INSERT INTO `base_ace_object` (`baseAceObjectId`, `name`, `typeId`, `paletteId`, `ammoType`, `blipColor`, `bitField`, `burden`, `combatUse`, `cooldownDuration`, `cooldownId`, `effects`, `containersCapacity`, `header`, `hookTypeId`, `iconId`, `iconOverlayId`, `iconUnderlayId`, `hookItemTypes`, `itemsCapacity`, `location`, `materialType`, `maxStackSize`, `maxStructure`, `radar`, `pscript`, `spellId`, `stackSize`, `structure`, `targetTypeId`, `usability`, `useRadius`, `validLocations`, `value`, `workmanship`, `animationFrameId`, `defaultScript`, `defaultScriptIntensity`, `elasticity`, `friction`, `locationId`, `modelTableId`, `objectScale`, `physicsBitField`, `physicsTableId`, `motionTableId`, `soundTableId`, `physicsState`, `translucency`, `currentMotionState`)
VALUES (24263, 'Jojii Shrine', 16, 0, 0, 3, 4, 0, 0, 0, 0, 0, 255, 1048630, 0, 100674324, 0, 0, 0, 255, 0, 0, 0, 0, 0, 0, 0, 0, 0, 0, 32, 3, 0, 0, 0, 0, 0, 0, 0, 0, 0, 33558344, 0, 100355, 0, 150995196, 536870932, 6358040, 0, 'AAA9AAAAAAA=');

INSERT INTO weenie_class (`weenieClassId`, `baseAceObjectId`)
VALUES (24263, 24263);

INSERT INTO `base_ace_object` (`baseAceObjectId`, `name`, `typeId`, `paletteId`, `ammoType`, `blipColor`, `bitField`, `burden`, `combatUse`, `cooldownDuration`, `cooldownId`, `effects`, `containersCapacity`, `header`, `hookTypeId`, `iconId`, `iconOverlayId`, `iconUnderlayId`, `hookItemTypes`, `itemsCapacity`, `location`, `materialType`, `maxStackSize`, `maxStructure`, `radar`, `pscript`, `spellId`, `stackSize`, `structure`, `targetTypeId`, `usability`, `useRadius`, `validLocations`, `value`, `workmanship`, `animationFrameId`, `defaultScript`, `defaultScriptIntensity`, `elasticity`, `friction`, `locationId`, `modelTableId`, `objectScale`, `physicsBitField`, `physicsTableId`, `motionTableId`, `soundTableId`, `physicsState`, `translucency`, `currentMotionState`)
VALUES (33246, 'Harbinger''s Lair', 16, 0, 0, 4, 4, 0, 0, 0, 0, 0, 255, 9437238, 0, 100667499, 0, 0, 0, 255, 0, 0, 0, 0, 4, 0, 0, 0, 0, 0, 32, 0.1, 0, 0, 0, 0, 0, 0, 0, 0, 0, 33556212, 0, 100355, 0, 150994947, 536870932, 6294556, 0, 'AAA9AAAAAAA=');

INSERT INTO weenie_class (`weenieClassId`, `baseAceObjectId`)
VALUES (33246, 33246);

INSERT INTO `base_ace_object` (`baseAceObjectId`, `name`, `typeId`, `paletteId`, `ammoType`, `blipColor`, `bitField`, `burden`, `combatUse`, `cooldownDuration`, `cooldownId`, `effects`, `containersCapacity`, `header`, `hookTypeId`, `iconId`, `iconOverlayId`, `iconUnderlayId`, `hookItemTypes`, `itemsCapacity`, `location`, `materialType`, `maxStackSize`, `maxStructure`, `radar`, `pscript`, `spellId`, `stackSize`, `structure`, `targetTypeId`, `usability`, `useRadius`, `validLocations`, `value`, `workmanship`, `animationFrameId`, `defaultScript`, `defaultScriptIntensity`, `elasticity`, `friction`, `locationId`, `modelTableId`, `objectScale`, `physicsBitField`, `physicsTableId`, `motionTableId`, `soundTableId`, `physicsState`, `translucency`, `currentMotionState`)
VALUES (32734, 'Essence of Enchantment', 16, 0, 0, 0, 20, 0, 0, 0, 0, 0, 255, 8388630, 0, 100671612, 0, 0, 0, 255, 0, 0, 0, 0, 4, 0, 0, 0, 0, 0, 1, 0, 0, 0, 0, 0, 0, 0, 0, 0, 0, 33557033, 1.5, 104579, 872415323, 150995087, 536870985, 1032, 0, 'AAA9AAAAAAA=');

INSERT INTO weenie_class (`weenieClassId`, `baseAceObjectId`)
VALUES (32734, 32734);

INSERT INTO `base_ace_object` (`baseAceObjectId`, `name`, `typeId`, `paletteId`, `ammoType`, `blipColor`, `bitField`, `burden`, `combatUse`, `cooldownDuration`, `cooldownId`, `effects`, `containersCapacity`, `header`, `hookTypeId`, `iconId`, `iconOverlayId`, `iconUnderlayId`, `hookItemTypes`, `itemsCapacity`, `location`, `materialType`, `maxStackSize`, `maxStructure`, `radar`, `pscript`, `spellId`, `stackSize`, `structure`, `targetTypeId`, `usability`, `useRadius`, `validLocations`, `value`, `workmanship`, `animationFrameId`, `defaultScript`, `defaultScriptIntensity`, `elasticity`, `friction`, `locationId`, `modelTableId`, `objectScale`, `physicsBitField`, `physicsTableId`, `motionTableId`, `soundTableId`, `physicsState`, `translucency`, `currentMotionState`)
VALUES (32736, 'Essence of Verdancy', 16, 0, 0, 0, 20, 0, 0, 0, 0, 0, 255, 8388630, 0, 100671683, 0, 0, 0, 255, 0, 0, 0, 0, 4, 0, 0, 0, 0, 0, 1, 0, 0, 0, 0, 0, 0, 0, 0, 0, 0, 33557068, 1.5, 104579, 872415323, 150995087, 536870985, 1032, 0, 'AAA9AAAAAAA=');

INSERT INTO weenie_class (`weenieClassId`, `baseAceObjectId`)
VALUES (32736, 32736);

INSERT INTO `base_ace_object` (`baseAceObjectId`, `name`, `typeId`, `paletteId`, `ammoType`, `blipColor`, `bitField`, `burden`, `combatUse`, `cooldownDuration`, `cooldownId`, `effects`, `containersCapacity`, `header`, `hookTypeId`, `iconId`, `iconOverlayId`, `iconUnderlayId`, `hookItemTypes`, `itemsCapacity`, `location`, `materialType`, `maxStackSize`, `maxStructure`, `radar`, `pscript`, `spellId`, `stackSize`, `structure`, `targetTypeId`, `usability`, `useRadius`, `validLocations`, `value`, `workmanship`, `animationFrameId`, `defaultScript`, `defaultScriptIntensity`, `elasticity`, `friction`, `locationId`, `modelTableId`, `objectScale`, `physicsBitField`, `physicsTableId`, `motionTableId`, `soundTableId`, `physicsState`, `translucency`, `currentMotionState`)
VALUES (32737, 'Essence of Strife', 16, 0, 0, 0, 20, 0, 0, 0, 0, 0, 255, 8388630, 0, 100671332, 0, 0, 0, 255, 0, 0, 0, 0, 4, 0, 0, 0, 0, 0, 1, 0, 0, 0, 0, 0, 0, 0, 0, 0, 0, 33556955, 1.5, 104579, 872415323, 150995087, 536870985, 1032, 0, 'AAA9AAAAAAA=');

INSERT INTO weenie_class (`weenieClassId`, `baseAceObjectId`)
VALUES (32737, 32737);

INSERT INTO `base_ace_object` (`baseAceObjectId`, `name`, `typeId`, `paletteId`, `ammoType`, `blipColor`, `bitField`, `burden`, `combatUse`, `cooldownDuration`, `cooldownId`, `effects`, `containersCapacity`, `header`, `hookTypeId`, `iconId`, `iconOverlayId`, `iconUnderlayId`, `hookItemTypes`, `itemsCapacity`, `location`, `materialType`, `maxStackSize`, `maxStructure`, `radar`, `pscript`, `spellId`, `stackSize`, `structure`, `targetTypeId`, `usability`, `useRadius`, `validLocations`, `value`, `workmanship`, `animationFrameId`, `defaultScript`, `defaultScriptIntensity`, `elasticity`, `friction`, `locationId`, `modelTableId`, `objectScale`, `physicsBitField`, `physicsTableId`, `motionTableId`, `soundTableId`, `physicsState`, `translucency`, `currentMotionState`)
VALUES (32735, 'Essence of Artifice', 16, 0, 0, 0, 20, 0, 0, 0, 0, 0, 255, 8388630, 0, 100671383, 0, 0, 0, 255, 0, 0, 0, 0, 4, 0, 0, 0, 0, 0, 1, 0, 0, 0, 0, 0, 0, 0, 0, 0, 0, 33556979, 1.5, 104579, 872415323, 150995087, 536870985, 1032, 0, 'AAA9AEAAAAAAAIC/');

INSERT INTO weenie_class (`weenieClassId`, `baseAceObjectId`)
VALUES (32735, 32735);

INSERT INTO `base_ace_object` (`baseAceObjectId`, `name`, `typeId`, `paletteId`, `ammoType`, `blipColor`, `bitField`, `burden`, `combatUse`, `cooldownDuration`, `cooldownId`, `effects`, `containersCapacity`, `header`, `hookTypeId`, `iconId`, `iconOverlayId`, `iconUnderlayId`, `hookItemTypes`, `itemsCapacity`, `location`, `materialType`, `maxStackSize`, `maxStructure`, `radar`, `pscript`, `spellId`, `stackSize`, `structure`, `targetTypeId`, `usability`, `useRadius`, `validLocations`, `value`, `workmanship`, `animationFrameId`, `defaultScript`, `defaultScriptIntensity`, `elasticity`, `friction`, `locationId`, `modelTableId`, `objectScale`, `physicsBitField`, `physicsTableId`, `motionTableId`, `soundTableId`, `physicsState`, `translucency`, `currentMotionState`)
VALUES (21499, 'Coffin', 16, 0, 0, 3, 4, 0, 0, 0, 0, 0, 255, 1048630, 0, 100667624, 0, 0, 0, 255, 0, 0, 0, 0, 0, 0, 0, 0, 0, 0, 32, 3, 0, 0, 0, 0, 0, 0, 0, 0, 0, 33555351, 1.2, 104579, 872415274, 150995147, 536871052, 6292504, 0, 'AAA9AAAAAAA=');

INSERT INTO weenie_class (`weenieClassId`, `baseAceObjectId`)
VALUES (21499, 21499);

INSERT INTO `base_ace_object` (`baseAceObjectId`, `name`, `typeId`, `paletteId`, `ammoType`, `blipColor`, `bitField`, `burden`, `combatUse`, `cooldownDuration`, `cooldownId`, `effects`, `containersCapacity`, `header`, `hookTypeId`, `iconId`, `iconOverlayId`, `iconUnderlayId`, `hookItemTypes`, `itemsCapacity`, `location`, `materialType`, `maxStackSize`, `maxStructure`, `radar`, `pscript`, `spellId`, `stackSize`, `structure`, `targetTypeId`, `usability`, `useRadius`, `validLocations`, `value`, `workmanship`, `animationFrameId`, `defaultScript`, `defaultScriptIntensity`, `elasticity`, `friction`, `locationId`, `modelTableId`, `objectScale`, `physicsBitField`, `physicsTableId`, `motionTableId`, `soundTableId`, `physicsState`, `translucency`, `currentMotionState`)
VALUES (21511, 'Silence', 16, 0, 0, 3, 4, 0, 0, 0, 0, 0, 255, 1048630, 0, 100667624, 0, 0, 0, 255, 0, 0, 0, 0, 0, 0, 0, 0, 0, 0, 32, 3, 0, 0, 0, 0, 0, 0, 0, 0, 0, 33555351, 1.2, 104579, 872415274, 150995147, 536871052, 6292504, 0, 'AAA9AAAAAAA=');

INSERT INTO weenie_class (`weenieClassId`, `baseAceObjectId`)
VALUES (21511, 21511);

INSERT INTO `base_ace_object` (`baseAceObjectId`, `name`, `typeId`, `paletteId`, `ammoType`, `blipColor`, `bitField`, `burden`, `combatUse`, `cooldownDuration`, `cooldownId`, `effects`, `containersCapacity`, `header`, `hookTypeId`, `iconId`, `iconOverlayId`, `iconUnderlayId`, `hookItemTypes`, `itemsCapacity`, `location`, `materialType`, `maxStackSize`, `maxStructure`, `radar`, `pscript`, `spellId`, `stackSize`, `structure`, `targetTypeId`, `usability`, `useRadius`, `validLocations`, `value`, `workmanship`, `animationFrameId`, `defaultScript`, `defaultScriptIntensity`, `elasticity`, `friction`, `locationId`, `modelTableId`, `objectScale`, `physicsBitField`, `physicsTableId`, `motionTableId`, `soundTableId`, `physicsState`, `translucency`, `currentMotionState`)
VALUES (21498, 'Black', 16, 0, 0, 3, 4, 0, 0, 0, 0, 0, 255, 1048630, 0, 100667624, 0, 0, 0, 255, 0, 0, 0, 0, 0, 0, 0, 0, 0, 0, 32, 3, 0, 0, 0, 0, 0, 0, 0, 0, 0, 33555351, 1.2, 104579, 872415274, 150995147, 536871052, 6292504, 0, 'AAA9AAAAAAA=');

INSERT INTO weenie_class (`weenieClassId`, `baseAceObjectId`)
VALUES (21498, 21498);

INSERT INTO `base_ace_object` (`baseAceObjectId`, `name`, `typeId`, `paletteId`, `ammoType`, `blipColor`, `bitField`, `burden`, `combatUse`, `cooldownDuration`, `cooldownId`, `effects`, `containersCapacity`, `header`, `hookTypeId`, `iconId`, `iconOverlayId`, `iconUnderlayId`, `hookItemTypes`, `itemsCapacity`, `location`, `materialType`, `maxStackSize`, `maxStructure`, `radar`, `pscript`, `spellId`, `stackSize`, `structure`, `targetTypeId`, `usability`, `useRadius`, `validLocations`, `value`, `workmanship`, `animationFrameId`, `defaultScript`, `defaultScriptIntensity`, `elasticity`, `friction`, `locationId`, `modelTableId`, `objectScale`, `physicsBitField`, `physicsTableId`, `motionTableId`, `soundTableId`, `physicsState`, `translucency`, `currentMotionState`)
VALUES (21503, 'Eyes', 16, 0, 0, 3, 4, 0, 0, 0, 0, 0, 255, 1048630, 0, 100667624, 0, 0, 0, 255, 0, 0, 0, 0, 0, 0, 0, 0, 0, 0, 32, 3, 0, 0, 0, 0, 0, 0, 0, 0, 0, 33555351, 1.2, 104579, 872415274, 150995147, 536871052, 6292504, 0, 'AAA9AAAAAAA=');

INSERT INTO weenie_class (`weenieClassId`, `baseAceObjectId`)
VALUES (21503, 21503);

INSERT INTO `base_ace_object` (`baseAceObjectId`, `name`, `typeId`, `paletteId`, `ammoType`, `blipColor`, `bitField`, `burden`, `combatUse`, `cooldownDuration`, `cooldownId`, `effects`, `containersCapacity`, `header`, `hookTypeId`, `iconId`, `iconOverlayId`, `iconUnderlayId`, `hookItemTypes`, `itemsCapacity`, `location`, `materialType`, `maxStackSize`, `maxStructure`, `radar`, `pscript`, `spellId`, `stackSize`, `structure`, `targetTypeId`, `usability`, `useRadius`, `validLocations`, `value`, `workmanship`, `animationFrameId`, `defaultScript`, `defaultScriptIntensity`, `elasticity`, `friction`, `locationId`, `modelTableId`, `objectScale`, `physicsBitField`, `physicsTableId`, `motionTableId`, `soundTableId`, `physicsState`, `translucency`, `currentMotionState`)
VALUES (21497, 'Bed', 16, 0, 0, 3, 4, 0, 0, 0, 0, 0, 255, 1048630, 0, 100667624, 0, 0, 0, 255, 0, 0, 0, 0, 0, 0, 0, 0, 0, 0, 32, 3, 0, 0, 0, 0, 0, 0, 0, 0, 0, 33555351, 1.2, 104579, 872415274, 150995147, 536871052, 6292504, 0, 'AAA9AAAAAAA=');

INSERT INTO weenie_class (`weenieClassId`, `baseAceObjectId`)
VALUES (21497, 21497);

INSERT INTO `base_ace_object` (`baseAceObjectId`, `name`, `typeId`, `paletteId`, `ammoType`, `blipColor`, `bitField`, `burden`, `combatUse`, `cooldownDuration`, `cooldownId`, `effects`, `containersCapacity`, `header`, `hookTypeId`, `iconId`, `iconOverlayId`, `iconUnderlayId`, `hookItemTypes`, `itemsCapacity`, `location`, `materialType`, `maxStackSize`, `maxStructure`, `radar`, `pscript`, `spellId`, `stackSize`, `structure`, `targetTypeId`, `usability`, `useRadius`, `validLocations`, `value`, `workmanship`, `animationFrameId`, `defaultScript`, `defaultScriptIntensity`, `elasticity`, `friction`, `locationId`, `modelTableId`, `objectScale`, `physicsBitField`, `physicsTableId`, `motionTableId`, `soundTableId`, `physicsState`, `translucency`, `currentMotionState`)
VALUES (21504, 'Flame', 16, 0, 0, 3, 4, 0, 0, 0, 0, 0, 255, 1048630, 0, 100667624, 0, 0, 0, 255, 0, 0, 0, 0, 0, 0, 0, 0, 0, 0, 32, 3, 0, 0, 0, 0, 0, 0, 0, 0, 0, 33555351, 1.2, 104579, 872415274, 150995147, 536871052, 6292504, 0, 'AAA9AAAAAAA=');

INSERT INTO weenie_class (`weenieClassId`, `baseAceObjectId`)
VALUES (21504, 21504);

INSERT INTO `base_ace_object` (`baseAceObjectId`, `name`, `typeId`, `paletteId`, `ammoType`, `blipColor`, `bitField`, `burden`, `combatUse`, `cooldownDuration`, `cooldownId`, `effects`, `containersCapacity`, `header`, `hookTypeId`, `iconId`, `iconOverlayId`, `iconUnderlayId`, `hookItemTypes`, `itemsCapacity`, `location`, `materialType`, `maxStackSize`, `maxStructure`, `radar`, `pscript`, `spellId`, `stackSize`, `structure`, `targetTypeId`, `usability`, `useRadius`, `validLocations`, `value`, `workmanship`, `animationFrameId`, `defaultScript`, `defaultScriptIntensity`, `elasticity`, `friction`, `locationId`, `modelTableId`, `objectScale`, `physicsBitField`, `physicsTableId`, `motionTableId`, `soundTableId`, `physicsState`, `translucency`, `currentMotionState`)
VALUES (21505, 'Hole', 16, 0, 0, 3, 4, 0, 0, 0, 0, 0, 255, 1048630, 0, 100667624, 0, 0, 0, 255, 0, 0, 0, 0, 0, 0, 0, 0, 0, 0, 32, 3, 0, 0, 0, 0, 0, 0, 0, 0, 0, 33555351, 1.2, 104579, 872415274, 150995147, 536871052, 6292504, 0, 'AAA9AAAAAAA=');

INSERT INTO weenie_class (`weenieClassId`, `baseAceObjectId`)
VALUES (21505, 21505);

INSERT INTO `base_ace_object` (`baseAceObjectId`, `name`, `typeId`, `paletteId`, `ammoType`, `blipColor`, `bitField`, `burden`, `combatUse`, `cooldownDuration`, `cooldownId`, `effects`, `containersCapacity`, `header`, `hookTypeId`, `iconId`, `iconOverlayId`, `iconUnderlayId`, `hookItemTypes`, `itemsCapacity`, `location`, `materialType`, `maxStackSize`, `maxStructure`, `radar`, `pscript`, `spellId`, `stackSize`, `structure`, `targetTypeId`, `usability`, `useRadius`, `validLocations`, `value`, `workmanship`, `animationFrameId`, `defaultScript`, `defaultScriptIntensity`, `elasticity`, `friction`, `locationId`, `modelTableId`, `objectScale`, `physicsBitField`, `physicsTableId`, `motionTableId`, `soundTableId`, `physicsState`, `translucency`, `currentMotionState`)
VALUES (21516, 'Wind', 16, 0, 0, 3, 4, 0, 0, 0, 0, 0, 255, 1048630, 0, 100667624, 0, 0, 0, 255, 0, 0, 0, 0, 0, 0, 0, 0, 0, 0, 32, 3, 0, 0, 0, 0, 0, 0, 0, 0, 0, 33555351, 1.2, 104579, 872415274, 150995147, 536871052, 6292504, 0, 'AAA9AAAAAAA=');

INSERT INTO weenie_class (`weenieClassId`, `baseAceObjectId`)
VALUES (21516, 21516);

INSERT INTO `base_ace_object` (`baseAceObjectId`, `name`, `typeId`, `paletteId`, `ammoType`, `blipColor`, `bitField`, `burden`, `combatUse`, `cooldownDuration`, `cooldownId`, `effects`, `containersCapacity`, `header`, `hookTypeId`, `iconId`, `iconOverlayId`, `iconUnderlayId`, `hookItemTypes`, `itemsCapacity`, `location`, `materialType`, `maxStackSize`, `maxStructure`, `radar`, `pscript`, `spellId`, `stackSize`, `structure`, `targetTypeId`, `usability`, `useRadius`, `validLocations`, `value`, `workmanship`, `animationFrameId`, `defaultScript`, `defaultScriptIntensity`, `elasticity`, `friction`, `locationId`, `modelTableId`, `objectScale`, `physicsBitField`, `physicsTableId`, `motionTableId`, `soundTableId`, `physicsState`, `translucency`, `currentMotionState`)
VALUES (21501, 'Death', 16, 0, 0, 3, 4, 0, 0, 0, 0, 0, 255, 1048630, 0, 100667624, 0, 0, 0, 255, 0, 0, 0, 0, 0, 0, 0, 0, 0, 0, 32, 3, 0, 0, 0, 0, 0, 0, 0, 0, 0, 33555351, 1.2, 104579, 872415274, 150995147, 536871052, 6292504, 0, 'AAA9AAAAAAA=');

INSERT INTO weenie_class (`weenieClassId`, `baseAceObjectId`)
VALUES (21501, 21501);

INSERT INTO `base_ace_object` (`baseAceObjectId`, `name`, `typeId`, `paletteId`, `ammoType`, `blipColor`, `bitField`, `burden`, `combatUse`, `cooldownDuration`, `cooldownId`, `effects`, `containersCapacity`, `header`, `hookTypeId`, `iconId`, `iconOverlayId`, `iconUnderlayId`, `hookItemTypes`, `itemsCapacity`, `location`, `materialType`, `maxStackSize`, `maxStructure`, `radar`, `pscript`, `spellId`, `stackSize`, `structure`, `targetTypeId`, `usability`, `useRadius`, `validLocations`, `value`, `workmanship`, `animationFrameId`, `defaultScript`, `defaultScriptIntensity`, `elasticity`, `friction`, `locationId`, `modelTableId`, `objectScale`, `physicsBitField`, `physicsTableId`, `motionTableId`, `soundTableId`, `physicsState`, `translucency`, `currentMotionState`)
VALUES (21514, 'Time', 16, 0, 0, 3, 4, 0, 0, 0, 0, 0, 255, 1048630, 0, 100667624, 0, 0, 0, 255, 0, 0, 0, 0, 0, 0, 0, 0, 0, 0, 32, 3, 0, 0, 0, 0, 0, 0, 0, 0, 0, 33555351, 1.2, 104579, 872415274, 150995147, 536871052, 6292504, 0, 'AAA9AAAAAAA=');

INSERT INTO weenie_class (`weenieClassId`, `baseAceObjectId`)
VALUES (21514, 21514);

INSERT INTO `base_ace_object` (`baseAceObjectId`, `name`, `typeId`, `paletteId`, `ammoType`, `blipColor`, `bitField`, `burden`, `combatUse`, `cooldownDuration`, `cooldownId`, `effects`, `containersCapacity`, `header`, `hookTypeId`, `iconId`, `iconOverlayId`, `iconUnderlayId`, `hookItemTypes`, `itemsCapacity`, `location`, `materialType`, `maxStackSize`, `maxStructure`, `radar`, `pscript`, `spellId`, `stackSize`, `structure`, `targetTypeId`, `usability`, `useRadius`, `validLocations`, `value`, `workmanship`, `animationFrameId`, `defaultScript`, `defaultScriptIntensity`, `elasticity`, `friction`, `locationId`, `modelTableId`, `objectScale`, `physicsBitField`, `physicsTableId`, `motionTableId`, `soundTableId`, `physicsState`, `translucency`, `currentMotionState`)
VALUES (21510, 'Ring', 16, 0, 0, 3, 4, 0, 0, 0, 0, 0, 255, 1048630, 0, 100667624, 0, 0, 0, 255, 0, 0, 0, 0, 0, 0, 0, 0, 0, 0, 32, 3, 0, 0, 0, 0, 0, 0, 0, 0, 0, 33555351, 1.2, 104579, 872415274, 150995147, 536871052, 6292504, 0, 'AAA9AAAAAAA=');

INSERT INTO weenie_class (`weenieClassId`, `baseAceObjectId`)
VALUES (21510, 21510);

INSERT INTO `base_ace_object` (`baseAceObjectId`, `name`, `typeId`, `paletteId`, `ammoType`, `blipColor`, `bitField`, `burden`, `combatUse`, `cooldownDuration`, `cooldownId`, `effects`, `containersCapacity`, `header`, `hookTypeId`, `iconId`, `iconOverlayId`, `iconUnderlayId`, `hookItemTypes`, `itemsCapacity`, `location`, `materialType`, `maxStackSize`, `maxStructure`, `radar`, `pscript`, `spellId`, `stackSize`, `structure`, `targetTypeId`, `usability`, `useRadius`, `validLocations`, `value`, `workmanship`, `animationFrameId`, `defaultScript`, `defaultScriptIntensity`, `elasticity`, `friction`, `locationId`, `modelTableId`, `objectScale`, `physicsBitField`, `physicsTableId`, `motionTableId`, `soundTableId`, `physicsState`, `translucency`, `currentMotionState`)
VALUES (21506, 'Hope', 16, 0, 0, 3, 4, 0, 0, 0, 0, 0, 255, 1048630, 0, 100667624, 0, 0, 0, 255, 0, 0, 0, 0, 0, 0, 0, 0, 0, 0, 32, 3, 0, 0, 0, 0, 0, 0, 0, 0, 0, 33555351, 1.2, 104579, 872415274, 150995147, 536871052, 6292504, 0, 'AAA9AAAAAAA=');

INSERT INTO weenie_class (`weenieClassId`, `baseAceObjectId`)
VALUES (21506, 21506);

INSERT INTO `base_ace_object` (`baseAceObjectId`, `name`, `typeId`, `paletteId`, `ammoType`, `blipColor`, `bitField`, `burden`, `combatUse`, `cooldownDuration`, `cooldownId`, `effects`, `containersCapacity`, `header`, `hookTypeId`, `iconId`, `iconOverlayId`, `iconUnderlayId`, `hookItemTypes`, `itemsCapacity`, `location`, `materialType`, `maxStackSize`, `maxStructure`, `radar`, `pscript`, `spellId`, `stackSize`, `structure`, `targetTypeId`, `usability`, `useRadius`, `validLocations`, `value`, `workmanship`, `animationFrameId`, `defaultScript`, `defaultScriptIntensity`, `elasticity`, `friction`, `locationId`, `modelTableId`, `objectScale`, `physicsBitField`, `physicsTableId`, `motionTableId`, `soundTableId`, `physicsState`, `translucency`, `currentMotionState`)
VALUES (21512, 'Stars', 16, 0, 0, 3, 4, 0, 0, 0, 0, 0, 255, 1048630, 0, 100667624, 0, 0, 0, 255, 0, 0, 0, 0, 0, 0, 0, 0, 0, 0, 32, 3, 0, 0, 0, 0, 0, 0, 0, 0, 0, 33555351, 1.2, 104579, 872415274, 150995147, 536871052, 6292504, 0, 'AAA9AAAAAAA=');

INSERT INTO weenie_class (`weenieClassId`, `baseAceObjectId`)
VALUES (21512, 21512);

INSERT INTO `base_ace_object` (`baseAceObjectId`, `name`, `typeId`, `paletteId`, `ammoType`, `blipColor`, `bitField`, `burden`, `combatUse`, `cooldownDuration`, `cooldownId`, `effects`, `containersCapacity`, `header`, `hookTypeId`, `iconId`, `iconOverlayId`, `iconUnderlayId`, `hookItemTypes`, `itemsCapacity`, `location`, `materialType`, `maxStackSize`, `maxStructure`, `radar`, `pscript`, `spellId`, `stackSize`, `structure`, `targetTypeId`, `usability`, `useRadius`, `validLocations`, `value`, `workmanship`, `animationFrameId`, `defaultScript`, `defaultScriptIntensity`, `elasticity`, `friction`, `locationId`, `modelTableId`, `objectScale`, `physicsBitField`, `physicsTableId`, `motionTableId`, `soundTableId`, `physicsState`, `translucency`, `currentMotionState`)
VALUES (21502, 'E', 16, 0, 0, 3, 4, 0, 0, 0, 0, 0, 255, 1048630, 0, 100667624, 0, 0, 0, 255, 0, 0, 0, 0, 0, 0, 0, 0, 0, 0, 32, 3, 0, 0, 0, 0, 0, 0, 0, 0, 0, 33555351, 1.2, 104579, 872415274, 150995147, 536871052, 6292504, 0, 'AAA9AAAAAAA=');

INSERT INTO weenie_class (`weenieClassId`, `baseAceObjectId`)
VALUES (21502, 21502);

INSERT INTO `base_ace_object` (`baseAceObjectId`, `name`, `typeId`, `paletteId`, `ammoType`, `blipColor`, `bitField`, `burden`, `combatUse`, `cooldownDuration`, `cooldownId`, `effects`, `containersCapacity`, `header`, `hookTypeId`, `iconId`, `iconOverlayId`, `iconUnderlayId`, `hookItemTypes`, `itemsCapacity`, `location`, `materialType`, `maxStackSize`, `maxStructure`, `radar`, `pscript`, `spellId`, `stackSize`, `structure`, `targetTypeId`, `usability`, `useRadius`, `validLocations`, `value`, `workmanship`, `animationFrameId`, `defaultScript`, `defaultScriptIntensity`, `elasticity`, `friction`, `locationId`, `modelTableId`, `objectScale`, `physicsBitField`, `physicsTableId`, `motionTableId`, `soundTableId`, `physicsState`, `translucency`, `currentMotionState`)
VALUES (21500, 'Darkness', 16, 0, 0, 3, 4, 0, 0, 0, 0, 0, 255, 1048630, 0, 100667624, 0, 0, 0, 255, 0, 0, 0, 0, 0, 0, 0, 0, 0, 0, 32, 3, 0, 0, 0, 0, 0, 0, 0, 0, 0, 33555351, 1.2, 104579, 872415274, 150995147, 536871052, 6292504, 0, 'AAA9AAAAAAA=');

INSERT INTO weenie_class (`weenieClassId`, `baseAceObjectId`)
VALUES (21500, 21500);

INSERT INTO `base_ace_object` (`baseAceObjectId`, `name`, `typeId`, `paletteId`, `ammoType`, `blipColor`, `bitField`, `burden`, `combatUse`, `cooldownDuration`, `cooldownId`, `effects`, `containersCapacity`, `header`, `hookTypeId`, `iconId`, `iconOverlayId`, `iconUnderlayId`, `hookItemTypes`, `itemsCapacity`, `location`, `materialType`, `maxStackSize`, `maxStructure`, `radar`, `pscript`, `spellId`, `stackSize`, `structure`, `targetTypeId`, `usability`, `useRadius`, `validLocations`, `value`, `workmanship`, `animationFrameId`, `defaultScript`, `defaultScriptIntensity`, `elasticity`, `friction`, `locationId`, `modelTableId`, `objectScale`, `physicsBitField`, `physicsTableId`, `motionTableId`, `soundTableId`, `physicsState`, `translucency`, `currentMotionState`)
VALUES (21508, 'Mushroom', 16, 0, 0, 3, 4, 0, 0, 0, 0, 0, 255, 1048630, 0, 100667624, 0, 0, 0, 255, 0, 0, 0, 0, 0, 0, 0, 0, 0, 0, 32, 3, 0, 0, 0, 0, 0, 0, 0, 0, 0, 33555351, 1.2, 104579, 872415274, 150995147, 536871052, 6292504, 0, 'AAA9AAAAAAA=');

INSERT INTO weenie_class (`weenieClassId`, `baseAceObjectId`)
VALUES (21508, 21508);

INSERT INTO `base_ace_object` (`baseAceObjectId`, `name`, `typeId`, `paletteId`, `ammoType`, `blipColor`, `bitField`, `burden`, `combatUse`, `cooldownDuration`, `cooldownId`, `effects`, `containersCapacity`, `header`, `hookTypeId`, `iconId`, `iconOverlayId`, `iconUnderlayId`, `hookItemTypes`, `itemsCapacity`, `location`, `materialType`, `maxStackSize`, `maxStructure`, `radar`, `pscript`, `spellId`, `stackSize`, `structure`, `targetTypeId`, `usability`, `useRadius`, `validLocations`, `value`, `workmanship`, `animationFrameId`, `defaultScript`, `defaultScriptIntensity`, `elasticity`, `friction`, `locationId`, `modelTableId`, `objectScale`, `physicsBitField`, `physicsTableId`, `motionTableId`, `soundTableId`, `physicsState`, `translucency`, `currentMotionState`)
VALUES (21507, 'Man', 16, 0, 0, 3, 4, 0, 0, 0, 0, 0, 255, 1048630, 0, 100667624, 0, 0, 0, 255, 0, 0, 0, 0, 0, 0, 0, 0, 0, 0, 32, 3, 0, 0, 0, 0, 0, 0, 0, 0, 0, 33555351, 1.2, 104579, 872415274, 150995147, 536871052, 6292504, 0, 'AAA9AAAAAAA=');

INSERT INTO weenie_class (`weenieClassId`, `baseAceObjectId`)
VALUES (21507, 21507);

INSERT INTO `base_ace_object` (`baseAceObjectId`, `name`, `typeId`, `paletteId`, `ammoType`, `blipColor`, `bitField`, `burden`, `combatUse`, `cooldownDuration`, `cooldownId`, `effects`, `containersCapacity`, `header`, `hookTypeId`, `iconId`, `iconOverlayId`, `iconUnderlayId`, `hookItemTypes`, `itemsCapacity`, `location`, `materialType`, `maxStackSize`, `maxStructure`, `radar`, `pscript`, `spellId`, `stackSize`, `structure`, `targetTypeId`, `usability`, `useRadius`, `validLocations`, `value`, `workmanship`, `animationFrameId`, `defaultScript`, `defaultScriptIntensity`, `elasticity`, `friction`, `locationId`, `modelTableId`, `objectScale`, `physicsBitField`, `physicsTableId`, `motionTableId`, `soundTableId`, `physicsState`, `translucency`, `currentMotionState`)
VALUES (21509, 'Nothing', 16, 0, 0, 3, 4, 0, 0, 0, 0, 0, 255, 1048630, 0, 100667624, 0, 0, 0, 255, 0, 0, 0, 0, 0, 0, 0, 0, 0, 0, 32, 3, 0, 0, 0, 0, 0, 0, 0, 0, 0, 33555351, 1.2, 104579, 872415274, 150995147, 536871052, 6292504, 0, 'AAA9AAAAAAA=');

INSERT INTO weenie_class (`weenieClassId`, `baseAceObjectId`)
VALUES (21509, 21509);

INSERT INTO `base_ace_object` (`baseAceObjectId`, `name`, `typeId`, `paletteId`, `ammoType`, `blipColor`, `bitField`, `burden`, `combatUse`, `cooldownDuration`, `cooldownId`, `effects`, `containersCapacity`, `header`, `hookTypeId`, `iconId`, `iconOverlayId`, `iconUnderlayId`, `hookItemTypes`, `itemsCapacity`, `location`, `materialType`, `maxStackSize`, `maxStructure`, `radar`, `pscript`, `spellId`, `stackSize`, `structure`, `targetTypeId`, `usability`, `useRadius`, `validLocations`, `value`, `workmanship`, `animationFrameId`, `defaultScript`, `defaultScriptIntensity`, `elasticity`, `friction`, `locationId`, `modelTableId`, `objectScale`, `physicsBitField`, `physicsTableId`, `motionTableId`, `soundTableId`, `physicsState`, `translucency`, `currentMotionState`)
VALUES (21496, 'Tribunal', 16, 0, 0, 3, 4, 0, 0, 0, 0, 0, 255, 1048630, 0, 100667624, 0, 0, 0, 255, 0, 0, 0, 0, 0, 0, 0, 0, 0, 0, 32, 2, 0, 0, 0, 0, 0, 0, 0, 0, 0, 33555377, 1.5, 104579, 872415274, 150995147, 536871052, 6292504, 0, 'AAA9AAAAAAA=');

INSERT INTO weenie_class (`weenieClassId`, `baseAceObjectId`)
VALUES (21496, 21496);

INSERT INTO `base_ace_object` (`baseAceObjectId`, `name`, `typeId`, `paletteId`, `ammoType`, `blipColor`, `bitField`, `burden`, `combatUse`, `cooldownDuration`, `cooldownId`, `effects`, `containersCapacity`, `header`, `hookTypeId`, `iconId`, `iconOverlayId`, `iconUnderlayId`, `hookItemTypes`, `itemsCapacity`, `location`, `materialType`, `maxStackSize`, `maxStructure`, `radar`, `pscript`, `spellId`, `stackSize`, `structure`, `targetTypeId`, `usability`, `useRadius`, `validLocations`, `value`, `workmanship`, `animationFrameId`, `defaultScript`, `defaultScriptIntensity`, `elasticity`, `friction`, `locationId`, `modelTableId`, `objectScale`, `physicsBitField`, `physicsTableId`, `motionTableId`, `soundTableId`, `physicsState`, `translucency`, `currentMotionState`)
VALUES (21513, 'Sunlight', 16, 0, 0, 3, 4, 0, 0, 0, 0, 0, 255, 1048630, 0, 100667624, 0, 0, 0, 255, 0, 0, 0, 0, 0, 0, 0, 0, 0, 0, 32, 3, 0, 0, 0, 0, 0, 0, 0, 0, 0, 33555351, 1.2, 104579, 872415274, 150995147, 536871052, 6292504, 0, 'AAA9AAAAAAA=');

INSERT INTO weenie_class (`weenieClassId`, `baseAceObjectId`)
VALUES (21513, 21513);

INSERT INTO `base_ace_object` (`baseAceObjectId`, `name`, `typeId`, `paletteId`, `ammoType`, `blipColor`, `bitField`, `burden`, `combatUse`, `cooldownDuration`, `cooldownId`, `effects`, `containersCapacity`, `header`, `hookTypeId`, `iconId`, `iconOverlayId`, `iconUnderlayId`, `hookItemTypes`, `itemsCapacity`, `location`, `materialType`, `maxStackSize`, `maxStructure`, `radar`, `pscript`, `spellId`, `stackSize`, `structure`, `targetTypeId`, `usability`, `useRadius`, `validLocations`, `value`, `workmanship`, `animationFrameId`, `defaultScript`, `defaultScriptIntensity`, `elasticity`, `friction`, `locationId`, `modelTableId`, `objectScale`, `physicsBitField`, `physicsTableId`, `motionTableId`, `soundTableId`, `physicsState`, `translucency`, `currentMotionState`)
VALUES (46929, 'Door', 16, 0, 0, 0, 20, 0, 0, 0, 0, 0, 255, 8388630, 0, 100673480, 0, 0, 0, 255, 0, 0, 0, 0, 4, 0, 0, 0, 0, 0, 1, 0, 0, 0, 0, 0, 0, 0, 0, 0, 0, 33557970, 0, 104451, 872415339, 150995221, 536871001, 66568, 0, 'AAA9AAAAAAA=');

INSERT INTO weenie_class (`weenieClassId`, `baseAceObjectId`)
VALUES (46929, 46929);

INSERT INTO `base_ace_object` (`baseAceObjectId`, `name`, `typeId`, `paletteId`, `ammoType`, `blipColor`, `bitField`, `burden`, `combatUse`, `cooldownDuration`, `cooldownId`, `effects`, `containersCapacity`, `header`, `hookTypeId`, `iconId`, `iconOverlayId`, `iconUnderlayId`, `hookItemTypes`, `itemsCapacity`, `location`, `materialType`, `maxStackSize`, `maxStructure`, `radar`, `pscript`, `spellId`, `stackSize`, `structure`, `targetTypeId`, `usability`, `useRadius`, `validLocations`, `value`, `workmanship`, `animationFrameId`, `defaultScript`, `defaultScriptIntensity`, `elasticity`, `friction`, `locationId`, `modelTableId`, `objectScale`, `physicsBitField`, `physicsTableId`, `motionTableId`, `soundTableId`, `physicsState`, `translucency`, `currentMotionState`)
VALUES (21494, 'Statue', 16, 0, 0, 3, 4, 0, 0, 0, 0, 0, 255, 1048630, 0, 100667624, 0, 0, 0, 255, 0, 0, 0, 0, 0, 0, 0, 0, 0, 0, 32, 3, 0, 0, 0, 0, 0, 0, 0, 0, 0, 33555352, 1.2, 104579, 872415274, 150995147, 536871052, 6292504, 0, 'AAA9AAAAAAA=');

INSERT INTO weenie_class (`weenieClassId`, `baseAceObjectId`)
VALUES (21494, 21494);

INSERT INTO `base_ace_object` (`baseAceObjectId`, `name`, `typeId`, `paletteId`, `ammoType`, `blipColor`, `bitField`, `burden`, `combatUse`, `cooldownDuration`, `cooldownId`, `effects`, `containersCapacity`, `header`, `hookTypeId`, `iconId`, `iconOverlayId`, `iconUnderlayId`, `hookItemTypes`, `itemsCapacity`, `location`, `materialType`, `maxStackSize`, `maxStructure`, `radar`, `pscript`, `spellId`, `stackSize`, `structure`, `targetTypeId`, `usability`, `useRadius`, `validLocations`, `value`, `workmanship`, `animationFrameId`, `defaultScript`, `defaultScriptIntensity`, `elasticity`, `friction`, `locationId`, `modelTableId`, `objectScale`, `physicsBitField`, `physicsTableId`, `motionTableId`, `soundTableId`, `physicsState`, `translucency`, `currentMotionState`)
VALUES (21495, 'Statue', 16, 0, 0, 3, 4, 0, 0, 0, 0, 0, 255, 1048630, 0, 100667624, 0, 0, 0, 255, 0, 0, 0, 0, 0, 0, 0, 0, 0, 0, 32, 3, 0, 0, 0, 0, 0, 0, 0, 0, 0, 33555352, 1.2, 104579, 872415274, 150995147, 536871052, 6292504, 0, 'AAA9AAAAAAA=');

INSERT INTO weenie_class (`weenieClassId`, `baseAceObjectId`)
VALUES (21495, 21495);

INSERT INTO `base_ace_object` (`baseAceObjectId`, `name`, `typeId`, `paletteId`, `ammoType`, `blipColor`, `bitField`, `burden`, `combatUse`, `cooldownDuration`, `cooldownId`, `effects`, `containersCapacity`, `header`, `hookTypeId`, `iconId`, `iconOverlayId`, `iconUnderlayId`, `hookItemTypes`, `itemsCapacity`, `location`, `materialType`, `maxStackSize`, `maxStructure`, `radar`, `pscript`, `spellId`, `stackSize`, `structure`, `targetTypeId`, `usability`, `useRadius`, `validLocations`, `value`, `workmanship`, `animationFrameId`, `defaultScript`, `defaultScriptIntensity`, `elasticity`, `friction`, `locationId`, `modelTableId`, `objectScale`, `physicsBitField`, `physicsTableId`, `motionTableId`, `soundTableId`, `physicsState`, `translucency`, `currentMotionState`)
VALUES (21485, 'Bookshelf', 16, 0, 0, 3, 4, 0, 0, 0, 0, 0, 255, 1048630, 0, 100668246, 0, 0, 0, 255, 0, 0, 0, 0, 0, 0, 0, 0, 0, 0, 32, 3, 0, 0, 0, 0, 0, 0, 0, 0, 0, 33556844, 1.2, 104579, 872415323, 150995197, 536871052, 6358040, 0, 'AAA9AAAAAAA=');

INSERT INTO weenie_class (`weenieClassId`, `baseAceObjectId`)
VALUES (21485, 21485);

INSERT INTO `base_ace_object` (`baseAceObjectId`, `name`, `typeId`, `paletteId`, `ammoType`, `blipColor`, `bitField`, `burden`, `combatUse`, `cooldownDuration`, `cooldownId`, `effects`, `containersCapacity`, `header`, `hookTypeId`, `iconId`, `iconOverlayId`, `iconUnderlayId`, `hookItemTypes`, `itemsCapacity`, `location`, `materialType`, `maxStackSize`, `maxStructure`, `radar`, `pscript`, `spellId`, `stackSize`, `structure`, `targetTypeId`, `usability`, `useRadius`, `validLocations`, `value`, `workmanship`, `animationFrameId`, `defaultScript`, `defaultScriptIntensity`, `elasticity`, `friction`, `locationId`, `modelTableId`, `objectScale`, `physicsBitField`, `physicsTableId`, `motionTableId`, `soundTableId`, `physicsState`, `translucency`, `currentMotionState`)
VALUES (21486, 'Bookshelf', 16, 0, 0, 3, 4, 0, 0, 0, 0, 0, 255, 1048630, 0, 100668246, 0, 0, 0, 255, 0, 0, 0, 0, 0, 0, 0, 0, 0, 0, 32, 3, 0, 0, 0, 0, 0, 0, 0, 0, 0, 33556844, 1.2, 104579, 872415323, 150995197, 536871052, 6358040, 0, 'AAA9AAAAAAA=');

INSERT INTO weenie_class (`weenieClassId`, `baseAceObjectId`)
VALUES (21486, 21486);

INSERT INTO `base_ace_object` (`baseAceObjectId`, `name`, `typeId`, `paletteId`, `ammoType`, `blipColor`, `bitField`, `burden`, `combatUse`, `cooldownDuration`, `cooldownId`, `effects`, `containersCapacity`, `header`, `hookTypeId`, `iconId`, `iconOverlayId`, `iconUnderlayId`, `hookItemTypes`, `itemsCapacity`, `location`, `materialType`, `maxStackSize`, `maxStructure`, `radar`, `pscript`, `spellId`, `stackSize`, `structure`, `targetTypeId`, `usability`, `useRadius`, `validLocations`, `value`, `workmanship`, `animationFrameId`, `defaultScript`, `defaultScriptIntensity`, `elasticity`, `friction`, `locationId`, `modelTableId`, `objectScale`, `physicsBitField`, `physicsTableId`, `motionTableId`, `soundTableId`, `physicsState`, `translucency`, `currentMotionState`)
VALUES (21487, 'Bookshelf', 16, 0, 0, 3, 4, 0, 0, 0, 0, 0, 255, 1048630, 0, 100668246, 0, 0, 0, 255, 0, 0, 0, 0, 0, 0, 0, 0, 0, 0, 32, 3, 0, 0, 0, 0, 0, 0, 0, 0, 0, 33556844, 1.2, 104579, 872415323, 150995197, 536871052, 6358040, 0, 'AAA9AAAAAAA=');

INSERT INTO weenie_class (`weenieClassId`, `baseAceObjectId`)
VALUES (21487, 21487);

INSERT INTO `base_ace_object` (`baseAceObjectId`, `name`, `typeId`, `paletteId`, `ammoType`, `blipColor`, `bitField`, `burden`, `combatUse`, `cooldownDuration`, `cooldownId`, `effects`, `containersCapacity`, `header`, `hookTypeId`, `iconId`, `iconOverlayId`, `iconUnderlayId`, `hookItemTypes`, `itemsCapacity`, `location`, `materialType`, `maxStackSize`, `maxStructure`, `radar`, `pscript`, `spellId`, `stackSize`, `structure`, `targetTypeId`, `usability`, `useRadius`, `validLocations`, `value`, `workmanship`, `animationFrameId`, `defaultScript`, `defaultScriptIntensity`, `elasticity`, `friction`, `locationId`, `modelTableId`, `objectScale`, `physicsBitField`, `physicsTableId`, `motionTableId`, `soundTableId`, `physicsState`, `translucency`, `currentMotionState`)
VALUES (46937, 'Gaerlan''s Phylacteric Prison', 16, 0, 0, 3, 4, 0, 0, 0, 0, 0, 255, 1048630, 0, 100673073, 0, 0, 0, 255, 0, 0, 0, 0, 0, 0, 0, 0, 0, 0, 32, 3, 0, 0, 0, 0, 0, 0, 0, 0, 0, 33557978, 0, 104451, 872415348, 150995223, 536871001, 6292504, 0, 'AAA9AAAAAAA=');

INSERT INTO weenie_class (`weenieClassId`, `baseAceObjectId`)
VALUES (46937, 46937);

INSERT INTO `base_ace_object` (`baseAceObjectId`, `name`, `typeId`, `paletteId`, `ammoType`, `blipColor`, `bitField`, `burden`, `combatUse`, `cooldownDuration`, `cooldownId`, `effects`, `containersCapacity`, `header`, `hookTypeId`, `iconId`, `iconOverlayId`, `iconUnderlayId`, `hookItemTypes`, `itemsCapacity`, `location`, `materialType`, `maxStackSize`, `maxStructure`, `radar`, `pscript`, `spellId`, `stackSize`, `structure`, `targetTypeId`, `usability`, `useRadius`, `validLocations`, `value`, `workmanship`, `animationFrameId`, `defaultScript`, `defaultScriptIntensity`, `elasticity`, `friction`, `locationId`, `modelTableId`, `objectScale`, `physicsBitField`, `physicsTableId`, `motionTableId`, `soundTableId`, `physicsState`, `translucency`, `currentMotionState`)
VALUES (41547, 'Mana Siphon', 16, 0, 0, 3, 4, 0, 0, 0, 0, 0, 255, 9437238, 0, 100686348, 0, 0, 0, 255, 0, 0, 0, 0, 4, 0, 0, 0, 0, 0, 32, 55, 0, 0, 0, 0, 0, 0, 0, 0, 0, 33559131, 0, 104451, 872415236, 150995335, 536870913, 2098200, 0, 'AAA9AAAAAAA=');

INSERT INTO weenie_class (`weenieClassId`, `baseAceObjectId`)
VALUES (41547, 41547);

INSERT INTO `base_ace_object` (`baseAceObjectId`, `name`, `typeId`, `paletteId`, `ammoType`, `blipColor`, `bitField`, `burden`, `combatUse`, `cooldownDuration`, `cooldownId`, `effects`, `containersCapacity`, `header`, `hookTypeId`, `iconId`, `iconOverlayId`, `iconUnderlayId`, `hookItemTypes`, `itemsCapacity`, `location`, `materialType`, `maxStackSize`, `maxStructure`, `radar`, `pscript`, `spellId`, `stackSize`, `structure`, `targetTypeId`, `usability`, `useRadius`, `validLocations`, `value`, `workmanship`, `animationFrameId`, `defaultScript`, `defaultScriptIntensity`, `elasticity`, `friction`, `locationId`, `modelTableId`, `objectScale`, `physicsBitField`, `physicsTableId`, `motionTableId`, `soundTableId`, `physicsState`, `translucency`, `currentMotionState`)
VALUES (22753, 'Guardian of the Temple of Enlightenment', 16, 0, 0, 3, 4, 0, 0, 0, 0, 0, 255, 1048630, 0, 100667624, 0, 0, 0, 255, 0, 0, 0, 0, 0, 0, 0, 0, 0, 0, 32, 2, 0, 0, 0, 0, 0, 0, 0, 0, 0, 33555377, 1.5, 104579, 872415274, 150995147, 536871052, 6292504, 0, 'AAA9AAAAAAA=');

INSERT INTO weenie_class (`weenieClassId`, `baseAceObjectId`)
VALUES (22753, 22753);

INSERT INTO `base_ace_object` (`baseAceObjectId`, `name`, `typeId`, `paletteId`, `ammoType`, `blipColor`, `bitField`, `burden`, `combatUse`, `cooldownDuration`, `cooldownId`, `effects`, `containersCapacity`, `header`, `hookTypeId`, `iconId`, `iconOverlayId`, `iconUnderlayId`, `hookItemTypes`, `itemsCapacity`, `location`, `materialType`, `maxStackSize`, `maxStructure`, `radar`, `pscript`, `spellId`, `stackSize`, `structure`, `targetTypeId`, `usability`, `useRadius`, `validLocations`, `value`, `workmanship`, `animationFrameId`, `defaultScript`, `defaultScriptIntensity`, `elasticity`, `friction`, `locationId`, `modelTableId`, `objectScale`, `physicsBitField`, `physicsTableId`, `motionTableId`, `soundTableId`, `physicsState`, `translucency`, `currentMotionState`)
VALUES (43837, 'Enchanted Mnemosyne', 16, 0, 0, 0, 4, 0, 0, 0, 0, 0, 255, 54, 0, 100671423, 0, 0, 0, 255, 0, 0, 0, 0, 0, 0, 0, 0, 0, 0, 32, 3, 0, 0, 0, 0, 0, 0, 0, 0, 0, 33561170, 0, 104451, 872415275, 150995464, 536870932, 6292508, 0, 'AAA9AAAAAAA=');

INSERT INTO weenie_class (`weenieClassId`, `baseAceObjectId`)
VALUES (43837, 43837);

INSERT INTO `base_ace_object` (`baseAceObjectId`, `name`, `typeId`, `paletteId`, `ammoType`, `blipColor`, `bitField`, `burden`, `combatUse`, `cooldownDuration`, `cooldownId`, `effects`, `containersCapacity`, `header`, `hookTypeId`, `iconId`, `iconOverlayId`, `iconUnderlayId`, `hookItemTypes`, `itemsCapacity`, `location`, `materialType`, `maxStackSize`, `maxStructure`, `radar`, `pscript`, `spellId`, `stackSize`, `structure`, `targetTypeId`, `usability`, `useRadius`, `validLocations`, `value`, `workmanship`, `animationFrameId`, `defaultScript`, `defaultScriptIntensity`, `elasticity`, `friction`, `locationId`, `modelTableId`, `objectScale`, `physicsBitField`, `physicsTableId`, `motionTableId`, `soundTableId`, `physicsState`, `translucency`, `currentMotionState`)
VALUES (41004, 'Resonant Portal', 16, 0, 0, 4, 4, 0, 0, 0, 0, 0, 255, 9437238, 0, 100667499, 0, 0, 0, 255, 0, 0, 0, 0, 4, 0, 0, 0, 0, 0, 32, 0.1, 0, 0, 0, 0, 0, 0, 0, 0, 0, 33556212, 0, 100355, 0, 150994947, 536870932, 6294556, 0, 'AAA9AAAAAAA=');

INSERT INTO weenie_class (`weenieClassId`, `baseAceObjectId`)
VALUES (41004, 41004);

INSERT INTO `base_ace_object` (`baseAceObjectId`, `name`, `typeId`, `paletteId`, `ammoType`, `blipColor`, `bitField`, `burden`, `combatUse`, `cooldownDuration`, `cooldownId`, `effects`, `containersCapacity`, `header`, `hookTypeId`, `iconId`, `iconOverlayId`, `iconUnderlayId`, `hookItemTypes`, `itemsCapacity`, `location`, `materialType`, `maxStackSize`, `maxStructure`, `radar`, `pscript`, `spellId`, `stackSize`, `structure`, `targetTypeId`, `usability`, `useRadius`, `validLocations`, `value`, `workmanship`, `animationFrameId`, `defaultScript`, `defaultScriptIntensity`, `elasticity`, `friction`, `locationId`, `modelTableId`, `objectScale`, `physicsBitField`, `physicsTableId`, `motionTableId`, `soundTableId`, `physicsState`, `translucency`, `currentMotionState`)
VALUES (43839, 'Enchanted Mnemosyne', 16, 0, 0, 0, 4, 0, 0, 0, 0, 0, 255, 54, 0, 100671423, 0, 0, 0, 255, 0, 0, 0, 0, 0, 0, 0, 0, 0, 0, 32, 3, 0, 0, 0, 0, 0, 0, 0, 0, 0, 33561170, 0, 104451, 872415275, 150995464, 536870932, 6292508, 0, 'AAA9AAAAAAA=');

INSERT INTO weenie_class (`weenieClassId`, `baseAceObjectId`)
VALUES (43839, 43839);

INSERT INTO `base_ace_object` (`baseAceObjectId`, `name`, `typeId`, `paletteId`, `ammoType`, `blipColor`, `bitField`, `burden`, `combatUse`, `cooldownDuration`, `cooldownId`, `effects`, `containersCapacity`, `header`, `hookTypeId`, `iconId`, `iconOverlayId`, `iconUnderlayId`, `hookItemTypes`, `itemsCapacity`, `location`, `materialType`, `maxStackSize`, `maxStructure`, `radar`, `pscript`, `spellId`, `stackSize`, `structure`, `targetTypeId`, `usability`, `useRadius`, `validLocations`, `value`, `workmanship`, `animationFrameId`, `defaultScript`, `defaultScriptIntensity`, `elasticity`, `friction`, `locationId`, `modelTableId`, `objectScale`, `physicsBitField`, `physicsTableId`, `motionTableId`, `soundTableId`, `physicsState`, `translucency`, `currentMotionState`)
VALUES (43840, 'Enchanted Mnemosyne', 16, 0, 0, 0, 4, 0, 0, 0, 0, 0, 255, 54, 0, 100671423, 0, 0, 0, 255, 0, 0, 0, 0, 0, 0, 0, 0, 0, 0, 32, 3, 0, 0, 0, 0, 0, 0, 0, 0, 0, 33561170, 0, 104451, 872415275, 150995464, 536870932, 6292508, 0, 'AAA9AAAAAAA=');

INSERT INTO weenie_class (`weenieClassId`, `baseAceObjectId`)
VALUES (43840, 43840);

INSERT INTO `base_ace_object` (`baseAceObjectId`, `name`, `typeId`, `paletteId`, `ammoType`, `blipColor`, `bitField`, `burden`, `combatUse`, `cooldownDuration`, `cooldownId`, `effects`, `containersCapacity`, `header`, `hookTypeId`, `iconId`, `iconOverlayId`, `iconUnderlayId`, `hookItemTypes`, `itemsCapacity`, `location`, `materialType`, `maxStackSize`, `maxStructure`, `radar`, `pscript`, `spellId`, `stackSize`, `structure`, `targetTypeId`, `usability`, `useRadius`, `validLocations`, `value`, `workmanship`, `animationFrameId`, `defaultScript`, `defaultScriptIntensity`, `elasticity`, `friction`, `locationId`, `modelTableId`, `objectScale`, `physicsBitField`, `physicsTableId`, `motionTableId`, `soundTableId`, `physicsState`, `translucency`, `currentMotionState`)
VALUES (51352, 'Freezing Wind', 16, 0, 0, 0, 20, 0, 0, 0, 0, 0, 255, 8388630, 0, 100672514, 0, 0, 0, 255, 0, 0, 0, 0, 2, 0, 0, 0, 0, 0, 1, 0, 0, 0, 0, 0, 0, 0, 0, 0, 0, 33557487, 1.3, 104579, 872415344, 150995467, 536871002, 3080, 0, 'AAA9AAAAAAA=');

INSERT INTO weenie_class (`weenieClassId`, `baseAceObjectId`)
VALUES (51352, 51352);

INSERT INTO `base_ace_object` (`baseAceObjectId`, `name`, `typeId`, `paletteId`, `ammoType`, `blipColor`, `bitField`, `burden`, `combatUse`, `cooldownDuration`, `cooldownId`, `effects`, `containersCapacity`, `header`, `hookTypeId`, `iconId`, `iconOverlayId`, `iconUnderlayId`, `hookItemTypes`, `itemsCapacity`, `location`, `materialType`, `maxStackSize`, `maxStructure`, `radar`, `pscript`, `spellId`, `stackSize`, `structure`, `targetTypeId`, `usability`, `useRadius`, `validLocations`, `value`, `workmanship`, `animationFrameId`, `defaultScript`, `defaultScriptIntensity`, `elasticity`, `friction`, `locationId`, `modelTableId`, `objectScale`, `physicsBitField`, `physicsTableId`, `motionTableId`, `soundTableId`, `physicsState`, `translucency`, `currentMotionState`)
VALUES (22754, 'Guardian of the Temple of Forgetfulness', 16, 0, 0, 3, 4, 0, 0, 0, 0, 0, 255, 1048630, 0, 100667624, 0, 0, 0, 255, 0, 0, 0, 0, 0, 0, 0, 0, 0, 0, 32, 2, 0, 0, 0, 0, 0, 0, 0, 0, 0, 33555377, 1.5, 104579, 872415274, 150995147, 536871052, 6292504, 0, 'AAA9AAAAAAA=');

INSERT INTO weenie_class (`weenieClassId`, `baseAceObjectId`)
VALUES (22754, 22754);

INSERT INTO `base_ace_object` (`baseAceObjectId`, `name`, `typeId`, `paletteId`, `ammoType`, `blipColor`, `bitField`, `burden`, `combatUse`, `cooldownDuration`, `cooldownId`, `effects`, `containersCapacity`, `header`, `hookTypeId`, `iconId`, `iconOverlayId`, `iconUnderlayId`, `hookItemTypes`, `itemsCapacity`, `location`, `materialType`, `maxStackSize`, `maxStructure`, `radar`, `pscript`, `spellId`, `stackSize`, `structure`, `targetTypeId`, `usability`, `useRadius`, `validLocations`, `value`, `workmanship`, `animationFrameId`, `defaultScript`, `defaultScriptIntensity`, `elasticity`, `friction`, `locationId`, `modelTableId`, `objectScale`, `physicsBitField`, `physicsTableId`, `motionTableId`, `soundTableId`, `physicsState`, `translucency`, `currentMotionState`)
VALUES (32482, 'Warden of Lowering Self', 16, 0, 0, 3, 4, 0, 0, 0, 0, 0, 255, 1048630, 0, 100667624, 0, 0, 0, 255, 0, 0, 0, 0, 0, 0, 0, 0, 0, 0, 32, 3, 0, 0, 0, 0, 0, 0, 0, 0, 0, 33555352, 0.5, 104579, 872415274, 150995147, 536871052, 6292504, 0, 'AAA9AAAAAAA=');

INSERT INTO weenie_class (`weenieClassId`, `baseAceObjectId`)
VALUES (32482, 32482);

INSERT INTO `base_ace_object` (`baseAceObjectId`, `name`, `typeId`, `paletteId`, `ammoType`, `blipColor`, `bitField`, `burden`, `combatUse`, `cooldownDuration`, `cooldownId`, `effects`, `containersCapacity`, `header`, `hookTypeId`, `iconId`, `iconOverlayId`, `iconUnderlayId`, `hookItemTypes`, `itemsCapacity`, `location`, `materialType`, `maxStackSize`, `maxStructure`, `radar`, `pscript`, `spellId`, `stackSize`, `structure`, `targetTypeId`, `usability`, `useRadius`, `validLocations`, `value`, `workmanship`, `animationFrameId`, `defaultScript`, `defaultScriptIntensity`, `elasticity`, `friction`, `locationId`, `modelTableId`, `objectScale`, `physicsBitField`, `physicsTableId`, `motionTableId`, `soundTableId`, `physicsState`, `translucency`, `currentMotionState`)
VALUES (32551, 'Servant of Alteration', 16, 0, 0, 3, 4, 0, 0, 0, 0, 0, 255, 1048630, 0, 100667624, 0, 0, 0, 255, 0, 0, 0, 0, 0, 0, 0, 0, 0, 0, 32, 3, 0, 0, 0, 0, 0, 0, 0, 0, 0, 33555352, 0.5, 104579, 872415274, 150995147, 536871052, 6292504, 0, 'AAA9AAAAAAA=');

INSERT INTO weenie_class (`weenieClassId`, `baseAceObjectId`)
VALUES (32551, 32551);

INSERT INTO `base_ace_object` (`baseAceObjectId`, `name`, `typeId`, `paletteId`, `ammoType`, `blipColor`, `bitField`, `burden`, `combatUse`, `cooldownDuration`, `cooldownId`, `effects`, `containersCapacity`, `header`, `hookTypeId`, `iconId`, `iconOverlayId`, `iconUnderlayId`, `hookItemTypes`, `itemsCapacity`, `location`, `materialType`, `maxStackSize`, `maxStructure`, `radar`, `pscript`, `spellId`, `stackSize`, `structure`, `targetTypeId`, `usability`, `useRadius`, `validLocations`, `value`, `workmanship`, `animationFrameId`, `defaultScript`, `defaultScriptIntensity`, `elasticity`, `friction`, `locationId`, `modelTableId`, `objectScale`, `physicsBitField`, `physicsTableId`, `motionTableId`, `soundTableId`, `physicsState`, `translucency`, `currentMotionState`)
VALUES (32479, 'Warden of Lowering Strength', 16, 0, 0, 3, 4, 0, 0, 0, 0, 0, 255, 1048630, 0, 100667624, 0, 0, 0, 255, 0, 0, 0, 0, 0, 0, 0, 0, 0, 0, 32, 3, 0, 0, 0, 0, 0, 0, 0, 0, 0, 33555352, 0.5, 104579, 872415274, 150995147, 536871052, 6292504, 0, 'AAA9AAAAAAA=');

INSERT INTO weenie_class (`weenieClassId`, `baseAceObjectId`)
VALUES (32479, 32479);

INSERT INTO `base_ace_object` (`baseAceObjectId`, `name`, `typeId`, `paletteId`, `ammoType`, `blipColor`, `bitField`, `burden`, `combatUse`, `cooldownDuration`, `cooldownId`, `effects`, `containersCapacity`, `header`, `hookTypeId`, `iconId`, `iconOverlayId`, `iconUnderlayId`, `hookItemTypes`, `itemsCapacity`, `location`, `materialType`, `maxStackSize`, `maxStructure`, `radar`, `pscript`, `spellId`, `stackSize`, `structure`, `targetTypeId`, `usability`, `useRadius`, `validLocations`, `value`, `workmanship`, `animationFrameId`, `defaultScript`, `defaultScriptIntensity`, `elasticity`, `friction`, `locationId`, `modelTableId`, `objectScale`, `physicsBitField`, `physicsTableId`, `motionTableId`, `soundTableId`, `physicsState`, `translucency`, `currentMotionState`)
VALUES (32478, 'Warden of Lowering Coordination', 16, 0, 0, 3, 4, 0, 0, 0, 0, 0, 255, 1048630, 0, 100667624, 0, 0, 0, 255, 0, 0, 0, 0, 0, 0, 0, 0, 0, 0, 32, 3, 0, 0, 0, 0, 0, 0, 0, 0, 0, 33555352, 0.5, 104579, 872415274, 150995147, 536871052, 6292504, 0, 'AAA9AAAAAAA=');

INSERT INTO weenie_class (`weenieClassId`, `baseAceObjectId`)
VALUES (32478, 32478);

INSERT INTO `base_ace_object` (`baseAceObjectId`, `name`, `typeId`, `paletteId`, `ammoType`, `blipColor`, `bitField`, `burden`, `combatUse`, `cooldownDuration`, `cooldownId`, `effects`, `containersCapacity`, `header`, `hookTypeId`, `iconId`, `iconOverlayId`, `iconUnderlayId`, `hookItemTypes`, `itemsCapacity`, `location`, `materialType`, `maxStackSize`, `maxStructure`, `radar`, `pscript`, `spellId`, `stackSize`, `structure`, `targetTypeId`, `usability`, `useRadius`, `validLocations`, `value`, `workmanship`, `animationFrameId`, `defaultScript`, `defaultScriptIntensity`, `elasticity`, `friction`, `locationId`, `modelTableId`, `objectScale`, `physicsBitField`, `physicsTableId`, `motionTableId`, `soundTableId`, `physicsState`, `translucency`, `currentMotionState`)
VALUES (32471, 'Warden of Lowering Endurance', 16, 0, 0, 3, 4, 0, 0, 0, 0, 0, 255, 1048630, 0, 100667624, 0, 0, 0, 255, 0, 0, 0, 0, 0, 0, 0, 0, 0, 0, 32, 3, 0, 0, 0, 0, 0, 0, 0, 0, 0, 33555352, 0.5, 104579, 872415274, 150995147, 536871052, 6292504, 0, 'AAA9AAAAAAA=');

INSERT INTO weenie_class (`weenieClassId`, `baseAceObjectId`)
VALUES (32471, 32471);

INSERT INTO `base_ace_object` (`baseAceObjectId`, `name`, `typeId`, `paletteId`, `ammoType`, `blipColor`, `bitField`, `burden`, `combatUse`, `cooldownDuration`, `cooldownId`, `effects`, `containersCapacity`, `header`, `hookTypeId`, `iconId`, `iconOverlayId`, `iconUnderlayId`, `hookItemTypes`, `itemsCapacity`, `location`, `materialType`, `maxStackSize`, `maxStructure`, `radar`, `pscript`, `spellId`, `stackSize`, `structure`, `targetTypeId`, `usability`, `useRadius`, `validLocations`, `value`, `workmanship`, `animationFrameId`, `defaultScript`, `defaultScriptIntensity`, `elasticity`, `friction`, `locationId`, `modelTableId`, `objectScale`, `physicsBitField`, `physicsTableId`, `motionTableId`, `soundTableId`, `physicsState`, `translucency`, `currentMotionState`)
VALUES (32480, 'Warden of Lowering Quickness', 16, 0, 0, 3, 4, 0, 0, 0, 0, 0, 255, 1048630, 0, 100667624, 0, 0, 0, 255, 0, 0, 0, 0, 0, 0, 0, 0, 0, 0, 32, 3, 0, 0, 0, 0, 0, 0, 0, 0, 0, 33555352, 0.5, 104579, 872415274, 150995147, 536871052, 6292504, 0, 'AAA9AAAAAAA=');

INSERT INTO weenie_class (`weenieClassId`, `baseAceObjectId`)
VALUES (32480, 32480);

INSERT INTO `base_ace_object` (`baseAceObjectId`, `name`, `typeId`, `paletteId`, `ammoType`, `blipColor`, `bitField`, `burden`, `combatUse`, `cooldownDuration`, `cooldownId`, `effects`, `containersCapacity`, `header`, `hookTypeId`, `iconId`, `iconOverlayId`, `iconUnderlayId`, `hookItemTypes`, `itemsCapacity`, `location`, `materialType`, `maxStackSize`, `maxStructure`, `radar`, `pscript`, `spellId`, `stackSize`, `structure`, `targetTypeId`, `usability`, `useRadius`, `validLocations`, `value`, `workmanship`, `animationFrameId`, `defaultScript`, `defaultScriptIntensity`, `elasticity`, `friction`, `locationId`, `modelTableId`, `objectScale`, `physicsBitField`, `physicsTableId`, `motionTableId`, `soundTableId`, `physicsState`, `translucency`, `currentMotionState`)
VALUES (32552, 'Servant of Forgetfulness', 16, 0, 0, 3, 4, 0, 0, 0, 0, 0, 255, 1048630, 0, 100667624, 0, 0, 0, 255, 0, 0, 0, 0, 0, 0, 0, 0, 0, 0, 32, 3, 0, 0, 0, 0, 0, 0, 0, 0, 0, 33555352, 0.5, 104579, 872415274, 150995147, 536871052, 6292504, 0, 'AAA9AAAAAAA=');

INSERT INTO weenie_class (`weenieClassId`, `baseAceObjectId`)
VALUES (32552, 32552);

INSERT INTO `base_ace_object` (`baseAceObjectId`, `name`, `typeId`, `paletteId`, `ammoType`, `blipColor`, `bitField`, `burden`, `combatUse`, `cooldownDuration`, `cooldownId`, `effects`, `containersCapacity`, `header`, `hookTypeId`, `iconId`, `iconOverlayId`, `iconUnderlayId`, `hookItemTypes`, `itemsCapacity`, `location`, `materialType`, `maxStackSize`, `maxStructure`, `radar`, `pscript`, `spellId`, `stackSize`, `structure`, `targetTypeId`, `usability`, `useRadius`, `validLocations`, `value`, `workmanship`, `animationFrameId`, `defaultScript`, `defaultScriptIntensity`, `elasticity`, `friction`, `locationId`, `modelTableId`, `objectScale`, `physicsBitField`, `physicsTableId`, `motionTableId`, `soundTableId`, `physicsState`, `translucency`, `currentMotionState`)
VALUES (32481, 'Warden of Lowering Focus', 16, 0, 0, 3, 4, 0, 0, 0, 0, 0, 255, 1048630, 0, 100667624, 0, 0, 0, 255, 0, 0, 0, 0, 0, 0, 0, 0, 0, 0, 32, 3, 0, 0, 0, 0, 0, 0, 0, 0, 0, 33555352, 0.5, 104579, 872415274, 150995147, 536871052, 6292504, 0, 'AAA9AAAAAAA=');

INSERT INTO weenie_class (`weenieClassId`, `baseAceObjectId`)
VALUES (32481, 32481);

INSERT INTO `base_ace_object` (`baseAceObjectId`, `name`, `typeId`, `paletteId`, `ammoType`, `blipColor`, `bitField`, `burden`, `combatUse`, `cooldownDuration`, `cooldownId`, `effects`, `containersCapacity`, `header`, `hookTypeId`, `iconId`, `iconOverlayId`, `iconUnderlayId`, `hookItemTypes`, `itemsCapacity`, `location`, `materialType`, `maxStackSize`, `maxStructure`, `radar`, `pscript`, `spellId`, `stackSize`, `structure`, `targetTypeId`, `usability`, `useRadius`, `validLocations`, `value`, `workmanship`, `animationFrameId`, `defaultScript`, `defaultScriptIntensity`, `elasticity`, `friction`, `locationId`, `modelTableId`, `objectScale`, `physicsBitField`, `physicsTableId`, `motionTableId`, `soundTableId`, `physicsState`, `translucency`, `currentMotionState`)
VALUES (45385, 'Dirty Fighting Warden of Forgetfulness', 16, 0, 0, 3, 4, 0, 0, 0, 0, 0, 255, 1048630, 0, 100667624, 0, 0, 0, 255, 0, 0, 0, 0, 0, 0, 0, 0, 0, 0, 32, 3, 0, 0, 0, 0, 0, 0, 0, 0, 0, 33555352, 0.5, 104579, 872415274, 150995147, 536871052, 6292504, 0, 'AAA9AAAAAAA=');

INSERT INTO weenie_class (`weenieClassId`, `baseAceObjectId`)
VALUES (45385, 45385);

INSERT INTO `base_ace_object` (`baseAceObjectId`, `name`, `typeId`, `paletteId`, `ammoType`, `blipColor`, `bitField`, `burden`, `combatUse`, `cooldownDuration`, `cooldownId`, `effects`, `containersCapacity`, `header`, `hookTypeId`, `iconId`, `iconOverlayId`, `iconUnderlayId`, `hookItemTypes`, `itemsCapacity`, `location`, `materialType`, `maxStackSize`, `maxStructure`, `radar`, `pscript`, `spellId`, `stackSize`, `structure`, `targetTypeId`, `usability`, `useRadius`, `validLocations`, `value`, `workmanship`, `animationFrameId`, `defaultScript`, `defaultScriptIntensity`, `elasticity`, `friction`, `locationId`, `modelTableId`, `objectScale`, `physicsBitField`, `physicsTableId`, `motionTableId`, `soundTableId`, `physicsState`, `translucency`, `currentMotionState`)
VALUES (32419, 'Deception Warden of Forgetfulness', 16, 0, 0, 3, 4, 0, 0, 0, 0, 0, 255, 1048630, 0, 100667624, 0, 0, 0, 255, 0, 0, 0, 0, 0, 0, 0, 0, 0, 0, 32, 3, 0, 0, 0, 0, 0, 0, 0, 0, 0, 33555352, 0.5, 104579, 872415274, 150995147, 536871052, 6292504, 0, 'AAA9AAAAAAA=');

INSERT INTO weenie_class (`weenieClassId`, `baseAceObjectId`)
VALUES (32419, 32419);

INSERT INTO `base_ace_object` (`baseAceObjectId`, `name`, `typeId`, `paletteId`, `ammoType`, `blipColor`, `bitField`, `burden`, `combatUse`, `cooldownDuration`, `cooldownId`, `effects`, `containersCapacity`, `header`, `hookTypeId`, `iconId`, `iconOverlayId`, `iconUnderlayId`, `hookItemTypes`, `itemsCapacity`, `location`, `materialType`, `maxStackSize`, `maxStructure`, `radar`, `pscript`, `spellId`, `stackSize`, `structure`, `targetTypeId`, `usability`, `useRadius`, `validLocations`, `value`, `workmanship`, `animationFrameId`, `defaultScript`, `defaultScriptIntensity`, `elasticity`, `friction`, `locationId`, `modelTableId`, `objectScale`, `physicsBitField`, `physicsTableId`, `motionTableId`, `soundTableId`, `physicsState`, `translucency`, `currentMotionState`)
VALUES (32435, 'Assess Person Warden of Forgetfulness', 16, 0, 0, 3, 4, 0, 0, 0, 0, 0, 255, 1048630, 0, 100667624, 0, 0, 0, 255, 0, 0, 0, 0, 0, 0, 0, 0, 0, 0, 32, 3, 0, 0, 0, 0, 0, 0, 0, 0, 0, 33555352, 0.5, 104579, 872415274, 150995147, 536871052, 6292504, 0, 'AAA9AAAAAAA=');

INSERT INTO weenie_class (`weenieClassId`, `baseAceObjectId`)
VALUES (32435, 32435);

INSERT INTO `base_ace_object` (`baseAceObjectId`, `name`, `typeId`, `paletteId`, `ammoType`, `blipColor`, `bitField`, `burden`, `combatUse`, `cooldownDuration`, `cooldownId`, `effects`, `containersCapacity`, `header`, `hookTypeId`, `iconId`, `iconOverlayId`, `iconUnderlayId`, `hookItemTypes`, `itemsCapacity`, `location`, `materialType`, `maxStackSize`, `maxStructure`, `radar`, `pscript`, `spellId`, `stackSize`, `structure`, `targetTypeId`, `usability`, `useRadius`, `validLocations`, `value`, `workmanship`, `animationFrameId`, `defaultScript`, `defaultScriptIntensity`, `elasticity`, `friction`, `locationId`, `modelTableId`, `objectScale`, `physicsBitField`, `physicsTableId`, `motionTableId`, `soundTableId`, `physicsState`, `translucency`, `currentMotionState`)
VALUES (32416, 'Creature Enchantment Warden of Forgetfulness', 16, 0, 0, 3, 4, 0, 0, 0, 0, 0, 255, 1048630, 0, 100667624, 0, 0, 0, 255, 0, 0, 0, 0, 0, 0, 0, 0, 0, 0, 32, 3, 0, 0, 0, 0, 0, 0, 0, 0, 0, 33555352, 0.5, 104579, 872415274, 150995147, 536871052, 6292504, 0, 'AAA9AAAAAAA=');

INSERT INTO weenie_class (`weenieClassId`, `baseAceObjectId`)
VALUES (32416, 32416);

INSERT INTO `base_ace_object` (`baseAceObjectId`, `name`, `typeId`, `paletteId`, `ammoType`, `blipColor`, `bitField`, `burden`, `combatUse`, `cooldownDuration`, `cooldownId`, `effects`, `containersCapacity`, `header`, `hookTypeId`, `iconId`, `iconOverlayId`, `iconUnderlayId`, `hookItemTypes`, `itemsCapacity`, `location`, `materialType`, `maxStackSize`, `maxStructure`, `radar`, `pscript`, `spellId`, `stackSize`, `structure`, `targetTypeId`, `usability`, `useRadius`, `validLocations`, `value`, `workmanship`, `animationFrameId`, `defaultScript`, `defaultScriptIntensity`, `elasticity`, `friction`, `locationId`, `modelTableId`, `objectScale`, `physicsBitField`, `physicsTableId`, `motionTableId`, `soundTableId`, `physicsState`, `translucency`, `currentMotionState`)
VALUES (32415, 'Assess Creature Warden of Forgetfulness', 16, 0, 0, 3, 4, 0, 0, 0, 0, 0, 255, 1048630, 0, 100667624, 0, 0, 0, 255, 0, 0, 0, 0, 0, 0, 0, 0, 0, 0, 32, 3, 0, 0, 0, 0, 0, 0, 0, 0, 0, 33555352, 0.5, 104579, 872415274, 150995147, 536871052, 6292504, 0, 'AAA9AAAAAAA=');

INSERT INTO weenie_class (`weenieClassId`, `baseAceObjectId`)
VALUES (32415, 32415);

INSERT INTO `base_ace_object` (`baseAceObjectId`, `name`, `typeId`, `paletteId`, `ammoType`, `blipColor`, `bitField`, `burden`, `combatUse`, `cooldownDuration`, `cooldownId`, `effects`, `containersCapacity`, `header`, `hookTypeId`, `iconId`, `iconOverlayId`, `iconUnderlayId`, `hookItemTypes`, `itemsCapacity`, `location`, `materialType`, `maxStackSize`, `maxStructure`, `radar`, `pscript`, `spellId`, `stackSize`, `structure`, `targetTypeId`, `usability`, `useRadius`, `validLocations`, `value`, `workmanship`, `animationFrameId`, `defaultScript`, `defaultScriptIntensity`, `elasticity`, `friction`, `locationId`, `modelTableId`, `objectScale`, `physicsBitField`, `physicsTableId`, `motionTableId`, `soundTableId`, `physicsState`, `translucency`, `currentMotionState`)
VALUES (32413, 'Cooking Warden of Forgetfulness', 16, 0, 0, 3, 4, 0, 0, 0, 0, 0, 255, 1048630, 0, 100667624, 0, 0, 0, 255, 0, 0, 0, 0, 0, 0, 0, 0, 0, 0, 32, 3, 0, 0, 0, 0, 0, 0, 0, 0, 0, 33555352, 0.5, 104579, 872415274, 150995147, 536871052, 6292504, 0, 'AAA9AAAAAAA=');

INSERT INTO weenie_class (`weenieClassId`, `baseAceObjectId`)
VALUES (32413, 32413);

INSERT INTO `base_ace_object` (`baseAceObjectId`, `name`, `typeId`, `paletteId`, `ammoType`, `blipColor`, `bitField`, `burden`, `combatUse`, `cooldownDuration`, `cooldownId`, `effects`, `containersCapacity`, `header`, `hookTypeId`, `iconId`, `iconOverlayId`, `iconUnderlayId`, `hookItemTypes`, `itemsCapacity`, `location`, `materialType`, `maxStackSize`, `maxStructure`, `radar`, `pscript`, `spellId`, `stackSize`, `structure`, `targetTypeId`, `usability`, `useRadius`, `validLocations`, `value`, `workmanship`, `animationFrameId`, `defaultScript`, `defaultScriptIntensity`, `elasticity`, `friction`, `locationId`, `modelTableId`, `objectScale`, `physicsBitField`, `physicsTableId`, `motionTableId`, `soundTableId`, `physicsState`, `translucency`, `currentMotionState`)
VALUES (32410, 'Armor Tinkering Warden of Forgetfulness', 16, 0, 0, 3, 4, 0, 0, 0, 0, 0, 255, 1048630, 0, 100667624, 0, 0, 0, 255, 0, 0, 0, 0, 0, 0, 0, 0, 0, 0, 32, 3, 0, 0, 0, 0, 0, 0, 0, 0, 0, 33555352, 0.5, 104579, 872415274, 150995147, 536871052, 6292504, 0, 'AAA9AAAAAAA=');

INSERT INTO weenie_class (`weenieClassId`, `baseAceObjectId`)
VALUES (32410, 32410);

INSERT INTO `base_ace_object` (`baseAceObjectId`, `name`, `typeId`, `paletteId`, `ammoType`, `blipColor`, `bitField`, `burden`, `combatUse`, `cooldownDuration`, `cooldownId`, `effects`, `containersCapacity`, `header`, `hookTypeId`, `iconId`, `iconOverlayId`, `iconUnderlayId`, `hookItemTypes`, `itemsCapacity`, `location`, `materialType`, `maxStackSize`, `maxStructure`, `radar`, `pscript`, `spellId`, `stackSize`, `structure`, `targetTypeId`, `usability`, `useRadius`, `validLocations`, `value`, `workmanship`, `animationFrameId`, `defaultScript`, `defaultScriptIntensity`, `elasticity`, `friction`, `locationId`, `modelTableId`, `objectScale`, `physicsBitField`, `physicsTableId`, `motionTableId`, `soundTableId`, `physicsState`, `translucency`, `currentMotionState`)
VALUES (32398, 'Alchemy Warden of Forgetfulness', 16, 0, 0, 3, 4, 0, 0, 0, 0, 0, 255, 1048630, 0, 100667624, 0, 0, 0, 255, 0, 0, 0, 0, 0, 0, 0, 0, 0, 0, 32, 3, 0, 0, 0, 0, 0, 0, 0, 0, 0, 33555352, 0.5, 104579, 872415274, 150995147, 536871052, 6292504, 0, 'AAA9AAAAAAA=');

INSERT INTO weenie_class (`weenieClassId`, `baseAceObjectId`)
VALUES (32398, 32398);

INSERT INTO `base_ace_object` (`baseAceObjectId`, `name`, `typeId`, `paletteId`, `ammoType`, `blipColor`, `bitField`, `burden`, `combatUse`, `cooldownDuration`, `cooldownId`, `effects`, `containersCapacity`, `header`, `hookTypeId`, `iconId`, `iconOverlayId`, `iconUnderlayId`, `hookItemTypes`, `itemsCapacity`, `location`, `materialType`, `maxStackSize`, `maxStructure`, `radar`, `pscript`, `spellId`, `stackSize`, `structure`, `targetTypeId`, `usability`, `useRadius`, `validLocations`, `value`, `workmanship`, `animationFrameId`, `defaultScript`, `defaultScriptIntensity`, `elasticity`, `friction`, `locationId`, `modelTableId`, `objectScale`, `physicsBitField`, `physicsTableId`, `motionTableId`, `soundTableId`, `physicsState`, `translucency`, `currentMotionState`)
VALUES (32409, 'Arcane Lore Warden of Forgetfulness', 16, 0, 0, 3, 4, 0, 0, 0, 0, 0, 255, 1048630, 0, 100667624, 0, 0, 0, 255, 0, 0, 0, 0, 0, 0, 0, 0, 0, 0, 32, 3, 0, 0, 0, 0, 0, 0, 0, 0, 0, 33555352, 0.5, 104579, 872415274, 150995147, 536871052, 6292504, 0, 'AAA9AAAAAAA=');

INSERT INTO weenie_class (`weenieClassId`, `baseAceObjectId`)
VALUES (32409, 32409);

INSERT INTO `base_ace_object` (`baseAceObjectId`, `name`, `typeId`, `paletteId`, `ammoType`, `blipColor`, `bitField`, `burden`, `combatUse`, `cooldownDuration`, `cooldownId`, `effects`, `containersCapacity`, `header`, `hookTypeId`, `iconId`, `iconOverlayId`, `iconUnderlayId`, `hookItemTypes`, `itemsCapacity`, `location`, `materialType`, `maxStackSize`, `maxStructure`, `radar`, `pscript`, `spellId`, `stackSize`, `structure`, `targetTypeId`, `usability`, `useRadius`, `validLocations`, `value`, `workmanship`, `animationFrameId`, `defaultScript`, `defaultScriptIntensity`, `elasticity`, `friction`, `locationId`, `modelTableId`, `objectScale`, `physicsBitField`, `physicsTableId`, `motionTableId`, `soundTableId`, `physicsState`, `translucency`, `currentMotionState`)
VALUES (49482, 'Summoning Warden of Forgetfulness', 16, 0, 0, 3, 4, 0, 0, 0, 0, 0, 255, 1048630, 0, 100667624, 0, 0, 0, 255, 0, 0, 0, 0, 0, 0, 0, 0, 0, 0, 32, 3, 0, 0, 0, 0, 0, 0, 0, 0, 0, 33555352, 0.5, 104579, 872415274, 150995147, 536871052, 6292504, 0, 'AAA9AAAAAAA=');

INSERT INTO weenie_class (`weenieClassId`, `baseAceObjectId`)
VALUES (49482, 49482);

INSERT INTO `base_ace_object` (`baseAceObjectId`, `name`, `typeId`, `paletteId`, `ammoType`, `blipColor`, `bitField`, `burden`, `combatUse`, `cooldownDuration`, `cooldownId`, `effects`, `containersCapacity`, `header`, `hookTypeId`, `iconId`, `iconOverlayId`, `iconUnderlayId`, `hookItemTypes`, `itemsCapacity`, `location`, `materialType`, `maxStackSize`, `maxStructure`, `radar`, `pscript`, `spellId`, `stackSize`, `structure`, `targetTypeId`, `usability`, `useRadius`, `validLocations`, `value`, `workmanship`, `animationFrameId`, `defaultScript`, `defaultScriptIntensity`, `elasticity`, `friction`, `locationId`, `modelTableId`, `objectScale`, `physicsBitField`, `physicsTableId`, `motionTableId`, `soundTableId`, `physicsState`, `translucency`, `currentMotionState`)
VALUES (45389, 'Sneak Attack Warden of Forgetfulness', 16, 0, 0, 3, 4, 0, 0, 0, 0, 0, 255, 1048630, 0, 100667624, 0, 0, 0, 255, 0, 0, 0, 0, 0, 0, 0, 0, 0, 0, 32, 3, 0, 0, 0, 0, 0, 0, 0, 0, 0, 33555352, 0.5, 104579, 872415274, 150995147, 536871052, 6292504, 0, 'AAA9AAAAAAA=');

INSERT INTO weenie_class (`weenieClassId`, `baseAceObjectId`)
VALUES (45389, 45389);

INSERT INTO `base_ace_object` (`baseAceObjectId`, `name`, `typeId`, `paletteId`, `ammoType`, `blipColor`, `bitField`, `burden`, `combatUse`, `cooldownDuration`, `cooldownId`, `effects`, `containersCapacity`, `header`, `hookTypeId`, `iconId`, `iconOverlayId`, `iconUnderlayId`, `hookItemTypes`, `itemsCapacity`, `location`, `materialType`, `maxStackSize`, `maxStructure`, `radar`, `pscript`, `spellId`, `stackSize`, `structure`, `targetTypeId`, `usability`, `useRadius`, `validLocations`, `value`, `workmanship`, `animationFrameId`, `defaultScript`, `defaultScriptIntensity`, `elasticity`, `friction`, `locationId`, `modelTableId`, `objectScale`, `physicsBitField`, `physicsTableId`, `motionTableId`, `soundTableId`, `physicsState`, `translucency`, `currentMotionState`)
VALUES (45388, 'Shield Warden of Forgetfulness', 16, 0, 0, 3, 4, 0, 0, 0, 0, 0, 255, 1048630, 0, 100667624, 0, 0, 0, 255, 0, 0, 0, 0, 0, 0, 0, 0, 0, 0, 32, 3, 0, 0, 0, 0, 0, 0, 0, 0, 0, 33555352, 0.5, 104579, 872415274, 150995147, 536871052, 6292504, 0, 'AAA9AAAAAAA=');

INSERT INTO weenie_class (`weenieClassId`, `baseAceObjectId`)
VALUES (45388, 45388);

INSERT INTO `base_ace_object` (`baseAceObjectId`, `name`, `typeId`, `paletteId`, `ammoType`, `blipColor`, `bitField`, `burden`, `combatUse`, `cooldownDuration`, `cooldownId`, `effects`, `containersCapacity`, `header`, `hookTypeId`, `iconId`, `iconOverlayId`, `iconUnderlayId`, `hookItemTypes`, `itemsCapacity`, `location`, `materialType`, `maxStackSize`, `maxStructure`, `radar`, `pscript`, `spellId`, `stackSize`, `structure`, `targetTypeId`, `usability`, `useRadius`, `validLocations`, `value`, `workmanship`, `animationFrameId`, `defaultScript`, `defaultScriptIntensity`, `elasticity`, `friction`, `locationId`, `modelTableId`, `objectScale`, `physicsBitField`, `physicsTableId`, `motionTableId`, `soundTableId`, `physicsState`, `translucency`, `currentMotionState`)
VALUES (45387, 'Recklessness Warden of Forgetfulness', 16, 0, 0, 3, 4, 0, 0, 0, 0, 0, 255, 1048630, 0, 100667624, 0, 0, 0, 255, 0, 0, 0, 0, 0, 0, 0, 0, 0, 0, 32, 3, 0, 0, 0, 0, 0, 0, 0, 0, 0, 33555352, 0.5, 104579, 872415274, 150995147, 536871052, 6292504, 0, 'AAA9AAAAAAA=');

INSERT INTO weenie_class (`weenieClassId`, `baseAceObjectId`)
VALUES (45387, 45387);

INSERT INTO `base_ace_object` (`baseAceObjectId`, `name`, `typeId`, `paletteId`, `ammoType`, `blipColor`, `bitField`, `burden`, `combatUse`, `cooldownDuration`, `cooldownId`, `effects`, `containersCapacity`, `header`, `hookTypeId`, `iconId`, `iconOverlayId`, `iconUnderlayId`, `hookItemTypes`, `itemsCapacity`, `location`, `materialType`, `maxStackSize`, `maxStructure`, `radar`, `pscript`, `spellId`, `stackSize`, `structure`, `targetTypeId`, `usability`, `useRadius`, `validLocations`, `value`, `workmanship`, `animationFrameId`, `defaultScript`, `defaultScriptIntensity`, `elasticity`, `friction`, `locationId`, `modelTableId`, `objectScale`, `physicsBitField`, `physicsTableId`, `motionTableId`, `soundTableId`, `physicsState`, `translucency`, `currentMotionState`)
VALUES (43401, 'Void Magic Warden of Forgetfulness', 16, 0, 0, 3, 4, 0, 0, 0, 0, 0, 255, 1048630, 0, 100667624, 0, 0, 0, 255, 0, 0, 0, 0, 0, 0, 0, 0, 0, 0, 32, 3, 0, 0, 0, 0, 0, 0, 0, 0, 0, 33555352, 0.5, 104579, 872415274, 150995147, 536871052, 6292504, 0, 'AAA9AAAAAAA=');

INSERT INTO weenie_class (`weenieClassId`, `baseAceObjectId`)
VALUES (43401, 43401);

INSERT INTO `base_ace_object` (`baseAceObjectId`, `name`, `typeId`, `paletteId`, `ammoType`, `blipColor`, `bitField`, `burden`, `combatUse`, `cooldownDuration`, `cooldownId`, `effects`, `containersCapacity`, `header`, `hookTypeId`, `iconId`, `iconOverlayId`, `iconUnderlayId`, `hookItemTypes`, `itemsCapacity`, `location`, `materialType`, `maxStackSize`, `maxStructure`, `radar`, `pscript`, `spellId`, `stackSize`, `structure`, `targetTypeId`, `usability`, `useRadius`, `validLocations`, `value`, `workmanship`, `animationFrameId`, `defaultScript`, `defaultScriptIntensity`, `elasticity`, `friction`, `locationId`, `modelTableId`, `objectScale`, `physicsBitField`, `physicsTableId`, `motionTableId`, `soundTableId`, `physicsState`, `translucency`, `currentMotionState`)
VALUES (41743, 'Two Handed Warden of Forgetfulness', 16, 0, 0, 3, 4, 0, 0, 0, 0, 0, 255, 1048630, 0, 100667624, 0, 0, 0, 255, 0, 0, 0, 0, 0, 0, 0, 0, 0, 0, 32, 3, 0, 0, 0, 0, 0, 0, 0, 0, 0, 33555352, 0.5, 104579, 872415274, 150995147, 536871052, 6292504, 0, 'AAA9AAAAAAA=');

INSERT INTO weenie_class (`weenieClassId`, `baseAceObjectId`)
VALUES (41743, 41743);

INSERT INTO `base_ace_object` (`baseAceObjectId`, `name`, `typeId`, `paletteId`, `ammoType`, `blipColor`, `bitField`, `burden`, `combatUse`, `cooldownDuration`, `cooldownId`, `effects`, `containersCapacity`, `header`, `hookTypeId`, `iconId`, `iconOverlayId`, `iconUnderlayId`, `hookItemTypes`, `itemsCapacity`, `location`, `materialType`, `maxStackSize`, `maxStructure`, `radar`, `pscript`, `spellId`, `stackSize`, `structure`, `targetTypeId`, `usability`, `useRadius`, `validLocations`, `value`, `workmanship`, `animationFrameId`, `defaultScript`, `defaultScriptIntensity`, `elasticity`, `friction`, `locationId`, `modelTableId`, `objectScale`, `physicsBitField`, `physicsTableId`, `motionTableId`, `soundTableId`, `physicsState`, `translucency`, `currentMotionState`)
VALUES (32400, 'Run Warden of Forgetfulness', 16, 0, 0, 3, 4, 0, 0, 0, 0, 0, 255, 1048630, 0, 100667624, 0, 0, 0, 255, 0, 0, 0, 0, 0, 0, 0, 0, 0, 0, 32, 3, 0, 0, 0, 0, 0, 0, 0, 0, 0, 33555352, 0.5, 104579, 872415274, 150995147, 536871052, 6292504, 0, 'AAA9AAAAAAA=');

INSERT INTO weenie_class (`weenieClassId`, `baseAceObjectId`)
VALUES (32400, 32400);

INSERT INTO `base_ace_object` (`baseAceObjectId`, `name`, `typeId`, `paletteId`, `ammoType`, `blipColor`, `bitField`, `burden`, `combatUse`, `cooldownDuration`, `cooldownId`, `effects`, `containersCapacity`, `header`, `hookTypeId`, `iconId`, `iconOverlayId`, `iconUnderlayId`, `hookItemTypes`, `itemsCapacity`, `location`, `materialType`, `maxStackSize`, `maxStructure`, `radar`, `pscript`, `spellId`, `stackSize`, `structure`, `targetTypeId`, `usability`, `useRadius`, `validLocations`, `value`, `workmanship`, `animationFrameId`, `defaultScript`, `defaultScriptIntensity`, `elasticity`, `friction`, `locationId`, `modelTableId`, `objectScale`, `physicsBitField`, `physicsTableId`, `motionTableId`, `soundTableId`, `physicsState`, `translucency`, `currentMotionState`)
VALUES (32401, 'Salvaging Warden of Forgetfulness', 16, 0, 0, 3, 4, 0, 0, 0, 0, 0, 255, 1048630, 0, 100667624, 0, 0, 0, 255, 0, 0, 0, 0, 0, 0, 0, 0, 0, 0, 32, 3, 0, 0, 0, 0, 0, 0, 0, 0, 0, 33555352, 0.5, 104579, 872415274, 150995147, 536871052, 6292504, 0, 'AAA9AAAAAAA=');

INSERT INTO weenie_class (`weenieClassId`, `baseAceObjectId`)
VALUES (32401, 32401);

INSERT INTO `base_ace_object` (`baseAceObjectId`, `name`, `typeId`, `paletteId`, `ammoType`, `blipColor`, `bitField`, `burden`, `combatUse`, `cooldownDuration`, `cooldownId`, `effects`, `containersCapacity`, `header`, `hookTypeId`, `iconId`, `iconOverlayId`, `iconUnderlayId`, `hookItemTypes`, `itemsCapacity`, `location`, `materialType`, `maxStackSize`, `maxStructure`, `radar`, `pscript`, `spellId`, `stackSize`, `structure`, `targetTypeId`, `usability`, `useRadius`, `validLocations`, `value`, `workmanship`, `animationFrameId`, `defaultScript`, `defaultScriptIntensity`, `elasticity`, `friction`, `locationId`, `modelTableId`, `objectScale`, `physicsBitField`, `physicsTableId`, `motionTableId`, `soundTableId`, `physicsState`, `translucency`, `currentMotionState`)
VALUES (32408, 'Weapon Tinkering Warden of Forgetfulness', 16, 0, 0, 3, 4, 0, 0, 0, 0, 0, 255, 1048630, 0, 100667624, 0, 0, 0, 255, 0, 0, 0, 0, 0, 0, 0, 0, 0, 0, 32, 3, 0, 0, 0, 0, 0, 0, 0, 0, 0, 33555352, 0.5, 104579, 872415274, 150995147, 536871052, 6292504, 0, 'AAA9AAAAAAA=');

INSERT INTO weenie_class (`weenieClassId`, `baseAceObjectId`)
VALUES (32408, 32408);

INSERT INTO `base_ace_object` (`baseAceObjectId`, `name`, `typeId`, `paletteId`, `ammoType`, `blipColor`, `bitField`, `burden`, `combatUse`, `cooldownDuration`, `cooldownId`, `effects`, `containersCapacity`, `header`, `hookTypeId`, `iconId`, `iconOverlayId`, `iconUnderlayId`, `hookItemTypes`, `itemsCapacity`, `location`, `materialType`, `maxStackSize`, `maxStructure`, `radar`, `pscript`, `spellId`, `stackSize`, `structure`, `targetTypeId`, `usability`, `useRadius`, `validLocations`, `value`, `workmanship`, `animationFrameId`, `defaultScript`, `defaultScriptIntensity`, `elasticity`, `friction`, `locationId`, `modelTableId`, `objectScale`, `physicsBitField`, `physicsTableId`, `motionTableId`, `soundTableId`, `physicsState`, `translucency`, `currentMotionState`)
VALUES (32407, 'War Magic Warden of Forgetfulness', 16, 0, 0, 3, 4, 0, 0, 0, 0, 0, 255, 1048630, 0, 100667624, 0, 0, 0, 255, 0, 0, 0, 0, 0, 0, 0, 0, 0, 0, 32, 3, 0, 0, 0, 0, 0, 0, 0, 0, 0, 33555352, 0.5, 104579, 872415274, 150995147, 536871052, 6292504, 0, 'AAA9AAAAAAA=');

INSERT INTO weenie_class (`weenieClassId`, `baseAceObjectId`)
VALUES (32407, 32407);

INSERT INTO `base_ace_object` (`baseAceObjectId`, `name`, `typeId`, `paletteId`, `ammoType`, `blipColor`, `bitField`, `burden`, `combatUse`, `cooldownDuration`, `cooldownId`, `effects`, `containersCapacity`, `header`, `hookTypeId`, `iconId`, `iconOverlayId`, `iconUnderlayId`, `hookItemTypes`, `itemsCapacity`, `location`, `materialType`, `maxStackSize`, `maxStructure`, `radar`, `pscript`, `spellId`, `stackSize`, `structure`, `targetTypeId`, `usability`, `useRadius`, `validLocations`, `value`, `workmanship`, `animationFrameId`, `defaultScript`, `defaultScriptIntensity`, `elasticity`, `friction`, `locationId`, `modelTableId`, `objectScale`, `physicsBitField`, `physicsTableId`, `motionTableId`, `soundTableId`, `physicsState`, `translucency`, `currentMotionState`)
VALUES (45386, 'Dual Wield Warden of Forgetfulness', 16, 0, 0, 3, 4, 0, 0, 0, 0, 0, 255, 1048630, 0, 100667624, 0, 0, 0, 255, 0, 0, 0, 0, 0, 0, 0, 0, 0, 0, 32, 3, 0, 0, 0, 0, 0, 0, 0, 0, 0, 33555352, 0.5, 104579, 872415274, 150995147, 536871052, 6292504, 0, 'AAA9AAAAAAA=');

INSERT INTO weenie_class (`weenieClassId`, `baseAceObjectId`)
VALUES (45386, 45386);

INSERT INTO `base_ace_object` (`baseAceObjectId`, `name`, `typeId`, `paletteId`, `ammoType`, `blipColor`, `bitField`, `burden`, `combatUse`, `cooldownDuration`, `cooldownId`, `effects`, `containersCapacity`, `header`, `hookTypeId`, `iconId`, `iconOverlayId`, `iconUnderlayId`, `hookItemTypes`, `itemsCapacity`, `location`, `materialType`, `maxStackSize`, `maxStructure`, `radar`, `pscript`, `spellId`, `stackSize`, `structure`, `targetTypeId`, `usability`, `useRadius`, `validLocations`, `value`, `workmanship`, `animationFrameId`, `defaultScript`, `defaultScriptIntensity`, `elasticity`, `friction`, `locationId`, `modelTableId`, `objectScale`, `physicsBitField`, `physicsTableId`, `motionTableId`, `soundTableId`, `physicsState`, `translucency`, `currentMotionState`)
VALUES (32420, 'Fletching Warden of Forgetfulness', 16, 0, 0, 3, 4, 0, 0, 0, 0, 0, 255, 1048630, 0, 100667624, 0, 0, 0, 255, 0, 0, 0, 0, 0, 0, 0, 0, 0, 0, 32, 3, 0, 0, 0, 0, 0, 0, 0, 0, 0, 33555352, 0.5, 104579, 872415274, 150995147, 536871052, 6292504, 0, 'AAA9AAAAAAA=');

INSERT INTO weenie_class (`weenieClassId`, `baseAceObjectId`)
VALUES (32420, 32420);

INSERT INTO `base_ace_object` (`baseAceObjectId`, `name`, `typeId`, `paletteId`, `ammoType`, `blipColor`, `bitField`, `burden`, `combatUse`, `cooldownDuration`, `cooldownId`, `effects`, `containersCapacity`, `header`, `hookTypeId`, `iconId`, `iconOverlayId`, `iconUnderlayId`, `hookItemTypes`, `itemsCapacity`, `location`, `materialType`, `maxStackSize`, `maxStructure`, `radar`, `pscript`, `spellId`, `stackSize`, `structure`, `targetTypeId`, `usability`, `useRadius`, `validLocations`, `value`, `workmanship`, `animationFrameId`, `defaultScript`, `defaultScriptIntensity`, `elasticity`, `friction`, `locationId`, `modelTableId`, `objectScale`, `physicsBitField`, `physicsTableId`, `motionTableId`, `soundTableId`, `physicsState`, `translucency`, `currentMotionState`)
VALUES (32426, 'Life Magic Warden of Forgetfulness', 16, 0, 0, 3, 4, 0, 0, 0, 0, 0, 255, 1048630, 0, 100667624, 0, 0, 0, 255, 0, 0, 0, 0, 0, 0, 0, 0, 0, 0, 32, 3, 0, 0, 0, 0, 0, 0, 0, 0, 0, 33555352, 0.5, 104579, 872415274, 150995147, 536871052, 6292504, 0, 'AAA9AAAAAAA=');

INSERT INTO weenie_class (`weenieClassId`, `baseAceObjectId`)
VALUES (32426, 32426);

INSERT INTO `base_ace_object` (`baseAceObjectId`, `name`, `typeId`, `paletteId`, `ammoType`, `blipColor`, `bitField`, `burden`, `combatUse`, `cooldownDuration`, `cooldownId`, `effects`, `containersCapacity`, `header`, `hookTypeId`, `iconId`, `iconOverlayId`, `iconUnderlayId`, `hookItemTypes`, `itemsCapacity`, `location`, `materialType`, `maxStackSize`, `maxStructure`, `radar`, `pscript`, `spellId`, `stackSize`, `structure`, `targetTypeId`, `usability`, `useRadius`, `validLocations`, `value`, `workmanship`, `animationFrameId`, `defaultScript`, `defaultScriptIntensity`, `elasticity`, `friction`, `locationId`, `modelTableId`, `objectScale`, `physicsBitField`, `physicsTableId`, `motionTableId`, `soundTableId`, `physicsState`, `translucency`, `currentMotionState`)
VALUES (32418, 'Finesse Weapons Warden of Forgetfulness', 16, 0, 0, 3, 4, 0, 0, 0, 0, 0, 255, 1048630, 0, 100667624, 0, 0, 0, 255, 0, 0, 0, 0, 0, 0, 0, 0, 0, 0, 32, 3, 0, 0, 0, 0, 0, 0, 0, 0, 0, 33555352, 0.5, 104579, 872415274, 150995147, 536871052, 6292504, 0, 'AAA9AAAAAAA=');

INSERT INTO weenie_class (`weenieClassId`, `baseAceObjectId`)
VALUES (32418, 32418);

INSERT INTO `base_ace_object` (`baseAceObjectId`, `name`, `typeId`, `paletteId`, `ammoType`, `blipColor`, `bitField`, `burden`, `combatUse`, `cooldownDuration`, `cooldownId`, `effects`, `containersCapacity`, `header`, `hookTypeId`, `iconId`, `iconOverlayId`, `iconUnderlayId`, `hookItemTypes`, `itemsCapacity`, `location`, `materialType`, `maxStackSize`, `maxStructure`, `radar`, `pscript`, `spellId`, `stackSize`, `structure`, `targetTypeId`, `usability`, `useRadius`, `validLocations`, `value`, `workmanship`, `animationFrameId`, `defaultScript`, `defaultScriptIntensity`, `elasticity`, `friction`, `locationId`, `modelTableId`, `objectScale`, `physicsBitField`, `physicsTableId`, `motionTableId`, `soundTableId`, `physicsState`, `translucency`, `currentMotionState`)
VALUES (32424, 'Jump Warden of Forgetfulness', 16, 0, 0, 3, 4, 0, 0, 0, 0, 0, 255, 1048630, 0, 100667624, 0, 0, 0, 255, 0, 0, 0, 0, 0, 0, 0, 0, 0, 0, 32, 3, 0, 0, 0, 0, 0, 0, 0, 0, 0, 33555352, 0.5, 104579, 872415274, 150995147, 536871052, 6292504, 0, 'AAA9AAAAAAA=');

INSERT INTO weenie_class (`weenieClassId`, `baseAceObjectId`)
VALUES (32424, 32424);

INSERT INTO `base_ace_object` (`baseAceObjectId`, `name`, `typeId`, `paletteId`, `ammoType`, `blipColor`, `bitField`, `burden`, `combatUse`, `cooldownDuration`, `cooldownId`, `effects`, `containersCapacity`, `header`, `hookTypeId`, `iconId`, `iconOverlayId`, `iconUnderlayId`, `hookItemTypes`, `itemsCapacity`, `location`, `materialType`, `maxStackSize`, `maxStructure`, `radar`, `pscript`, `spellId`, `stackSize`, `structure`, `targetTypeId`, `usability`, `useRadius`, `validLocations`, `value`, `workmanship`, `animationFrameId`, `defaultScript`, `defaultScriptIntensity`, `elasticity`, `friction`, `locationId`, `modelTableId`, `objectScale`, `physicsBitField`, `physicsTableId`, `motionTableId`, `soundTableId`, `physicsState`, `translucency`, `currentMotionState`)
VALUES (32423, 'Item Enchantment Warden of Forgetfulness', 16, 0, 0, 3, 4, 0, 0, 0, 0, 0, 255, 1048630, 0, 100667624, 0, 0, 0, 255, 0, 0, 0, 0, 0, 0, 0, 0, 0, 0, 32, 3, 0, 0, 0, 0, 0, 0, 0, 0, 0, 33555352, 0.5, 104579, 872415274, 150995147, 536871052, 6292504, 0, 'AAA9AAAAAAA=');

INSERT INTO weenie_class (`weenieClassId`, `baseAceObjectId`)
VALUES (32423, 32423);

INSERT INTO `base_ace_object` (`baseAceObjectId`, `name`, `typeId`, `paletteId`, `ammoType`, `blipColor`, `bitField`, `burden`, `combatUse`, `cooldownDuration`, `cooldownId`, `effects`, `containersCapacity`, `header`, `hookTypeId`, `iconId`, `iconOverlayId`, `iconUnderlayId`, `hookItemTypes`, `itemsCapacity`, `location`, `materialType`, `maxStackSize`, `maxStructure`, `radar`, `pscript`, `spellId`, `stackSize`, `structure`, `targetTypeId`, `usability`, `useRadius`, `validLocations`, `value`, `workmanship`, `animationFrameId`, `defaultScript`, `defaultScriptIntensity`, `elasticity`, `friction`, `locationId`, `modelTableId`, `objectScale`, `physicsBitField`, `physicsTableId`, `motionTableId`, `soundTableId`, `physicsState`, `translucency`, `currentMotionState`)
VALUES (32425, 'Leadership Warden of Forgetfulness', 16, 0, 0, 3, 4, 0, 0, 0, 0, 0, 255, 1048630, 0, 100667624, 0, 0, 0, 255, 0, 0, 0, 0, 0, 0, 0, 0, 0, 0, 32, 3, 0, 0, 0, 0, 0, 0, 0, 0, 0, 33555352, 0.5, 104579, 872415274, 150995147, 536871052, 6292504, 0, 'AAA9AAAAAAA=');

INSERT INTO weenie_class (`weenieClassId`, `baseAceObjectId`)
VALUES (32425, 32425);

INSERT INTO `base_ace_object` (`baseAceObjectId`, `name`, `typeId`, `paletteId`, `ammoType`, `blipColor`, `bitField`, `burden`, `combatUse`, `cooldownDuration`, `cooldownId`, `effects`, `containersCapacity`, `header`, `hookTypeId`, `iconId`, `iconOverlayId`, `iconUnderlayId`, `hookItemTypes`, `itemsCapacity`, `location`, `materialType`, `maxStackSize`, `maxStructure`, `radar`, `pscript`, `spellId`, `stackSize`, `structure`, `targetTypeId`, `usability`, `useRadius`, `validLocations`, `value`, `workmanship`, `animationFrameId`, `defaultScript`, `defaultScriptIntensity`, `elasticity`, `friction`, `locationId`, `modelTableId`, `objectScale`, `physicsBitField`, `physicsTableId`, `motionTableId`, `soundTableId`, `physicsState`, `translucency`, `currentMotionState`)
VALUES (32421, 'Healing Warden of Forgetfulness', 16, 0, 0, 3, 4, 0, 0, 0, 0, 0, 255, 1048630, 0, 100667624, 0, 0, 0, 255, 0, 0, 0, 0, 0, 0, 0, 0, 0, 0, 32, 3, 0, 0, 0, 0, 0, 0, 0, 0, 0, 33555352, 0.5, 104579, 872415274, 150995147, 536871052, 6292504, 0, 'AAA9AAAAAAA=');

INSERT INTO weenie_class (`weenieClassId`, `baseAceObjectId`)
VALUES (32421, 32421);

INSERT INTO `base_ace_object` (`baseAceObjectId`, `name`, `typeId`, `paletteId`, `ammoType`, `blipColor`, `bitField`, `burden`, `combatUse`, `cooldownDuration`, `cooldownId`, `effects`, `containersCapacity`, `header`, `hookTypeId`, `iconId`, `iconOverlayId`, `iconUnderlayId`, `hookItemTypes`, `itemsCapacity`, `location`, `materialType`, `maxStackSize`, `maxStructure`, `radar`, `pscript`, `spellId`, `stackSize`, `structure`, `targetTypeId`, `usability`, `useRadius`, `validLocations`, `value`, `workmanship`, `animationFrameId`, `defaultScript`, `defaultScriptIntensity`, `elasticity`, `friction`, `locationId`, `modelTableId`, `objectScale`, `physicsBitField`, `physicsTableId`, `motionTableId`, `soundTableId`, `physicsState`, `translucency`, `currentMotionState`)
VALUES (32422, 'Item Tinkering Warden of Forgetfulness', 16, 0, 0, 3, 4, 0, 0, 0, 0, 0, 255, 1048630, 0, 100667624, 0, 0, 0, 255, 0, 0, 0, 0, 0, 0, 0, 0, 0, 0, 32, 3, 0, 0, 0, 0, 0, 0, 0, 0, 0, 33555352, 0.5, 104579, 872415274, 150995147, 536871052, 6292504, 0, 'AAA9AAAAAAA=');

INSERT INTO weenie_class (`weenieClassId`, `baseAceObjectId`)
VALUES (32422, 32422);

INSERT INTO `base_ace_object` (`baseAceObjectId`, `name`, `typeId`, `paletteId`, `ammoType`, `blipColor`, `bitField`, `burden`, `combatUse`, `cooldownDuration`, `cooldownId`, `effects`, `containersCapacity`, `header`, `hookTypeId`, `iconId`, `iconOverlayId`, `iconUnderlayId`, `hookItemTypes`, `itemsCapacity`, `location`, `materialType`, `maxStackSize`, `maxStructure`, `radar`, `pscript`, `spellId`, `stackSize`, `structure`, `targetTypeId`, `usability`, `useRadius`, `validLocations`, `value`, `workmanship`, `animationFrameId`, `defaultScript`, `defaultScriptIntensity`, `elasticity`, `friction`, `locationId`, `modelTableId`, `objectScale`, `physicsBitField`, `physicsTableId`, `motionTableId`, `soundTableId`, `physicsState`, `translucency`, `currentMotionState`)
VALUES (32404, 'Heavy Weapons Warden of Forgetfulness', 16, 0, 0, 3, 4, 0, 0, 0, 0, 0, 255, 1048630, 0, 100667624, 0, 0, 0, 255, 0, 0, 0, 0, 0, 0, 0, 0, 0, 0, 32, 3, 0, 0, 0, 0, 0, 0, 0, 0, 0, 33555352, 0.5, 104579, 872415274, 150995147, 536871052, 6292504, 0, 'AAA9AAAAAAA=');

INSERT INTO weenie_class (`weenieClassId`, `baseAceObjectId`)
VALUES (32404, 32404);

INSERT INTO `base_ace_object` (`baseAceObjectId`, `name`, `typeId`, `paletteId`, `ammoType`, `blipColor`, `bitField`, `burden`, `combatUse`, `cooldownDuration`, `cooldownId`, `effects`, `containersCapacity`, `header`, `hookTypeId`, `iconId`, `iconOverlayId`, `iconUnderlayId`, `hookItemTypes`, `itemsCapacity`, `location`, `materialType`, `maxStackSize`, `maxStructure`, `radar`, `pscript`, `spellId`, `stackSize`, `structure`, `targetTypeId`, `usability`, `useRadius`, `validLocations`, `value`, `workmanship`, `animationFrameId`, `defaultScript`, `defaultScriptIntensity`, `elasticity`, `friction`, `locationId`, `modelTableId`, `objectScale`, `physicsBitField`, `physicsTableId`, `motionTableId`, `soundTableId`, `physicsState`, `translucency`, `currentMotionState`)
VALUES (32427, 'Lockpick Warden of Forgetfulness', 16, 0, 0, 3, 4, 0, 0, 0, 0, 0, 255, 1048630, 0, 100667624, 0, 0, 0, 255, 0, 0, 0, 0, 0, 0, 0, 0, 0, 0, 32, 3, 0, 0, 0, 0, 0, 0, 0, 0, 0, 33555352, 0.5, 104579, 872415274, 150995147, 536871052, 6292504, 0, 'AAA9AAAAAAA=');

INSERT INTO weenie_class (`weenieClassId`, `baseAceObjectId`)
VALUES (32427, 32427);

INSERT INTO `base_ace_object` (`baseAceObjectId`, `name`, `typeId`, `paletteId`, `ammoType`, `blipColor`, `bitField`, `burden`, `combatUse`, `cooldownDuration`, `cooldownId`, `effects`, `containersCapacity`, `header`, `hookTypeId`, `iconId`, `iconOverlayId`, `iconUnderlayId`, `hookItemTypes`, `itemsCapacity`, `location`, `materialType`, `maxStackSize`, `maxStructure`, `radar`, `pscript`, `spellId`, `stackSize`, `structure`, `targetTypeId`, `usability`, `useRadius`, `validLocations`, `value`, `workmanship`, `animationFrameId`, `defaultScript`, `defaultScriptIntensity`, `elasticity`, `friction`, `locationId`, `modelTableId`, `objectScale`, `physicsBitField`, `physicsTableId`, `motionTableId`, `soundTableId`, `physicsState`, `translucency`, `currentMotionState`)
VALUES (32433, 'Melee Defense Warden of Forgetfulness', 16, 0, 0, 3, 4, 0, 0, 0, 0, 0, 255, 1048630, 0, 100667624, 0, 0, 0, 255, 0, 0, 0, 0, 0, 0, 0, 0, 0, 0, 32, 3, 0, 0, 0, 0, 0, 0, 0, 0, 0, 33555352, 0.5, 104579, 872415274, 150995147, 536871052, 6292504, 0, 'AAA9AAAAAAA=');

INSERT INTO weenie_class (`weenieClassId`, `baseAceObjectId`)
VALUES (32433, 32433);

INSERT INTO `base_ace_object` (`baseAceObjectId`, `name`, `typeId`, `paletteId`, `ammoType`, `blipColor`, `bitField`, `burden`, `combatUse`, `cooldownDuration`, `cooldownId`, `effects`, `containersCapacity`, `header`, `hookTypeId`, `iconId`, `iconOverlayId`, `iconUnderlayId`, `hookItemTypes`, `itemsCapacity`, `location`, `materialType`, `maxStackSize`, `maxStructure`, `radar`, `pscript`, `spellId`, `stackSize`, `structure`, `targetTypeId`, `usability`, `useRadius`, `validLocations`, `value`, `workmanship`, `animationFrameId`, `defaultScript`, `defaultScriptIntensity`, `elasticity`, `friction`, `locationId`, `modelTableId`, `objectScale`, `physicsBitField`, `physicsTableId`, `motionTableId`, `soundTableId`, `physicsState`, `translucency`, `currentMotionState`)
VALUES (32432, 'Mana Conversion Warden of Forgetfulness', 16, 0, 0, 3, 4, 0, 0, 0, 0, 0, 255, 1048630, 0, 100667624, 0, 0, 0, 255, 0, 0, 0, 0, 0, 0, 0, 0, 0, 0, 32, 3, 0, 0, 0, 0, 0, 0, 0, 0, 0, 33555352, 0.5, 104579, 872415274, 150995147, 536871052, 6292504, 0, 'AAA9AAAAAAA=');

INSERT INTO weenie_class (`weenieClassId`, `baseAceObjectId`)
VALUES (32432, 32432);

INSERT INTO `base_ace_object` (`baseAceObjectId`, `name`, `typeId`, `paletteId`, `ammoType`, `blipColor`, `bitField`, `burden`, `combatUse`, `cooldownDuration`, `cooldownId`, `effects`, `containersCapacity`, `header`, `hookTypeId`, `iconId`, `iconOverlayId`, `iconUnderlayId`, `hookItemTypes`, `itemsCapacity`, `location`, `materialType`, `maxStackSize`, `maxStructure`, `radar`, `pscript`, `spellId`, `stackSize`, `structure`, `targetTypeId`, `usability`, `useRadius`, `validLocations`, `value`, `workmanship`, `animationFrameId`, `defaultScript`, `defaultScriptIntensity`, `elasticity`, `friction`, `locationId`, `modelTableId`, `objectScale`, `physicsBitField`, `physicsTableId`, `motionTableId`, `soundTableId`, `physicsState`, `translucency`, `currentMotionState`)
VALUES (32434, 'Missile Defense Warden of Forgetfulness', 16, 0, 0, 3, 4, 0, 0, 0, 0, 0, 255, 1048630, 0, 100667624, 0, 0, 0, 255, 0, 0, 0, 0, 0, 0, 0, 0, 0, 0, 32, 3, 0, 0, 0, 0, 0, 0, 0, 0, 0, 33555352, 0.5, 104579, 872415274, 150995147, 536871052, 6292504, 0, 'AAA9AAAAAAA=');

INSERT INTO weenie_class (`weenieClassId`, `baseAceObjectId`)
VALUES (32434, 32434);

INSERT INTO `base_ace_object` (`baseAceObjectId`, `name`, `typeId`, `paletteId`, `ammoType`, `blipColor`, `bitField`, `burden`, `combatUse`, `cooldownDuration`, `cooldownId`, `effects`, `containersCapacity`, `header`, `hookTypeId`, `iconId`, `iconOverlayId`, `iconUnderlayId`, `hookItemTypes`, `itemsCapacity`, `location`, `materialType`, `maxStackSize`, `maxStructure`, `radar`, `pscript`, `spellId`, `stackSize`, `structure`, `targetTypeId`, `usability`, `useRadius`, `validLocations`, `value`, `workmanship`, `animationFrameId`, `defaultScript`, `defaultScriptIntensity`, `elasticity`, `friction`, `locationId`, `modelTableId`, `objectScale`, `physicsBitField`, `physicsTableId`, `motionTableId`, `soundTableId`, `physicsState`, `translucency`, `currentMotionState`)
VALUES (32430, 'Magic Defense Warden of Forgetfulness', 16, 0, 0, 3, 4, 0, 0, 0, 0, 0, 255, 1048630, 0, 100667624, 0, 0, 0, 255, 0, 0, 0, 0, 0, 0, 0, 0, 0, 0, 32, 3, 0, 0, 0, 0, 0, 0, 0, 0, 0, 33555352, 0.5, 104579, 872415274, 150995147, 536871052, 6292504, 0, 'AAA9AAAAAAA=');

INSERT INTO weenie_class (`weenieClassId`, `baseAceObjectId`)
VALUES (32430, 32430);

INSERT INTO `base_ace_object` (`baseAceObjectId`, `name`, `typeId`, `paletteId`, `ammoType`, `blipColor`, `bitField`, `burden`, `combatUse`, `cooldownDuration`, `cooldownId`, `effects`, `containersCapacity`, `header`, `hookTypeId`, `iconId`, `iconOverlayId`, `iconUnderlayId`, `hookItemTypes`, `itemsCapacity`, `location`, `materialType`, `maxStackSize`, `maxStructure`, `radar`, `pscript`, `spellId`, `stackSize`, `structure`, `targetTypeId`, `usability`, `useRadius`, `validLocations`, `value`, `workmanship`, `animationFrameId`, `defaultScript`, `defaultScriptIntensity`, `elasticity`, `friction`, `locationId`, `modelTableId`, `objectScale`, `physicsBitField`, `physicsTableId`, `motionTableId`, `soundTableId`, `physicsState`, `translucency`, `currentMotionState`)
VALUES (32431, 'Magic Item Tinkering Warden of Forgetfulness', 16, 0, 0, 3, 4, 0, 0, 0, 0, 0, 255, 1048630, 0, 100667624, 0, 0, 0, 255, 0, 0, 0, 0, 0, 0, 0, 0, 0, 0, 32, 3, 0, 0, 0, 0, 0, 0, 0, 0, 0, 33555352, 0.5, 104579, 872415274, 150995147, 536871052, 6292504, 0, 'AAA9AAAAAAA=');

INSERT INTO weenie_class (`weenieClassId`, `baseAceObjectId`)
VALUES (32431, 32431);

INSERT INTO `base_ace_object` (`baseAceObjectId`, `name`, `typeId`, `paletteId`, `ammoType`, `blipColor`, `bitField`, `burden`, `combatUse`, `cooldownDuration`, `cooldownId`, `effects`, `containersCapacity`, `header`, `hookTypeId`, `iconId`, `iconOverlayId`, `iconUnderlayId`, `hookItemTypes`, `itemsCapacity`, `location`, `materialType`, `maxStackSize`, `maxStructure`, `radar`, `pscript`, `spellId`, `stackSize`, `structure`, `targetTypeId`, `usability`, `useRadius`, `validLocations`, `value`, `workmanship`, `animationFrameId`, `defaultScript`, `defaultScriptIntensity`, `elasticity`, `friction`, `locationId`, `modelTableId`, `objectScale`, `physicsBitField`, `physicsTableId`, `motionTableId`, `soundTableId`, `physicsState`, `translucency`, `currentMotionState`)
VALUES (32428, 'Loyalty Warden of Forgetfulness', 16, 0, 0, 3, 4, 0, 0, 0, 0, 0, 255, 1048630, 0, 100667624, 0, 0, 0, 255, 0, 0, 0, 0, 0, 0, 0, 0, 0, 0, 32, 3, 0, 0, 0, 0, 0, 0, 0, 0, 0, 33555352, 0.5, 104579, 872415274, 150995147, 536871052, 6292504, 0, 'AAA9AAAAAAA=');

INSERT INTO weenie_class (`weenieClassId`, `baseAceObjectId`)
VALUES (32428, 32428);

INSERT INTO `base_ace_object` (`baseAceObjectId`, `name`, `typeId`, `paletteId`, `ammoType`, `blipColor`, `bitField`, `burden`, `combatUse`, `cooldownDuration`, `cooldownId`, `effects`, `containersCapacity`, `header`, `hookTypeId`, `iconId`, `iconOverlayId`, `iconUnderlayId`, `hookItemTypes`, `itemsCapacity`, `location`, `materialType`, `maxStackSize`, `maxStructure`, `radar`, `pscript`, `spellId`, `stackSize`, `structure`, `targetTypeId`, `usability`, `useRadius`, `validLocations`, `value`, `workmanship`, `animationFrameId`, `defaultScript`, `defaultScriptIntensity`, `elasticity`, `friction`, `locationId`, `modelTableId`, `objectScale`, `physicsBitField`, `physicsTableId`, `motionTableId`, `soundTableId`, `physicsState`, `translucency`, `currentMotionState`)
VALUES (32412, 'Missile Weapons Warden of Forgetfulness', 16, 0, 0, 3, 4, 0, 0, 0, 0, 0, 255, 1048630, 0, 100667624, 0, 0, 0, 255, 0, 0, 0, 0, 0, 0, 0, 0, 0, 0, 32, 3, 0, 0, 0, 0, 0, 0, 0, 0, 0, 33555352, 0.5, 104579, 872415274, 150995147, 536871052, 6292504, 0, 'AAA9AAAAAAA=');

INSERT INTO weenie_class (`weenieClassId`, `baseAceObjectId`)
VALUES (32412, 32412);

INSERT INTO `base_ace_object` (`baseAceObjectId`, `name`, `typeId`, `paletteId`, `ammoType`, `blipColor`, `bitField`, `burden`, `combatUse`, `cooldownDuration`, `cooldownId`, `effects`, `containersCapacity`, `header`, `hookTypeId`, `iconId`, `iconOverlayId`, `iconUnderlayId`, `hookItemTypes`, `itemsCapacity`, `location`, `materialType`, `maxStackSize`, `maxStructure`, `radar`, `pscript`, `spellId`, `stackSize`, `structure`, `targetTypeId`, `usability`, `useRadius`, `validLocations`, `value`, `workmanship`, `animationFrameId`, `defaultScript`, `defaultScriptIntensity`, `elasticity`, `friction`, `locationId`, `modelTableId`, `objectScale`, `physicsBitField`, `physicsTableId`, `motionTableId`, `soundTableId`, `physicsState`, `translucency`, `currentMotionState`)
VALUES (32411, 'Light Weapons Warden of Forgetfulness', 16, 0, 0, 3, 4, 0, 0, 0, 0, 0, 255, 1048630, 0, 100667624, 0, 0, 0, 255, 0, 0, 0, 0, 0, 0, 0, 0, 0, 0, 32, 3, 0, 0, 0, 0, 0, 0, 0, 0, 0, 33555352, 0.5, 104579, 872415274, 150995147, 536871052, 6292504, 0, 'AAA9AAAAAAA=');

INSERT INTO weenie_class (`weenieClassId`, `baseAceObjectId`)
VALUES (32411, 32411);

INSERT INTO `base_ace_object` (`baseAceObjectId`, `name`, `typeId`, `paletteId`, `ammoType`, `blipColor`, `bitField`, `burden`, `combatUse`, `cooldownDuration`, `cooldownId`, `effects`, `containersCapacity`, `header`, `hookTypeId`, `iconId`, `iconOverlayId`, `iconUnderlayId`, `hookItemTypes`, `itemsCapacity`, `location`, `materialType`, `maxStackSize`, `maxStructure`, `radar`, `pscript`, `spellId`, `stackSize`, `structure`, `targetTypeId`, `usability`, `useRadius`, `validLocations`, `value`, `workmanship`, `animationFrameId`, `defaultScript`, `defaultScriptIntensity`, `elasticity`, `friction`, `locationId`, `modelTableId`, `objectScale`, `physicsBitField`, `physicsTableId`, `motionTableId`, `soundTableId`, `physicsState`, `translucency`, `currentMotionState`)
VALUES (32476, 'Warden of Raising Self', 16, 0, 0, 3, 4, 0, 0, 0, 0, 0, 255, 1048630, 0, 100667624, 0, 0, 0, 255, 0, 0, 0, 0, 0, 0, 0, 0, 0, 0, 32, 3, 0, 0, 0, 0, 0, 0, 0, 0, 0, 33555352, 0.5, 104579, 872415274, 150995147, 536871052, 6292504, 0, 'AAA9AAAAAAA=');

INSERT INTO weenie_class (`weenieClassId`, `baseAceObjectId`)
VALUES (32476, 32476);

INSERT INTO `base_ace_object` (`baseAceObjectId`, `name`, `typeId`, `paletteId`, `ammoType`, `blipColor`, `bitField`, `burden`, `combatUse`, `cooldownDuration`, `cooldownId`, `effects`, `containersCapacity`, `header`, `hookTypeId`, `iconId`, `iconOverlayId`, `iconUnderlayId`, `hookItemTypes`, `itemsCapacity`, `location`, `materialType`, `maxStackSize`, `maxStructure`, `radar`, `pscript`, `spellId`, `stackSize`, `structure`, `targetTypeId`, `usability`, `useRadius`, `validLocations`, `value`, `workmanship`, `animationFrameId`, `defaultScript`, `defaultScriptIntensity`, `elasticity`, `friction`, `locationId`, `modelTableId`, `objectScale`, `physicsBitField`, `physicsTableId`, `motionTableId`, `soundTableId`, `physicsState`, `translucency`, `currentMotionState`)
VALUES (32473, 'Warden of Raising Strength', 16, 0, 0, 3, 4, 0, 0, 0, 0, 0, 255, 1048630, 0, 100667624, 0, 0, 0, 255, 0, 0, 0, 0, 0, 0, 0, 0, 0, 0, 32, 3, 0, 0, 0, 0, 0, 0, 0, 0, 0, 33555352, 0.5, 104579, 872415274, 150995147, 536871052, 6292504, 0, 'AAA9AAAAAAA=');

INSERT INTO weenie_class (`weenieClassId`, `baseAceObjectId`)
VALUES (32473, 32473);

INSERT INTO `base_ace_object` (`baseAceObjectId`, `name`, `typeId`, `paletteId`, `ammoType`, `blipColor`, `bitField`, `burden`, `combatUse`, `cooldownDuration`, `cooldownId`, `effects`, `containersCapacity`, `header`, `hookTypeId`, `iconId`, `iconOverlayId`, `iconUnderlayId`, `hookItemTypes`, `itemsCapacity`, `location`, `materialType`, `maxStackSize`, `maxStructure`, `radar`, `pscript`, `spellId`, `stackSize`, `structure`, `targetTypeId`, `usability`, `useRadius`, `validLocations`, `value`, `workmanship`, `animationFrameId`, `defaultScript`, `defaultScriptIntensity`, `elasticity`, `friction`, `locationId`, `modelTableId`, `objectScale`, `physicsBitField`, `physicsTableId`, `motionTableId`, `soundTableId`, `physicsState`, `translucency`, `currentMotionState`)
VALUES (32472, 'Warden of Raising Coordination', 16, 0, 0, 3, 4, 0, 0, 0, 0, 0, 255, 1048630, 0, 100667624, 0, 0, 0, 255, 0, 0, 0, 0, 0, 0, 0, 0, 0, 0, 32, 3, 0, 0, 0, 0, 0, 0, 0, 0, 0, 33555352, 0.5, 104579, 872415274, 150995147, 536871052, 6292504, 0, 'AAA9AAAAAAA=');

INSERT INTO weenie_class (`weenieClassId`, `baseAceObjectId`)
VALUES (32472, 32472);

INSERT INTO `base_ace_object` (`baseAceObjectId`, `name`, `typeId`, `paletteId`, `ammoType`, `blipColor`, `bitField`, `burden`, `combatUse`, `cooldownDuration`, `cooldownId`, `effects`, `containersCapacity`, `header`, `hookTypeId`, `iconId`, `iconOverlayId`, `iconUnderlayId`, `hookItemTypes`, `itemsCapacity`, `location`, `materialType`, `maxStackSize`, `maxStructure`, `radar`, `pscript`, `spellId`, `stackSize`, `structure`, `targetTypeId`, `usability`, `useRadius`, `validLocations`, `value`, `workmanship`, `animationFrameId`, `defaultScript`, `defaultScriptIntensity`, `elasticity`, `friction`, `locationId`, `modelTableId`, `objectScale`, `physicsBitField`, `physicsTableId`, `motionTableId`, `soundTableId`, `physicsState`, `translucency`, `currentMotionState`)
VALUES (32477, 'Warden of Raising Endurance', 16, 0, 0, 3, 4, 0, 0, 0, 0, 0, 255, 1048630, 0, 100667624, 0, 0, 0, 255, 0, 0, 0, 0, 0, 0, 0, 0, 0, 0, 32, 3, 0, 0, 0, 0, 0, 0, 0, 0, 0, 33555352, 0.5, 104579, 872415274, 150995147, 536871052, 6292504, 0, 'AAA9AAAAAAA=');

INSERT INTO weenie_class (`weenieClassId`, `baseAceObjectId`)
VALUES (32477, 32477);

INSERT INTO `base_ace_object` (`baseAceObjectId`, `name`, `typeId`, `paletteId`, `ammoType`, `blipColor`, `bitField`, `burden`, `combatUse`, `cooldownDuration`, `cooldownId`, `effects`, `containersCapacity`, `header`, `hookTypeId`, `iconId`, `iconOverlayId`, `iconUnderlayId`, `hookItemTypes`, `itemsCapacity`, `location`, `materialType`, `maxStackSize`, `maxStructure`, `radar`, `pscript`, `spellId`, `stackSize`, `structure`, `targetTypeId`, `usability`, `useRadius`, `validLocations`, `value`, `workmanship`, `animationFrameId`, `defaultScript`, `defaultScriptIntensity`, `elasticity`, `friction`, `locationId`, `modelTableId`, `objectScale`, `physicsBitField`, `physicsTableId`, `motionTableId`, `soundTableId`, `physicsState`, `translucency`, `currentMotionState`)
VALUES (32553, 'Servant of Enlightenment', 16, 0, 0, 3, 4, 0, 0, 0, 0, 0, 255, 1048630, 0, 100667624, 0, 0, 0, 255, 0, 0, 0, 0, 0, 0, 0, 0, 0, 0, 32, 3, 0, 0, 0, 0, 0, 0, 0, 0, 0, 33555352, 0.5, 104579, 872415274, 150995147, 536871052, 6292504, 0, 'AAA9AAAAAAA=');

INSERT INTO weenie_class (`weenieClassId`, `baseAceObjectId`)
VALUES (32553, 32553);

INSERT INTO `base_ace_object` (`baseAceObjectId`, `name`, `typeId`, `paletteId`, `ammoType`, `blipColor`, `bitField`, `burden`, `combatUse`, `cooldownDuration`, `cooldownId`, `effects`, `containersCapacity`, `header`, `hookTypeId`, `iconId`, `iconOverlayId`, `iconUnderlayId`, `hookItemTypes`, `itemsCapacity`, `location`, `materialType`, `maxStackSize`, `maxStructure`, `radar`, `pscript`, `spellId`, `stackSize`, `structure`, `targetTypeId`, `usability`, `useRadius`, `validLocations`, `value`, `workmanship`, `animationFrameId`, `defaultScript`, `defaultScriptIntensity`, `elasticity`, `friction`, `locationId`, `modelTableId`, `objectScale`, `physicsBitField`, `physicsTableId`, `motionTableId`, `soundTableId`, `physicsState`, `translucency`, `currentMotionState`)
VALUES (32475, 'Warden of Raising Focus', 16, 0, 0, 3, 4, 0, 0, 0, 0, 0, 255, 1048630, 0, 100667624, 0, 0, 0, 255, 0, 0, 0, 0, 0, 0, 0, 0, 0, 0, 32, 3, 0, 0, 0, 0, 0, 0, 0, 0, 0, 33555352, 0.5, 104579, 872415274, 150995147, 536871052, 6292504, 0, 'AAA9AAAAAAA=');

INSERT INTO weenie_class (`weenieClassId`, `baseAceObjectId`)
VALUES (32475, 32475);

INSERT INTO `base_ace_object` (`baseAceObjectId`, `name`, `typeId`, `paletteId`, `ammoType`, `blipColor`, `bitField`, `burden`, `combatUse`, `cooldownDuration`, `cooldownId`, `effects`, `containersCapacity`, `header`, `hookTypeId`, `iconId`, `iconOverlayId`, `iconUnderlayId`, `hookItemTypes`, `itemsCapacity`, `location`, `materialType`, `maxStackSize`, `maxStructure`, `radar`, `pscript`, `spellId`, `stackSize`, `structure`, `targetTypeId`, `usability`, `useRadius`, `validLocations`, `value`, `workmanship`, `animationFrameId`, `defaultScript`, `defaultScriptIntensity`, `elasticity`, `friction`, `locationId`, `modelTableId`, `objectScale`, `physicsBitField`, `physicsTableId`, `motionTableId`, `soundTableId`, `physicsState`, `translucency`, `currentMotionState`)
VALUES (32474, 'Warden of Raising Quickness', 16, 0, 0, 3, 4, 0, 0, 0, 0, 0, 255, 1048630, 0, 100667624, 0, 0, 0, 255, 0, 0, 0, 0, 0, 0, 0, 0, 0, 0, 32, 3, 0, 0, 0, 0, 0, 0, 0, 0, 0, 33555352, 0.5, 104579, 872415274, 150995147, 536871052, 6292504, 0, 'AAA9AAAAAAA=');

INSERT INTO weenie_class (`weenieClassId`, `baseAceObjectId`)
VALUES (32474, 32474);

INSERT INTO `base_ace_object` (`baseAceObjectId`, `name`, `typeId`, `paletteId`, `ammoType`, `blipColor`, `bitField`, `burden`, `combatUse`, `cooldownDuration`, `cooldownId`, `effects`, `containersCapacity`, `header`, `hookTypeId`, `iconId`, `iconOverlayId`, `iconUnderlayId`, `hookItemTypes`, `itemsCapacity`, `location`, `materialType`, `maxStackSize`, `maxStructure`, `radar`, `pscript`, `spellId`, `stackSize`, `structure`, `targetTypeId`, `usability`, `useRadius`, `validLocations`, `value`, `workmanship`, `animationFrameId`, `defaultScript`, `defaultScriptIntensity`, `elasticity`, `friction`, `locationId`, `modelTableId`, `objectScale`, `physicsBitField`, `physicsTableId`, `motionTableId`, `soundTableId`, `physicsState`, `translucency`, `currentMotionState`)
VALUES (39342, 'Eyestalk of T''thuun', 16, 0, 0, 0, 20, 0, 0, 0, 0, 0, 255, 8388630, 0, 100671186, 0, 0, 0, 255, 0, 0, 0, 0, 2, 0, 0, 0, 0, 0, 1, 0, 0, 0, 0, 0, 0, 0, 0, 0, 0, 33560661, 2, 104643, 872415332, 150995067, 536871015, 1032, 0, 'AAA9AAAAAAA=');

INSERT INTO weenie_class (`weenieClassId`, `baseAceObjectId`)
VALUES (39342, 39342);

INSERT INTO `base_ace_object` (`baseAceObjectId`, `name`, `typeId`, `paletteId`, `ammoType`, `blipColor`, `bitField`, `burden`, `combatUse`, `cooldownDuration`, `cooldownId`, `effects`, `containersCapacity`, `header`, `hookTypeId`, `iconId`, `iconOverlayId`, `iconUnderlayId`, `hookItemTypes`, `itemsCapacity`, `location`, `materialType`, `maxStackSize`, `maxStructure`, `radar`, `pscript`, `spellId`, `stackSize`, `structure`, `targetTypeId`, `usability`, `useRadius`, `validLocations`, `value`, `workmanship`, `animationFrameId`, `defaultScript`, `defaultScriptIntensity`, `elasticity`, `friction`, `locationId`, `modelTableId`, `objectScale`, `physicsBitField`, `physicsTableId`, `motionTableId`, `soundTableId`, `physicsState`, `translucency`, `currentMotionState`)
VALUES (39345, 'Eyestalk of T''thuun', 16, 0, 0, 0, 20, 0, 0, 0, 0, 0, 255, 8388630, 0, 100671186, 0, 0, 0, 255, 0, 0, 0, 0, 2, 0, 0, 0, 0, 0, 1, 0, 0, 0, 0, 0, 0, 0, 0, 0, 0, 33560661, 2, 104643, 872415332, 150995067, 536871015, 1032, 0, 'AAA9AAAAAAA=');

INSERT INTO weenie_class (`weenieClassId`, `baseAceObjectId`)
VALUES (39345, 39345);

INSERT INTO `base_ace_object` (`baseAceObjectId`, `name`, `typeId`, `paletteId`, `ammoType`, `blipColor`, `bitField`, `burden`, `combatUse`, `cooldownDuration`, `cooldownId`, `effects`, `containersCapacity`, `header`, `hookTypeId`, `iconId`, `iconOverlayId`, `iconUnderlayId`, `hookItemTypes`, `itemsCapacity`, `location`, `materialType`, `maxStackSize`, `maxStructure`, `radar`, `pscript`, `spellId`, `stackSize`, `structure`, `targetTypeId`, `usability`, `useRadius`, `validLocations`, `value`, `workmanship`, `animationFrameId`, `defaultScript`, `defaultScriptIntensity`, `elasticity`, `friction`, `locationId`, `modelTableId`, `objectScale`, `physicsBitField`, `physicsTableId`, `motionTableId`, `soundTableId`, `physicsState`, `translucency`, `currentMotionState`)
VALUES (37149, 'Jester''s Prison Portal', 16, 0, 0, 4, 4, 0, 0, 0, 0, 0, 255, 9437238, 0, 100667499, 0, 0, 0, 255, 0, 0, 0, 0, 1, 0, 0, 0, 0, 0, 32, 1, 0, 0, 0, 0, 0, 0, 0, 0, 0, 33555925, 0, 100355, 0, 150994947, 536870932, 6294556, 0, 'AAA9AAAAAAA=');

INSERT INTO weenie_class (`weenieClassId`, `baseAceObjectId`)
VALUES (37149, 37149);

INSERT INTO `base_ace_object` (`baseAceObjectId`, `name`, `typeId`, `paletteId`, `ammoType`, `blipColor`, `bitField`, `burden`, `combatUse`, `cooldownDuration`, `cooldownId`, `effects`, `containersCapacity`, `header`, `hookTypeId`, `iconId`, `iconOverlayId`, `iconUnderlayId`, `hookItemTypes`, `itemsCapacity`, `location`, `materialType`, `maxStackSize`, `maxStructure`, `radar`, `pscript`, `spellId`, `stackSize`, `structure`, `targetTypeId`, `usability`, `useRadius`, `validLocations`, `value`, `workmanship`, `animationFrameId`, `defaultScript`, `defaultScriptIntensity`, `elasticity`, `friction`, `locationId`, `modelTableId`, `objectScale`, `physicsBitField`, `physicsTableId`, `motionTableId`, `soundTableId`, `physicsState`, `translucency`, `currentMotionState`)
VALUES (43842, 'Enchanted Mnemosyne', 16, 0, 0, 0, 4, 0, 0, 0, 0, 0, 255, 54, 0, 100671423, 0, 0, 0, 255, 0, 0, 0, 0, 0, 0, 0, 0, 0, 0, 32, 3, 0, 0, 0, 0, 0, 0, 0, 0, 0, 33561170, 0, 104451, 872415275, 150995464, 536870932, 6292508, 0, 'AAA9AAAAAAA=');

INSERT INTO weenie_class (`weenieClassId`, `baseAceObjectId`)
VALUES (43842, 43842);

INSERT INTO `base_ace_object` (`baseAceObjectId`, `name`, `typeId`, `paletteId`, `ammoType`, `blipColor`, `bitField`, `burden`, `combatUse`, `cooldownDuration`, `cooldownId`, `effects`, `containersCapacity`, `header`, `hookTypeId`, `iconId`, `iconOverlayId`, `iconUnderlayId`, `hookItemTypes`, `itemsCapacity`, `location`, `materialType`, `maxStackSize`, `maxStructure`, `radar`, `pscript`, `spellId`, `stackSize`, `structure`, `targetTypeId`, `usability`, `useRadius`, `validLocations`, `value`, `workmanship`, `animationFrameId`, `defaultScript`, `defaultScriptIntensity`, `elasticity`, `friction`, `locationId`, `modelTableId`, `objectScale`, `physicsBitField`, `physicsTableId`, `motionTableId`, `soundTableId`, `physicsState`, `translucency`, `currentMotionState`)
VALUES (41952, 'Mhoire Castle Southeast Tower Portal', 16, 0, 0, 4, 4, 0, 0, 0, 0, 0, 255, 9437238, 0, 100667499, 0, 0, 0, 255, 0, 0, 0, 0, 4, 0, 0, 0, 0, 0, 32, 3, 0, 0, 0, 0, 0, 0, 0, 0, 0, 33560901, 0, 104451, 872415274, 150995314, 536871052, 6294556, 0, 'AAA9AAAAAAA=');

INSERT INTO weenie_class (`weenieClassId`, `baseAceObjectId`)
VALUES (41952, 41952);

INSERT INTO `base_ace_object` (`baseAceObjectId`, `name`, `typeId`, `paletteId`, `ammoType`, `blipColor`, `bitField`, `burden`, `combatUse`, `cooldownDuration`, `cooldownId`, `effects`, `containersCapacity`, `header`, `hookTypeId`, `iconId`, `iconOverlayId`, `iconUnderlayId`, `hookItemTypes`, `itemsCapacity`, `location`, `materialType`, `maxStackSize`, `maxStructure`, `radar`, `pscript`, `spellId`, `stackSize`, `structure`, `targetTypeId`, `usability`, `useRadius`, `validLocations`, `value`, `workmanship`, `animationFrameId`, `defaultScript`, `defaultScriptIntensity`, `elasticity`, `friction`, `locationId`, `modelTableId`, `objectScale`, `physicsBitField`, `physicsTableId`, `motionTableId`, `soundTableId`, `physicsState`, `translucency`, `currentMotionState`)
VALUES (41950, 'Mhoire Castle Northeast Tower Portal', 16, 0, 0, 4, 4, 0, 0, 0, 0, 0, 255, 9437238, 0, 100667499, 0, 0, 0, 255, 0, 0, 0, 0, 4, 0, 0, 0, 0, 0, 32, 3, 0, 0, 0, 0, 0, 0, 0, 0, 0, 33560901, 0, 104451, 872415274, 150995314, 536871052, 6294556, 0, 'AAA9AAAAAAA=');

INSERT INTO weenie_class (`weenieClassId`, `baseAceObjectId`)
VALUES (41950, 41950);

INSERT INTO `base_ace_object` (`baseAceObjectId`, `name`, `typeId`, `paletteId`, `ammoType`, `blipColor`, `bitField`, `burden`, `combatUse`, `cooldownDuration`, `cooldownId`, `effects`, `containersCapacity`, `header`, `hookTypeId`, `iconId`, `iconOverlayId`, `iconUnderlayId`, `hookItemTypes`, `itemsCapacity`, `location`, `materialType`, `maxStackSize`, `maxStructure`, `radar`, `pscript`, `spellId`, `stackSize`, `structure`, `targetTypeId`, `usability`, `useRadius`, `validLocations`, `value`, `workmanship`, `animationFrameId`, `defaultScript`, `defaultScriptIntensity`, `elasticity`, `friction`, `locationId`, `modelTableId`, `objectScale`, `physicsBitField`, `physicsTableId`, `motionTableId`, `soundTableId`, `physicsState`, `translucency`, `currentMotionState`)
VALUES (41951, 'Mhoire Castle Northwest Tower Portal', 16, 0, 0, 4, 4, 0, 0, 0, 0, 0, 255, 9437238, 0, 100667499, 0, 0, 0, 255, 0, 0, 0, 0, 4, 0, 0, 0, 0, 0, 32, 3, 0, 0, 0, 0, 0, 0, 0, 0, 0, 33560901, 0, 104451, 872415274, 150995314, 536871052, 6294556, 0, 'AAA9AAAAAAA=');

INSERT INTO weenie_class (`weenieClassId`, `baseAceObjectId`)
VALUES (41951, 41951);

INSERT INTO `base_ace_object` (`baseAceObjectId`, `name`, `typeId`, `paletteId`, `ammoType`, `blipColor`, `bitField`, `burden`, `combatUse`, `cooldownDuration`, `cooldownId`, `effects`, `containersCapacity`, `header`, `hookTypeId`, `iconId`, `iconOverlayId`, `iconUnderlayId`, `hookItemTypes`, `itemsCapacity`, `location`, `materialType`, `maxStackSize`, `maxStructure`, `radar`, `pscript`, `spellId`, `stackSize`, `structure`, `targetTypeId`, `usability`, `useRadius`, `validLocations`, `value`, `workmanship`, `animationFrameId`, `defaultScript`, `defaultScriptIntensity`, `elasticity`, `friction`, `locationId`, `modelTableId`, `objectScale`, `physicsBitField`, `physicsTableId`, `motionTableId`, `soundTableId`, `physicsState`, `translucency`, `currentMotionState`)
VALUES (41953, 'Mhoire Castle Southwest Tower Portal', 16, 0, 0, 4, 4, 0, 0, 0, 0, 0, 255, 9437238, 0, 100667499, 0, 0, 0, 255, 0, 0, 0, 0, 4, 0, 0, 0, 0, 0, 32, 3, 0, 0, 0, 0, 0, 0, 0, 0, 0, 33560901, 0, 104451, 872415274, 150995314, 536871052, 6294556, 0, 'AAA9AAAAAAA=');

INSERT INTO weenie_class (`weenieClassId`, `baseAceObjectId`)
VALUES (41953, 41953);

INSERT INTO `base_ace_object` (`baseAceObjectId`, `name`, `typeId`, `paletteId`, `ammoType`, `blipColor`, `bitField`, `burden`, `combatUse`, `cooldownDuration`, `cooldownId`, `effects`, `containersCapacity`, `header`, `hookTypeId`, `iconId`, `iconOverlayId`, `iconUnderlayId`, `hookItemTypes`, `itemsCapacity`, `location`, `materialType`, `maxStackSize`, `maxStructure`, `radar`, `pscript`, `spellId`, `stackSize`, `structure`, `targetTypeId`, `usability`, `useRadius`, `validLocations`, `value`, `workmanship`, `animationFrameId`, `defaultScript`, `defaultScriptIntensity`, `elasticity`, `friction`, `locationId`, `modelTableId`, `objectScale`, `physicsBitField`, `physicsTableId`, `motionTableId`, `soundTableId`, `physicsState`, `translucency`, `currentMotionState`)
VALUES (43631, 'Acid Pit', 16, 0, 0, 3, 4, 0, 0, 0, 0, 0, 255, 1048630, 0, 100675552, 0, 0, 0, 255, 0, 0, 0, 0, 0, 0, 0, 0, 0, 0, 32, 2, 0, 0, 0, 0, 0, 0, 0, 0, 0, 33558391, 1.4, 104579, 872415275, 150995147, 536870932, 6292504, 0, 'AAA9AAAAAAA=');

INSERT INTO weenie_class (`weenieClassId`, `baseAceObjectId`)
VALUES (43631, 43631);

INSERT INTO `base_ace_object` (`baseAceObjectId`, `name`, `typeId`, `paletteId`, `ammoType`, `blipColor`, `bitField`, `burden`, `combatUse`, `cooldownDuration`, `cooldownId`, `effects`, `containersCapacity`, `header`, `hookTypeId`, `iconId`, `iconOverlayId`, `iconUnderlayId`, `hookItemTypes`, `itemsCapacity`, `location`, `materialType`, `maxStackSize`, `maxStructure`, `radar`, `pscript`, `spellId`, `stackSize`, `structure`, `targetTypeId`, `usability`, `useRadius`, `validLocations`, `value`, `workmanship`, `animationFrameId`, `defaultScript`, `defaultScriptIntensity`, `elasticity`, `friction`, `locationId`, `modelTableId`, `objectScale`, `physicsBitField`, `physicsTableId`, `motionTableId`, `soundTableId`, `physicsState`, `translucency`, `currentMotionState`)
VALUES (41176, 'Master Statue of ''Moarsman City'' Transport', 16, 0, 0, 3, 4, 0, 0, 0, 0, 0, 255, 1048630, 0, 100675780, 0, 0, 0, 255, 0, 0, 0, 0, 0, 0, 0, 0, 0, 0, 32, 3, 0, 0, 0, 0, 0, 0, 0, 0, 0, 33560834, 0, 104451, 872415369, 150995147, 536871017, 6292504, 0, 'AAA9AAAAAAA=');

INSERT INTO weenie_class (`weenieClassId`, `baseAceObjectId`)
VALUES (41176, 41176);

INSERT INTO `base_ace_object` (`baseAceObjectId`, `name`, `typeId`, `paletteId`, `ammoType`, `blipColor`, `bitField`, `burden`, `combatUse`, `cooldownDuration`, `cooldownId`, `effects`, `containersCapacity`, `header`, `hookTypeId`, `iconId`, `iconOverlayId`, `iconUnderlayId`, `hookItemTypes`, `itemsCapacity`, `location`, `materialType`, `maxStackSize`, `maxStructure`, `radar`, `pscript`, `spellId`, `stackSize`, `structure`, `targetTypeId`, `usability`, `useRadius`, `validLocations`, `value`, `workmanship`, `animationFrameId`, `defaultScript`, `defaultScriptIntensity`, `elasticity`, `friction`, `locationId`, `modelTableId`, `objectScale`, `physicsBitField`, `physicsTableId`, `motionTableId`, `soundTableId`, `physicsState`, `translucency`, `currentMotionState`)
VALUES (41175, 'Master Statue of ''Freebooter Isle'' Transport', 16, 0, 0, 3, 4, 0, 0, 0, 0, 0, 255, 1048630, 0, 100675780, 0, 0, 0, 255, 0, 0, 0, 0, 0, 0, 0, 0, 0, 0, 32, 3, 0, 0, 0, 0, 0, 0, 0, 0, 0, 33560834, 0, 104451, 872415369, 150995147, 536871017, 6292504, 0, 'AAA9AAAAAAA=');

INSERT INTO weenie_class (`weenieClassId`, `baseAceObjectId`)
VALUES (41175, 41175);

INSERT INTO `base_ace_object` (`baseAceObjectId`, `name`, `typeId`, `paletteId`, `ammoType`, `blipColor`, `bitField`, `burden`, `combatUse`, `cooldownDuration`, `cooldownId`, `effects`, `containersCapacity`, `header`, `hookTypeId`, `iconId`, `iconOverlayId`, `iconUnderlayId`, `hookItemTypes`, `itemsCapacity`, `location`, `materialType`, `maxStackSize`, `maxStructure`, `radar`, `pscript`, `spellId`, `stackSize`, `structure`, `targetTypeId`, `usability`, `useRadius`, `validLocations`, `value`, `workmanship`, `animationFrameId`, `defaultScript`, `defaultScriptIntensity`, `elasticity`, `friction`, `locationId`, `modelTableId`, `objectScale`, `physicsBitField`, `physicsTableId`, `motionTableId`, `soundTableId`, `physicsState`, `translucency`, `currentMotionState`)
VALUES (33674, 'The Deep', 16, 0, 0, 3, 4, 0, 0, 0, 0, 0, 255, 1048630, 0, 100668442, 0, 0, 0, 255, 0, 0, 0, 0, 0, 0, 0, 0, 0, 0, 32, 3, 0, 0, 0, 0, 0, 0, 0, 0, 0, 33559204, 1.5, 366723, 872415369, 150995105, 536871017, 6292504, 0.9, 'AAA9AAAAAAA=');

INSERT INTO weenie_class (`weenieClassId`, `baseAceObjectId`)
VALUES (33674, 33674);

INSERT INTO `base_ace_object` (`baseAceObjectId`, `name`, `typeId`, `paletteId`, `ammoType`, `blipColor`, `bitField`, `burden`, `combatUse`, `cooldownDuration`, `cooldownId`, `effects`, `containersCapacity`, `header`, `hookTypeId`, `iconId`, `iconOverlayId`, `iconUnderlayId`, `hookItemTypes`, `itemsCapacity`, `location`, `materialType`, `maxStackSize`, `maxStructure`, `radar`, `pscript`, `spellId`, `stackSize`, `structure`, `targetTypeId`, `usability`, `useRadius`, `validLocations`, `value`, `workmanship`, `animationFrameId`, `defaultScript`, `defaultScriptIntensity`, `elasticity`, `friction`, `locationId`, `modelTableId`, `objectScale`, `physicsBitField`, `physicsTableId`, `motionTableId`, `soundTableId`, `physicsState`, `translucency`, `currentMotionState`)
VALUES (44308, 'Ancient Portal', 16, 0, 0, 4, 4, 0, 0, 0, 0, 0, 255, 9437238, 0, 100667499, 0, 0, 0, 255, 0, 0, 0, 0, 4, 0, 0, 0, 0, 0, 32, 3, 0, 0, 0, 0, 0, 0, 0, 0, 0, 33554867, 0, 104451, 872415274, 150994947, 536871052, 6294556, 0, 'AAA9AAAAAAA=');

INSERT INTO weenie_class (`weenieClassId`, `baseAceObjectId`)
VALUES (44308, 44308);

INSERT INTO `base_ace_object` (`baseAceObjectId`, `name`, `typeId`, `paletteId`, `ammoType`, `blipColor`, `bitField`, `burden`, `combatUse`, `cooldownDuration`, `cooldownId`, `effects`, `containersCapacity`, `header`, `hookTypeId`, `iconId`, `iconOverlayId`, `iconUnderlayId`, `hookItemTypes`, `itemsCapacity`, `location`, `materialType`, `maxStackSize`, `maxStructure`, `radar`, `pscript`, `spellId`, `stackSize`, `structure`, `targetTypeId`, `usability`, `useRadius`, `validLocations`, `value`, `workmanship`, `animationFrameId`, `defaultScript`, `defaultScriptIntensity`, `elasticity`, `friction`, `locationId`, `modelTableId`, `objectScale`, `physicsBitField`, `physicsTableId`, `motionTableId`, `soundTableId`, `physicsState`, `translucency`, `currentMotionState`)
VALUES (44309, 'Ancient Portal', 16, 0, 0, 4, 4, 0, 0, 0, 0, 0, 255, 9437238, 0, 100667499, 0, 0, 0, 255, 0, 0, 0, 0, 4, 0, 0, 0, 0, 0, 32, 3, 0, 0, 0, 0, 0, 0, 0, 0, 0, 33554867, 0, 104451, 872415274, 150994947, 536871052, 6294556, 0, 'AAA9AAAAAAA=');

INSERT INTO weenie_class (`weenieClassId`, `baseAceObjectId`)
VALUES (44309, 44309);

INSERT INTO `base_ace_object` (`baseAceObjectId`, `name`, `typeId`, `paletteId`, `ammoType`, `blipColor`, `bitField`, `burden`, `combatUse`, `cooldownDuration`, `cooldownId`, `effects`, `containersCapacity`, `header`, `hookTypeId`, `iconId`, `iconOverlayId`, `iconUnderlayId`, `hookItemTypes`, `itemsCapacity`, `location`, `materialType`, `maxStackSize`, `maxStructure`, `radar`, `pscript`, `spellId`, `stackSize`, `structure`, `targetTypeId`, `usability`, `useRadius`, `validLocations`, `value`, `workmanship`, `animationFrameId`, `defaultScript`, `defaultScriptIntensity`, `elasticity`, `friction`, `locationId`, `modelTableId`, `objectScale`, `physicsBitField`, `physicsTableId`, `motionTableId`, `soundTableId`, `physicsState`, `translucency`, `currentMotionState`)
VALUES (44310, 'Ancient Portal', 16, 0, 0, 4, 4, 0, 0, 0, 0, 0, 255, 9437238, 0, 100667499, 0, 0, 0, 255, 0, 0, 0, 0, 4, 0, 0, 0, 0, 0, 32, 3, 0, 0, 0, 0, 0, 0, 0, 0, 0, 33554867, 0, 104451, 872415274, 150994947, 536871052, 6294556, 0, 'AAA9AAAAAAA=');

INSERT INTO weenie_class (`weenieClassId`, `baseAceObjectId`)
VALUES (44310, 44310);

INSERT INTO `base_ace_object` (`baseAceObjectId`, `name`, `typeId`, `paletteId`, `ammoType`, `blipColor`, `bitField`, `burden`, `combatUse`, `cooldownDuration`, `cooldownId`, `effects`, `containersCapacity`, `header`, `hookTypeId`, `iconId`, `iconOverlayId`, `iconUnderlayId`, `hookItemTypes`, `itemsCapacity`, `location`, `materialType`, `maxStackSize`, `maxStructure`, `radar`, `pscript`, `spellId`, `stackSize`, `structure`, `targetTypeId`, `usability`, `useRadius`, `validLocations`, `value`, `workmanship`, `animationFrameId`, `defaultScript`, `defaultScriptIntensity`, `elasticity`, `friction`, `locationId`, `modelTableId`, `objectScale`, `physicsBitField`, `physicsTableId`, `motionTableId`, `soundTableId`, `physicsState`, `translucency`, `currentMotionState`)
VALUES (44311, 'Ancient Portal', 16, 0, 0, 4, 4, 0, 0, 0, 0, 0, 255, 9437238, 0, 100667499, 0, 0, 0, 255, 0, 0, 0, 0, 4, 0, 0, 0, 0, 0, 32, 3, 0, 0, 0, 0, 0, 0, 0, 0, 0, 33554867, 0, 104451, 872415274, 150994947, 536871052, 6294556, 0, 'AAA9AAAAAAA=');

INSERT INTO weenie_class (`weenieClassId`, `baseAceObjectId`)
VALUES (44311, 44311);

INSERT INTO `base_ace_object` (`baseAceObjectId`, `name`, `typeId`, `paletteId`, `ammoType`, `blipColor`, `bitField`, `burden`, `combatUse`, `cooldownDuration`, `cooldownId`, `effects`, `containersCapacity`, `header`, `hookTypeId`, `iconId`, `iconOverlayId`, `iconUnderlayId`, `hookItemTypes`, `itemsCapacity`, `location`, `materialType`, `maxStackSize`, `maxStructure`, `radar`, `pscript`, `spellId`, `stackSize`, `structure`, `targetTypeId`, `usability`, `useRadius`, `validLocations`, `value`, `workmanship`, `animationFrameId`, `defaultScript`, `defaultScriptIntensity`, `elasticity`, `friction`, `locationId`, `modelTableId`, `objectScale`, `physicsBitField`, `physicsTableId`, `motionTableId`, `soundTableId`, `physicsState`, `translucency`, `currentMotionState`)
VALUES (19315, 'Bronze Statue of a Zharalim', 16, 67108990, 0, 0, 20, 0, 0, 0, 0, 0, 255, 8388630, 0, 100667446, 0, 0, 0, 255, 0, 0, 0, 0, 2, 0, 0, 0, 0, 0, 1, 0, 0, 0, 0, 0, 0, 0, 0, 0, 0, 33554433, 2.3, 104643, 872415349, 150995187, 536871052, 1032, 0, 'AAA9AAAAAAA=');

INSERT INTO weenie_class (`weenieClassId`, `baseAceObjectId`)
VALUES (19315, 19315);

INSERT INTO `weenie_palette_changes` (`weenieClassId`, `subPaletteId`, `offset`, `length`)
VALUES (19315, 67113806, 0, 0);

INSERT INTO `weenie_texture_map_changes` (`weenieClassId`, `index`, `oldId`, `newId`)
VALUES (19315, 0, 83892345, 83892370)
     , (19315, 0, 83892344, 83892370)
     , (19315, 1, 83892352, 83892374)
     , (19315, 2, 83892351, 83892373)
     , (19315, 5, 83892352, 83892374)
     , (19315, 6, 83892351, 83892373)
     , (19315, 3, 83889344, 83886388)
     , (19315, 4, 83887068, 83887054)
     , (19315, 7, 83889344, 83886388)
     , (19315, 8, 83887068, 83887054)
     , (19315, 9, 83887061, 83892375)
     , (19315, 9, 83887060, 83892376)
     , (19315, 10, 83892347, 83892372)
     , (19315, 11, 83892346, 83892371)
     , (19315, 13, 83892347, 83892372)
     , (19315, 14, 83892346, 83892371)
     , (19315, 12, 83887059, 83889343)
     , (19315, 15, 83887059, 83889343)
     , (19315, 16, 83893921, 83894067);

INSERT INTO `weenie_animation_changes` (`weenieClassId`, `index`, `animationId`)
VALUES (19315, 0, 16783894)
     , (19315, 1, 16783912)
     , (19315, 2, 16783918)
     , (19315, 5, 16783916)
     , (19315, 6, 16783920)
     , (19315, 3, 16777292)
     , (19315, 4, 16777291)
     , (19315, 7, 16777296)
     , (19315, 8, 16777298)
     , (19315, 9, 16781837)
     , (19315, 10, 16783863)
     , (19315, 11, 16783855)
     , (19315, 13, 16783871)
     , (19315, 14, 16783855)
     , (19315, 12, 16777334)
     , (19315, 15, 16777335)
     , (19315, 16, 16787671);

INSERT INTO `base_ace_object` (`baseAceObjectId`, `name`, `typeId`, `paletteId`, `ammoType`, `blipColor`, `bitField`, `burden`, `combatUse`, `cooldownDuration`, `cooldownId`, `effects`, `containersCapacity`, `header`, `hookTypeId`, `iconId`, `iconOverlayId`, `iconUnderlayId`, `hookItemTypes`, `itemsCapacity`, `location`, `materialType`, `maxStackSize`, `maxStructure`, `radar`, `pscript`, `spellId`, `stackSize`, `structure`, `targetTypeId`, `usability`, `useRadius`, `validLocations`, `value`, `workmanship`, `animationFrameId`, `defaultScript`, `defaultScriptIntensity`, `elasticity`, `friction`, `locationId`, `modelTableId`, `objectScale`, `physicsBitField`, `physicsTableId`, `motionTableId`, `soundTableId`, `physicsState`, `translucency`, `currentMotionState`)
VALUES (19306, 'Bronze Statue of a Sclavus', 16, 67111936, 0, 0, 20, 0, 0, 0, 0, 0, 255, 8388630, 0, 100669120, 0, 0, 0, 255, 0, 0, 0, 0, 2, 0, 0, 0, 0, 0, 1, 0, 0, 0, 0, 0, 0, 0, 0, 0, 0, 33555608, 2.3, 104583, 872415349, 150995186, 536871052, 1032, 0, 'AAA9AAAAAAA=');

INSERT INTO weenie_class (`weenieClassId`, `baseAceObjectId`)
VALUES (19306, 19306);

INSERT INTO `weenie_palette_changes` (`weenieClassId`, `subPaletteId`, `offset`, `length`)
VALUES (19306, 67113813, 0, 0);

INSERT INTO `base_ace_object` (`baseAceObjectId`, `name`, `typeId`, `paletteId`, `ammoType`, `blipColor`, `bitField`, `burden`, `combatUse`, `cooldownDuration`, `cooldownId`, `effects`, `containersCapacity`, `header`, `hookTypeId`, `iconId`, `iconOverlayId`, `iconUnderlayId`, `hookItemTypes`, `itemsCapacity`, `location`, `materialType`, `maxStackSize`, `maxStructure`, `radar`, `pscript`, `spellId`, `stackSize`, `structure`, `targetTypeId`, `usability`, `useRadius`, `validLocations`, `value`, `workmanship`, `animationFrameId`, `defaultScript`, `defaultScriptIntensity`, `elasticity`, `friction`, `locationId`, `modelTableId`, `objectScale`, `physicsBitField`, `physicsTableId`, `motionTableId`, `soundTableId`, `physicsState`, `translucency`, `currentMotionState`)
VALUES (19309, 'Bronze Statue of a Skeleton', 16, 67116522, 0, 0, 20, 0, 0, 0, 0, 0, 255, 8388630, 0, 100669124, 0, 0, 0, 255, 0, 0, 0, 0, 2, 0, 0, 0, 0, 0, 1, 0, 0, 0, 0, 0, 0, 0, 0, 0, 0, 33554521, 2, 104643, 872415349, 150995189, 536871052, 1032, 0, 'AAA9AAAAAAA=');

INSERT INTO weenie_class (`weenieClassId`, `baseAceObjectId`)
VALUES (19309, 19309);

INSERT INTO `weenie_palette_changes` (`weenieClassId`, `subPaletteId`, `offset`, `length`)
VALUES (19309, 67116534, 0, 0);

INSERT INTO `base_ace_object` (`baseAceObjectId`, `name`, `typeId`, `paletteId`, `ammoType`, `blipColor`, `bitField`, `burden`, `combatUse`, `cooldownDuration`, `cooldownId`, `effects`, `containersCapacity`, `header`, `hookTypeId`, `iconId`, `iconOverlayId`, `iconUnderlayId`, `hookItemTypes`, `itemsCapacity`, `location`, `materialType`, `maxStackSize`, `maxStructure`, `radar`, `pscript`, `spellId`, `stackSize`, `structure`, `targetTypeId`, `usability`, `useRadius`, `validLocations`, `value`, `workmanship`, `animationFrameId`, `defaultScript`, `defaultScriptIntensity`, `elasticity`, `friction`, `locationId`, `modelTableId`, `objectScale`, `physicsBitField`, `physicsTableId`, `motionTableId`, `soundTableId`, `physicsState`, `translucency`, `currentMotionState`)
VALUES (19300, 'Bronze Statue of a Banderling', 16, 67109303, 0, 0, 20, 0, 0, 0, 0, 0, 255, 8388630, 0, 100667453, 0, 0, 0, 255, 0, 0, 0, 0, 2, 0, 0, 0, 0, 0, 1, 0, 0, 0, 0, 0, 0, 0, 0, 0, 0, 33554481, 3, 104643, 872415383, 150995181, 536871052, 1032, 0, 'AAA9AAAAAAA=');

INSERT INTO weenie_class (`weenieClassId`, `baseAceObjectId`)
VALUES (19300, 19300);

INSERT INTO `weenie_palette_changes` (`weenieClassId`, `subPaletteId`, `offset`, `length`)
VALUES (19300, 67113810, 0, 0);

INSERT INTO `base_ace_object` (`baseAceObjectId`, `name`, `typeId`, `paletteId`, `ammoType`, `blipColor`, `bitField`, `burden`, `combatUse`, `cooldownDuration`, `cooldownId`, `effects`, `containersCapacity`, `header`, `hookTypeId`, `iconId`, `iconOverlayId`, `iconUnderlayId`, `hookItemTypes`, `itemsCapacity`, `location`, `materialType`, `maxStackSize`, `maxStructure`, `radar`, `pscript`, `spellId`, `stackSize`, `structure`, `targetTypeId`, `usability`, `useRadius`, `validLocations`, `value`, `workmanship`, `animationFrameId`, `defaultScript`, `defaultScriptIntensity`, `elasticity`, `friction`, `locationId`, `modelTableId`, `objectScale`, `physicsBitField`, `physicsTableId`, `motionTableId`, `soundTableId`, `physicsState`, `translucency`, `currentMotionState`)
VALUES (19303, 'Bronze Statue of Ben Ten', 16, 67108990, 0, 0, 20, 0, 0, 0, 0, 0, 255, 8388630, 0, 100667446, 0, 0, 0, 255, 0, 0, 0, 0, 2, 0, 0, 0, 0, 0, 1, 0, 0, 0, 0, 0, 0, 0, 0, 0, 0, 33554510, 2.3, 104579, 872415349, 150995187, 536871052, 1032, 0, 'AAA9AAAAAAA=');

INSERT INTO weenie_class (`weenieClassId`, `baseAceObjectId`)
VALUES (19303, 19303);

INSERT INTO `weenie_palette_changes` (`weenieClassId`, `subPaletteId`, `offset`, `length`)
VALUES (19303, 67113833, 0, 0);

INSERT INTO `weenie_texture_map_changes` (`weenieClassId`, `index`, `oldId`, `newId`)
VALUES (19303, 0, 83892345, 83892364)
     , (19303, 0, 83892344, 83892344)
     , (19303, 1, 83892352, 83892352)
     , (19303, 2, 83892351, 83892351)
     , (19303, 5, 83892352, 83892352)
     , (19303, 6, 83892351, 83892351)
     , (19303, 9, 83891974, 83892367)
     , (19303, 9, 83891968, 83892368)
     , (19303, 10, 83892347, 83892347)
     , (19303, 11, 83892346, 83892346)
     , (19303, 13, 83892347, 83892347)
     , (19303, 14, 83892346, 83892346)
     , (19303, 16, 83886668, 83890263)
     , (19303, 16, 83886684, 83890339)
     , (19303, 16, 83886837, 83890304);

INSERT INTO `weenie_animation_changes` (`weenieClassId`, `index`, `animationId`)
VALUES (19303, 0, 16783897)
     , (19303, 1, 16783885)
     , (19303, 2, 16783878)
     , (19303, 3, 16777708)
     , (19303, 4, 16777708)
     , (19303, 5, 16783889)
     , (19303, 6, 16783881)
     , (19303, 7, 16777708)
     , (19303, 8, 16777708)
     , (19303, 9, 16783714)
     , (19303, 10, 16783863)
     , (19303, 11, 16783855)
     , (19303, 13, 16783871)
     , (19303, 14, 16783855)
     , (19303, 16, 16783891);

INSERT INTO `base_ace_object` (`baseAceObjectId`, `name`, `typeId`, `paletteId`, `ammoType`, `blipColor`, `bitField`, `burden`, `combatUse`, `cooldownDuration`, `cooldownId`, `effects`, `containersCapacity`, `header`, `hookTypeId`, `iconId`, `iconOverlayId`, `iconUnderlayId`, `hookItemTypes`, `itemsCapacity`, `location`, `materialType`, `maxStackSize`, `maxStructure`, `radar`, `pscript`, `spellId`, `stackSize`, `structure`, `targetTypeId`, `usability`, `useRadius`, `validLocations`, `value`, `workmanship`, `animationFrameId`, `defaultScript`, `defaultScriptIntensity`, `elasticity`, `friction`, `locationId`, `modelTableId`, `objectScale`, `physicsBitField`, `physicsTableId`, `motionTableId`, `soundTableId`, `physicsState`, `translucency`, `currentMotionState`)
VALUES (19312, 'Bronze Statue of Thorsten Cragstone', 16, 67108990, 0, 0, 20, 0, 0, 0, 0, 0, 255, 8388630, 0, 100667446, 0, 0, 0, 255, 0, 0, 0, 0, 2, 0, 0, 0, 0, 0, 1, 0, 0, 0, 0, 0, 0, 0, 0, 0, 0, 33554433, 2.3, 104579, 872415349, 150995187, 536871052, 1032, 0, 'AAA9AAAAAAA=');

INSERT INTO weenie_class (`weenieClassId`, `baseAceObjectId`)
VALUES (19312, 19312);

INSERT INTO `weenie_palette_changes` (`weenieClassId`, `subPaletteId`, `offset`, `length`)
VALUES (19312, 67113806, 0, 0);

INSERT INTO `weenie_texture_map_changes` (`weenieClassId`, `index`, `oldId`, `newId`)
VALUES (19312, 9, 83887061, 83886692)
     , (19312, 9, 83887060, 83886776)
     , (19312, 0, 83889072, 83886815)
     , (19312, 0, 83889342, 83886816)
     , (19312, 10, 83886796, 83886809)
     , (19312, 13, 83886796, 83886809)
     , (19312, 11, 83886788, 83886797)
     , (19312, 14, 83886788, 83886797)
     , (19312, 5, 83887064, 83886800)
     , (19312, 1, 83887064, 83886800)
     , (19312, 6, 83887066, 83886799)
     , (19312, 2, 83887066, 83886799)
     , (19312, 3, 83889344, 83887054)
     , (19312, 7, 83889344, 83887054)
     , (19312, 4, 83887068, 83887054)
     , (19312, 8, 83887068, 83887054)
     , (19312, 12, 83887059, 83889343)
     , (19312, 15, 83887059, 83889343)
     , (19312, 16, 83886668, 83890503)
     , (19312, 16, 83886684, 83890636)
     , (19312, 16, 83886837, 83890547);

INSERT INTO `weenie_animation_changes` (`weenieClassId`, `index`, `animationId`)
VALUES (19312, 9, 16781837)
     , (19312, 0, 16781842)
     , (19312, 10, 16781829)
     , (19312, 13, 16781828)
     , (19312, 11, 16781812)
     , (19312, 14, 16781813)
     , (19312, 5, 16781846)
     , (19312, 1, 16781845)
     , (19312, 6, 16781843)
     , (19312, 2, 16781844)
     , (19312, 3, 16777292)
     , (19312, 7, 16777296)
     , (19312, 4, 16781816)
     , (19312, 8, 16781817)
     , (19312, 12, 16777334)
     , (19312, 15, 16777335)
     , (19312, 16, 16778313);

INSERT INTO `base_ace_object` (`baseAceObjectId`, `name`, `typeId`, `paletteId`, `ammoType`, `blipColor`, `bitField`, `burden`, `combatUse`, `cooldownDuration`, `cooldownId`, `effects`, `containersCapacity`, `header`, `hookTypeId`, `iconId`, `iconOverlayId`, `iconUnderlayId`, `hookItemTypes`, `itemsCapacity`, `location`, `materialType`, `maxStackSize`, `maxStructure`, `radar`, `pscript`, `spellId`, `stackSize`, `structure`, `targetTypeId`, `usability`, `useRadius`, `validLocations`, `value`, `workmanship`, `animationFrameId`, `defaultScript`, `defaultScriptIntensity`, `elasticity`, `friction`, `locationId`, `modelTableId`, `objectScale`, `physicsBitField`, `physicsTableId`, `motionTableId`, `soundTableId`, `physicsState`, `translucency`, `currentMotionState`)
VALUES (40104, 'Resonant Portal', 16, 0, 0, 4, 4, 0, 0, 0, 0, 0, 255, 9437238, 0, 100667499, 0, 0, 0, 255, 0, 0, 0, 0, 4, 0, 0, 0, 0, 0, 32, 0.1, 0, 0, 0, 0, 0, 0, 0, 0, 0, 33556212, 0, 100355, 0, 150994947, 536870932, 6294556, 0, 'AAA9AAAAAAA=');

INSERT INTO weenie_class (`weenieClassId`, `baseAceObjectId`)
VALUES (40104, 40104);

INSERT INTO `base_ace_object` (`baseAceObjectId`, `name`, `typeId`, `paletteId`, `ammoType`, `blipColor`, `bitField`, `burden`, `combatUse`, `cooldownDuration`, `cooldownId`, `effects`, `containersCapacity`, `header`, `hookTypeId`, `iconId`, `iconOverlayId`, `iconUnderlayId`, `hookItemTypes`, `itemsCapacity`, `location`, `materialType`, `maxStackSize`, `maxStructure`, `radar`, `pscript`, `spellId`, `stackSize`, `structure`, `targetTypeId`, `usability`, `useRadius`, `validLocations`, `value`, `workmanship`, `animationFrameId`, `defaultScript`, `defaultScriptIntensity`, `elasticity`, `friction`, `locationId`, `modelTableId`, `objectScale`, `physicsBitField`, `physicsTableId`, `motionTableId`, `soundTableId`, `physicsState`, `translucency`, `currentMotionState`)
VALUES (43845, 'Enchanted Mnemosyne', 16, 0, 0, 0, 4, 0, 0, 0, 0, 0, 255, 54, 0, 100671423, 0, 0, 0, 255, 0, 0, 0, 0, 0, 0, 0, 0, 0, 0, 32, 3, 0, 0, 0, 0, 0, 0, 0, 0, 0, 33561170, 0, 104451, 872415275, 150995464, 536870932, 6292508, 0, 'AAA9AAAAAAA=');

INSERT INTO weenie_class (`weenieClassId`, `baseAceObjectId`)
VALUES (43845, 43845);

INSERT INTO `base_ace_object` (`baseAceObjectId`, `name`, `typeId`, `paletteId`, `ammoType`, `blipColor`, `bitField`, `burden`, `combatUse`, `cooldownDuration`, `cooldownId`, `effects`, `containersCapacity`, `header`, `hookTypeId`, `iconId`, `iconOverlayId`, `iconUnderlayId`, `hookItemTypes`, `itemsCapacity`, `location`, `materialType`, `maxStackSize`, `maxStructure`, `radar`, `pscript`, `spellId`, `stackSize`, `structure`, `targetTypeId`, `usability`, `useRadius`, `validLocations`, `value`, `workmanship`, `animationFrameId`, `defaultScript`, `defaultScriptIntensity`, `elasticity`, `friction`, `locationId`, `modelTableId`, `objectScale`, `physicsBitField`, `physicsTableId`, `motionTableId`, `soundTableId`, `physicsState`, `translucency`, `currentMotionState`)
VALUES (37033, 'North Gate Stone', 16, 0, 0, 5, 4, 0, 0, 0, 0, 0, 255, 1048630, 0, 100670496, 0, 0, 0, 255, 0, 0, 0, 0, 0, 0, 0, 0, 0, 0, 32, 2, 0, 0, 0, 0, 0, 0, 0, 0, 0, 33560503, 0, 104451, 872415274, 150995428, 536871008, 6292504, 0, 'AAA9AAAAAAA=');

INSERT INTO weenie_class (`weenieClassId`, `baseAceObjectId`)
VALUES (37033, 37033);

INSERT INTO `base_ace_object` (`baseAceObjectId`, `name`, `typeId`, `paletteId`, `ammoType`, `blipColor`, `bitField`, `burden`, `combatUse`, `cooldownDuration`, `cooldownId`, `effects`, `containersCapacity`, `header`, `hookTypeId`, `iconId`, `iconOverlayId`, `iconUnderlayId`, `hookItemTypes`, `itemsCapacity`, `location`, `materialType`, `maxStackSize`, `maxStructure`, `radar`, `pscript`, `spellId`, `stackSize`, `structure`, `targetTypeId`, `usability`, `useRadius`, `validLocations`, `value`, `workmanship`, `animationFrameId`, `defaultScript`, `defaultScriptIntensity`, `elasticity`, `friction`, `locationId`, `modelTableId`, `objectScale`, `physicsBitField`, `physicsTableId`, `motionTableId`, `soundTableId`, `physicsState`, `translucency`, `currentMotionState`)
VALUES (37027, 'East Gate Stone', 16, 0, 0, 5, 4, 0, 0, 0, 0, 0, 255, 1048630, 0, 100670496, 0, 0, 0, 255, 0, 0, 0, 0, 0, 0, 0, 0, 0, 0, 32, 2, 0, 0, 0, 0, 0, 0, 0, 0, 0, 33560503, 0, 104451, 872415274, 150995428, 536871008, 6292504, 0, 'AAA9AAAAAAA=');

INSERT INTO weenie_class (`weenieClassId`, `baseAceObjectId`)
VALUES (37027, 37027);

INSERT INTO `base_ace_object` (`baseAceObjectId`, `name`, `typeId`, `paletteId`, `ammoType`, `blipColor`, `bitField`, `burden`, `combatUse`, `cooldownDuration`, `cooldownId`, `effects`, `containersCapacity`, `header`, `hookTypeId`, `iconId`, `iconOverlayId`, `iconUnderlayId`, `hookItemTypes`, `itemsCapacity`, `location`, `materialType`, `maxStackSize`, `maxStructure`, `radar`, `pscript`, `spellId`, `stackSize`, `structure`, `targetTypeId`, `usability`, `useRadius`, `validLocations`, `value`, `workmanship`, `animationFrameId`, `defaultScript`, `defaultScriptIntensity`, `elasticity`, `friction`, `locationId`, `modelTableId`, `objectScale`, `physicsBitField`, `physicsTableId`, `motionTableId`, `soundTableId`, `physicsState`, `translucency`, `currentMotionState`)
VALUES (36778, 'Strange Device', 16, 0, 0, 0, 4, 0, 0, 0, 0, 0, 255, 22, 0, 100671465, 0, 0, 0, 255, 0, 0, 0, 0, 0, 0, 0, 0, 0, 0, 32, 0, 0, 0, 0, 0, 0, 0, 0, 0, 0, 33557001, 0, 366595, 872415275, 150995121, 536871023, 2098196, 0.9, 'AAA9AAAAAAA=');

INSERT INTO weenie_class (`weenieClassId`, `baseAceObjectId`)
VALUES (36778, 36778);

INSERT INTO `weenie_animation_changes` (`weenieClassId`, `index`, `animationId`)
VALUES (36778, 9, 16785621);

INSERT INTO `base_ace_object` (`baseAceObjectId`, `name`, `typeId`, `paletteId`, `ammoType`, `blipColor`, `bitField`, `burden`, `combatUse`, `cooldownDuration`, `cooldownId`, `effects`, `containersCapacity`, `header`, `hookTypeId`, `iconId`, `iconOverlayId`, `iconUnderlayId`, `hookItemTypes`, `itemsCapacity`, `location`, `materialType`, `maxStackSize`, `maxStructure`, `radar`, `pscript`, `spellId`, `stackSize`, `structure`, `targetTypeId`, `usability`, `useRadius`, `validLocations`, `value`, `workmanship`, `animationFrameId`, `defaultScript`, `defaultScriptIntensity`, `elasticity`, `friction`, `locationId`, `modelTableId`, `objectScale`, `physicsBitField`, `physicsTableId`, `motionTableId`, `soundTableId`, `physicsState`, `translucency`, `currentMotionState`)
VALUES (38332, 'Statue', 16, 0, 0, 3, 4, 0, 0, 0, 0, 0, 255, 1048630, 0, 100674805, 0, 0, 0, 255, 0, 0, 0, 0, 0, 0, 0, 0, 0, 0, 32, 3, 0, 0, 0, 0, 0, 0, 0, 0, 0, 33560659, 3, 104579, 872415369, 150995429, 536871017, 6292504, 0, 'AAA9AAAAAAA=');

INSERT INTO weenie_class (`weenieClassId`, `baseAceObjectId`)
VALUES (38332, 38332);

INSERT INTO `base_ace_object` (`baseAceObjectId`, `name`, `typeId`, `paletteId`, `ammoType`, `blipColor`, `bitField`, `burden`, `combatUse`, `cooldownDuration`, `cooldownId`, `effects`, `containersCapacity`, `header`, `hookTypeId`, `iconId`, `iconOverlayId`, `iconUnderlayId`, `hookItemTypes`, `itemsCapacity`, `location`, `materialType`, `maxStackSize`, `maxStructure`, `radar`, `pscript`, `spellId`, `stackSize`, `structure`, `targetTypeId`, `usability`, `useRadius`, `validLocations`, `value`, `workmanship`, `animationFrameId`, `defaultScript`, `defaultScriptIntensity`, `elasticity`, `friction`, `locationId`, `modelTableId`, `objectScale`, `physicsBitField`, `physicsTableId`, `motionTableId`, `soundTableId`, `physicsState`, `translucency`, `currentMotionState`)
VALUES (38074, 'Statue of Transport', 16, 0, 0, 3, 4, 0, 0, 0, 0, 0, 255, 1048630, 0, 100675780, 0, 0, 0, 255, 0, 0, 0, 0, 0, 0, 0, 0, 0, 0, 32, 3, 0, 0, 0, 0, 0, 0, 0, 0, 0, 33558954, 0, 104451, 872415369, 150995147, 536871017, 6292504, 0, 'AAA9AAAAAAA=');

INSERT INTO weenie_class (`weenieClassId`, `baseAceObjectId`)
VALUES (38074, 38074);

INSERT INTO `base_ace_object` (`baseAceObjectId`, `name`, `typeId`, `paletteId`, `ammoType`, `blipColor`, `bitField`, `burden`, `combatUse`, `cooldownDuration`, `cooldownId`, `effects`, `containersCapacity`, `header`, `hookTypeId`, `iconId`, `iconOverlayId`, `iconUnderlayId`, `hookItemTypes`, `itemsCapacity`, `location`, `materialType`, `maxStackSize`, `maxStructure`, `radar`, `pscript`, `spellId`, `stackSize`, `structure`, `targetTypeId`, `usability`, `useRadius`, `validLocations`, `value`, `workmanship`, `animationFrameId`, `defaultScript`, `defaultScriptIntensity`, `elasticity`, `friction`, `locationId`, `modelTableId`, `objectScale`, `physicsBitField`, `physicsTableId`, `motionTableId`, `soundTableId`, `physicsState`, `translucency`, `currentMotionState`)
VALUES (53289, 'Lair of Holcha', 16, 67113068, 0, 4, 4, 0, 0, 0, 0, 0, 255, 9437238, 0, 100671204, 0, 0, 0, 255, 0, 0, 0, 0, 4, 0, 0, 0, 0, 0, 32, 3, 0, 0, 0, 0, 0, 0, 0, 0, 0, 33556891, 0.85, 100483, 0, 150995504, 536870932, 6292504, 0, 'AAA9AAAAAAA=');

INSERT INTO weenie_class (`weenieClassId`, `baseAceObjectId`)
VALUES (53289, 53289);

INSERT INTO `weenie_palette_changes` (`weenieClassId`, `subPaletteId`, `offset`, `length`)
VALUES (53289, 67117144, 0, 0);

INSERT INTO `base_ace_object` (`baseAceObjectId`, `name`, `typeId`, `paletteId`, `ammoType`, `blipColor`, `bitField`, `burden`, `combatUse`, `cooldownDuration`, `cooldownId`, `effects`, `containersCapacity`, `header`, `hookTypeId`, `iconId`, `iconOverlayId`, `iconUnderlayId`, `hookItemTypes`, `itemsCapacity`, `location`, `materialType`, `maxStackSize`, `maxStructure`, `radar`, `pscript`, `spellId`, `stackSize`, `structure`, `targetTypeId`, `usability`, `useRadius`, `validLocations`, `value`, `workmanship`, `animationFrameId`, `defaultScript`, `defaultScriptIntensity`, `elasticity`, `friction`, `locationId`, `modelTableId`, `objectScale`, `physicsBitField`, `physicsTableId`, `motionTableId`, `soundTableId`, `physicsState`, `translucency`, `currentMotionState`)
VALUES (53287, 'Lair of Tremb''Orh', 16, 67114692, 0, 4, 4, 0, 0, 0, 0, 0, 255, 9437238, 0, 100671420, 0, 0, 0, 255, 0, 0, 0, 0, 4, 0, 0, 0, 0, 0, 32, 3, 0, 0, 0, 0, 0, 0, 0, 0, 0, 33561686, 0, 100355, 0, 150995505, 536870932, 6292504, 0, 'AAA9AAAAAAA=');

INSERT INTO weenie_class (`weenieClassId`, `baseAceObjectId`)
VALUES (53287, 53287);

INSERT INTO `weenie_palette_changes` (`weenieClassId`, `subPaletteId`, `offset`, `length`)
VALUES (53287, 67117145, 0, 0);

INSERT INTO `weenie_texture_map_changes` (`weenieClassId`, `index`, `oldId`, `newId`)
VALUES (53287, 13, 83894877, 83894877)
     , (53287, 13, 83894885, 83894885)
     , (53287, 13, 83894884, 83894884);

INSERT INTO `weenie_animation_changes` (`weenieClassId`, `index`, `animationId`)
VALUES (53287, 13, 16789731);

INSERT INTO `base_ace_object` (`baseAceObjectId`, `name`, `typeId`, `paletteId`, `ammoType`, `blipColor`, `bitField`, `burden`, `combatUse`, `cooldownDuration`, `cooldownId`, `effects`, `containersCapacity`, `header`, `hookTypeId`, `iconId`, `iconOverlayId`, `iconUnderlayId`, `hookItemTypes`, `itemsCapacity`, `location`, `materialType`, `maxStackSize`, `maxStructure`, `radar`, `pscript`, `spellId`, `stackSize`, `structure`, `targetTypeId`, `usability`, `useRadius`, `validLocations`, `value`, `workmanship`, `animationFrameId`, `defaultScript`, `defaultScriptIntensity`, `elasticity`, `friction`, `locationId`, `modelTableId`, `objectScale`, `physicsBitField`, `physicsTableId`, `motionTableId`, `soundTableId`, `physicsState`, `translucency`, `currentMotionState`)
VALUES (53285, 'Lair of the Gromnus Champion', 16, 67109307, 0, 4, 4, 0, 0, 0, 0, 0, 255, 9437238, 0, 100667938, 0, 0, 0, 255, 0, 0, 0, 0, 4, 0, 0, 0, 0, 0, 32, 3, 0, 0, 0, 0, 0, 0, 0, 0, 0, 33561507, 0, 100355, 0, 150995503, 536870932, 6292504, 0, 'AAA9AAAAAAA=');

INSERT INTO weenie_class (`weenieClassId`, `baseAceObjectId`)
VALUES (53285, 53285);

INSERT INTO `weenie_palette_changes` (`weenieClassId`, `subPaletteId`, `offset`, `length`)
VALUES (53285, 67113822, 0, 0);

INSERT INTO `base_ace_object` (`baseAceObjectId`, `name`, `typeId`, `paletteId`, `ammoType`, `blipColor`, `bitField`, `burden`, `combatUse`, `cooldownDuration`, `cooldownId`, `effects`, `containersCapacity`, `header`, `hookTypeId`, `iconId`, `iconOverlayId`, `iconUnderlayId`, `hookItemTypes`, `itemsCapacity`, `location`, `materialType`, `maxStackSize`, `maxStructure`, `radar`, `pscript`, `spellId`, `stackSize`, `structure`, `targetTypeId`, `usability`, `useRadius`, `validLocations`, `value`, `workmanship`, `animationFrameId`, `defaultScript`, `defaultScriptIntensity`, `elasticity`, `friction`, `locationId`, `modelTableId`, `objectScale`, `physicsBitField`, `physicsTableId`, `motionTableId`, `soundTableId`, `physicsState`, `translucency`, `currentMotionState`)
VALUES (25713, 'Bookcase', 16, 0, 0, 3, 4, 0, 0, 0, 0, 0, 255, 1048630, 0, 100668246, 0, 0, 0, 255, 0, 0, 0, 0, 0, 0, 0, 0, 0, 0, 32, 2, 0, 0, 0, 0, 0, 0, 0, 0, 0, 33557590, 0, 104451, 872415275, 150995157, 536871051, 6358040, 0, 'AAA9AAAAAAA=');

INSERT INTO weenie_class (`weenieClassId`, `baseAceObjectId`)
VALUES (25713, 25713);

INSERT INTO `base_ace_object` (`baseAceObjectId`, `name`, `typeId`, `paletteId`, `ammoType`, `blipColor`, `bitField`, `burden`, `combatUse`, `cooldownDuration`, `cooldownId`, `effects`, `containersCapacity`, `header`, `hookTypeId`, `iconId`, `iconOverlayId`, `iconUnderlayId`, `hookItemTypes`, `itemsCapacity`, `location`, `materialType`, `maxStackSize`, `maxStructure`, `radar`, `pscript`, `spellId`, `stackSize`, `structure`, `targetTypeId`, `usability`, `useRadius`, `validLocations`, `value`, `workmanship`, `animationFrameId`, `defaultScript`, `defaultScriptIntensity`, `elasticity`, `friction`, `locationId`, `modelTableId`, `objectScale`, `physicsBitField`, `physicsTableId`, `motionTableId`, `soundTableId`, `physicsState`, `translucency`, `currentMotionState`)
VALUES (38823, 'Eyestalk of T''thuun', 16, 0, 0, 0, 20, 0, 0, 0, 0, 0, 255, 8388630, 0, 100671186, 0, 0, 0, 255, 0, 0, 0, 0, 2, 0, 0, 0, 0, 0, 1, 0, 0, 0, 0, 0, 0, 0, 0, 0, 0, 33560661, 2, 104643, 872415332, 150995067, 536871015, 1032, 0, 'AAA9AAAAAAA=');

INSERT INTO weenie_class (`weenieClassId`, `baseAceObjectId`)
VALUES (38823, 38823);

INSERT INTO `base_ace_object` (`baseAceObjectId`, `name`, `typeId`, `paletteId`, `ammoType`, `blipColor`, `bitField`, `burden`, `combatUse`, `cooldownDuration`, `cooldownId`, `effects`, `containersCapacity`, `header`, `hookTypeId`, `iconId`, `iconOverlayId`, `iconUnderlayId`, `hookItemTypes`, `itemsCapacity`, `location`, `materialType`, `maxStackSize`, `maxStructure`, `radar`, `pscript`, `spellId`, `stackSize`, `structure`, `targetTypeId`, `usability`, `useRadius`, `validLocations`, `value`, `workmanship`, `animationFrameId`, `defaultScript`, `defaultScriptIntensity`, `elasticity`, `friction`, `locationId`, `modelTableId`, `objectScale`, `physicsBitField`, `physicsTableId`, `motionTableId`, `soundTableId`, `physicsState`, `translucency`, `currentMotionState`)
VALUES (38370, 'Statue of Transport', 16, 0, 0, 3, 4, 0, 0, 0, 0, 0, 255, 1048630, 0, 100675780, 0, 0, 0, 255, 0, 0, 0, 0, 0, 0, 0, 0, 0, 0, 32, 3, 0, 0, 0, 0, 0, 0, 0, 0, 0, 33558954, 0, 104451, 872415369, 150995147, 536871017, 6292504, 0, 'AAA9AAAAAAA=');

INSERT INTO weenie_class (`weenieClassId`, `baseAceObjectId`)
VALUES (38370, 38370);

INSERT INTO `base_ace_object` (`baseAceObjectId`, `name`, `typeId`, `paletteId`, `ammoType`, `blipColor`, `bitField`, `burden`, `combatUse`, `cooldownDuration`, `cooldownId`, `effects`, `containersCapacity`, `header`, `hookTypeId`, `iconId`, `iconOverlayId`, `iconUnderlayId`, `hookItemTypes`, `itemsCapacity`, `location`, `materialType`, `maxStackSize`, `maxStructure`, `radar`, `pscript`, `spellId`, `stackSize`, `structure`, `targetTypeId`, `usability`, `useRadius`, `validLocations`, `value`, `workmanship`, `animationFrameId`, `defaultScript`, `defaultScriptIntensity`, `elasticity`, `friction`, `locationId`, `modelTableId`, `objectScale`, `physicsBitField`, `physicsTableId`, `motionTableId`, `soundTableId`, `physicsState`, `translucency`, `currentMotionState`)
VALUES (39450, 'Eyestalk of T''thuun', 16, 0, 0, 0, 20, 0, 0, 0, 0, 0, 255, 8388630, 0, 100671186, 0, 0, 0, 255, 0, 0, 0, 0, 2, 0, 0, 0, 0, 0, 1, 0, 0, 0, 0, 0, 0, 0, 0, 0, 0, 33560661, 0, 104451, 872415332, 150995067, 536871015, 1032, 0, 'AAA9AAAAAAA=');

INSERT INTO weenie_class (`weenieClassId`, `baseAceObjectId`)
VALUES (39450, 39450);

INSERT INTO `base_ace_object` (`baseAceObjectId`, `name`, `typeId`, `paletteId`, `ammoType`, `blipColor`, `bitField`, `burden`, `combatUse`, `cooldownDuration`, `cooldownId`, `effects`, `containersCapacity`, `header`, `hookTypeId`, `iconId`, `iconOverlayId`, `iconUnderlayId`, `hookItemTypes`, `itemsCapacity`, `location`, `materialType`, `maxStackSize`, `maxStructure`, `radar`, `pscript`, `spellId`, `stackSize`, `structure`, `targetTypeId`, `usability`, `useRadius`, `validLocations`, `value`, `workmanship`, `animationFrameId`, `defaultScript`, `defaultScriptIntensity`, `elasticity`, `friction`, `locationId`, `modelTableId`, `objectScale`, `physicsBitField`, `physicsTableId`, `motionTableId`, `soundTableId`, `physicsState`, `translucency`, `currentMotionState`)
VALUES (39344, 'Eyestalk of T''thuun', 16, 0, 0, 0, 20, 0, 0, 0, 0, 0, 255, 8388630, 0, 100671186, 0, 0, 0, 255, 0, 0, 0, 0, 2, 0, 0, 0, 0, 0, 1, 0, 0, 0, 0, 0, 0, 0, 0, 0, 0, 33560661, 2, 104643, 872415332, 150995067, 536871015, 1032, 0, 'AAA9AAAAAAA=');

INSERT INTO weenie_class (`weenieClassId`, `baseAceObjectId`)
VALUES (39344, 39344);

INSERT INTO `base_ace_object` (`baseAceObjectId`, `name`, `typeId`, `paletteId`, `ammoType`, `blipColor`, `bitField`, `burden`, `combatUse`, `cooldownDuration`, `cooldownId`, `effects`, `containersCapacity`, `header`, `hookTypeId`, `iconId`, `iconOverlayId`, `iconUnderlayId`, `hookItemTypes`, `itemsCapacity`, `location`, `materialType`, `maxStackSize`, `maxStructure`, `radar`, `pscript`, `spellId`, `stackSize`, `structure`, `targetTypeId`, `usability`, `useRadius`, `validLocations`, `value`, `workmanship`, `animationFrameId`, `defaultScript`, `defaultScriptIntensity`, `elasticity`, `friction`, `locationId`, `modelTableId`, `objectScale`, `physicsBitField`, `physicsTableId`, `motionTableId`, `soundTableId`, `physicsState`, `translucency`, `currentMotionState`)
VALUES (53375, 'Sath''tik Eyestalk', 16, 0, 0, 0, 20, 0, 0, 0, 0, 0, 255, 8388630, 0, 100671186, 0, 0, 0, 255, 0, 0, 0, 0, 2, 0, 0, 0, 0, 0, 1, 0, 0, 0, 0, 0, 0, 0, 0, 0, 0, 33558617, 1.8, 104643, 872415332, 150995067, 536871015, 1032, 0, 'AAA9AAAAAAA=');

INSERT INTO weenie_class (`weenieClassId`, `baseAceObjectId`)
VALUES (53375, 53375);

INSERT INTO `base_ace_object` (`baseAceObjectId`, `name`, `typeId`, `paletteId`, `ammoType`, `blipColor`, `bitField`, `burden`, `combatUse`, `cooldownDuration`, `cooldownId`, `effects`, `containersCapacity`, `header`, `hookTypeId`, `iconId`, `iconOverlayId`, `iconUnderlayId`, `hookItemTypes`, `itemsCapacity`, `location`, `materialType`, `maxStackSize`, `maxStructure`, `radar`, `pscript`, `spellId`, `stackSize`, `structure`, `targetTypeId`, `usability`, `useRadius`, `validLocations`, `value`, `workmanship`, `animationFrameId`, `defaultScript`, `defaultScriptIntensity`, `elasticity`, `friction`, `locationId`, `modelTableId`, `objectScale`, `physicsBitField`, `physicsTableId`, `motionTableId`, `soundTableId`, `physicsState`, `translucency`, `currentMotionState`)
VALUES (27462, 'Door', 16, 0, 0, 0, 20, 0, 0, 0, 0, 0, 255, 8388630, 0, 100673480, 0, 0, 0, 255, 0, 0, 0, 0, 4, 0, 0, 0, 0, 0, 1, 0, 0, 0, 0, 0, 0, 0, 0, 0, 0, 33558696, 0, 104451, 872415339, 150995295, 536871001, 66568, 0, 'AAA9AAAAAAA=');

INSERT INTO weenie_class (`weenieClassId`, `baseAceObjectId`)
VALUES (27462, 27462);

INSERT INTO `base_ace_object` (`baseAceObjectId`, `name`, `typeId`, `paletteId`, `ammoType`, `blipColor`, `bitField`, `burden`, `combatUse`, `cooldownDuration`, `cooldownId`, `effects`, `containersCapacity`, `header`, `hookTypeId`, `iconId`, `iconOverlayId`, `iconUnderlayId`, `hookItemTypes`, `itemsCapacity`, `location`, `materialType`, `maxStackSize`, `maxStructure`, `radar`, `pscript`, `spellId`, `stackSize`, `structure`, `targetTypeId`, `usability`, `useRadius`, `validLocations`, `value`, `workmanship`, `animationFrameId`, `defaultScript`, `defaultScriptIntensity`, `elasticity`, `friction`, `locationId`, `modelTableId`, `objectScale`, `physicsBitField`, `physicsTableId`, `motionTableId`, `soundTableId`, `physicsState`, `translucency`, `currentMotionState`)
VALUES (43846, 'Enchanted Mnemosyne', 16, 0, 0, 0, 4, 0, 0, 0, 0, 0, 255, 54, 0, 100671423, 0, 0, 0, 255, 0, 0, 0, 0, 0, 0, 0, 0, 0, 0, 32, 3, 0, 0, 0, 0, 0, 0, 0, 0, 0, 33561170, 0, 104451, 872415275, 150995464, 536870932, 6292508, 0, 'AAA9AAAAAAA=');

INSERT INTO weenie_class (`weenieClassId`, `baseAceObjectId`)
VALUES (43846, 43846);

INSERT INTO `base_ace_object` (`baseAceObjectId`, `name`, `typeId`, `paletteId`, `ammoType`, `blipColor`, `bitField`, `burden`, `combatUse`, `cooldownDuration`, `cooldownId`, `effects`, `containersCapacity`, `header`, `hookTypeId`, `iconId`, `iconOverlayId`, `iconUnderlayId`, `hookItemTypes`, `itemsCapacity`, `location`, `materialType`, `maxStackSize`, `maxStructure`, `radar`, `pscript`, `spellId`, `stackSize`, `structure`, `targetTypeId`, `usability`, `useRadius`, `validLocations`, `value`, `workmanship`, `animationFrameId`, `defaultScript`, `defaultScriptIntensity`, `elasticity`, `friction`, `locationId`, `modelTableId`, `objectScale`, `physicsBitField`, `physicsTableId`, `motionTableId`, `soundTableId`, `physicsState`, `translucency`, `currentMotionState`)
VALUES (48822, 'Statue of Creeping Death', 16, 0, 0, 0, 4, 0, 0, 0, 0, 0, 255, 54, 0, 100667446, 0, 0, 0, 255, 0, 0, 0, 0, 0, 0, 0, 0, 0, 0, 1, 3, 0, 0, 0, 0, 0, 0, 0, 0, 0, 33561259, 0, 100355, 0, 150994945, 536870913, 6292508, 0, 'AAA9AAAAAAA=');

INSERT INTO weenie_class (`weenieClassId`, `baseAceObjectId`)
VALUES (48822, 48822);

INSERT INTO `base_ace_object` (`baseAceObjectId`, `name`, `typeId`, `paletteId`, `ammoType`, `blipColor`, `bitField`, `burden`, `combatUse`, `cooldownDuration`, `cooldownId`, `effects`, `containersCapacity`, `header`, `hookTypeId`, `iconId`, `iconOverlayId`, `iconUnderlayId`, `hookItemTypes`, `itemsCapacity`, `location`, `materialType`, `maxStackSize`, `maxStructure`, `radar`, `pscript`, `spellId`, `stackSize`, `structure`, `targetTypeId`, `usability`, `useRadius`, `validLocations`, `value`, `workmanship`, `animationFrameId`, `defaultScript`, `defaultScriptIntensity`, `elasticity`, `friction`, `locationId`, `modelTableId`, `objectScale`, `physicsBitField`, `physicsTableId`, `motionTableId`, `soundTableId`, `physicsState`, `translucency`, `currentMotionState`)
VALUES (48821, 'Blitzkrieg Statue', 16, 0, 0, 0, 4, 0, 0, 0, 0, 0, 255, 54, 0, 100667446, 0, 0, 0, 255, 0, 0, 0, 0, 0, 0, 0, 0, 0, 0, 1, 3, 0, 0, 0, 0, 0, 0, 0, 0, 0, 33561259, 0, 100355, 0, 150994945, 536870913, 6292508, 0, 'AAA9AAAAAAA=');

INSERT INTO weenie_class (`weenieClassId`, `baseAceObjectId`)
VALUES (48821, 48821);

INSERT INTO `base_ace_object` (`baseAceObjectId`, `name`, `typeId`, `paletteId`, `ammoType`, `blipColor`, `bitField`, `burden`, `combatUse`, `cooldownDuration`, `cooldownId`, `effects`, `containersCapacity`, `header`, `hookTypeId`, `iconId`, `iconOverlayId`, `iconUnderlayId`, `hookItemTypes`, `itemsCapacity`, `location`, `materialType`, `maxStackSize`, `maxStructure`, `radar`, `pscript`, `spellId`, `stackSize`, `structure`, `targetTypeId`, `usability`, `useRadius`, `validLocations`, `value`, `workmanship`, `animationFrameId`, `defaultScript`, `defaultScriptIntensity`, `elasticity`, `friction`, `locationId`, `modelTableId`, `objectScale`, `physicsBitField`, `physicsTableId`, `motionTableId`, `soundTableId`, `physicsState`, `translucency`, `currentMotionState`)
VALUES (27463, 'Door', 16, 0, 0, 0, 20, 0, 0, 0, 0, 0, 255, 8388630, 0, 100671984, 0, 0, 0, 255, 0, 0, 0, 0, 4, 0, 0, 0, 0, 0, 1, 0, 0, 0, 0, 0, 0, 0, 0, 0, 0, 33558701, 0, 104451, 872415339, 150995297, 536871001, 66568, 0, 'AAA9AAAAAAA=');

INSERT INTO weenie_class (`weenieClassId`, `baseAceObjectId`)
VALUES (27463, 27463);

INSERT INTO `base_ace_object` (`baseAceObjectId`, `name`, `typeId`, `paletteId`, `ammoType`, `blipColor`, `bitField`, `burden`, `combatUse`, `cooldownDuration`, `cooldownId`, `effects`, `containersCapacity`, `header`, `hookTypeId`, `iconId`, `iconOverlayId`, `iconUnderlayId`, `hookItemTypes`, `itemsCapacity`, `location`, `materialType`, `maxStackSize`, `maxStructure`, `radar`, `pscript`, `spellId`, `stackSize`, `structure`, `targetTypeId`, `usability`, `useRadius`, `validLocations`, `value`, `workmanship`, `animationFrameId`, `defaultScript`, `defaultScriptIntensity`, `elasticity`, `friction`, `locationId`, `modelTableId`, `objectScale`, `physicsBitField`, `physicsTableId`, `motionTableId`, `soundTableId`, `physicsState`, `translucency`, `currentMotionState`)
VALUES (41948, 'Mhoire Castle Courtyard Portal', 16, 0, 0, 4, 4, 0, 0, 0, 0, 0, 255, 9437238, 0, 100667499, 0, 0, 0, 255, 0, 0, 0, 0, 4, 0, 0, 0, 0, 0, 32, 3, 0, 0, 0, 0, 0, 0, 0, 0, 0, 33560901, 0, 104451, 872415274, 150995314, 536871052, 6294556, 0, 'AAA9AAAAAAA=');

INSERT INTO weenie_class (`weenieClassId`, `baseAceObjectId`)
VALUES (41948, 41948);

INSERT INTO `base_ace_object` (`baseAceObjectId`, `name`, `typeId`, `paletteId`, `ammoType`, `blipColor`, `bitField`, `burden`, `combatUse`, `cooldownDuration`, `cooldownId`, `effects`, `containersCapacity`, `header`, `hookTypeId`, `iconId`, `iconOverlayId`, `iconUnderlayId`, `hookItemTypes`, `itemsCapacity`, `location`, `materialType`, `maxStackSize`, `maxStructure`, `radar`, `pscript`, `spellId`, `stackSize`, `structure`, `targetTypeId`, `usability`, `useRadius`, `validLocations`, `value`, `workmanship`, `animationFrameId`, `defaultScript`, `defaultScriptIntensity`, `elasticity`, `friction`, `locationId`, `modelTableId`, `objectScale`, `physicsBitField`, `physicsTableId`, `motionTableId`, `soundTableId`, `physicsState`, `translucency`, `currentMotionState`)
VALUES (37157, 'Door', 16, 0, 0, 0, 20, 0, 0, 0, 0, 0, 255, 8388630, 0, 100673480, 0, 0, 0, 255, 0, 0, 0, 0, 1, 0, 0, 0, 0, 0, 1, 0, 0, 0, 0, 0, 0, 0, 0, 0, 0, 33560529, 0, 104451, 872415339, 150995288, 536871001, 66568, 0, 'AAA9AAAAAAA=');

INSERT INTO weenie_class (`weenieClassId`, `baseAceObjectId`)
VALUES (37157, 37157);

INSERT INTO `base_ace_object` (`baseAceObjectId`, `name`, `typeId`, `paletteId`, `ammoType`, `blipColor`, `bitField`, `burden`, `combatUse`, `cooldownDuration`, `cooldownId`, `effects`, `containersCapacity`, `header`, `hookTypeId`, `iconId`, `iconOverlayId`, `iconUnderlayId`, `hookItemTypes`, `itemsCapacity`, `location`, `materialType`, `maxStackSize`, `maxStructure`, `radar`, `pscript`, `spellId`, `stackSize`, `structure`, `targetTypeId`, `usability`, `useRadius`, `validLocations`, `value`, `workmanship`, `animationFrameId`, `defaultScript`, `defaultScriptIntensity`, `elasticity`, `friction`, `locationId`, `modelTableId`, `objectScale`, `physicsBitField`, `physicsTableId`, `motionTableId`, `soundTableId`, `physicsState`, `translucency`, `currentMotionState`)
VALUES (31933, 'The Deep', 16, 0, 0, 3, 4, 0, 0, 0, 0, 0, 255, 1048630, 0, 100668442, 0, 0, 0, 255, 0, 0, 0, 0, 0, 0, 0, 0, 0, 0, 32, 3, 0, 0, 0, 0, 0, 0, 0, 0, 0, 33559204, 1.5, 366723, 872415369, 150995105, 536871017, 6292504, 0.9, 'AAA9AAAAAAA=');

INSERT INTO weenie_class (`weenieClassId`, `baseAceObjectId`)
VALUES (31933, 31933);

INSERT INTO `base_ace_object` (`baseAceObjectId`, `name`, `typeId`, `paletteId`, `ammoType`, `blipColor`, `bitField`, `burden`, `combatUse`, `cooldownDuration`, `cooldownId`, `effects`, `containersCapacity`, `header`, `hookTypeId`, `iconId`, `iconOverlayId`, `iconUnderlayId`, `hookItemTypes`, `itemsCapacity`, `location`, `materialType`, `maxStackSize`, `maxStructure`, `radar`, `pscript`, `spellId`, `stackSize`, `structure`, `targetTypeId`, `usability`, `useRadius`, `validLocations`, `value`, `workmanship`, `animationFrameId`, `defaultScript`, `defaultScriptIntensity`, `elasticity`, `friction`, `locationId`, `modelTableId`, `objectScale`, `physicsBitField`, `physicsTableId`, `motionTableId`, `soundTableId`, `physicsState`, `translucency`, `currentMotionState`)
VALUES (43248, 'Visible Portalspace Anomaly', 16, 0, 0, 0, 4, 0, 0, 0, 0, 0, 255, 8388630, 0, 100669124, 0, 0, 0, 255, 0, 0, 0, 0, 1, 0, 0, 0, 0, 0, 1, 0, 0, 0, 0, 0, 0, 0, 0, 0, 0, 33561060, 0, 366595, 872415269, 150995314, 536870942, 2100236, 1, 'AAA9AAAAAAA=');

INSERT INTO weenie_class (`weenieClassId`, `baseAceObjectId`)
VALUES (43248, 43248);

INSERT INTO `base_ace_object` (`baseAceObjectId`, `name`, `typeId`, `paletteId`, `ammoType`, `blipColor`, `bitField`, `burden`, `combatUse`, `cooldownDuration`, `cooldownId`, `effects`, `containersCapacity`, `header`, `hookTypeId`, `iconId`, `iconOverlayId`, `iconUnderlayId`, `hookItemTypes`, `itemsCapacity`, `location`, `materialType`, `maxStackSize`, `maxStructure`, `radar`, `pscript`, `spellId`, `stackSize`, `structure`, `targetTypeId`, `usability`, `useRadius`, `validLocations`, `value`, `workmanship`, `animationFrameId`, `defaultScript`, `defaultScriptIntensity`, `elasticity`, `friction`, `locationId`, `modelTableId`, `objectScale`, `physicsBitField`, `physicsTableId`, `motionTableId`, `soundTableId`, `physicsState`, `translucency`, `currentMotionState`)
VALUES (21545, 'Door', 16, 0, 0, 0, 20, 0, 0, 0, 0, 0, 255, 8388630, 0, 100673480, 0, 0, 0, 255, 0, 0, 0, 0, 4, 0, 0, 0, 0, 0, 1, 0, 0, 0, 0, 0, 0, 0, 0, 0, 0, 33557970, 0, 104451, 872415339, 150995221, 536871001, 66568, 0, 'AAA9AAAAAAA=');

INSERT INTO weenie_class (`weenieClassId`, `baseAceObjectId`)
VALUES (21545, 21545);

INSERT INTO `base_ace_object` (`baseAceObjectId`, `name`, `typeId`, `paletteId`, `ammoType`, `blipColor`, `bitField`, `burden`, `combatUse`, `cooldownDuration`, `cooldownId`, `effects`, `containersCapacity`, `header`, `hookTypeId`, `iconId`, `iconOverlayId`, `iconUnderlayId`, `hookItemTypes`, `itemsCapacity`, `location`, `materialType`, `maxStackSize`, `maxStructure`, `radar`, `pscript`, `spellId`, `stackSize`, `structure`, `targetTypeId`, `usability`, `useRadius`, `validLocations`, `value`, `workmanship`, `animationFrameId`, `defaultScript`, `defaultScriptIntensity`, `elasticity`, `friction`, `locationId`, `modelTableId`, `objectScale`, `physicsBitField`, `physicsTableId`, `motionTableId`, `soundTableId`, `physicsState`, `translucency`, `currentMotionState`)
VALUES (26543, 'Wailing Statue', 16, 0, 0, 3, 4, 0, 0, 0, 0, 0, 255, 1048630, 0, 100667624, 0, 0, 0, 255, 0, 0, 0, 0, 0, 0, 0, 0, 0, 0, 32, 3, 0, 0, 0, 0, 0, 0, 0, 0, 0, 33558606, 0, 104451, 872415274, 150995276, 536871082, 6292504, 0, 'AAA9AAAAAAA=');

INSERT INTO weenie_class (`weenieClassId`, `baseAceObjectId`)
VALUES (26543, 26543);

INSERT INTO `base_ace_object` (`baseAceObjectId`, `name`, `typeId`, `paletteId`, `ammoType`, `blipColor`, `bitField`, `burden`, `combatUse`, `cooldownDuration`, `cooldownId`, `effects`, `containersCapacity`, `header`, `hookTypeId`, `iconId`, `iconOverlayId`, `iconUnderlayId`, `hookItemTypes`, `itemsCapacity`, `location`, `materialType`, `maxStackSize`, `maxStructure`, `radar`, `pscript`, `spellId`, `stackSize`, `structure`, `targetTypeId`, `usability`, `useRadius`, `validLocations`, `value`, `workmanship`, `animationFrameId`, `defaultScript`, `defaultScriptIntensity`, `elasticity`, `friction`, `locationId`, `modelTableId`, `objectScale`, `physicsBitField`, `physicsTableId`, `motionTableId`, `soundTableId`, `physicsState`, `translucency`, `currentMotionState`)
VALUES (26568, 'Wailing Statue', 16, 0, 0, 3, 4, 0, 0, 0, 0, 0, 255, 1048630, 0, 100667624, 0, 0, 0, 255, 0, 0, 0, 0, 0, 0, 0, 0, 0, 0, 32, 3, 0, 0, 0, 0, 0, 0, 0, 0, 0, 33558606, 1.2, 104579, 872415274, 150995276, 536871082, 6292504, 0, 'AAA9AAAAAAA=');

INSERT INTO weenie_class (`weenieClassId`, `baseAceObjectId`)
VALUES (26568, 26568);

INSERT INTO `base_ace_object` (`baseAceObjectId`, `name`, `typeId`, `paletteId`, `ammoType`, `blipColor`, `bitField`, `burden`, `combatUse`, `cooldownDuration`, `cooldownId`, `effects`, `containersCapacity`, `header`, `hookTypeId`, `iconId`, `iconOverlayId`, `iconUnderlayId`, `hookItemTypes`, `itemsCapacity`, `location`, `materialType`, `maxStackSize`, `maxStructure`, `radar`, `pscript`, `spellId`, `stackSize`, `structure`, `targetTypeId`, `usability`, `useRadius`, `validLocations`, `value`, `workmanship`, `animationFrameId`, `defaultScript`, `defaultScriptIntensity`, `elasticity`, `friction`, `locationId`, `modelTableId`, `objectScale`, `physicsBitField`, `physicsTableId`, `motionTableId`, `soundTableId`, `physicsState`, `translucency`, `currentMotionState`)
VALUES (26544, 'Wailing Statue', 16, 0, 0, 3, 4, 0, 0, 0, 0, 0, 255, 1048630, 0, 100667624, 0, 0, 0, 255, 0, 0, 0, 0, 0, 0, 0, 0, 0, 0, 32, 3, 0, 0, 0, 0, 0, 0, 0, 0, 0, 33558606, 1.2, 104579, 872415274, 150995276, 536871082, 6292504, 0, 'AAA9AAAAAAA=');

INSERT INTO weenie_class (`weenieClassId`, `baseAceObjectId`)
VALUES (26544, 26544);

INSERT INTO `base_ace_object` (`baseAceObjectId`, `name`, `typeId`, `paletteId`, `ammoType`, `blipColor`, `bitField`, `burden`, `combatUse`, `cooldownDuration`, `cooldownId`, `effects`, `containersCapacity`, `header`, `hookTypeId`, `iconId`, `iconOverlayId`, `iconUnderlayId`, `hookItemTypes`, `itemsCapacity`, `location`, `materialType`, `maxStackSize`, `maxStructure`, `radar`, `pscript`, `spellId`, `stackSize`, `structure`, `targetTypeId`, `usability`, `useRadius`, `validLocations`, `value`, `workmanship`, `animationFrameId`, `defaultScript`, `defaultScriptIntensity`, `elasticity`, `friction`, `locationId`, `modelTableId`, `objectScale`, `physicsBitField`, `physicsTableId`, `motionTableId`, `soundTableId`, `physicsState`, `translucency`, `currentMotionState`)
VALUES (37569, 'Rock Wall', 16, 0, 0, 0, 20, 0, 0, 0, 0, 0, 255, 8388630, 0, 100689885, 0, 0, 0, 255, 0, 0, 0, 0, 1, 0, 0, 0, 0, 0, 1, 0, 0, 0, 0, 0, 0, 0, 0, 0, 0, 33560558, 0, 104451, 872415325, 150995418, 536871119, 66568, 0, 'AAA9AAAAAAA=');

INSERT INTO weenie_class (`weenieClassId`, `baseAceObjectId`)
VALUES (37569, 37569);

INSERT INTO `base_ace_object` (`baseAceObjectId`, `name`, `typeId`, `paletteId`, `ammoType`, `blipColor`, `bitField`, `burden`, `combatUse`, `cooldownDuration`, `cooldownId`, `effects`, `containersCapacity`, `header`, `hookTypeId`, `iconId`, `iconOverlayId`, `iconUnderlayId`, `hookItemTypes`, `itemsCapacity`, `location`, `materialType`, `maxStackSize`, `maxStructure`, `radar`, `pscript`, `spellId`, `stackSize`, `structure`, `targetTypeId`, `usability`, `useRadius`, `validLocations`, `value`, `workmanship`, `animationFrameId`, `defaultScript`, `defaultScriptIntensity`, `elasticity`, `friction`, `locationId`, `modelTableId`, `objectScale`, `physicsBitField`, `physicsTableId`, `motionTableId`, `soundTableId`, `physicsState`, `translucency`, `currentMotionState`)
VALUES (51646, 'Thick Rock Wall', 16, 0, 0, 0, 20, 0, 0, 0, 0, 0, 255, 8388630, 0, 100689885, 0, 0, 0, 255, 0, 0, 0, 0, 1, 0, 0, 0, 0, 0, 1, 0, 0, 0, 0, 0, 0, 0, 0, 0, 0, 33560558, 0, 104451, 872415325, 150995418, 536871119, 66568, 0, 'AAA9AAAAAAA=');

INSERT INTO weenie_class (`weenieClassId`, `baseAceObjectId`)
VALUES (51646, 51646);

INSERT INTO `base_ace_object` (`baseAceObjectId`, `name`, `typeId`, `paletteId`, `ammoType`, `blipColor`, `bitField`, `burden`, `combatUse`, `cooldownDuration`, `cooldownId`, `effects`, `containersCapacity`, `header`, `hookTypeId`, `iconId`, `iconOverlayId`, `iconUnderlayId`, `hookItemTypes`, `itemsCapacity`, `location`, `materialType`, `maxStackSize`, `maxStructure`, `radar`, `pscript`, `spellId`, `stackSize`, `structure`, `targetTypeId`, `usability`, `useRadius`, `validLocations`, `value`, `workmanship`, `animationFrameId`, `defaultScript`, `defaultScriptIntensity`, `elasticity`, `friction`, `locationId`, `modelTableId`, `objectScale`, `physicsBitField`, `physicsTableId`, `motionTableId`, `soundTableId`, `physicsState`, `translucency`, `currentMotionState`)
VALUES (38340, 'Statue', 16, 0, 0, 3, 4, 0, 0, 0, 0, 0, 255, 1048630, 0, 100674805, 0, 0, 0, 255, 0, 0, 0, 0, 0, 0, 0, 0, 0, 0, 32, 3, 0, 0, 0, 0, 0, 0, 0, 0, 0, 33560659, 3, 104579, 872415369, 150995429, 536871017, 6292504, 0, 'AAA9AAAAAAA=');

INSERT INTO weenie_class (`weenieClassId`, `baseAceObjectId`)
VALUES (38340, 38340);

INSERT INTO `base_ace_object` (`baseAceObjectId`, `name`, `typeId`, `paletteId`, `ammoType`, `blipColor`, `bitField`, `burden`, `combatUse`, `cooldownDuration`, `cooldownId`, `effects`, `containersCapacity`, `header`, `hookTypeId`, `iconId`, `iconOverlayId`, `iconUnderlayId`, `hookItemTypes`, `itemsCapacity`, `location`, `materialType`, `maxStackSize`, `maxStructure`, `radar`, `pscript`, `spellId`, `stackSize`, `structure`, `targetTypeId`, `usability`, `useRadius`, `validLocations`, `value`, `workmanship`, `animationFrameId`, `defaultScript`, `defaultScriptIntensity`, `elasticity`, `friction`, `locationId`, `modelTableId`, `objectScale`, `physicsBitField`, `physicsTableId`, `motionTableId`, `soundTableId`, `physicsState`, `translucency`, `currentMotionState`)
VALUES (38255, 'Shrine of the Eye of T''thuun', 16, 0, 0, 3, 4, 0, 0, 0, 0, 0, 255, 1048630, 0, 100675788, 0, 0, 0, 255, 0, 0, 0, 0, 0, 0, 0, 0, 0, 0, 32, 3, 0, 0, 0, 0, 0, 0, 0, 0, 0, 33558607, 0, 104451, 872415274, 150995279, 536871052, 6358040, 0, 'AAA9AAAAAAA=');

INSERT INTO weenie_class (`weenieClassId`, `baseAceObjectId`)
VALUES (38255, 38255);

INSERT INTO `base_ace_object` (`baseAceObjectId`, `name`, `typeId`, `paletteId`, `ammoType`, `blipColor`, `bitField`, `burden`, `combatUse`, `cooldownDuration`, `cooldownId`, `effects`, `containersCapacity`, `header`, `hookTypeId`, `iconId`, `iconOverlayId`, `iconUnderlayId`, `hookItemTypes`, `itemsCapacity`, `location`, `materialType`, `maxStackSize`, `maxStructure`, `radar`, `pscript`, `spellId`, `stackSize`, `structure`, `targetTypeId`, `usability`, `useRadius`, `validLocations`, `value`, `workmanship`, `animationFrameId`, `defaultScript`, `defaultScriptIntensity`, `elasticity`, `friction`, `locationId`, `modelTableId`, `objectScale`, `physicsBitField`, `physicsTableId`, `motionTableId`, `soundTableId`, `physicsState`, `translucency`, `currentMotionState`)
VALUES (38829, 'Eyestalk of T''thuun', 16, 0, 0, 0, 20, 0, 0, 0, 0, 0, 255, 8388630, 0, 100671186, 0, 0, 0, 255, 0, 0, 0, 0, 2, 0, 0, 0, 0, 0, 1, 0, 0, 0, 0, 0, 0, 0, 0, 0, 0, 33560661, 2, 104643, 872415332, 150995067, 536871015, 1032, 0, 'AAA9AAAAAAA=');

INSERT INTO weenie_class (`weenieClassId`, `baseAceObjectId`)
VALUES (38829, 38829);

INSERT INTO `base_ace_object` (`baseAceObjectId`, `name`, `typeId`, `paletteId`, `ammoType`, `blipColor`, `bitField`, `burden`, `combatUse`, `cooldownDuration`, `cooldownId`, `effects`, `containersCapacity`, `header`, `hookTypeId`, `iconId`, `iconOverlayId`, `iconUnderlayId`, `hookItemTypes`, `itemsCapacity`, `location`, `materialType`, `maxStackSize`, `maxStructure`, `radar`, `pscript`, `spellId`, `stackSize`, `structure`, `targetTypeId`, `usability`, `useRadius`, `validLocations`, `value`, `workmanship`, `animationFrameId`, `defaultScript`, `defaultScriptIntensity`, `elasticity`, `friction`, `locationId`, `modelTableId`, `objectScale`, `physicsBitField`, `physicsTableId`, `motionTableId`, `soundTableId`, `physicsState`, `translucency`, `currentMotionState`)
VALUES (38257, 'Shrine of the Temple Horn', 16, 0, 0, 3, 4, 0, 0, 0, 0, 0, 255, 1048630, 0, 100675788, 0, 0, 0, 255, 0, 0, 0, 0, 0, 0, 0, 0, 0, 0, 32, 3, 0, 0, 0, 0, 0, 0, 0, 0, 0, 33558607, 0, 104451, 872415274, 150995279, 536871052, 6358040, 0, 'AAA9AAAAAAA=');

INSERT INTO weenie_class (`weenieClassId`, `baseAceObjectId`)
VALUES (38257, 38257);

INSERT INTO `base_ace_object` (`baseAceObjectId`, `name`, `typeId`, `paletteId`, `ammoType`, `blipColor`, `bitField`, `burden`, `combatUse`, `cooldownDuration`, `cooldownId`, `effects`, `containersCapacity`, `header`, `hookTypeId`, `iconId`, `iconOverlayId`, `iconUnderlayId`, `hookItemTypes`, `itemsCapacity`, `location`, `materialType`, `maxStackSize`, `maxStructure`, `radar`, `pscript`, `spellId`, `stackSize`, `structure`, `targetTypeId`, `usability`, `useRadius`, `validLocations`, `value`, `workmanship`, `animationFrameId`, `defaultScript`, `defaultScriptIntensity`, `elasticity`, `friction`, `locationId`, `modelTableId`, `objectScale`, `physicsBitField`, `physicsTableId`, `motionTableId`, `soundTableId`, `physicsState`, `translucency`, `currentMotionState`)
VALUES (38256, 'Shrine of the Scroll of Prophecy', 16, 0, 0, 3, 4, 0, 0, 0, 0, 0, 255, 1048630, 0, 100675788, 0, 0, 0, 255, 0, 0, 0, 0, 0, 0, 0, 0, 0, 0, 32, 3, 0, 0, 0, 0, 0, 0, 0, 0, 0, 33558607, 0, 104451, 872415274, 150995279, 536871052, 6358040, 0, 'AAA9AAAAAAA=');

INSERT INTO weenie_class (`weenieClassId`, `baseAceObjectId`)
VALUES (38256, 38256);

INSERT INTO `base_ace_object` (`baseAceObjectId`, `name`, `typeId`, `paletteId`, `ammoType`, `blipColor`, `bitField`, `burden`, `combatUse`, `cooldownDuration`, `cooldownId`, `effects`, `containersCapacity`, `header`, `hookTypeId`, `iconId`, `iconOverlayId`, `iconUnderlayId`, `hookItemTypes`, `itemsCapacity`, `location`, `materialType`, `maxStackSize`, `maxStructure`, `radar`, `pscript`, `spellId`, `stackSize`, `structure`, `targetTypeId`, `usability`, `useRadius`, `validLocations`, `value`, `workmanship`, `animationFrameId`, `defaultScript`, `defaultScriptIntensity`, `elasticity`, `friction`, `locationId`, `modelTableId`, `objectScale`, `physicsBitField`, `physicsTableId`, `motionTableId`, `soundTableId`, `physicsState`, `translucency`, `currentMotionState`)
VALUES (30626, 'Crude Statue', 16, 0, 0, 3, 4, 0, 0, 0, 0, 0, 255, 1048630, 0, 100677385, 0, 0, 0, 255, 0, 0, 0, 0, 0, 0, 0, 0, 0, 0, 32, 3, 0, 0, 0, 0, 0, 0, 0, 0, 0, 33559204, 0, 104451, 872415369, 150995105, 536871017, 6292504, 0, 'AAA9AAAAAAA=');

INSERT INTO weenie_class (`weenieClassId`, `baseAceObjectId`)
VALUES (30626, 30626);

INSERT INTO `base_ace_object` (`baseAceObjectId`, `name`, `typeId`, `paletteId`, `ammoType`, `blipColor`, `bitField`, `burden`, `combatUse`, `cooldownDuration`, `cooldownId`, `effects`, `containersCapacity`, `header`, `hookTypeId`, `iconId`, `iconOverlayId`, `iconUnderlayId`, `hookItemTypes`, `itemsCapacity`, `location`, `materialType`, `maxStackSize`, `maxStructure`, `radar`, `pscript`, `spellId`, `stackSize`, `structure`, `targetTypeId`, `usability`, `useRadius`, `validLocations`, `value`, `workmanship`, `animationFrameId`, `defaultScript`, `defaultScriptIntensity`, `elasticity`, `friction`, `locationId`, `modelTableId`, `objectScale`, `physicsBitField`, `physicsTableId`, `motionTableId`, `soundTableId`, `physicsState`, `translucency`, `currentMotionState`)
VALUES (29747, 'Portal Gateway', 16, 0, 0, 3, 4, 0, 0, 0, 0, 0, 255, 1048630, 0, 100675779, 0, 0, 0, 255, 0, 0, 0, 0, 0, 0, 0, 0, 0, 0, 32, 3, 0, 0, 0, 0, 0, 0, 0, 0, 0, 33558603, 0.8, 104579, 872415274, 150995274, 536871085, 6292504, 0, 'AAA9AAAAAAA=');

INSERT INTO weenie_class (`weenieClassId`, `baseAceObjectId`)
VALUES (29747, 29747);

INSERT INTO `base_ace_object` (`baseAceObjectId`, `name`, `typeId`, `paletteId`, `ammoType`, `blipColor`, `bitField`, `burden`, `combatUse`, `cooldownDuration`, `cooldownId`, `effects`, `containersCapacity`, `header`, `hookTypeId`, `iconId`, `iconOverlayId`, `iconUnderlayId`, `hookItemTypes`, `itemsCapacity`, `location`, `materialType`, `maxStackSize`, `maxStructure`, `radar`, `pscript`, `spellId`, `stackSize`, `structure`, `targetTypeId`, `usability`, `useRadius`, `validLocations`, `value`, `workmanship`, `animationFrameId`, `defaultScript`, `defaultScriptIntensity`, `elasticity`, `friction`, `locationId`, `modelTableId`, `objectScale`, `physicsBitField`, `physicsTableId`, `motionTableId`, `soundTableId`, `physicsState`, `translucency`, `currentMotionState`)
VALUES (29746, 'Portal Gateway', 16, 0, 0, 3, 4, 0, 0, 0, 0, 0, 255, 1048630, 0, 100675779, 0, 0, 0, 255, 0, 0, 0, 0, 0, 0, 0, 0, 0, 0, 32, 3, 0, 0, 0, 0, 0, 0, 0, 0, 0, 33558603, 0.8, 104579, 872415274, 150995274, 536871085, 6292504, 0, 'AAA9AAAAAAA=');

INSERT INTO weenie_class (`weenieClassId`, `baseAceObjectId`)
VALUES (29746, 29746);

INSERT INTO `base_ace_object` (`baseAceObjectId`, `name`, `typeId`, `paletteId`, `ammoType`, `blipColor`, `bitField`, `burden`, `combatUse`, `cooldownDuration`, `cooldownId`, `effects`, `containersCapacity`, `header`, `hookTypeId`, `iconId`, `iconOverlayId`, `iconUnderlayId`, `hookItemTypes`, `itemsCapacity`, `location`, `materialType`, `maxStackSize`, `maxStructure`, `radar`, `pscript`, `spellId`, `stackSize`, `structure`, `targetTypeId`, `usability`, `useRadius`, `validLocations`, `value`, `workmanship`, `animationFrameId`, `defaultScript`, `defaultScriptIntensity`, `elasticity`, `friction`, `locationId`, `modelTableId`, `objectScale`, `physicsBitField`, `physicsTableId`, `motionTableId`, `soundTableId`, `physicsState`, `translucency`, `currentMotionState`)
VALUES (29589, 'Stomach Wall', 16, 0, 0, 0, 20, 0, 0, 0, 0, 0, 255, 8388630, 0, 100677188, 0, 0, 0, 255, 0, 0, 0, 0, 4, 0, 0, 0, 0, 0, 1, 0, 0, 0, 0, 0, 0, 0, 0, 0, 0, 33559079, 0, 104451, 872415339, 150995318, 536871001, 66568, 0, 'AAA9AAAAAAA=');

INSERT INTO weenie_class (`weenieClassId`, `baseAceObjectId`)
VALUES (29589, 29589);

INSERT INTO `base_ace_object` (`baseAceObjectId`, `name`, `typeId`, `paletteId`, `ammoType`, `blipColor`, `bitField`, `burden`, `combatUse`, `cooldownDuration`, `cooldownId`, `effects`, `containersCapacity`, `header`, `hookTypeId`, `iconId`, `iconOverlayId`, `iconUnderlayId`, `hookItemTypes`, `itemsCapacity`, `location`, `materialType`, `maxStackSize`, `maxStructure`, `radar`, `pscript`, `spellId`, `stackSize`, `structure`, `targetTypeId`, `usability`, `useRadius`, `validLocations`, `value`, `workmanship`, `animationFrameId`, `defaultScript`, `defaultScriptIntensity`, `elasticity`, `friction`, `locationId`, `modelTableId`, `objectScale`, `physicsBitField`, `physicsTableId`, `motionTableId`, `soundTableId`, `physicsState`, `translucency`, `currentMotionState`)
VALUES (27174, 'Odd Looking Vine', 16, 0, 0, 3, 4, 0, 0, 0, 0, 0, 255, 1048630, 0, 100675781, 0, 0, 0, 255, 0, 0, 0, 0, 0, 0, 0, 0, 0, 0, 32, 3, 0, 0, 0, 0, 0, 0, 0, 0, 0, 33558617, 0.5, 104579, 872415332, 150995067, 536871015, 6292504, 0, 'AAA9AAAAAAA=');

INSERT INTO weenie_class (`weenieClassId`, `baseAceObjectId`)
VALUES (27174, 27174);

INSERT INTO `base_ace_object` (`baseAceObjectId`, `name`, `typeId`, `paletteId`, `ammoType`, `blipColor`, `bitField`, `burden`, `combatUse`, `cooldownDuration`, `cooldownId`, `effects`, `containersCapacity`, `header`, `hookTypeId`, `iconId`, `iconOverlayId`, `iconUnderlayId`, `hookItemTypes`, `itemsCapacity`, `location`, `materialType`, `maxStackSize`, `maxStructure`, `radar`, `pscript`, `spellId`, `stackSize`, `structure`, `targetTypeId`, `usability`, `useRadius`, `validLocations`, `value`, `workmanship`, `animationFrameId`, `defaultScript`, `defaultScriptIntensity`, `elasticity`, `friction`, `locationId`, `modelTableId`, `objectScale`, `physicsBitField`, `physicsTableId`, `motionTableId`, `soundTableId`, `physicsState`, `translucency`, `currentMotionState`)
VALUES (43838, 'Enchanted Mnemosyne', 16, 0, 0, 0, 4, 0, 0, 0, 0, 0, 255, 54, 0, 100671423, 0, 0, 0, 255, 0, 0, 0, 0, 0, 0, 0, 0, 0, 0, 32, 3, 0, 0, 0, 0, 0, 0, 0, 0, 0, 33561170, 0, 104451, 872415275, 150995464, 536870932, 6292508, 0, 'AAA9AAAAAAA=');

INSERT INTO weenie_class (`weenieClassId`, `baseAceObjectId`)
VALUES (43838, 43838);

INSERT INTO `base_ace_object` (`baseAceObjectId`, `name`, `typeId`, `paletteId`, `ammoType`, `blipColor`, `bitField`, `burden`, `combatUse`, `cooldownDuration`, `cooldownId`, `effects`, `containersCapacity`, `header`, `hookTypeId`, `iconId`, `iconOverlayId`, `iconUnderlayId`, `hookItemTypes`, `itemsCapacity`, `location`, `materialType`, `maxStackSize`, `maxStructure`, `radar`, `pscript`, `spellId`, `stackSize`, `structure`, `targetTypeId`, `usability`, `useRadius`, `validLocations`, `value`, `workmanship`, `animationFrameId`, `defaultScript`, `defaultScriptIntensity`, `elasticity`, `friction`, `locationId`, `modelTableId`, `objectScale`, `physicsBitField`, `physicsTableId`, `motionTableId`, `soundTableId`, `physicsState`, `translucency`, `currentMotionState`)
VALUES (42250, 'Documents', 16, 0, 0, 3, 4, 0, 0, 0, 0, 0, 255, 1048630, 0, 100667470, 0, 0, 0, 255, 0, 0, 0, 0, 0, 0, 0, 0, 0, 0, 32, 3, 0, 0, 0, 0, 0, 0, 0, 0, 0, 33559146, 0, 104455, 872415274, 150995147, 536870932, 6358040, 0, 'AAA9AAAAAAA=');

INSERT INTO weenie_class (`weenieClassId`, `baseAceObjectId`)
VALUES (42250, 42250);

INSERT INTO `base_ace_object` (`baseAceObjectId`, `name`, `typeId`, `paletteId`, `ammoType`, `blipColor`, `bitField`, `burden`, `combatUse`, `cooldownDuration`, `cooldownId`, `effects`, `containersCapacity`, `header`, `hookTypeId`, `iconId`, `iconOverlayId`, `iconUnderlayId`, `hookItemTypes`, `itemsCapacity`, `location`, `materialType`, `maxStackSize`, `maxStructure`, `radar`, `pscript`, `spellId`, `stackSize`, `structure`, `targetTypeId`, `usability`, `useRadius`, `validLocations`, `value`, `workmanship`, `animationFrameId`, `defaultScript`, `defaultScriptIntensity`, `elasticity`, `friction`, `locationId`, `modelTableId`, `objectScale`, `physicsBitField`, `physicsTableId`, `motionTableId`, `soundTableId`, `physicsState`, `translucency`, `currentMotionState`)
VALUES (42224, 'Smelting Vat', 16, 0, 0, 3, 4, 0, 0, 0, 0, 0, 255, 1048630, 0, 100677344, 0, 0, 0, 255, 0, 0, 0, 0, 0, 0, 0, 0, 0, 0, 32, 3, 0, 0, 0, 0, 0, 0, 0, 0, 0, 33559114, 0, 104451, 872415274, 150995147, 536870932, 6292504, 0, 'AAA9AAAAAAA=');

INSERT INTO weenie_class (`weenieClassId`, `baseAceObjectId`)
VALUES (42224, 42224);

INSERT INTO `base_ace_object` (`baseAceObjectId`, `name`, `typeId`, `paletteId`, `ammoType`, `blipColor`, `bitField`, `burden`, `combatUse`, `cooldownDuration`, `cooldownId`, `effects`, `containersCapacity`, `header`, `hookTypeId`, `iconId`, `iconOverlayId`, `iconUnderlayId`, `hookItemTypes`, `itemsCapacity`, `location`, `materialType`, `maxStackSize`, `maxStructure`, `radar`, `pscript`, `spellId`, `stackSize`, `structure`, `targetTypeId`, `usability`, `useRadius`, `validLocations`, `value`, `workmanship`, `animationFrameId`, `defaultScript`, `defaultScriptIntensity`, `elasticity`, `friction`, `locationId`, `modelTableId`, `objectScale`, `physicsBitField`, `physicsTableId`, `motionTableId`, `soundTableId`, `physicsState`, `translucency`, `currentMotionState`)
VALUES (43841, 'Enchanted Mnemosyne', 16, 0, 0, 0, 4, 0, 0, 0, 0, 0, 255, 54, 0, 100671423, 0, 0, 0, 255, 0, 0, 0, 0, 0, 0, 0, 0, 0, 0, 32, 3, 0, 0, 0, 0, 0, 0, 0, 0, 0, 33561170, 0, 104451, 872415275, 150995464, 536870932, 6292508, 0, 'AAA9AAAAAAA=');

INSERT INTO weenie_class (`weenieClassId`, `baseAceObjectId`)
VALUES (43841, 43841);

INSERT INTO `base_ace_object` (`baseAceObjectId`, `name`, `typeId`, `paletteId`, `ammoType`, `blipColor`, `bitField`, `burden`, `combatUse`, `cooldownDuration`, `cooldownId`, `effects`, `containersCapacity`, `header`, `hookTypeId`, `iconId`, `iconOverlayId`, `iconUnderlayId`, `hookItemTypes`, `itemsCapacity`, `location`, `materialType`, `maxStackSize`, `maxStructure`, `radar`, `pscript`, `spellId`, `stackSize`, `structure`, `targetTypeId`, `usability`, `useRadius`, `validLocations`, `value`, `workmanship`, `animationFrameId`, `defaultScript`, `defaultScriptIntensity`, `elasticity`, `friction`, `locationId`, `modelTableId`, `objectScale`, `physicsBitField`, `physicsTableId`, `motionTableId`, `soundTableId`, `physicsState`, `translucency`, `currentMotionState`)
VALUES (26587, 'Odd Looking Vine', 16, 0, 0, 3, 4, 0, 0, 0, 0, 0, 255, 1048630, 0, 100675781, 0, 0, 0, 255, 0, 0, 0, 0, 0, 0, 0, 0, 0, 0, 32, 3, 0, 0, 0, 0, 0, 0, 0, 0, 0, 33558617, 0.5, 104579, 872415332, 150995067, 536871015, 6292504, 0, 'AAA9AAAAAAA=');

INSERT INTO weenie_class (`weenieClassId`, `baseAceObjectId`)
VALUES (26587, 26587);

INSERT INTO `base_ace_object` (`baseAceObjectId`, `name`, `typeId`, `paletteId`, `ammoType`, `blipColor`, `bitField`, `burden`, `combatUse`, `cooldownDuration`, `cooldownId`, `effects`, `containersCapacity`, `header`, `hookTypeId`, `iconId`, `iconOverlayId`, `iconUnderlayId`, `hookItemTypes`, `itemsCapacity`, `location`, `materialType`, `maxStackSize`, `maxStructure`, `radar`, `pscript`, `spellId`, `stackSize`, `structure`, `targetTypeId`, `usability`, `useRadius`, `validLocations`, `value`, `workmanship`, `animationFrameId`, `defaultScript`, `defaultScriptIntensity`, `elasticity`, `friction`, `locationId`, `modelTableId`, `objectScale`, `physicsBitField`, `physicsTableId`, `motionTableId`, `soundTableId`, `physicsState`, `translucency`, `currentMotionState`)
VALUES (32522, 'Portal Pillar', 16, 0, 0, 0, 20, 0, 0, 0, 0, 0, 255, 8388630, 0, 100673507, 0, 0, 0, 255, 0, 0, 0, 0, 4, 0, 0, 0, 0, 0, 1, 0, 0, 0, 0, 0, 0, 0, 0, 0, 0, 33559803, 0, 104455, 872415369, 150995355, 536871052, 1036, 0, 'AAA9AAAAAAA=');

INSERT INTO weenie_class (`weenieClassId`, `baseAceObjectId`)
VALUES (32522, 32522);

INSERT INTO `base_ace_object` (`baseAceObjectId`, `name`, `typeId`, `paletteId`, `ammoType`, `blipColor`, `bitField`, `burden`, `combatUse`, `cooldownDuration`, `cooldownId`, `effects`, `containersCapacity`, `header`, `hookTypeId`, `iconId`, `iconOverlayId`, `iconUnderlayId`, `hookItemTypes`, `itemsCapacity`, `location`, `materialType`, `maxStackSize`, `maxStructure`, `radar`, `pscript`, `spellId`, `stackSize`, `structure`, `targetTypeId`, `usability`, `useRadius`, `validLocations`, `value`, `workmanship`, `animationFrameId`, `defaultScript`, `defaultScriptIntensity`, `elasticity`, `friction`, `locationId`, `modelTableId`, `objectScale`, `physicsBitField`, `physicsTableId`, `motionTableId`, `soundTableId`, `physicsState`, `translucency`, `currentMotionState`)
VALUES (38826, 'Eyestalk of T''thuun', 16, 0, 0, 0, 20, 0, 0, 0, 0, 0, 255, 8388630, 0, 100671186, 0, 0, 0, 255, 0, 0, 0, 0, 2, 0, 0, 0, 0, 0, 1, 0, 0, 0, 0, 0, 0, 0, 0, 0, 0, 33560661, 2, 104643, 872415332, 150995067, 536871015, 1032, 0, 'AAA9AAAAAAA=');

INSERT INTO weenie_class (`weenieClassId`, `baseAceObjectId`)
VALUES (38826, 38826);

INSERT INTO `base_ace_object` (`baseAceObjectId`, `name`, `typeId`, `paletteId`, `ammoType`, `blipColor`, `bitField`, `burden`, `combatUse`, `cooldownDuration`, `cooldownId`, `effects`, `containersCapacity`, `header`, `hookTypeId`, `iconId`, `iconOverlayId`, `iconUnderlayId`, `hookItemTypes`, `itemsCapacity`, `location`, `materialType`, `maxStackSize`, `maxStructure`, `radar`, `pscript`, `spellId`, `stackSize`, `structure`, `targetTypeId`, `usability`, `useRadius`, `validLocations`, `value`, `workmanship`, `animationFrameId`, `defaultScript`, `defaultScriptIntensity`, `elasticity`, `friction`, `locationId`, `modelTableId`, `objectScale`, `physicsBitField`, `physicsTableId`, `motionTableId`, `soundTableId`, `physicsState`, `translucency`, `currentMotionState`)
VALUES (43843, 'Enchanted Mnemosyne', 16, 0, 0, 0, 4, 0, 0, 0, 0, 0, 255, 54, 0, 100671423, 0, 0, 0, 255, 0, 0, 0, 0, 0, 0, 0, 0, 0, 0, 32, 3, 0, 0, 0, 0, 0, 0, 0, 0, 0, 33561170, 0, 104451, 872415275, 150995464, 536870932, 6292508, 0, 'AAA9AAAAAAA=');

INSERT INTO weenie_class (`weenieClassId`, `baseAceObjectId`)
VALUES (43843, 43843);

INSERT INTO `base_ace_object` (`baseAceObjectId`, `name`, `typeId`, `paletteId`, `ammoType`, `blipColor`, `bitField`, `burden`, `combatUse`, `cooldownDuration`, `cooldownId`, `effects`, `containersCapacity`, `header`, `hookTypeId`, `iconId`, `iconOverlayId`, `iconUnderlayId`, `hookItemTypes`, `itemsCapacity`, `location`, `materialType`, `maxStackSize`, `maxStructure`, `radar`, `pscript`, `spellId`, `stackSize`, `structure`, `targetTypeId`, `usability`, `useRadius`, `validLocations`, `value`, `workmanship`, `animationFrameId`, `defaultScript`, `defaultScriptIntensity`, `elasticity`, `friction`, `locationId`, `modelTableId`, `objectScale`, `physicsBitField`, `physicsTableId`, `motionTableId`, `soundTableId`, `physicsState`, `translucency`, `currentMotionState`)
VALUES (40810, 'Apostate Nexus Gateway', 16, 0, 0, 3, 4, 0, 0, 0, 0, 0, 255, 1048630, 0, 100690430, 0, 0, 0, 255, 0, 0, 0, 0, 0, 0, 0, 0, 0, 0, 32, 3, 0, 0, 0, 0, 0, 0, 0, 0, 0, 33555523, 0, 100355, 0, 150995261, 536870933, 6292504, 0, 'AAA9AAAAAAA=');

INSERT INTO weenie_class (`weenieClassId`, `baseAceObjectId`)
VALUES (40810, 40810);

INSERT INTO `base_ace_object` (`baseAceObjectId`, `name`, `typeId`, `paletteId`, `ammoType`, `blipColor`, `bitField`, `burden`, `combatUse`, `cooldownDuration`, `cooldownId`, `effects`, `containersCapacity`, `header`, `hookTypeId`, `iconId`, `iconOverlayId`, `iconUnderlayId`, `hookItemTypes`, `itemsCapacity`, `location`, `materialType`, `maxStackSize`, `maxStructure`, `radar`, `pscript`, `spellId`, `stackSize`, `structure`, `targetTypeId`, `usability`, `useRadius`, `validLocations`, `value`, `workmanship`, `animationFrameId`, `defaultScript`, `defaultScriptIntensity`, `elasticity`, `friction`, `locationId`, `modelTableId`, `objectScale`, `physicsBitField`, `physicsTableId`, `motionTableId`, `soundTableId`, `physicsState`, `translucency`, `currentMotionState`)
VALUES (37050, 'Harmonic Transference Field', 16, 0, 0, 4, 4, 0, 0, 0, 0, 0, 255, 9437238, 0, 100667499, 0, 0, 0, 255, 0, 0, 0, 0, 4, 0, 0, 0, 0, 0, 32, 2, 0, 0, 0, 0, 0, 0, 0, 0, 0, 33560509, 0, 100355, 0, 150995429, 536871050, 2100248, 0, 'AAA9AAAAAAA=');

INSERT INTO weenie_class (`weenieClassId`, `baseAceObjectId`)
VALUES (37050, 37050);

INSERT INTO `base_ace_object` (`baseAceObjectId`, `name`, `typeId`, `paletteId`, `ammoType`, `blipColor`, `bitField`, `burden`, `combatUse`, `cooldownDuration`, `cooldownId`, `effects`, `containersCapacity`, `header`, `hookTypeId`, `iconId`, `iconOverlayId`, `iconUnderlayId`, `hookItemTypes`, `itemsCapacity`, `location`, `materialType`, `maxStackSize`, `maxStructure`, `radar`, `pscript`, `spellId`, `stackSize`, `structure`, `targetTypeId`, `usability`, `useRadius`, `validLocations`, `value`, `workmanship`, `animationFrameId`, `defaultScript`, `defaultScriptIntensity`, `elasticity`, `friction`, `locationId`, `modelTableId`, `objectScale`, `physicsBitField`, `physicsTableId`, `motionTableId`, `soundTableId`, `physicsState`, `translucency`, `currentMotionState`)
VALUES (37041, 'West Gate Stone', 16, 0, 0, 5, 4, 0, 0, 0, 0, 0, 255, 1048630, 0, 100670496, 0, 0, 0, 255, 0, 0, 0, 0, 0, 0, 0, 0, 0, 0, 32, 2, 0, 0, 0, 0, 0, 0, 0, 0, 0, 33560503, 0, 104451, 872415274, 150995428, 536871008, 6292504, 0, 'AAA9AAAAAAA=');

INSERT INTO weenie_class (`weenieClassId`, `baseAceObjectId`)
VALUES (37041, 37041);

INSERT INTO `base_ace_object` (`baseAceObjectId`, `name`, `typeId`, `paletteId`, `ammoType`, `blipColor`, `bitField`, `burden`, `combatUse`, `cooldownDuration`, `cooldownId`, `effects`, `containersCapacity`, `header`, `hookTypeId`, `iconId`, `iconOverlayId`, `iconUnderlayId`, `hookItemTypes`, `itemsCapacity`, `location`, `materialType`, `maxStackSize`, `maxStructure`, `radar`, `pscript`, `spellId`, `stackSize`, `structure`, `targetTypeId`, `usability`, `useRadius`, `validLocations`, `value`, `workmanship`, `animationFrameId`, `defaultScript`, `defaultScriptIntensity`, `elasticity`, `friction`, `locationId`, `modelTableId`, `objectScale`, `physicsBitField`, `physicsTableId`, `motionTableId`, `soundTableId`, `physicsState`, `translucency`, `currentMotionState`)
VALUES (21547, 'Door', 16, 0, 0, 0, 20, 0, 0, 0, 0, 0, 255, 8388630, 0, 100673480, 0, 0, 0, 255, 0, 0, 0, 0, 4, 0, 0, 0, 0, 0, 1, 0, 0, 0, 0, 0, 0, 0, 0, 0, 0, 33557970, 0, 104451, 872415339, 150995221, 536871001, 66568, 0, 'AAA9AAAAAAA=');

INSERT INTO weenie_class (`weenieClassId`, `baseAceObjectId`)
VALUES (21547, 21547);

INSERT INTO `base_ace_object` (`baseAceObjectId`, `name`, `typeId`, `paletteId`, `ammoType`, `blipColor`, `bitField`, `burden`, `combatUse`, `cooldownDuration`, `cooldownId`, `effects`, `containersCapacity`, `header`, `hookTypeId`, `iconId`, `iconOverlayId`, `iconUnderlayId`, `hookItemTypes`, `itemsCapacity`, `location`, `materialType`, `maxStackSize`, `maxStructure`, `radar`, `pscript`, `spellId`, `stackSize`, `structure`, `targetTypeId`, `usability`, `useRadius`, `validLocations`, `value`, `workmanship`, `animationFrameId`, `defaultScript`, `defaultScriptIntensity`, `elasticity`, `friction`, `locationId`, `modelTableId`, `objectScale`, `physicsBitField`, `physicsTableId`, `motionTableId`, `soundTableId`, `physicsState`, `translucency`, `currentMotionState`)
VALUES (21720, 'Gaerlan''s Phylacteric Prison', 16, 0, 0, 3, 4, 0, 0, 0, 0, 0, 255, 1048630, 0, 100673073, 0, 0, 0, 255, 0, 0, 0, 0, 0, 0, 0, 0, 0, 0, 32, 3, 0, 0, 0, 0, 0, 0, 0, 0, 0, 33557978, 0, 104451, 872415348, 150995223, 536871001, 6292504, 0, 'AAA9AAAAAAA=');

INSERT INTO weenie_class (`weenieClassId`, `baseAceObjectId`)
VALUES (21720, 21720);

INSERT INTO `base_ace_object` (`baseAceObjectId`, `name`, `typeId`, `paletteId`, `ammoType`, `blipColor`, `bitField`, `burden`, `combatUse`, `cooldownDuration`, `cooldownId`, `effects`, `containersCapacity`, `header`, `hookTypeId`, `iconId`, `iconOverlayId`, `iconUnderlayId`, `hookItemTypes`, `itemsCapacity`, `location`, `materialType`, `maxStackSize`, `maxStructure`, `radar`, `pscript`, `spellId`, `stackSize`, `structure`, `targetTypeId`, `usability`, `useRadius`, `validLocations`, `value`, `workmanship`, `animationFrameId`, `defaultScript`, `defaultScriptIntensity`, `elasticity`, `friction`, `locationId`, `modelTableId`, `objectScale`, `physicsBitField`, `physicsTableId`, `motionTableId`, `soundTableId`, `physicsState`, `translucency`, `currentMotionState`)
VALUES (53245, 'Viridian Portal', 16, 0, 0, 4, 4, 0, 0, 0, 0, 0, 255, 9437238, 0, 100667499, 0, 0, 0, 255, 0, 0, 0, 0, 4, 0, 0, 0, 0, 0, 32, 3, 0, 0, 0, 0, 0, 0, 0, 0, 0, 33560221, 0, 104451, 872415274, 150995314, 536871052, 6294556, 0, 'AAA9AAAAAAA=');

INSERT INTO weenie_class (`weenieClassId`, `baseAceObjectId`)
VALUES (53245, 53245);

INSERT INTO `base_ace_object` (`baseAceObjectId`, `name`, `typeId`, `paletteId`, `ammoType`, `blipColor`, `bitField`, `burden`, `combatUse`, `cooldownDuration`, `cooldownId`, `effects`, `containersCapacity`, `header`, `hookTypeId`, `iconId`, `iconOverlayId`, `iconUnderlayId`, `hookItemTypes`, `itemsCapacity`, `location`, `materialType`, `maxStackSize`, `maxStructure`, `radar`, `pscript`, `spellId`, `stackSize`, `structure`, `targetTypeId`, `usability`, `useRadius`, `validLocations`, `value`, `workmanship`, `animationFrameId`, `defaultScript`, `defaultScriptIntensity`, `elasticity`, `friction`, `locationId`, `modelTableId`, `objectScale`, `physicsBitField`, `physicsTableId`, `motionTableId`, `soundTableId`, `physicsState`, `translucency`, `currentMotionState`)
VALUES (53225, 'Viridian Portal', 16, 0, 0, 4, 4, 0, 0, 0, 0, 0, 255, 9437238, 0, 100667499, 0, 0, 0, 255, 0, 0, 0, 0, 4, 0, 0, 0, 0, 0, 32, 3, 0, 0, 0, 0, 0, 0, 0, 0, 0, 33560221, 0, 104451, 872415274, 150995314, 536871052, 6294556, 0, 'AAA9AAAAAAA=');

INSERT INTO weenie_class (`weenieClassId`, `baseAceObjectId`)
VALUES (53225, 53225);

INSERT INTO `base_ace_object` (`baseAceObjectId`, `name`, `typeId`, `paletteId`, `ammoType`, `blipColor`, `bitField`, `burden`, `combatUse`, `cooldownDuration`, `cooldownId`, `effects`, `containersCapacity`, `header`, `hookTypeId`, `iconId`, `iconOverlayId`, `iconUnderlayId`, `hookItemTypes`, `itemsCapacity`, `location`, `materialType`, `maxStackSize`, `maxStructure`, `radar`, `pscript`, `spellId`, `stackSize`, `structure`, `targetTypeId`, `usability`, `useRadius`, `validLocations`, `value`, `workmanship`, `animationFrameId`, `defaultScript`, `defaultScriptIntensity`, `elasticity`, `friction`, `locationId`, `modelTableId`, `objectScale`, `physicsBitField`, `physicsTableId`, `motionTableId`, `soundTableId`, `physicsState`, `translucency`, `currentMotionState`)
VALUES (53233, 'Viridian Portal', 16, 0, 0, 4, 4, 0, 0, 0, 0, 0, 255, 9437238, 0, 100667499, 0, 0, 0, 255, 0, 0, 0, 0, 4, 0, 0, 0, 0, 0, 32, 3, 0, 0, 0, 0, 0, 0, 0, 0, 0, 33560221, 0, 104451, 872415274, 150995314, 536871052, 6294556, 0, 'AAA9AAAAAAA=');

INSERT INTO weenie_class (`weenieClassId`, `baseAceObjectId`)
VALUES (53233, 53233);

INSERT INTO `base_ace_object` (`baseAceObjectId`, `name`, `typeId`, `paletteId`, `ammoType`, `blipColor`, `bitField`, `burden`, `combatUse`, `cooldownDuration`, `cooldownId`, `effects`, `containersCapacity`, `header`, `hookTypeId`, `iconId`, `iconOverlayId`, `iconUnderlayId`, `hookItemTypes`, `itemsCapacity`, `location`, `materialType`, `maxStackSize`, `maxStructure`, `radar`, `pscript`, `spellId`, `stackSize`, `structure`, `targetTypeId`, `usability`, `useRadius`, `validLocations`, `value`, `workmanship`, `animationFrameId`, `defaultScript`, `defaultScriptIntensity`, `elasticity`, `friction`, `locationId`, `modelTableId`, `objectScale`, `physicsBitField`, `physicsTableId`, `motionTableId`, `soundTableId`, `physicsState`, `translucency`, `currentMotionState`)
VALUES (53246, 'Portal Out to Viridian Chasm', 16, 0, 0, 4, 4, 0, 0, 0, 0, 0, 255, 9437238, 0, 100667499, 0, 0, 0, 255, 0, 0, 0, 0, 4, 0, 0, 0, 0, 0, 32, 3, 0, 0, 0, 0, 0, 0, 0, 0, 0, 33560221, 0, 104451, 872415274, 150995314, 536871052, 6294556, 0, 'AAA9AAAAAAA=');

INSERT INTO weenie_class (`weenieClassId`, `baseAceObjectId`)
VALUES (53246, 53246);

INSERT INTO `base_ace_object` (`baseAceObjectId`, `name`, `typeId`, `paletteId`, `ammoType`, `blipColor`, `bitField`, `burden`, `combatUse`, `cooldownDuration`, `cooldownId`, `effects`, `containersCapacity`, `header`, `hookTypeId`, `iconId`, `iconOverlayId`, `iconUnderlayId`, `hookItemTypes`, `itemsCapacity`, `location`, `materialType`, `maxStackSize`, `maxStructure`, `radar`, `pscript`, `spellId`, `stackSize`, `structure`, `targetTypeId`, `usability`, `useRadius`, `validLocations`, `value`, `workmanship`, `animationFrameId`, `defaultScript`, `defaultScriptIntensity`, `elasticity`, `friction`, `locationId`, `modelTableId`, `objectScale`, `physicsBitField`, `physicsTableId`, `motionTableId`, `soundTableId`, `physicsState`, `translucency`, `currentMotionState`)
VALUES (34593, 'Portal to Bur', 16, 0, 0, 4, 4, 0, 0, 0, 0, 0, 255, 1048630, 0, 100667499, 0, 0, 0, 255, 0, 0, 0, 0, 0, 0, 0, 0, 0, 0, 32, 3, 0, 0, 0, 0, 0, 0, 0, 0, 0, 33560190, 0, 104451, 872415274, 150995389, 536871052, 6292508, 0, 'AAA9AAAAAAA=');

INSERT INTO weenie_class (`weenieClassId`, `baseAceObjectId`)
VALUES (34593, 34593);

INSERT INTO `base_ace_object` (`baseAceObjectId`, `name`, `typeId`, `paletteId`, `ammoType`, `blipColor`, `bitField`, `burden`, `combatUse`, `cooldownDuration`, `cooldownId`, `effects`, `containersCapacity`, `header`, `hookTypeId`, `iconId`, `iconOverlayId`, `iconUnderlayId`, `hookItemTypes`, `itemsCapacity`, `location`, `materialType`, `maxStackSize`, `maxStructure`, `radar`, `pscript`, `spellId`, `stackSize`, `structure`, `targetTypeId`, `usability`, `useRadius`, `validLocations`, `value`, `workmanship`, `animationFrameId`, `defaultScript`, `defaultScriptIntensity`, `elasticity`, `friction`, `locationId`, `modelTableId`, `objectScale`, `physicsBitField`, `physicsTableId`, `motionTableId`, `soundTableId`, `physicsState`, `translucency`, `currentMotionState`)
VALUES (53060, 'Viridian Portal', 16, 0, 0, 4, 4, 0, 0, 0, 0, 0, 255, 9437238, 0, 100667499, 0, 0, 0, 255, 0, 0, 0, 0, 4, 0, 0, 0, 0, 0, 32, 3, 0, 0, 0, 0, 0, 0, 0, 0, 0, 33560221, 0, 104451, 872415274, 150995314, 536871052, 6294556, 0, 'AAA9AAAAAAA=');

INSERT INTO weenie_class (`weenieClassId`, `baseAceObjectId`)
VALUES (53060, 53060);

INSERT INTO `base_ace_object` (`baseAceObjectId`, `name`, `typeId`, `paletteId`, `ammoType`, `blipColor`, `bitField`, `burden`, `combatUse`, `cooldownDuration`, `cooldownId`, `effects`, `containersCapacity`, `header`, `hookTypeId`, `iconId`, `iconOverlayId`, `iconUnderlayId`, `hookItemTypes`, `itemsCapacity`, `location`, `materialType`, `maxStackSize`, `maxStructure`, `radar`, `pscript`, `spellId`, `stackSize`, `structure`, `targetTypeId`, `usability`, `useRadius`, `validLocations`, `value`, `workmanship`, `animationFrameId`, `defaultScript`, `defaultScriptIntensity`, `elasticity`, `friction`, `locationId`, `modelTableId`, `objectScale`, `physicsBitField`, `physicsTableId`, `motionTableId`, `soundTableId`, `physicsState`, `translucency`, `currentMotionState`)
VALUES (45805, 'A''nekshay Temple Servant', 16, 67108990, 0, 0, 20, 0, 0, 0, 0, 0, 255, 8388630, 0, 100670274, 0, 0, 0, 255, 0, 0, 0, 0, 2, 0, 0, 0, 0, 0, 1, 0, 0, 0, 0, 0, 0, 0, 0, 0, 0, 33561251, 1.1, 104579, 872415269, 150994945, 536870933, 1032, 0, 'AAA8AAEAAAA8AAAA');

INSERT INTO weenie_class (`weenieClassId`, `baseAceObjectId`)
VALUES (45805, 45805);

INSERT INTO `weenie_palette_changes` (`weenieClassId`, `subPaletteId`, `offset`, `length`)
VALUES (45805, 67116886, 64, 8)
     , (45805, 67116886, 72, 8)
     , (45805, 67116886, 40, 24)
     , (45805, 67116886, 92, 4)
     , (45805, 67116861, 0, 24)
     , (45805, 67116861, 24, 8)
     , (45805, 67116861, 32, 8);

INSERT INTO `weenie_texture_map_changes` (`weenieClassId`, `index`, `oldId`, `newId`)
VALUES (45805, 0, 83898537, 83898537)
     , (45805, 1, 83898541, 83898541)
     , (45805, 2, 83898542, 83898542)
     , (45805, 3, 83898537, 83898537)
     , (45805, 4, 83898545, 83898545)
     , (45805, 5, 83898541, 83898541)
     , (45805, 6, 83898542, 83898542)
     , (45805, 7, 83898537, 83898537)
     , (45805, 8, 83898545, 83898545)
     , (45805, 9, 83898518, 83898518)
     , (45805, 9, 83898543, 83898543)
     , (45805, 10, 83898544, 83898544)
     , (45805, 11, 83898540, 83898540)
     , (45805, 12, 83898529, 83898529)
     , (45805, 13, 83898544, 83898544)
     , (45805, 14, 83898540, 83898540)
     , (45805, 15, 83898529, 83898529)
     , (45805, 16, 83898538, 83898538)
     , (45805, 16, 83898525, 83898525)
     , (45805, 16, 83898526, 83898526)
     , (45805, 16, 83898524, 83898524)
     , (45805, 16, 83898527, 83898527);

INSERT INTO `weenie_animation_changes` (`weenieClassId`, `index`, `animationId`)
VALUES (45805, 0, 16795526)
     , (45805, 1, 16795527)
     , (45805, 2, 16795528)
     , (45805, 3, 16795529)
     , (45805, 4, 16795530)
     , (45805, 5, 16795531)
     , (45805, 6, 16795532)
     , (45805, 7, 16795533)
     , (45805, 8, 16795534)
     , (45805, 9, 16795535)
     , (45805, 10, 16795536)
     , (45805, 11, 16795537)
     , (45805, 12, 16795538)
     , (45805, 13, 16795539)
     , (45805, 14, 16795540)
     , (45805, 15, 16795541)
     , (45805, 16, 16795542);

INSERT INTO `base_ace_object` (`baseAceObjectId`, `name`, `typeId`, `paletteId`, `ammoType`, `blipColor`, `bitField`, `burden`, `combatUse`, `cooldownDuration`, `cooldownId`, `effects`, `containersCapacity`, `header`, `hookTypeId`, `iconId`, `iconOverlayId`, `iconUnderlayId`, `hookItemTypes`, `itemsCapacity`, `location`, `materialType`, `maxStackSize`, `maxStructure`, `radar`, `pscript`, `spellId`, `stackSize`, `structure`, `targetTypeId`, `usability`, `useRadius`, `validLocations`, `value`, `workmanship`, `animationFrameId`, `defaultScript`, `defaultScriptIntensity`, `elasticity`, `friction`, `locationId`, `modelTableId`, `objectScale`, `physicsBitField`, `physicsTableId`, `motionTableId`, `soundTableId`, `physicsState`, `translucency`, `currentMotionState`)
VALUES (45804, 'A''nekshay Temple Servant', 16, 67108990, 0, 0, 20, 0, 0, 0, 0, 0, 255, 8388630, 0, 100670274, 0, 0, 0, 255, 0, 0, 0, 0, 2, 0, 0, 0, 0, 0, 1, 0, 0, 0, 0, 0, 0, 0, 0, 0, 0, 33561252, 1.1, 104579, 872415269, 150994945, 536870933, 1032, 0, 'AAA9AAAAAAA=');

INSERT INTO weenie_class (`weenieClassId`, `baseAceObjectId`)
VALUES (45804, 45804);

INSERT INTO `weenie_palette_changes` (`weenieClassId`, `subPaletteId`, `offset`, `length`)
VALUES (45804, 67116921, 64, 8)
     , (45804, 67116921, 72, 8)
     , (45804, 67116921, 40, 24)
     , (45804, 67116921, 92, 4)
     , (45804, 67116896, 0, 24)
     , (45804, 67116896, 24, 8)
     , (45804, 67116896, 32, 8);

INSERT INTO `weenie_texture_map_changes` (`weenieClassId`, `index`, `oldId`, `newId`)
VALUES (45804, 0, 83898537, 83898537)
     , (45804, 1, 83898541, 83898541)
     , (45804, 2, 83898542, 83898542)
     , (45804, 3, 83898537, 83898537)
     , (45804, 4, 83898545, 83898545)
     , (45804, 5, 83898541, 83898541)
     , (45804, 6, 83898542, 83898542)
     , (45804, 7, 83898537, 83898537)
     , (45804, 8, 83898545, 83898545)
     , (45804, 9, 83898518, 83898518)
     , (45804, 10, 83898544, 83898544)
     , (45804, 11, 83898540, 83898540)
     , (45804, 12, 83898529, 83898529)
     , (45804, 13, 83898544, 83898544)
     , (45804, 14, 83898540, 83898540)
     , (45804, 15, 83898529, 83898529)
     , (45804, 16, 83898538, 83898538)
     , (45804, 16, 83898525, 83898525)
     , (45804, 16, 83898526, 83898526)
     , (45804, 16, 83898524, 83898524)
     , (45804, 16, 83898527, 83898527);

INSERT INTO `weenie_animation_changes` (`weenieClassId`, `index`, `animationId`)
VALUES (45804, 0, 16795543)
     , (45804, 1, 16795527)
     , (45804, 2, 16795528)
     , (45804, 3, 16795529)
     , (45804, 4, 16795530)
     , (45804, 5, 16795531)
     , (45804, 6, 16795532)
     , (45804, 7, 16795533)
     , (45804, 8, 16795534)
     , (45804, 9, 16795544)
     , (45804, 10, 16795545)
     , (45804, 11, 16795546)
     , (45804, 12, 16795538)
     , (45804, 13, 16795547)
     , (45804, 14, 16795548)
     , (45804, 15, 16795541)
     , (45804, 16, 16795542);

INSERT INTO `base_ace_object` (`baseAceObjectId`, `name`, `typeId`, `paletteId`, `ammoType`, `blipColor`, `bitField`, `burden`, `combatUse`, `cooldownDuration`, `cooldownId`, `effects`, `containersCapacity`, `header`, `hookTypeId`, `iconId`, `iconOverlayId`, `iconUnderlayId`, `hookItemTypes`, `itemsCapacity`, `location`, `materialType`, `maxStackSize`, `maxStructure`, `radar`, `pscript`, `spellId`, `stackSize`, `structure`, `targetTypeId`, `usability`, `useRadius`, `validLocations`, `value`, `workmanship`, `animationFrameId`, `defaultScript`, `defaultScriptIntensity`, `elasticity`, `friction`, `locationId`, `modelTableId`, `objectScale`, `physicsBitField`, `physicsTableId`, `motionTableId`, `soundTableId`, `physicsState`, `translucency`, `currentMotionState`)
VALUES (45806, 'A''nekshay Temple Guardian', 16, 67108990, 0, 0, 20, 0, 0, 0, 0, 0, 255, 8388630, 0, 100670274, 0, 0, 0, 255, 0, 0, 0, 0, 2, 0, 0, 0, 0, 0, 1, 0, 0, 0, 0, 0, 0, 0, 0, 0, 0, 33561251, 1.1, 104579, 872415269, 150994945, 536870933, 1032, 0, 'AAA9AAAAAAA=');

INSERT INTO weenie_class (`weenieClassId`, `baseAceObjectId`)
VALUES (45806, 45806);

INSERT INTO `weenie_palette_changes` (`weenieClassId`, `subPaletteId`, `offset`, `length`)
VALUES (45806, 67116886, 64, 8)
     , (45806, 67116886, 72, 8)
     , (45806, 67116886, 40, 24)
     , (45806, 67116886, 92, 4)
     , (45806, 67116864, 0, 24)
     , (45806, 67116864, 24, 8)
     , (45806, 67116864, 32, 8);

INSERT INTO `weenie_texture_map_changes` (`weenieClassId`, `index`, `oldId`, `newId`)
VALUES (45806, 0, 83898537, 83898537)
     , (45806, 1, 83898541, 83898541)
     , (45806, 2, 83898542, 83898542)
     , (45806, 3, 83898537, 83898537)
     , (45806, 4, 83898545, 83898545)
     , (45806, 5, 83898541, 83898541)
     , (45806, 6, 83898542, 83898542)
     , (45806, 7, 83898537, 83898537)
     , (45806, 8, 83898545, 83898545)
     , (45806, 9, 83898518, 83898518)
     , (45806, 9, 83898543, 83898543)
     , (45806, 10, 83898544, 83898544)
     , (45806, 11, 83898540, 83898540)
     , (45806, 12, 83898529, 83898529)
     , (45806, 13, 83898544, 83898544)
     , (45806, 14, 83898540, 83898540)
     , (45806, 15, 83898529, 83898529)
     , (45806, 16, 83898538, 83898538)
     , (45806, 16, 83898525, 83898525)
     , (45806, 16, 83898526, 83898526)
     , (45806, 16, 83898524, 83898524)
     , (45806, 16, 83898527, 83898527);

INSERT INTO `weenie_animation_changes` (`weenieClassId`, `index`, `animationId`)
VALUES (45806, 0, 16795526)
     , (45806, 1, 16795527)
     , (45806, 2, 16795528)
     , (45806, 3, 16795529)
     , (45806, 4, 16795530)
     , (45806, 5, 16795531)
     , (45806, 6, 16795532)
     , (45806, 7, 16795533)
     , (45806, 8, 16795534)
     , (45806, 9, 16795535)
     , (45806, 10, 16795536)
     , (45806, 11, 16795537)
     , (45806, 12, 16795538)
     , (45806, 13, 16795539)
     , (45806, 14, 16795540)
     , (45806, 15, 16795541)
     , (45806, 16, 16795542);

INSERT INTO `base_ace_object` (`baseAceObjectId`, `name`, `typeId`, `paletteId`, `ammoType`, `blipColor`, `bitField`, `burden`, `combatUse`, `cooldownDuration`, `cooldownId`, `effects`, `containersCapacity`, `header`, `hookTypeId`, `iconId`, `iconOverlayId`, `iconUnderlayId`, `hookItemTypes`, `itemsCapacity`, `location`, `materialType`, `maxStackSize`, `maxStructure`, `radar`, `pscript`, `spellId`, `stackSize`, `structure`, `targetTypeId`, `usability`, `useRadius`, `validLocations`, `value`, `workmanship`, `animationFrameId`, `defaultScript`, `defaultScriptIntensity`, `elasticity`, `friction`, `locationId`, `modelTableId`, `objectScale`, `physicsBitField`, `physicsTableId`, `motionTableId`, `soundTableId`, `physicsState`, `translucency`, `currentMotionState`)
VALUES (45803, 'A''nekshay Temple Guardian', 16, 67108990, 0, 0, 20, 0, 0, 0, 0, 0, 255, 8388630, 0, 100670274, 0, 0, 0, 255, 0, 0, 0, 0, 2, 0, 0, 0, 0, 0, 1, 0, 0, 0, 0, 0, 0, 0, 0, 0, 0, 33561252, 0, 104515, 872415269, 150994945, 536870933, 1032, 0, 'AAA9AAAAAAA=');

INSERT INTO weenie_class (`weenieClassId`, `baseAceObjectId`)
VALUES (45803, 45803);

INSERT INTO `weenie_palette_changes` (`weenieClassId`, `subPaletteId`, `offset`, `length`)
VALUES (45803, 67116894, 64, 8)
     , (45803, 67116894, 72, 8)
     , (45803, 67116894, 40, 24)
     , (45803, 67116894, 92, 4)
     , (45803, 67116890, 0, 24)
     , (45803, 67116890, 24, 8)
     , (45803, 67116890, 32, 8);

INSERT INTO `weenie_texture_map_changes` (`weenieClassId`, `index`, `oldId`, `newId`)
VALUES (45803, 0, 83898537, 83898537)
     , (45803, 1, 83898541, 83898541)
     , (45803, 2, 83898542, 83898542)
     , (45803, 3, 83898537, 83898537)
     , (45803, 4, 83898545, 83898545)
     , (45803, 5, 83898541, 83898541)
     , (45803, 6, 83898542, 83898542)
     , (45803, 7, 83898537, 83898537)
     , (45803, 8, 83898545, 83898545)
     , (45803, 9, 83898518, 83898518)
     , (45803, 10, 83898544, 83898544)
     , (45803, 11, 83898540, 83898540)
     , (45803, 12, 83898529, 83898529)
     , (45803, 13, 83898544, 83898544)
     , (45803, 14, 83898540, 83898540)
     , (45803, 15, 83898529, 83898529)
     , (45803, 16, 83898538, 83898538)
     , (45803, 16, 83898525, 83898525)
     , (45803, 16, 83898526, 83898526)
     , (45803, 16, 83898524, 83898524)
     , (45803, 16, 83898527, 83898527);

INSERT INTO `weenie_animation_changes` (`weenieClassId`, `index`, `animationId`)
VALUES (45803, 0, 16795543)
     , (45803, 1, 16795527)
     , (45803, 2, 16795528)
     , (45803, 3, 16795529)
     , (45803, 4, 16795530)
     , (45803, 5, 16795531)
     , (45803, 6, 16795532)
     , (45803, 7, 16795533)
     , (45803, 8, 16795534)
     , (45803, 9, 16795544)
     , (45803, 10, 16795545)
     , (45803, 11, 16795546)
     , (45803, 12, 16795538)
     , (45803, 13, 16795547)
     , (45803, 14, 16795548)
     , (45803, 15, 16795541)
     , (45803, 16, 16795542);

INSERT INTO `base_ace_object` (`baseAceObjectId`, `name`, `typeId`, `paletteId`, `ammoType`, `blipColor`, `bitField`, `burden`, `combatUse`, `cooldownDuration`, `cooldownId`, `effects`, `containersCapacity`, `header`, `hookTypeId`, `iconId`, `iconOverlayId`, `iconUnderlayId`, `hookItemTypes`, `itemsCapacity`, `location`, `materialType`, `maxStackSize`, `maxStructure`, `radar`, `pscript`, `spellId`, `stackSize`, `structure`, `targetTypeId`, `usability`, `useRadius`, `validLocations`, `value`, `workmanship`, `animationFrameId`, `defaultScript`, `defaultScriptIntensity`, `elasticity`, `friction`, `locationId`, `modelTableId`, `objectScale`, `physicsBitField`, `physicsTableId`, `motionTableId`, `soundTableId`, `physicsState`, `translucency`, `currentMotionState`)
VALUES (45834, 'Apparition of the Book of Eibhil', 16, 0, 0, 3, 4, 0, 0, 0, 0, 0, 255, 1048630, 0, 100687849, 0, 0, 0, 255, 0, 0, 0, 0, 0, 0, 0, 0, 0, 0, 32, 3, 0, 0, 0, 0, 0, 0, 0, 0, 0, 33559572, 0, 104451, 872415369, 150995339, 536870932, 6292504, 0, 'AAA9AAAAAAA=');

INSERT INTO weenie_class (`weenieClassId`, `baseAceObjectId`)
VALUES (45834, 45834);

INSERT INTO `base_ace_object` (`baseAceObjectId`, `name`, `typeId`, `paletteId`, `ammoType`, `blipColor`, `bitField`, `burden`, `combatUse`, `cooldownDuration`, `cooldownId`, `effects`, `containersCapacity`, `header`, `hookTypeId`, `iconId`, `iconOverlayId`, `iconUnderlayId`, `hookItemTypes`, `itemsCapacity`, `location`, `materialType`, `maxStackSize`, `maxStructure`, `radar`, `pscript`, `spellId`, `stackSize`, `structure`, `targetTypeId`, `usability`, `useRadius`, `validLocations`, `value`, `workmanship`, `animationFrameId`, `defaultScript`, `defaultScriptIntensity`, `elasticity`, `friction`, `locationId`, `modelTableId`, `objectScale`, `physicsBitField`, `physicsTableId`, `motionTableId`, `soundTableId`, `physicsState`, `translucency`, `currentMotionState`)
VALUES (45835, 'Apparition of the Book of Eibhil', 16, 0, 0, 3, 4, 0, 0, 0, 0, 0, 255, 1048630, 0, 100687849, 0, 0, 0, 255, 0, 0, 0, 0, 0, 0, 0, 0, 0, 0, 32, 3, 0, 0, 0, 0, 0, 0, 0, 0, 0, 33559572, 0, 104451, 872415369, 150995339, 536870932, 6292504, 0, 'AAA9AAAAAAA=');

INSERT INTO weenie_class (`weenieClassId`, `baseAceObjectId`)
VALUES (45835, 45835);

INSERT INTO `base_ace_object` (`baseAceObjectId`, `name`, `typeId`, `paletteId`, `ammoType`, `blipColor`, `bitField`, `burden`, `combatUse`, `cooldownDuration`, `cooldownId`, `effects`, `containersCapacity`, `header`, `hookTypeId`, `iconId`, `iconOverlayId`, `iconUnderlayId`, `hookItemTypes`, `itemsCapacity`, `location`, `materialType`, `maxStackSize`, `maxStructure`, `radar`, `pscript`, `spellId`, `stackSize`, `structure`, `targetTypeId`, `usability`, `useRadius`, `validLocations`, `value`, `workmanship`, `animationFrameId`, `defaultScript`, `defaultScriptIntensity`, `elasticity`, `friction`, `locationId`, `modelTableId`, `objectScale`, `physicsBitField`, `physicsTableId`, `motionTableId`, `soundTableId`, `physicsState`, `translucency`, `currentMotionState`)
VALUES (36776, 'Strange Device', 16, 0, 0, 0, 4, 0, 0, 0, 0, 0, 255, 22, 0, 100671465, 0, 0, 0, 255, 0, 0, 0, 0, 0, 0, 0, 0, 0, 0, 32, 0, 0, 0, 0, 0, 0, 0, 0, 0, 0, 33557001, 0, 366595, 872415275, 150995121, 536871023, 2098196, 0.9, 'AAA9AAAAAAA=');

INSERT INTO weenie_class (`weenieClassId`, `baseAceObjectId`)
VALUES (36776, 36776);

INSERT INTO `weenie_animation_changes` (`weenieClassId`, `index`, `animationId`)
VALUES (36776, 9, 16785621);

INSERT INTO `base_ace_object` (`baseAceObjectId`, `name`, `typeId`, `paletteId`, `ammoType`, `blipColor`, `bitField`, `burden`, `combatUse`, `cooldownDuration`, `cooldownId`, `effects`, `containersCapacity`, `header`, `hookTypeId`, `iconId`, `iconOverlayId`, `iconUnderlayId`, `hookItemTypes`, `itemsCapacity`, `location`, `materialType`, `maxStackSize`, `maxStructure`, `radar`, `pscript`, `spellId`, `stackSize`, `structure`, `targetTypeId`, `usability`, `useRadius`, `validLocations`, `value`, `workmanship`, `animationFrameId`, `defaultScript`, `defaultScriptIntensity`, `elasticity`, `friction`, `locationId`, `modelTableId`, `objectScale`, `physicsBitField`, `physicsTableId`, `motionTableId`, `soundTableId`, `physicsState`, `translucency`, `currentMotionState`)
VALUES (36777, 'Strange Device', 16, 0, 0, 0, 4, 0, 0, 0, 0, 0, 255, 22, 0, 100671465, 0, 0, 0, 255, 0, 0, 0, 0, 0, 0, 0, 0, 0, 0, 32, 0, 0, 0, 0, 0, 0, 0, 0, 0, 0, 33557001, 0, 366595, 872415275, 150995121, 536871023, 2098196, 0.9, 'AAA9AAAAAAA=');

INSERT INTO weenie_class (`weenieClassId`, `baseAceObjectId`)
VALUES (36777, 36777);

INSERT INTO `weenie_animation_changes` (`weenieClassId`, `index`, `animationId`)
VALUES (36777, 9, 16785621);

INSERT INTO `base_ace_object` (`baseAceObjectId`, `name`, `typeId`, `paletteId`, `ammoType`, `blipColor`, `bitField`, `burden`, `combatUse`, `cooldownDuration`, `cooldownId`, `effects`, `containersCapacity`, `header`, `hookTypeId`, `iconId`, `iconOverlayId`, `iconUnderlayId`, `hookItemTypes`, `itemsCapacity`, `location`, `materialType`, `maxStackSize`, `maxStructure`, `radar`, `pscript`, `spellId`, `stackSize`, `structure`, `targetTypeId`, `usability`, `useRadius`, `validLocations`, `value`, `workmanship`, `animationFrameId`, `defaultScript`, `defaultScriptIntensity`, `elasticity`, `friction`, `locationId`, `modelTableId`, `objectScale`, `physicsBitField`, `physicsTableId`, `motionTableId`, `soundTableId`, `physicsState`, `translucency`, `currentMotionState`)
VALUES (23996, 'Bookshelf', 16, 0, 0, 3, 4, 0, 0, 0, 0, 0, 255, 1048630, 0, 100674153, 0, 0, 0, 255, 0, 0, 0, 0, 0, 0, 0, 0, 0, 0, 32, 3, 0, 0, 0, 0, 0, 0, 0, 0, 0, 33558270, 1.2, 104579, 872415323, 150995197, 536871052, 6292504, 0, 'AAA9AAAAAAA=');

INSERT INTO weenie_class (`weenieClassId`, `baseAceObjectId`)
VALUES (23996, 23996);

INSERT INTO `base_ace_object` (`baseAceObjectId`, `name`, `typeId`, `paletteId`, `ammoType`, `blipColor`, `bitField`, `burden`, `combatUse`, `cooldownDuration`, `cooldownId`, `effects`, `containersCapacity`, `header`, `hookTypeId`, `iconId`, `iconOverlayId`, `iconUnderlayId`, `hookItemTypes`, `itemsCapacity`, `location`, `materialType`, `maxStackSize`, `maxStructure`, `radar`, `pscript`, `spellId`, `stackSize`, `structure`, `targetTypeId`, `usability`, `useRadius`, `validLocations`, `value`, `workmanship`, `animationFrameId`, `defaultScript`, `defaultScriptIntensity`, `elasticity`, `friction`, `locationId`, `modelTableId`, `objectScale`, `physicsBitField`, `physicsTableId`, `motionTableId`, `soundTableId`, `physicsState`, `translucency`, `currentMotionState`)
VALUES (36759, 'Virindi Portal', 16, 0, 0, 4, 20, 0, 0, 0, 0, 0, 255, 9437206, 0, 100667499, 0, 0, 0, 255, 0, 0, 0, 0, 4, 0, 0, 0, 0, 0, 1, 0, 0, 0, 0, 0, 0, 0, 0, 0, 0, 33555925, 0, 100355, 0, 150994947, 536870932, 3084, 0, 'AAA9AAAAAAA=');

INSERT INTO weenie_class (`weenieClassId`, `baseAceObjectId`)
VALUES (36759, 36759);

INSERT INTO `base_ace_object` (`baseAceObjectId`, `name`, `typeId`, `paletteId`, `ammoType`, `blipColor`, `bitField`, `burden`, `combatUse`, `cooldownDuration`, `cooldownId`, `effects`, `containersCapacity`, `header`, `hookTypeId`, `iconId`, `iconOverlayId`, `iconUnderlayId`, `hookItemTypes`, `itemsCapacity`, `location`, `materialType`, `maxStackSize`, `maxStructure`, `radar`, `pscript`, `spellId`, `stackSize`, `structure`, `targetTypeId`, `usability`, `useRadius`, `validLocations`, `value`, `workmanship`, `animationFrameId`, `defaultScript`, `defaultScriptIntensity`, `elasticity`, `friction`, `locationId`, `modelTableId`, `objectScale`, `physicsBitField`, `physicsTableId`, `motionTableId`, `soundTableId`, `physicsState`, `translucency`, `currentMotionState`)
VALUES (36760, 'Virindi Portal', 16, 0, 0, 4, 20, 0, 0, 0, 0, 0, 255, 9437206, 0, 100667499, 0, 0, 0, 255, 0, 0, 0, 0, 4, 0, 0, 0, 0, 0, 1, 0, 0, 0, 0, 0, 0, 0, 0, 0, 0, 33555925, 0, 100355, 0, 150994947, 536870932, 3084, 0, 'AAA9AAAAAAA=');

INSERT INTO weenie_class (`weenieClassId`, `baseAceObjectId`)
VALUES (36760, 36760);

INSERT INTO `base_ace_object` (`baseAceObjectId`, `name`, `typeId`, `paletteId`, `ammoType`, `blipColor`, `bitField`, `burden`, `combatUse`, `cooldownDuration`, `cooldownId`, `effects`, `containersCapacity`, `header`, `hookTypeId`, `iconId`, `iconOverlayId`, `iconUnderlayId`, `hookItemTypes`, `itemsCapacity`, `location`, `materialType`, `maxStackSize`, `maxStructure`, `radar`, `pscript`, `spellId`, `stackSize`, `structure`, `targetTypeId`, `usability`, `useRadius`, `validLocations`, `value`, `workmanship`, `animationFrameId`, `defaultScript`, `defaultScriptIntensity`, `elasticity`, `friction`, `locationId`, `modelTableId`, `objectScale`, `physicsBitField`, `physicsTableId`, `motionTableId`, `soundTableId`, `physicsState`, `translucency`, `currentMotionState`)
VALUES (36761, 'Virindi Portal', 16, 0, 0, 4, 20, 0, 0, 0, 0, 0, 255, 9437206, 0, 100667499, 0, 0, 0, 255, 0, 0, 0, 0, 4, 0, 0, 0, 0, 0, 1, 0, 0, 0, 0, 0, 0, 0, 0, 0, 0, 33555925, 0, 100355, 0, 150994947, 536870932, 3084, 0, 'AAA9AAAAAAA=');

INSERT INTO weenie_class (`weenieClassId`, `baseAceObjectId`)
VALUES (36761, 36761);

INSERT INTO `base_ace_object` (`baseAceObjectId`, `name`, `typeId`, `paletteId`, `ammoType`, `blipColor`, `bitField`, `burden`, `combatUse`, `cooldownDuration`, `cooldownId`, `effects`, `containersCapacity`, `header`, `hookTypeId`, `iconId`, `iconOverlayId`, `iconUnderlayId`, `hookItemTypes`, `itemsCapacity`, `location`, `materialType`, `maxStackSize`, `maxStructure`, `radar`, `pscript`, `spellId`, `stackSize`, `structure`, `targetTypeId`, `usability`, `useRadius`, `validLocations`, `value`, `workmanship`, `animationFrameId`, `defaultScript`, `defaultScriptIntensity`, `elasticity`, `friction`, `locationId`, `modelTableId`, `objectScale`, `physicsBitField`, `physicsTableId`, `motionTableId`, `soundTableId`, `physicsState`, `translucency`, `currentMotionState`)
VALUES (36762, 'Virindi Portal', 16, 0, 0, 4, 20, 0, 0, 0, 0, 0, 255, 9437206, 0, 100667499, 0, 0, 0, 255, 0, 0, 0, 0, 4, 0, 0, 0, 0, 0, 1, 0, 0, 0, 0, 0, 0, 0, 0, 0, 0, 33555925, 0, 100355, 0, 150994947, 536870932, 3084, 0, 'AAA9AAAAAAA=');

INSERT INTO weenie_class (`weenieClassId`, `baseAceObjectId`)
VALUES (36762, 36762);

INSERT INTO `base_ace_object` (`baseAceObjectId`, `name`, `typeId`, `paletteId`, `ammoType`, `blipColor`, `bitField`, `burden`, `combatUse`, `cooldownDuration`, `cooldownId`, `effects`, `containersCapacity`, `header`, `hookTypeId`, `iconId`, `iconOverlayId`, `iconUnderlayId`, `hookItemTypes`, `itemsCapacity`, `location`, `materialType`, `maxStackSize`, `maxStructure`, `radar`, `pscript`, `spellId`, `stackSize`, `structure`, `targetTypeId`, `usability`, `useRadius`, `validLocations`, `value`, `workmanship`, `animationFrameId`, `defaultScript`, `defaultScriptIntensity`, `elasticity`, `friction`, `locationId`, `modelTableId`, `objectScale`, `physicsBitField`, `physicsTableId`, `motionTableId`, `soundTableId`, `physicsState`, `translucency`, `currentMotionState`)
VALUES (36763, 'Virindi Portal', 16, 0, 0, 4, 4, 0, 0, 0, 0, 0, 255, 9437206, 0, 100667499, 0, 0, 0, 255, 0, 0, 0, 0, 4, 0, 0, 0, 0, 0, 1, 0, 0, 0, 0, 0, 0, 0, 0, 0, 0, 33555925, 0, 100355, 0, 150994947, 536870932, 2100252, 0, 'AAA9AAAAAAA=');

INSERT INTO weenie_class (`weenieClassId`, `baseAceObjectId`)
VALUES (36763, 36763);

INSERT INTO `base_ace_object` (`baseAceObjectId`, `name`, `typeId`, `paletteId`, `ammoType`, `blipColor`, `bitField`, `burden`, `combatUse`, `cooldownDuration`, `cooldownId`, `effects`, `containersCapacity`, `header`, `hookTypeId`, `iconId`, `iconOverlayId`, `iconUnderlayId`, `hookItemTypes`, `itemsCapacity`, `location`, `materialType`, `maxStackSize`, `maxStructure`, `radar`, `pscript`, `spellId`, `stackSize`, `structure`, `targetTypeId`, `usability`, `useRadius`, `validLocations`, `value`, `workmanship`, `animationFrameId`, `defaultScript`, `defaultScriptIntensity`, `elasticity`, `friction`, `locationId`, `modelTableId`, `objectScale`, `physicsBitField`, `physicsTableId`, `motionTableId`, `soundTableId`, `physicsState`, `translucency`, `currentMotionState`)
VALUES (51575, 'Door', 16, 0, 0, 0, 4, 0, 0, 0, 0, 0, 255, 8388630, 0, 100673480, 0, 0, 0, 255, 0, 0, 0, 0, 1, 0, 0, 0, 0, 0, 1, 0, 0, 0, 0, 0, 0, 0, 0, 0, 0, 33557970, 0, 104451, 872415339, 150995221, 536871001, 66568, 0, 'AAA9AAAAAAA=');

INSERT INTO weenie_class (`weenieClassId`, `baseAceObjectId`)
VALUES (51575, 51575);

INSERT INTO `base_ace_object` (`baseAceObjectId`, `name`, `typeId`, `paletteId`, `ammoType`, `blipColor`, `bitField`, `burden`, `combatUse`, `cooldownDuration`, `cooldownId`, `effects`, `containersCapacity`, `header`, `hookTypeId`, `iconId`, `iconOverlayId`, `iconUnderlayId`, `hookItemTypes`, `itemsCapacity`, `location`, `materialType`, `maxStackSize`, `maxStructure`, `radar`, `pscript`, `spellId`, `stackSize`, `structure`, `targetTypeId`, `usability`, `useRadius`, `validLocations`, `value`, `workmanship`, `animationFrameId`, `defaultScript`, `defaultScriptIntensity`, `elasticity`, `friction`, `locationId`, `modelTableId`, `objectScale`, `physicsBitField`, `physicsTableId`, `motionTableId`, `soundTableId`, `physicsState`, `translucency`, `currentMotionState`)
VALUES (51554, 'Door', 16, 0, 0, 0, 20, 0, 0, 0, 0, 0, 255, 8388630, 0, 100668183, 0, 0, 0, 255, 0, 0, 0, 0, 1, 0, 0, 0, 0, 0, 1, 0, 0, 0, 0, 0, 0, 0, 0, 0, 0, 33557947, 0, 104451, 872415339, 150994966, 536871001, 66568, 0, 'AAA9AAAAAAA=');

INSERT INTO weenie_class (`weenieClassId`, `baseAceObjectId`)
VALUES (51554, 51554);

INSERT INTO `base_ace_object` (`baseAceObjectId`, `name`, `typeId`, `paletteId`, `ammoType`, `blipColor`, `bitField`, `burden`, `combatUse`, `cooldownDuration`, `cooldownId`, `effects`, `containersCapacity`, `header`, `hookTypeId`, `iconId`, `iconOverlayId`, `iconUnderlayId`, `hookItemTypes`, `itemsCapacity`, `location`, `materialType`, `maxStackSize`, `maxStructure`, `radar`, `pscript`, `spellId`, `stackSize`, `structure`, `targetTypeId`, `usability`, `useRadius`, `validLocations`, `value`, `workmanship`, `animationFrameId`, `defaultScript`, `defaultScriptIntensity`, `elasticity`, `friction`, `locationId`, `modelTableId`, `objectScale`, `physicsBitField`, `physicsTableId`, `motionTableId`, `soundTableId`, `physicsState`, `translucency`, `currentMotionState`)
VALUES (51665, 'Door', 16, 0, 0, 0, 20, 0, 0, 0, 0, 0, 255, 8388630, 0, 100668183, 0, 0, 0, 255, 0, 0, 0, 0, 1, 0, 0, 0, 0, 0, 1, 0, 0, 0, 0, 0, 0, 0, 0, 0, 0, 33557947, 0, 104451, 872415339, 150994966, 536870946, 66568, 0, 'AAA9AAAAAAA=');

INSERT INTO weenie_class (`weenieClassId`, `baseAceObjectId`)
VALUES (51665, 51665);

INSERT INTO `base_ace_object` (`baseAceObjectId`, `name`, `typeId`, `paletteId`, `ammoType`, `blipColor`, `bitField`, `burden`, `combatUse`, `cooldownDuration`, `cooldownId`, `effects`, `containersCapacity`, `header`, `hookTypeId`, `iconId`, `iconOverlayId`, `iconUnderlayId`, `hookItemTypes`, `itemsCapacity`, `location`, `materialType`, `maxStackSize`, `maxStructure`, `radar`, `pscript`, `spellId`, `stackSize`, `structure`, `targetTypeId`, `usability`, `useRadius`, `validLocations`, `value`, `workmanship`, `animationFrameId`, `defaultScript`, `defaultScriptIntensity`, `elasticity`, `friction`, `locationId`, `modelTableId`, `objectScale`, `physicsBitField`, `physicsTableId`, `motionTableId`, `soundTableId`, `physicsState`, `translucency`, `currentMotionState`)
VALUES (52872, 'Lair of Holcha', 16, 67113068, 0, 4, 4, 0, 0, 0, 0, 0, 255, 9437238, 0, 100671204, 0, 0, 0, 255, 0, 0, 0, 0, 4, 0, 0, 0, 0, 0, 32, 3, 0, 0, 0, 0, 0, 0, 0, 0, 0, 33556891, 0.85, 100483, 0, 150995504, 536870932, 6292504, 0, 'AAA9AAAAAAA=');

INSERT INTO weenie_class (`weenieClassId`, `baseAceObjectId`)
VALUES (52872, 52872);

INSERT INTO `weenie_palette_changes` (`weenieClassId`, `subPaletteId`, `offset`, `length`)
VALUES (52872, 67117144, 0, 0);

INSERT INTO `base_ace_object` (`baseAceObjectId`, `name`, `typeId`, `paletteId`, `ammoType`, `blipColor`, `bitField`, `burden`, `combatUse`, `cooldownDuration`, `cooldownId`, `effects`, `containersCapacity`, `header`, `hookTypeId`, `iconId`, `iconOverlayId`, `iconUnderlayId`, `hookItemTypes`, `itemsCapacity`, `location`, `materialType`, `maxStackSize`, `maxStructure`, `radar`, `pscript`, `spellId`, `stackSize`, `structure`, `targetTypeId`, `usability`, `useRadius`, `validLocations`, `value`, `workmanship`, `animationFrameId`, `defaultScript`, `defaultScriptIntensity`, `elasticity`, `friction`, `locationId`, `modelTableId`, `objectScale`, `physicsBitField`, `physicsTableId`, `motionTableId`, `soundTableId`, `physicsState`, `translucency`, `currentMotionState`)
VALUES (52873, 'Lair of Tremb''Orh', 16, 67114692, 0, 4, 4, 0, 0, 0, 0, 0, 255, 9437238, 0, 100671420, 0, 0, 0, 255, 0, 0, 0, 0, 4, 0, 0, 0, 0, 0, 32, 3, 0, 0, 0, 0, 0, 0, 0, 0, 0, 33561686, 0, 100355, 0, 150995505, 536870932, 6292504, 0, 'AAA9AAAAAAA=');

INSERT INTO weenie_class (`weenieClassId`, `baseAceObjectId`)
VALUES (52873, 52873);

INSERT INTO `weenie_palette_changes` (`weenieClassId`, `subPaletteId`, `offset`, `length`)
VALUES (52873, 67117145, 0, 0);

INSERT INTO `weenie_texture_map_changes` (`weenieClassId`, `index`, `oldId`, `newId`)
VALUES (52873, 13, 83894877, 83894877)
     , (52873, 13, 83894885, 83894885)
     , (52873, 13, 83894884, 83894884);

INSERT INTO `weenie_animation_changes` (`weenieClassId`, `index`, `animationId`)
VALUES (52873, 13, 16789731);

INSERT INTO `base_ace_object` (`baseAceObjectId`, `name`, `typeId`, `paletteId`, `ammoType`, `blipColor`, `bitField`, `burden`, `combatUse`, `cooldownDuration`, `cooldownId`, `effects`, `containersCapacity`, `header`, `hookTypeId`, `iconId`, `iconOverlayId`, `iconUnderlayId`, `hookItemTypes`, `itemsCapacity`, `location`, `materialType`, `maxStackSize`, `maxStructure`, `radar`, `pscript`, `spellId`, `stackSize`, `structure`, `targetTypeId`, `usability`, `useRadius`, `validLocations`, `value`, `workmanship`, `animationFrameId`, `defaultScript`, `defaultScriptIntensity`, `elasticity`, `friction`, `locationId`, `modelTableId`, `objectScale`, `physicsBitField`, `physicsTableId`, `motionTableId`, `soundTableId`, `physicsState`, `translucency`, `currentMotionState`)
VALUES (52871, 'Lair of the Gromnus Champion', 16, 67109307, 0, 4, 4, 0, 0, 0, 0, 0, 255, 9437238, 0, 100667938, 0, 0, 0, 255, 0, 0, 0, 0, 4, 0, 0, 0, 0, 0, 32, 3, 0, 0, 0, 0, 0, 0, 0, 0, 0, 33561507, 0, 100355, 0, 150995503, 536870932, 6292504, 0, 'AAA9AAAAAAA=');

INSERT INTO weenie_class (`weenieClassId`, `baseAceObjectId`)
VALUES (52871, 52871);

INSERT INTO `weenie_palette_changes` (`weenieClassId`, `subPaletteId`, `offset`, `length`)
VALUES (52871, 67113822, 0, 0);

INSERT INTO `base_ace_object` (`baseAceObjectId`, `name`, `typeId`, `paletteId`, `ammoType`, `blipColor`, `bitField`, `burden`, `combatUse`, `cooldownDuration`, `cooldownId`, `effects`, `containersCapacity`, `header`, `hookTypeId`, `iconId`, `iconOverlayId`, `iconUnderlayId`, `hookItemTypes`, `itemsCapacity`, `location`, `materialType`, `maxStackSize`, `maxStructure`, `radar`, `pscript`, `spellId`, `stackSize`, `structure`, `targetTypeId`, `usability`, `useRadius`, `validLocations`, `value`, `workmanship`, `animationFrameId`, `defaultScript`, `defaultScriptIntensity`, `elasticity`, `friction`, `locationId`, `modelTableId`, `objectScale`, `physicsBitField`, `physicsTableId`, `motionTableId`, `soundTableId`, `physicsState`, `translucency`, `currentMotionState`)
VALUES (46573, 'Lever Box', 16, 0, 0, 3, 4, 0, 0, 0, 0, 0, 255, 1048630, 0, 100667489, 0, 0, 0, 255, 0, 0, 0, 0, 0, 0, 0, 0, 0, 0, 32, 11, 0, 0, 0, 0, 0, 0, 0, 0, 0, 33561487, 0, 104451, 872415328, 150995429, 536871117, 2097180, 0, 'AAA9AAAAAAA=');

INSERT INTO weenie_class (`weenieClassId`, `baseAceObjectId`)
VALUES (46573, 46573);

INSERT INTO `base_ace_object` (`baseAceObjectId`, `name`, `typeId`, `paletteId`, `ammoType`, `blipColor`, `bitField`, `burden`, `combatUse`, `cooldownDuration`, `cooldownId`, `effects`, `containersCapacity`, `header`, `hookTypeId`, `iconId`, `iconOverlayId`, `iconUnderlayId`, `hookItemTypes`, `itemsCapacity`, `location`, `materialType`, `maxStackSize`, `maxStructure`, `radar`, `pscript`, `spellId`, `stackSize`, `structure`, `targetTypeId`, `usability`, `useRadius`, `validLocations`, `value`, `workmanship`, `animationFrameId`, `defaultScript`, `defaultScriptIntensity`, `elasticity`, `friction`, `locationId`, `modelTableId`, `objectScale`, `physicsBitField`, `physicsTableId`, `motionTableId`, `soundTableId`, `physicsState`, `translucency`, `currentMotionState`)
VALUES (31339, 'Bandit Forger', 16, 0, 0, 0, 20, 0, 0, 0, 0, 0, 255, 8388630, 0, 100667446, 0, 0, 0, 255, 0, 0, 0, 0, 2, 0, 0, 0, 0, 0, 1, 0, 0, 0, 0, 0, 0, 0, 0, 0, 0, 33554433, 0, 104451, 872415236, 150994945, 536870913, 1032, 0, 'AAA9AAAAAAA=');

INSERT INTO weenie_class (`weenieClassId`, `baseAceObjectId`)
VALUES (31339, 31339);

INSERT INTO `base_ace_object` (`baseAceObjectId`, `name`, `typeId`, `paletteId`, `ammoType`, `blipColor`, `bitField`, `burden`, `combatUse`, `cooldownDuration`, `cooldownId`, `effects`, `containersCapacity`, `header`, `hookTypeId`, `iconId`, `iconOverlayId`, `iconUnderlayId`, `hookItemTypes`, `itemsCapacity`, `location`, `materialType`, `maxStackSize`, `maxStructure`, `radar`, `pscript`, `spellId`, `stackSize`, `structure`, `targetTypeId`, `usability`, `useRadius`, `validLocations`, `value`, `workmanship`, `animationFrameId`, `defaultScript`, `defaultScriptIntensity`, `elasticity`, `friction`, `locationId`, `modelTableId`, `objectScale`, `physicsBitField`, `physicsTableId`, `motionTableId`, `soundTableId`, `physicsState`, `translucency`, `currentMotionState`)
VALUES (28978, 'Statue of Ualannan', 16, 0, 0, 3, 4, 0, 0, 0, 0, 0, 255, 1048630, 0, 100677077, 0, 0, 0, 255, 0, 0, 0, 0, 0, 0, 0, 0, 0, 0, 32, 3, 0, 0, 0, 0, 0, 0, 0, 0, 0, 33558989, 1.5, 104579, 872415274, 150995147, 536871052, 6292504, 0, 'AAA9AAAAAAA=');

INSERT INTO weenie_class (`weenieClassId`, `baseAceObjectId`)
VALUES (28978, 28978);

INSERT INTO `base_ace_object` (`baseAceObjectId`, `name`, `typeId`, `paletteId`, `ammoType`, `blipColor`, `bitField`, `burden`, `combatUse`, `cooldownDuration`, `cooldownId`, `effects`, `containersCapacity`, `header`, `hookTypeId`, `iconId`, `iconOverlayId`, `iconUnderlayId`, `hookItemTypes`, `itemsCapacity`, `location`, `materialType`, `maxStackSize`, `maxStructure`, `radar`, `pscript`, `spellId`, `stackSize`, `structure`, `targetTypeId`, `usability`, `useRadius`, `validLocations`, `value`, `workmanship`, `animationFrameId`, `defaultScript`, `defaultScriptIntensity`, `elasticity`, `friction`, `locationId`, `modelTableId`, `objectScale`, `physicsBitField`, `physicsTableId`, `motionTableId`, `soundTableId`, `physicsState`, `translucency`, `currentMotionState`)
VALUES (28977, 'Statue of Lauallana', 16, 0, 0, 3, 4, 0, 0, 0, 0, 0, 255, 1048630, 0, 100677077, 0, 0, 0, 255, 0, 0, 0, 0, 0, 0, 0, 0, 0, 0, 32, 3, 0, 0, 0, 0, 0, 0, 0, 0, 0, 33558989, 1.5, 104579, 872415274, 150995147, 536871052, 6292504, 0, 'AAA9AAAAAAA=');

INSERT INTO weenie_class (`weenieClassId`, `baseAceObjectId`)
VALUES (28977, 28977);

INSERT INTO `base_ace_object` (`baseAceObjectId`, `name`, `typeId`, `paletteId`, `ammoType`, `blipColor`, `bitField`, `burden`, `combatUse`, `cooldownDuration`, `cooldownId`, `effects`, `containersCapacity`, `header`, `hookTypeId`, `iconId`, `iconOverlayId`, `iconUnderlayId`, `hookItemTypes`, `itemsCapacity`, `location`, `materialType`, `maxStackSize`, `maxStructure`, `radar`, `pscript`, `spellId`, `stackSize`, `structure`, `targetTypeId`, `usability`, `useRadius`, `validLocations`, `value`, `workmanship`, `animationFrameId`, `defaultScript`, `defaultScriptIntensity`, `elasticity`, `friction`, `locationId`, `modelTableId`, `objectScale`, `physicsBitField`, `physicsTableId`, `motionTableId`, `soundTableId`, `physicsState`, `translucency`, `currentMotionState`)
VALUES (28976, 'Statue of Aurlanna', 16, 0, 0, 3, 4, 0, 0, 0, 0, 0, 255, 1048630, 0, 100677077, 0, 0, 0, 255, 0, 0, 0, 0, 0, 0, 0, 0, 0, 0, 32, 3, 0, 0, 0, 0, 0, 0, 0, 0, 0, 33558989, 1.5, 104579, 872415274, 150995147, 536871052, 6292504, 0, 'AAA9AAAAAAA=');

INSERT INTO weenie_class (`weenieClassId`, `baseAceObjectId`)
VALUES (28976, 28976);

INSERT INTO `base_ace_object` (`baseAceObjectId`, `name`, `typeId`, `paletteId`, `ammoType`, `blipColor`, `bitField`, `burden`, `combatUse`, `cooldownDuration`, `cooldownId`, `effects`, `containersCapacity`, `header`, `hookTypeId`, `iconId`, `iconOverlayId`, `iconUnderlayId`, `hookItemTypes`, `itemsCapacity`, `location`, `materialType`, `maxStackSize`, `maxStructure`, `radar`, `pscript`, `spellId`, `stackSize`, `structure`, `targetTypeId`, `usability`, `useRadius`, `validLocations`, `value`, `workmanship`, `animationFrameId`, `defaultScript`, `defaultScriptIntensity`, `elasticity`, `friction`, `locationId`, `modelTableId`, `objectScale`, `physicsBitField`, `physicsTableId`, `motionTableId`, `soundTableId`, `physicsState`, `translucency`, `currentMotionState`)
VALUES (28967, 'Door to Xi Ru''s Sanctum', 16, 0, 0, 3, 4, 0, 0, 0, 0, 0, 255, 1048630, 0, 100677070, 0, 0, 0, 255, 0, 0, 0, 0, 0, 0, 0, 0, 0, 0, 32, 2, 0, 0, 0, 0, 0, 0, 0, 0, 0, 33558981, 0, 104451, 872415275, 150995078, 536870947, 6358040, 0, 'AAA9AAAAAAA=');

INSERT INTO weenie_class (`weenieClassId`, `baseAceObjectId`)
VALUES (28967, 28967);

INSERT INTO `base_ace_object` (`baseAceObjectId`, `name`, `typeId`, `paletteId`, `ammoType`, `blipColor`, `bitField`, `burden`, `combatUse`, `cooldownDuration`, `cooldownId`, `effects`, `containersCapacity`, `header`, `hookTypeId`, `iconId`, `iconOverlayId`, `iconUnderlayId`, `hookItemTypes`, `itemsCapacity`, `location`, `materialType`, `maxStackSize`, `maxStructure`, `radar`, `pscript`, `spellId`, `stackSize`, `structure`, `targetTypeId`, `usability`, `useRadius`, `validLocations`, `value`, `workmanship`, `animationFrameId`, `defaultScript`, `defaultScriptIntensity`, `elasticity`, `friction`, `locationId`, `modelTableId`, `objectScale`, `physicsBitField`, `physicsTableId`, `motionTableId`, `soundTableId`, `physicsState`, `translucency`, `currentMotionState`)
VALUES (28962, 'Indecipherable Book', 16, 0, 0, 3, 4, 0, 0, 0, 0, 0, 255, 1048630, 0, 100677068, 0, 0, 0, 255, 0, 0, 0, 0, 0, 0, 0, 0, 0, 0, 32, 3, 0, 0, 0, 0, 0, 0, 0, 0, 0, 33558978, 0, 104451, 872415275, 150995251, 536870932, 6292504, 0, 'AAA9AAAAAAA=');

INSERT INTO weenie_class (`weenieClassId`, `baseAceObjectId`)
VALUES (28962, 28962);

INSERT INTO `base_ace_object` (`baseAceObjectId`, `name`, `typeId`, `paletteId`, `ammoType`, `blipColor`, `bitField`, `burden`, `combatUse`, `cooldownDuration`, `cooldownId`, `effects`, `containersCapacity`, `header`, `hookTypeId`, `iconId`, `iconOverlayId`, `iconUnderlayId`, `hookItemTypes`, `itemsCapacity`, `location`, `materialType`, `maxStackSize`, `maxStructure`, `radar`, `pscript`, `spellId`, `stackSize`, `structure`, `targetTypeId`, `usability`, `useRadius`, `validLocations`, `value`, `workmanship`, `animationFrameId`, `defaultScript`, `defaultScriptIntensity`, `elasticity`, `friction`, `locationId`, `modelTableId`, `objectScale`, `physicsBitField`, `physicsTableId`, `motionTableId`, `soundTableId`, `physicsState`, `translucency`, `currentMotionState`)
VALUES (34946, 'Statue', 16, 0, 0, 3, 4, 0, 0, 0, 0, 0, 255, 1048630, 0, 100675780, 0, 0, 0, 255, 0, 0, 0, 0, 0, 0, 0, 0, 0, 0, 32, 3, 0, 0, 0, 0, 0, 0, 0, 0, 0, 33558613, 1.2, 104579, 872415274, 150995147, 536871052, 6292504, 0, 'AAA9AAAAAAA=');

INSERT INTO weenie_class (`weenieClassId`, `baseAceObjectId`)
VALUES (34946, 34946);

INSERT INTO `base_ace_object` (`baseAceObjectId`, `name`, `typeId`, `paletteId`, `ammoType`, `blipColor`, `bitField`, `burden`, `combatUse`, `cooldownDuration`, `cooldownId`, `effects`, `containersCapacity`, `header`, `hookTypeId`, `iconId`, `iconOverlayId`, `iconUnderlayId`, `hookItemTypes`, `itemsCapacity`, `location`, `materialType`, `maxStackSize`, `maxStructure`, `radar`, `pscript`, `spellId`, `stackSize`, `structure`, `targetTypeId`, `usability`, `useRadius`, `validLocations`, `value`, `workmanship`, `animationFrameId`, `defaultScript`, `defaultScriptIntensity`, `elasticity`, `friction`, `locationId`, `modelTableId`, `objectScale`, `physicsBitField`, `physicsTableId`, `motionTableId`, `soundTableId`, `physicsState`, `translucency`, `currentMotionState`)
VALUES (34955, 'Statue', 16, 0, 0, 3, 4, 0, 0, 0, 0, 0, 255, 1048630, 0, 100675780, 0, 0, 0, 255, 0, 0, 0, 0, 0, 0, 0, 0, 0, 0, 32, 3, 0, 0, 0, 0, 0, 0, 0, 0, 0, 33558613, 1.2, 104579, 872415274, 150995147, 536871052, 6292504, 0, 'AAA9AAAAAAA=');

INSERT INTO weenie_class (`weenieClassId`, `baseAceObjectId`)
VALUES (34955, 34955);

INSERT INTO `base_ace_object` (`baseAceObjectId`, `name`, `typeId`, `paletteId`, `ammoType`, `blipColor`, `bitField`, `burden`, `combatUse`, `cooldownDuration`, `cooldownId`, `effects`, `containersCapacity`, `header`, `hookTypeId`, `iconId`, `iconOverlayId`, `iconUnderlayId`, `hookItemTypes`, `itemsCapacity`, `location`, `materialType`, `maxStackSize`, `maxStructure`, `radar`, `pscript`, `spellId`, `stackSize`, `structure`, `targetTypeId`, `usability`, `useRadius`, `validLocations`, `value`, `workmanship`, `animationFrameId`, `defaultScript`, `defaultScriptIntensity`, `elasticity`, `friction`, `locationId`, `modelTableId`, `objectScale`, `physicsBitField`, `physicsTableId`, `motionTableId`, `soundTableId`, `physicsState`, `translucency`, `currentMotionState`)
VALUES (38039, 'Statue', 16, 0, 0, 3, 4, 0, 0, 0, 0, 0, 255, 1048630, 0, 100675780, 0, 0, 0, 255, 0, 0, 0, 0, 0, 0, 0, 0, 0, 0, 32, 3, 0, 0, 0, 0, 0, 0, 0, 0, 0, 33558613, 1.2, 104579, 872415274, 150995147, 536871052, 6292504, 0, 'AAA9AAAAAAA=');

INSERT INTO weenie_class (`weenieClassId`, `baseAceObjectId`)
VALUES (38039, 38039);

INSERT INTO `base_ace_object` (`baseAceObjectId`, `name`, `typeId`, `paletteId`, `ammoType`, `blipColor`, `bitField`, `burden`, `combatUse`, `cooldownDuration`, `cooldownId`, `effects`, `containersCapacity`, `header`, `hookTypeId`, `iconId`, `iconOverlayId`, `iconUnderlayId`, `hookItemTypes`, `itemsCapacity`, `location`, `materialType`, `maxStackSize`, `maxStructure`, `radar`, `pscript`, `spellId`, `stackSize`, `structure`, `targetTypeId`, `usability`, `useRadius`, `validLocations`, `value`, `workmanship`, `animationFrameId`, `defaultScript`, `defaultScriptIntensity`, `elasticity`, `friction`, `locationId`, `modelTableId`, `objectScale`, `physicsBitField`, `physicsTableId`, `motionTableId`, `soundTableId`, `physicsState`, `translucency`, `currentMotionState`)
VALUES (34970, 'Falatacot Prison Warden', 16, 67114480, 0, 0, 20, 0, 0, 0, 0, 0, 255, 8388630, 0, 100674805, 0, 0, 0, 255, 0, 0, 0, 0, 2, 0, 0, 0, 0, 0, 1, 0, 0, 0, 0, 0, 0, 0, 0, 0, 0, 33558436, 1.3, 104643, 872415272, 150994967, 536870934, 1032, 0, 'AAA9AAAAAAA=');

INSERT INTO weenie_class (`weenieClassId`, `baseAceObjectId`)
VALUES (34970, 34970);

INSERT INTO `weenie_palette_changes` (`weenieClassId`, `subPaletteId`, `offset`, `length`)
VALUES (34970, 67114483, 0, 0);

INSERT INTO `weenie_texture_map_changes` (`weenieClassId`, `index`, `oldId`, `newId`)
VALUES (34970, 0, 83894171, 83897507)
     , (34970, 0, 83894170, 83897507)
     , (34970, 1, 83894182, 83897518)
     , (34970, 2, 83894182, 83897517)
     , (34970, 3, 83894184, 83897516)
     , (34970, 4, 83894184, 83897516)
     , (34970, 5, 83894182, 83897518)
     , (34970, 6, 83894182, 83897517)
     , (34970, 7, 83894184, 83897516)
     , (34970, 8, 83894184, 83897516)
     , (34970, 9, 83894177, 83897509)
     , (34970, 9, 83894178, 83897508)
     , (34970, 10, 83894174, 83897516)
     , (34970, 11, 83894479, 83897515)
     , (34970, 13, 83894174, 83897516)
     , (34970, 14, 83894479, 83897515)
     , (34970, 15, 83894660, 83897511)
     , (34970, 12, 83894660, 83897511);

INSERT INTO `weenie_animation_changes` (`weenieClassId`, `index`, `animationId`)
VALUES (34970, 0, 16788078)
     , (34970, 1, 16788083)
     , (34970, 2, 16788085)
     , (34970, 3, 16788081)
     , (34970, 4, 16788088)
     , (34970, 5, 16788087)
     , (34970, 6, 16788086)
     , (34970, 7, 16788082)
     , (34970, 8, 16788089)
     , (34970, 9, 16788079)
     , (34970, 10, 16788090)
     , (34970, 11, 16788887)
     , (34970, 13, 16788166)
     , (34970, 14, 16788888)
     , (34970, 15, 16789333)
     , (34970, 12, 16789332);

INSERT INTO `base_ace_object` (`baseAceObjectId`, `name`, `typeId`, `paletteId`, `ammoType`, `blipColor`, `bitField`, `burden`, `combatUse`, `cooldownDuration`, `cooldownId`, `effects`, `containersCapacity`, `header`, `hookTypeId`, `iconId`, `iconOverlayId`, `iconUnderlayId`, `hookItemTypes`, `itemsCapacity`, `location`, `materialType`, `maxStackSize`, `maxStructure`, `radar`, `pscript`, `spellId`, `stackSize`, `structure`, `targetTypeId`, `usability`, `useRadius`, `validLocations`, `value`, `workmanship`, `animationFrameId`, `defaultScript`, `defaultScriptIntensity`, `elasticity`, `friction`, `locationId`, `modelTableId`, `objectScale`, `physicsBitField`, `physicsTableId`, `motionTableId`, `soundTableId`, `physicsState`, `translucency`, `currentMotionState`)
VALUES (34949, 'Statue', 16, 0, 0, 3, 4, 0, 0, 0, 0, 0, 255, 1048630, 0, 100675780, 0, 0, 0, 255, 0, 0, 0, 0, 0, 0, 0, 0, 0, 0, 32, 4, 0, 0, 0, 0, 0, 0, 0, 0, 0, 33558613, 1.2, 104579, 872415274, 150995147, 536871052, 6292504, 0, 'AAA9AAAAAAA=');

INSERT INTO weenie_class (`weenieClassId`, `baseAceObjectId`)
VALUES (34949, 34949);

INSERT INTO `base_ace_object` (`baseAceObjectId`, `name`, `typeId`, `paletteId`, `ammoType`, `blipColor`, `bitField`, `burden`, `combatUse`, `cooldownDuration`, `cooldownId`, `effects`, `containersCapacity`, `header`, `hookTypeId`, `iconId`, `iconOverlayId`, `iconUnderlayId`, `hookItemTypes`, `itemsCapacity`, `location`, `materialType`, `maxStackSize`, `maxStructure`, `radar`, `pscript`, `spellId`, `stackSize`, `structure`, `targetTypeId`, `usability`, `useRadius`, `validLocations`, `value`, `workmanship`, `animationFrameId`, `defaultScript`, `defaultScriptIntensity`, `elasticity`, `friction`, `locationId`, `modelTableId`, `objectScale`, `physicsBitField`, `physicsTableId`, `motionTableId`, `soundTableId`, `physicsState`, `translucency`, `currentMotionState`)
VALUES (38036, 'Falatacot Warden Statue', 16, 0, 0, 3, 4, 0, 0, 0, 0, 0, 255, 1048630, 0, 100675780, 0, 0, 0, 255, 0, 0, 0, 0, 0, 0, 0, 0, 0, 0, 32, 3, 0, 0, 0, 0, 0, 0, 0, 0, 0, 33558613, 1.2, 104579, 872415274, 150995147, 536871052, 6292504, 0, 'AAA9AAAAAAA=');

INSERT INTO weenie_class (`weenieClassId`, `baseAceObjectId`)
VALUES (38036, 38036);

INSERT INTO `base_ace_object` (`baseAceObjectId`, `name`, `typeId`, `paletteId`, `ammoType`, `blipColor`, `bitField`, `burden`, `combatUse`, `cooldownDuration`, `cooldownId`, `effects`, `containersCapacity`, `header`, `hookTypeId`, `iconId`, `iconOverlayId`, `iconUnderlayId`, `hookItemTypes`, `itemsCapacity`, `location`, `materialType`, `maxStackSize`, `maxStructure`, `radar`, `pscript`, `spellId`, `stackSize`, `structure`, `targetTypeId`, `usability`, `useRadius`, `validLocations`, `value`, `workmanship`, `animationFrameId`, `defaultScript`, `defaultScriptIntensity`, `elasticity`, `friction`, `locationId`, `modelTableId`, `objectScale`, `physicsBitField`, `physicsTableId`, `motionTableId`, `soundTableId`, `physicsState`, `translucency`, `currentMotionState`)
VALUES (38037, 'Falatacot Warden Statue', 16, 0, 0, 3, 4, 0, 0, 0, 0, 0, 255, 1048630, 0, 100675780, 0, 0, 0, 255, 0, 0, 0, 0, 0, 0, 0, 0, 0, 0, 32, 3, 0, 0, 0, 0, 0, 0, 0, 0, 0, 33558613, 1.2, 104579, 872415274, 150995147, 536871052, 6292504, 0, 'AAA9AAAAAAA=');

INSERT INTO weenie_class (`weenieClassId`, `baseAceObjectId`)
VALUES (38037, 38037);

INSERT INTO `base_ace_object` (`baseAceObjectId`, `name`, `typeId`, `paletteId`, `ammoType`, `blipColor`, `bitField`, `burden`, `combatUse`, `cooldownDuration`, `cooldownId`, `effects`, `containersCapacity`, `header`, `hookTypeId`, `iconId`, `iconOverlayId`, `iconUnderlayId`, `hookItemTypes`, `itemsCapacity`, `location`, `materialType`, `maxStackSize`, `maxStructure`, `radar`, `pscript`, `spellId`, `stackSize`, `structure`, `targetTypeId`, `usability`, `useRadius`, `validLocations`, `value`, `workmanship`, `animationFrameId`, `defaultScript`, `defaultScriptIntensity`, `elasticity`, `friction`, `locationId`, `modelTableId`, `objectScale`, `physicsBitField`, `physicsTableId`, `motionTableId`, `soundTableId`, `physicsState`, `translucency`, `currentMotionState`)
VALUES (35008, 'Empyrean Blooded Ritual Statue', 16, 0, 0, 0, 20, 0, 0, 0, 0, 0, 255, 8388630, 0, 100675780, 0, 0, 0, 255, 0, 0, 0, 0, 4, 0, 0, 0, 0, 0, 1, 0, 0, 0, 0, 0, 0, 0, 0, 0, 0, 33560215, 0, 104451, 872415328, 150995355, 536871001, 1032, 0, 'AAA9AAAAAAA=');

INSERT INTO weenie_class (`weenieClassId`, `baseAceObjectId`)
VALUES (35008, 35008);

INSERT INTO `base_ace_object` (`baseAceObjectId`, `name`, `typeId`, `paletteId`, `ammoType`, `blipColor`, `bitField`, `burden`, `combatUse`, `cooldownDuration`, `cooldownId`, `effects`, `containersCapacity`, `header`, `hookTypeId`, `iconId`, `iconOverlayId`, `iconUnderlayId`, `hookItemTypes`, `itemsCapacity`, `location`, `materialType`, `maxStackSize`, `maxStructure`, `radar`, `pscript`, `spellId`, `stackSize`, `structure`, `targetTypeId`, `usability`, `useRadius`, `validLocations`, `value`, `workmanship`, `animationFrameId`, `defaultScript`, `defaultScriptIntensity`, `elasticity`, `friction`, `locationId`, `modelTableId`, `objectScale`, `physicsBitField`, `physicsTableId`, `motionTableId`, `soundTableId`, `physicsState`, `translucency`, `currentMotionState`)
VALUES (35007, 'Empyrean Blooded Ritual Statue', 16, 0, 0, 0, 20, 0, 0, 0, 0, 0, 255, 8388630, 0, 100675780, 0, 0, 0, 255, 0, 0, 0, 0, 4, 0, 0, 0, 0, 0, 1, 0, 0, 0, 0, 0, 0, 0, 0, 0, 0, 33560215, 0, 104451, 872415328, 150995395, 536871001, 1032, 0, 'AAA9AAAAAAA=');

INSERT INTO weenie_class (`weenieClassId`, `baseAceObjectId`)
VALUES (35007, 35007);

INSERT INTO `base_ace_object` (`baseAceObjectId`, `name`, `typeId`, `paletteId`, `ammoType`, `blipColor`, `bitField`, `burden`, `combatUse`, `cooldownDuration`, `cooldownId`, `effects`, `containersCapacity`, `header`, `hookTypeId`, `iconId`, `iconOverlayId`, `iconUnderlayId`, `hookItemTypes`, `itemsCapacity`, `location`, `materialType`, `maxStackSize`, `maxStructure`, `radar`, `pscript`, `spellId`, `stackSize`, `structure`, `targetTypeId`, `usability`, `useRadius`, `validLocations`, `value`, `workmanship`, `animationFrameId`, `defaultScript`, `defaultScriptIntensity`, `elasticity`, `friction`, `locationId`, `modelTableId`, `objectScale`, `physicsBitField`, `physicsTableId`, `motionTableId`, `soundTableId`, `physicsState`, `translucency`, `currentMotionState`)
VALUES (35483, 'Watcher''s Wall', 16, 0, 0, 0, 20, 0, 0, 0, 0, 0, 255, 8388630, 0, 100673480, 0, 0, 0, 255, 0, 0, 0, 0, 4, 0, 0, 0, 0, 0, 1, 0, 0, 0, 0, 0, 0, 0, 0, 0, 0, 33558696, 0, 104451, 872415339, 150995295, 536871001, 66568, 0, 'AAA9AAAAAAA=');

INSERT INTO weenie_class (`weenieClassId`, `baseAceObjectId`)
VALUES (35483, 35483);

INSERT INTO `base_ace_object` (`baseAceObjectId`, `name`, `typeId`, `paletteId`, `ammoType`, `blipColor`, `bitField`, `burden`, `combatUse`, `cooldownDuration`, `cooldownId`, `effects`, `containersCapacity`, `header`, `hookTypeId`, `iconId`, `iconOverlayId`, `iconUnderlayId`, `hookItemTypes`, `itemsCapacity`, `location`, `materialType`, `maxStackSize`, `maxStructure`, `radar`, `pscript`, `spellId`, `stackSize`, `structure`, `targetTypeId`, `usability`, `useRadius`, `validLocations`, `value`, `workmanship`, `animationFrameId`, `defaultScript`, `defaultScriptIntensity`, `elasticity`, `friction`, `locationId`, `modelTableId`, `objectScale`, `physicsBitField`, `physicsTableId`, `motionTableId`, `soundTableId`, `physicsState`, `translucency`, `currentMotionState`)
VALUES (36654, 'Wall', 16, 0, 0, 0, 20, 0, 0, 0, 0, 0, 255, 8388630, 0, 100673480, 0, 0, 0, 255, 0, 0, 0, 0, 4, 0, 0, 0, 0, 0, 1, 0, 0, 0, 0, 0, 0, 0, 0, 0, 0, 33558696, 0, 104451, 872415339, 150995295, 536871001, 66568, 0, 'AAA9AAAAAAA=');

INSERT INTO weenie_class (`weenieClassId`, `baseAceObjectId`)
VALUES (36654, 36654);

INSERT INTO `base_ace_object` (`baseAceObjectId`, `name`, `typeId`, `paletteId`, `ammoType`, `blipColor`, `bitField`, `burden`, `combatUse`, `cooldownDuration`, `cooldownId`, `effects`, `containersCapacity`, `header`, `hookTypeId`, `iconId`, `iconOverlayId`, `iconUnderlayId`, `hookItemTypes`, `itemsCapacity`, `location`, `materialType`, `maxStackSize`, `maxStructure`, `radar`, `pscript`, `spellId`, `stackSize`, `structure`, `targetTypeId`, `usability`, `useRadius`, `validLocations`, `value`, `workmanship`, `animationFrameId`, `defaultScript`, `defaultScriptIntensity`, `elasticity`, `friction`, `locationId`, `modelTableId`, `objectScale`, `physicsBitField`, `physicsTableId`, `motionTableId`, `soundTableId`, `physicsState`, `translucency`, `currentMotionState`)
VALUES (36692, 'Trial of the Heart Portal', 16, 0, 0, 4, 4, 0, 0, 0, 0, 0, 255, 9437238, 0, 100667499, 0, 0, 0, 255, 0, 0, 0, 0, 4, 0, 0, 0, 0, 0, 32, 0.1, 0, 0, 0, 0, 0, 0, 0, 0, 0, 33555925, 0, 100355, 0, 150994947, 536870932, 6294556, 0, 'AAA9AAAAAAA=');

INSERT INTO weenie_class (`weenieClassId`, `baseAceObjectId`)
VALUES (36692, 36692);

INSERT INTO `base_ace_object` (`baseAceObjectId`, `name`, `typeId`, `paletteId`, `ammoType`, `blipColor`, `bitField`, `burden`, `combatUse`, `cooldownDuration`, `cooldownId`, `effects`, `containersCapacity`, `header`, `hookTypeId`, `iconId`, `iconOverlayId`, `iconUnderlayId`, `hookItemTypes`, `itemsCapacity`, `location`, `materialType`, `maxStackSize`, `maxStructure`, `radar`, `pscript`, `spellId`, `stackSize`, `structure`, `targetTypeId`, `usability`, `useRadius`, `validLocations`, `value`, `workmanship`, `animationFrameId`, `defaultScript`, `defaultScriptIntensity`, `elasticity`, `friction`, `locationId`, `modelTableId`, `objectScale`, `physicsBitField`, `physicsTableId`, `motionTableId`, `soundTableId`, `physicsState`, `translucency`, `currentMotionState`)
VALUES (36650, 'Wall', 16, 0, 0, 0, 20, 0, 0, 0, 0, 0, 255, 8388630, 0, 100670799, 0, 0, 0, 255, 0, 0, 0, 0, 4, 0, 0, 0, 0, 0, 1, 0, 0, 0, 0, 0, 0, 0, 0, 0, 0, 33560307, 0, 104451, 872415339, 150995147, 536871001, 66568, 0, 'AAA9AAAAAAA=');

INSERT INTO weenie_class (`weenieClassId`, `baseAceObjectId`)
VALUES (36650, 36650);

INSERT INTO `base_ace_object` (`baseAceObjectId`, `name`, `typeId`, `paletteId`, `ammoType`, `blipColor`, `bitField`, `burden`, `combatUse`, `cooldownDuration`, `cooldownId`, `effects`, `containersCapacity`, `header`, `hookTypeId`, `iconId`, `iconOverlayId`, `iconUnderlayId`, `hookItemTypes`, `itemsCapacity`, `location`, `materialType`, `maxStackSize`, `maxStructure`, `radar`, `pscript`, `spellId`, `stackSize`, `structure`, `targetTypeId`, `usability`, `useRadius`, `validLocations`, `value`, `workmanship`, `animationFrameId`, `defaultScript`, `defaultScriptIntensity`, `elasticity`, `friction`, `locationId`, `modelTableId`, `objectScale`, `physicsBitField`, `physicsTableId`, `motionTableId`, `soundTableId`, `physicsState`, `translucency`, `currentMotionState`)
VALUES (40785, 'Lever', 16, 0, 0, 3, 4, 0, 0, 0, 0, 0, 255, 1048630, 0, 100667624, 0, 0, 0, 255, 0, 0, 0, 0, 0, 0, 0, 0, 0, 0, 32, 1, 0, 0, 0, 0, 0, 0, 0, 0, 0, 33557551, 0, 104451, 872415275, 150995156, 536871046, 2098200, 0, 'AAA9AAAAAAA=');

INSERT INTO weenie_class (`weenieClassId`, `baseAceObjectId`)
VALUES (40785, 40785);

INSERT INTO `base_ace_object` (`baseAceObjectId`, `name`, `typeId`, `paletteId`, `ammoType`, `blipColor`, `bitField`, `burden`, `combatUse`, `cooldownDuration`, `cooldownId`, `effects`, `containersCapacity`, `header`, `hookTypeId`, `iconId`, `iconOverlayId`, `iconUnderlayId`, `hookItemTypes`, `itemsCapacity`, `location`, `materialType`, `maxStackSize`, `maxStructure`, `radar`, `pscript`, `spellId`, `stackSize`, `structure`, `targetTypeId`, `usability`, `useRadius`, `validLocations`, `value`, `workmanship`, `animationFrameId`, `defaultScript`, `defaultScriptIntensity`, `elasticity`, `friction`, `locationId`, `modelTableId`, `objectScale`, `physicsBitField`, `physicsTableId`, `motionTableId`, `soundTableId`, `physicsState`, `translucency`, `currentMotionState`)
VALUES (40779, 'Lever', 16, 0, 0, 3, 4, 0, 0, 0, 0, 0, 255, 1048630, 0, 100667624, 0, 0, 0, 255, 0, 0, 0, 0, 0, 0, 0, 0, 0, 0, 32, 1, 0, 0, 0, 0, 0, 0, 0, 0, 0, 33557551, 0, 104451, 872415275, 150995156, 536871046, 2098200, 0, 'AAA9AAAAAAA=');

INSERT INTO weenie_class (`weenieClassId`, `baseAceObjectId`)
VALUES (40779, 40779);

INSERT INTO `base_ace_object` (`baseAceObjectId`, `name`, `typeId`, `paletteId`, `ammoType`, `blipColor`, `bitField`, `burden`, `combatUse`, `cooldownDuration`, `cooldownId`, `effects`, `containersCapacity`, `header`, `hookTypeId`, `iconId`, `iconOverlayId`, `iconUnderlayId`, `hookItemTypes`, `itemsCapacity`, `location`, `materialType`, `maxStackSize`, `maxStructure`, `radar`, `pscript`, `spellId`, `stackSize`, `structure`, `targetTypeId`, `usability`, `useRadius`, `validLocations`, `value`, `workmanship`, `animationFrameId`, `defaultScript`, `defaultScriptIntensity`, `elasticity`, `friction`, `locationId`, `modelTableId`, `objectScale`, `physicsBitField`, `physicsTableId`, `motionTableId`, `soundTableId`, `physicsState`, `translucency`, `currentMotionState`)
VALUES (40782, 'Lever', 16, 0, 0, 3, 4, 0, 0, 0, 0, 0, 255, 1048630, 0, 100667624, 0, 0, 0, 255, 0, 0, 0, 0, 0, 0, 0, 0, 0, 0, 32, 1, 0, 0, 0, 0, 0, 0, 0, 0, 0, 33557551, 0, 104451, 872415275, 150995156, 536871046, 2098200, 0, 'AAA9AAAAAAA=');

INSERT INTO weenie_class (`weenieClassId`, `baseAceObjectId`)
VALUES (40782, 40782);

INSERT INTO `base_ace_object` (`baseAceObjectId`, `name`, `typeId`, `paletteId`, `ammoType`, `blipColor`, `bitField`, `burden`, `combatUse`, `cooldownDuration`, `cooldownId`, `effects`, `containersCapacity`, `header`, `hookTypeId`, `iconId`, `iconOverlayId`, `iconUnderlayId`, `hookItemTypes`, `itemsCapacity`, `location`, `materialType`, `maxStackSize`, `maxStructure`, `radar`, `pscript`, `spellId`, `stackSize`, `structure`, `targetTypeId`, `usability`, `useRadius`, `validLocations`, `value`, `workmanship`, `animationFrameId`, `defaultScript`, `defaultScriptIntensity`, `elasticity`, `friction`, `locationId`, `modelTableId`, `objectScale`, `physicsBitField`, `physicsTableId`, `motionTableId`, `soundTableId`, `physicsState`, `translucency`, `currentMotionState`)
VALUES (40859, 'Crystalline Essence Array', 16, 67113876, 0, 0, 20, 0, 0, 0, 0, 0, 255, 8388630, 0, 100676420, 0, 0, 0, 255, 0, 0, 0, 0, 4, 0, 0, 0, 0, 0, 1, 0, 0, 0, 0, 0, 0, 0, 0, 0, 0, 33558690, 2, 104579, 872415389, 150995290, 536871001, 3084, 0, 'AAA9AAAAAAA=');

INSERT INTO weenie_class (`weenieClassId`, `baseAceObjectId`)
VALUES (40859, 40859);

INSERT INTO `weenie_palette_changes` (`weenieClassId`, `subPaletteId`, `offset`, `length`)
VALUES (40859, 67113876, 0, 0);

INSERT INTO `base_ace_object` (`baseAceObjectId`, `name`, `typeId`, `paletteId`, `ammoType`, `blipColor`, `bitField`, `burden`, `combatUse`, `cooldownDuration`, `cooldownId`, `effects`, `containersCapacity`, `header`, `hookTypeId`, `iconId`, `iconOverlayId`, `iconUnderlayId`, `hookItemTypes`, `itemsCapacity`, `location`, `materialType`, `maxStackSize`, `maxStructure`, `radar`, `pscript`, `spellId`, `stackSize`, `structure`, `targetTypeId`, `usability`, `useRadius`, `validLocations`, `value`, `workmanship`, `animationFrameId`, `defaultScript`, `defaultScriptIntensity`, `elasticity`, `friction`, `locationId`, `modelTableId`, `objectScale`, `physicsBitField`, `physicsTableId`, `motionTableId`, `soundTableId`, `physicsState`, `translucency`, `currentMotionState`)
VALUES (28413, 'Backpack', 16, 0, 0, 3, 4, 0, 0, 0, 0, 0, 255, 1048630, 0, 100670383, 0, 0, 0, 255, 0, 0, 0, 0, 0, 0, 0, 0, 0, 0, 32, 1, 0, 0, 0, 0, 0, 0, 0, 0, 0, 33558452, 1.3, 100483, 0, 150995254, 536870913, 6292504, 0, 'AAA9AAAAAAA=');

INSERT INTO weenie_class (`weenieClassId`, `baseAceObjectId`)
VALUES (28413, 28413);

INSERT INTO `base_ace_object` (`baseAceObjectId`, `name`, `typeId`, `paletteId`, `ammoType`, `blipColor`, `bitField`, `burden`, `combatUse`, `cooldownDuration`, `cooldownId`, `effects`, `containersCapacity`, `header`, `hookTypeId`, `iconId`, `iconOverlayId`, `iconUnderlayId`, `hookItemTypes`, `itemsCapacity`, `location`, `materialType`, `maxStackSize`, `maxStructure`, `radar`, `pscript`, `spellId`, `stackSize`, `structure`, `targetTypeId`, `usability`, `useRadius`, `validLocations`, `value`, `workmanship`, `animationFrameId`, `defaultScript`, `defaultScriptIntensity`, `elasticity`, `friction`, `locationId`, `modelTableId`, `objectScale`, `physicsBitField`, `physicsTableId`, `motionTableId`, `soundTableId`, `physicsState`, `translucency`, `currentMotionState`)
VALUES (28430, 'Odd Looking Vine', 16, 0, 0, 3, 4, 0, 0, 0, 0, 0, 255, 1048630, 0, 100675781, 0, 0, 0, 255, 0, 0, 0, 0, 0, 0, 0, 0, 0, 0, 32, 3, 0, 0, 0, 0, 0, 0, 0, 0, 0, 33558617, 0, 104451, 872415332, 150995067, 536871015, 6292504, 0, 'AAA9AAAAAAA=');

INSERT INTO weenie_class (`weenieClassId`, `baseAceObjectId`)
VALUES (28430, 28430);

INSERT INTO `base_ace_object` (`baseAceObjectId`, `name`, `typeId`, `paletteId`, `ammoType`, `blipColor`, `bitField`, `burden`, `combatUse`, `cooldownDuration`, `cooldownId`, `effects`, `containersCapacity`, `header`, `hookTypeId`, `iconId`, `iconOverlayId`, `iconUnderlayId`, `hookItemTypes`, `itemsCapacity`, `location`, `materialType`, `maxStackSize`, `maxStructure`, `radar`, `pscript`, `spellId`, `stackSize`, `structure`, `targetTypeId`, `usability`, `useRadius`, `validLocations`, `value`, `workmanship`, `animationFrameId`, `defaultScript`, `defaultScriptIntensity`, `elasticity`, `friction`, `locationId`, `modelTableId`, `objectScale`, `physicsBitField`, `physicsTableId`, `motionTableId`, `soundTableId`, `physicsState`, `translucency`, `currentMotionState`)
VALUES (47205, 'Forge Guardian', 16, 67114480, 0, 0, 20, 0, 0, 0, 0, 0, 255, 8388630, 0, 100674805, 0, 0, 0, 255, 0, 0, 0, 0, 2, 0, 0, 0, 0, 0, 1, 0, 0, 0, 0, 0, 0, 0, 0, 0, 0, 33558436, 1.2, 104643, 872415272, 150994967, 536870934, 1032, 0, 'AAA9AAAAAAA=');

INSERT INTO weenie_class (`weenieClassId`, `baseAceObjectId`)
VALUES (47205, 47205);

INSERT INTO `weenie_palette_changes` (`weenieClassId`, `subPaletteId`, `offset`, `length`)
VALUES (47205, 67114481, 0, 0);

INSERT INTO `base_ace_object` (`baseAceObjectId`, `name`, `typeId`, `paletteId`, `ammoType`, `blipColor`, `bitField`, `burden`, `combatUse`, `cooldownDuration`, `cooldownId`, `effects`, `containersCapacity`, `header`, `hookTypeId`, `iconId`, `iconOverlayId`, `iconUnderlayId`, `hookItemTypes`, `itemsCapacity`, `location`, `materialType`, `maxStackSize`, `maxStructure`, `radar`, `pscript`, `spellId`, `stackSize`, `structure`, `targetTypeId`, `usability`, `useRadius`, `validLocations`, `value`, `workmanship`, `animationFrameId`, `defaultScript`, `defaultScriptIntensity`, `elasticity`, `friction`, `locationId`, `modelTableId`, `objectScale`, `physicsBitField`, `physicsTableId`, `motionTableId`, `soundTableId`, `physicsState`, `translucency`, `currentMotionState`)
VALUES (43788, 'Dark Cavern', 16, 67109370, 0, 4, 4, 0, 0, 0, 0, 0, 255, 9437238, 0, 100667499, 0, 0, 0, 255, 0, 0, 0, 0, 4, 0, 0, 0, 0, 0, 32, 0.1, 0, 0, 0, 0, 0, 0, 0, 0, 0, 33554867, 0, 100355, 0, 150994947, 536870932, 6294556, 0, 'AAA9AAAAAAA=');

INSERT INTO weenie_class (`weenieClassId`, `baseAceObjectId`)
VALUES (43788, 43788);

INSERT INTO `weenie_palette_changes` (`weenieClassId`, `subPaletteId`, `offset`, `length`)
VALUES (43788, 67111849, 1, 255);

INSERT INTO `base_ace_object` (`baseAceObjectId`, `name`, `typeId`, `paletteId`, `ammoType`, `blipColor`, `bitField`, `burden`, `combatUse`, `cooldownDuration`, `cooldownId`, `effects`, `containersCapacity`, `header`, `hookTypeId`, `iconId`, `iconOverlayId`, `iconUnderlayId`, `hookItemTypes`, `itemsCapacity`, `location`, `materialType`, `maxStackSize`, `maxStructure`, `radar`, `pscript`, `spellId`, `stackSize`, `structure`, `targetTypeId`, `usability`, `useRadius`, `validLocations`, `value`, `workmanship`, `animationFrameId`, `defaultScript`, `defaultScriptIntensity`, `elasticity`, `friction`, `locationId`, `modelTableId`, `objectScale`, `physicsBitField`, `physicsTableId`, `motionTableId`, `soundTableId`, `physicsState`, `translucency`, `currentMotionState`)
VALUES (36007, 'Statue of Bael''Zharon, the Hopeslayer', 16, 0, 0, 3, 4, 0, 0, 0, 0, 0, 255, 1048630, 0, 100689315, 0, 0, 0, 255, 0, 0, 0, 0, 0, 0, 0, 0, 0, 0, 32, 3, 0, 0, 0, 0, 0, 0, 0, 0, 0, 33560170, 0, 104451, 872415369, 150995147, 536871017, 6292504, 0, 'AAA9AAAAAAA=');

INSERT INTO weenie_class (`weenieClassId`, `baseAceObjectId`)
VALUES (36007, 36007);

INSERT INTO `base_ace_object` (`baseAceObjectId`, `name`, `typeId`, `paletteId`, `ammoType`, `blipColor`, `bitField`, `burden`, `combatUse`, `cooldownDuration`, `cooldownId`, `effects`, `containersCapacity`, `header`, `hookTypeId`, `iconId`, `iconOverlayId`, `iconUnderlayId`, `hookItemTypes`, `itemsCapacity`, `location`, `materialType`, `maxStackSize`, `maxStructure`, `radar`, `pscript`, `spellId`, `stackSize`, `structure`, `targetTypeId`, `usability`, `useRadius`, `validLocations`, `value`, `workmanship`, `animationFrameId`, `defaultScript`, `defaultScriptIntensity`, `elasticity`, `friction`, `locationId`, `modelTableId`, `objectScale`, `physicsBitField`, `physicsTableId`, `motionTableId`, `soundTableId`, `physicsState`, `translucency`, `currentMotionState`)
VALUES (32528, 'Portal Pillar', 16, 0, 0, 0, 20, 0, 0, 0, 0, 0, 255, 8388630, 0, 100673507, 0, 0, 0, 255, 0, 0, 0, 0, 4, 0, 0, 0, 0, 0, 1, 0, 0, 0, 0, 0, 0, 0, 0, 0, 0, 33559803, 0, 104451, 872415369, 150995355, 536871052, 1036, 0, 'AAA9AAAAAAA=');

INSERT INTO weenie_class (`weenieClassId`, `baseAceObjectId`)
VALUES (32528, 32528);

INSERT INTO `base_ace_object` (`baseAceObjectId`, `name`, `typeId`, `paletteId`, `ammoType`, `blipColor`, `bitField`, `burden`, `combatUse`, `cooldownDuration`, `cooldownId`, `effects`, `containersCapacity`, `header`, `hookTypeId`, `iconId`, `iconOverlayId`, `iconUnderlayId`, `hookItemTypes`, `itemsCapacity`, `location`, `materialType`, `maxStackSize`, `maxStructure`, `radar`, `pscript`, `spellId`, `stackSize`, `structure`, `targetTypeId`, `usability`, `useRadius`, `validLocations`, `value`, `workmanship`, `animationFrameId`, `defaultScript`, `defaultScriptIntensity`, `elasticity`, `friction`, `locationId`, `modelTableId`, `objectScale`, `physicsBitField`, `physicsTableId`, `motionTableId`, `soundTableId`, `physicsState`, `translucency`, `currentMotionState`)
VALUES (36527, 'Pumpkin Vine', 16, 67112864, 0, 0, 20, 0, 0, 0, 0, 0, 255, 8388630, 0, 100671186, 0, 0, 0, 255, 0, 0, 0, 0, 2, 0, 0, 0, 0, 0, 1, 0, 0, 0, 0, 0, 0, 0, 0, 0, 0, 33555670, 0, 104451, 872415332, 150995419, 536871015, 1032, 0, 'AAA9AAAAAAA=');

INSERT INTO weenie_class (`weenieClassId`, `baseAceObjectId`)
VALUES (36527, 36527);

INSERT INTO `weenie_palette_changes` (`weenieClassId`, `subPaletteId`, `offset`, `length`)
VALUES (36527, 67113034, 0, 0);

INSERT INTO `base_ace_object` (`baseAceObjectId`, `name`, `typeId`, `paletteId`, `ammoType`, `blipColor`, `bitField`, `burden`, `combatUse`, `cooldownDuration`, `cooldownId`, `effects`, `containersCapacity`, `header`, `hookTypeId`, `iconId`, `iconOverlayId`, `iconUnderlayId`, `hookItemTypes`, `itemsCapacity`, `location`, `materialType`, `maxStackSize`, `maxStructure`, `radar`, `pscript`, `spellId`, `stackSize`, `structure`, `targetTypeId`, `usability`, `useRadius`, `validLocations`, `value`, `workmanship`, `animationFrameId`, `defaultScript`, `defaultScriptIntensity`, `elasticity`, `friction`, `locationId`, `modelTableId`, `objectScale`, `physicsBitField`, `physicsTableId`, `motionTableId`, `soundTableId`, `physicsState`, `translucency`, `currentMotionState`)
VALUES (33836, 'Trap Door', 16, 0, 0, 3, 4, 0, 0, 0, 0, 0, 255, 1048630, 0, 100672468, 0, 0, 0, 255, 0, 0, 0, 0, 0, 0, 0, 0, 0, 0, 32, 2.5, 0, 0, 0, 0, 0, 0, 0, 0, 0, 33557478, 1.5, 104579, 872415237, 150995151, 536870947, 6292504, 0, 'AAA9AAAAAAA=');

INSERT INTO weenie_class (`weenieClassId`, `baseAceObjectId`)
VALUES (33836, 33836);

INSERT INTO `base_ace_object` (`baseAceObjectId`, `name`, `typeId`, `paletteId`, `ammoType`, `blipColor`, `bitField`, `burden`, `combatUse`, `cooldownDuration`, `cooldownId`, `effects`, `containersCapacity`, `header`, `hookTypeId`, `iconId`, `iconOverlayId`, `iconUnderlayId`, `hookItemTypes`, `itemsCapacity`, `location`, `materialType`, `maxStackSize`, `maxStructure`, `radar`, `pscript`, `spellId`, `stackSize`, `structure`, `targetTypeId`, `usability`, `useRadius`, `validLocations`, `value`, `workmanship`, `animationFrameId`, `defaultScript`, `defaultScriptIntensity`, `elasticity`, `friction`, `locationId`, `modelTableId`, `objectScale`, `physicsBitField`, `physicsTableId`, `motionTableId`, `soundTableId`, `physicsState`, `translucency`, `currentMotionState`)
VALUES (38258, 'Shrine of the Finger Bone of Mishfain', 16, 0, 0, 3, 4, 0, 0, 0, 0, 0, 255, 1048630, 0, 100675788, 0, 0, 0, 255, 0, 0, 0, 0, 0, 0, 0, 0, 0, 0, 32, 3, 0, 0, 0, 0, 0, 0, 0, 0, 0, 33558607, 0, 104451, 872415274, 150995279, 536871052, 6358040, 0, 'AAA9AAAAAAA=');

INSERT INTO weenie_class (`weenieClassId`, `baseAceObjectId`)
VALUES (38258, 38258);

INSERT INTO `base_ace_object` (`baseAceObjectId`, `name`, `typeId`, `paletteId`, `ammoType`, `blipColor`, `bitField`, `burden`, `combatUse`, `cooldownDuration`, `cooldownId`, `effects`, `containersCapacity`, `header`, `hookTypeId`, `iconId`, `iconOverlayId`, `iconUnderlayId`, `hookItemTypes`, `itemsCapacity`, `location`, `materialType`, `maxStackSize`, `maxStructure`, `radar`, `pscript`, `spellId`, `stackSize`, `structure`, `targetTypeId`, `usability`, `useRadius`, `validLocations`, `value`, `workmanship`, `animationFrameId`, `defaultScript`, `defaultScriptIntensity`, `elasticity`, `friction`, `locationId`, `modelTableId`, `objectScale`, `physicsBitField`, `physicsTableId`, `motionTableId`, `soundTableId`, `physicsState`, `translucency`, `currentMotionState`)
VALUES (38262, 'Shrine of Hagrafash''s Tooth Necklace', 16, 0, 0, 3, 4, 0, 0, 0, 0, 0, 255, 1048630, 0, 100675788, 0, 0, 0, 255, 0, 0, 0, 0, 0, 0, 0, 0, 0, 0, 32, 3, 0, 0, 0, 0, 0, 0, 0, 0, 0, 33558607, 0, 104451, 872415274, 150995279, 536871052, 6358040, 0, 'AAA9AAAAAAA=');

INSERT INTO weenie_class (`weenieClassId`, `baseAceObjectId`)
VALUES (38262, 38262);

INSERT INTO `base_ace_object` (`baseAceObjectId`, `name`, `typeId`, `paletteId`, `ammoType`, `blipColor`, `bitField`, `burden`, `combatUse`, `cooldownDuration`, `cooldownId`, `effects`, `containersCapacity`, `header`, `hookTypeId`, `iconId`, `iconOverlayId`, `iconUnderlayId`, `hookItemTypes`, `itemsCapacity`, `location`, `materialType`, `maxStackSize`, `maxStructure`, `radar`, `pscript`, `spellId`, `stackSize`, `structure`, `targetTypeId`, `usability`, `useRadius`, `validLocations`, `value`, `workmanship`, `animationFrameId`, `defaultScript`, `defaultScriptIntensity`, `elasticity`, `friction`, `locationId`, `modelTableId`, `objectScale`, `physicsBitField`, `physicsTableId`, `motionTableId`, `soundTableId`, `physicsState`, `translucency`, `currentMotionState`)
VALUES (38264, 'Shrine of the Coral''s Heart', 16, 0, 0, 3, 4, 0, 0, 0, 0, 0, 255, 1048630, 0, 100675788, 0, 0, 0, 255, 0, 0, 0, 0, 0, 0, 0, 0, 0, 0, 32, 3, 0, 0, 0, 0, 0, 0, 0, 0, 0, 33558607, 0, 104451, 872415274, 150995279, 536871052, 6358040, 0, 'AAA9AAAAAAA=');

INSERT INTO weenie_class (`weenieClassId`, `baseAceObjectId`)
VALUES (38264, 38264);

INSERT INTO `base_ace_object` (`baseAceObjectId`, `name`, `typeId`, `paletteId`, `ammoType`, `blipColor`, `bitField`, `burden`, `combatUse`, `cooldownDuration`, `cooldownId`, `effects`, `containersCapacity`, `header`, `hookTypeId`, `iconId`, `iconOverlayId`, `iconUnderlayId`, `hookItemTypes`, `itemsCapacity`, `location`, `materialType`, `maxStackSize`, `maxStructure`, `radar`, `pscript`, `spellId`, `stackSize`, `structure`, `targetTypeId`, `usability`, `useRadius`, `validLocations`, `value`, `workmanship`, `animationFrameId`, `defaultScript`, `defaultScriptIntensity`, `elasticity`, `friction`, `locationId`, `modelTableId`, `objectScale`, `physicsBitField`, `physicsTableId`, `motionTableId`, `soundTableId`, `physicsState`, `translucency`, `currentMotionState`)
VALUES (38261, 'Shrine of the Spear of Baalforth, the Slayer', 16, 0, 0, 3, 4, 0, 0, 0, 0, 0, 255, 1048630, 0, 100675788, 0, 0, 0, 255, 0, 0, 0, 0, 0, 0, 0, 0, 0, 0, 32, 3, 0, 0, 0, 0, 0, 0, 0, 0, 0, 33558607, 0, 104451, 872415274, 150995279, 536871052, 6358040, 0, 'AAA9AAAAAAA=');

INSERT INTO weenie_class (`weenieClassId`, `baseAceObjectId`)
VALUES (38261, 38261);

INSERT INTO `base_ace_object` (`baseAceObjectId`, `name`, `typeId`, `paletteId`, `ammoType`, `blipColor`, `bitField`, `burden`, `combatUse`, `cooldownDuration`, `cooldownId`, `effects`, `containersCapacity`, `header`, `hookTypeId`, `iconId`, `iconOverlayId`, `iconUnderlayId`, `hookItemTypes`, `itemsCapacity`, `location`, `materialType`, `maxStackSize`, `maxStructure`, `radar`, `pscript`, `spellId`, `stackSize`, `structure`, `targetTypeId`, `usability`, `useRadius`, `validLocations`, `value`, `workmanship`, `animationFrameId`, `defaultScript`, `defaultScriptIntensity`, `elasticity`, `friction`, `locationId`, `modelTableId`, `objectScale`, `physicsBitField`, `physicsTableId`, `motionTableId`, `soundTableId`, `physicsState`, `translucency`, `currentMotionState`)
VALUES (31228, 'Runic Door Guardian', 16, 0, 0, 3, 4, 0, 0, 0, 0, 0, 255, 1048630, 0, 100674805, 0, 0, 0, 255, 0, 0, 0, 0, 0, 0, 0, 0, 0, 0, 32, 3, 0, 0, 0, 0, 0, 0, 0, 0, 0, 33558613, 0, 104451, 872415369, 150995105, 536871017, 6292504, 0, 'AAA9AAAAAAA=');

INSERT INTO weenie_class (`weenieClassId`, `baseAceObjectId`)
VALUES (31228, 31228);

INSERT INTO `base_ace_object` (`baseAceObjectId`, `name`, `typeId`, `paletteId`, `ammoType`, `blipColor`, `bitField`, `burden`, `combatUse`, `cooldownDuration`, `cooldownId`, `effects`, `containersCapacity`, `header`, `hookTypeId`, `iconId`, `iconOverlayId`, `iconUnderlayId`, `hookItemTypes`, `itemsCapacity`, `location`, `materialType`, `maxStackSize`, `maxStructure`, `radar`, `pscript`, `spellId`, `stackSize`, `structure`, `targetTypeId`, `usability`, `useRadius`, `validLocations`, `value`, `workmanship`, `animationFrameId`, `defaultScript`, `defaultScriptIntensity`, `elasticity`, `friction`, `locationId`, `modelTableId`, `objectScale`, `physicsBitField`, `physicsTableId`, `motionTableId`, `soundTableId`, `physicsState`, `translucency`, `currentMotionState`)
VALUES (53412, 'Font of Enlightenment and Rebirth', 16, 0, 0, 3, 4, 0, 0, 0, 0, 0, 255, 9437238, 0, 100667446, 0, 0, 0, 255, 0, 0, 0, 0, 4, 0, 0, 0, 0, 0, 32, 2, 0, 0, 0, 0, 0, 0, 0, 0, 0, 33558954, 0, 362499, 0, 150995147, 536870913, 6292504, 0.99, 'AAA9AAAAAAA=');

INSERT INTO weenie_class (`weenieClassId`, `baseAceObjectId`)
VALUES (53412, 53412);

INSERT INTO `base_ace_object` (`baseAceObjectId`, `name`, `typeId`, `paletteId`, `ammoType`, `blipColor`, `bitField`, `burden`, `combatUse`, `cooldownDuration`, `cooldownId`, `effects`, `containersCapacity`, `header`, `hookTypeId`, `iconId`, `iconOverlayId`, `iconUnderlayId`, `hookItemTypes`, `itemsCapacity`, `location`, `materialType`, `maxStackSize`, `maxStructure`, `radar`, `pscript`, `spellId`, `stackSize`, `structure`, `targetTypeId`, `usability`, `useRadius`, `validLocations`, `value`, `workmanship`, `animationFrameId`, `defaultScript`, `defaultScriptIntensity`, `elasticity`, `friction`, `locationId`, `modelTableId`, `objectScale`, `physicsBitField`, `physicsTableId`, `motionTableId`, `soundTableId`, `physicsState`, `translucency`, `currentMotionState`)
VALUES (37455, 'Forge Golem', 16, 67116739, 0, 0, 20, 0, 0, 0, 0, 0, 255, 8388630, 0, 100667940, 0, 0, 0, 255, 0, 0, 0, 0, 2, 0, 0, 0, 0, 0, 1, 0, 0, 0, 0, 0, 0, 0, 0, 0, 0, 33559702, 1.3, 104579, 872415332, 150995344, 536871119, 1032, 0, 'AAA9AAAAAAA=');

INSERT INTO weenie_class (`weenieClassId`, `baseAceObjectId`)
VALUES (37455, 37455);

INSERT INTO `weenie_palette_changes` (`weenieClassId`, `subPaletteId`, `offset`, `length`)
VALUES (37455, 67116746, 0, 0);

INSERT INTO `base_ace_object` (`baseAceObjectId`, `name`, `typeId`, `paletteId`, `ammoType`, `blipColor`, `bitField`, `burden`, `combatUse`, `cooldownDuration`, `cooldownId`, `effects`, `containersCapacity`, `header`, `hookTypeId`, `iconId`, `iconOverlayId`, `iconUnderlayId`, `hookItemTypes`, `itemsCapacity`, `location`, `materialType`, `maxStackSize`, `maxStructure`, `radar`, `pscript`, `spellId`, `stackSize`, `structure`, `targetTypeId`, `usability`, `useRadius`, `validLocations`, `value`, `workmanship`, `animationFrameId`, `defaultScript`, `defaultScriptIntensity`, `elasticity`, `friction`, `locationId`, `modelTableId`, `objectScale`, `physicsBitField`, `physicsTableId`, `motionTableId`, `soundTableId`, `physicsState`, `translucency`, `currentMotionState`)
VALUES (41949, 'Mhoire Castle Great Hall Portal', 16, 0, 0, 4, 4, 0, 0, 0, 0, 0, 255, 9437238, 0, 100667499, 0, 0, 0, 255, 0, 0, 0, 0, 4, 0, 0, 0, 0, 0, 32, 3, 0, 0, 0, 0, 0, 0, 0, 0, 0, 33560901, 0, 104451, 872415274, 150995314, 536871052, 6294556, 0, 'AAA9AAAAAAA=');

INSERT INTO weenie_class (`weenieClassId`, `baseAceObjectId`)
VALUES (41949, 41949);

INSERT INTO `base_ace_object` (`baseAceObjectId`, `name`, `typeId`, `paletteId`, `ammoType`, `blipColor`, `bitField`, `burden`, `combatUse`, `cooldownDuration`, `cooldownId`, `effects`, `containersCapacity`, `header`, `hookTypeId`, `iconId`, `iconOverlayId`, `iconUnderlayId`, `hookItemTypes`, `itemsCapacity`, `location`, `materialType`, `maxStackSize`, `maxStructure`, `radar`, `pscript`, `spellId`, `stackSize`, `structure`, `targetTypeId`, `usability`, `useRadius`, `validLocations`, `value`, `workmanship`, `animationFrameId`, `defaultScript`, `defaultScriptIntensity`, `elasticity`, `friction`, `locationId`, `modelTableId`, `objectScale`, `physicsBitField`, `physicsTableId`, `motionTableId`, `soundTableId`, `physicsState`, `translucency`, `currentMotionState`)
VALUES (19267, 'Bronze Statue of a Grievver', 16, 67112927, 0, 0, 20, 0, 0, 0, 0, 0, 255, 8388630, 0, 100670960, 0, 0, 0, 255, 0, 0, 0, 0, 2, 0, 0, 0, 0, 0, 1, 0, 0, 0, 0, 0, 86, 1, 0, 0, 0, 33556698, 2, 129155, 872415387, 150995190, 536871052, 1032, 0, 'AAA9AAAAAAA=');

INSERT INTO weenie_class (`weenieClassId`, `baseAceObjectId`)
VALUES (19267, 19267);

INSERT INTO `weenie_palette_changes` (`weenieClassId`, `subPaletteId`, `offset`, `length`)
VALUES (19267, 67113814, 0, 0);

INSERT INTO `base_ace_object` (`baseAceObjectId`, `name`, `typeId`, `paletteId`, `ammoType`, `blipColor`, `bitField`, `burden`, `combatUse`, `cooldownDuration`, `cooldownId`, `effects`, `containersCapacity`, `header`, `hookTypeId`, `iconId`, `iconOverlayId`, `iconUnderlayId`, `hookItemTypes`, `itemsCapacity`, `location`, `materialType`, `maxStackSize`, `maxStructure`, `radar`, `pscript`, `spellId`, `stackSize`, `structure`, `targetTypeId`, `usability`, `useRadius`, `validLocations`, `value`, `workmanship`, `animationFrameId`, `defaultScript`, `defaultScriptIntensity`, `elasticity`, `friction`, `locationId`, `modelTableId`, `objectScale`, `physicsBitField`, `physicsTableId`, `motionTableId`, `soundTableId`, `physicsState`, `translucency`, `currentMotionState`)
VALUES (19270, 'Bronze Statue of a Shadow', 16, 67108990, 0, 0, 20, 0, 0, 0, 0, 0, 255, 8388630, 0, 100670397, 0, 0, 0, 255, 0, 0, 0, 0, 2, 0, 0, 0, 0, 0, 1, 0, 0, 0, 0, 0, 0, 0, 0, 0, 0, 33554433, 1.9, 104579, 872415349, 150995187, 536871052, 4195336, 0, 'AAA9AAAAAAA=');

INSERT INTO weenie_class (`weenieClassId`, `baseAceObjectId`)
VALUES (19270, 19270);

INSERT INTO `weenie_palette_changes` (`weenieClassId`, `subPaletteId`, `offset`, `length`)
VALUES (19270, 67113866, 0, 0);

INSERT INTO `base_ace_object` (`baseAceObjectId`, `name`, `typeId`, `paletteId`, `ammoType`, `blipColor`, `bitField`, `burden`, `combatUse`, `cooldownDuration`, `cooldownId`, `effects`, `containersCapacity`, `header`, `hookTypeId`, `iconId`, `iconOverlayId`, `iconUnderlayId`, `hookItemTypes`, `itemsCapacity`, `location`, `materialType`, `maxStackSize`, `maxStructure`, `radar`, `pscript`, `spellId`, `stackSize`, `structure`, `targetTypeId`, `usability`, `useRadius`, `validLocations`, `value`, `workmanship`, `animationFrameId`, `defaultScript`, `defaultScriptIntensity`, `elasticity`, `friction`, `locationId`, `modelTableId`, `objectScale`, `physicsBitField`, `physicsTableId`, `motionTableId`, `soundTableId`, `physicsState`, `translucency`, `currentMotionState`)
VALUES (19273, 'Bronze Statue of a Virindi', 16, 67111346, 0, 0, 20, 0, 0, 0, 0, 0, 255, 8388630, 0, 100667943, 0, 0, 0, 255, 0, 0, 0, 0, 2, 0, 0, 0, 0, 0, 1, 0, 0, 0, 0, 0, 0, 0, 0, 0, 0, 33556982, 2, 104579, 872415273, 150995192, 536871052, 1032, 0, 'AAA9AAAAAAA=');

INSERT INTO weenie_class (`weenieClassId`, `baseAceObjectId`)
VALUES (19273, 19273);

INSERT INTO `weenie_palette_changes` (`weenieClassId`, `subPaletteId`, `offset`, `length`)
VALUES (19273, 67113828, 0, 0);

INSERT INTO `weenie_texture_map_changes` (`weenieClassId`, `index`, `oldId`, `newId`)
VALUES (19273, 9, 83890028, 83890027);

INSERT INTO `weenie_animation_changes` (`weenieClassId`, `index`, `animationId`)
VALUES (19273, 9, 16780702);

INSERT INTO `base_ace_object` (`baseAceObjectId`, `name`, `typeId`, `paletteId`, `ammoType`, `blipColor`, `bitField`, `burden`, `combatUse`, `cooldownDuration`, `cooldownId`, `effects`, `containersCapacity`, `header`, `hookTypeId`, `iconId`, `iconOverlayId`, `iconUnderlayId`, `hookItemTypes`, `itemsCapacity`, `location`, `materialType`, `maxStackSize`, `maxStructure`, `radar`, `pscript`, `spellId`, `stackSize`, `structure`, `targetTypeId`, `usability`, `useRadius`, `validLocations`, `value`, `workmanship`, `animationFrameId`, `defaultScript`, `defaultScriptIntensity`, `elasticity`, `friction`, `locationId`, `modelTableId`, `objectScale`, `physicsBitField`, `physicsTableId`, `motionTableId`, `soundTableId`, `physicsState`, `translucency`, `currentMotionState`)
VALUES (46303, 'Wall of Ice', 16, 0, 0, 0, 20, 0, 0, 0, 0, 0, 255, 22, 0, 100676956, 0, 0, 0, 255, 0, 0, 0, 0, 0, 0, 0, 0, 0, 0, 1, 0, 0, 0, 0, 0, 0, 0, 0, 0, 0, 33560926, 0, 104451, 872415328, 150995355, 536871001, 66568, 0, 'AAA9AAAAAAA=');

INSERT INTO weenie_class (`weenieClassId`, `baseAceObjectId`)
VALUES (46303, 46303);

INSERT INTO `base_ace_object` (`baseAceObjectId`, `name`, `typeId`, `paletteId`, `ammoType`, `blipColor`, `bitField`, `burden`, `combatUse`, `cooldownDuration`, `cooldownId`, `effects`, `containersCapacity`, `header`, `hookTypeId`, `iconId`, `iconOverlayId`, `iconUnderlayId`, `hookItemTypes`, `itemsCapacity`, `location`, `materialType`, `maxStackSize`, `maxStructure`, `radar`, `pscript`, `spellId`, `stackSize`, `structure`, `targetTypeId`, `usability`, `useRadius`, `validLocations`, `value`, `workmanship`, `animationFrameId`, `defaultScript`, `defaultScriptIntensity`, `elasticity`, `friction`, `locationId`, `modelTableId`, `objectScale`, `physicsBitField`, `physicsTableId`, `motionTableId`, `soundTableId`, `physicsState`, `translucency`, `currentMotionState`)
VALUES (31975, 'Shrine to Xik Minru', 16, 0, 0, 3, 4, 0, 0, 0, 0, 0, 255, 1048630, 0, 100675788, 0, 0, 0, 255, 0, 0, 0, 0, 0, 0, 0, 0, 0, 0, 32, 3, 0, 0, 0, 0, 0, 0, 0, 0, 0, 33558607, 0, 104451, 872415274, 150995279, 536871052, 6358040, 0, 'AAA9AAAAAAA=');

INSERT INTO weenie_class (`weenieClassId`, `baseAceObjectId`)
VALUES (31975, 31975);

INSERT INTO `base_ace_object` (`baseAceObjectId`, `name`, `typeId`, `paletteId`, `ammoType`, `blipColor`, `bitField`, `burden`, `combatUse`, `cooldownDuration`, `cooldownId`, `effects`, `containersCapacity`, `header`, `hookTypeId`, `iconId`, `iconOverlayId`, `iconUnderlayId`, `hookItemTypes`, `itemsCapacity`, `location`, `materialType`, `maxStackSize`, `maxStructure`, `radar`, `pscript`, `spellId`, `stackSize`, `structure`, `targetTypeId`, `usability`, `useRadius`, `validLocations`, `value`, `workmanship`, `animationFrameId`, `defaultScript`, `defaultScriptIntensity`, `elasticity`, `friction`, `locationId`, `modelTableId`, `objectScale`, `physicsBitField`, `physicsTableId`, `motionTableId`, `soundTableId`, `physicsState`, `translucency`, `currentMotionState`)
VALUES (25456, 'Reinforced Door', 16, 0, 0, 0, 20, 0, 0, 0, 0, 0, 255, 8388630, 0, 100673480, 0, 0, 0, 255, 0, 0, 0, 0, 4, 0, 0, 0, 0, 0, 1, 0, 0, 0, 0, 0, 0, 0, 0, 0, 0, 33558453, 0, 104451, 872415339, 150995221, 536871001, 66568, 0, 'AAA9AAAAAAA=');

INSERT INTO weenie_class (`weenieClassId`, `baseAceObjectId`)
VALUES (25456, 25456);

INSERT INTO `base_ace_object` (`baseAceObjectId`, `name`, `typeId`, `paletteId`, `ammoType`, `blipColor`, `bitField`, `burden`, `combatUse`, `cooldownDuration`, `cooldownId`, `effects`, `containersCapacity`, `header`, `hookTypeId`, `iconId`, `iconOverlayId`, `iconUnderlayId`, `hookItemTypes`, `itemsCapacity`, `location`, `materialType`, `maxStackSize`, `maxStructure`, `radar`, `pscript`, `spellId`, `stackSize`, `structure`, `targetTypeId`, `usability`, `useRadius`, `validLocations`, `value`, `workmanship`, `animationFrameId`, `defaultScript`, `defaultScriptIntensity`, `elasticity`, `friction`, `locationId`, `modelTableId`, `objectScale`, `physicsBitField`, `physicsTableId`, `motionTableId`, `soundTableId`, `physicsState`, `translucency`, `currentMotionState`)
VALUES (25489, 'Pool of Goo', 16, 67113288, 0, 3, 4, 0, 0, 0, 0, 0, 255, 1048630, 0, 100674807, 0, 0, 0, 255, 0, 0, 0, 0, 0, 0, 0, 0, 0, 0, 32, 5.5, 0, 0, 0, 0, 0, 0, 0, 0, 0, 33558427, 0, 100359, 0, 150995249, 536871052, 6292504, 0, 'AAA9AAAAAAA=');

INSERT INTO weenie_class (`weenieClassId`, `baseAceObjectId`)
VALUES (25489, 25489);

INSERT INTO `weenie_palette_changes` (`weenieClassId`, `subPaletteId`, `offset`, `length`)
VALUES (25489, 67114477, 0, 0);

INSERT INTO `base_ace_object` (`baseAceObjectId`, `name`, `typeId`, `paletteId`, `ammoType`, `blipColor`, `bitField`, `burden`, `combatUse`, `cooldownDuration`, `cooldownId`, `effects`, `containersCapacity`, `header`, `hookTypeId`, `iconId`, `iconOverlayId`, `iconUnderlayId`, `hookItemTypes`, `itemsCapacity`, `location`, `materialType`, `maxStackSize`, `maxStructure`, `radar`, `pscript`, `spellId`, `stackSize`, `structure`, `targetTypeId`, `usability`, `useRadius`, `validLocations`, `value`, `workmanship`, `animationFrameId`, `defaultScript`, `defaultScriptIntensity`, `elasticity`, `friction`, `locationId`, `modelTableId`, `objectScale`, `physicsBitField`, `physicsTableId`, `motionTableId`, `soundTableId`, `physicsState`, `translucency`, `currentMotionState`)
VALUES (48718, 'Wall of Ice', 16, 0, 0, 0, 4, 0, 0, 0, 0, 0, 255, 22, 0, 100676956, 0, 0, 0, 255, 0, 0, 0, 0, 0, 0, 0, 0, 0, 0, 1, 0, 0, 0, 0, 0, 0, 0, 0, 0, 0, 33560926, 0, 104451, 872415328, 150995355, 536871001, 66568, 0, 'AAA9AAAAAAA=');

INSERT INTO weenie_class (`weenieClassId`, `baseAceObjectId`)
VALUES (48718, 48718);

INSERT INTO `base_ace_object` (`baseAceObjectId`, `name`, `typeId`, `paletteId`, `ammoType`, `blipColor`, `bitField`, `burden`, `combatUse`, `cooldownDuration`, `cooldownId`, `effects`, `containersCapacity`, `header`, `hookTypeId`, `iconId`, `iconOverlayId`, `iconUnderlayId`, `hookItemTypes`, `itemsCapacity`, `location`, `materialType`, `maxStackSize`, `maxStructure`, `radar`, `pscript`, `spellId`, `stackSize`, `structure`, `targetTypeId`, `usability`, `useRadius`, `validLocations`, `value`, `workmanship`, `animationFrameId`, `defaultScript`, `defaultScriptIntensity`, `elasticity`, `friction`, `locationId`, `modelTableId`, `objectScale`, `physicsBitField`, `physicsTableId`, `motionTableId`, `soundTableId`, `physicsState`, `translucency`, `currentMotionState`)
VALUES (48724, 'Wall of Ice', 16, 0, 0, 0, 4, 0, 0, 0, 0, 0, 255, 22, 0, 100676956, 0, 0, 0, 255, 0, 0, 0, 0, 0, 0, 0, 0, 0, 0, 1, 0, 0, 0, 0, 0, 0, 0, 0, 0, 0, 33560926, 0, 104451, 872415328, 150995355, 536871001, 66568, 0, 'AAA9AAAAAAA=');

INSERT INTO weenie_class (`weenieClassId`, `baseAceObjectId`)
VALUES (48724, 48724);

INSERT INTO `base_ace_object` (`baseAceObjectId`, `name`, `typeId`, `paletteId`, `ammoType`, `blipColor`, `bitField`, `burden`, `combatUse`, `cooldownDuration`, `cooldownId`, `effects`, `containersCapacity`, `header`, `hookTypeId`, `iconId`, `iconOverlayId`, `iconUnderlayId`, `hookItemTypes`, `itemsCapacity`, `location`, `materialType`, `maxStackSize`, `maxStructure`, `radar`, `pscript`, `spellId`, `stackSize`, `structure`, `targetTypeId`, `usability`, `useRadius`, `validLocations`, `value`, `workmanship`, `animationFrameId`, `defaultScript`, `defaultScriptIntensity`, `elasticity`, `friction`, `locationId`, `modelTableId`, `objectScale`, `physicsBitField`, `physicsTableId`, `motionTableId`, `soundTableId`, `physicsState`, `translucency`, `currentMotionState`)
VALUES (38259, 'Shrine of the Skull of Mishfain', 16, 0, 0, 3, 4, 0, 0, 0, 0, 0, 255, 1048630, 0, 100675788, 0, 0, 0, 255, 0, 0, 0, 0, 0, 0, 0, 0, 0, 0, 32, 3, 0, 0, 0, 0, 0, 0, 0, 0, 0, 33558607, 0, 104451, 872415274, 150995279, 536871052, 6358040, 0, 'AAA9AAAAAAA=');

INSERT INTO weenie_class (`weenieClassId`, `baseAceObjectId`)
VALUES (38259, 38259);

INSERT INTO `base_ace_object` (`baseAceObjectId`, `name`, `typeId`, `paletteId`, `ammoType`, `blipColor`, `bitField`, `burden`, `combatUse`, `cooldownDuration`, `cooldownId`, `effects`, `containersCapacity`, `header`, `hookTypeId`, `iconId`, `iconOverlayId`, `iconUnderlayId`, `hookItemTypes`, `itemsCapacity`, `location`, `materialType`, `maxStackSize`, `maxStructure`, `radar`, `pscript`, `spellId`, `stackSize`, `structure`, `targetTypeId`, `usability`, `useRadius`, `validLocations`, `value`, `workmanship`, `animationFrameId`, `defaultScript`, `defaultScriptIntensity`, `elasticity`, `friction`, `locationId`, `modelTableId`, `objectScale`, `physicsBitField`, `physicsTableId`, `motionTableId`, `soundTableId`, `physicsState`, `translucency`, `currentMotionState`)
VALUES (38260, 'Shrine of the Sacred Deep Water', 16, 0, 0, 3, 4, 0, 0, 0, 0, 0, 255, 1048630, 0, 100675788, 0, 0, 0, 255, 0, 0, 0, 0, 0, 0, 0, 0, 0, 0, 32, 3, 0, 0, 0, 0, 0, 0, 0, 0, 0, 33558607, 0, 104451, 872415274, 150995279, 536871052, 6358040, 0, 'AAA9AAAAAAA=');

INSERT INTO weenie_class (`weenieClassId`, `baseAceObjectId`)
VALUES (38260, 38260);

INSERT INTO `base_ace_object` (`baseAceObjectId`, `name`, `typeId`, `paletteId`, `ammoType`, `blipColor`, `bitField`, `burden`, `combatUse`, `cooldownDuration`, `cooldownId`, `effects`, `containersCapacity`, `header`, `hookTypeId`, `iconId`, `iconOverlayId`, `iconUnderlayId`, `hookItemTypes`, `itemsCapacity`, `location`, `materialType`, `maxStackSize`, `maxStructure`, `radar`, `pscript`, `spellId`, `stackSize`, `structure`, `targetTypeId`, `usability`, `useRadius`, `validLocations`, `value`, `workmanship`, `animationFrameId`, `defaultScript`, `defaultScriptIntensity`, `elasticity`, `friction`, `locationId`, `modelTableId`, `objectScale`, `physicsBitField`, `physicsTableId`, `motionTableId`, `soundTableId`, `physicsState`, `translucency`, `currentMotionState`)
VALUES (38263, 'Shrine of the Blood Pearl', 16, 0, 0, 3, 4, 0, 0, 0, 0, 0, 255, 1048630, 0, 100675788, 0, 0, 0, 255, 0, 0, 0, 0, 0, 0, 0, 0, 0, 0, 32, 3, 0, 0, 0, 0, 0, 0, 0, 0, 0, 33558607, 0, 104451, 872415274, 150995279, 536871052, 6358040, 0, 'AAA9AAAAAAA=');

INSERT INTO weenie_class (`weenieClassId`, `baseAceObjectId`)
VALUES (38263, 38263);

INSERT INTO `base_ace_object` (`baseAceObjectId`, `name`, `typeId`, `paletteId`, `ammoType`, `blipColor`, `bitField`, `burden`, `combatUse`, `cooldownDuration`, `cooldownId`, `effects`, `containersCapacity`, `header`, `hookTypeId`, `iconId`, `iconOverlayId`, `iconUnderlayId`, `hookItemTypes`, `itemsCapacity`, `location`, `materialType`, `maxStackSize`, `maxStructure`, `radar`, `pscript`, `spellId`, `stackSize`, `structure`, `targetTypeId`, `usability`, `useRadius`, `validLocations`, `value`, `workmanship`, `animationFrameId`, `defaultScript`, `defaultScriptIntensity`, `elasticity`, `friction`, `locationId`, `modelTableId`, `objectScale`, `physicsBitField`, `physicsTableId`, `motionTableId`, `soundTableId`, `physicsState`, `translucency`, `currentMotionState`)
VALUES (53288, 'Lair of Holcha', 16, 67113068, 0, 4, 4, 0, 0, 0, 0, 0, 255, 9437238, 0, 100671204, 0, 0, 0, 255, 0, 0, 0, 0, 4, 0, 0, 0, 0, 0, 32, 3, 0, 0, 0, 0, 0, 0, 0, 0, 0, 33556891, 0.85, 100483, 0, 150995504, 536870932, 6292504, 0, 'AAA9AAAAAAA=');

INSERT INTO weenie_class (`weenieClassId`, `baseAceObjectId`)
VALUES (53288, 53288);

INSERT INTO `weenie_palette_changes` (`weenieClassId`, `subPaletteId`, `offset`, `length`)
VALUES (53288, 67117144, 0, 0);

INSERT INTO `base_ace_object` (`baseAceObjectId`, `name`, `typeId`, `paletteId`, `ammoType`, `blipColor`, `bitField`, `burden`, `combatUse`, `cooldownDuration`, `cooldownId`, `effects`, `containersCapacity`, `header`, `hookTypeId`, `iconId`, `iconOverlayId`, `iconUnderlayId`, `hookItemTypes`, `itemsCapacity`, `location`, `materialType`, `maxStackSize`, `maxStructure`, `radar`, `pscript`, `spellId`, `stackSize`, `structure`, `targetTypeId`, `usability`, `useRadius`, `validLocations`, `value`, `workmanship`, `animationFrameId`, `defaultScript`, `defaultScriptIntensity`, `elasticity`, `friction`, `locationId`, `modelTableId`, `objectScale`, `physicsBitField`, `physicsTableId`, `motionTableId`, `soundTableId`, `physicsState`, `translucency`, `currentMotionState`)
VALUES (53286, 'Lair of Tremb''Orh', 16, 67114692, 0, 4, 4, 0, 0, 0, 0, 0, 255, 9437238, 0, 100671420, 0, 0, 0, 255, 0, 0, 0, 0, 4, 0, 0, 0, 0, 0, 32, 3, 0, 0, 0, 0, 0, 0, 0, 0, 0, 33561686, 0, 100355, 0, 150995505, 536870932, 6292504, 0, 'AAA9AAAAAAA=');

INSERT INTO weenie_class (`weenieClassId`, `baseAceObjectId`)
VALUES (53286, 53286);

INSERT INTO `weenie_palette_changes` (`weenieClassId`, `subPaletteId`, `offset`, `length`)
VALUES (53286, 67117145, 0, 0);

INSERT INTO `weenie_texture_map_changes` (`weenieClassId`, `index`, `oldId`, `newId`)
VALUES (53286, 13, 83894877, 83894877)
     , (53286, 13, 83894885, 83894885)
     , (53286, 13, 83894884, 83894884);

INSERT INTO `weenie_animation_changes` (`weenieClassId`, `index`, `animationId`)
VALUES (53286, 13, 16789731);

INSERT INTO `base_ace_object` (`baseAceObjectId`, `name`, `typeId`, `paletteId`, `ammoType`, `blipColor`, `bitField`, `burden`, `combatUse`, `cooldownDuration`, `cooldownId`, `effects`, `containersCapacity`, `header`, `hookTypeId`, `iconId`, `iconOverlayId`, `iconUnderlayId`, `hookItemTypes`, `itemsCapacity`, `location`, `materialType`, `maxStackSize`, `maxStructure`, `radar`, `pscript`, `spellId`, `stackSize`, `structure`, `targetTypeId`, `usability`, `useRadius`, `validLocations`, `value`, `workmanship`, `animationFrameId`, `defaultScript`, `defaultScriptIntensity`, `elasticity`, `friction`, `locationId`, `modelTableId`, `objectScale`, `physicsBitField`, `physicsTableId`, `motionTableId`, `soundTableId`, `physicsState`, `translucency`, `currentMotionState`)
VALUES (53284, 'Lair of the Gromnus Champion', 16, 67109307, 0, 4, 4, 0, 0, 0, 0, 0, 255, 9437238, 0, 100667938, 0, 0, 0, 255, 0, 0, 0, 0, 4, 0, 0, 0, 0, 0, 32, 3, 0, 0, 0, 0, 0, 0, 0, 0, 0, 33561507, 0, 100355, 0, 150995503, 536870932, 6292504, 0, 'AAA9AAAAAAA=');

INSERT INTO weenie_class (`weenieClassId`, `baseAceObjectId`)
VALUES (53284, 53284);

INSERT INTO `weenie_palette_changes` (`weenieClassId`, `subPaletteId`, `offset`, `length`)
VALUES (53284, 67113822, 0, 0);

INSERT INTO `base_ace_object` (`baseAceObjectId`, `name`, `typeId`, `paletteId`, `ammoType`, `blipColor`, `bitField`, `burden`, `combatUse`, `cooldownDuration`, `cooldownId`, `effects`, `containersCapacity`, `header`, `hookTypeId`, `iconId`, `iconOverlayId`, `iconUnderlayId`, `hookItemTypes`, `itemsCapacity`, `location`, `materialType`, `maxStackSize`, `maxStructure`, `radar`, `pscript`, `spellId`, `stackSize`, `structure`, `targetTypeId`, `usability`, `useRadius`, `validLocations`, `value`, `workmanship`, `animationFrameId`, `defaultScript`, `defaultScriptIntensity`, `elasticity`, `friction`, `locationId`, `modelTableId`, `objectScale`, `physicsBitField`, `physicsTableId`, `motionTableId`, `soundTableId`, `physicsState`, `translucency`, `currentMotionState`)
VALUES (29730, 'Font Guardian', 16, 0, 0, 3, 4, 0, 0, 0, 0, 0, 255, 1048630, 0, 100675780, 0, 0, 0, 255, 0, 0, 0, 0, 0, 0, 0, 0, 0, 0, 32, 3, 0, 0, 0, 0, 0, 0, 0, 0, 0, 33558954, 1.4, 104579, 872415274, 150995147, 536871052, 6292504, 0, 'AAA9AAAAAAA=');

INSERT INTO weenie_class (`weenieClassId`, `baseAceObjectId`)
VALUES (29730, 29730);

INSERT INTO `base_ace_object` (`baseAceObjectId`, `name`, `typeId`, `paletteId`, `ammoType`, `blipColor`, `bitField`, `burden`, `combatUse`, `cooldownDuration`, `cooldownId`, `effects`, `containersCapacity`, `header`, `hookTypeId`, `iconId`, `iconOverlayId`, `iconUnderlayId`, `hookItemTypes`, `itemsCapacity`, `location`, `materialType`, `maxStackSize`, `maxStructure`, `radar`, `pscript`, `spellId`, `stackSize`, `structure`, `targetTypeId`, `usability`, `useRadius`, `validLocations`, `value`, `workmanship`, `animationFrameId`, `defaultScript`, `defaultScriptIntensity`, `elasticity`, `friction`, `locationId`, `modelTableId`, `objectScale`, `physicsBitField`, `physicsTableId`, `motionTableId`, `soundTableId`, `physicsState`, `translucency`, `currentMotionState`)
VALUES (32525, 'Portal Pillar', 16, 0, 0, 0, 20, 0, 0, 0, 0, 0, 255, 8388630, 0, 100673507, 0, 0, 0, 255, 0, 0, 0, 0, 4, 0, 0, 0, 0, 0, 1, 0, 0, 0, 0, 0, 0, 0, 0, 0, 0, 33559803, 0, 104451, 872415369, 150995355, 536871052, 1036, 0, 'AAA9AAAAAAA=');

INSERT INTO weenie_class (`weenieClassId`, `baseAceObjectId`)
VALUES (32525, 32525);

INSERT INTO `base_ace_object` (`baseAceObjectId`, `name`, `typeId`, `paletteId`, `ammoType`, `blipColor`, `bitField`, `burden`, `combatUse`, `cooldownDuration`, `cooldownId`, `effects`, `containersCapacity`, `header`, `hookTypeId`, `iconId`, `iconOverlayId`, `iconUnderlayId`, `hookItemTypes`, `itemsCapacity`, `location`, `materialType`, `maxStackSize`, `maxStructure`, `radar`, `pscript`, `spellId`, `stackSize`, `structure`, `targetTypeId`, `usability`, `useRadius`, `validLocations`, `value`, `workmanship`, `animationFrameId`, `defaultScript`, `defaultScriptIntensity`, `elasticity`, `friction`, `locationId`, `modelTableId`, `objectScale`, `physicsBitField`, `physicsTableId`, `motionTableId`, `soundTableId`, `physicsState`, `translucency`, `currentMotionState`)
VALUES (25666, 'Reinforced Door', 16, 0, 0, 0, 20, 0, 0, 0, 0, 0, 255, 8388630, 0, 100673480, 0, 0, 0, 255, 0, 0, 0, 0, 4, 0, 0, 0, 0, 0, 1, 0, 0, 0, 0, 0, 0, 0, 0, 0, 0, 33558512, 0, 104451, 872415339, 150995221, 536871001, 66568, 0, 'AAA9AAAAAAA=');

INSERT INTO weenie_class (`weenieClassId`, `baseAceObjectId`)
VALUES (25666, 25666);

INSERT INTO `base_ace_object` (`baseAceObjectId`, `name`, `typeId`, `paletteId`, `ammoType`, `blipColor`, `bitField`, `burden`, `combatUse`, `cooldownDuration`, `cooldownId`, `effects`, `containersCapacity`, `header`, `hookTypeId`, `iconId`, `iconOverlayId`, `iconUnderlayId`, `hookItemTypes`, `itemsCapacity`, `location`, `materialType`, `maxStackSize`, `maxStructure`, `radar`, `pscript`, `spellId`, `stackSize`, `structure`, `targetTypeId`, `usability`, `useRadius`, `validLocations`, `value`, `workmanship`, `animationFrameId`, `defaultScript`, `defaultScriptIntensity`, `elasticity`, `friction`, `locationId`, `modelTableId`, `objectScale`, `physicsBitField`, `physicsTableId`, `motionTableId`, `soundTableId`, `physicsState`, `translucency`, `currentMotionState`)
VALUES (19291, 'Bronze Statue of a Gromnie', 16, 67109307, 0, 0, 20, 0, 0, 0, 0, 0, 255, 8388630, 0, 100667938, 0, 0, 0, 255, 0, 0, 0, 0, 2, 0, 0, 0, 0, 0, 1, 0, 0, 0, 0, 0, 87, 1, 0, 0, 0, 33554487, 1.3, 129155, 872415384, 150995184, 536871052, 1032, 0, 'AAA9AAAAAAA=');

INSERT INTO weenie_class (`weenieClassId`, `baseAceObjectId`)
VALUES (19291, 19291);

INSERT INTO `weenie_palette_changes` (`weenieClassId`, `subPaletteId`, `offset`, `length`)
VALUES (19291, 67113812, 0, 0);

INSERT INTO `base_ace_object` (`baseAceObjectId`, `name`, `typeId`, `paletteId`, `ammoType`, `blipColor`, `bitField`, `burden`, `combatUse`, `cooldownDuration`, `cooldownId`, `effects`, `containersCapacity`, `header`, `hookTypeId`, `iconId`, `iconOverlayId`, `iconUnderlayId`, `hookItemTypes`, `itemsCapacity`, `location`, `materialType`, `maxStackSize`, `maxStructure`, `radar`, `pscript`, `spellId`, `stackSize`, `structure`, `targetTypeId`, `usability`, `useRadius`, `validLocations`, `value`, `workmanship`, `animationFrameId`, `defaultScript`, `defaultScriptIntensity`, `elasticity`, `friction`, `locationId`, `modelTableId`, `objectScale`, `physicsBitField`, `physicsTableId`, `motionTableId`, `soundTableId`, `physicsState`, `translucency`, `currentMotionState`)
VALUES (19297, 'Bronze Statue of a Reedshark', 16, 67109313, 0, 0, 20, 0, 0, 0, 0, 0, 255, 8388630, 0, 100667939, 0, 0, 0, 255, 0, 0, 0, 0, 2, 0, 0, 0, 0, 0, 1, 0, 0, 0, 0, 0, 0, 0, 0, 0, 0, 33554489, 3, 104579, 872415386, 150995188, 536871052, 1032, 0, 'AAA9AAAAAAA=');

INSERT INTO weenie_class (`weenieClassId`, `baseAceObjectId`)
VALUES (19297, 19297);

INSERT INTO `weenie_palette_changes` (`weenieClassId`, `subPaletteId`, `offset`, `length`)
VALUES (19297, 67113802, 0, 0);

INSERT INTO `base_ace_object` (`baseAceObjectId`, `name`, `typeId`, `paletteId`, `ammoType`, `blipColor`, `bitField`, `burden`, `combatUse`, `cooldownDuration`, `cooldownId`, `effects`, `containersCapacity`, `header`, `hookTypeId`, `iconId`, `iconOverlayId`, `iconUnderlayId`, `hookItemTypes`, `itemsCapacity`, `location`, `materialType`, `maxStackSize`, `maxStructure`, `radar`, `pscript`, `spellId`, `stackSize`, `structure`, `targetTypeId`, `usability`, `useRadius`, `validLocations`, `value`, `workmanship`, `animationFrameId`, `defaultScript`, `defaultScriptIntensity`, `elasticity`, `friction`, `locationId`, `modelTableId`, `objectScale`, `physicsBitField`, `physicsTableId`, `motionTableId`, `soundTableId`, `physicsState`, `translucency`, `currentMotionState`)
VALUES (19294, 'Bronze Statue of a Mosswart', 16, 67113400, 0, 0, 20, 0, 0, 0, 0, 0, 255, 8388630, 0, 100667449, 0, 0, 0, 255, 0, 0, 0, 0, 2, 0, 0, 0, 0, 0, 1, 0, 0, 0, 0, 0, 0, 0, 0, 0, 0, 33557327, 2.5, 104579, 872415264, 150995185, 536871052, 1032, 0, 'AAA9AAAAAAA=');

INSERT INTO weenie_class (`weenieClassId`, `baseAceObjectId`)
VALUES (19294, 19294);

INSERT INTO `weenie_palette_changes` (`weenieClassId`, `subPaletteId`, `offset`, `length`)
VALUES (19294, 67113805, 0, 0);

INSERT INTO `weenie_texture_map_changes` (`weenieClassId`, `index`, `oldId`, `newId`)
VALUES (19294, 0, 83893769, 83893769)
     , (19294, 1, 83893768, 83893778)
     , (19294, 2, 83893766, 83893775)
     , (19294, 3, 83893766, 83893775)
     , (19294, 4, 83893766, 83893775)
     , (19294, 5, 83893766, 83893775)
     , (19294, 6, 83893766, 83893775)
     , (19294, 7, 83893766, 83893775)
     , (19294, 8, 83893767, 83893767)
     , (19294, 9, 83893768, 83893778)
     , (19294, 10, 83893766, 83893775)
     , (19294, 11, 83893767, 83893767)
     , (19294, 12, 83893768, 83893778)
     , (19294, 13, 83893766, 83893775)
     , (19294, 14, 83893766, 83893775)
     , (19294, 15, 83893766, 83893775)
     , (19294, 16, 83893766, 83893775);

INSERT INTO `weenie_animation_changes` (`weenieClassId`, `index`, `animationId`)
VALUES (19294, 0, 16787248)
     , (19294, 1, 16787249)
     , (19294, 2, 16787261)
     , (19294, 3, 16787254)
     , (19294, 4, 16787250)
     , (19294, 5, 16787259)
     , (19294, 6, 16787255)
     , (19294, 7, 16787253)
     , (19294, 8, 16787260)
     , (19294, 9, 16787262)
     , (19294, 10, 16787252)
     , (19294, 11, 16787258)
     , (19294, 12, 16787263)
     , (19294, 13, 16787251)
     , (19294, 14, 16787247)
     , (19294, 15, 16787257)
     , (19294, 16, 16787256);

INSERT INTO `base_ace_object` (`baseAceObjectId`, `name`, `typeId`, `paletteId`, `ammoType`, `blipColor`, `bitField`, `burden`, `combatUse`, `cooldownDuration`, `cooldownId`, `effects`, `containersCapacity`, `header`, `hookTypeId`, `iconId`, `iconOverlayId`, `iconUnderlayId`, `hookItemTypes`, `itemsCapacity`, `location`, `materialType`, `maxStackSize`, `maxStructure`, `radar`, `pscript`, `spellId`, `stackSize`, `structure`, `targetTypeId`, `usability`, `useRadius`, `validLocations`, `value`, `workmanship`, `animationFrameId`, `defaultScript`, `defaultScriptIntensity`, `elasticity`, `friction`, `locationId`, `modelTableId`, `objectScale`, `physicsBitField`, `physicsTableId`, `motionTableId`, `soundTableId`, `physicsState`, `translucency`, `currentMotionState`)
VALUES (19288, 'Bronze Statue of a Drudge', 16, 67112812, 0, 0, 20, 0, 0, 0, 0, 0, 255, 8388630, 0, 100667445, 0, 0, 0, 255, 0, 0, 0, 0, 2, 0, 0, 0, 0, 0, 1, 0, 0, 0, 0, 0, 0, 0, 0, 0, 0, 33556445, 2.5, 104579, 872415383, 150995182, 536871052, 1032, 0, 'AAA9AAAAAAA=');

INSERT INTO weenie_class (`weenieClassId`, `baseAceObjectId`)
VALUES (19288, 19288);

INSERT INTO `weenie_palette_changes` (`weenieClassId`, `subPaletteId`, `offset`, `length`)
VALUES (19288, 67113809, 0, 0);

INSERT INTO `weenie_texture_map_changes` (`weenieClassId`, `index`, `oldId`, `newId`)
VALUES (19288, 1, 83892459, 83892460)
     , (19288, 1, 83892457, 83892458);

INSERT INTO `weenie_animation_changes` (`weenieClassId`, `index`, `animationId`)
VALUES (19288, 1, 16784273);

INSERT INTO `base_ace_object` (`baseAceObjectId`, `name`, `typeId`, `paletteId`, `ammoType`, `blipColor`, `bitField`, `burden`, `combatUse`, `cooldownDuration`, `cooldownId`, `effects`, `containersCapacity`, `header`, `hookTypeId`, `iconId`, `iconOverlayId`, `iconUnderlayId`, `hookItemTypes`, `itemsCapacity`, `location`, `materialType`, `maxStackSize`, `maxStructure`, `radar`, `pscript`, `spellId`, `stackSize`, `structure`, `targetTypeId`, `usability`, `useRadius`, `validLocations`, `value`, `workmanship`, `animationFrameId`, `defaultScript`, `defaultScriptIntensity`, `elasticity`, `friction`, `locationId`, `modelTableId`, `objectScale`, `physicsBitField`, `physicsTableId`, `motionTableId`, `soundTableId`, `physicsState`, `translucency`, `currentMotionState`)
VALUES (41051, 'Resonant Portal', 16, 0, 0, 4, 4, 0, 0, 0, 0, 0, 255, 9437238, 0, 100667499, 0, 0, 0, 255, 0, 0, 0, 0, 4, 0, 0, 0, 0, 0, 32, 0.1, 0, 0, 0, 0, 0, 0, 0, 0, 0, 33556212, 0, 100355, 0, 150994947, 536870932, 6294556, 0, 'AAA9AAAAAAA=');

INSERT INTO weenie_class (`weenieClassId`, `baseAceObjectId`)
VALUES (41051, 41051);

INSERT INTO `base_ace_object` (`baseAceObjectId`, `name`, `typeId`, `paletteId`, `ammoType`, `blipColor`, `bitField`, `burden`, `combatUse`, `cooldownDuration`, `cooldownId`, `effects`, `containersCapacity`, `header`, `hookTypeId`, `iconId`, `iconOverlayId`, `iconUnderlayId`, `hookItemTypes`, `itemsCapacity`, `location`, `materialType`, `maxStackSize`, `maxStructure`, `radar`, `pscript`, `spellId`, `stackSize`, `structure`, `targetTypeId`, `usability`, `useRadius`, `validLocations`, `value`, `workmanship`, `animationFrameId`, `defaultScript`, `defaultScriptIntensity`, `elasticity`, `friction`, `locationId`, `modelTableId`, `objectScale`, `physicsBitField`, `physicsTableId`, `motionTableId`, `soundTableId`, `physicsState`, `translucency`, `currentMotionState`)
VALUES (40273, 'Unstable Test Portal', 16, 0, 0, 4, 4, 0, 0, 0, 0, 0, 255, 9437238, 0, 100667499, 0, 0, 0, 255, 0, 0, 0, 0, 4, 0, 0, 0, 0, 0, 32, 0.1, 0, 0, 0, 0, 0, 0, 0, 0, 0, 33556212, 0, 100355, 0, 150994947, 536870932, 6294556, 0, 'AAA9AAAAAAA=');

INSERT INTO weenie_class (`weenieClassId`, `baseAceObjectId`)
VALUES (40273, 40273);

INSERT INTO `base_ace_object` (`baseAceObjectId`, `name`, `typeId`, `paletteId`, `ammoType`, `blipColor`, `bitField`, `burden`, `combatUse`, `cooldownDuration`, `cooldownId`, `effects`, `containersCapacity`, `header`, `hookTypeId`, `iconId`, `iconOverlayId`, `iconUnderlayId`, `hookItemTypes`, `itemsCapacity`, `location`, `materialType`, `maxStackSize`, `maxStructure`, `radar`, `pscript`, `spellId`, `stackSize`, `structure`, `targetTypeId`, `usability`, `useRadius`, `validLocations`, `value`, `workmanship`, `animationFrameId`, `defaultScript`, `defaultScriptIntensity`, `elasticity`, `friction`, `locationId`, `modelTableId`, `objectScale`, `physicsBitField`, `physicsTableId`, `motionTableId`, `soundTableId`, `physicsState`, `translucency`, `currentMotionState`)
VALUES (41001, 'Test Portal', 16, 0, 0, 4, 4, 0, 0, 0, 0, 0, 255, 9437238, 0, 100667499, 0, 0, 0, 255, 0, 0, 0, 0, 4, 0, 0, 0, 0, 0, 32, 0.1, 0, 0, 0, 0, 0, 0, 0, 0, 0, 33556212, 0, 100355, 0, 150994947, 536870932, 6294556, 0, 'AAA9AAAAAAA=');

INSERT INTO weenie_class (`weenieClassId`, `baseAceObjectId`)
VALUES (41001, 41001);

INSERT INTO `base_ace_object` (`baseAceObjectId`, `name`, `typeId`, `paletteId`, `ammoType`, `blipColor`, `bitField`, `burden`, `combatUse`, `cooldownDuration`, `cooldownId`, `effects`, `containersCapacity`, `header`, `hookTypeId`, `iconId`, `iconOverlayId`, `iconUnderlayId`, `hookItemTypes`, `itemsCapacity`, `location`, `materialType`, `maxStackSize`, `maxStructure`, `radar`, `pscript`, `spellId`, `stackSize`, `structure`, `targetTypeId`, `usability`, `useRadius`, `validLocations`, `value`, `workmanship`, `animationFrameId`, `defaultScript`, `defaultScriptIntensity`, `elasticity`, `friction`, `locationId`, `modelTableId`, `objectScale`, `physicsBitField`, `physicsTableId`, `motionTableId`, `soundTableId`, `physicsState`, `translucency`, `currentMotionState`)
VALUES (33830, 'Reinforced Door', 16, 0, 0, 0, 20, 0, 0, 0, 0, 0, 255, 8388630, 0, 100673480, 0, 0, 0, 255, 0, 0, 0, 0, 4, 0, 0, 0, 0, 0, 1, 0, 0, 0, 0, 0, 0, 0, 0, 0, 0, 33558453, 3.5, 104579, 872415339, 150995221, 536871001, 66568, 0, 'AAA9AAAAAAA=');

INSERT INTO weenie_class (`weenieClassId`, `baseAceObjectId`)
VALUES (33830, 33830);

INSERT INTO `base_ace_object` (`baseAceObjectId`, `name`, `typeId`, `paletteId`, `ammoType`, `blipColor`, `bitField`, `burden`, `combatUse`, `cooldownDuration`, `cooldownId`, `effects`, `containersCapacity`, `header`, `hookTypeId`, `iconId`, `iconOverlayId`, `iconUnderlayId`, `hookItemTypes`, `itemsCapacity`, `location`, `materialType`, `maxStackSize`, `maxStructure`, `radar`, `pscript`, `spellId`, `stackSize`, `structure`, `targetTypeId`, `usability`, `useRadius`, `validLocations`, `value`, `workmanship`, `animationFrameId`, `defaultScript`, `defaultScriptIntensity`, `elasticity`, `friction`, `locationId`, `modelTableId`, `objectScale`, `physicsBitField`, `physicsTableId`, `motionTableId`, `soundTableId`, `physicsState`, `translucency`, `currentMotionState`)
VALUES (41002, 'Enhanced Test Portal', 16, 0, 0, 4, 4, 0, 0, 0, 0, 0, 255, 9437238, 0, 100667499, 0, 0, 0, 255, 0, 0, 0, 0, 4, 0, 0, 0, 0, 0, 32, 0.1, 0, 0, 0, 0, 0, 0, 0, 0, 0, 33556212, 0, 100355, 0, 150994947, 536870932, 6294556, 0, 'AAA9AAAAAAA=');

INSERT INTO weenie_class (`weenieClassId`, `baseAceObjectId`)
VALUES (41002, 41002);

INSERT INTO `base_ace_object` (`baseAceObjectId`, `name`, `typeId`, `paletteId`, `ammoType`, `blipColor`, `bitField`, `burden`, `combatUse`, `cooldownDuration`, `cooldownId`, `effects`, `containersCapacity`, `header`, `hookTypeId`, `iconId`, `iconOverlayId`, `iconUnderlayId`, `hookItemTypes`, `itemsCapacity`, `location`, `materialType`, `maxStackSize`, `maxStructure`, `radar`, `pscript`, `spellId`, `stackSize`, `structure`, `targetTypeId`, `usability`, `useRadius`, `validLocations`, `value`, `workmanship`, `animationFrameId`, `defaultScript`, `defaultScriptIntensity`, `elasticity`, `friction`, `locationId`, `modelTableId`, `objectScale`, `physicsBitField`, `physicsTableId`, `motionTableId`, `soundTableId`, `physicsState`, `translucency`, `currentMotionState`)
VALUES (52250, 'Door', 16, 0, 0, 0, 20, 0, 0, 0, 0, 0, 255, 8388630, 0, 100668183, 0, 0, 0, 255, 0, 0, 0, 0, 1, 0, 0, 0, 0, 0, 1, 0, 0, 0, 0, 0, 0, 0, 0, 0, 0, 33558673, 0, 104451, 872415339, 150995288, 536870946, 66568, 0, 'AAA9AAAAAAA=');

INSERT INTO weenie_class (`weenieClassId`, `baseAceObjectId`)
VALUES (52250, 52250);

INSERT INTO `base_ace_object` (`baseAceObjectId`, `name`, `typeId`, `paletteId`, `ammoType`, `blipColor`, `bitField`, `burden`, `combatUse`, `cooldownDuration`, `cooldownId`, `effects`, `containersCapacity`, `header`, `hookTypeId`, `iconId`, `iconOverlayId`, `iconUnderlayId`, `hookItemTypes`, `itemsCapacity`, `location`, `materialType`, `maxStackSize`, `maxStructure`, `radar`, `pscript`, `spellId`, `stackSize`, `structure`, `targetTypeId`, `usability`, `useRadius`, `validLocations`, `value`, `workmanship`, `animationFrameId`, `defaultScript`, `defaultScriptIntensity`, `elasticity`, `friction`, `locationId`, `modelTableId`, `objectScale`, `physicsBitField`, `physicsTableId`, `motionTableId`, `soundTableId`, `physicsState`, `translucency`, `currentMotionState`)
VALUES (41000, 'Enhanced Test Portal', 16, 0, 0, 4, 4, 0, 0, 0, 0, 0, 255, 9437238, 0, 100667499, 0, 0, 0, 255, 0, 0, 0, 0, 4, 0, 0, 0, 0, 0, 32, 0.1, 0, 0, 0, 0, 0, 0, 0, 0, 0, 33556212, 0, 100355, 0, 150994947, 536870932, 6294556, 0, 'AAA9AAAAAAA=');

INSERT INTO weenie_class (`weenieClassId`, `baseAceObjectId`)
VALUES (41000, 41000);

INSERT INTO `base_ace_object` (`baseAceObjectId`, `name`, `typeId`, `paletteId`, `ammoType`, `blipColor`, `bitField`, `burden`, `combatUse`, `cooldownDuration`, `cooldownId`, `effects`, `containersCapacity`, `header`, `hookTypeId`, `iconId`, `iconOverlayId`, `iconUnderlayId`, `hookItemTypes`, `itemsCapacity`, `location`, `materialType`, `maxStackSize`, `maxStructure`, `radar`, `pscript`, `spellId`, `stackSize`, `structure`, `targetTypeId`, `usability`, `useRadius`, `validLocations`, `value`, `workmanship`, `animationFrameId`, `defaultScript`, `defaultScriptIntensity`, `elasticity`, `friction`, `locationId`, `modelTableId`, `objectScale`, `physicsBitField`, `physicsTableId`, `motionTableId`, `soundTableId`, `physicsState`, `translucency`, `currentMotionState`)
VALUES (41003, 'Unstable Test Portal', 16, 0, 0, 4, 4, 0, 0, 0, 0, 0, 255, 9437238, 0, 100667499, 0, 0, 0, 255, 0, 0, 0, 0, 4, 0, 0, 0, 0, 0, 32, 0.1, 0, 0, 0, 0, 0, 0, 0, 0, 0, 33556212, 0, 100355, 0, 150994947, 536870932, 6294556, 0, 'AAA9AAAAAAA=');

INSERT INTO weenie_class (`weenieClassId`, `baseAceObjectId`)
VALUES (41003, 41003);

INSERT INTO `base_ace_object` (`baseAceObjectId`, `name`, `typeId`, `paletteId`, `ammoType`, `blipColor`, `bitField`, `burden`, `combatUse`, `cooldownDuration`, `cooldownId`, `effects`, `containersCapacity`, `header`, `hookTypeId`, `iconId`, `iconOverlayId`, `iconUnderlayId`, `hookItemTypes`, `itemsCapacity`, `location`, `materialType`, `maxStackSize`, `maxStructure`, `radar`, `pscript`, `spellId`, `stackSize`, `structure`, `targetTypeId`, `usability`, `useRadius`, `validLocations`, `value`, `workmanship`, `animationFrameId`, `defaultScript`, `defaultScriptIntensity`, `elasticity`, `friction`, `locationId`, `modelTableId`, `objectScale`, `physicsBitField`, `physicsTableId`, `motionTableId`, `soundTableId`, `physicsState`, `translucency`, `currentMotionState`)
VALUES (53061, 'Viridian Portal', 16, 0, 0, 4, 4, 0, 0, 0, 0, 0, 255, 9437238, 0, 100667499, 0, 0, 0, 255, 0, 0, 0, 0, 4, 0, 0, 0, 0, 0, 32, 3, 0, 0, 0, 0, 0, 0, 0, 0, 0, 33560221, 0, 104451, 872415274, 150995314, 536871052, 6294556, 0, 'AAA9AAAAAAA=');

INSERT INTO weenie_class (`weenieClassId`, `baseAceObjectId`)
VALUES (53061, 53061);

INSERT INTO `base_ace_object` (`baseAceObjectId`, `name`, `typeId`, `paletteId`, `ammoType`, `blipColor`, `bitField`, `burden`, `combatUse`, `cooldownDuration`, `cooldownId`, `effects`, `containersCapacity`, `header`, `hookTypeId`, `iconId`, `iconOverlayId`, `iconUnderlayId`, `hookItemTypes`, `itemsCapacity`, `location`, `materialType`, `maxStackSize`, `maxStructure`, `radar`, `pscript`, `spellId`, `stackSize`, `structure`, `targetTypeId`, `usability`, `useRadius`, `validLocations`, `value`, `workmanship`, `animationFrameId`, `defaultScript`, `defaultScriptIntensity`, `elasticity`, `friction`, `locationId`, `modelTableId`, `objectScale`, `physicsBitField`, `physicsTableId`, `motionTableId`, `soundTableId`, `physicsState`, `translucency`, `currentMotionState`)
VALUES (53062, 'Viridian Portal', 16, 0, 0, 4, 4, 0, 0, 0, 0, 0, 255, 9437238, 0, 100667499, 0, 0, 0, 255, 0, 0, 0, 0, 4, 0, 0, 0, 0, 0, 32, 3, 0, 0, 0, 0, 0, 0, 0, 0, 0, 33560221, 0, 104451, 872415274, 150995314, 536871052, 6294556, 0, 'AAA9AAAAAAA=');

INSERT INTO weenie_class (`weenieClassId`, `baseAceObjectId`)
VALUES (53062, 53062);

INSERT INTO `base_ace_object` (`baseAceObjectId`, `name`, `typeId`, `paletteId`, `ammoType`, `blipColor`, `bitField`, `burden`, `combatUse`, `cooldownDuration`, `cooldownId`, `effects`, `containersCapacity`, `header`, `hookTypeId`, `iconId`, `iconOverlayId`, `iconUnderlayId`, `hookItemTypes`, `itemsCapacity`, `location`, `materialType`, `maxStackSize`, `maxStructure`, `radar`, `pscript`, `spellId`, `stackSize`, `structure`, `targetTypeId`, `usability`, `useRadius`, `validLocations`, `value`, `workmanship`, `animationFrameId`, `defaultScript`, `defaultScriptIntensity`, `elasticity`, `friction`, `locationId`, `modelTableId`, `objectScale`, `physicsBitField`, `physicsTableId`, `motionTableId`, `soundTableId`, `physicsState`, `translucency`, `currentMotionState`)
VALUES (53063, 'Viridian Portal', 16, 0, 0, 4, 4, 0, 0, 0, 0, 0, 255, 9437238, 0, 100667499, 0, 0, 0, 255, 0, 0, 0, 0, 4, 0, 0, 0, 0, 0, 32, 3, 0, 0, 0, 0, 0, 0, 0, 0, 0, 33560221, 0, 104451, 872415274, 150995314, 536871052, 6294556, 0, 'AAA9AAAAAAA=');

INSERT INTO weenie_class (`weenieClassId`, `baseAceObjectId`)
VALUES (53063, 53063);

INSERT INTO `base_ace_object` (`baseAceObjectId`, `name`, `typeId`, `paletteId`, `ammoType`, `blipColor`, `bitField`, `burden`, `combatUse`, `cooldownDuration`, `cooldownId`, `effects`, `containersCapacity`, `header`, `hookTypeId`, `iconId`, `iconOverlayId`, `iconUnderlayId`, `hookItemTypes`, `itemsCapacity`, `location`, `materialType`, `maxStackSize`, `maxStructure`, `radar`, `pscript`, `spellId`, `stackSize`, `structure`, `targetTypeId`, `usability`, `useRadius`, `validLocations`, `value`, `workmanship`, `animationFrameId`, `defaultScript`, `defaultScriptIntensity`, `elasticity`, `friction`, `locationId`, `modelTableId`, `objectScale`, `physicsBitField`, `physicsTableId`, `motionTableId`, `soundTableId`, `physicsState`, `translucency`, `currentMotionState`)
VALUES (53064, 'Viridian Portal', 16, 0, 0, 4, 4, 0, 0, 0, 0, 0, 255, 9437238, 0, 100667499, 0, 0, 0, 255, 0, 0, 0, 0, 4, 0, 0, 0, 0, 0, 32, 3, 0, 0, 0, 0, 0, 0, 0, 0, 0, 33560221, 0, 104451, 872415274, 150995314, 536871052, 6294556, 0, 'AAA9AAAAAAA=');

INSERT INTO weenie_class (`weenieClassId`, `baseAceObjectId`)
VALUES (53064, 53064);

INSERT INTO `base_ace_object` (`baseAceObjectId`, `name`, `typeId`, `paletteId`, `ammoType`, `blipColor`, `bitField`, `burden`, `combatUse`, `cooldownDuration`, `cooldownId`, `effects`, `containersCapacity`, `header`, `hookTypeId`, `iconId`, `iconOverlayId`, `iconUnderlayId`, `hookItemTypes`, `itemsCapacity`, `location`, `materialType`, `maxStackSize`, `maxStructure`, `radar`, `pscript`, `spellId`, `stackSize`, `structure`, `targetTypeId`, `usability`, `useRadius`, `validLocations`, `value`, `workmanship`, `animationFrameId`, `defaultScript`, `defaultScriptIntensity`, `elasticity`, `friction`, `locationId`, `modelTableId`, `objectScale`, `physicsBitField`, `physicsTableId`, `motionTableId`, `soundTableId`, `physicsState`, `translucency`, `currentMotionState`)
VALUES (53365, 'Wind Fury', 16, 67108990, 0, 0, 20, 0, 0, 0, 0, 0, 255, 8388630, 0, 100670274, 0, 0, 0, 255, 0, 0, 0, 0, 2, 0, 0, 0, 0, 0, 1, 0, 0, 0, 0, 0, 0, 0, 0, 0, 0, 33561625, 1.2, 104643, 872415269, 150994945, 536870933, 4195336, 0, 'AAA9AAAAAAA=');

INSERT INTO weenie_class (`weenieClassId`, `baseAceObjectId`)
VALUES (53365, 53365);

INSERT INTO `weenie_palette_changes` (`weenieClassId`, `subPaletteId`, `offset`, `length`)
VALUES (53365, 67113252, 40, 24)
     , (53365, 67110361, 72, 8)
     , (53365, 67110361, 116, 12)
     , (53365, 67110361, 174, 12)
     , (53365, 67110361, 240, 10)
     , (53365, 67116870, 92, 4)
     , (53365, 67116870, 128, 8)
     , (53365, 67116870, 206, 10)
     , (53365, 67116870, 250, 6);

INSERT INTO `weenie_animation_changes` (`weenieClassId`, `index`, `animationId`)
VALUES (53365, 0, 16797130)
     , (53365, 13, 16797135)
     , (53365, 10, 16797136)
     , (53365, 9, 16797131)
     , (53365, 16, 16797134);

INSERT INTO `base_ace_object` (`baseAceObjectId`, `name`, `typeId`, `paletteId`, `ammoType`, `blipColor`, `bitField`, `burden`, `combatUse`, `cooldownDuration`, `cooldownId`, `effects`, `containersCapacity`, `header`, `hookTypeId`, `iconId`, `iconOverlayId`, `iconUnderlayId`, `hookItemTypes`, `itemsCapacity`, `location`, `materialType`, `maxStackSize`, `maxStructure`, `radar`, `pscript`, `spellId`, `stackSize`, `structure`, `targetTypeId`, `usability`, `useRadius`, `validLocations`, `value`, `workmanship`, `animationFrameId`, `defaultScript`, `defaultScriptIntensity`, `elasticity`, `friction`, `locationId`, `modelTableId`, `objectScale`, `physicsBitField`, `physicsTableId`, `motionTableId`, `soundTableId`, `physicsState`, `translucency`, `currentMotionState`)
VALUES (53065, 'Viridian Portal', 16, 0, 0, 4, 4, 0, 0, 0, 0, 0, 255, 9437238, 0, 100667499, 0, 0, 0, 255, 0, 0, 0, 0, 4, 0, 0, 0, 0, 0, 32, 3, 0, 0, 0, 0, 0, 0, 0, 0, 0, 33560221, 0, 104451, 872415274, 150995314, 536871052, 6294556, 0, 'AAA9AAAAAAA=');

INSERT INTO weenie_class (`weenieClassId`, `baseAceObjectId`)
VALUES (53065, 53065);

INSERT INTO `base_ace_object` (`baseAceObjectId`, `name`, `typeId`, `paletteId`, `ammoType`, `blipColor`, `bitField`, `burden`, `combatUse`, `cooldownDuration`, `cooldownId`, `effects`, `containersCapacity`, `header`, `hookTypeId`, `iconId`, `iconOverlayId`, `iconUnderlayId`, `hookItemTypes`, `itemsCapacity`, `location`, `materialType`, `maxStackSize`, `maxStructure`, `radar`, `pscript`, `spellId`, `stackSize`, `structure`, `targetTypeId`, `usability`, `useRadius`, `validLocations`, `value`, `workmanship`, `animationFrameId`, `defaultScript`, `defaultScriptIntensity`, `elasticity`, `friction`, `locationId`, `modelTableId`, `objectScale`, `physicsBitField`, `physicsTableId`, `motionTableId`, `soundTableId`, `physicsState`, `translucency`, `currentMotionState`)
VALUES (53116, 'Viridian Portal', 16, 0, 0, 4, 4, 0, 0, 0, 0, 0, 255, 9437238, 0, 100667499, 0, 0, 0, 255, 0, 0, 0, 0, 4, 0, 0, 0, 0, 0, 32, 3, 0, 0, 0, 0, 0, 0, 0, 0, 0, 33560221, 0, 104451, 872415274, 150995314, 536871052, 6294556, 0, 'AAA9AAAAAAA=');

INSERT INTO weenie_class (`weenieClassId`, `baseAceObjectId`)
VALUES (53116, 53116);

INSERT INTO `base_ace_object` (`baseAceObjectId`, `name`, `typeId`, `paletteId`, `ammoType`, `blipColor`, `bitField`, `burden`, `combatUse`, `cooldownDuration`, `cooldownId`, `effects`, `containersCapacity`, `header`, `hookTypeId`, `iconId`, `iconOverlayId`, `iconUnderlayId`, `hookItemTypes`, `itemsCapacity`, `location`, `materialType`, `maxStackSize`, `maxStructure`, `radar`, `pscript`, `spellId`, `stackSize`, `structure`, `targetTypeId`, `usability`, `useRadius`, `validLocations`, `value`, `workmanship`, `animationFrameId`, `defaultScript`, `defaultScriptIntensity`, `elasticity`, `friction`, `locationId`, `modelTableId`, `objectScale`, `physicsBitField`, `physicsTableId`, `motionTableId`, `soundTableId`, `physicsState`, `translucency`, `currentMotionState`)
VALUES (33221, 'Essence of Verdancy', 16, 0, 0, 0, 20, 0, 0, 0, 0, 0, 255, 8388630, 0, 100671683, 0, 0, 0, 255, 0, 0, 0, 0, 4, 0, 0, 0, 0, 0, 1, 0, 0, 0, 0, 0, 0, 0, 0, 0, 0, 33557068, 1.5, 104579, 872415323, 150995087, 536870985, 1032, 0, 'AAA9AAAAAAA=');

INSERT INTO weenie_class (`weenieClassId`, `baseAceObjectId`)
VALUES (33221, 33221);

INSERT INTO `base_ace_object` (`baseAceObjectId`, `name`, `typeId`, `paletteId`, `ammoType`, `blipColor`, `bitField`, `burden`, `combatUse`, `cooldownDuration`, `cooldownId`, `effects`, `containersCapacity`, `header`, `hookTypeId`, `iconId`, `iconOverlayId`, `iconUnderlayId`, `hookItemTypes`, `itemsCapacity`, `location`, `materialType`, `maxStackSize`, `maxStructure`, `radar`, `pscript`, `spellId`, `stackSize`, `structure`, `targetTypeId`, `usability`, `useRadius`, `validLocations`, `value`, `workmanship`, `animationFrameId`, `defaultScript`, `defaultScriptIntensity`, `elasticity`, `friction`, `locationId`, `modelTableId`, `objectScale`, `physicsBitField`, `physicsTableId`, `motionTableId`, `soundTableId`, `physicsState`, `translucency`, `currentMotionState`)
VALUES (33219, 'Essence of Enchantment', 16, 0, 0, 0, 20, 0, 0, 0, 0, 0, 255, 8388630, 0, 100671612, 0, 0, 0, 255, 0, 0, 0, 0, 4, 0, 0, 0, 0, 0, 1, 0, 0, 0, 0, 0, 0, 0, 0, 0, 0, 33557033, 1.5, 104579, 872415323, 150995087, 536870985, 1032, 0, 'AAA9AAAAAAA=');

INSERT INTO weenie_class (`weenieClassId`, `baseAceObjectId`)
VALUES (33219, 33219);

INSERT INTO `base_ace_object` (`baseAceObjectId`, `name`, `typeId`, `paletteId`, `ammoType`, `blipColor`, `bitField`, `burden`, `combatUse`, `cooldownDuration`, `cooldownId`, `effects`, `containersCapacity`, `header`, `hookTypeId`, `iconId`, `iconOverlayId`, `iconUnderlayId`, `hookItemTypes`, `itemsCapacity`, `location`, `materialType`, `maxStackSize`, `maxStructure`, `radar`, `pscript`, `spellId`, `stackSize`, `structure`, `targetTypeId`, `usability`, `useRadius`, `validLocations`, `value`, `workmanship`, `animationFrameId`, `defaultScript`, `defaultScriptIntensity`, `elasticity`, `friction`, `locationId`, `modelTableId`, `objectScale`, `physicsBitField`, `physicsTableId`, `motionTableId`, `soundTableId`, `physicsState`, `translucency`, `currentMotionState`)
VALUES (33222, 'Essence of Strife', 16, 0, 0, 0, 20, 0, 0, 0, 0, 0, 255, 8388630, 0, 100671332, 0, 0, 0, 255, 0, 0, 0, 0, 4, 0, 0, 0, 0, 0, 1, 0, 0, 0, 0, 0, 0, 0, 0, 0, 0, 33556955, 1.5, 104579, 872415323, 150995087, 536870985, 1032, 0, 'AAA9AAAAAAA=');

INSERT INTO weenie_class (`weenieClassId`, `baseAceObjectId`)
VALUES (33222, 33222);

INSERT INTO `base_ace_object` (`baseAceObjectId`, `name`, `typeId`, `paletteId`, `ammoType`, `blipColor`, `bitField`, `burden`, `combatUse`, `cooldownDuration`, `cooldownId`, `effects`, `containersCapacity`, `header`, `hookTypeId`, `iconId`, `iconOverlayId`, `iconUnderlayId`, `hookItemTypes`, `itemsCapacity`, `location`, `materialType`, `maxStackSize`, `maxStructure`, `radar`, `pscript`, `spellId`, `stackSize`, `structure`, `targetTypeId`, `usability`, `useRadius`, `validLocations`, `value`, `workmanship`, `animationFrameId`, `defaultScript`, `defaultScriptIntensity`, `elasticity`, `friction`, `locationId`, `modelTableId`, `objectScale`, `physicsBitField`, `physicsTableId`, `motionTableId`, `soundTableId`, `physicsState`, `translucency`, `currentMotionState`)
VALUES (33220, 'Essence of Artifice', 16, 0, 0, 0, 20, 0, 0, 0, 0, 0, 255, 8388630, 0, 100671383, 0, 0, 0, 255, 0, 0, 0, 0, 4, 0, 0, 0, 0, 0, 1, 0, 0, 0, 0, 0, 0, 0, 0, 0, 0, 33556979, 1.5, 104579, 872415323, 150995087, 536870985, 1032, 0, 'AAA9AAAAAAA=');

INSERT INTO weenie_class (`weenieClassId`, `baseAceObjectId`)
VALUES (33220, 33220);

INSERT INTO `base_ace_object` (`baseAceObjectId`, `name`, `typeId`, `paletteId`, `ammoType`, `blipColor`, `bitField`, `burden`, `combatUse`, `cooldownDuration`, `cooldownId`, `effects`, `containersCapacity`, `header`, `hookTypeId`, `iconId`, `iconOverlayId`, `iconUnderlayId`, `hookItemTypes`, `itemsCapacity`, `location`, `materialType`, `maxStackSize`, `maxStructure`, `radar`, `pscript`, `spellId`, `stackSize`, `structure`, `targetTypeId`, `usability`, `useRadius`, `validLocations`, `value`, `workmanship`, `animationFrameId`, `defaultScript`, `defaultScriptIntensity`, `elasticity`, `friction`, `locationId`, `modelTableId`, `objectScale`, `physicsBitField`, `physicsTableId`, `motionTableId`, `soundTableId`, `physicsState`, `translucency`, `currentMotionState`)
VALUES (49480, 'Door', 16, 0, 0, 0, 20, 0, 0, 0, 0, 0, 255, 8388630, 0, 100673480, 0, 0, 0, 255, 0, 0, 0, 0, 1, 0, 0, 0, 0, 0, 1, 0, 0, 0, 0, 0, 0, 0, 0, 0, 0, 33557970, 0, 104451, 872415339, 150995221, 536871001, 66568, 0, 'AAA9AAAAAAA=');

INSERT INTO weenie_class (`weenieClassId`, `baseAceObjectId`)
VALUES (49480, 49480);

INSERT INTO `base_ace_object` (`baseAceObjectId`, `name`, `typeId`, `paletteId`, `ammoType`, `blipColor`, `bitField`, `burden`, `combatUse`, `cooldownDuration`, `cooldownId`, `effects`, `containersCapacity`, `header`, `hookTypeId`, `iconId`, `iconOverlayId`, `iconUnderlayId`, `hookItemTypes`, `itemsCapacity`, `location`, `materialType`, `maxStackSize`, `maxStructure`, `radar`, `pscript`, `spellId`, `stackSize`, `structure`, `targetTypeId`, `usability`, `useRadius`, `validLocations`, `value`, `workmanship`, `animationFrameId`, `defaultScript`, `defaultScriptIntensity`, `elasticity`, `friction`, `locationId`, `modelTableId`, `objectScale`, `physicsBitField`, `physicsTableId`, `motionTableId`, `soundTableId`, `physicsState`, `translucency`, `currentMotionState`)
VALUES (42241, 'Documents', 16, 0, 0, 3, 4, 0, 0, 0, 0, 0, 255, 1048630, 0, 100667470, 0, 0, 0, 255, 0, 0, 0, 0, 0, 0, 0, 0, 0, 0, 32, 3, 0, 0, 0, 0, 0, 0, 0, 0, 0, 33559146, 0, 104455, 872415274, 150995147, 536870932, 6358040, 0, 'AAA9AAAAAAA=');

INSERT INTO weenie_class (`weenieClassId`, `baseAceObjectId`)
VALUES (42241, 42241);

INSERT INTO `base_ace_object` (`baseAceObjectId`, `name`, `typeId`, `paletteId`, `ammoType`, `blipColor`, `bitField`, `burden`, `combatUse`, `cooldownDuration`, `cooldownId`, `effects`, `containersCapacity`, `header`, `hookTypeId`, `iconId`, `iconOverlayId`, `iconUnderlayId`, `hookItemTypes`, `itemsCapacity`, `location`, `materialType`, `maxStackSize`, `maxStructure`, `radar`, `pscript`, `spellId`, `stackSize`, `structure`, `targetTypeId`, `usability`, `useRadius`, `validLocations`, `value`, `workmanship`, `animationFrameId`, `defaultScript`, `defaultScriptIntensity`, `elasticity`, `friction`, `locationId`, `modelTableId`, `objectScale`, `physicsBitField`, `physicsTableId`, `motionTableId`, `soundTableId`, `physicsState`, `translucency`, `currentMotionState`)
VALUES (42242, 'Smelting Vat', 16, 0, 0, 3, 4, 0, 0, 0, 0, 0, 255, 1048630, 0, 100677344, 0, 0, 0, 255, 0, 0, 0, 0, 0, 0, 0, 0, 0, 0, 32, 3, 0, 0, 0, 0, 0, 0, 0, 0, 0, 33559114, 0, 104451, 872415274, 150995147, 536870932, 6292504, 0, 'AAA9AAAAAAA=');

INSERT INTO weenie_class (`weenieClassId`, `baseAceObjectId`)
VALUES (42242, 42242);

INSERT INTO `base_ace_object` (`baseAceObjectId`, `name`, `typeId`, `paletteId`, `ammoType`, `blipColor`, `bitField`, `burden`, `combatUse`, `cooldownDuration`, `cooldownId`, `effects`, `containersCapacity`, `header`, `hookTypeId`, `iconId`, `iconOverlayId`, `iconUnderlayId`, `hookItemTypes`, `itemsCapacity`, `location`, `materialType`, `maxStackSize`, `maxStructure`, `radar`, `pscript`, `spellId`, `stackSize`, `structure`, `targetTypeId`, `usability`, `useRadius`, `validLocations`, `value`, `workmanship`, `animationFrameId`, `defaultScript`, `defaultScriptIntensity`, `elasticity`, `friction`, `locationId`, `modelTableId`, `objectScale`, `physicsBitField`, `physicsTableId`, `motionTableId`, `soundTableId`, `physicsState`, `translucency`, `currentMotionState`)
VALUES (45125, 'Deeper into the Oubliette', 16, 0, 0, 4, 4, 0, 0, 0, 0, 0, 255, 9437238, 0, 100667499, 0, 0, 0, 255, 0, 0, 0, 0, 4, 0, 0, 0, 0, 0, 32, 3, 0, 0, 0, 0, 0, 0, 0, 0, 0, 33560901, 0, 104451, 872415274, 150995314, 536871052, 6294556, 0, 'AAA9AAAAAAA=');

INSERT INTO weenie_class (`weenieClassId`, `baseAceObjectId`)
VALUES (45125, 45125);

INSERT INTO `base_ace_object` (`baseAceObjectId`, `name`, `typeId`, `paletteId`, `ammoType`, `blipColor`, `bitField`, `burden`, `combatUse`, `cooldownDuration`, `cooldownId`, `effects`, `containersCapacity`, `header`, `hookTypeId`, `iconId`, `iconOverlayId`, `iconUnderlayId`, `hookItemTypes`, `itemsCapacity`, `location`, `materialType`, `maxStackSize`, `maxStructure`, `radar`, `pscript`, `spellId`, `stackSize`, `structure`, `targetTypeId`, `usability`, `useRadius`, `validLocations`, `value`, `workmanship`, `animationFrameId`, `defaultScript`, `defaultScriptIntensity`, `elasticity`, `friction`, `locationId`, `modelTableId`, `objectScale`, `physicsBitField`, `physicsTableId`, `motionTableId`, `soundTableId`, `physicsState`, `translucency`, `currentMotionState`)
VALUES (45132, 'Up to the Previous Level', 16, 0, 0, 4, 4, 0, 0, 0, 0, 0, 255, 9437238, 0, 100667499, 0, 0, 0, 255, 0, 0, 0, 0, 4, 0, 0, 0, 0, 0, 32, 3, 0, 0, 0, 0, 0, 0, 0, 0, 0, 33560901, 0, 104451, 872415274, 150995314, 536871052, 6294556, 0, 'AAA9AAAAAAA=');

INSERT INTO weenie_class (`weenieClassId`, `baseAceObjectId`)
VALUES (45132, 45132);

INSERT INTO `base_ace_object` (`baseAceObjectId`, `name`, `typeId`, `paletteId`, `ammoType`, `blipColor`, `bitField`, `burden`, `combatUse`, `cooldownDuration`, `cooldownId`, `effects`, `containersCapacity`, `header`, `hookTypeId`, `iconId`, `iconOverlayId`, `iconUnderlayId`, `hookItemTypes`, `itemsCapacity`, `location`, `materialType`, `maxStackSize`, `maxStructure`, `radar`, `pscript`, `spellId`, `stackSize`, `structure`, `targetTypeId`, `usability`, `useRadius`, `validLocations`, `value`, `workmanship`, `animationFrameId`, `defaultScript`, `defaultScriptIntensity`, `elasticity`, `friction`, `locationId`, `modelTableId`, `objectScale`, `physicsBitField`, `physicsTableId`, `motionTableId`, `soundTableId`, `physicsState`, `translucency`, `currentMotionState`)
VALUES (45126, 'Deeper into the Oubliette', 16, 0, 0, 4, 4, 0, 0, 0, 0, 0, 255, 9437238, 0, 100667499, 0, 0, 0, 255, 0, 0, 0, 0, 4, 0, 0, 0, 0, 0, 32, 3, 0, 0, 0, 0, 0, 0, 0, 0, 0, 33560901, 0, 104451, 872415274, 150995314, 536871052, 6294556, 0, 'AAA9AAAAAAA=');

INSERT INTO weenie_class (`weenieClassId`, `baseAceObjectId`)
VALUES (45126, 45126);

INSERT INTO `base_ace_object` (`baseAceObjectId`, `name`, `typeId`, `paletteId`, `ammoType`, `blipColor`, `bitField`, `burden`, `combatUse`, `cooldownDuration`, `cooldownId`, `effects`, `containersCapacity`, `header`, `hookTypeId`, `iconId`, `iconOverlayId`, `iconUnderlayId`, `hookItemTypes`, `itemsCapacity`, `location`, `materialType`, `maxStackSize`, `maxStructure`, `radar`, `pscript`, `spellId`, `stackSize`, `structure`, `targetTypeId`, `usability`, `useRadius`, `validLocations`, `value`, `workmanship`, `animationFrameId`, `defaultScript`, `defaultScriptIntensity`, `elasticity`, `friction`, `locationId`, `modelTableId`, `objectScale`, `physicsBitField`, `physicsTableId`, `motionTableId`, `soundTableId`, `physicsState`, `translucency`, `currentMotionState`)
VALUES (45133, 'Up to the Previous Level', 16, 0, 0, 4, 4, 0, 0, 0, 0, 0, 255, 9437238, 0, 100667499, 0, 0, 0, 255, 0, 0, 0, 0, 4, 0, 0, 0, 0, 0, 32, 3, 0, 0, 0, 0, 0, 0, 0, 0, 0, 33560901, 0, 104451, 872415274, 150995314, 536871052, 6294556, 0, 'AAA9AAAAAAA=');

INSERT INTO weenie_class (`weenieClassId`, `baseAceObjectId`)
VALUES (45133, 45133);

INSERT INTO `base_ace_object` (`baseAceObjectId`, `name`, `typeId`, `paletteId`, `ammoType`, `blipColor`, `bitField`, `burden`, `combatUse`, `cooldownDuration`, `cooldownId`, `effects`, `containersCapacity`, `header`, `hookTypeId`, `iconId`, `iconOverlayId`, `iconUnderlayId`, `hookItemTypes`, `itemsCapacity`, `location`, `materialType`, `maxStackSize`, `maxStructure`, `radar`, `pscript`, `spellId`, `stackSize`, `structure`, `targetTypeId`, `usability`, `useRadius`, `validLocations`, `value`, `workmanship`, `animationFrameId`, `defaultScript`, `defaultScriptIntensity`, `elasticity`, `friction`, `locationId`, `modelTableId`, `objectScale`, `physicsBitField`, `physicsTableId`, `motionTableId`, `soundTableId`, `physicsState`, `translucency`, `currentMotionState`)
VALUES (45127, 'Deeper into the Oubliette', 16, 0, 0, 4, 4, 0, 0, 0, 0, 0, 255, 9437238, 0, 100667499, 0, 0, 0, 255, 0, 0, 0, 0, 4, 0, 0, 0, 0, 0, 32, 3, 0, 0, 0, 0, 0, 0, 0, 0, 0, 33560901, 0, 104451, 872415274, 150995314, 536871052, 6294556, 0, 'AAA9AAAAAAA=');

INSERT INTO weenie_class (`weenieClassId`, `baseAceObjectId`)
VALUES (45127, 45127);

INSERT INTO `base_ace_object` (`baseAceObjectId`, `name`, `typeId`, `paletteId`, `ammoType`, `blipColor`, `bitField`, `burden`, `combatUse`, `cooldownDuration`, `cooldownId`, `effects`, `containersCapacity`, `header`, `hookTypeId`, `iconId`, `iconOverlayId`, `iconUnderlayId`, `hookItemTypes`, `itemsCapacity`, `location`, `materialType`, `maxStackSize`, `maxStructure`, `radar`, `pscript`, `spellId`, `stackSize`, `structure`, `targetTypeId`, `usability`, `useRadius`, `validLocations`, `value`, `workmanship`, `animationFrameId`, `defaultScript`, `defaultScriptIntensity`, `elasticity`, `friction`, `locationId`, `modelTableId`, `objectScale`, `physicsBitField`, `physicsTableId`, `motionTableId`, `soundTableId`, `physicsState`, `translucency`, `currentMotionState`)
VALUES (45134, 'Up to the Previous Level', 16, 0, 0, 4, 4, 0, 0, 0, 0, 0, 255, 9437238, 0, 100667499, 0, 0, 0, 255, 0, 0, 0, 0, 4, 0, 0, 0, 0, 0, 32, 3, 0, 0, 0, 0, 0, 0, 0, 0, 0, 33560901, 0, 104451, 872415274, 150995314, 536871052, 6294556, 0, 'AAA9AAAAAAA=');

INSERT INTO weenie_class (`weenieClassId`, `baseAceObjectId`)
VALUES (45134, 45134);

INSERT INTO `base_ace_object` (`baseAceObjectId`, `name`, `typeId`, `paletteId`, `ammoType`, `blipColor`, `bitField`, `burden`, `combatUse`, `cooldownDuration`, `cooldownId`, `effects`, `containersCapacity`, `header`, `hookTypeId`, `iconId`, `iconOverlayId`, `iconUnderlayId`, `hookItemTypes`, `itemsCapacity`, `location`, `materialType`, `maxStackSize`, `maxStructure`, `radar`, `pscript`, `spellId`, `stackSize`, `structure`, `targetTypeId`, `usability`, `useRadius`, `validLocations`, `value`, `workmanship`, `animationFrameId`, `defaultScript`, `defaultScriptIntensity`, `elasticity`, `friction`, `locationId`, `modelTableId`, `objectScale`, `physicsBitField`, `physicsTableId`, `motionTableId`, `soundTableId`, `physicsState`, `translucency`, `currentMotionState`)
VALUES (45128, 'Deeper into the Oubliette', 16, 0, 0, 4, 4, 0, 0, 0, 0, 0, 255, 9437238, 0, 100667499, 0, 0, 0, 255, 0, 0, 0, 0, 4, 0, 0, 0, 0, 0, 32, 3, 0, 0, 0, 0, 0, 0, 0, 0, 0, 33560901, 0, 104451, 872415274, 150995314, 536871052, 6294556, 0, 'AAA9AAAAAAA=');

INSERT INTO weenie_class (`weenieClassId`, `baseAceObjectId`)
VALUES (45128, 45128);

INSERT INTO `base_ace_object` (`baseAceObjectId`, `name`, `typeId`, `paletteId`, `ammoType`, `blipColor`, `bitField`, `burden`, `combatUse`, `cooldownDuration`, `cooldownId`, `effects`, `containersCapacity`, `header`, `hookTypeId`, `iconId`, `iconOverlayId`, `iconUnderlayId`, `hookItemTypes`, `itemsCapacity`, `location`, `materialType`, `maxStackSize`, `maxStructure`, `radar`, `pscript`, `spellId`, `stackSize`, `structure`, `targetTypeId`, `usability`, `useRadius`, `validLocations`, `value`, `workmanship`, `animationFrameId`, `defaultScript`, `defaultScriptIntensity`, `elasticity`, `friction`, `locationId`, `modelTableId`, `objectScale`, `physicsBitField`, `physicsTableId`, `motionTableId`, `soundTableId`, `physicsState`, `translucency`, `currentMotionState`)
VALUES (45135, 'Up to the Previous Level', 16, 0, 0, 4, 4, 0, 0, 0, 0, 0, 255, 9437238, 0, 100667499, 0, 0, 0, 255, 0, 0, 0, 0, 4, 0, 0, 0, 0, 0, 32, 3, 0, 0, 0, 0, 0, 0, 0, 0, 0, 33560901, 0, 104451, 872415274, 150995314, 536871052, 6294556, 0, 'AAA9AAAAAAA=');

INSERT INTO weenie_class (`weenieClassId`, `baseAceObjectId`)
VALUES (45135, 45135);

INSERT INTO `base_ace_object` (`baseAceObjectId`, `name`, `typeId`, `paletteId`, `ammoType`, `blipColor`, `bitField`, `burden`, `combatUse`, `cooldownDuration`, `cooldownId`, `effects`, `containersCapacity`, `header`, `hookTypeId`, `iconId`, `iconOverlayId`, `iconUnderlayId`, `hookItemTypes`, `itemsCapacity`, `location`, `materialType`, `maxStackSize`, `maxStructure`, `radar`, `pscript`, `spellId`, `stackSize`, `structure`, `targetTypeId`, `usability`, `useRadius`, `validLocations`, `value`, `workmanship`, `animationFrameId`, `defaultScript`, `defaultScriptIntensity`, `elasticity`, `friction`, `locationId`, `modelTableId`, `objectScale`, `physicsBitField`, `physicsTableId`, `motionTableId`, `soundTableId`, `physicsState`, `translucency`, `currentMotionState`)
VALUES (45129, 'Deeper into the Oubliette', 16, 0, 0, 4, 4, 0, 0, 0, 0, 0, 255, 9437238, 0, 100667499, 0, 0, 0, 255, 0, 0, 0, 0, 4, 0, 0, 0, 0, 0, 32, 3, 0, 0, 0, 0, 0, 0, 0, 0, 0, 33560901, 0, 104451, 872415274, 150995314, 536871052, 6294556, 0, 'AAA9AAAAAAA=');

INSERT INTO weenie_class (`weenieClassId`, `baseAceObjectId`)
VALUES (45129, 45129);

INSERT INTO `base_ace_object` (`baseAceObjectId`, `name`, `typeId`, `paletteId`, `ammoType`, `blipColor`, `bitField`, `burden`, `combatUse`, `cooldownDuration`, `cooldownId`, `effects`, `containersCapacity`, `header`, `hookTypeId`, `iconId`, `iconOverlayId`, `iconUnderlayId`, `hookItemTypes`, `itemsCapacity`, `location`, `materialType`, `maxStackSize`, `maxStructure`, `radar`, `pscript`, `spellId`, `stackSize`, `structure`, `targetTypeId`, `usability`, `useRadius`, `validLocations`, `value`, `workmanship`, `animationFrameId`, `defaultScript`, `defaultScriptIntensity`, `elasticity`, `friction`, `locationId`, `modelTableId`, `objectScale`, `physicsBitField`, `physicsTableId`, `motionTableId`, `soundTableId`, `physicsState`, `translucency`, `currentMotionState`)
VALUES (45136, 'Up to the Previous Level', 16, 0, 0, 4, 4, 0, 0, 0, 0, 0, 255, 9437238, 0, 100667499, 0, 0, 0, 255, 0, 0, 0, 0, 4, 0, 0, 0, 0, 0, 32, 3, 0, 0, 0, 0, 0, 0, 0, 0, 0, 33560901, 0, 104451, 872415274, 150995314, 536871052, 6294556, 0, 'AAA9AAAAAAA=');

INSERT INTO weenie_class (`weenieClassId`, `baseAceObjectId`)
VALUES (45136, 45136);

INSERT INTO `base_ace_object` (`baseAceObjectId`, `name`, `typeId`, `paletteId`, `ammoType`, `blipColor`, `bitField`, `burden`, `combatUse`, `cooldownDuration`, `cooldownId`, `effects`, `containersCapacity`, `header`, `hookTypeId`, `iconId`, `iconOverlayId`, `iconUnderlayId`, `hookItemTypes`, `itemsCapacity`, `location`, `materialType`, `maxStackSize`, `maxStructure`, `radar`, `pscript`, `spellId`, `stackSize`, `structure`, `targetTypeId`, `usability`, `useRadius`, `validLocations`, `value`, `workmanship`, `animationFrameId`, `defaultScript`, `defaultScriptIntensity`, `elasticity`, `friction`, `locationId`, `modelTableId`, `objectScale`, `physicsBitField`, `physicsTableId`, `motionTableId`, `soundTableId`, `physicsState`, `translucency`, `currentMotionState`)
VALUES (45130, 'Deeper into the Oubliette', 16, 0, 0, 4, 4, 0, 0, 0, 0, 0, 255, 9437238, 0, 100667499, 0, 0, 0, 255, 0, 0, 0, 0, 4, 0, 0, 0, 0, 0, 32, 3, 0, 0, 0, 0, 0, 0, 0, 0, 0, 33560901, 0, 104451, 872415274, 150995314, 536871052, 6294556, 0, 'AAA9AAAAAAA=');

INSERT INTO weenie_class (`weenieClassId`, `baseAceObjectId`)
VALUES (45130, 45130);

INSERT INTO `base_ace_object` (`baseAceObjectId`, `name`, `typeId`, `paletteId`, `ammoType`, `blipColor`, `bitField`, `burden`, `combatUse`, `cooldownDuration`, `cooldownId`, `effects`, `containersCapacity`, `header`, `hookTypeId`, `iconId`, `iconOverlayId`, `iconUnderlayId`, `hookItemTypes`, `itemsCapacity`, `location`, `materialType`, `maxStackSize`, `maxStructure`, `radar`, `pscript`, `spellId`, `stackSize`, `structure`, `targetTypeId`, `usability`, `useRadius`, `validLocations`, `value`, `workmanship`, `animationFrameId`, `defaultScript`, `defaultScriptIntensity`, `elasticity`, `friction`, `locationId`, `modelTableId`, `objectScale`, `physicsBitField`, `physicsTableId`, `motionTableId`, `soundTableId`, `physicsState`, `translucency`, `currentMotionState`)
VALUES (45137, 'Up to the Previous Level', 16, 0, 0, 4, 4, 0, 0, 0, 0, 0, 255, 9437238, 0, 100667499, 0, 0, 0, 255, 0, 0, 0, 0, 4, 0, 0, 0, 0, 0, 32, 3, 0, 0, 0, 0, 0, 0, 0, 0, 0, 33560901, 0, 104451, 872415274, 150995314, 536871052, 6294556, 0, 'AAA9AAAAAAA=');

INSERT INTO weenie_class (`weenieClassId`, `baseAceObjectId`)
VALUES (45137, 45137);

INSERT INTO `base_ace_object` (`baseAceObjectId`, `name`, `typeId`, `paletteId`, `ammoType`, `blipColor`, `bitField`, `burden`, `combatUse`, `cooldownDuration`, `cooldownId`, `effects`, `containersCapacity`, `header`, `hookTypeId`, `iconId`, `iconOverlayId`, `iconUnderlayId`, `hookItemTypes`, `itemsCapacity`, `location`, `materialType`, `maxStackSize`, `maxStructure`, `radar`, `pscript`, `spellId`, `stackSize`, `structure`, `targetTypeId`, `usability`, `useRadius`, `validLocations`, `value`, `workmanship`, `animationFrameId`, `defaultScript`, `defaultScriptIntensity`, `elasticity`, `friction`, `locationId`, `modelTableId`, `objectScale`, `physicsBitField`, `physicsTableId`, `motionTableId`, `soundTableId`, `physicsState`, `translucency`, `currentMotionState`)
VALUES (25601, 'Acidic Elemental Pool', 16, 67114510, 0, 3, 4, 0, 0, 0, 0, 0, 255, 1048630, 0, 100674882, 0, 0, 0, 255, 0, 0, 0, 0, 0, 0, 0, 0, 0, 0, 32, 1, 0, 0, 0, 0, 0, 0, 0, 0, 0, 33558460, 1.3, 100483, 0, 150995255, 536870913, 6292504, 0, 'AAA9AAAAAAA=');

INSERT INTO weenie_class (`weenieClassId`, `baseAceObjectId`)
VALUES (25601, 25601);

INSERT INTO `weenie_palette_changes` (`weenieClassId`, `subPaletteId`, `offset`, `length`)
VALUES (25601, 67114514, 0, 0);

INSERT INTO `base_ace_object` (`baseAceObjectId`, `name`, `typeId`, `paletteId`, `ammoType`, `blipColor`, `bitField`, `burden`, `combatUse`, `cooldownDuration`, `cooldownId`, `effects`, `containersCapacity`, `header`, `hookTypeId`, `iconId`, `iconOverlayId`, `iconUnderlayId`, `hookItemTypes`, `itemsCapacity`, `location`, `materialType`, `maxStackSize`, `maxStructure`, `radar`, `pscript`, `spellId`, `stackSize`, `structure`, `targetTypeId`, `usability`, `useRadius`, `validLocations`, `value`, `workmanship`, `animationFrameId`, `defaultScript`, `defaultScriptIntensity`, `elasticity`, `friction`, `locationId`, `modelTableId`, `objectScale`, `physicsBitField`, `physicsTableId`, `motionTableId`, `soundTableId`, `physicsState`, `translucency`, `currentMotionState`)
VALUES (25603, 'Flaming Elemental Pool', 16, 67114510, 0, 3, 4, 0, 0, 0, 0, 0, 255, 1048630, 0, 100674879, 0, 0, 0, 255, 0, 0, 0, 0, 0, 0, 0, 0, 0, 0, 32, 1, 0, 0, 0, 0, 0, 0, 0, 0, 0, 33558458, 1.3, 100483, 0, 150995255, 536870913, 6292504, 0, 'AAA9AAAAAAA=');

INSERT INTO weenie_class (`weenieClassId`, `baseAceObjectId`)
VALUES (25603, 25603);

INSERT INTO `weenie_palette_changes` (`weenieClassId`, `subPaletteId`, `offset`, `length`)
VALUES (25603, 67114513, 0, 0);

INSERT INTO `base_ace_object` (`baseAceObjectId`, `name`, `typeId`, `paletteId`, `ammoType`, `blipColor`, `bitField`, `burden`, `combatUse`, `cooldownDuration`, `cooldownId`, `effects`, `containersCapacity`, `header`, `hookTypeId`, `iconId`, `iconOverlayId`, `iconUnderlayId`, `hookItemTypes`, `itemsCapacity`, `location`, `materialType`, `maxStackSize`, `maxStructure`, `radar`, `pscript`, `spellId`, `stackSize`, `structure`, `targetTypeId`, `usability`, `useRadius`, `validLocations`, `value`, `workmanship`, `animationFrameId`, `defaultScript`, `defaultScriptIntensity`, `elasticity`, `friction`, `locationId`, `modelTableId`, `objectScale`, `physicsBitField`, `physicsTableId`, `motionTableId`, `soundTableId`, `physicsState`, `translucency`, `currentMotionState`)
VALUES (25602, 'Electric Elemental Pool', 16, 67114510, 0, 3, 4, 0, 0, 0, 0, 0, 255, 1048630, 0, 100674880, 0, 0, 0, 255, 0, 0, 0, 0, 0, 0, 0, 0, 0, 0, 32, 1, 0, 0, 0, 0, 0, 0, 0, 0, 0, 33558459, 1.3, 100483, 0, 150995255, 536870913, 6292504, 0, 'AAA9AAAAAAA=');

INSERT INTO weenie_class (`weenieClassId`, `baseAceObjectId`)
VALUES (25602, 25602);

INSERT INTO `weenie_palette_changes` (`weenieClassId`, `subPaletteId`, `offset`, `length`)
VALUES (25602, 67114512, 0, 0);

INSERT INTO `base_ace_object` (`baseAceObjectId`, `name`, `typeId`, `paletteId`, `ammoType`, `blipColor`, `bitField`, `burden`, `combatUse`, `cooldownDuration`, `cooldownId`, `effects`, `containersCapacity`, `header`, `hookTypeId`, `iconId`, `iconOverlayId`, `iconUnderlayId`, `hookItemTypes`, `itemsCapacity`, `location`, `materialType`, `maxStackSize`, `maxStructure`, `radar`, `pscript`, `spellId`, `stackSize`, `structure`, `targetTypeId`, `usability`, `useRadius`, `validLocations`, `value`, `workmanship`, `animationFrameId`, `defaultScript`, `defaultScriptIntensity`, `elasticity`, `friction`, `locationId`, `modelTableId`, `objectScale`, `physicsBitField`, `physicsTableId`, `motionTableId`, `soundTableId`, `physicsState`, `translucency`, `currentMotionState`)
VALUES (25604, 'Freezing Elemental Pool', 16, 67114510, 0, 3, 4, 0, 0, 0, 0, 0, 255, 1048630, 0, 100674881, 0, 0, 0, 255, 0, 0, 0, 0, 0, 0, 0, 0, 0, 0, 32, 1, 0, 0, 0, 0, 0, 0, 0, 0, 0, 33558461, 1.3, 100483, 0, 150995255, 536870913, 6292504, 0, 'AAA9AAAAAAA=');

INSERT INTO weenie_class (`weenieClassId`, `baseAceObjectId`)
VALUES (25604, 25604);

INSERT INTO `weenie_palette_changes` (`weenieClassId`, `subPaletteId`, `offset`, `length`)
VALUES (25604, 67114511, 0, 0);

INSERT INTO `base_ace_object` (`baseAceObjectId`, `name`, `typeId`, `paletteId`, `ammoType`, `blipColor`, `bitField`, `burden`, `combatUse`, `cooldownDuration`, `cooldownId`, `effects`, `containersCapacity`, `header`, `hookTypeId`, `iconId`, `iconOverlayId`, `iconUnderlayId`, `hookItemTypes`, `itemsCapacity`, `location`, `materialType`, `maxStackSize`, `maxStructure`, `radar`, `pscript`, `spellId`, `stackSize`, `structure`, `targetTypeId`, `usability`, `useRadius`, `validLocations`, `value`, `workmanship`, `animationFrameId`, `defaultScript`, `defaultScriptIntensity`, `elasticity`, `friction`, `locationId`, `modelTableId`, `objectScale`, `physicsBitField`, `physicsTableId`, `motionTableId`, `soundTableId`, `physicsState`, `translucency`, `currentMotionState`)
VALUES (19276, 'Bronze Statue of a Golem', 16, 67112775, 0, 0, 20, 0, 0, 0, 0, 0, 255, 8388630, 0, 100667940, 0, 0, 0, 255, 0, 0, 0, 0, 2, 0, 0, 0, 0, 0, 1, 0, 0, 0, 0, 0, 0, 0, 0, 0, 0, 33556426, 1.5, 104579, 872415323, 150995183, 536871052, 1032, 0, 'AAA9AAAAAAA=');

INSERT INTO weenie_class (`weenieClassId`, `baseAceObjectId`)
VALUES (19276, 19276);

INSERT INTO `weenie_palette_changes` (`weenieClassId`, `subPaletteId`, `offset`, `length`)
VALUES (19276, 67113808, 0, 0);

INSERT INTO `base_ace_object` (`baseAceObjectId`, `name`, `typeId`, `paletteId`, `ammoType`, `blipColor`, `bitField`, `burden`, `combatUse`, `cooldownDuration`, `cooldownId`, `effects`, `containersCapacity`, `header`, `hookTypeId`, `iconId`, `iconOverlayId`, `iconUnderlayId`, `hookItemTypes`, `itemsCapacity`, `location`, `materialType`, `maxStackSize`, `maxStructure`, `radar`, `pscript`, `spellId`, `stackSize`, `structure`, `targetTypeId`, `usability`, `useRadius`, `validLocations`, `value`, `workmanship`, `animationFrameId`, `defaultScript`, `defaultScriptIntensity`, `elasticity`, `friction`, `locationId`, `modelTableId`, `objectScale`, `physicsBitField`, `physicsTableId`, `motionTableId`, `soundTableId`, `physicsState`, `translucency`, `currentMotionState`)
VALUES (19282, 'Bronze Statue of a Skeleton', 16, 67116522, 0, 0, 20, 0, 0, 0, 0, 0, 255, 8388630, 0, 100669124, 0, 0, 0, 255, 0, 0, 0, 0, 2, 0, 0, 0, 0, 0, 1, 0, 0, 0, 0, 0, 0, 0, 0, 0, 0, 33554521, 2, 104579, 872415349, 150995189, 536871052, 1032, 0, 'AAA9AAAAAAA=');

INSERT INTO weenie_class (`weenieClassId`, `baseAceObjectId`)
VALUES (19282, 19282);

INSERT INTO `weenie_palette_changes` (`weenieClassId`, `subPaletteId`, `offset`, `length`)
VALUES (19282, 67116534, 0, 0);

INSERT INTO `base_ace_object` (`baseAceObjectId`, `name`, `typeId`, `paletteId`, `ammoType`, `blipColor`, `bitField`, `burden`, `combatUse`, `cooldownDuration`, `cooldownId`, `effects`, `containersCapacity`, `header`, `hookTypeId`, `iconId`, `iconOverlayId`, `iconUnderlayId`, `hookItemTypes`, `itemsCapacity`, `location`, `materialType`, `maxStackSize`, `maxStructure`, `radar`, `pscript`, `spellId`, `stackSize`, `structure`, `targetTypeId`, `usability`, `useRadius`, `validLocations`, `value`, `workmanship`, `animationFrameId`, `defaultScript`, `defaultScriptIntensity`, `elasticity`, `friction`, `locationId`, `modelTableId`, `objectScale`, `physicsBitField`, `physicsTableId`, `motionTableId`, `soundTableId`, `physicsState`, `translucency`, `currentMotionState`)
VALUES (19279, 'Bronze Statue of a Sclavus', 16, 67111936, 0, 0, 20, 0, 0, 0, 0, 0, 255, 8388630, 0, 100669120, 0, 0, 0, 255, 0, 0, 0, 0, 2, 0, 0, 0, 0, 0, 1, 0, 0, 0, 0, 0, 0, 0, 0, 0, 0, 33555608, 2.3, 104579, 872415349, 150995186, 536871052, 1032, 0, 'AAA9AAAAAAA=');

INSERT INTO weenie_class (`weenieClassId`, `baseAceObjectId`)
VALUES (19279, 19279);

INSERT INTO `weenie_palette_changes` (`weenieClassId`, `subPaletteId`, `offset`, `length`)
VALUES (19279, 67113813, 0, 0);

INSERT INTO `base_ace_object` (`baseAceObjectId`, `name`, `typeId`, `paletteId`, `ammoType`, `blipColor`, `bitField`, `burden`, `combatUse`, `cooldownDuration`, `cooldownId`, `effects`, `containersCapacity`, `header`, `hookTypeId`, `iconId`, `iconOverlayId`, `iconUnderlayId`, `hookItemTypes`, `itemsCapacity`, `location`, `materialType`, `maxStackSize`, `maxStructure`, `radar`, `pscript`, `spellId`, `stackSize`, `structure`, `targetTypeId`, `usability`, `useRadius`, `validLocations`, `value`, `workmanship`, `animationFrameId`, `defaultScript`, `defaultScriptIntensity`, `elasticity`, `friction`, `locationId`, `modelTableId`, `objectScale`, `physicsBitField`, `physicsTableId`, `motionTableId`, `soundTableId`, `physicsState`, `translucency`, `currentMotionState`)
VALUES (19285, 'Bronze Statue of a Tumerok', 16, 67116625, 0, 0, 20, 0, 0, 0, 0, 0, 255, 8388630, 0, 100667452, 0, 0, 0, 255, 0, 0, 0, 0, 2, 0, 0, 0, 0, 0, 1, 0, 0, 0, 0, 0, 0, 0, 0, 0, 0, 33559553, 2.3, 104579, 872415349, 150995191, 536871052, 1032, 0, 'AAA9AAAAAAA=');

INSERT INTO weenie_class (`weenieClassId`, `baseAceObjectId`)
VALUES (19285, 19285);

INSERT INTO `weenie_palette_changes` (`weenieClassId`, `subPaletteId`, `offset`, `length`)
VALUES (19285, 67116656, 0, 0);

INSERT INTO `base_ace_object` (`baseAceObjectId`, `name`, `typeId`, `paletteId`, `ammoType`, `blipColor`, `bitField`, `burden`, `combatUse`, `cooldownDuration`, `cooldownId`, `effects`, `containersCapacity`, `header`, `hookTypeId`, `iconId`, `iconOverlayId`, `iconUnderlayId`, `hookItemTypes`, `itemsCapacity`, `location`, `materialType`, `maxStackSize`, `maxStructure`, `radar`, `pscript`, `spellId`, `stackSize`, `structure`, `targetTypeId`, `usability`, `useRadius`, `validLocations`, `value`, `workmanship`, `animationFrameId`, `defaultScript`, `defaultScriptIntensity`, `elasticity`, `friction`, `locationId`, `modelTableId`, `objectScale`, `physicsBitField`, `physicsTableId`, `motionTableId`, `soundTableId`, `physicsState`, `translucency`, `currentMotionState`)
VALUES (32322, 'Portal Keeper', 16, 67115468, 0, 0, 20, 0, 0, 0, 0, 0, 255, 8388630, 0, 100677371, 0, 0, 0, 255, 0, 0, 0, 0, 2, 0, 0, 0, 0, 0, 1, 0, 0, 0, 0, 0, 0, 0, 0, 0, 0, 33559125, 1.3, 104579, 872415269, 150995334, 536871102, 1032, 0, 'AAA9AAAAAAA=');

INSERT INTO weenie_class (`weenieClassId`, `baseAceObjectId`)
VALUES (32322, 32322);

INSERT INTO `weenie_palette_changes` (`weenieClassId`, `subPaletteId`, `offset`, `length`)
VALUES (32322, 67115545, 0, 0);

INSERT INTO `base_ace_object` (`baseAceObjectId`, `name`, `typeId`, `paletteId`, `ammoType`, `blipColor`, `bitField`, `burden`, `combatUse`, `cooldownDuration`, `cooldownId`, `effects`, `containersCapacity`, `header`, `hookTypeId`, `iconId`, `iconOverlayId`, `iconUnderlayId`, `hookItemTypes`, `itemsCapacity`, `location`, `materialType`, `maxStackSize`, `maxStructure`, `radar`, `pscript`, `spellId`, `stackSize`, `structure`, `targetTypeId`, `usability`, `useRadius`, `validLocations`, `value`, `workmanship`, `animationFrameId`, `defaultScript`, `defaultScriptIntensity`, `elasticity`, `friction`, `locationId`, `modelTableId`, `objectScale`, `physicsBitField`, `physicsTableId`, `motionTableId`, `soundTableId`, `physicsState`, `translucency`, `currentMotionState`)
VALUES (35858, 'Shrine of Black Water', 16, 0, 0, 3, 4, 0, 0, 0, 0, 0, 255, 1048630, 0, 100688623, 0, 0, 0, 255, 0, 0, 0, 0, 0, 0, 0, 0, 0, 0, 32, 3, 0, 0, 0, 0, 0, 0, 0, 0, 0, 33558344, 0, 100355, 0, 150995261, 536870933, 6358040, 0, 'AAA9AAAAAAA=');

INSERT INTO weenie_class (`weenieClassId`, `baseAceObjectId`)
VALUES (35858, 35858);

INSERT INTO `base_ace_object` (`baseAceObjectId`, `name`, `typeId`, `paletteId`, `ammoType`, `blipColor`, `bitField`, `burden`, `combatUse`, `cooldownDuration`, `cooldownId`, `effects`, `containersCapacity`, `header`, `hookTypeId`, `iconId`, `iconOverlayId`, `iconUnderlayId`, `hookItemTypes`, `itemsCapacity`, `location`, `materialType`, `maxStackSize`, `maxStructure`, `radar`, `pscript`, `spellId`, `stackSize`, `structure`, `targetTypeId`, `usability`, `useRadius`, `validLocations`, `value`, `workmanship`, `animationFrameId`, `defaultScript`, `defaultScriptIntensity`, `elasticity`, `friction`, `locationId`, `modelTableId`, `objectScale`, `physicsBitField`, `physicsTableId`, `motionTableId`, `soundTableId`, `physicsState`, `translucency`, `currentMotionState`)
VALUES (52075, 'White Lever', 16, 0, 0, 3, 4, 0, 0, 0, 0, 0, 255, 1048630, 0, 100667624, 0, 0, 0, 255, 0, 0, 0, 0, 0, 0, 0, 0, 0, 0, 32, 1, 0, 0, 0, 0, 0, 0, 0, 0, 0, 33555231, 0, 104451, 872415275, 150995055, 536870981, 2098200, 0, 'AAA9AAAAAAA=');

INSERT INTO weenie_class (`weenieClassId`, `baseAceObjectId`)
VALUES (52075, 52075);

INSERT INTO `base_ace_object` (`baseAceObjectId`, `name`, `typeId`, `paletteId`, `ammoType`, `blipColor`, `bitField`, `burden`, `combatUse`, `cooldownDuration`, `cooldownId`, `effects`, `containersCapacity`, `header`, `hookTypeId`, `iconId`, `iconOverlayId`, `iconUnderlayId`, `hookItemTypes`, `itemsCapacity`, `location`, `materialType`, `maxStackSize`, `maxStructure`, `radar`, `pscript`, `spellId`, `stackSize`, `structure`, `targetTypeId`, `usability`, `useRadius`, `validLocations`, `value`, `workmanship`, `animationFrameId`, `defaultScript`, `defaultScriptIntensity`, `elasticity`, `friction`, `locationId`, `modelTableId`, `objectScale`, `physicsBitField`, `physicsTableId`, `motionTableId`, `soundTableId`, `physicsState`, `translucency`, `currentMotionState`)
VALUES (52072, 'Green Lever', 16, 0, 0, 3, 4, 0, 0, 0, 0, 0, 255, 1048630, 0, 100667624, 0, 0, 0, 255, 0, 0, 0, 0, 0, 0, 0, 0, 0, 0, 32, 1, 0, 0, 0, 0, 0, 0, 0, 0, 0, 33555231, 0, 104451, 872415275, 150995055, 536870981, 2098200, 0, 'AAA9AAAAAAA=');

INSERT INTO weenie_class (`weenieClassId`, `baseAceObjectId`)
VALUES (52072, 52072);

INSERT INTO `base_ace_object` (`baseAceObjectId`, `name`, `typeId`, `paletteId`, `ammoType`, `blipColor`, `bitField`, `burden`, `combatUse`, `cooldownDuration`, `cooldownId`, `effects`, `containersCapacity`, `header`, `hookTypeId`, `iconId`, `iconOverlayId`, `iconUnderlayId`, `hookItemTypes`, `itemsCapacity`, `location`, `materialType`, `maxStackSize`, `maxStructure`, `radar`, `pscript`, `spellId`, `stackSize`, `structure`, `targetTypeId`, `usability`, `useRadius`, `validLocations`, `value`, `workmanship`, `animationFrameId`, `defaultScript`, `defaultScriptIntensity`, `elasticity`, `friction`, `locationId`, `modelTableId`, `objectScale`, `physicsBitField`, `physicsTableId`, `motionTableId`, `soundTableId`, `physicsState`, `translucency`, `currentMotionState`)
VALUES (52088, 'Red Lever', 16, 0, 0, 3, 4, 0, 0, 0, 0, 0, 255, 1048630, 0, 100667624, 0, 0, 0, 255, 0, 0, 0, 0, 0, 0, 0, 0, 0, 0, 32, 1, 0, 0, 0, 0, 0, 0, 0, 0, 0, 33555231, 0, 104451, 872415275, 150995055, 536870981, 2098200, 0, 'AAA9AAAAAAA=');

INSERT INTO weenie_class (`weenieClassId`, `baseAceObjectId`)
VALUES (52088, 52088);

INSERT INTO `base_ace_object` (`baseAceObjectId`, `name`, `typeId`, `paletteId`, `ammoType`, `blipColor`, `bitField`, `burden`, `combatUse`, `cooldownDuration`, `cooldownId`, `effects`, `containersCapacity`, `header`, `hookTypeId`, `iconId`, `iconOverlayId`, `iconUnderlayId`, `hookItemTypes`, `itemsCapacity`, `location`, `materialType`, `maxStackSize`, `maxStructure`, `radar`, `pscript`, `spellId`, `stackSize`, `structure`, `targetTypeId`, `usability`, `useRadius`, `validLocations`, `value`, `workmanship`, `animationFrameId`, `defaultScript`, `defaultScriptIntensity`, `elasticity`, `friction`, `locationId`, `modelTableId`, `objectScale`, `physicsBitField`, `physicsTableId`, `motionTableId`, `soundTableId`, `physicsState`, `translucency`, `currentMotionState`)
VALUES (52074, 'Orange Lever', 16, 0, 0, 3, 4, 0, 0, 0, 0, 0, 255, 1048630, 0, 100667624, 0, 0, 0, 255, 0, 0, 0, 0, 0, 0, 0, 0, 0, 0, 32, 1, 0, 0, 0, 0, 0, 0, 0, 0, 0, 33555231, 0, 104451, 872415275, 150995055, 536870981, 2098200, 0, 'AAA9AAAAAAA=');

INSERT INTO weenie_class (`weenieClassId`, `baseAceObjectId`)
VALUES (52074, 52074);

INSERT INTO `base_ace_object` (`baseAceObjectId`, `name`, `typeId`, `paletteId`, `ammoType`, `blipColor`, `bitField`, `burden`, `combatUse`, `cooldownDuration`, `cooldownId`, `effects`, `containersCapacity`, `header`, `hookTypeId`, `iconId`, `iconOverlayId`, `iconUnderlayId`, `hookItemTypes`, `itemsCapacity`, `location`, `materialType`, `maxStackSize`, `maxStructure`, `radar`, `pscript`, `spellId`, `stackSize`, `structure`, `targetTypeId`, `usability`, `useRadius`, `validLocations`, `value`, `workmanship`, `animationFrameId`, `defaultScript`, `defaultScriptIntensity`, `elasticity`, `friction`, `locationId`, `modelTableId`, `objectScale`, `physicsBitField`, `physicsTableId`, `motionTableId`, `soundTableId`, `physicsState`, `translucency`, `currentMotionState`)
VALUES (52071, 'Blue Lever', 16, 0, 0, 3, 4, 0, 0, 0, 0, 0, 255, 1048630, 0, 100667624, 0, 0, 0, 255, 0, 0, 0, 0, 0, 0, 0, 0, 0, 0, 32, 1, 0, 0, 0, 0, 0, 0, 0, 0, 0, 33555231, 0, 104451, 872415275, 150995055, 536870981, 2098200, 0, 'AAA9AAAAAAA=');

INSERT INTO weenie_class (`weenieClassId`, `baseAceObjectId`)
VALUES (52071, 52071);

INSERT INTO `base_ace_object` (`baseAceObjectId`, `name`, `typeId`, `paletteId`, `ammoType`, `blipColor`, `bitField`, `burden`, `combatUse`, `cooldownDuration`, `cooldownId`, `effects`, `containersCapacity`, `header`, `hookTypeId`, `iconId`, `iconOverlayId`, `iconUnderlayId`, `hookItemTypes`, `itemsCapacity`, `location`, `materialType`, `maxStackSize`, `maxStructure`, `radar`, `pscript`, `spellId`, `stackSize`, `structure`, `targetTypeId`, `usability`, `useRadius`, `validLocations`, `value`, `workmanship`, `animationFrameId`, `defaultScript`, `defaultScriptIntensity`, `elasticity`, `friction`, `locationId`, `modelTableId`, `objectScale`, `physicsBitField`, `physicsTableId`, `motionTableId`, `soundTableId`, `physicsState`, `translucency`, `currentMotionState`)
VALUES (52076, 'Yellow Lever', 16, 0, 0, 3, 4, 0, 0, 0, 0, 0, 255, 1048630, 0, 100667624, 0, 0, 0, 255, 0, 0, 0, 0, 0, 0, 0, 0, 0, 0, 32, 1, 0, 0, 0, 0, 0, 0, 0, 0, 0, 33555231, 0, 104451, 872415275, 150995055, 536870981, 2098200, 0, 'AAA9AAAAAAA=');

INSERT INTO weenie_class (`weenieClassId`, `baseAceObjectId`)
VALUES (52076, 52076);

INSERT INTO `base_ace_object` (`baseAceObjectId`, `name`, `typeId`, `paletteId`, `ammoType`, `blipColor`, `bitField`, `burden`, `combatUse`, `cooldownDuration`, `cooldownId`, `effects`, `containersCapacity`, `header`, `hookTypeId`, `iconId`, `iconOverlayId`, `iconUnderlayId`, `hookItemTypes`, `itemsCapacity`, `location`, `materialType`, `maxStackSize`, `maxStructure`, `radar`, `pscript`, `spellId`, `stackSize`, `structure`, `targetTypeId`, `usability`, `useRadius`, `validLocations`, `value`, `workmanship`, `animationFrameId`, `defaultScript`, `defaultScriptIntensity`, `elasticity`, `friction`, `locationId`, `modelTableId`, `objectScale`, `physicsBitField`, `physicsTableId`, `motionTableId`, `soundTableId`, `physicsState`, `translucency`, `currentMotionState`)
VALUES (29415, 'Silver Legion Doorkeeper', 16, 67115468, 0, 0, 20, 0, 0, 0, 0, 0, 255, 8388630, 0, 100677371, 0, 0, 0, 255, 0, 0, 0, 0, 2, 0, 0, 0, 0, 0, 1, 0, 0, 0, 0, 0, 0, 0, 0, 0, 0, 33559125, 1.3, 104643, 872415269, 150995334, 536871102, 1032, 0, 'AAA9AEAAAAAAAMC/');

INSERT INTO weenie_class (`weenieClassId`, `baseAceObjectId`)
VALUES (29415, 29415);

INSERT INTO `weenie_palette_changes` (`weenieClassId`, `subPaletteId`, `offset`, `length`)
VALUES (29415, 67115468, 0, 0);

INSERT INTO `base_ace_object` (`baseAceObjectId`, `name`, `typeId`, `paletteId`, `ammoType`, `blipColor`, `bitField`, `burden`, `combatUse`, `cooldownDuration`, `cooldownId`, `effects`, `containersCapacity`, `header`, `hookTypeId`, `iconId`, `iconOverlayId`, `iconUnderlayId`, `hookItemTypes`, `itemsCapacity`, `location`, `materialType`, `maxStackSize`, `maxStructure`, `radar`, `pscript`, `spellId`, `stackSize`, `structure`, `targetTypeId`, `usability`, `useRadius`, `validLocations`, `value`, `workmanship`, `animationFrameId`, `defaultScript`, `defaultScriptIntensity`, `elasticity`, `friction`, `locationId`, `modelTableId`, `objectScale`, `physicsBitField`, `physicsTableId`, `motionTableId`, `soundTableId`, `physicsState`, `translucency`, `currentMotionState`)
VALUES (32700, 'Viamontian Portal Mage', 16, 67108990, 0, 0, 20, 0, 0, 0, 0, 0, 255, 8388630, 0, 100667446, 0, 0, 0, 255, 0, 0, 0, 0, 2, 0, 0, 0, 0, 0, 1, 0, 0, 0, 0, 0, 0, 0, 0, 0, 0, 33554433, 0, 104515, 872415236, 150994945, 536870913, 1032, 0, 'AAA9AAAAAAA=');

INSERT INTO weenie_class (`weenieClassId`, `baseAceObjectId`)
VALUES (32700, 32700);

INSERT INTO `weenie_palette_changes` (`weenieClassId`, `subPaletteId`, `offset`, `length`)
VALUES (32700, 67115907, 0, 24)
     , (32700, 67117099, 24, 8)
     , (32700, 67109564, 32, 8)
     , (32700, 67116135, 168, 6)
     , (32700, 67116018, 207, 33)
     , (32700, 67116026, 174, 33);

INSERT INTO `weenie_texture_map_changes` (`weenieClassId`, `index`, `oldId`, `newId`)
VALUES (32700, 16, 83886232, 83890685)
     , (32700, 16, 83886668, 83890485)
     , (32700, 16, 83886837, 83890561)
     , (32700, 16, 83886684, 83890655)
     , (32700, 0, 83897013, 83897013)
     , (32700, 9, 83897018, 83897018)
     , (32700, 9, 83897019, 83897019)
     , (32700, 11, 83892346, 83897016)
     , (32700, 14, 83892346, 83897016);

INSERT INTO `weenie_animation_changes` (`weenieClassId`, `index`, `animationId`)
VALUES (32700, 15, 16792141)
     , (32700, 12, 16792142)
     , (32700, 0, 16791895)
     , (32700, 1, 16791896)
     , (32700, 2, 16791897)
     , (32700, 3, 16777708)
     , (32700, 4, 16777708)
     , (32700, 5, 16791898)
     , (32700, 6, 16791899)
     , (32700, 7, 16777708)
     , (32700, 8, 16777708)
     , (32700, 9, 16791900)
     , (32700, 10, 16791901)
     , (32700, 11, 16783853)
     , (32700, 13, 16791903)
     , (32700, 14, 16783855)
     , (32700, 16, 16791907);

