INSERT INTO `base_ace_object` (`baseAceObjectId`, `name`, `typeId`, `paletteId`, `ammoType`, `blipColor`, `bitField`, `burden`, `combatUse`, `cooldownDuration`, `cooldownId`, `effects`, `containersCapacity`, `header`, `hookTypeId`, `iconId`, `iconOverlayId`, `iconUnderlayId`, `hookItemTypes`, `itemsCapacity`, `location`, `materialType`, `maxStackSize`, `maxStructure`, `radar`, `pscript`, `spellId`, `stackSize`, `structure`, `targetTypeId`, `usability`, `useRadius`, `validLocations`, `value`, `workmanship`, `animationFrameId`, `defaultScript`, `defaultScriptIntensity`, `elasticity`, `friction`, `locationId`, `modelTableId`, `objectScale`, `physicsBitField`, `physicsTableId`, `motionTableId`, `soundTableId`, `physicsState`, `translucency`, `currentMotionState`)
VALUES (49485, 'Encapsulated Spirit', 128, 67111919, 0, 0, 16, 2350, 0, 0, 0, 0, 0, 2650136, 0, 100693036, 0, 0, 0, 0, 0, 0, 50, 0, 0, 0, 0, 47, 0, 128, 524296, 0, 0, 23500, 0, 101, 0, 0, 0, 0, 0, 33561540, 0, 399361, 872415275, 0, 536870932, 3092, 0.5, '0');

INSERT INTO weenie_class (`weenieClassId`, `baseAceObjectId`)
VALUES (49485, 49485);

INSERT INTO `weenie_palette_changes` (`weenieClassId`, `subPaletteId`, `offset`, `length`)
VALUES (49485, 67111921, 0, 0);

INSERT INTO `weenie_texture_map_changes` (`weenieClassId`, `index`, `oldId`, `newId`)
VALUES (49485, 0, 83890391, 83890391);

INSERT INTO `weenie_animation_changes` (`weenieClassId`, `index`, `animationId`)
VALUES (49485, 0, 16779181);

INSERT INTO `base_ace_object` (`baseAceObjectId`, `name`, `typeId`, `paletteId`, `ammoType`, `blipColor`, `bitField`, `burden`, `combatUse`, `cooldownDuration`, `cooldownId`, `effects`, `containersCapacity`, `header`, `hookTypeId`, `iconId`, `iconOverlayId`, `iconUnderlayId`, `hookItemTypes`, `itemsCapacity`, `location`, `materialType`, `maxStackSize`, `maxStructure`, `radar`, `pscript`, `spellId`, `stackSize`, `structure`, `targetTypeId`, `usability`, `useRadius`, `validLocations`, `value`, `workmanship`, `animationFrameId`, `defaultScript`, `defaultScriptIntensity`, `elasticity`, `friction`, `locationId`, `modelTableId`, `objectScale`, `physicsBitField`, `physicsTableId`, `motionTableId`, `soundTableId`, `physicsState`, `translucency`, `currentMotionState`)
VALUES (22240, 'Spirit Gate', 128, 0, 0, 0, 20, 9000, 0, 0, 0, 0, 0, 2097176, 0, 100667499, 0, 0, 0, 0, 0, 0, 0, 0, 0, 0, 0, 0, 0, 0, 1, 0, 0, 125, 0, 0, 0, 0, 0, 0, 0, 33558054, 0, 32769, 0, 0, 0, 1048, 0, '0');

INSERT INTO weenie_class (`weenieClassId`, `baseAceObjectId`)
VALUES (22240, 22240);

INSERT INTO `base_ace_object` (`baseAceObjectId`, `name`, `typeId`, `paletteId`, `ammoType`, `blipColor`, `bitField`, `burden`, `combatUse`, `cooldownDuration`, `cooldownId`, `effects`, `containersCapacity`, `header`, `hookTypeId`, `iconId`, `iconOverlayId`, `iconUnderlayId`, `hookItemTypes`, `itemsCapacity`, `location`, `materialType`, `maxStackSize`, `maxStructure`, `radar`, `pscript`, `spellId`, `stackSize`, `structure`, `targetTypeId`, `usability`, `useRadius`, `validLocations`, `value`, `workmanship`, `animationFrameId`, `defaultScript`, `defaultScriptIntensity`, `elasticity`, `friction`, `locationId`, `modelTableId`, `objectScale`, `physicsBitField`, `physicsTableId`, `motionTableId`, `soundTableId`, `physicsState`, `translucency`, `currentMotionState`)
VALUES (51784, 'Spirit Crystal', 128, 67108990, 0, 0, 18, 200, 0, 0, 0, 256, 0, 2113680, 0, 100693211, 0, 0, 0, 0, 0, 0, 0, 0, 0, 0, 0, 0, 0, 0, 1, 0, 0, 0, 0, 101, 0, 0, 0, 0, 0, 33554854, 0, 137217, 872415275, 0, 536870932, 1044, 0, '0');

INSERT INTO weenie_class (`weenieClassId`, `baseAceObjectId`)
VALUES (51784, 51784);

INSERT INTO `weenie_palette_changes` (`weenieClassId`, `subPaletteId`, `offset`, `length`)
VALUES (51784, 67113252, 40, 24)
     , (51784, 67113252, 64, 8)
     , (51784, 67113252, 72, 8)
     , (51784, 67113252, 108, 8)
     , (51784, 67113252, 128, 8)
     , (51784, 67110014, 92, 4);

INSERT INTO `weenie_texture_map_changes` (`weenieClassId`, `index`, `oldId`, `newId`)
VALUES (51784, 0, 83887061, 83886687)
     , (51784, 0, 83887060, 83886686)
     , (51784, 0, 83889072, 83886685)
     , (51784, 0, 83889342, 83889386);

INSERT INTO `weenie_animation_changes` (`weenieClassId`, `index`, `animationId`)
VALUES (51784, 0, 16778367);

