INSERT INTO ace_weenie_class (`weenieClassId`, `weenieClassDescription`)
VALUES (22449, 'healingkitplentiful');

INSERT INTO `ace_object` (`aceObjectId`, `aceObjectDescriptionFlags`, `weenieClassId`, `weenieHeaderFlags`, `iconId`, `iconOverlayId`, `iconUnderlayId`, `modelTableId`, `soundTableId`, `motionTableId`, `currentMotionState`, `animationFrameId`, `physicsTableId`, `physicsDescriptionFlag`, `spellId`, `playScript`, `defaultScript`)
VALUES (22449, 2624536, 22449, 65554, 100673800, NULL, NULL, 33555194, NULL, NULL, NULL, 101, NULL, 163841, NULL, NULL, NULL);

INSERT INTO `ace_object_properties_string` (`aceObjectId`, `strPropertyId`, `propertyValue`)
VALUES (22449, 1, 'Plentiful Healing Kit');

INSERT INTO `ace_object_properties_int` (`aceObjectId`, `intPropertyId`, `propertyValue`)
VALUES (22449, 1, 128);

INSERT INTO `ace_object_properties_int` (`aceObjectId`, `intPropertyId`, `propertyValue`)
VALUES (22449, 5, 50);

INSERT INTO `ace_object_properties_int` (`aceObjectId`, `intPropertyId`, `propertyValue`)
VALUES (22449, 91, 100);

INSERT INTO `ace_object_properties_int` (`aceObjectId`, `intPropertyId`, `propertyValue`)
VALUES (22449, 92, 26);

INSERT INTO `ace_object_properties_int` (`aceObjectId`, `intPropertyId`, `propertyValue`)
VALUES (22449, 94, 16);

INSERT INTO `ace_object_properties_int` (`aceObjectId`, `intPropertyId`, `propertyValue`)
VALUES (22449, 16, 2228232);

INSERT INTO `ace_object_properties_int` (`aceObjectId`, `intPropertyId`, `propertyValue`)
VALUES (22449, 19, 780);

INSERT INTO `ace_object_properties_int` (`aceObjectId`, `intPropertyId`, `propertyValue`)
VALUES (22449, 93, 1044);

INSERT INTO `ace_object_texture_map_change` (`aceObjectId`, `index`, `oldId`, `newId`)
VALUES (22449, 0, 83889681, 83894377)
     , (22449, 0, 83889682, 83894378);

INSERT INTO `ace_object_animation_change` (`aceObjectId`, `index`, `animationId`)
VALUES (22449, 0, 16779994);

INSERT INTO ace_weenie_class (`weenieClassId`, `weenieClassDescription`)
VALUES (629, 'healingkitplain');

INSERT INTO `ace_object` (`aceObjectId`, `aceObjectDescriptionFlags`, `weenieClassId`, `weenieHeaderFlags`, `iconId`, `iconOverlayId`, `iconUnderlayId`, `modelTableId`, `soundTableId`, `motionTableId`, `currentMotionState`, `animationFrameId`, `physicsTableId`, `physicsDescriptionFlag`, `spellId`, `playScript`, `defaultScript`)
VALUES (629, 2640920, 629, 65554, 100676336, NULL, NULL, 33555194, NULL, NULL, NULL, 101, NULL, 131073, NULL, NULL, NULL);

INSERT INTO `ace_object_properties_string` (`aceObjectId`, `strPropertyId`, `propertyValue`)
VALUES (629, 1, 'Adept Healing Kit');

INSERT INTO `ace_object_properties_int` (`aceObjectId`, `intPropertyId`, `propertyValue`)
VALUES (629, 1, 128);

INSERT INTO `ace_object_properties_int` (`aceObjectId`, `intPropertyId`, `propertyValue`)
VALUES (629, 5, 50);

INSERT INTO `ace_object_properties_int` (`aceObjectId`, `intPropertyId`, `propertyValue`)
VALUES (629, 91, 25);

INSERT INTO `ace_object_properties_int` (`aceObjectId`, `intPropertyId`, `propertyValue`)
VALUES (629, 92, 25);

INSERT INTO `ace_object_properties_int` (`aceObjectId`, `intPropertyId`, `propertyValue`)
VALUES (629, 94, 16);

INSERT INTO `ace_object_properties_int` (`aceObjectId`, `intPropertyId`, `propertyValue`)
VALUES (629, 16, 2228232);

INSERT INTO `ace_object_properties_int` (`aceObjectId`, `intPropertyId`, `propertyValue`)
VALUES (629, 19, 50);

INSERT INTO `ace_object_properties_int` (`aceObjectId`, `intPropertyId`, `propertyValue`)
VALUES (629, 93, 1044);

INSERT INTO ace_weenie_class (`weenieClassId`, `weenieClassDescription`)
VALUES (631, 'healingkitexcellent');

INSERT INTO `ace_object` (`aceObjectId`, `aceObjectDescriptionFlags`, `weenieClassId`, `weenieHeaderFlags`, `iconId`, `iconOverlayId`, `iconUnderlayId`, `modelTableId`, `soundTableId`, `motionTableId`, `currentMotionState`, `animationFrameId`, `physicsTableId`, `physicsDescriptionFlag`, `spellId`, `playScript`, `defaultScript`)
VALUES (631, 2640920, 631, 65554, 100676338, NULL, NULL, 33555194, NULL, NULL, NULL, 101, NULL, 131073, NULL, NULL, NULL);

INSERT INTO `ace_object_properties_string` (`aceObjectId`, `strPropertyId`, `propertyValue`)
VALUES (631, 1, 'Excellent Healing Kit');

INSERT INTO `ace_object_properties_int` (`aceObjectId`, `intPropertyId`, `propertyValue`)
VALUES (631, 1, 128);

INSERT INTO `ace_object_properties_int` (`aceObjectId`, `intPropertyId`, `propertyValue`)
VALUES (631, 5, 50);

INSERT INTO `ace_object_properties_int` (`aceObjectId`, `intPropertyId`, `propertyValue`)
VALUES (631, 91, 35);

INSERT INTO `ace_object_properties_int` (`aceObjectId`, `intPropertyId`, `propertyValue`)
VALUES (631, 92, 35);

INSERT INTO `ace_object_properties_int` (`aceObjectId`, `intPropertyId`, `propertyValue`)
VALUES (631, 94, 16);

INSERT INTO `ace_object_properties_int` (`aceObjectId`, `intPropertyId`, `propertyValue`)
VALUES (631, 16, 2228232);

INSERT INTO `ace_object_properties_int` (`aceObjectId`, `intPropertyId`, `propertyValue`)
VALUES (631, 19, 500);

INSERT INTO `ace_object_properties_int` (`aceObjectId`, `intPropertyId`, `propertyValue`)
VALUES (631, 93, 1044);

INSERT INTO ace_weenie_class (`weenieClassId`, `weenieClassDescription`)
VALUES (632, 'healingkitpeerless');

INSERT INTO `ace_object` (`aceObjectId`, `aceObjectDescriptionFlags`, `weenieClassId`, `weenieHeaderFlags`, `iconId`, `iconOverlayId`, `iconUnderlayId`, `modelTableId`, `soundTableId`, `motionTableId`, `currentMotionState`, `animationFrameId`, `physicsTableId`, `physicsDescriptionFlag`, `spellId`, `playScript`, `defaultScript`)
VALUES (632, 2640920, 632, 65554, 100676339, NULL, NULL, 33555194, NULL, NULL, NULL, 101, NULL, 131073, NULL, NULL, NULL);

INSERT INTO `ace_object_properties_string` (`aceObjectId`, `strPropertyId`, `propertyValue`)
VALUES (632, 1, 'Peerless Healing Kit');

INSERT INTO `ace_object_properties_int` (`aceObjectId`, `intPropertyId`, `propertyValue`)
VALUES (632, 1, 128);

INSERT INTO `ace_object_properties_int` (`aceObjectId`, `intPropertyId`, `propertyValue`)
VALUES (632, 5, 50);

INSERT INTO `ace_object_properties_int` (`aceObjectId`, `intPropertyId`, `propertyValue`)
VALUES (632, 91, 40);

INSERT INTO `ace_object_properties_int` (`aceObjectId`, `intPropertyId`, `propertyValue`)
VALUES (632, 92, 40);

INSERT INTO `ace_object_properties_int` (`aceObjectId`, `intPropertyId`, `propertyValue`)
VALUES (632, 94, 16);

INSERT INTO `ace_object_properties_int` (`aceObjectId`, `intPropertyId`, `propertyValue`)
VALUES (632, 16, 2228232);

INSERT INTO `ace_object_properties_int` (`aceObjectId`, `intPropertyId`, `propertyValue`)
VALUES (632, 19, 1000);

INSERT INTO `ace_object_properties_int` (`aceObjectId`, `intPropertyId`, `propertyValue`)
VALUES (632, 93, 1044);

INSERT INTO ace_weenie_class (`weenieClassId`, `weenieClassDescription`)
VALUES (630, 'healingkitgood');

INSERT INTO `ace_object` (`aceObjectId`, `aceObjectDescriptionFlags`, `weenieClassId`, `weenieHeaderFlags`, `iconId`, `iconOverlayId`, `iconUnderlayId`, `modelTableId`, `soundTableId`, `motionTableId`, `currentMotionState`, `animationFrameId`, `physicsTableId`, `physicsDescriptionFlag`, `spellId`, `playScript`, `defaultScript`)
VALUES (630, 2640920, 630, 65554, 100676337, NULL, NULL, 33555194, NULL, NULL, NULL, 101, NULL, 131073, NULL, NULL, NULL);

INSERT INTO `ace_object_properties_string` (`aceObjectId`, `strPropertyId`, `propertyValue`)
VALUES (630, 1, 'Gifted Healing Kit');

INSERT INTO `ace_object_properties_int` (`aceObjectId`, `intPropertyId`, `propertyValue`)
VALUES (630, 1, 128);

INSERT INTO `ace_object_properties_int` (`aceObjectId`, `intPropertyId`, `propertyValue`)
VALUES (630, 5, 50);

INSERT INTO `ace_object_properties_int` (`aceObjectId`, `intPropertyId`, `propertyValue`)
VALUES (630, 91, 30);

INSERT INTO `ace_object_properties_int` (`aceObjectId`, `intPropertyId`, `propertyValue`)
VALUES (630, 92, 30);

INSERT INTO `ace_object_properties_int` (`aceObjectId`, `intPropertyId`, `propertyValue`)
VALUES (630, 94, 16);

INSERT INTO `ace_object_properties_int` (`aceObjectId`, `intPropertyId`, `propertyValue`)
VALUES (630, 16, 2228232);

INSERT INTO `ace_object_properties_int` (`aceObjectId`, `intPropertyId`, `propertyValue`)
VALUES (630, 19, 120);

INSERT INTO `ace_object_properties_int` (`aceObjectId`, `intPropertyId`, `propertyValue`)
VALUES (630, 93, 1044);

INSERT INTO ace_weenie_class (`weenieClassId`, `weenieClassDescription`)
VALUES (13233, 'healingkitacademy');

INSERT INTO `ace_object` (`aceObjectId`, `aceObjectDescriptionFlags`, `weenieClassId`, `weenieHeaderFlags`, `iconId`, `iconOverlayId`, `iconUnderlayId`, `modelTableId`, `soundTableId`, `motionTableId`, `currentMotionState`, `animationFrameId`, `physicsTableId`, `physicsDescriptionFlag`, `spellId`, `playScript`, `defaultScript`)
VALUES (13233, 2640920, 13233, 65554, 100668228, NULL, NULL, 33555194, NULL, NULL, NULL, 101, NULL, 131073, NULL, NULL, NULL);

INSERT INTO `ace_object_properties_string` (`aceObjectId`, `strPropertyId`, `propertyValue`)
VALUES (13233, 1, 'Plain Healing Kit');

INSERT INTO `ace_object_properties_int` (`aceObjectId`, `intPropertyId`, `propertyValue`)
VALUES (13233, 1, 128);

INSERT INTO `ace_object_properties_int` (`aceObjectId`, `intPropertyId`, `propertyValue`)
VALUES (13233, 5, 50);

INSERT INTO `ace_object_properties_int` (`aceObjectId`, `intPropertyId`, `propertyValue`)
VALUES (13233, 91, 20);

INSERT INTO `ace_object_properties_int` (`aceObjectId`, `intPropertyId`, `propertyValue`)
VALUES (13233, 92, 20);

INSERT INTO `ace_object_properties_int` (`aceObjectId`, `intPropertyId`, `propertyValue`)
VALUES (13233, 94, 16);

INSERT INTO `ace_object_properties_int` (`aceObjectId`, `intPropertyId`, `propertyValue`)
VALUES (13233, 16, 2228232);

INSERT INTO `ace_object_properties_int` (`aceObjectId`, `intPropertyId`, `propertyValue`)
VALUES (13233, 19, 50);

INSERT INTO `ace_object_properties_int` (`aceObjectId`, `intPropertyId`, `propertyValue`)
VALUES (13233, 93, 1044);

INSERT INTO ace_weenie_class (`weenieClassId`, `weenieClassDescription`)
VALUES (628, 'healingkitcrude');

INSERT INTO `ace_object` (`aceObjectId`, `aceObjectDescriptionFlags`, `weenieClassId`, `weenieHeaderFlags`, `iconId`, `iconOverlayId`, `iconUnderlayId`, `modelTableId`, `soundTableId`, `motionTableId`, `currentMotionState`, `animationFrameId`, `physicsTableId`, `physicsDescriptionFlag`, `spellId`, `playScript`, `defaultScript`)
VALUES (628, 2640920, 628, 65554, 100676335, NULL, NULL, 33555194, NULL, NULL, NULL, 101, NULL, 131073, NULL, NULL, NULL);

INSERT INTO `ace_object_properties_string` (`aceObjectId`, `strPropertyId`, `propertyValue`)
VALUES (628, 1, 'Handy Healing Kit');

INSERT INTO `ace_object_properties_int` (`aceObjectId`, `intPropertyId`, `propertyValue`)
VALUES (628, 1, 128);

INSERT INTO `ace_object_properties_int` (`aceObjectId`, `intPropertyId`, `propertyValue`)
VALUES (628, 5, 50);

INSERT INTO `ace_object_properties_int` (`aceObjectId`, `intPropertyId`, `propertyValue`)
VALUES (628, 91, 20);

INSERT INTO `ace_object_properties_int` (`aceObjectId`, `intPropertyId`, `propertyValue`)
VALUES (628, 92, 20);

INSERT INTO `ace_object_properties_int` (`aceObjectId`, `intPropertyId`, `propertyValue`)
VALUES (628, 94, 16);

INSERT INTO `ace_object_properties_int` (`aceObjectId`, `intPropertyId`, `propertyValue`)
VALUES (628, 16, 2228232);

INSERT INTO `ace_object_properties_int` (`aceObjectId`, `intPropertyId`, `propertyValue`)
VALUES (628, 19, 10);

INSERT INTO `ace_object_properties_int` (`aceObjectId`, `intPropertyId`, `propertyValue`)
VALUES (628, 93, 1044);

INSERT INTO ace_weenie_class (`weenieClassId`, `weenieClassDescription`)
VALUES (9229, 'healingkittreated');

INSERT INTO `ace_object` (`aceObjectId`, `aceObjectDescriptionFlags`, `weenieClassId`, `weenieHeaderFlags`, `iconId`, `iconOverlayId`, `iconUnderlayId`, `modelTableId`, `soundTableId`, `motionTableId`, `currentMotionState`, `animationFrameId`, `physicsTableId`, `physicsDescriptionFlag`, `spellId`, `playScript`, `defaultScript`)
VALUES (9229, 2624536, 9229, 65554, 100676325, NULL, NULL, 33555194, NULL, NULL, NULL, 101, NULL, 163841, NULL, NULL, NULL);

INSERT INTO `ace_object_properties_string` (`aceObjectId`, `strPropertyId`, `propertyValue`)
VALUES (9229, 1, 'Treated Healing Kit');

INSERT INTO `ace_object_properties_int` (`aceObjectId`, `intPropertyId`, `propertyValue`)
VALUES (9229, 1, 128);

INSERT INTO `ace_object_properties_int` (`aceObjectId`, `intPropertyId`, `propertyValue`)
VALUES (9229, 5, 50);

INSERT INTO `ace_object_properties_int` (`aceObjectId`, `intPropertyId`, `propertyValue`)
VALUES (9229, 91, 50);

INSERT INTO `ace_object_properties_int` (`aceObjectId`, `intPropertyId`, `propertyValue`)
VALUES (9229, 92, 50);

INSERT INTO `ace_object_properties_int` (`aceObjectId`, `intPropertyId`, `propertyValue`)
VALUES (9229, 94, 16);

INSERT INTO `ace_object_properties_int` (`aceObjectId`, `intPropertyId`, `propertyValue`)
VALUES (9229, 16, 2228232);

INSERT INTO `ace_object_properties_int` (`aceObjectId`, `intPropertyId`, `propertyValue`)
VALUES (9229, 19, 2000);

INSERT INTO `ace_object_properties_int` (`aceObjectId`, `intPropertyId`, `propertyValue`)
VALUES (9229, 93, 1044);

INSERT INTO ace_weenie_class (`weenieClassId`, `weenieClassDescription`)
VALUES (44712, 'ace44712greatermanakit');

INSERT INTO `ace_object` (`aceObjectId`, `aceObjectDescriptionFlags`, `weenieClassId`, `weenieHeaderFlags`, `iconId`, `iconOverlayId`, `iconUnderlayId`, `modelTableId`, `soundTableId`, `motionTableId`, `currentMotionState`, `animationFrameId`, `physicsTableId`, `physicsDescriptionFlag`, `spellId`, `playScript`, `defaultScript`)
VALUES (44712, 2624536, 44712, 65554, 100692113, NULL, NULL, 33555194, NULL, NULL, NULL, 101, NULL, 163841, NULL, NULL, NULL);

INSERT INTO `ace_object_properties_string` (`aceObjectId`, `strPropertyId`, `propertyValue`)
VALUES (44712, 1, 'Greater Mana Kit');

INSERT INTO `ace_object_properties_int` (`aceObjectId`, `intPropertyId`, `propertyValue`)
VALUES (44712, 1, 128);

INSERT INTO `ace_object_properties_int` (`aceObjectId`, `intPropertyId`, `propertyValue`)
VALUES (44712, 5, 200);

INSERT INTO `ace_object_properties_int` (`aceObjectId`, `intPropertyId`, `propertyValue`)
VALUES (44712, 91, 50);

INSERT INTO `ace_object_properties_int` (`aceObjectId`, `intPropertyId`, `propertyValue`)
VALUES (44712, 92, 50);

INSERT INTO `ace_object_properties_int` (`aceObjectId`, `intPropertyId`, `propertyValue`)
VALUES (44712, 94, 16);

INSERT INTO `ace_object_properties_int` (`aceObjectId`, `intPropertyId`, `propertyValue`)
VALUES (44712, 16, 2228232);

INSERT INTO `ace_object_properties_int` (`aceObjectId`, `intPropertyId`, `propertyValue`)
VALUES (44712, 19, 3000);

INSERT INTO `ace_object_properties_int` (`aceObjectId`, `intPropertyId`, `propertyValue`)
VALUES (44712, 93, 1044);

INSERT INTO `ace_object_texture_map_change` (`aceObjectId`, `index`, `oldId`, `newId`)
VALUES (44712, 0, 83889681, 83894377)
     , (44712, 0, 83889682, 83894378);

INSERT INTO `ace_object_animation_change` (`aceObjectId`, `index`, `animationId`)
VALUES (44712, 0, 16779994);

INSERT INTO ace_weenie_class (`weenieClassId`, `weenieClassDescription`)
VALUES (44714, 'ace44714greaterstaminakit');

INSERT INTO `ace_object` (`aceObjectId`, `aceObjectDescriptionFlags`, `weenieClassId`, `weenieHeaderFlags`, `iconId`, `iconOverlayId`, `iconUnderlayId`, `modelTableId`, `soundTableId`, `motionTableId`, `currentMotionState`, `animationFrameId`, `physicsTableId`, `physicsDescriptionFlag`, `spellId`, `playScript`, `defaultScript`)
VALUES (44714, 2624536, 44714, 65554, 100692115, NULL, NULL, 33555194, NULL, NULL, NULL, 101, NULL, 163841, NULL, NULL, NULL);

INSERT INTO `ace_object_properties_string` (`aceObjectId`, `strPropertyId`, `propertyValue`)
VALUES (44714, 1, 'Greater Stamina Kit');

INSERT INTO `ace_object_properties_int` (`aceObjectId`, `intPropertyId`, `propertyValue`)
VALUES (44714, 1, 128);

INSERT INTO `ace_object_properties_int` (`aceObjectId`, `intPropertyId`, `propertyValue`)
VALUES (44714, 5, 200);

INSERT INTO `ace_object_properties_int` (`aceObjectId`, `intPropertyId`, `propertyValue`)
VALUES (44714, 91, 50);

INSERT INTO `ace_object_properties_int` (`aceObjectId`, `intPropertyId`, `propertyValue`)
VALUES (44714, 92, 50);

INSERT INTO `ace_object_properties_int` (`aceObjectId`, `intPropertyId`, `propertyValue`)
VALUES (44714, 94, 16);

INSERT INTO `ace_object_properties_int` (`aceObjectId`, `intPropertyId`, `propertyValue`)
VALUES (44714, 16, 2228232);

INSERT INTO `ace_object_properties_int` (`aceObjectId`, `intPropertyId`, `propertyValue`)
VALUES (44714, 19, 3000);

INSERT INTO `ace_object_properties_int` (`aceObjectId`, `intPropertyId`, `propertyValue`)
VALUES (44714, 93, 1044);

INSERT INTO `ace_object_texture_map_change` (`aceObjectId`, `index`, `oldId`, `newId`)
VALUES (44714, 0, 83889681, 83894377)
     , (44714, 0, 83889682, 83894378);

INSERT INTO `ace_object_animation_change` (`aceObjectId`, `index`, `animationId`)
VALUES (44714, 0, 16779994);

INSERT INTO ace_weenie_class (`weenieClassId`, `weenieClassDescription`)
VALUES (27671, 'healingkitrenegade');

INSERT INTO `ace_object` (`aceObjectId`, `aceObjectDescriptionFlags`, `weenieClassId`, `weenieHeaderFlags`, `iconId`, `iconOverlayId`, `iconUnderlayId`, `modelTableId`, `soundTableId`, `motionTableId`, `currentMotionState`, `animationFrameId`, `physicsTableId`, `physicsDescriptionFlag`, `spellId`, `playScript`, `defaultScript`)
VALUES (27671, 2624536, 27671, 65554, 100676523, NULL, NULL, 33555194, NULL, NULL, NULL, 101, NULL, 163841, NULL, NULL, NULL);

INSERT INTO `ace_object_properties_string` (`aceObjectId`, `strPropertyId`, `propertyValue`)
VALUES (27671, 1, 'Renegade Herbal Kit');

INSERT INTO `ace_object_properties_int` (`aceObjectId`, `intPropertyId`, `propertyValue`)
VALUES (27671, 1, 128);

INSERT INTO `ace_object_properties_int` (`aceObjectId`, `intPropertyId`, `propertyValue`)
VALUES (27671, 5, 65);

INSERT INTO `ace_object_properties_int` (`aceObjectId`, `intPropertyId`, `propertyValue`)
VALUES (27671, 91, 50);

INSERT INTO `ace_object_properties_int` (`aceObjectId`, `intPropertyId`, `propertyValue`)
VALUES (27671, 92, 50);

INSERT INTO `ace_object_properties_int` (`aceObjectId`, `intPropertyId`, `propertyValue`)
VALUES (27671, 94, 16);

INSERT INTO `ace_object_properties_int` (`aceObjectId`, `intPropertyId`, `propertyValue`)
VALUES (27671, 16, 2228232);

INSERT INTO `ace_object_properties_int` (`aceObjectId`, `intPropertyId`, `propertyValue`)
VALUES (27671, 19, 1000);

INSERT INTO `ace_object_properties_int` (`aceObjectId`, `intPropertyId`, `propertyValue`)
VALUES (27671, 93, 1044);

INSERT INTO ace_weenie_class (`weenieClassId`, `weenieClassDescription`)
VALUES (30251, 'healingkitrarevolatilemana');

INSERT INTO `ace_object` (`aceObjectId`, `aceObjectDescriptionFlags`, `weenieClassId`, `weenieHeaderFlags`, `iconId`, `iconOverlayId`, `iconUnderlayId`, `modelTableId`, `soundTableId`, `motionTableId`, `currentMotionState`, `animationFrameId`, `physicsTableId`, `physicsDescriptionFlag`, `spellId`, `playScript`, `defaultScript`)
VALUES (30251, 271076368, 30251, 67174418, 100686703, NULL, 100686604, 33555194, NULL, NULL, NULL, 101, NULL, 131073, NULL, NULL, NULL);

INSERT INTO `ace_object_properties_string` (`aceObjectId`, `strPropertyId`, `propertyValue`)
VALUES (30251, 1, 'Medicated Mana Kit');

INSERT INTO `ace_object_properties_int` (`aceObjectId`, `intPropertyId`, `propertyValue`)
VALUES (30251, 1, 128);

INSERT INTO `ace_object_properties_int` (`aceObjectId`, `intPropertyId`, `propertyValue`)
VALUES (30251, 5, 5);

INSERT INTO `ace_object_properties_int` (`aceObjectId`, `intPropertyId`, `propertyValue`)
VALUES (30251, 151, 2);

INSERT INTO `ace_object_properties_int` (`aceObjectId`, `intPropertyId`, `propertyValue`)
VALUES (30251, 91, 25);

INSERT INTO `ace_object_properties_int` (`aceObjectId`, `intPropertyId`, `propertyValue`)
VALUES (30251, 92, 22);

INSERT INTO `ace_object_properties_int` (`aceObjectId`, `intPropertyId`, `propertyValue`)
VALUES (30251, 94, 16);

INSERT INTO `ace_object_properties_int` (`aceObjectId`, `intPropertyId`, `propertyValue`)
VALUES (30251, 16, 2228232);

INSERT INTO `ace_object_properties_int` (`aceObjectId`, `intPropertyId`, `propertyValue`)
VALUES (30251, 93, 1044);

INSERT INTO `ace_object_texture_map_change` (`aceObjectId`, `index`, `oldId`, `newId`)
VALUES (30251, 0, 83889681, 83894377)
     , (30251, 0, 83889682, 83894378);

INSERT INTO `ace_object_animation_change` (`aceObjectId`, `index`, `animationId`)
VALUES (30251, 0, 16779994);

INSERT INTO ace_weenie_class (`weenieClassId`, `weenieClassDescription`)
VALUES (43701, 'ace43701olthoifibroushealingtissue');

INSERT INTO `ace_object` (`aceObjectId`, `aceObjectDescriptionFlags`, `weenieClassId`, `weenieHeaderFlags`, `iconId`, `iconOverlayId`, `iconUnderlayId`, `modelTableId`, `soundTableId`, `motionTableId`, `currentMotionState`, `animationFrameId`, `physicsTableId`, `physicsDescriptionFlag`, `spellId`, `playScript`, `defaultScript`)
VALUES (43701, 271076368, 43701, 67174418, 100691638, NULL, 100686604, 33555194, NULL, NULL, NULL, 101, NULL, 131073, NULL, NULL, NULL);

INSERT INTO `ace_object_properties_string` (`aceObjectId`, `strPropertyId`, `propertyValue`)
VALUES (43701, 1, 'Olthoi Fibrous Healing Tissue');

INSERT INTO `ace_object_properties_int` (`aceObjectId`, `intPropertyId`, `propertyValue`)
VALUES (43701, 1, 128);

INSERT INTO `ace_object_properties_int` (`aceObjectId`, `intPropertyId`, `propertyValue`)
VALUES (43701, 5, 5);

INSERT INTO `ace_object_properties_int` (`aceObjectId`, `intPropertyId`, `propertyValue`)
VALUES (43701, 151, 2);

INSERT INTO `ace_object_properties_int` (`aceObjectId`, `intPropertyId`, `propertyValue`)
VALUES (43701, 91, 100);

INSERT INTO `ace_object_properties_int` (`aceObjectId`, `intPropertyId`, `propertyValue`)
VALUES (43701, 92, 99);

INSERT INTO `ace_object_properties_int` (`aceObjectId`, `intPropertyId`, `propertyValue`)
VALUES (43701, 94, 16);

INSERT INTO `ace_object_properties_int` (`aceObjectId`, `intPropertyId`, `propertyValue`)
VALUES (43701, 16, 2228232);

INSERT INTO `ace_object_properties_int` (`aceObjectId`, `intPropertyId`, `propertyValue`)
VALUES (43701, 93, 1044);

INSERT INTO `ace_object_texture_map_change` (`aceObjectId`, `index`, `oldId`, `newId`)
VALUES (43701, 0, 83889681, 83894377)
     , (43701, 0, 83889682, 83894378);

INSERT INTO `ace_object_animation_change` (`aceObjectId`, `index`, `animationId`)
VALUES (43701, 0, 16779994);

INSERT INTO ace_weenie_class (`weenieClassId`, `weenieClassDescription`)
VALUES (44711, 'ace44711lesserstaminakit');

INSERT INTO `ace_object` (`aceObjectId`, `aceObjectDescriptionFlags`, `weenieClassId`, `weenieHeaderFlags`, `iconId`, `iconOverlayId`, `iconUnderlayId`, `modelTableId`, `soundTableId`, `motionTableId`, `currentMotionState`, `animationFrameId`, `physicsTableId`, `physicsDescriptionFlag`, `spellId`, `playScript`, `defaultScript`)
VALUES (44711, 2640920, 44711, 65554, 100692116, NULL, NULL, 33555194, NULL, NULL, NULL, 101, NULL, 131073, NULL, NULL, NULL);

INSERT INTO `ace_object_properties_string` (`aceObjectId`, `strPropertyId`, `propertyValue`)
VALUES (44711, 1, 'Lesser Stamina Kit');

INSERT INTO `ace_object_properties_int` (`aceObjectId`, `intPropertyId`, `propertyValue`)
VALUES (44711, 1, 128);

INSERT INTO `ace_object_properties_int` (`aceObjectId`, `intPropertyId`, `propertyValue`)
VALUES (44711, 5, 150);

INSERT INTO `ace_object_properties_int` (`aceObjectId`, `intPropertyId`, `propertyValue`)
VALUES (44711, 91, 50);

INSERT INTO `ace_object_properties_int` (`aceObjectId`, `intPropertyId`, `propertyValue`)
VALUES (44711, 92, 50);

INSERT INTO `ace_object_properties_int` (`aceObjectId`, `intPropertyId`, `propertyValue`)
VALUES (44711, 94, 16);

INSERT INTO `ace_object_properties_int` (`aceObjectId`, `intPropertyId`, `propertyValue`)
VALUES (44711, 16, 2228232);

INSERT INTO `ace_object_properties_int` (`aceObjectId`, `intPropertyId`, `propertyValue`)
VALUES (44711, 19, 1000);

INSERT INTO `ace_object_properties_int` (`aceObjectId`, `intPropertyId`, `propertyValue`)
VALUES (44711, 93, 1044);

INSERT INTO ace_weenie_class (`weenieClassId`, `weenieClassDescription`)
VALUES (30252, 'healingkitrarevolatilestamina');

INSERT INTO `ace_object` (`aceObjectId`, `aceObjectDescriptionFlags`, `weenieClassId`, `weenieHeaderFlags`, `iconId`, `iconOverlayId`, `iconUnderlayId`, `modelTableId`, `soundTableId`, `motionTableId`, `currentMotionState`, `animationFrameId`, `physicsTableId`, `physicsDescriptionFlag`, `spellId`, `playScript`, `defaultScript`)
VALUES (30252, 271076368, 30252, 67174418, 100686704, NULL, 100686604, 33555194, NULL, NULL, NULL, 101, NULL, 131073, NULL, NULL, NULL);

INSERT INTO `ace_object_properties_string` (`aceObjectId`, `strPropertyId`, `propertyValue`)
VALUES (30252, 1, 'Medicated Stamina Kit');

INSERT INTO `ace_object_properties_int` (`aceObjectId`, `intPropertyId`, `propertyValue`)
VALUES (30252, 1, 128);

INSERT INTO `ace_object_properties_int` (`aceObjectId`, `intPropertyId`, `propertyValue`)
VALUES (30252, 5, 5);

INSERT INTO `ace_object_properties_int` (`aceObjectId`, `intPropertyId`, `propertyValue`)
VALUES (30252, 151, 2);

INSERT INTO `ace_object_properties_int` (`aceObjectId`, `intPropertyId`, `propertyValue`)
VALUES (30252, 91, 25);

INSERT INTO `ace_object_properties_int` (`aceObjectId`, `intPropertyId`, `propertyValue`)
VALUES (30252, 92, 25);

INSERT INTO `ace_object_properties_int` (`aceObjectId`, `intPropertyId`, `propertyValue`)
VALUES (30252, 94, 16);

INSERT INTO `ace_object_properties_int` (`aceObjectId`, `intPropertyId`, `propertyValue`)
VALUES (30252, 16, 2228232);

INSERT INTO `ace_object_properties_int` (`aceObjectId`, `intPropertyId`, `propertyValue`)
VALUES (30252, 93, 1044);

INSERT INTO `ace_object_texture_map_change` (`aceObjectId`, `index`, `oldId`, `newId`)
VALUES (30252, 0, 83889681, 83894377)
     , (30252, 0, 83889682, 83894378);

INSERT INTO `ace_object_animation_change` (`aceObjectId`, `index`, `animationId`)
VALUES (30252, 0, 16779994);

INSERT INTO ace_weenie_class (`weenieClassId`, `weenieClassDescription`)
VALUES (44713, 'ace44713lessermanakit');

INSERT INTO `ace_object` (`aceObjectId`, `aceObjectDescriptionFlags`, `weenieClassId`, `weenieHeaderFlags`, `iconId`, `iconOverlayId`, `iconUnderlayId`, `modelTableId`, `soundTableId`, `motionTableId`, `currentMotionState`, `animationFrameId`, `physicsTableId`, `physicsDescriptionFlag`, `spellId`, `playScript`, `defaultScript`)
VALUES (44713, 2640920, 44713, 65554, 100692114, NULL, NULL, 33555194, NULL, NULL, NULL, 101, NULL, 131073, NULL, NULL, NULL);

INSERT INTO `ace_object_properties_string` (`aceObjectId`, `strPropertyId`, `propertyValue`)
VALUES (44713, 1, 'Lesser Mana Kit');

INSERT INTO `ace_object_properties_int` (`aceObjectId`, `intPropertyId`, `propertyValue`)
VALUES (44713, 1, 128);

INSERT INTO `ace_object_properties_int` (`aceObjectId`, `intPropertyId`, `propertyValue`)
VALUES (44713, 5, 150);

INSERT INTO `ace_object_properties_int` (`aceObjectId`, `intPropertyId`, `propertyValue`)
VALUES (44713, 91, 50);

INSERT INTO `ace_object_properties_int` (`aceObjectId`, `intPropertyId`, `propertyValue`)
VALUES (44713, 92, 50);

INSERT INTO `ace_object_properties_int` (`aceObjectId`, `intPropertyId`, `propertyValue`)
VALUES (44713, 94, 16);

INSERT INTO `ace_object_properties_int` (`aceObjectId`, `intPropertyId`, `propertyValue`)
VALUES (44713, 16, 2228232);

INSERT INTO `ace_object_properties_int` (`aceObjectId`, `intPropertyId`, `propertyValue`)
VALUES (44713, 19, 1000);

INSERT INTO `ace_object_properties_int` (`aceObjectId`, `intPropertyId`, `propertyValue`)
VALUES (44713, 93, 1044);

INSERT INTO ace_weenie_class (`weenieClassId`, `weenieClassDescription`)
VALUES (30250, 'healingkitrarevolatilehealth');

INSERT INTO `ace_object` (`aceObjectId`, `aceObjectDescriptionFlags`, `weenieClassId`, `weenieHeaderFlags`, `iconId`, `iconOverlayId`, `iconUnderlayId`, `modelTableId`, `soundTableId`, `motionTableId`, `currentMotionState`, `animationFrameId`, `physicsTableId`, `physicsDescriptionFlag`, `spellId`, `playScript`, `defaultScript`)
VALUES (30250, 271076368, 30250, 67174418, 100686702, NULL, 100686604, 33555194, NULL, NULL, NULL, 101, NULL, 131073, NULL, NULL, NULL);

INSERT INTO `ace_object_properties_string` (`aceObjectId`, `strPropertyId`, `propertyValue`)
VALUES (30250, 1, 'Medicated Health Kit');

INSERT INTO `ace_object_properties_int` (`aceObjectId`, `intPropertyId`, `propertyValue`)
VALUES (30250, 1, 128);

INSERT INTO `ace_object_properties_int` (`aceObjectId`, `intPropertyId`, `propertyValue`)
VALUES (30250, 5, 5);

INSERT INTO `ace_object_properties_int` (`aceObjectId`, `intPropertyId`, `propertyValue`)
VALUES (30250, 151, 2);

INSERT INTO `ace_object_properties_int` (`aceObjectId`, `intPropertyId`, `propertyValue`)
VALUES (30250, 91, 25);

INSERT INTO `ace_object_properties_int` (`aceObjectId`, `intPropertyId`, `propertyValue`)
VALUES (30250, 92, 25);

INSERT INTO `ace_object_properties_int` (`aceObjectId`, `intPropertyId`, `propertyValue`)
VALUES (30250, 94, 16);

INSERT INTO `ace_object_properties_int` (`aceObjectId`, `intPropertyId`, `propertyValue`)
VALUES (30250, 16, 2228232);

INSERT INTO `ace_object_properties_int` (`aceObjectId`, `intPropertyId`, `propertyValue`)
VALUES (30250, 93, 1044);

INSERT INTO `ace_object_texture_map_change` (`aceObjectId`, `index`, `oldId`, `newId`)
VALUES (30250, 0, 83889681, 83894377)
     , (30250, 0, 83889682, 83894378);

INSERT INTO `ace_object_animation_change` (`aceObjectId`, `index`, `animationId`)
VALUES (30250, 0, 16779994);

INSERT INTO ace_weenie_class (`weenieClassId`, `weenieClassDescription`)
VALUES (43479, 'ace43479lightinfusedhealingkit');

INSERT INTO `ace_object` (`aceObjectId`, `aceObjectDescriptionFlags`, `weenieClassId`, `weenieHeaderFlags`, `iconId`, `iconOverlayId`, `iconUnderlayId`, `modelTableId`, `soundTableId`, `motionTableId`, `currentMotionState`, `animationFrameId`, `physicsTableId`, `physicsDescriptionFlag`, `spellId`, `playScript`, `defaultScript`)
VALUES (43479, 2641040, 43479, 67174418, 100676325, NULL, 100691593, 33555194, NULL, NULL, NULL, 101, NULL, 131073, NULL, NULL, NULL);

INSERT INTO `ace_object_properties_string` (`aceObjectId`, `strPropertyId`, `propertyValue`)
VALUES (43479, 1, 'Light Infused Healing Kit');

INSERT INTO `ace_object_properties_int` (`aceObjectId`, `intPropertyId`, `propertyValue`)
VALUES (43479, 1, 128);

INSERT INTO `ace_object_properties_int` (`aceObjectId`, `intPropertyId`, `propertyValue`)
VALUES (43479, 5, 50);

INSERT INTO `ace_object_properties_int` (`aceObjectId`, `intPropertyId`, `propertyValue`)
VALUES (43479, 18, 1);

INSERT INTO `ace_object_properties_int` (`aceObjectId`, `intPropertyId`, `propertyValue`)
VALUES (43479, 91, 30);

INSERT INTO `ace_object_properties_int` (`aceObjectId`, `intPropertyId`, `propertyValue`)
VALUES (43479, 92, 30);

INSERT INTO `ace_object_properties_int` (`aceObjectId`, `intPropertyId`, `propertyValue`)
VALUES (43479, 94, 16);

INSERT INTO `ace_object_properties_int` (`aceObjectId`, `intPropertyId`, `propertyValue`)
VALUES (43479, 16, 2228232);

INSERT INTO `ace_object_properties_int` (`aceObjectId`, `intPropertyId`, `propertyValue`)
VALUES (43479, 93, 1044);

INSERT INTO ace_weenie_class (`weenieClassId`, `weenieClassDescription`)
VALUES (52737, 'ace52737gauntlethealthkit');

INSERT INTO `ace_object` (`aceObjectId`, `aceObjectDescriptionFlags`, `weenieClassId`, `weenieHeaderFlags`, `iconId`, `iconOverlayId`, `iconUnderlayId`, `modelTableId`, `soundTableId`, `motionTableId`, `currentMotionState`, `animationFrameId`, `physicsTableId`, `physicsDescriptionFlag`, `spellId`, `playScript`, `defaultScript`)
VALUES (52737, 2641048, 52737, 65554, 100693307, NULL, NULL, 33555194, NULL, NULL, NULL, 101, NULL, 131073, NULL, NULL, NULL);

INSERT INTO `ace_object_properties_string` (`aceObjectId`, `strPropertyId`, `propertyValue`)
VALUES (52737, 1, 'Gauntlet Health Kit');

INSERT INTO `ace_object_properties_int` (`aceObjectId`, `intPropertyId`, `propertyValue`)
VALUES (52737, 1, 128);

INSERT INTO `ace_object_properties_int` (`aceObjectId`, `intPropertyId`, `propertyValue`)
VALUES (52737, 5, 50);

INSERT INTO `ace_object_properties_int` (`aceObjectId`, `intPropertyId`, `propertyValue`)
VALUES (52737, 18, 4);

INSERT INTO `ace_object_properties_int` (`aceObjectId`, `intPropertyId`, `propertyValue`)
VALUES (52737, 91, 100);

INSERT INTO `ace_object_properties_int` (`aceObjectId`, `intPropertyId`, `propertyValue`)
VALUES (52737, 92, 48);

INSERT INTO `ace_object_properties_int` (`aceObjectId`, `intPropertyId`, `propertyValue`)
VALUES (52737, 94, 16);

INSERT INTO `ace_object_properties_int` (`aceObjectId`, `intPropertyId`, `propertyValue`)
VALUES (52737, 16, 2228232);

INSERT INTO `ace_object_properties_int` (`aceObjectId`, `intPropertyId`, `propertyValue`)
VALUES (52737, 19, 1);

INSERT INTO `ace_object_properties_int` (`aceObjectId`, `intPropertyId`, `propertyValue`)
VALUES (52737, 93, 1044);

INSERT INTO `ace_object_texture_map_change` (`aceObjectId`, `index`, `oldId`, `newId`)
VALUES (52737, 0, 83889681, 83894377)
     , (52737, 0, 83889682, 83894378);

INSERT INTO `ace_object_animation_change` (`aceObjectId`, `index`, `animationId`)
VALUES (52737, 0, 16779994);

INSERT INTO ace_weenie_class (`weenieClassId`, `weenieClassDescription`)
VALUES (52739, 'ace52739gauntletstaminakit');

INSERT INTO `ace_object` (`aceObjectId`, `aceObjectDescriptionFlags`, `weenieClassId`, `weenieHeaderFlags`, `iconId`, `iconOverlayId`, `iconUnderlayId`, `modelTableId`, `soundTableId`, `motionTableId`, `currentMotionState`, `animationFrameId`, `physicsTableId`, `physicsDescriptionFlag`, `spellId`, `playScript`, `defaultScript`)
VALUES (52739, 2624664, 52739, 65554, 100693309, NULL, NULL, 33555194, NULL, NULL, NULL, 101, NULL, 163841, NULL, NULL, NULL);

INSERT INTO `ace_object_properties_string` (`aceObjectId`, `strPropertyId`, `propertyValue`)
VALUES (52739, 1, 'Gauntlet Stamina Kit');

INSERT INTO `ace_object_properties_int` (`aceObjectId`, `intPropertyId`, `propertyValue`)
VALUES (52739, 1, 128);

INSERT INTO `ace_object_properties_int` (`aceObjectId`, `intPropertyId`, `propertyValue`)
VALUES (52739, 5, 50);

INSERT INTO `ace_object_properties_int` (`aceObjectId`, `intPropertyId`, `propertyValue`)
VALUES (52739, 18, 16);

INSERT INTO `ace_object_properties_int` (`aceObjectId`, `intPropertyId`, `propertyValue`)
VALUES (52739, 91, 100);

INSERT INTO `ace_object_properties_int` (`aceObjectId`, `intPropertyId`, `propertyValue`)
VALUES (52739, 92, 100);

INSERT INTO `ace_object_properties_int` (`aceObjectId`, `intPropertyId`, `propertyValue`)
VALUES (52739, 94, 16);

INSERT INTO `ace_object_properties_int` (`aceObjectId`, `intPropertyId`, `propertyValue`)
VALUES (52739, 16, 2228232);

INSERT INTO `ace_object_properties_int` (`aceObjectId`, `intPropertyId`, `propertyValue`)
VALUES (52739, 19, 3);

INSERT INTO `ace_object_properties_int` (`aceObjectId`, `intPropertyId`, `propertyValue`)
VALUES (52739, 93, 1044);

INSERT INTO `ace_object_texture_map_change` (`aceObjectId`, `index`, `oldId`, `newId`)
VALUES (52739, 0, 83889681, 83894377)
     , (52739, 0, 83889682, 83894378);

INSERT INTO `ace_object_animation_change` (`aceObjectId`, `index`, `animationId`)
VALUES (52739, 0, 16779994);

