INSERT INTO `base_ace_object` (`baseAceObjectId`, `name`, `typeId`, `paletteId`, `ammoType`, `blipColor`, `bitField`, `burden`, `combatUse`, `cooldownDuration`, `cooldownId`, `effects`, `containersCapacity`, `header`, `hookTypeId`, `iconId`, `iconOverlayId`, `iconUnderlayId`, `hookItemTypes`, `itemsCapacity`, `location`, `materialType`, `maxStackSize`, `maxStructure`, `radar`, `pscript`, `spellId`, `stackSize`, `structure`, `targetTypeId`, `usability`, `useRadius`, `validLocations`, `value`, `workmanship`, `animationFrameId`, `defaultScript`, `defaultScriptIntensity`, `elasticity`, `friction`, `locationId`, `modelTableId`, `objectScale`, `physicsBitField`, `physicsTableId`, `motionTableId`, `soundTableId`, `physicsState`, `translucency`, `currentMotionState`)
VALUES (2200, 'Copy of Witshire''s Key', 16384, 0, 0, 0, 18, 50, 0, 0, 0, 0, 0, 2640912, 0, 100667486, 0, 0, 0, 0, 0, 0, 0, 5, 0, 0, 0, 0, 4, 640, 2097160, 0, 0, 0, 0, 101, 0, 0, 0, 0, 0, 33554784, 0, 137217, 872415275, 0, 536870932, 1044, 0, '0');

INSERT INTO weenie_class (`weenieClassId`, `baseAceObjectId`)
VALUES (2200, 2200);

INSERT INTO `base_ace_object` (`baseAceObjectId`, `name`, `typeId`, `paletteId`, `ammoType`, `blipColor`, `bitField`, `burden`, `combatUse`, `cooldownDuration`, `cooldownId`, `effects`, `containersCapacity`, `header`, `hookTypeId`, `iconId`, `iconOverlayId`, `iconUnderlayId`, `hookItemTypes`, `itemsCapacity`, `location`, `materialType`, `maxStackSize`, `maxStructure`, `radar`, `pscript`, `spellId`, `stackSize`, `structure`, `targetTypeId`, `usability`, `useRadius`, `validLocations`, `value`, `workmanship`, `animationFrameId`, `defaultScript`, `defaultScriptIntensity`, `elasticity`, `friction`, `locationId`, `modelTableId`, `objectScale`, `physicsBitField`, `physicsTableId`, `motionTableId`, `soundTableId`, `physicsState`, `translucency`, `currentMotionState`)
VALUES (15813, 'A Bronze Key', 16384, 0, 0, 0, 18, 50, 0, 0, 0, 0, 0, 2640920, 0, 100672825, 0, 0, 0, 0, 0, 0, 0, 3, 0, 0, 0, 0, 2, 640, 2097160, 0, 0, 66, 0, 101, 0, 0, 0, 0, 0, 33554784, 0, 137217, 872415275, 0, 536870932, 1044, 0, '0');

INSERT INTO weenie_class (`weenieClassId`, `baseAceObjectId`)
VALUES (15813, 15813);

INSERT INTO `weenie_texture_map_changes` (`weenieClassId`, `index`, `oldId`, `newId`)
VALUES (15813, 0, 83888936, 83886763);

INSERT INTO `weenie_animation_changes` (`weenieClassId`, `index`, `animationId`)
VALUES (15813, 0, 16778599);

INSERT INTO `base_ace_object` (`baseAceObjectId`, `name`, `typeId`, `paletteId`, `ammoType`, `blipColor`, `bitField`, `burden`, `combatUse`, `cooldownDuration`, `cooldownId`, `effects`, `containersCapacity`, `header`, `hookTypeId`, `iconId`, `iconOverlayId`, `iconUnderlayId`, `hookItemTypes`, `itemsCapacity`, `location`, `materialType`, `maxStackSize`, `maxStructure`, `radar`, `pscript`, `spellId`, `stackSize`, `structure`, `targetTypeId`, `usability`, `useRadius`, `validLocations`, `value`, `workmanship`, `animationFrameId`, `defaultScript`, `defaultScriptIntensity`, `elasticity`, `friction`, `locationId`, `modelTableId`, `objectScale`, `physicsBitField`, `physicsTableId`, `motionTableId`, `soundTableId`, `physicsState`, `translucency`, `currentMotionState`)
VALUES (22087, 'Portal Chamber Key', 16384, 0, 0, 0, 18, 50, 0, 0, 0, 0, 0, 2640920, 0, 100667486, 0, 0, 0, 0, 0, 0, 0, 3, 0, 0, 0, 0, 3, 640, 2097160, 0, 0, 25, 0, 101, 0, 0, 0, 0, 0, 33554784, 0, 137217, 872415275, 0, 536870932, 1044, 0, '0');

INSERT INTO weenie_class (`weenieClassId`, `baseAceObjectId`)
VALUES (22087, 22087);

INSERT INTO `base_ace_object` (`baseAceObjectId`, `name`, `typeId`, `paletteId`, `ammoType`, `blipColor`, `bitField`, `burden`, `combatUse`, `cooldownDuration`, `cooldownId`, `effects`, `containersCapacity`, `header`, `hookTypeId`, `iconId`, `iconOverlayId`, `iconUnderlayId`, `hookItemTypes`, `itemsCapacity`, `location`, `materialType`, `maxStackSize`, `maxStructure`, `radar`, `pscript`, `spellId`, `stackSize`, `structure`, `targetTypeId`, `usability`, `useRadius`, `validLocations`, `value`, `workmanship`, `animationFrameId`, `defaultScript`, `defaultScriptIntensity`, `elasticity`, `friction`, `locationId`, `modelTableId`, `objectScale`, `physicsBitField`, `physicsTableId`, `motionTableId`, `soundTableId`, `physicsState`, `translucency`, `currentMotionState`)
VALUES (6876, 'Sturdy Iron Key', 16384, 0, 0, 0, 18, 50, 0, 0, 0, 0, 0, 2640920, 0, 100671187, 0, 0, 0, 0, 0, 0, 0, 1, 0, 0, 0, 0, 1, 640, 2097160, 0, 0, 25, 0, 101, 0, 0, 0, 0, 0, 33554784, 0, 137217, 872415275, 0, 536870932, 1044, 0, '0');

INSERT INTO weenie_class (`weenieClassId`, `baseAceObjectId`)
VALUES (6876, 6876);

INSERT INTO `base_ace_object` (`baseAceObjectId`, `name`, `typeId`, `paletteId`, `ammoType`, `blipColor`, `bitField`, `burden`, `combatUse`, `cooldownDuration`, `cooldownId`, `effects`, `containersCapacity`, `header`, `hookTypeId`, `iconId`, `iconOverlayId`, `iconUnderlayId`, `hookItemTypes`, `itemsCapacity`, `location`, `materialType`, `maxStackSize`, `maxStructure`, `radar`, `pscript`, `spellId`, `stackSize`, `structure`, `targetTypeId`, `usability`, `useRadius`, `validLocations`, `value`, `workmanship`, `animationFrameId`, `defaultScript`, `defaultScriptIntensity`, `elasticity`, `friction`, `locationId`, `modelTableId`, `objectScale`, `physicsBitField`, `physicsTableId`, `motionTableId`, `soundTableId`, `physicsState`, `translucency`, `currentMotionState`)
VALUES (2617, 'Carved Key', 16384, 0, 0, 0, 18, 50, 0, 0, 0, 0, 0, 2640920, 0, 100668441, 0, 0, 0, 0, 0, 0, 0, 3, 0, 0, 0, 0, 2, 640, 2097160, 0, 0, 20, 0, 101, 0, 0, 0, 0, 0, 33554784, 0, 135169, 872415275, 0, 0, 1044, 0, '0');

INSERT INTO weenie_class (`weenieClassId`, `baseAceObjectId`)
VALUES (2617, 2617);

INSERT INTO `base_ace_object` (`baseAceObjectId`, `name`, `typeId`, `paletteId`, `ammoType`, `blipColor`, `bitField`, `burden`, `combatUse`, `cooldownDuration`, `cooldownId`, `effects`, `containersCapacity`, `header`, `hookTypeId`, `iconId`, `iconOverlayId`, `iconUnderlayId`, `hookItemTypes`, `itemsCapacity`, `location`, `materialType`, `maxStackSize`, `maxStructure`, `radar`, `pscript`, `spellId`, `stackSize`, `structure`, `targetTypeId`, `usability`, `useRadius`, `validLocations`, `value`, `workmanship`, `animationFrameId`, `defaultScript`, `defaultScriptIntensity`, `elasticity`, `friction`, `locationId`, `modelTableId`, `objectScale`, `physicsBitField`, `physicsTableId`, `motionTableId`, `soundTableId`, `physicsState`, `translucency`, `currentMotionState`)
VALUES (5021, 'Key', 16384, 0, 0, 0, 18, 50, 0, 0, 0, 0, 0, 2640920, 0, 100668437, 0, 0, 0, 0, 0, 0, 0, 10, 0, 0, 0, 0, 9, 640, 2097160, 0, 0, 22, 0, 101, 0, 0, 0, 0, 0, 33554784, 0, 137217, 872415275, 0, 536870932, 1044, 0, '0');

INSERT INTO weenie_class (`weenieClassId`, `baseAceObjectId`)
VALUES (5021, 5021);

INSERT INTO `base_ace_object` (`baseAceObjectId`, `name`, `typeId`, `paletteId`, `ammoType`, `blipColor`, `bitField`, `burden`, `combatUse`, `cooldownDuration`, `cooldownId`, `effects`, `containersCapacity`, `header`, `hookTypeId`, `iconId`, `iconOverlayId`, `iconUnderlayId`, `hookItemTypes`, `itemsCapacity`, `location`, `materialType`, `maxStackSize`, `maxStructure`, `radar`, `pscript`, `spellId`, `stackSize`, `structure`, `targetTypeId`, `usability`, `useRadius`, `validLocations`, `value`, `workmanship`, `animationFrameId`, `defaultScript`, `defaultScriptIntensity`, `elasticity`, `friction`, `locationId`, `modelTableId`, `objectScale`, `physicsBitField`, `physicsTableId`, `motionTableId`, `soundTableId`, `physicsState`, `translucency`, `currentMotionState`)
VALUES (3610, 'A silvery, mysterious key', 16384, 0, 0, 0, 18, 50, 0, 0, 0, 0, 0, 2640920, 0, 100667485, 0, 0, 0, 0, 0, 0, 0, 3, 0, 0, 0, 0, 3, 640, 2097160, 0, 0, 50, 0, 101, 0, 0, 0, 0, 0, 33554784, 0, 137217, 872415275, 0, 536870932, 1044, 0, '0');

INSERT INTO weenie_class (`weenieClassId`, `baseAceObjectId`)
VALUES (3610, 3610);

INSERT INTO `base_ace_object` (`baseAceObjectId`, `name`, `typeId`, `paletteId`, `ammoType`, `blipColor`, `bitField`, `burden`, `combatUse`, `cooldownDuration`, `cooldownId`, `effects`, `containersCapacity`, `header`, `hookTypeId`, `iconId`, `iconOverlayId`, `iconUnderlayId`, `hookItemTypes`, `itemsCapacity`, `location`, `materialType`, `maxStackSize`, `maxStructure`, `radar`, `pscript`, `spellId`, `stackSize`, `structure`, `targetTypeId`, `usability`, `useRadius`, `validLocations`, `value`, `workmanship`, `animationFrameId`, `defaultScript`, `defaultScriptIntensity`, `elasticity`, `friction`, `locationId`, `modelTableId`, `objectScale`, `physicsBitField`, `physicsTableId`, `motionTableId`, `soundTableId`, `physicsState`, `translucency`, `currentMotionState`)
VALUES (5873, 'Seal', 16384, 67111919, 0, 0, 18, 45, 0, 0, 0, 0, 0, 271076376, 2, 100670319, 0, 0, 0, 0, 0, 0, 0, 1, 0, 0, 0, 0, 1, 640, 2097160, 0, 0, 200, 0, 101, 0, 0, 0, 0, 0, 33554689, 0.67, 137345, 872415275, 0, 536870932, 1044, 0, '0');

INSERT INTO weenie_class (`weenieClassId`, `baseAceObjectId`)
VALUES (5873, 5873);

INSERT INTO `weenie_palette_changes` (`weenieClassId`, `subPaletteId`, `offset`, `length`)
VALUES (5873, 67111925, 0, 0);

INSERT INTO `weenie_texture_map_changes` (`weenieClassId`, `index`, `oldId`, `newId`)
VALUES (5873, 0, 83888956, 83888956);

INSERT INTO `weenie_animation_changes` (`weenieClassId`, `index`, `animationId`)
VALUES (5873, 0, 16778506);

INSERT INTO `base_ace_object` (`baseAceObjectId`, `name`, `typeId`, `paletteId`, `ammoType`, `blipColor`, `bitField`, `burden`, `combatUse`, `cooldownDuration`, `cooldownId`, `effects`, `containersCapacity`, `header`, `hookTypeId`, `iconId`, `iconOverlayId`, `iconUnderlayId`, `hookItemTypes`, `itemsCapacity`, `location`, `materialType`, `maxStackSize`, `maxStructure`, `radar`, `pscript`, `spellId`, `stackSize`, `structure`, `targetTypeId`, `usability`, `useRadius`, `validLocations`, `value`, `workmanship`, `animationFrameId`, `defaultScript`, `defaultScriptIntensity`, `elasticity`, `friction`, `locationId`, `modelTableId`, `objectScale`, `physicsBitField`, `physicsTableId`, `motionTableId`, `soundTableId`, `physicsState`, `translucency`, `currentMotionState`)
VALUES (22922, 'Asylum Chest Key', 16384, 67111346, 0, 0, 18, 50, 0, 0, 0, 0, 0, 271076368, 2, 100671457, 0, 0, 0, 0, 0, 0, 0, 1, 0, 0, 0, 0, 1, 640, 2097160, 0, 0, 0, 0, 101, 0, 0, 0, 0, 0, 33557000, 0, 137217, 872415275, 0, 536870932, 1044, 0, '0');

INSERT INTO weenie_class (`weenieClassId`, `baseAceObjectId`)
VALUES (22922, 22922);

INSERT INTO `weenie_palette_changes` (`weenieClassId`, `subPaletteId`, `offset`, `length`)
VALUES (22922, 67113157, 0, 0);

INSERT INTO `weenie_animation_changes` (`weenieClassId`, `index`, `animationId`)
VALUES (22922, 9, 16785620);

INSERT INTO `base_ace_object` (`baseAceObjectId`, `name`, `typeId`, `paletteId`, `ammoType`, `blipColor`, `bitField`, `burden`, `combatUse`, `cooldownDuration`, `cooldownId`, `effects`, `containersCapacity`, `header`, `hookTypeId`, `iconId`, `iconOverlayId`, `iconUnderlayId`, `hookItemTypes`, `itemsCapacity`, `location`, `materialType`, `maxStackSize`, `maxStructure`, `radar`, `pscript`, `spellId`, `stackSize`, `structure`, `targetTypeId`, `usability`, `useRadius`, `validLocations`, `value`, `workmanship`, `animationFrameId`, `defaultScript`, `defaultScriptIntensity`, `elasticity`, `friction`, `locationId`, `modelTableId`, `objectScale`, `physicsBitField`, `physicsTableId`, `motionTableId`, `soundTableId`, `physicsState`, `translucency`, `currentMotionState`)
VALUES (14511, 'Hammer of Lightning', 16384, 67111919, 0, 0, 18, 575, 0, 0, 0, 0, 0, 2640920, 0, 100672499, 0, 0, 0, 0, 0, 0, 0, 1, 0, 0, 0, 0, 1, 640, 2097160, 0, 0, 100, 0, 101, 0, 0, 0, 0, 0, 33557488, 0, 137217, 872415275, 0, 536870932, 1044, 0, '0');

INSERT INTO weenie_class (`weenieClassId`, `baseAceObjectId`)
VALUES (14511, 14511);

INSERT INTO `weenie_palette_changes` (`weenieClassId`, `subPaletteId`, `offset`, `length`)
VALUES (14511, 67111923, 0, 0);

INSERT INTO `base_ace_object` (`baseAceObjectId`, `name`, `typeId`, `paletteId`, `ammoType`, `blipColor`, `bitField`, `burden`, `combatUse`, `cooldownDuration`, `cooldownId`, `effects`, `containersCapacity`, `header`, `hookTypeId`, `iconId`, `iconOverlayId`, `iconUnderlayId`, `hookItemTypes`, `itemsCapacity`, `location`, `materialType`, `maxStackSize`, `maxStructure`, `radar`, `pscript`, `spellId`, `stackSize`, `structure`, `targetTypeId`, `usability`, `useRadius`, `validLocations`, `value`, `workmanship`, `animationFrameId`, `defaultScript`, `defaultScriptIntensity`, `elasticity`, `friction`, `locationId`, `modelTableId`, `objectScale`, `physicsBitField`, `physicsTableId`, `motionTableId`, `soundTableId`, `physicsState`, `translucency`, `currentMotionState`)
VALUES (48746, 'Aged Legendary Key', 16384, 0, 0, 0, 18, 30, 0, 0, 0, 64, 0, 2641048, 0, 100693001, 0, 0, 0, 0, 0, 0, 0, 1, 0, 0, 0, 0, 1, 640, 2097160, 0, 0, 10000, 0, 101, 0, 0, 0, 0, 0, 33554784, 0, 137217, 872415275, 0, 536870932, 1044, 0, '0');

INSERT INTO weenie_class (`weenieClassId`, `baseAceObjectId`)
VALUES (48746, 48746);

INSERT INTO `base_ace_object` (`baseAceObjectId`, `name`, `typeId`, `paletteId`, `ammoType`, `blipColor`, `bitField`, `burden`, `combatUse`, `cooldownDuration`, `cooldownId`, `effects`, `containersCapacity`, `header`, `hookTypeId`, `iconId`, `iconOverlayId`, `iconUnderlayId`, `hookItemTypes`, `itemsCapacity`, `location`, `materialType`, `maxStackSize`, `maxStructure`, `radar`, `pscript`, `spellId`, `stackSize`, `structure`, `targetTypeId`, `usability`, `useRadius`, `validLocations`, `value`, `workmanship`, `animationFrameId`, `defaultScript`, `defaultScriptIntensity`, `elasticity`, `friction`, `locationId`, `modelTableId`, `objectScale`, `physicsBitField`, `physicsTableId`, `motionTableId`, `soundTableId`, `physicsState`, `translucency`, `currentMotionState`)
VALUES (38917, 'Braced Mana Forge Key', 16384, 0, 0, 0, 18, 30, 0, 0, 0, 64, 0, 2641048, 0, 100686710, 0, 0, 0, 0, 0, 0, 0, 2, 0, 0, 0, 0, 2, 640, 2097160, 0, 0, 20000, 0, 101, 0, 0, 0, 0, 0, 33554784, 0, 137217, 872415275, 0, 536870932, 1044, 0, '0');

INSERT INTO weenie_class (`weenieClassId`, `baseAceObjectId`)
VALUES (38917, 38917);

INSERT INTO `base_ace_object` (`baseAceObjectId`, `name`, `typeId`, `paletteId`, `ammoType`, `blipColor`, `bitField`, `burden`, `combatUse`, `cooldownDuration`, `cooldownId`, `effects`, `containersCapacity`, `header`, `hookTypeId`, `iconId`, `iconOverlayId`, `iconUnderlayId`, `hookItemTypes`, `itemsCapacity`, `location`, `materialType`, `maxStackSize`, `maxStructure`, `radar`, `pscript`, `spellId`, `stackSize`, `structure`, `targetTypeId`, `usability`, `useRadius`, `validLocations`, `value`, `workmanship`, `animationFrameId`, `defaultScript`, `defaultScriptIntensity`, `elasticity`, `friction`, `locationId`, `modelTableId`, `objectScale`, `physicsBitField`, `physicsTableId`, `motionTableId`, `soundTableId`, `physicsState`, `translucency`, `currentMotionState`)
VALUES (38456, 'Mana Forge Key', 16384, 0, 0, 0, 18, 30, 0, 0, 0, 64, 0, 2641048, 0, 100686710, 0, 0, 0, 0, 0, 0, 0, 1, 0, 0, 0, 0, 1, 640, 2097160, 0, 0, 10000, 0, 101, 0, 0, 0, 0, 0, 33554784, 0, 137217, 872415275, 0, 536870932, 1044, 0, '0');

INSERT INTO weenie_class (`weenieClassId`, `baseAceObjectId`)
VALUES (38456, 38456);

INSERT INTO `base_ace_object` (`baseAceObjectId`, `name`, `typeId`, `paletteId`, `ammoType`, `blipColor`, `bitField`, `burden`, `combatUse`, `cooldownDuration`, `cooldownId`, `effects`, `containersCapacity`, `header`, `hookTypeId`, `iconId`, `iconOverlayId`, `iconUnderlayId`, `hookItemTypes`, `itemsCapacity`, `location`, `materialType`, `maxStackSize`, `maxStructure`, `radar`, `pscript`, `spellId`, `stackSize`, `structure`, `targetTypeId`, `usability`, `useRadius`, `validLocations`, `value`, `workmanship`, `animationFrameId`, `defaultScript`, `defaultScriptIntensity`, `elasticity`, `friction`, `locationId`, `modelTableId`, `objectScale`, `physicsBitField`, `physicsTableId`, `motionTableId`, `soundTableId`, `physicsState`, `translucency`, `currentMotionState`)
VALUES (22923, 'Asylum Chest Key', 16384, 67111346, 0, 0, 18, 50, 0, 0, 0, 0, 0, 271076368, 2, 100672605, 0, 0, 0, 0, 0, 0, 0, 1, 0, 0, 0, 0, 1, 640, 2097160, 0, 0, 0, 0, 101, 0, 0, 0, 0, 0, 33557000, 0, 137217, 872415275, 0, 536870932, 1044, 0, '0');

INSERT INTO weenie_class (`weenieClassId`, `baseAceObjectId`)
VALUES (22923, 22923);

INSERT INTO `weenie_palette_changes` (`weenieClassId`, `subPaletteId`, `offset`, `length`)
VALUES (22923, 67113796, 0, 0);

INSERT INTO `weenie_animation_changes` (`weenieClassId`, `index`, `animationId`)
VALUES (22923, 9, 16785620);

INSERT INTO `base_ace_object` (`baseAceObjectId`, `name`, `typeId`, `paletteId`, `ammoType`, `blipColor`, `bitField`, `burden`, `combatUse`, `cooldownDuration`, `cooldownId`, `effects`, `containersCapacity`, `header`, `hookTypeId`, `iconId`, `iconOverlayId`, `iconUnderlayId`, `hookItemTypes`, `itemsCapacity`, `location`, `materialType`, `maxStackSize`, `maxStructure`, `radar`, `pscript`, `spellId`, `stackSize`, `structure`, `targetTypeId`, `usability`, `useRadius`, `validLocations`, `value`, `workmanship`, `animationFrameId`, `defaultScript`, `defaultScriptIntensity`, `elasticity`, `friction`, `locationId`, `modelTableId`, `objectScale`, `physicsBitField`, `physicsTableId`, `motionTableId`, `soundTableId`, `physicsState`, `translucency`, `currentMotionState`)
VALUES (5039, 'Worcer''s Key', 16384, 0, 0, 0, 18, 50, 0, 0, 0, 0, 0, 2640912, 0, 100667485, 0, 0, 0, 0, 0, 0, 0, 3, 0, 0, 0, 0, 3, 640, 2097160, 0, 0, 0, 0, 101, 0, 0, 0, 0, 0, 33554784, 0, 137217, 872415275, 0, 536870932, 1044, 0, '0');

INSERT INTO weenie_class (`weenieClassId`, `baseAceObjectId`)
VALUES (5039, 5039);

INSERT INTO `base_ace_object` (`baseAceObjectId`, `name`, `typeId`, `paletteId`, `ammoType`, `blipColor`, `bitField`, `burden`, `combatUse`, `cooldownDuration`, `cooldownId`, `effects`, `containersCapacity`, `header`, `hookTypeId`, `iconId`, `iconOverlayId`, `iconUnderlayId`, `hookItemTypes`, `itemsCapacity`, `location`, `materialType`, `maxStackSize`, `maxStructure`, `radar`, `pscript`, `spellId`, `stackSize`, `structure`, `targetTypeId`, `usability`, `useRadius`, `validLocations`, `value`, `workmanship`, `animationFrameId`, `defaultScript`, `defaultScriptIntensity`, `elasticity`, `friction`, `locationId`, `modelTableId`, `objectScale`, `physicsBitField`, `physicsTableId`, `motionTableId`, `soundTableId`, `physicsState`, `translucency`, `currentMotionState`)
VALUES (51954, 'Durable Legendary Key', 16384, 0, 0, 0, 18, 30, 0, 0, 0, 64, 0, 2624664, 0, 100693001, 0, 0, 0, 0, 0, 0, 0, 10, 0, 0, 0, 0, 10, 640, 2097160, 0, 0, 100000, 0, 101, 0, 0, 0, 0, 0, 33554784, 0, 169985, 872415275, 0, 536870932, 1044, 0, '0');

INSERT INTO weenie_class (`weenieClassId`, `baseAceObjectId`)
VALUES (51954, 51954);

INSERT INTO `base_ace_object` (`baseAceObjectId`, `name`, `typeId`, `paletteId`, `ammoType`, `blipColor`, `bitField`, `burden`, `combatUse`, `cooldownDuration`, `cooldownId`, `effects`, `containersCapacity`, `header`, `hookTypeId`, `iconId`, `iconOverlayId`, `iconUnderlayId`, `hookItemTypes`, `itemsCapacity`, `location`, `materialType`, `maxStackSize`, `maxStructure`, `radar`, `pscript`, `spellId`, `stackSize`, `structure`, `targetTypeId`, `usability`, `useRadius`, `validLocations`, `value`, `workmanship`, `animationFrameId`, `defaultScript`, `defaultScriptIntensity`, `elasticity`, `friction`, `locationId`, `modelTableId`, `objectScale`, `physicsBitField`, `physicsTableId`, `motionTableId`, `soundTableId`, `physicsState`, `translucency`, `currentMotionState`)
VALUES (29480, 'Prison Warden''s Key', 16384, 0, 0, 0, 18, 10, 0, 0, 0, 0, 0, 2640912, 0, 100668441, 0, 0, 0, 0, 0, 0, 0, 1, 0, 0, 0, 0, 1, 640, 2097160, 0, 0, 0, 0, 101, 0, 0, 0, 0, 0, 33554784, 0, 137217, 872415275, 0, 536870932, 1044, 0, '0');

INSERT INTO weenie_class (`weenieClassId`, `baseAceObjectId`)
VALUES (29480, 29480);

INSERT INTO `base_ace_object` (`baseAceObjectId`, `name`, `typeId`, `paletteId`, `ammoType`, `blipColor`, `bitField`, `burden`, `combatUse`, `cooldownDuration`, `cooldownId`, `effects`, `containersCapacity`, `header`, `hookTypeId`, `iconId`, `iconOverlayId`, `iconUnderlayId`, `hookItemTypes`, `itemsCapacity`, `location`, `materialType`, `maxStackSize`, `maxStructure`, `radar`, `pscript`, `spellId`, `stackSize`, `structure`, `targetTypeId`, `usability`, `useRadius`, `validLocations`, `value`, `workmanship`, `animationFrameId`, `defaultScript`, `defaultScriptIntensity`, `elasticity`, `friction`, `locationId`, `modelTableId`, `objectScale`, `physicsBitField`, `physicsTableId`, `motionTableId`, `soundTableId`, `physicsState`, `translucency`, `currentMotionState`)
VALUES (30999, 'Academy Library Key', 16384, 0, 0, 0, 18, 15, 0, 0, 0, 0, 0, 2640912, 0, 100667485, 0, 0, 0, 0, 0, 0, 0, 20, 0, 0, 0, 0, 20, 640, 2097160, 0, 0, 0, 0, 101, 0, 0, 0, 0, 0, 33554784, 0, 137217, 872415275, 0, 536870932, 1044, 0, '0');

INSERT INTO weenie_class (`weenieClassId`, `baseAceObjectId`)
VALUES (30999, 30999);

INSERT INTO `base_ace_object` (`baseAceObjectId`, `name`, `typeId`, `paletteId`, `ammoType`, `blipColor`, `bitField`, `burden`, `combatUse`, `cooldownDuration`, `cooldownId`, `effects`, `containersCapacity`, `header`, `hookTypeId`, `iconId`, `iconOverlayId`, `iconUnderlayId`, `hookItemTypes`, `itemsCapacity`, `location`, `materialType`, `maxStackSize`, `maxStructure`, `radar`, `pscript`, `spellId`, `stackSize`, `structure`, `targetTypeId`, `usability`, `useRadius`, `validLocations`, `value`, `workmanship`, `animationFrameId`, `defaultScript`, `defaultScriptIntensity`, `elasticity`, `friction`, `locationId`, `modelTableId`, `objectScale`, `physicsBitField`, `physicsTableId`, `motionTableId`, `soundTableId`, `physicsState`, `translucency`, `currentMotionState`)
VALUES (33608, 'Pathwarden Supply Key', 16384, 0, 0, 0, 18, 10, 0, 0, 0, 0, 0, 2640912, 0, 100668441, 0, 0, 0, 0, 0, 0, 0, 1, 0, 0, 0, 0, 1, 640, 2097160, 0, 0, 0, 0, 101, 0, 0, 0, 0, 0, 33554784, 0, 137217, 872415275, 0, 536870932, 1044, 0, '0');

INSERT INTO weenie_class (`weenieClassId`, `baseAceObjectId`)
VALUES (33608, 33608);

INSERT INTO `base_ace_object` (`baseAceObjectId`, `name`, `typeId`, `paletteId`, `ammoType`, `blipColor`, `bitField`, `burden`, `combatUse`, `cooldownDuration`, `cooldownId`, `effects`, `containersCapacity`, `header`, `hookTypeId`, `iconId`, `iconOverlayId`, `iconUnderlayId`, `hookItemTypes`, `itemsCapacity`, `location`, `materialType`, `maxStackSize`, `maxStructure`, `radar`, `pscript`, `spellId`, `stackSize`, `structure`, `targetTypeId`, `usability`, `useRadius`, `validLocations`, `value`, `workmanship`, `animationFrameId`, `defaultScript`, `defaultScriptIntensity`, `elasticity`, `friction`, `locationId`, `modelTableId`, `objectScale`, `physicsBitField`, `physicsTableId`, `motionTableId`, `soundTableId`, `physicsState`, `translucency`, `currentMotionState`)
VALUES (27685, 'Strong Iron Key', 16384, 0, 0, 0, 18, 50, 0, 0, 0, 0, 0, 2624528, 0, 100676423, 0, 0, 0, 0, 0, 0, 0, 1, 0, 0, 0, 0, 1, 640, 2097160, 0, 0, 0, 0, 101, 0, 0, 0, 0, 0, 33554784, 0, 169985, 872415275, 0, 536870932, 1044, 0, '0');

INSERT INTO weenie_class (`weenieClassId`, `baseAceObjectId`)
VALUES (27685, 27685);

INSERT INTO `base_ace_object` (`baseAceObjectId`, `name`, `typeId`, `paletteId`, `ammoType`, `blipColor`, `bitField`, `burden`, `combatUse`, `cooldownDuration`, `cooldownId`, `effects`, `containersCapacity`, `header`, `hookTypeId`, `iconId`, `iconOverlayId`, `iconUnderlayId`, `hookItemTypes`, `itemsCapacity`, `location`, `materialType`, `maxStackSize`, `maxStructure`, `radar`, `pscript`, `spellId`, `stackSize`, `structure`, `targetTypeId`, `usability`, `useRadius`, `validLocations`, `value`, `workmanship`, `animationFrameId`, `defaultScript`, `defaultScriptIntensity`, `elasticity`, `friction`, `locationId`, `modelTableId`, `objectScale`, `physicsBitField`, `physicsTableId`, `motionTableId`, `soundTableId`, `physicsState`, `translucency`, `currentMotionState`)
VALUES (12708, 'Greeter''s Key', 16384, 0, 0, 0, 18, 50, 0, 0, 0, 0, 0, 2640912, 0, 100667485, 0, 0, 0, 0, 0, 0, 0, 20, 0, 0, 0, 0, 18, 640, 2097160, 0, 0, 0, 0, 101, 0, 0, 0, 0, 0, 33554784, 0, 137217, 872415275, 0, 536870932, 1044, 0, '0');

INSERT INTO weenie_class (`weenieClassId`, `baseAceObjectId`)
VALUES (12708, 12708);

INSERT INTO `base_ace_object` (`baseAceObjectId`, `name`, `typeId`, `paletteId`, `ammoType`, `blipColor`, `bitField`, `burden`, `combatUse`, `cooldownDuration`, `cooldownId`, `effects`, `containersCapacity`, `header`, `hookTypeId`, `iconId`, `iconOverlayId`, `iconUnderlayId`, `hookItemTypes`, `itemsCapacity`, `location`, `materialType`, `maxStackSize`, `maxStructure`, `radar`, `pscript`, `spellId`, `stackSize`, `structure`, `targetTypeId`, `usability`, `useRadius`, `validLocations`, `value`, `workmanship`, `animationFrameId`, `defaultScript`, `defaultScriptIntensity`, `elasticity`, `friction`, `locationId`, `modelTableId`, `objectScale`, `physicsBitField`, `physicsTableId`, `motionTableId`, `soundTableId`, `physicsState`, `translucency`, `currentMotionState`)
VALUES (12707, 'Quartermaster''s Workshop Key', 16384, 0, 0, 0, 18, 15, 0, 0, 0, 0, 0, 2640912, 0, 100667485, 0, 0, 0, 0, 0, 0, 0, 5, 0, 0, 0, 0, 4, 640, 2097160, 0, 0, 0, 0, 101, 0, 0, 0, 0, 0, 33554784, 0, 137217, 872415275, 0, 536870932, 1044, 0, '0');

INSERT INTO weenie_class (`weenieClassId`, `baseAceObjectId`)
VALUES (12707, 12707);

INSERT INTO `base_ace_object` (`baseAceObjectId`, `name`, `typeId`, `paletteId`, `ammoType`, `blipColor`, `bitField`, `burden`, `combatUse`, `cooldownDuration`, `cooldownId`, `effects`, `containersCapacity`, `header`, `hookTypeId`, `iconId`, `iconOverlayId`, `iconUnderlayId`, `hookItemTypes`, `itemsCapacity`, `location`, `materialType`, `maxStackSize`, `maxStructure`, `radar`, `pscript`, `spellId`, `stackSize`, `structure`, `targetTypeId`, `usability`, `useRadius`, `validLocations`, `value`, `workmanship`, `animationFrameId`, `defaultScript`, `defaultScriptIntensity`, `elasticity`, `friction`, `locationId`, `modelTableId`, `objectScale`, `physicsBitField`, `physicsTableId`, `motionTableId`, `soundTableId`, `physicsState`, `translucency`, `currentMotionState`)
VALUES (1264, 'Key', 16384, 0, 0, 0, 18, 50, 0, 0, 0, 0, 0, 2640920, 0, 100668437, 0, 0, 0, 0, 0, 0, 0, 5, 0, 0, 0, 0, 5, 640, 2097160, 0, 0, 100, 0, 101, 0, 0, 0, 0, 0, 33554784, 0, 137217, 872415275, 0, 536870932, 1044, 0, '0');

INSERT INTO weenie_class (`weenieClassId`, `baseAceObjectId`)
VALUES (1264, 1264);

INSERT INTO `base_ace_object` (`baseAceObjectId`, `name`, `typeId`, `paletteId`, `ammoType`, `blipColor`, `bitField`, `burden`, `combatUse`, `cooldownDuration`, `cooldownId`, `effects`, `containersCapacity`, `header`, `hookTypeId`, `iconId`, `iconOverlayId`, `iconUnderlayId`, `hookItemTypes`, `itemsCapacity`, `location`, `materialType`, `maxStackSize`, `maxStructure`, `radar`, `pscript`, `spellId`, `stackSize`, `structure`, `targetTypeId`, `usability`, `useRadius`, `validLocations`, `value`, `workmanship`, `animationFrameId`, `defaultScript`, `defaultScriptIntensity`, `elasticity`, `friction`, `locationId`, `modelTableId`, `objectScale`, `physicsBitField`, `physicsTableId`, `motionTableId`, `soundTableId`, `physicsState`, `translucency`, `currentMotionState`)
VALUES (1532, 'The Baron''s Key', 16384, 0, 0, 0, 18, 50, 0, 0, 0, 0, 0, 2624536, 0, 100667483, 0, 0, 0, 0, 0, 0, 0, 10, 0, 0, 0, 0, 8, 640, 2097160, 0, 0, 80, 0, 101, 0, 0, 0, 0, 0, 33554784, 0, 169985, 872415275, 0, 536870932, 1044, 0, '0');

INSERT INTO weenie_class (`weenieClassId`, `baseAceObjectId`)
VALUES (1532, 1532);

INSERT INTO `base_ace_object` (`baseAceObjectId`, `name`, `typeId`, `paletteId`, `ammoType`, `blipColor`, `bitField`, `burden`, `combatUse`, `cooldownDuration`, `cooldownId`, `effects`, `containersCapacity`, `header`, `hookTypeId`, `iconId`, `iconOverlayId`, `iconUnderlayId`, `hookItemTypes`, `itemsCapacity`, `location`, `materialType`, `maxStackSize`, `maxStructure`, `radar`, `pscript`, `spellId`, `stackSize`, `structure`, `targetTypeId`, `usability`, `useRadius`, `validLocations`, `value`, `workmanship`, `animationFrameId`, `defaultScript`, `defaultScriptIntensity`, `elasticity`, `friction`, `locationId`, `modelTableId`, `objectScale`, `physicsBitField`, `physicsTableId`, `motionTableId`, `soundTableId`, `physicsState`, `translucency`, `currentMotionState`)
VALUES (1533, 'Small Rusted Key', 16384, 0, 0, 0, 18, 20, 0, 0, 0, 0, 0, 2624536, 0, 100668441, 0, 0, 0, 0, 0, 0, 0, 10, 0, 0, 0, 0, 9, 640, 2097160, 0, 0, 9, 0, 101, 0, 0, 0, 0, 0, 33554784, 0, 169985, 872415275, 0, 536870932, 1044, 0, '0');

INSERT INTO weenie_class (`weenieClassId`, `baseAceObjectId`)
VALUES (1533, 1533);

INSERT INTO `base_ace_object` (`baseAceObjectId`, `name`, `typeId`, `paletteId`, `ammoType`, `blipColor`, `bitField`, `burden`, `combatUse`, `cooldownDuration`, `cooldownId`, `effects`, `containersCapacity`, `header`, `hookTypeId`, `iconId`, `iconOverlayId`, `iconUnderlayId`, `hookItemTypes`, `itemsCapacity`, `location`, `materialType`, `maxStackSize`, `maxStructure`, `radar`, `pscript`, `spellId`, `stackSize`, `structure`, `targetTypeId`, `usability`, `useRadius`, `validLocations`, `value`, `workmanship`, `animationFrameId`, `defaultScript`, `defaultScriptIntensity`, `elasticity`, `friction`, `locationId`, `modelTableId`, `objectScale`, `physicsBitField`, `physicsTableId`, `motionTableId`, `soundTableId`, `physicsState`, `translucency`, `currentMotionState`)
VALUES (1531, 'Cell Key', 16384, 0, 0, 0, 18, 50, 0, 0, 0, 0, 0, 2624536, 0, 100668435, 0, 0, 0, 0, 0, 0, 0, 20, 0, 0, 0, 0, 18, 640, 2097160, 0, 0, 90, 0, 101, 0, 0, 0, 0, 0, 33554784, 0, 169985, 872415275, 0, 536870932, 1044, 0, '0');

INSERT INTO weenie_class (`weenieClassId`, `baseAceObjectId`)
VALUES (1531, 1531);

INSERT INTO `base_ace_object` (`baseAceObjectId`, `name`, `typeId`, `paletteId`, `ammoType`, `blipColor`, `bitField`, `burden`, `combatUse`, `cooldownDuration`, `cooldownId`, `effects`, `containersCapacity`, `header`, `hookTypeId`, `iconId`, `iconOverlayId`, `iconUnderlayId`, `hookItemTypes`, `itemsCapacity`, `location`, `materialType`, `maxStackSize`, `maxStructure`, `radar`, `pscript`, `spellId`, `stackSize`, `structure`, `targetTypeId`, `usability`, `useRadius`, `validLocations`, `value`, `workmanship`, `animationFrameId`, `defaultScript`, `defaultScriptIntensity`, `elasticity`, `friction`, `locationId`, `modelTableId`, `objectScale`, `physicsBitField`, `physicsTableId`, `motionTableId`, `soundTableId`, `physicsState`, `translucency`, `currentMotionState`)
VALUES (9294, 'Singularity Key', 16384, 67111346, 0, 0, 18, 50, 0, 0, 0, 0, 0, 271076368, 2, 100671462, 0, 0, 0, 0, 0, 0, 0, 1, 0, 0, 0, 0, 1, 640, 2097160, 0, 0, 0, 0, 101, 0, 0, 0, 0, 0, 33557000, 0, 137217, 872415275, 0, 536870932, 1044, 0, '0');

INSERT INTO weenie_class (`weenieClassId`, `baseAceObjectId`)
VALUES (9294, 9294);

INSERT INTO `weenie_palette_changes` (`weenieClassId`, `subPaletteId`, `offset`, `length`)
VALUES (9294, 67113156, 0, 0);

INSERT INTO `weenie_animation_changes` (`weenieClassId`, `index`, `animationId`)
VALUES (9294, 9, 16785620);

INSERT INTO `base_ace_object` (`baseAceObjectId`, `name`, `typeId`, `paletteId`, `ammoType`, `blipColor`, `bitField`, `burden`, `combatUse`, `cooldownDuration`, `cooldownId`, `effects`, `containersCapacity`, `header`, `hookTypeId`, `iconId`, `iconOverlayId`, `iconUnderlayId`, `hookItemTypes`, `itemsCapacity`, `location`, `materialType`, `maxStackSize`, `maxStructure`, `radar`, `pscript`, `spellId`, `stackSize`, `structure`, `targetTypeId`, `usability`, `useRadius`, `validLocations`, `value`, `workmanship`, `animationFrameId`, `defaultScript`, `defaultScriptIntensity`, `elasticity`, `friction`, `locationId`, `modelTableId`, `objectScale`, `physicsBitField`, `physicsTableId`, `motionTableId`, `soundTableId`, `physicsState`, `translucency`, `currentMotionState`)
VALUES (32934, 'Rabbit Hutch Key', 16384, 0, 0, 0, 18, 20, 0, 0, 0, 0, 0, 2640920, 0, 100675676, 0, 0, 0, 0, 0, 0, 0, 1, 0, 0, 0, 0, 1, 640, 2097160, 0, 0, 3, 0, 101, 0, 0, 0, 0, 0, 33554784, 0, 137217, 872415275, 0, 536870932, 1044, 0, '0');

INSERT INTO weenie_class (`weenieClassId`, `baseAceObjectId`)
VALUES (32934, 32934);

INSERT INTO `base_ace_object` (`baseAceObjectId`, `name`, `typeId`, `paletteId`, `ammoType`, `blipColor`, `bitField`, `burden`, `combatUse`, `cooldownDuration`, `cooldownId`, `effects`, `containersCapacity`, `header`, `hookTypeId`, `iconId`, `iconOverlayId`, `iconUnderlayId`, `hookItemTypes`, `itemsCapacity`, `location`, `materialType`, `maxStackSize`, `maxStructure`, `radar`, `pscript`, `spellId`, `stackSize`, `structure`, `targetTypeId`, `usability`, `useRadius`, `validLocations`, `value`, `workmanship`, `animationFrameId`, `defaultScript`, `defaultScriptIntensity`, `elasticity`, `friction`, `locationId`, `modelTableId`, `objectScale`, `physicsBitField`, `physicsTableId`, `motionTableId`, `soundTableId`, `physicsState`, `translucency`, `currentMotionState`)
VALUES (1278, 'Key', 16384, 0, 0, 0, 18, 50, 0, 0, 0, 0, 0, 2640920, 0, 100668435, 0, 0, 0, 0, 0, 0, 0, 15, 0, 0, 0, 0, 15, 640, 2097160, 0, 0, 100, 0, 101, 0, 0, 0, 0, 0, 33554784, 0, 137217, 872415275, 0, 536870932, 1044, 0, '0');

INSERT INTO weenie_class (`weenieClassId`, `baseAceObjectId`)
VALUES (1278, 1278);

INSERT INTO `base_ace_object` (`baseAceObjectId`, `name`, `typeId`, `paletteId`, `ammoType`, `blipColor`, `bitField`, `burden`, `combatUse`, `cooldownDuration`, `cooldownId`, `effects`, `containersCapacity`, `header`, `hookTypeId`, `iconId`, `iconOverlayId`, `iconUnderlayId`, `hookItemTypes`, `itemsCapacity`, `location`, `materialType`, `maxStackSize`, `maxStructure`, `radar`, `pscript`, `spellId`, `stackSize`, `structure`, `targetTypeId`, `usability`, `useRadius`, `validLocations`, `value`, `workmanship`, `animationFrameId`, `defaultScript`, `defaultScriptIntensity`, `elasticity`, `friction`, `locationId`, `modelTableId`, `objectScale`, `physicsBitField`, `physicsTableId`, `motionTableId`, `soundTableId`, `physicsState`, `translucency`, `currentMotionState`)
VALUES (1279, 'Key', 16384, 0, 0, 0, 18, 50, 0, 0, 0, 0, 0, 2640920, 0, 100668435, 0, 0, 0, 0, 0, 0, 0, 15, 0, 0, 0, 0, 15, 640, 2097160, 0, 0, 100, 0, 101, 0, 0, 0, 0, 0, 33554784, 0, 137217, 872415275, 0, 536870932, 1044, 0, '0');

INSERT INTO weenie_class (`weenieClassId`, `baseAceObjectId`)
VALUES (1279, 1279);

INSERT INTO `base_ace_object` (`baseAceObjectId`, `name`, `typeId`, `paletteId`, `ammoType`, `blipColor`, `bitField`, `burden`, `combatUse`, `cooldownDuration`, `cooldownId`, `effects`, `containersCapacity`, `header`, `hookTypeId`, `iconId`, `iconOverlayId`, `iconUnderlayId`, `hookItemTypes`, `itemsCapacity`, `location`, `materialType`, `maxStackSize`, `maxStructure`, `radar`, `pscript`, `spellId`, `stackSize`, `structure`, `targetTypeId`, `usability`, `useRadius`, `validLocations`, `value`, `workmanship`, `animationFrameId`, `defaultScript`, `defaultScriptIntensity`, `elasticity`, `friction`, `locationId`, `modelTableId`, `objectScale`, `physicsBitField`, `physicsTableId`, `motionTableId`, `soundTableId`, `physicsState`, `translucency`, `currentMotionState`)
VALUES (1280, 'Key', 16384, 0, 0, 0, 18, 50, 0, 0, 0, 0, 0, 2640920, 0, 100668435, 0, 0, 0, 0, 0, 0, 0, 15, 0, 0, 0, 0, 15, 640, 2097160, 0, 0, 100, 0, 101, 0, 0, 0, 0, 0, 33554784, 0, 137217, 872415275, 0, 536870932, 1044, 0, '0');

INSERT INTO weenie_class (`weenieClassId`, `baseAceObjectId`)
VALUES (1280, 1280);

INSERT INTO `base_ace_object` (`baseAceObjectId`, `name`, `typeId`, `paletteId`, `ammoType`, `blipColor`, `bitField`, `burden`, `combatUse`, `cooldownDuration`, `cooldownId`, `effects`, `containersCapacity`, `header`, `hookTypeId`, `iconId`, `iconOverlayId`, `iconUnderlayId`, `hookItemTypes`, `itemsCapacity`, `location`, `materialType`, `maxStackSize`, `maxStructure`, `radar`, `pscript`, `spellId`, `stackSize`, `structure`, `targetTypeId`, `usability`, `useRadius`, `validLocations`, `value`, `workmanship`, `animationFrameId`, `defaultScript`, `defaultScriptIntensity`, `elasticity`, `friction`, `locationId`, `modelTableId`, `objectScale`, `physicsBitField`, `physicsTableId`, `motionTableId`, `soundTableId`, `physicsState`, `translucency`, `currentMotionState`)
VALUES (1277, 'Silver Key', 16384, 0, 0, 0, 18, 50, 0, 0, 0, 0, 0, 2640920, 0, 100667485, 0, 0, 0, 0, 0, 0, 0, 3, 0, 0, 0, 0, 3, 640, 2097160, 0, 0, 200, 0, 101, 0, 0, 0, 0, 0, 33554784, 0, 137217, 872415275, 0, 536870932, 1044, 0, '0');

INSERT INTO weenie_class (`weenieClassId`, `baseAceObjectId`)
VALUES (1277, 1277);

INSERT INTO `base_ace_object` (`baseAceObjectId`, `name`, `typeId`, `paletteId`, `ammoType`, `blipColor`, `bitField`, `burden`, `combatUse`, `cooldownDuration`, `cooldownId`, `effects`, `containersCapacity`, `header`, `hookTypeId`, `iconId`, `iconOverlayId`, `iconUnderlayId`, `hookItemTypes`, `itemsCapacity`, `location`, `materialType`, `maxStackSize`, `maxStructure`, `radar`, `pscript`, `spellId`, `stackSize`, `structure`, `targetTypeId`, `usability`, `useRadius`, `validLocations`, `value`, `workmanship`, `animationFrameId`, `defaultScript`, `defaultScriptIntensity`, `elasticity`, `friction`, `locationId`, `modelTableId`, `objectScale`, `physicsBitField`, `physicsTableId`, `motionTableId`, `soundTableId`, `physicsState`, `translucency`, `currentMotionState`)
VALUES (1421, 'Worn Small Key', 16384, 0, 0, 0, 18, 50, 0, 0, 0, 0, 0, 2640920, 0, 100668436, 0, 0, 0, 0, 0, 0, 0, 3, 0, 0, 0, 0, 3, 640, 2097160, 0, 0, 50, 0, 101, 0, 0, 0, 0, 0, 33554784, 0, 137217, 872415275, 0, 536870932, 1044, 0, '0');

INSERT INTO weenie_class (`weenieClassId`, `baseAceObjectId`)
VALUES (1421, 1421);

INSERT INTO `base_ace_object` (`baseAceObjectId`, `name`, `typeId`, `paletteId`, `ammoType`, `blipColor`, `bitField`, `burden`, `combatUse`, `cooldownDuration`, `cooldownId`, `effects`, `containersCapacity`, `header`, `hookTypeId`, `iconId`, `iconOverlayId`, `iconUnderlayId`, `hookItemTypes`, `itemsCapacity`, `location`, `materialType`, `maxStackSize`, `maxStructure`, `radar`, `pscript`, `spellId`, `stackSize`, `structure`, `targetTypeId`, `usability`, `useRadius`, `validLocations`, `value`, `workmanship`, `animationFrameId`, `defaultScript`, `defaultScriptIntensity`, `elasticity`, `friction`, `locationId`, `modelTableId`, `objectScale`, `physicsBitField`, `physicsTableId`, `motionTableId`, `soundTableId`, `physicsState`, `translucency`, `currentMotionState`)
VALUES (1426, 'Worn Strange Key', 16384, 0, 0, 0, 18, 50, 0, 0, 0, 0, 0, 2640920, 0, 100668436, 0, 0, 0, 0, 0, 0, 0, 3, 0, 0, 0, 0, 3, 640, 2097160, 0, 0, 50, 0, 101, 0, 0, 0, 0, 0, 33554784, 0, 137217, 872415275, 0, 536870932, 1044, 0, '0');

INSERT INTO weenie_class (`weenieClassId`, `baseAceObjectId`)
VALUES (1426, 1426);

INSERT INTO `base_ace_object` (`baseAceObjectId`, `name`, `typeId`, `paletteId`, `ammoType`, `blipColor`, `bitField`, `burden`, `combatUse`, `cooldownDuration`, `cooldownId`, `effects`, `containersCapacity`, `header`, `hookTypeId`, `iconId`, `iconOverlayId`, `iconUnderlayId`, `hookItemTypes`, `itemsCapacity`, `location`, `materialType`, `maxStackSize`, `maxStructure`, `radar`, `pscript`, `spellId`, `stackSize`, `structure`, `targetTypeId`, `usability`, `useRadius`, `validLocations`, `value`, `workmanship`, `animationFrameId`, `defaultScript`, `defaultScriptIntensity`, `elasticity`, `friction`, `locationId`, `modelTableId`, `objectScale`, `physicsBitField`, `physicsTableId`, `motionTableId`, `soundTableId`, `physicsState`, `translucency`, `currentMotionState`)
VALUES (1425, 'Worn Plain Key', 16384, 0, 0, 0, 18, 50, 0, 0, 0, 0, 0, 2640920, 0, 100668436, 0, 0, 0, 0, 0, 0, 0, 3, 0, 0, 0, 0, 3, 640, 2097160, 0, 0, 50, 0, 101, 0, 0, 0, 0, 0, 33554784, 0, 137217, 872415275, 0, 536870932, 1044, 0, '0');

INSERT INTO weenie_class (`weenieClassId`, `baseAceObjectId`)
VALUES (1425, 1425);

INSERT INTO `base_ace_object` (`baseAceObjectId`, `name`, `typeId`, `paletteId`, `ammoType`, `blipColor`, `bitField`, `burden`, `combatUse`, `cooldownDuration`, `cooldownId`, `effects`, `containersCapacity`, `header`, `hookTypeId`, `iconId`, `iconOverlayId`, `iconUnderlayId`, `hookItemTypes`, `itemsCapacity`, `location`, `materialType`, `maxStackSize`, `maxStructure`, `radar`, `pscript`, `spellId`, `stackSize`, `structure`, `targetTypeId`, `usability`, `useRadius`, `validLocations`, `value`, `workmanship`, `animationFrameId`, `defaultScript`, `defaultScriptIntensity`, `elasticity`, `friction`, `locationId`, `modelTableId`, `objectScale`, `physicsBitField`, `physicsTableId`, `motionTableId`, `soundTableId`, `physicsState`, `translucency`, `currentMotionState`)
VALUES (1424, 'Worn Old Key', 16384, 0, 0, 0, 18, 50, 0, 0, 0, 0, 0, 2640920, 0, 100668436, 0, 0, 0, 0, 0, 0, 0, 3, 0, 0, 0, 0, 3, 640, 2097160, 0, 0, 50, 0, 101, 0, 0, 0, 0, 0, 33554784, 0, 137217, 872415275, 0, 536870932, 1044, 0, '0');

INSERT INTO weenie_class (`weenieClassId`, `baseAceObjectId`)
VALUES (1424, 1424);

INSERT INTO `base_ace_object` (`baseAceObjectId`, `name`, `typeId`, `paletteId`, `ammoType`, `blipColor`, `bitField`, `burden`, `combatUse`, `cooldownDuration`, `cooldownId`, `effects`, `containersCapacity`, `header`, `hookTypeId`, `iconId`, `iconOverlayId`, `iconUnderlayId`, `hookItemTypes`, `itemsCapacity`, `location`, `materialType`, `maxStackSize`, `maxStructure`, `radar`, `pscript`, `spellId`, `stackSize`, `structure`, `targetTypeId`, `usability`, `useRadius`, `validLocations`, `value`, `workmanship`, `animationFrameId`, `defaultScript`, `defaultScriptIntensity`, `elasticity`, `friction`, `locationId`, `modelTableId`, `objectScale`, `physicsBitField`, `physicsTableId`, `motionTableId`, `soundTableId`, `physicsState`, `translucency`, `currentMotionState`)
VALUES (1423, 'Worn Rusty Key', 16384, 0, 0, 0, 18, 50, 0, 0, 0, 0, 0, 2640920, 0, 100668436, 0, 0, 0, 0, 0, 0, 0, 3, 0, 0, 0, 0, 3, 640, 2097160, 0, 0, 50, 0, 101, 0, 0, 0, 0, 0, 33554784, 0, 137217, 872415275, 0, 536870932, 1044, 0, '0');

INSERT INTO weenie_class (`weenieClassId`, `baseAceObjectId`)
VALUES (1423, 1423);

INSERT INTO `base_ace_object` (`baseAceObjectId`, `name`, `typeId`, `paletteId`, `ammoType`, `blipColor`, `bitField`, `burden`, `combatUse`, `cooldownDuration`, `cooldownId`, `effects`, `containersCapacity`, `header`, `hookTypeId`, `iconId`, `iconOverlayId`, `iconUnderlayId`, `hookItemTypes`, `itemsCapacity`, `location`, `materialType`, `maxStackSize`, `maxStructure`, `radar`, `pscript`, `spellId`, `stackSize`, `structure`, `targetTypeId`, `usability`, `useRadius`, `validLocations`, `value`, `workmanship`, `animationFrameId`, `defaultScript`, `defaultScriptIntensity`, `elasticity`, `friction`, `locationId`, `modelTableId`, `objectScale`, `physicsBitField`, `physicsTableId`, `motionTableId`, `soundTableId`, `physicsState`, `translucency`, `currentMotionState`)
VALUES (1422, 'Worn Odd Key', 16384, 0, 0, 0, 18, 50, 0, 0, 0, 0, 0, 2640920, 0, 100668436, 0, 0, 0, 0, 0, 0, 0, 3, 0, 0, 0, 0, 3, 640, 2097160, 0, 0, 50, 0, 101, 0, 0, 0, 0, 0, 33554784, 0, 137217, 872415275, 0, 536870932, 1044, 0, '0');

INSERT INTO weenie_class (`weenieClassId`, `baseAceObjectId`)
VALUES (1422, 1422);

INSERT INTO `base_ace_object` (`baseAceObjectId`, `name`, `typeId`, `paletteId`, `ammoType`, `blipColor`, `bitField`, `burden`, `combatUse`, `cooldownDuration`, `cooldownId`, `effects`, `containersCapacity`, `header`, `hookTypeId`, `iconId`, `iconOverlayId`, `iconUnderlayId`, `hookItemTypes`, `itemsCapacity`, `location`, `materialType`, `maxStackSize`, `maxStructure`, `radar`, `pscript`, `spellId`, `stackSize`, `structure`, `targetTypeId`, `usability`, `useRadius`, `validLocations`, `value`, `workmanship`, `animationFrameId`, `defaultScript`, `defaultScriptIntensity`, `elasticity`, `friction`, `locationId`, `modelTableId`, `objectScale`, `physicsBitField`, `physicsTableId`, `motionTableId`, `soundTableId`, `physicsState`, `translucency`, `currentMotionState`)
VALUES (2618, 'Small Carved Key', 16384, 0, 0, 0, 18, 50, 0, 0, 0, 0, 0, 2640920, 0, 100668441, 0, 0, 0, 0, 0, 0, 0, 3, 0, 0, 0, 0, 3, 640, 2097160, 0, 0, 25, 0, 101, 0, 0, 0, 0, 0, 33554784, 0, 135169, 872415275, 0, 0, 1044, 0, '0');

INSERT INTO weenie_class (`weenieClassId`, `baseAceObjectId`)
VALUES (2618, 2618);

INSERT INTO `base_ace_object` (`baseAceObjectId`, `name`, `typeId`, `paletteId`, `ammoType`, `blipColor`, `bitField`, `burden`, `combatUse`, `cooldownDuration`, `cooldownId`, `effects`, `containersCapacity`, `header`, `hookTypeId`, `iconId`, `iconOverlayId`, `iconUnderlayId`, `hookItemTypes`, `itemsCapacity`, `location`, `materialType`, `maxStackSize`, `maxStructure`, `radar`, `pscript`, `spellId`, `stackSize`, `structure`, `targetTypeId`, `usability`, `useRadius`, `validLocations`, `value`, `workmanship`, `animationFrameId`, `defaultScript`, `defaultScriptIntensity`, `elasticity`, `friction`, `locationId`, `modelTableId`, `objectScale`, `physicsBitField`, `physicsTableId`, `motionTableId`, `soundTableId`, `physicsState`, `translucency`, `currentMotionState`)
VALUES (48748, 'Legendary Key', 16384, 0, 0, 0, 18, 30, 0, 0, 0, 64, 0, 2624664, 0, 100693001, 0, 0, 0, 0, 0, 0, 0, 2, 0, 0, 0, 0, 2, 640, 2097160, 0, 0, 20000, 0, 101, 0, 0, 0, 0, 0, 33554784, 0, 169985, 872415275, 0, 536870932, 1044, 0, '0');

INSERT INTO weenie_class (`weenieClassId`, `baseAceObjectId`)
VALUES (48748, 48748);

INSERT INTO `base_ace_object` (`baseAceObjectId`, `name`, `typeId`, `paletteId`, `ammoType`, `blipColor`, `bitField`, `burden`, `combatUse`, `cooldownDuration`, `cooldownId`, `effects`, `containersCapacity`, `header`, `hookTypeId`, `iconId`, `iconOverlayId`, `iconUnderlayId`, `hookItemTypes`, `itemsCapacity`, `location`, `materialType`, `maxStackSize`, `maxStructure`, `radar`, `pscript`, `spellId`, `stackSize`, `structure`, `targetTypeId`, `usability`, `useRadius`, `validLocations`, `value`, `workmanship`, `animationFrameId`, `defaultScript`, `defaultScriptIntensity`, `elasticity`, `friction`, `locationId`, `modelTableId`, `objectScale`, `physicsBitField`, `physicsTableId`, `motionTableId`, `soundTableId`, `physicsState`, `translucency`, `currentMotionState`)
VALUES (28057, 'Ornate Ashen Key', 16384, 0, 0, 0, 18, 20, 0, 0, 0, 0, 0, 2640920, 0, 100676683, 0, 0, 0, 0, 0, 0, 0, 1, 0, 0, 0, 0, 1, 640, 2097160, 0, 0, 3, 0, 101, 0, 0, 0, 0, 0, 33554784, 0, 137217, 872415275, 0, 536870932, 1044, 0, '0');

INSERT INTO weenie_class (`weenieClassId`, `baseAceObjectId`)
VALUES (28057, 28057);

INSERT INTO `base_ace_object` (`baseAceObjectId`, `name`, `typeId`, `paletteId`, `ammoType`, `blipColor`, `bitField`, `burden`, `combatUse`, `cooldownDuration`, `cooldownId`, `effects`, `containersCapacity`, `header`, `hookTypeId`, `iconId`, `iconOverlayId`, `iconUnderlayId`, `hookItemTypes`, `itemsCapacity`, `location`, `materialType`, `maxStackSize`, `maxStructure`, `radar`, `pscript`, `spellId`, `stackSize`, `structure`, `targetTypeId`, `usability`, `useRadius`, `validLocations`, `value`, `workmanship`, `animationFrameId`, `defaultScript`, `defaultScriptIntensity`, `elasticity`, `friction`, `locationId`, `modelTableId`, `objectScale`, `physicsBitField`, `physicsTableId`, `motionTableId`, `soundTableId`, `physicsState`, `translucency`, `currentMotionState`)
VALUES (25972, 'Skeleton Key', 16384, 0, 0, 0, 18, 100, 0, 0, 0, 0, 0, 2624528, 0, 100675676, 0, 0, 0, 0, 0, 0, 0, 3, 0, 0, 0, 0, 1, 640, 2097160, 0, 0, 0, 0, 101, 0, 0, 0, 0, 0, 33554784, 0, 169985, 872415275, 0, 536870932, 1044, 0, '0');

INSERT INTO weenie_class (`weenieClassId`, `baseAceObjectId`)
VALUES (25972, 25972);

INSERT INTO `base_ace_object` (`baseAceObjectId`, `name`, `typeId`, `paletteId`, `ammoType`, `blipColor`, `bitField`, `burden`, `combatUse`, `cooldownDuration`, `cooldownId`, `effects`, `containersCapacity`, `header`, `hookTypeId`, `iconId`, `iconOverlayId`, `iconUnderlayId`, `hookItemTypes`, `itemsCapacity`, `location`, `materialType`, `maxStackSize`, `maxStructure`, `radar`, `pscript`, `spellId`, `stackSize`, `structure`, `targetTypeId`, `usability`, `useRadius`, `validLocations`, `value`, `workmanship`, `animationFrameId`, `defaultScript`, `defaultScriptIntensity`, `elasticity`, `friction`, `locationId`, `modelTableId`, `objectScale`, `physicsBitField`, `physicsTableId`, `motionTableId`, `soundTableId`, `physicsState`, `translucency`, `currentMotionState`)
VALUES (38918, 'Strengthened Mana Forge Key', 16384, 0, 0, 0, 18, 30, 0, 0, 0, 64, 0, 2641048, 0, 100686710, 0, 0, 0, 0, 0, 0, 0, 3, 0, 0, 0, 0, 3, 640, 2097160, 0, 0, 30000, 0, 101, 0, 0, 0, 0, 0, 33554784, 0, 137217, 872415275, 0, 536870932, 1044, 0, '0');

INSERT INTO weenie_class (`weenieClassId`, `baseAceObjectId`)
VALUES (38918, 38918);

INSERT INTO `base_ace_object` (`baseAceObjectId`, `name`, `typeId`, `paletteId`, `ammoType`, `blipColor`, `bitField`, `burden`, `combatUse`, `cooldownDuration`, `cooldownId`, `effects`, `containersCapacity`, `header`, `hookTypeId`, `iconId`, `iconOverlayId`, `iconUnderlayId`, `hookItemTypes`, `itemsCapacity`, `location`, `materialType`, `maxStackSize`, `maxStructure`, `radar`, `pscript`, `spellId`, `stackSize`, `structure`, `targetTypeId`, `usability`, `useRadius`, `validLocations`, `value`, `workmanship`, `animationFrameId`, `defaultScript`, `defaultScriptIntensity`, `elasticity`, `friction`, `locationId`, `modelTableId`, `objectScale`, `physicsBitField`, `physicsTableId`, `motionTableId`, `soundTableId`, `physicsState`, `translucency`, `currentMotionState`)
VALUES (52010, 'Legendary Key', 16384, 0, 0, 0, 18, 30, 0, 0, 0, 64, 0, 2624664, 0, 100693001, 0, 0, 0, 0, 0, 0, 0, 5, 0, 0, 0, 0, 5, 640, 2097160, 0, 0, 10000, 0, 101, 0, 0, 0, 0, 0, 33554784, 0, 169985, 872415275, 0, 536870932, 1044, 0, '0');

INSERT INTO weenie_class (`weenieClassId`, `baseAceObjectId`)
VALUES (52010, 52010);

INSERT INTO `base_ace_object` (`baseAceObjectId`, `name`, `typeId`, `paletteId`, `ammoType`, `blipColor`, `bitField`, `burden`, `combatUse`, `cooldownDuration`, `cooldownId`, `effects`, `containersCapacity`, `header`, `hookTypeId`, `iconId`, `iconOverlayId`, `iconUnderlayId`, `hookItemTypes`, `itemsCapacity`, `location`, `materialType`, `maxStackSize`, `maxStructure`, `radar`, `pscript`, `spellId`, `stackSize`, `structure`, `targetTypeId`, `usability`, `useRadius`, `validLocations`, `value`, `workmanship`, `animationFrameId`, `defaultScript`, `defaultScriptIntensity`, `elasticity`, `friction`, `locationId`, `modelTableId`, `objectScale`, `physicsBitField`, `physicsTableId`, `motionTableId`, `soundTableId`, `physicsState`, `translucency`, `currentMotionState`)
VALUES (23094, 'Granite Key', 16384, 0, 0, 0, 18, 10, 0, 0, 0, 0, 0, 2624528, 0, 100673958, 0, 0, 0, 0, 0, 0, 0, 1, 0, 0, 0, 0, 1, 640, 2097160, 0, 0, 0, 0, 101, 0, 0, 0, 0, 0, 33554784, 0, 169985, 872415275, 0, 536870932, 1044, 0, '0');

INSERT INTO weenie_class (`weenieClassId`, `baseAceObjectId`)
VALUES (23094, 23094);

INSERT INTO `base_ace_object` (`baseAceObjectId`, `name`, `typeId`, `paletteId`, `ammoType`, `blipColor`, `bitField`, `burden`, `combatUse`, `cooldownDuration`, `cooldownId`, `effects`, `containersCapacity`, `header`, `hookTypeId`, `iconId`, `iconOverlayId`, `iconUnderlayId`, `hookItemTypes`, `itemsCapacity`, `location`, `materialType`, `maxStackSize`, `maxStructure`, `radar`, `pscript`, `spellId`, `stackSize`, `structure`, `targetTypeId`, `usability`, `useRadius`, `validLocations`, `value`, `workmanship`, `animationFrameId`, `defaultScript`, `defaultScriptIntensity`, `elasticity`, `friction`, `locationId`, `modelTableId`, `objectScale`, `physicsBitField`, `physicsTableId`, `motionTableId`, `soundTableId`, `physicsState`, `translucency`, `currentMotionState`)
VALUES (30814, 'Black Marrow Key', 16384, 0, 0, 0, 18, 50, 0, 0, 0, 0, 0, 2640912, 0, 100677499, 0, 0, 0, 0, 0, 0, 0, 1, 0, 0, 0, 0, 1, 640, 2097160, 0, 0, 0, 0, 101, 0, 0, 0, 0, 0, 33554784, 0, 137217, 872415275, 0, 536870932, 1044, 0, '0');

INSERT INTO weenie_class (`weenieClassId`, `baseAceObjectId`)
VALUES (30814, 30814);

INSERT INTO `base_ace_object` (`baseAceObjectId`, `name`, `typeId`, `paletteId`, `ammoType`, `blipColor`, `bitField`, `burden`, `combatUse`, `cooldownDuration`, `cooldownId`, `effects`, `containersCapacity`, `header`, `hookTypeId`, `iconId`, `iconOverlayId`, `iconUnderlayId`, `hookItemTypes`, `itemsCapacity`, `location`, `materialType`, `maxStackSize`, `maxStructure`, `radar`, `pscript`, `spellId`, `stackSize`, `structure`, `targetTypeId`, `usability`, `useRadius`, `validLocations`, `value`, `workmanship`, `animationFrameId`, `defaultScript`, `defaultScriptIntensity`, `elasticity`, `friction`, `locationId`, `modelTableId`, `objectScale`, `physicsBitField`, `physicsTableId`, `motionTableId`, `soundTableId`, `physicsState`, `translucency`, `currentMotionState`)
VALUES (24477, 'Sturdy Steel Key', 16384, 0, 0, 0, 18, 75, 0, 0, 0, 0, 0, 2624536, 0, 100674411, 0, 0, 0, 0, 0, 0, 0, 1, 0, 0, 0, 0, 1, 640, 2097160, 0, 0, 150, 0, 101, 0, 0, 0, 0, 0, 33554784, 0, 169985, 872415275, 0, 536870932, 1044, 0, '0');

INSERT INTO weenie_class (`weenieClassId`, `baseAceObjectId`)
VALUES (24477, 24477);

INSERT INTO `base_ace_object` (`baseAceObjectId`, `name`, `typeId`, `paletteId`, `ammoType`, `blipColor`, `bitField`, `burden`, `combatUse`, `cooldownDuration`, `cooldownId`, `effects`, `containersCapacity`, `header`, `hookTypeId`, `iconId`, `iconOverlayId`, `iconUnderlayId`, `hookItemTypes`, `itemsCapacity`, `location`, `materialType`, `maxStackSize`, `maxStructure`, `radar`, `pscript`, `spellId`, `stackSize`, `structure`, `targetTypeId`, `usability`, `useRadius`, `validLocations`, `value`, `workmanship`, `animationFrameId`, `defaultScript`, `defaultScriptIntensity`, `elasticity`, `friction`, `locationId`, `modelTableId`, `objectScale`, `physicsBitField`, `physicsTableId`, `motionTableId`, `soundTableId`, `physicsState`, `translucency`, `currentMotionState`)
VALUES (7409, 'Ashen Key', 16384, 0, 0, 0, 18, 20, 0, 0, 0, 0, 0, 2640920, 0, 100668441, 0, 0, 0, 0, 0, 0, 0, 1, 0, 0, 0, 0, 1, 640, 2097160, 0, 0, 3, 0, 101, 0, 0, 0, 0, 0, 33554784, 0, 137217, 872415275, 0, 536870932, 1044, 0, '0');

INSERT INTO weenie_class (`weenieClassId`, `baseAceObjectId`)
VALUES (7409, 7409);

INSERT INTO `base_ace_object` (`baseAceObjectId`, `name`, `typeId`, `paletteId`, `ammoType`, `blipColor`, `bitField`, `burden`, `combatUse`, `cooldownDuration`, `cooldownId`, `effects`, `containersCapacity`, `header`, `hookTypeId`, `iconId`, `iconOverlayId`, `iconUnderlayId`, `hookItemTypes`, `itemsCapacity`, `location`, `materialType`, `maxStackSize`, `maxStructure`, `radar`, `pscript`, `spellId`, `stackSize`, `structure`, `targetTypeId`, `usability`, `useRadius`, `validLocations`, `value`, `workmanship`, `animationFrameId`, `defaultScript`, `defaultScriptIntensity`, `elasticity`, `friction`, `locationId`, `modelTableId`, `objectScale`, `physicsBitField`, `physicsTableId`, `motionTableId`, `soundTableId`, `physicsState`, `translucency`, `currentMotionState`)
VALUES (30258, 'Shimmering Skeleton Key', 16384, 0, 0, 0, 67108882, 5, 0, 0, 0, 0, 0, 271076368, 2, 100686710, 0, 100686604, 0, 0, 0, 0, 0, 1, 0, 0, 0, 0, 1, 640, 2097160, 0, 0, 0, 0, 101, 0, 0, 0, 0, 0, 33554784, 0, 137217, 872415275, 0, 536870932, 1044, 0, '0');

INSERT INTO weenie_class (`weenieClassId`, `baseAceObjectId`)
VALUES (30258, 30258);

INSERT INTO `base_ace_object` (`baseAceObjectId`, `name`, `typeId`, `paletteId`, `ammoType`, `blipColor`, `bitField`, `burden`, `combatUse`, `cooldownDuration`, `cooldownId`, `effects`, `containersCapacity`, `header`, `hookTypeId`, `iconId`, `iconOverlayId`, `iconUnderlayId`, `hookItemTypes`, `itemsCapacity`, `location`, `materialType`, `maxStackSize`, `maxStructure`, `radar`, `pscript`, `spellId`, `stackSize`, `structure`, `targetTypeId`, `usability`, `useRadius`, `validLocations`, `value`, `workmanship`, `animationFrameId`, `defaultScript`, `defaultScriptIntensity`, `elasticity`, `friction`, `locationId`, `modelTableId`, `objectScale`, `physicsBitField`, `physicsTableId`, `motionTableId`, `soundTableId`, `physicsState`, `translucency`, `currentMotionState`)
VALUES (5903, 'Gelidite Treasure Key', 16384, 0, 0, 0, 18, 25, 0, 0, 0, 0, 0, 2640920, 0, 100668441, 0, 0, 0, 0, 0, 0, 0, 1, 0, 0, 0, 0, 1, 640, 2097160, 0, 0, 20, 0, 101, 0, 0, 0, 0, 0, 33554784, 0, 135169, 872415275, 0, 0, 1044, 0, '0');

INSERT INTO weenie_class (`weenieClassId`, `baseAceObjectId`)
VALUES (5903, 5903);

INSERT INTO `base_ace_object` (`baseAceObjectId`, `name`, `typeId`, `paletteId`, `ammoType`, `blipColor`, `bitField`, `burden`, `combatUse`, `cooldownDuration`, `cooldownId`, `effects`, `containersCapacity`, `header`, `hookTypeId`, `iconId`, `iconOverlayId`, `iconUnderlayId`, `hookItemTypes`, `itemsCapacity`, `location`, `materialType`, `maxStackSize`, `maxStructure`, `radar`, `pscript`, `spellId`, `stackSize`, `structure`, `targetTypeId`, `usability`, `useRadius`, `validLocations`, `value`, `workmanship`, `animationFrameId`, `defaultScript`, `defaultScriptIntensity`, `elasticity`, `friction`, `locationId`, `modelTableId`, `objectScale`, `physicsBitField`, `physicsTableId`, `motionTableId`, `soundTableId`, `physicsState`, `translucency`, `currentMotionState`)
VALUES (23095, 'Marble Key', 16384, 0, 0, 0, 18, 10, 0, 0, 0, 0, 0, 2624528, 0, 100673960, 0, 0, 0, 0, 0, 0, 0, 1, 0, 0, 0, 0, 1, 640, 2097160, 0, 0, 0, 0, 101, 0, 0, 0, 0, 0, 33554784, 0, 169985, 872415275, 0, 536870932, 1044, 0, '0');

INSERT INTO weenie_class (`weenieClassId`, `baseAceObjectId`)
VALUES (23095, 23095);

INSERT INTO `base_ace_object` (`baseAceObjectId`, `name`, `typeId`, `paletteId`, `ammoType`, `blipColor`, `bitField`, `burden`, `combatUse`, `cooldownDuration`, `cooldownId`, `effects`, `containersCapacity`, `header`, `hookTypeId`, `iconId`, `iconOverlayId`, `iconUnderlayId`, `hookItemTypes`, `itemsCapacity`, `location`, `materialType`, `maxStackSize`, `maxStructure`, `radar`, `pscript`, `spellId`, `stackSize`, `structure`, `targetTypeId`, `usability`, `useRadius`, `validLocations`, `value`, `workmanship`, `animationFrameId`, `defaultScript`, `defaultScriptIntensity`, `elasticity`, `friction`, `locationId`, `modelTableId`, `objectScale`, `physicsBitField`, `physicsTableId`, `motionTableId`, `soundTableId`, `physicsState`, `translucency`, `currentMotionState`)
VALUES (34448, 'Colosseum Vault Key', 16384, 0, 0, 0, 18, 50, 0, 0, 0, 0, 0, 2640920, 0, 100689384, 0, 0, 0, 0, 0, 0, 0, 1, 0, 0, 0, 0, 1, 640, 2097160, 0, 0, 30, 0, 101, 0, 0, 0, 0, 0, 33554784, 0, 135169, 872415275, 0, 0, 1044, 0, '0');

INSERT INTO weenie_class (`weenieClassId`, `baseAceObjectId`)
VALUES (34448, 34448);

INSERT INTO `base_ace_object` (`baseAceObjectId`, `name`, `typeId`, `paletteId`, `ammoType`, `blipColor`, `bitField`, `burden`, `combatUse`, `cooldownDuration`, `cooldownId`, `effects`, `containersCapacity`, `header`, `hookTypeId`, `iconId`, `iconOverlayId`, `iconUnderlayId`, `hookItemTypes`, `itemsCapacity`, `location`, `materialType`, `maxStackSize`, `maxStructure`, `radar`, `pscript`, `spellId`, `stackSize`, `structure`, `targetTypeId`, `usability`, `useRadius`, `validLocations`, `value`, `workmanship`, `animationFrameId`, `defaultScript`, `defaultScriptIntensity`, `elasticity`, `friction`, `locationId`, `modelTableId`, `objectScale`, `physicsBitField`, `physicsTableId`, `motionTableId`, `soundTableId`, `physicsState`, `translucency`, `currentMotionState`)
VALUES (38992, 'Grand Casino Key', 16384, 0, 0, 0, 18, 500, 0, 0, 0, 0, 0, 2640912, 0, 100671519, 0, 0, 0, 0, 0, 0, 0, 1, 0, 0, 0, 0, 1, 640, 2097160, 0, 0, 0, 0, 101, 0, 0, 0, 0, 0, 33557005, 3, 137345, 872415275, 0, 536870932, 1044, 0, '0');

INSERT INTO weenie_class (`weenieClassId`, `baseAceObjectId`)
VALUES (38992, 38992);

INSERT INTO `base_ace_object` (`baseAceObjectId`, `name`, `typeId`, `paletteId`, `ammoType`, `blipColor`, `bitField`, `burden`, `combatUse`, `cooldownDuration`, `cooldownId`, `effects`, `containersCapacity`, `header`, `hookTypeId`, `iconId`, `iconOverlayId`, `iconUnderlayId`, `hookItemTypes`, `itemsCapacity`, `location`, `materialType`, `maxStackSize`, `maxStructure`, `radar`, `pscript`, `spellId`, `stackSize`, `structure`, `targetTypeId`, `usability`, `useRadius`, `validLocations`, `value`, `workmanship`, `animationFrameId`, `defaultScript`, `defaultScriptIntensity`, `elasticity`, `friction`, `locationId`, `modelTableId`, `objectScale`, `physicsBitField`, `physicsTableId`, `motionTableId`, `soundTableId`, `physicsState`, `translucency`, `currentMotionState`)
VALUES (25566, 'Bone Key', 16384, 0, 0, 0, 18, 100, 0, 0, 0, 0, 0, 2640912, 0, 100674912, 0, 0, 0, 0, 0, 0, 0, 1, 0, 0, 0, 0, 1, 640, 2097160, 0, 0, 0, 0, 101, 0, 0, 0, 0, 0, 33554784, 0, 137217, 872415275, 0, 536870932, 1044, 0, '0');

INSERT INTO weenie_class (`weenieClassId`, `baseAceObjectId`)
VALUES (25566, 25566);

INSERT INTO `base_ace_object` (`baseAceObjectId`, `name`, `typeId`, `paletteId`, `ammoType`, `blipColor`, `bitField`, `burden`, `combatUse`, `cooldownDuration`, `cooldownId`, `effects`, `containersCapacity`, `header`, `hookTypeId`, `iconId`, `iconOverlayId`, `iconUnderlayId`, `hookItemTypes`, `itemsCapacity`, `location`, `materialType`, `maxStackSize`, `maxStructure`, `radar`, `pscript`, `spellId`, `stackSize`, `structure`, `targetTypeId`, `usability`, `useRadius`, `validLocations`, `value`, `workmanship`, `animationFrameId`, `defaultScript`, `defaultScriptIntensity`, `elasticity`, `friction`, `locationId`, `modelTableId`, `objectScale`, `physicsBitField`, `physicsTableId`, `motionTableId`, `soundTableId`, `physicsState`, `translucency`, `currentMotionState`)
VALUES (38919, 'Fortified Mana Forge Key', 16384, 0, 0, 0, 18, 30, 0, 0, 0, 64, 0, 2641048, 0, 100686710, 0, 0, 0, 0, 0, 0, 0, 4, 0, 0, 0, 0, 4, 640, 2097160, 0, 0, 40000, 0, 101, 0, 0, 0, 0, 0, 33554784, 0, 137217, 872415275, 0, 536870932, 1044, 0, '0');

INSERT INTO weenie_class (`weenieClassId`, `baseAceObjectId`)
VALUES (38919, 38919);

INSERT INTO `base_ace_object` (`baseAceObjectId`, `name`, `typeId`, `paletteId`, `ammoType`, `blipColor`, `bitField`, `burden`, `combatUse`, `cooldownDuration`, `cooldownId`, `effects`, `containersCapacity`, `header`, `hookTypeId`, `iconId`, `iconOverlayId`, `iconUnderlayId`, `hookItemTypes`, `itemsCapacity`, `location`, `materialType`, `maxStackSize`, `maxStructure`, `radar`, `pscript`, `spellId`, `stackSize`, `structure`, `targetTypeId`, `usability`, `useRadius`, `validLocations`, `value`, `workmanship`, `animationFrameId`, `defaultScript`, `defaultScriptIntensity`, `elasticity`, `friction`, `locationId`, `modelTableId`, `objectScale`, `physicsBitField`, `physicsTableId`, `motionTableId`, `soundTableId`, `physicsState`, `translucency`, `currentMotionState`)
VALUES (39287, 'Golden Key', 16384, 0, 0, 0, 18, 500, 0, 0, 0, 0, 0, 2640912, 0, 100671519, 0, 0, 0, 0, 0, 0, 0, 2, 0, 0, 0, 0, 2, 640, 2097160, 0, 0, 0, 0, 101, 0, 0, 0, 0, 0, 33557005, 3, 137345, 872415275, 0, 536870932, 1044, 0, '0');

INSERT INTO weenie_class (`weenieClassId`, `baseAceObjectId`)
VALUES (39287, 39287);

INSERT INTO `base_ace_object` (`baseAceObjectId`, `name`, `typeId`, `paletteId`, `ammoType`, `blipColor`, `bitField`, `burden`, `combatUse`, `cooldownDuration`, `cooldownId`, `effects`, `containersCapacity`, `header`, `hookTypeId`, `iconId`, `iconOverlayId`, `iconUnderlayId`, `hookItemTypes`, `itemsCapacity`, `location`, `materialType`, `maxStackSize`, `maxStructure`, `radar`, `pscript`, `spellId`, `stackSize`, `structure`, `targetTypeId`, `usability`, `useRadius`, `validLocations`, `value`, `workmanship`, `animationFrameId`, `defaultScript`, `defaultScriptIntensity`, `elasticity`, `friction`, `locationId`, `modelTableId`, `objectScale`, `physicsBitField`, `physicsTableId`, `motionTableId`, `soundTableId`, `physicsState`, `translucency`, `currentMotionState`)
VALUES (1267, 'Key', 16384, 0, 0, 0, 18, 50, 0, 0, 0, 0, 0, 2640920, 0, 100667485, 0, 0, 0, 0, 0, 0, 0, 10, 0, 0, 0, 0, 9, 640, 2097160, 0, 0, 90, 0, 101, 0, 0, 0, 0, 0, 33554784, 0, 137217, 872415275, 0, 536870932, 1044, 0, '0');

INSERT INTO weenie_class (`weenieClassId`, `baseAceObjectId`)
VALUES (1267, 1267);

INSERT INTO `base_ace_object` (`baseAceObjectId`, `name`, `typeId`, `paletteId`, `ammoType`, `blipColor`, `bitField`, `burden`, `combatUse`, `cooldownDuration`, `cooldownId`, `effects`, `containersCapacity`, `header`, `hookTypeId`, `iconId`, `iconOverlayId`, `iconUnderlayId`, `hookItemTypes`, `itemsCapacity`, `location`, `materialType`, `maxStackSize`, `maxStructure`, `radar`, `pscript`, `spellId`, `stackSize`, `structure`, `targetTypeId`, `usability`, `useRadius`, `validLocations`, `value`, `workmanship`, `animationFrameId`, `defaultScript`, `defaultScriptIntensity`, `elasticity`, `friction`, `locationId`, `modelTableId`, `objectScale`, `physicsBitField`, `physicsTableId`, `motionTableId`, `soundTableId`, `physicsState`, `translucency`, `currentMotionState`)
VALUES (1266, 'Key', 16384, 0, 0, 0, 18, 50, 0, 0, 0, 0, 0, 2640920, 0, 100668438, 0, 0, 0, 0, 0, 0, 0, 10, 0, 0, 0, 0, 9, 640, 2097160, 0, 0, 90, 0, 101, 0, 0, 0, 0, 0, 33554784, 0, 137217, 872415275, 0, 536870932, 1044, 0, '0');

INSERT INTO weenie_class (`weenieClassId`, `baseAceObjectId`)
VALUES (1266, 1266);

INSERT INTO `base_ace_object` (`baseAceObjectId`, `name`, `typeId`, `paletteId`, `ammoType`, `blipColor`, `bitField`, `burden`, `combatUse`, `cooldownDuration`, `cooldownId`, `effects`, `containersCapacity`, `header`, `hookTypeId`, `iconId`, `iconOverlayId`, `iconUnderlayId`, `hookItemTypes`, `itemsCapacity`, `location`, `materialType`, `maxStackSize`, `maxStructure`, `radar`, `pscript`, `spellId`, `stackSize`, `structure`, `targetTypeId`, `usability`, `useRadius`, `validLocations`, `value`, `workmanship`, `animationFrameId`, `defaultScript`, `defaultScriptIntensity`, `elasticity`, `friction`, `locationId`, `modelTableId`, `objectScale`, `physicsBitField`, `physicsTableId`, `motionTableId`, `soundTableId`, `physicsState`, `translucency`, `currentMotionState`)
VALUES (1265, 'Key', 16384, 0, 0, 0, 18, 50, 0, 0, 0, 0, 0, 2640920, 0, 100668437, 0, 0, 0, 0, 0, 0, 0, 5, 0, 0, 0, 0, 1, 640, 2097160, 0, 0, 20, 0, 101, 0, 0, 0, 0, 0, 33554784, 0, 137217, 872415275, 0, 536870932, 1044, 0, '0');

INSERT INTO weenie_class (`weenieClassId`, `baseAceObjectId`)
VALUES (1265, 1265);

INSERT INTO `base_ace_object` (`baseAceObjectId`, `name`, `typeId`, `paletteId`, `ammoType`, `blipColor`, `bitField`, `burden`, `combatUse`, `cooldownDuration`, `cooldownId`, `effects`, `containersCapacity`, `header`, `hookTypeId`, `iconId`, `iconOverlayId`, `iconUnderlayId`, `hookItemTypes`, `itemsCapacity`, `location`, `materialType`, `maxStackSize`, `maxStructure`, `radar`, `pscript`, `spellId`, `stackSize`, `structure`, `targetTypeId`, `usability`, `useRadius`, `validLocations`, `value`, `workmanship`, `animationFrameId`, `defaultScript`, `defaultScriptIntensity`, `elasticity`, `friction`, `locationId`, `modelTableId`, `objectScale`, `physicsBitField`, `physicsTableId`, `motionTableId`, `soundTableId`, `physicsState`, `translucency`, `currentMotionState`)
VALUES (1263, 'Key', 16384, 0, 0, 0, 18, 50, 0, 0, 0, 0, 0, 2640920, 0, 100668437, 0, 0, 0, 0, 0, 0, 0, 1, 0, 0, 0, 0, 1, 640, 2097160, 0, 0, 100, 0, 101, 0, 0, 0, 0, 0, 33554784, 0, 137217, 872415275, 0, 536870932, 1044, 0, '0');

INSERT INTO weenie_class (`weenieClassId`, `baseAceObjectId`)
VALUES (1263, 1263);

INSERT INTO `base_ace_object` (`baseAceObjectId`, `name`, `typeId`, `paletteId`, `ammoType`, `blipColor`, `bitField`, `burden`, `combatUse`, `cooldownDuration`, `cooldownId`, `effects`, `containersCapacity`, `header`, `hookTypeId`, `iconId`, `iconOverlayId`, `iconUnderlayId`, `hookItemTypes`, `itemsCapacity`, `location`, `materialType`, `maxStackSize`, `maxStructure`, `radar`, `pscript`, `spellId`, `stackSize`, `structure`, `targetTypeId`, `usability`, `useRadius`, `validLocations`, `value`, `workmanship`, `animationFrameId`, `defaultScript`, `defaultScriptIntensity`, `elasticity`, `friction`, `locationId`, `modelTableId`, `objectScale`, `physicsBitField`, `physicsTableId`, `motionTableId`, `soundTableId`, `physicsState`, `translucency`, `currentMotionState`)
VALUES (1268, 'Key', 16384, 0, 0, 0, 18, 50, 0, 0, 0, 0, 0, 2640920, 0, 100667485, 0, 0, 0, 0, 0, 0, 0, 10, 0, 0, 0, 0, 9, 640, 2097160, 0, 0, 90, 0, 101, 0, 0, 0, 0, 0, 33554784, 0, 137217, 872415275, 0, 536870932, 1044, 0, '0');

INSERT INTO weenie_class (`weenieClassId`, `baseAceObjectId`)
VALUES (1268, 1268);

INSERT INTO `base_ace_object` (`baseAceObjectId`, `name`, `typeId`, `paletteId`, `ammoType`, `blipColor`, `bitField`, `burden`, `combatUse`, `cooldownDuration`, `cooldownId`, `effects`, `containersCapacity`, `header`, `hookTypeId`, `iconId`, `iconOverlayId`, `iconUnderlayId`, `hookItemTypes`, `itemsCapacity`, `location`, `materialType`, `maxStackSize`, `maxStructure`, `radar`, `pscript`, `spellId`, `stackSize`, `structure`, `targetTypeId`, `usability`, `useRadius`, `validLocations`, `value`, `workmanship`, `animationFrameId`, `defaultScript`, `defaultScriptIntensity`, `elasticity`, `friction`, `locationId`, `modelTableId`, `objectScale`, `physicsBitField`, `physicsTableId`, `motionTableId`, `soundTableId`, `physicsState`, `translucency`, `currentMotionState`)
VALUES (2244, 'Dryreach Key', 16384, 0, 0, 0, 18, 50, 0, 0, 0, 0, 0, 2640920, 0, 100667486, 0, 0, 0, 0, 0, 0, 0, 3, 0, 0, 0, 0, 1, 640, 2097160, 0, 0, 16, 0, 101, 0, 0, 0, 0, 0, 33554784, 0, 137217, 872415275, 0, 536870932, 1044, 0, '0');

INSERT INTO weenie_class (`weenieClassId`, `baseAceObjectId`)
VALUES (2244, 2244);

INSERT INTO `base_ace_object` (`baseAceObjectId`, `name`, `typeId`, `paletteId`, `ammoType`, `blipColor`, `bitField`, `burden`, `combatUse`, `cooldownDuration`, `cooldownId`, `effects`, `containersCapacity`, `header`, `hookTypeId`, `iconId`, `iconOverlayId`, `iconUnderlayId`, `hookItemTypes`, `itemsCapacity`, `location`, `materialType`, `maxStackSize`, `maxStructure`, `radar`, `pscript`, `spellId`, `stackSize`, `structure`, `targetTypeId`, `usability`, `useRadius`, `validLocations`, `value`, `workmanship`, `animationFrameId`, `defaultScript`, `defaultScriptIntensity`, `elasticity`, `friction`, `locationId`, `modelTableId`, `objectScale`, `physicsBitField`, `physicsTableId`, `motionTableId`, `soundTableId`, `physicsState`, `translucency`, `currentMotionState`)
VALUES (44425, 'Door Key', 16384, 0, 0, 0, 18, 50, 0, 0, 0, 0, 0, 2640920, 0, 100667486, 0, 0, 0, 0, 0, 0, 0, 3, 0, 0, 0, 0, 3, 640, 2097160, 0, 0, 50, 0, 101, 0, 0, 0, 0, 0, 33554784, 0, 137217, 872415275, 0, 536870932, 1044, 0, '0');

INSERT INTO weenie_class (`weenieClassId`, `baseAceObjectId`)
VALUES (44425, 44425);

INSERT INTO `base_ace_object` (`baseAceObjectId`, `name`, `typeId`, `paletteId`, `ammoType`, `blipColor`, `bitField`, `burden`, `combatUse`, `cooldownDuration`, `cooldownId`, `effects`, `containersCapacity`, `header`, `hookTypeId`, `iconId`, `iconOverlayId`, `iconUnderlayId`, `hookItemTypes`, `itemsCapacity`, `location`, `materialType`, `maxStackSize`, `maxStructure`, `radar`, `pscript`, `spellId`, `stackSize`, `structure`, `targetTypeId`, `usability`, `useRadius`, `validLocations`, `value`, `workmanship`, `animationFrameId`, `defaultScript`, `defaultScriptIntensity`, `elasticity`, `friction`, `locationId`, `modelTableId`, `objectScale`, `physicsBitField`, `physicsTableId`, `motionTableId`, `soundTableId`, `physicsState`, `translucency`, `currentMotionState`)
VALUES (28772, 'Torture Chamber Key', 16384, 0, 0, 0, 18, 50, 0, 0, 0, 0, 0, 271076368, 2, 100686382, 0, 0, 0, 0, 0, 0, 0, 3, 0, 0, 0, 0, 3, 640, 2097160, 0, 0, 0, 0, 0, 0, 0, 0, 0, 0, 33559158, 0, 6145, 872415275, 0, 536870932, 1044, 0, '0');

INSERT INTO weenie_class (`weenieClassId`, `baseAceObjectId`)
VALUES (28772, 28772);

INSERT INTO `base_ace_object` (`baseAceObjectId`, `name`, `typeId`, `paletteId`, `ammoType`, `blipColor`, `bitField`, `burden`, `combatUse`, `cooldownDuration`, `cooldownId`, `effects`, `containersCapacity`, `header`, `hookTypeId`, `iconId`, `iconOverlayId`, `iconUnderlayId`, `hookItemTypes`, `itemsCapacity`, `location`, `materialType`, `maxStackSize`, `maxStructure`, `radar`, `pscript`, `spellId`, `stackSize`, `structure`, `targetTypeId`, `usability`, `useRadius`, `validLocations`, `value`, `workmanship`, `animationFrameId`, `defaultScript`, `defaultScriptIntensity`, `elasticity`, `friction`, `locationId`, `modelTableId`, `objectScale`, `physicsBitField`, `physicsTableId`, `motionTableId`, `soundTableId`, `physicsState`, `translucency`, `currentMotionState`)
VALUES (5022, 'Key', 16384, 0, 0, 0, 18, 50, 0, 0, 0, 0, 0, 2640920, 0, 100667485, 0, 0, 0, 0, 0, 0, 0, 10, 0, 0, 0, 0, 10, 640, 2097160, 0, 0, 20, 0, 101, 0, 0, 0, 0, 0, 33554784, 0, 137217, 872415275, 0, 536870932, 1044, 0, '0');

INSERT INTO weenie_class (`weenieClassId`, `baseAceObjectId`)
VALUES (5022, 5022);

INSERT INTO `base_ace_object` (`baseAceObjectId`, `name`, `typeId`, `paletteId`, `ammoType`, `blipColor`, `bitField`, `burden`, `combatUse`, `cooldownDuration`, `cooldownId`, `effects`, `containersCapacity`, `header`, `hookTypeId`, `iconId`, `iconOverlayId`, `iconUnderlayId`, `hookItemTypes`, `itemsCapacity`, `location`, `materialType`, `maxStackSize`, `maxStructure`, `radar`, `pscript`, `spellId`, `stackSize`, `structure`, `targetTypeId`, `usability`, `useRadius`, `validLocations`, `value`, `workmanship`, `animationFrameId`, `defaultScript`, `defaultScriptIntensity`, `elasticity`, `friction`, `locationId`, `modelTableId`, `objectScale`, `physicsBitField`, `physicsTableId`, `motionTableId`, `soundTableId`, `physicsState`, `translucency`, `currentMotionState`)
VALUES (1247, 'Key', 16384, 0, 0, 0, 18, 50, 0, 0, 0, 0, 0, 2640920, 0, 100668441, 0, 0, 0, 0, 0, 0, 0, 5, 0, 0, 0, 0, 5, 640, 2097160, 0, 0, 100, 0, 101, 0, 0, 0, 0, 0, 33554784, 0, 137217, 872415275, 0, 536870932, 1044, 0, '0');

INSERT INTO weenie_class (`weenieClassId`, `baseAceObjectId`)
VALUES (1247, 1247);

INSERT INTO `base_ace_object` (`baseAceObjectId`, `name`, `typeId`, `paletteId`, `ammoType`, `blipColor`, `bitField`, `burden`, `combatUse`, `cooldownDuration`, `cooldownId`, `effects`, `containersCapacity`, `header`, `hookTypeId`, `iconId`, `iconOverlayId`, `iconUnderlayId`, `hookItemTypes`, `itemsCapacity`, `location`, `materialType`, `maxStackSize`, `maxStructure`, `radar`, `pscript`, `spellId`, `stackSize`, `structure`, `targetTypeId`, `usability`, `useRadius`, `validLocations`, `value`, `workmanship`, `animationFrameId`, `defaultScript`, `defaultScriptIntensity`, `elasticity`, `friction`, `locationId`, `modelTableId`, `objectScale`, `physicsBitField`, `physicsTableId`, `motionTableId`, `soundTableId`, `physicsState`, `translucency`, `currentMotionState`)
VALUES (5614, 'Golden Key', 16384, 0, 0, 0, 18, 50, 0, 0, 0, 0, 0, 2640920, 0, 100667483, 0, 0, 0, 0, 0, 0, 0, 3, 0, 0, 0, 0, 3, 640, 2097160, 0, 0, 100, 0, 101, 0, 0, 0, 0, 0, 33554784, 0, 137217, 872415275, 0, 536870932, 1044, 0, '0');

INSERT INTO weenie_class (`weenieClassId`, `baseAceObjectId`)
VALUES (5614, 5614);

INSERT INTO `base_ace_object` (`baseAceObjectId`, `name`, `typeId`, `paletteId`, `ammoType`, `blipColor`, `bitField`, `burden`, `combatUse`, `cooldownDuration`, `cooldownId`, `effects`, `containersCapacity`, `header`, `hookTypeId`, `iconId`, `iconOverlayId`, `iconUnderlayId`, `hookItemTypes`, `itemsCapacity`, `location`, `materialType`, `maxStackSize`, `maxStructure`, `radar`, `pscript`, `spellId`, `stackSize`, `structure`, `targetTypeId`, `usability`, `useRadius`, `validLocations`, `value`, `workmanship`, `animationFrameId`, `defaultScript`, `defaultScriptIntensity`, `elasticity`, `friction`, `locationId`, `modelTableId`, `objectScale`, `physicsBitField`, `physicsTableId`, `motionTableId`, `soundTableId`, `physicsState`, `translucency`, `currentMotionState`)
VALUES (8905, 'Le-Ai Rea''s Key', 16384, 0, 0, 0, 18, 10, 0, 0, 0, 16, 0, 2641048, 0, 100668437, 0, 0, 0, 0, 0, 0, 0, 1, 0, 0, 0, 0, 1, 640, 2097160, 0, 0, 100, 0, 101, 0, 0, 0, 0, 0, 33554784, 0, 137217, 872415275, 0, 536870932, 1044, 0, '0');

INSERT INTO weenie_class (`weenieClassId`, `baseAceObjectId`)
VALUES (8905, 8905);

INSERT INTO `base_ace_object` (`baseAceObjectId`, `name`, `typeId`, `paletteId`, `ammoType`, `blipColor`, `bitField`, `burden`, `combatUse`, `cooldownDuration`, `cooldownId`, `effects`, `containersCapacity`, `header`, `hookTypeId`, `iconId`, `iconOverlayId`, `iconUnderlayId`, `hookItemTypes`, `itemsCapacity`, `location`, `materialType`, `maxStackSize`, `maxStructure`, `radar`, `pscript`, `spellId`, `stackSize`, `structure`, `targetTypeId`, `usability`, `useRadius`, `validLocations`, `value`, `workmanship`, `animationFrameId`, `defaultScript`, `defaultScriptIntensity`, `elasticity`, `friction`, `locationId`, `modelTableId`, `objectScale`, `physicsBitField`, `physicsTableId`, `motionTableId`, `soundTableId`, `physicsState`, `translucency`, `currentMotionState`)
VALUES (27294, 'Depraved Key', 16384, 0, 0, 0, 18, 100, 0, 0, 0, 0, 0, 2624528, 0, 100675676, 0, 0, 0, 0, 0, 0, 0, 1, 0, 0, 0, 0, 1, 640, 2097160, 0, 0, 0, 0, 101, 0, 0, 0, 0, 0, 33554784, 0, 169985, 872415275, 0, 536870932, 1044, 0, '0');

INSERT INTO weenie_class (`weenieClassId`, `baseAceObjectId`)
VALUES (27294, 27294);

INSERT INTO `base_ace_object` (`baseAceObjectId`, `name`, `typeId`, `paletteId`, `ammoType`, `blipColor`, `bitField`, `burden`, `combatUse`, `cooldownDuration`, `cooldownId`, `effects`, `containersCapacity`, `header`, `hookTypeId`, `iconId`, `iconOverlayId`, `iconUnderlayId`, `hookItemTypes`, `itemsCapacity`, `location`, `materialType`, `maxStackSize`, `maxStructure`, `radar`, `pscript`, `spellId`, `stackSize`, `structure`, `targetTypeId`, `usability`, `useRadius`, `validLocations`, `value`, `workmanship`, `animationFrameId`, `defaultScript`, `defaultScriptIntensity`, `elasticity`, `friction`, `locationId`, `modelTableId`, `objectScale`, `physicsBitField`, `physicsTableId`, `motionTableId`, `soundTableId`, `physicsState`, `translucency`, `currentMotionState`)
VALUES (27296, 'Wretched Key', 16384, 0, 0, 0, 18, 100, 0, 0, 0, 0, 0, 2624528, 0, 100675676, 0, 0, 0, 0, 0, 0, 0, 1, 0, 0, 0, 0, 1, 640, 2097160, 0, 0, 0, 0, 101, 0, 0, 0, 0, 0, 33554784, 0, 169985, 872415275, 0, 536870932, 1044, 0, '0');

INSERT INTO weenie_class (`weenieClassId`, `baseAceObjectId`)
VALUES (27296, 27296);

INSERT INTO `base_ace_object` (`baseAceObjectId`, `name`, `typeId`, `paletteId`, `ammoType`, `blipColor`, `bitField`, `burden`, `combatUse`, `cooldownDuration`, `cooldownId`, `effects`, `containersCapacity`, `header`, `hookTypeId`, `iconId`, `iconOverlayId`, `iconUnderlayId`, `hookItemTypes`, `itemsCapacity`, `location`, `materialType`, `maxStackSize`, `maxStructure`, `radar`, `pscript`, `spellId`, `stackSize`, `structure`, `targetTypeId`, `usability`, `useRadius`, `validLocations`, `value`, `workmanship`, `animationFrameId`, `defaultScript`, `defaultScriptIntensity`, `elasticity`, `friction`, `locationId`, `modelTableId`, `objectScale`, `physicsBitField`, `physicsTableId`, `motionTableId`, `soundTableId`, `physicsState`, `translucency`, `currentMotionState`)
VALUES (37620, 'Grand Casino Golden Keyring', 16384, 0, 0, 0, 67108882, 5, 0, 0, 0, 0, 0, 2640912, 0, 100686707, 0, 100686604, 0, 0, 0, 0, 0, 25, 0, 0, 0, 0, 19, 640, 2097160, 0, 0, 0, 0, 101, 0, 0, 0, 0, 0, 33557005, 0, 137217, 872415275, 0, 536870932, 1044, 0, '0');

INSERT INTO weenie_class (`weenieClassId`, `baseAceObjectId`)
VALUES (37620, 37620);

INSERT INTO `base_ace_object` (`baseAceObjectId`, `name`, `typeId`, `paletteId`, `ammoType`, `blipColor`, `bitField`, `burden`, `combatUse`, `cooldownDuration`, `cooldownId`, `effects`, `containersCapacity`, `header`, `hookTypeId`, `iconId`, `iconOverlayId`, `iconUnderlayId`, `hookItemTypes`, `itemsCapacity`, `location`, `materialType`, `maxStackSize`, `maxStructure`, `radar`, `pscript`, `spellId`, `stackSize`, `structure`, `targetTypeId`, `usability`, `useRadius`, `validLocations`, `value`, `workmanship`, `animationFrameId`, `defaultScript`, `defaultScriptIntensity`, `elasticity`, `friction`, `locationId`, `modelTableId`, `objectScale`, `physicsBitField`, `physicsTableId`, `motionTableId`, `soundTableId`, `physicsState`, `translucency`, `currentMotionState`)
VALUES (37621, 'Grand Casino Golden Keyring', 16384, 0, 0, 0, 67108882, 5, 0, 0, 0, 0, 0, 2640912, 0, 100686707, 0, 100686604, 0, 0, 0, 0, 0, 25, 0, 0, 0, 0, 25, 640, 2097160, 0, 0, 0, 0, 101, 0, 0, 0, 0, 0, 33557005, 0, 137217, 872415275, 0, 536870932, 1044, 0, '0');

INSERT INTO weenie_class (`weenieClassId`, `baseAceObjectId`)
VALUES (37621, 37621);

INSERT INTO `base_ace_object` (`baseAceObjectId`, `name`, `typeId`, `paletteId`, `ammoType`, `blipColor`, `bitField`, `burden`, `combatUse`, `cooldownDuration`, `cooldownId`, `effects`, `containersCapacity`, `header`, `hookTypeId`, `iconId`, `iconOverlayId`, `iconUnderlayId`, `hookItemTypes`, `itemsCapacity`, `location`, `materialType`, `maxStackSize`, `maxStructure`, `radar`, `pscript`, `spellId`, `stackSize`, `structure`, `targetTypeId`, `usability`, `useRadius`, `validLocations`, `value`, `workmanship`, `animationFrameId`, `defaultScript`, `defaultScriptIntensity`, `elasticity`, `friction`, `locationId`, `modelTableId`, `objectScale`, `physicsBitField`, `physicsTableId`, `motionTableId`, `soundTableId`, `physicsState`, `translucency`, `currentMotionState`)
VALUES (37622, 'Grand Casino Golden Keyring', 16384, 0, 0, 0, 67108882, 5, 0, 0, 0, 0, 0, 2640912, 0, 100686707, 0, 100686604, 0, 0, 0, 0, 0, 25, 0, 0, 0, 0, 25, 640, 2097160, 0, 0, 0, 0, 101, 0, 0, 0, 0, 0, 33557005, 0, 137217, 872415275, 0, 536870932, 1044, 0, '0');

INSERT INTO weenie_class (`weenieClassId`, `baseAceObjectId`)
VALUES (37622, 37622);

INSERT INTO `base_ace_object` (`baseAceObjectId`, `name`, `typeId`, `paletteId`, `ammoType`, `blipColor`, `bitField`, `burden`, `combatUse`, `cooldownDuration`, `cooldownId`, `effects`, `containersCapacity`, `header`, `hookTypeId`, `iconId`, `iconOverlayId`, `iconUnderlayId`, `hookItemTypes`, `itemsCapacity`, `location`, `materialType`, `maxStackSize`, `maxStructure`, `radar`, `pscript`, `spellId`, `stackSize`, `structure`, `targetTypeId`, `usability`, `useRadius`, `validLocations`, `value`, `workmanship`, `animationFrameId`, `defaultScript`, `defaultScriptIntensity`, `elasticity`, `friction`, `locationId`, `modelTableId`, `objectScale`, `physicsBitField`, `physicsTableId`, `motionTableId`, `soundTableId`, `physicsState`, `translucency`, `currentMotionState`)
VALUES (9289, 'Directive Key', 16384, 67111346, 0, 0, 18, 50, 0, 0, 0, 0, 0, 271076368, 2, 100671457, 0, 0, 0, 0, 0, 0, 0, 1, 0, 0, 0, 0, 1, 640, 2097160, 0, 0, 0, 0, 101, 0, 0, 0, 0, 0, 33557000, 0, 137217, 872415275, 0, 536870932, 1044, 0, '0');

INSERT INTO weenie_class (`weenieClassId`, `baseAceObjectId`)
VALUES (9289, 9289);

INSERT INTO `weenie_palette_changes` (`weenieClassId`, `subPaletteId`, `offset`, `length`)
VALUES (9289, 67113155, 0, 0);

INSERT INTO `weenie_animation_changes` (`weenieClassId`, `index`, `animationId`)
VALUES (9289, 9, 16785620);

INSERT INTO `base_ace_object` (`baseAceObjectId`, `name`, `typeId`, `paletteId`, `ammoType`, `blipColor`, `bitField`, `burden`, `combatUse`, `cooldownDuration`, `cooldownId`, `effects`, `containersCapacity`, `header`, `hookTypeId`, `iconId`, `iconOverlayId`, `iconUnderlayId`, `hookItemTypes`, `itemsCapacity`, `location`, `materialType`, `maxStackSize`, `maxStructure`, `radar`, `pscript`, `spellId`, `stackSize`, `structure`, `targetTypeId`, `usability`, `useRadius`, `validLocations`, `value`, `workmanship`, `animationFrameId`, `defaultScript`, `defaultScriptIntensity`, `elasticity`, `friction`, `locationId`, `modelTableId`, `objectScale`, `physicsBitField`, `physicsTableId`, `motionTableId`, `soundTableId`, `physicsState`, `translucency`, `currentMotionState`)
VALUES (34961, 'Skeletal Falatacot Key', 16384, 0, 0, 0, 18, 30, 0, 0, 0, 0, 0, 2640912, 0, 100689406, 0, 0, 0, 0, 0, 0, 0, 1, 0, 0, 0, 0, 1, 640, 2097160, 0, 0, 0, 0, 101, 0, 0, 0, 0, 0, 33554784, 0, 137217, 872415275, 0, 536870932, 1044, 0, '0');

INSERT INTO weenie_class (`weenieClassId`, `baseAceObjectId`)
VALUES (34961, 34961);

INSERT INTO `base_ace_object` (`baseAceObjectId`, `name`, `typeId`, `paletteId`, `ammoType`, `blipColor`, `bitField`, `burden`, `combatUse`, `cooldownDuration`, `cooldownId`, `effects`, `containersCapacity`, `header`, `hookTypeId`, `iconId`, `iconOverlayId`, `iconUnderlayId`, `hookItemTypes`, `itemsCapacity`, `location`, `materialType`, `maxStackSize`, `maxStructure`, `radar`, `pscript`, `spellId`, `stackSize`, `structure`, `targetTypeId`, `usability`, `useRadius`, `validLocations`, `value`, `workmanship`, `animationFrameId`, `defaultScript`, `defaultScriptIntensity`, `elasticity`, `friction`, `locationId`, `modelTableId`, `objectScale`, `physicsBitField`, `physicsTableId`, `motionTableId`, `soundTableId`, `physicsState`, `translucency`, `currentMotionState`)
VALUES (9293, 'Master Key', 16384, 67111346, 0, 0, 18, 50, 0, 0, 0, 0, 0, 271076368, 2, 100671461, 0, 0, 0, 0, 0, 0, 0, 1, 0, 0, 0, 0, 1, 640, 2097160, 0, 0, 0, 0, 101, 0, 0, 0, 0, 0, 33557000, 0, 137217, 872415275, 0, 536870932, 1044, 0, '0');

INSERT INTO weenie_class (`weenieClassId`, `baseAceObjectId`)
VALUES (9293, 9293);

INSERT INTO `weenie_palette_changes` (`weenieClassId`, `subPaletteId`, `offset`, `length`)
VALUES (9293, 67113157, 0, 0);

INSERT INTO `weenie_animation_changes` (`weenieClassId`, `index`, `animationId`)
VALUES (9293, 9, 16785620);

INSERT INTO `base_ace_object` (`baseAceObjectId`, `name`, `typeId`, `paletteId`, `ammoType`, `blipColor`, `bitField`, `burden`, `combatUse`, `cooldownDuration`, `cooldownId`, `effects`, `containersCapacity`, `header`, `hookTypeId`, `iconId`, `iconOverlayId`, `iconUnderlayId`, `hookItemTypes`, `itemsCapacity`, `location`, `materialType`, `maxStackSize`, `maxStructure`, `radar`, `pscript`, `spellId`, `stackSize`, `structure`, `targetTypeId`, `usability`, `useRadius`, `validLocations`, `value`, `workmanship`, `animationFrameId`, `defaultScript`, `defaultScriptIntensity`, `elasticity`, `friction`, `locationId`, `modelTableId`, `objectScale`, `physicsBitField`, `physicsTableId`, `motionTableId`, `soundTableId`, `physicsState`, `translucency`, `currentMotionState`)
VALUES (33758, 'Shadow Vault Key', 16384, 0, 0, 0, 18, 20, 0, 0, 0, 0, 0, 2640912, 0, 100670979, 0, 0, 0, 0, 0, 0, 0, 1, 0, 0, 0, 0, 1, 640, 2097160, 0, 0, 0, 0, 101, 0, 0, 0, 0, 0, 33556743, 0, 137217, 872415275, 0, 536870932, 1044, 0, '0');

INSERT INTO weenie_class (`weenieClassId`, `baseAceObjectId`)
VALUES (33758, 33758);

INSERT INTO `base_ace_object` (`baseAceObjectId`, `name`, `typeId`, `paletteId`, `ammoType`, `blipColor`, `bitField`, `burden`, `combatUse`, `cooldownDuration`, `cooldownId`, `effects`, `containersCapacity`, `header`, `hookTypeId`, `iconId`, `iconOverlayId`, `iconUnderlayId`, `hookItemTypes`, `itemsCapacity`, `location`, `materialType`, `maxStackSize`, `maxStructure`, `radar`, `pscript`, `spellId`, `stackSize`, `structure`, `targetTypeId`, `usability`, `useRadius`, `validLocations`, `value`, `workmanship`, `animationFrameId`, `defaultScript`, `defaultScriptIntensity`, `elasticity`, `friction`, `locationId`, `modelTableId`, `objectScale`, `physicsBitField`, `physicsTableId`, `motionTableId`, `soundTableId`, `physicsState`, `translucency`, `currentMotionState`)
VALUES (33757, 'Shadow Chest Key', 16384, 0, 0, 0, 18, 20, 0, 0, 0, 0, 0, 2640912, 0, 100670979, 0, 0, 0, 0, 0, 0, 0, 1, 0, 0, 0, 0, 1, 640, 2097160, 0, 0, 0, 0, 101, 0, 0, 0, 0, 0, 33556743, 0, 137217, 872415275, 0, 536870932, 1044, 0, '0');

INSERT INTO weenie_class (`weenieClassId`, `baseAceObjectId`)
VALUES (33757, 33757);

INSERT INTO `base_ace_object` (`baseAceObjectId`, `name`, `typeId`, `paletteId`, `ammoType`, `blipColor`, `bitField`, `burden`, `combatUse`, `cooldownDuration`, `cooldownId`, `effects`, `containersCapacity`, `header`, `hookTypeId`, `iconId`, `iconOverlayId`, `iconUnderlayId`, `hookItemTypes`, `itemsCapacity`, `location`, `materialType`, `maxStackSize`, `maxStructure`, `radar`, `pscript`, `spellId`, `stackSize`, `structure`, `targetTypeId`, `usability`, `useRadius`, `validLocations`, `value`, `workmanship`, `animationFrameId`, `defaultScript`, `defaultScriptIntensity`, `elasticity`, `friction`, `locationId`, `modelTableId`, `objectScale`, `physicsBitField`, `physicsTableId`, `motionTableId`, `soundTableId`, `physicsState`, `translucency`, `currentMotionState`)
VALUES (2218, 'Beautiful key', 16384, 0, 0, 0, 18, 50, 0, 0, 0, 0, 0, 2624536, 0, 100667486, 0, 0, 0, 0, 0, 0, 0, 3, 0, 0, 0, 0, 3, 640, 2097160, 0, 0, 50, 0, 101, 0, 0, 0, 0, 0, 33554784, 0, 169985, 872415275, 0, 536870932, 1044, 0, '0');

INSERT INTO weenie_class (`weenieClassId`, `baseAceObjectId`)
VALUES (2218, 2218);

INSERT INTO `base_ace_object` (`baseAceObjectId`, `name`, `typeId`, `paletteId`, `ammoType`, `blipColor`, `bitField`, `burden`, `combatUse`, `cooldownDuration`, `cooldownId`, `effects`, `containersCapacity`, `header`, `hookTypeId`, `iconId`, `iconOverlayId`, `iconUnderlayId`, `hookItemTypes`, `itemsCapacity`, `location`, `materialType`, `maxStackSize`, `maxStructure`, `radar`, `pscript`, `spellId`, `stackSize`, `structure`, `targetTypeId`, `usability`, `useRadius`, `validLocations`, `value`, `workmanship`, `animationFrameId`, `defaultScript`, `defaultScriptIntensity`, `elasticity`, `friction`, `locationId`, `modelTableId`, `objectScale`, `physicsBitField`, `physicsTableId`, `motionTableId`, `soundTableId`, `physicsState`, `translucency`, `currentMotionState`)
VALUES (45022, 'Door Key', 16384, 0, 0, 0, 18, 50, 0, 0, 0, 0, 0, 2640920, 0, 100672825, 0, 0, 0, 0, 0, 0, 0, 1, 0, 0, 0, 0, 1, 640, 2097160, 0, 0, 100, 0, 101, 0, 0, 0, 0, 0, 33560581, 0, 137217, 872415275, 0, 536870932, 1044, 0, '0');

INSERT INTO weenie_class (`weenieClassId`, `baseAceObjectId`)
VALUES (45022, 45022);

INSERT INTO `base_ace_object` (`baseAceObjectId`, `name`, `typeId`, `paletteId`, `ammoType`, `blipColor`, `bitField`, `burden`, `combatUse`, `cooldownDuration`, `cooldownId`, `effects`, `containersCapacity`, `header`, `hookTypeId`, `iconId`, `iconOverlayId`, `iconUnderlayId`, `hookItemTypes`, `itemsCapacity`, `location`, `materialType`, `maxStackSize`, `maxStructure`, `radar`, `pscript`, `spellId`, `stackSize`, `structure`, `targetTypeId`, `usability`, `useRadius`, `validLocations`, `value`, `workmanship`, `animationFrameId`, `defaultScript`, `defaultScriptIntensity`, `elasticity`, `friction`, `locationId`, `modelTableId`, `objectScale`, `physicsBitField`, `physicsTableId`, `motionTableId`, `soundTableId`, `physicsState`, `translucency`, `currentMotionState`)
VALUES (45023, 'Door Key', 16384, 0, 0, 0, 18, 50, 0, 0, 0, 0, 0, 2640920, 0, 100668441, 0, 0, 0, 0, 0, 0, 0, 1, 0, 0, 0, 0, 1, 640, 2097160, 0, 0, 100, 0, 101, 0, 0, 0, 0, 0, 33560581, 0, 137217, 872415275, 0, 536870932, 1044, 0, '0');

INSERT INTO weenie_class (`weenieClassId`, `baseAceObjectId`)
VALUES (45023, 45023);

INSERT INTO `base_ace_object` (`baseAceObjectId`, `name`, `typeId`, `paletteId`, `ammoType`, `blipColor`, `bitField`, `burden`, `combatUse`, `cooldownDuration`, `cooldownId`, `effects`, `containersCapacity`, `header`, `hookTypeId`, `iconId`, `iconOverlayId`, `iconUnderlayId`, `hookItemTypes`, `itemsCapacity`, `location`, `materialType`, `maxStackSize`, `maxStructure`, `radar`, `pscript`, `spellId`, `stackSize`, `structure`, `targetTypeId`, `usability`, `useRadius`, `validLocations`, `value`, `workmanship`, `animationFrameId`, `defaultScript`, `defaultScriptIntensity`, `elasticity`, `friction`, `locationId`, `modelTableId`, `objectScale`, `physicsBitField`, `physicsTableId`, `motionTableId`, `soundTableId`, `physicsState`, `translucency`, `currentMotionState`)
VALUES (52782, 'Gauntlet Treasure Key', 16384, 0, 0, 0, 18, 30, 0, 0, 0, 64, 0, 2641040, 0, 100693319, 0, 0, 0, 0, 0, 0, 0, 2, 0, 0, 0, 0, 2, 640, 2097160, 0, 0, 0, 0, 101, 0, 0, 0, 0, 0, 33554784, 0, 137217, 872415275, 0, 536870932, 1044, 0, '0');

INSERT INTO weenie_class (`weenieClassId`, `baseAceObjectId`)
VALUES (52782, 52782);

INSERT INTO `base_ace_object` (`baseAceObjectId`, `name`, `typeId`, `paletteId`, `ammoType`, `blipColor`, `bitField`, `burden`, `combatUse`, `cooldownDuration`, `cooldownId`, `effects`, `containersCapacity`, `header`, `hookTypeId`, `iconId`, `iconOverlayId`, `iconUnderlayId`, `hookItemTypes`, `itemsCapacity`, `location`, `materialType`, `maxStackSize`, `maxStructure`, `radar`, `pscript`, `spellId`, `stackSize`, `structure`, `targetTypeId`, `usability`, `useRadius`, `validLocations`, `value`, `workmanship`, `animationFrameId`, `defaultScript`, `defaultScriptIntensity`, `elasticity`, `friction`, `locationId`, `modelTableId`, `objectScale`, `physicsBitField`, `physicsTableId`, `motionTableId`, `soundTableId`, `physicsState`, `translucency`, `currentMotionState`)
VALUES (35402, 'Lord Cynreft Mhoire''s Key', 16384, 0, 0, 0, 18, 50, 0, 0, 0, 0, 0, 2640912, 0, 100667485, 0, 0, 0, 0, 0, 0, 0, 1, 0, 0, 0, 0, 1, 640, 2097160, 0, 0, 0, 0, 101, 0, 0, 0, 0, 0, 33554784, 0, 135169, 872415275, 0, 0, 1044, 0, '0');

INSERT INTO weenie_class (`weenieClassId`, `baseAceObjectId`)
VALUES (35402, 35402);

INSERT INTO `base_ace_object` (`baseAceObjectId`, `name`, `typeId`, `paletteId`, `ammoType`, `blipColor`, `bitField`, `burden`, `combatUse`, `cooldownDuration`, `cooldownId`, `effects`, `containersCapacity`, `header`, `hookTypeId`, `iconId`, `iconOverlayId`, `iconUnderlayId`, `hookItemTypes`, `itemsCapacity`, `location`, `materialType`, `maxStackSize`, `maxStructure`, `radar`, `pscript`, `spellId`, `stackSize`, `structure`, `targetTypeId`, `usability`, `useRadius`, `validLocations`, `value`, `workmanship`, `animationFrameId`, `defaultScript`, `defaultScriptIntensity`, `elasticity`, `friction`, `locationId`, `modelTableId`, `objectScale`, `physicsBitField`, `physicsTableId`, `motionTableId`, `soundTableId`, `physicsState`, `translucency`, `currentMotionState`)
VALUES (1248, 'Key', 16384, 0, 0, 0, 18, 50, 0, 0, 0, 0, 0, 2640920, 0, 100667485, 0, 0, 0, 0, 0, 0, 0, 10, 0, 0, 0, 0, 10, 640, 2097160, 0, 0, 100, 0, 101, 0, 0, 0, 0, 0, 33554784, 0, 137217, 872415275, 0, 536870932, 1044, 0, '0');

INSERT INTO weenie_class (`weenieClassId`, `baseAceObjectId`)
VALUES (1248, 1248);

INSERT INTO `base_ace_object` (`baseAceObjectId`, `name`, `typeId`, `paletteId`, `ammoType`, `blipColor`, `bitField`, `burden`, `combatUse`, `cooldownDuration`, `cooldownId`, `effects`, `containersCapacity`, `header`, `hookTypeId`, `iconId`, `iconOverlayId`, `iconUnderlayId`, `hookItemTypes`, `itemsCapacity`, `location`, `materialType`, `maxStackSize`, `maxStructure`, `radar`, `pscript`, `spellId`, `stackSize`, `structure`, `targetTypeId`, `usability`, `useRadius`, `validLocations`, `value`, `workmanship`, `animationFrameId`, `defaultScript`, `defaultScriptIntensity`, `elasticity`, `friction`, `locationId`, `modelTableId`, `objectScale`, `physicsBitField`, `physicsTableId`, `motionTableId`, `soundTableId`, `physicsState`, `translucency`, `currentMotionState`)
VALUES (1249, 'Key', 16384, 0, 0, 0, 18, 50, 0, 0, 0, 0, 0, 2640920, 0, 100668440, 0, 0, 0, 0, 0, 0, 0, 10, 0, 0, 0, 0, 10, 640, 2097160, 0, 0, 70, 0, 101, 0, 0, 0, 0, 0, 33554784, 0, 137217, 872415275, 0, 536870932, 1044, 0, '0');

INSERT INTO weenie_class (`weenieClassId`, `baseAceObjectId`)
VALUES (1249, 1249);

INSERT INTO `base_ace_object` (`baseAceObjectId`, `name`, `typeId`, `paletteId`, `ammoType`, `blipColor`, `bitField`, `burden`, `combatUse`, `cooldownDuration`, `cooldownId`, `effects`, `containersCapacity`, `header`, `hookTypeId`, `iconId`, `iconOverlayId`, `iconUnderlayId`, `hookItemTypes`, `itemsCapacity`, `location`, `materialType`, `maxStackSize`, `maxStructure`, `radar`, `pscript`, `spellId`, `stackSize`, `structure`, `targetTypeId`, `usability`, `useRadius`, `validLocations`, `value`, `workmanship`, `animationFrameId`, `defaultScript`, `defaultScriptIntensity`, `elasticity`, `friction`, `locationId`, `modelTableId`, `objectScale`, `physicsBitField`, `physicsTableId`, `motionTableId`, `soundTableId`, `physicsState`, `translucency`, `currentMotionState`)
VALUES (1250, 'Key', 16384, 0, 0, 0, 18, 50, 0, 0, 0, 0, 0, 2640920, 0, 100668440, 0, 0, 0, 0, 0, 0, 0, 10, 0, 0, 0, 0, 10, 640, 2097160, 0, 0, 100, 0, 101, 0, 0, 0, 0, 0, 33554784, 0, 137217, 872415275, 0, 536870932, 1044, 0, '0');

INSERT INTO weenie_class (`weenieClassId`, `baseAceObjectId`)
VALUES (1250, 1250);

INSERT INTO `base_ace_object` (`baseAceObjectId`, `name`, `typeId`, `paletteId`, `ammoType`, `blipColor`, `bitField`, `burden`, `combatUse`, `cooldownDuration`, `cooldownId`, `effects`, `containersCapacity`, `header`, `hookTypeId`, `iconId`, `iconOverlayId`, `iconUnderlayId`, `hookItemTypes`, `itemsCapacity`, `location`, `materialType`, `maxStackSize`, `maxStructure`, `radar`, `pscript`, `spellId`, `stackSize`, `structure`, `targetTypeId`, `usability`, `useRadius`, `validLocations`, `value`, `workmanship`, `animationFrameId`, `defaultScript`, `defaultScriptIntensity`, `elasticity`, `friction`, `locationId`, `modelTableId`, `objectScale`, `physicsBitField`, `physicsTableId`, `motionTableId`, `soundTableId`, `physicsState`, `translucency`, `currentMotionState`)
VALUES (25710, 'Gate Key', 16384, 0, 0, 0, 18, 5, 0, 0, 0, 0, 0, 2640912, 0, 100667485, 0, 0, 0, 0, 0, 0, 0, 1, 0, 0, 0, 0, 1, 640, 2097160, 0, 0, 0, 0, 101, 0, 0, 0, 0, 0, 33554784, 0, 137217, 872415275, 0, 536870932, 1044, 0, '0');

INSERT INTO weenie_class (`weenieClassId`, `baseAceObjectId`)
VALUES (25710, 25710);

INSERT INTO `base_ace_object` (`baseAceObjectId`, `name`, `typeId`, `paletteId`, `ammoType`, `blipColor`, `bitField`, `burden`, `combatUse`, `cooldownDuration`, `cooldownId`, `effects`, `containersCapacity`, `header`, `hookTypeId`, `iconId`, `iconOverlayId`, `iconUnderlayId`, `hookItemTypes`, `itemsCapacity`, `location`, `materialType`, `maxStackSize`, `maxStructure`, `radar`, `pscript`, `spellId`, `stackSize`, `structure`, `targetTypeId`, `usability`, `useRadius`, `validLocations`, `value`, `workmanship`, `animationFrameId`, `defaultScript`, `defaultScriptIntensity`, `elasticity`, `friction`, `locationId`, `modelTableId`, `objectScale`, `physicsBitField`, `physicsTableId`, `motionTableId`, `soundTableId`, `physicsState`, `translucency`, `currentMotionState`)
VALUES (38382, 'Armory Key', 16384, 0, 0, 0, 18, 15, 0, 0, 0, 0, 0, 2624528, 0, 100670820, 0, 0, 0, 0, 0, 0, 0, 1, 0, 0, 0, 0, 1, 640, 2097160, 0, 0, 0, 0, 101, 0, 0, 0, 0, 0, 33554784, 0, 169985, 872415275, 0, 536870932, 1044, 0, '0');

INSERT INTO weenie_class (`weenieClassId`, `baseAceObjectId`)
VALUES (38382, 38382);

INSERT INTO `base_ace_object` (`baseAceObjectId`, `name`, `typeId`, `paletteId`, `ammoType`, `blipColor`, `bitField`, `burden`, `combatUse`, `cooldownDuration`, `cooldownId`, `effects`, `containersCapacity`, `header`, `hookTypeId`, `iconId`, `iconOverlayId`, `iconUnderlayId`, `hookItemTypes`, `itemsCapacity`, `location`, `materialType`, `maxStackSize`, `maxStructure`, `radar`, `pscript`, `spellId`, `stackSize`, `structure`, `targetTypeId`, `usability`, `useRadius`, `validLocations`, `value`, `workmanship`, `animationFrameId`, `defaultScript`, `defaultScriptIntensity`, `elasticity`, `friction`, `locationId`, `modelTableId`, `objectScale`, `physicsBitField`, `physicsTableId`, `motionTableId`, `soundTableId`, `physicsState`, `translucency`, `currentMotionState`)
VALUES (38383, 'Vault Key', 16384, 0, 0, 0, 18, 15, 0, 0, 0, 0, 0, 2624528, 0, 100670820, 0, 0, 0, 0, 0, 0, 0, 1, 0, 0, 0, 0, 1, 640, 2097160, 0, 0, 0, 0, 101, 0, 0, 0, 0, 0, 33554784, 0, 169985, 872415275, 0, 536870932, 1044, 0, '0');

INSERT INTO weenie_class (`weenieClassId`, `baseAceObjectId`)
VALUES (38383, 38383);

INSERT INTO `base_ace_object` (`baseAceObjectId`, `name`, `typeId`, `paletteId`, `ammoType`, `blipColor`, `bitField`, `burden`, `combatUse`, `cooldownDuration`, `cooldownId`, `effects`, `containersCapacity`, `header`, `hookTypeId`, `iconId`, `iconOverlayId`, `iconUnderlayId`, `hookItemTypes`, `itemsCapacity`, `location`, `materialType`, `maxStackSize`, `maxStructure`, `radar`, `pscript`, `spellId`, `stackSize`, `structure`, `targetTypeId`, `usability`, `useRadius`, `validLocations`, `value`, `workmanship`, `animationFrameId`, `defaultScript`, `defaultScriptIntensity`, `elasticity`, `friction`, `locationId`, `modelTableId`, `objectScale`, `physicsBitField`, `physicsTableId`, `motionTableId`, `soundTableId`, `physicsState`, `translucency`, `currentMotionState`)
VALUES (38381, 'Skith''Kirit''s Key', 16384, 0, 0, 0, 18, 15, 0, 0, 0, 0, 0, 2624528, 0, 100670820, 0, 0, 0, 0, 0, 0, 0, 1, 0, 0, 0, 0, 1, 640, 2097160, 0, 0, 0, 0, 101, 0, 0, 0, 0, 0, 33554784, 0, 169985, 872415275, 0, 536870932, 1044, 0, '0');

INSERT INTO weenie_class (`weenieClassId`, `baseAceObjectId`)
VALUES (38381, 38381);

INSERT INTO `base_ace_object` (`baseAceObjectId`, `name`, `typeId`, `paletteId`, `ammoType`, `blipColor`, `bitField`, `burden`, `combatUse`, `cooldownDuration`, `cooldownId`, `effects`, `containersCapacity`, `header`, `hookTypeId`, `iconId`, `iconOverlayId`, `iconUnderlayId`, `hookItemTypes`, `itemsCapacity`, `location`, `materialType`, `maxStackSize`, `maxStructure`, `radar`, `pscript`, `spellId`, `stackSize`, `structure`, `targetTypeId`, `usability`, `useRadius`, `validLocations`, `value`, `workmanship`, `animationFrameId`, `defaultScript`, `defaultScriptIntensity`, `elasticity`, `friction`, `locationId`, `modelTableId`, `objectScale`, `physicsBitField`, `physicsTableId`, `motionTableId`, `soundTableId`, `physicsState`, `translucency`, `currentMotionState`)
VALUES (38318, 'Master''s Treasure Key', 16384, 0, 0, 0, 18, 50, 0, 0, 0, 0, 0, 2640912, 0, 100668441, 0, 0, 0, 0, 0, 0, 0, 5, 0, 0, 0, 0, 5, 640, 2097160, 0, 0, 0, 0, 101, 0, 0, 0, 0, 0, 33554784, 0, 135169, 872415275, 0, 0, 1044, 0, '0');

INSERT INTO weenie_class (`weenieClassId`, `baseAceObjectId`)
VALUES (38318, 38318);

INSERT INTO `base_ace_object` (`baseAceObjectId`, `name`, `typeId`, `paletteId`, `ammoType`, `blipColor`, `bitField`, `burden`, `combatUse`, `cooldownDuration`, `cooldownId`, `effects`, `containersCapacity`, `header`, `hookTypeId`, `iconId`, `iconOverlayId`, `iconUnderlayId`, `hookItemTypes`, `itemsCapacity`, `location`, `materialType`, `maxStackSize`, `maxStructure`, `radar`, `pscript`, `spellId`, `stackSize`, `structure`, `targetTypeId`, `usability`, `useRadius`, `validLocations`, `value`, `workmanship`, `animationFrameId`, `defaultScript`, `defaultScriptIntensity`, `elasticity`, `friction`, `locationId`, `modelTableId`, `objectScale`, `physicsBitField`, `physicsTableId`, `motionTableId`, `soundTableId`, `physicsState`, `translucency`, `currentMotionState`)
VALUES (30640, 'Banderling Holy Symbol', 16384, 0, 0, 0, 18, 200, 0, 0, 0, 0, 0, 2640912, 0, 100677386, 0, 0, 0, 0, 0, 0, 0, 3, 0, 0, 0, 0, 2, 640, 2097160, 0, 0, 0, 0, 101, 0, 0, 0, 0, 0, 33554784, 0, 137217, 872415275, 0, 536870932, 1044, 0, '0');

INSERT INTO weenie_class (`weenieClassId`, `baseAceObjectId`)
VALUES (30640, 30640);

INSERT INTO `base_ace_object` (`baseAceObjectId`, `name`, `typeId`, `paletteId`, `ammoType`, `blipColor`, `bitField`, `burden`, `combatUse`, `cooldownDuration`, `cooldownId`, `effects`, `containersCapacity`, `header`, `hookTypeId`, `iconId`, `iconOverlayId`, `iconUnderlayId`, `hookItemTypes`, `itemsCapacity`, `location`, `materialType`, `maxStackSize`, `maxStructure`, `radar`, `pscript`, `spellId`, `stackSize`, `structure`, `targetTypeId`, `usability`, `useRadius`, `validLocations`, `value`, `workmanship`, `animationFrameId`, `defaultScript`, `defaultScriptIntensity`, `elasticity`, `friction`, `locationId`, `modelTableId`, `objectScale`, `physicsBitField`, `physicsTableId`, `motionTableId`, `soundTableId`, `physicsState`, `translucency`, `currentMotionState`)
VALUES (52033, 'Exquisite Casino Key', 16384, 0, 0, 0, 18, 500, 0, 0, 0, 0, 0, 2640912, 0, 100671519, 0, 0, 0, 0, 0, 0, 0, 1, 0, 0, 0, 0, 1, 640, 2097160, 0, 0, 0, 0, 101, 0, 0, 0, 0, 0, 33557005, 3, 137345, 872415275, 0, 536870932, 1044, 0, '0');

INSERT INTO weenie_class (`weenieClassId`, `baseAceObjectId`)
VALUES (52033, 52033);

INSERT INTO `base_ace_object` (`baseAceObjectId`, `name`, `typeId`, `paletteId`, `ammoType`, `blipColor`, `bitField`, `burden`, `combatUse`, `cooldownDuration`, `cooldownId`, `effects`, `containersCapacity`, `header`, `hookTypeId`, `iconId`, `iconOverlayId`, `iconUnderlayId`, `hookItemTypes`, `itemsCapacity`, `location`, `materialType`, `maxStackSize`, `maxStructure`, `radar`, `pscript`, `spellId`, `stackSize`, `structure`, `targetTypeId`, `usability`, `useRadius`, `validLocations`, `value`, `workmanship`, `animationFrameId`, `defaultScript`, `defaultScriptIntensity`, `elasticity`, `friction`, `locationId`, `modelTableId`, `objectScale`, `physicsBitField`, `physicsTableId`, `motionTableId`, `soundTableId`, `physicsState`, `translucency`, `currentMotionState`)
VALUES (38315, 'Adept''s Treasure Key', 16384, 0, 0, 0, 18, 50, 0, 0, 0, 0, 0, 2640912, 0, 100668441, 0, 0, 0, 0, 0, 0, 0, 2, 0, 0, 0, 0, 2, 640, 2097160, 0, 0, 0, 0, 101, 0, 0, 0, 0, 0, 33554784, 0, 135169, 872415275, 0, 0, 1044, 0, '0');

INSERT INTO weenie_class (`weenieClassId`, `baseAceObjectId`)
VALUES (38315, 38315);

INSERT INTO `base_ace_object` (`baseAceObjectId`, `name`, `typeId`, `paletteId`, `ammoType`, `blipColor`, `bitField`, `burden`, `combatUse`, `cooldownDuration`, `cooldownId`, `effects`, `containersCapacity`, `header`, `hookTypeId`, `iconId`, `iconOverlayId`, `iconUnderlayId`, `hookItemTypes`, `itemsCapacity`, `location`, `materialType`, `maxStackSize`, `maxStructure`, `radar`, `pscript`, `spellId`, `stackSize`, `structure`, `targetTypeId`, `usability`, `useRadius`, `validLocations`, `value`, `workmanship`, `animationFrameId`, `defaultScript`, `defaultScriptIntensity`, `elasticity`, `friction`, `locationId`, `modelTableId`, `objectScale`, `physicsBitField`, `physicsTableId`, `motionTableId`, `soundTableId`, `physicsState`, `translucency`, `currentMotionState`)
VALUES (38316, 'Knight''s Treasure Key', 16384, 0, 0, 0, 18, 50, 0, 0, 0, 0, 0, 2640912, 0, 100668441, 0, 0, 0, 0, 0, 0, 0, 3, 0, 0, 0, 0, 3, 640, 2097160, 0, 0, 0, 0, 101, 0, 0, 0, 0, 0, 33554784, 0, 135169, 872415275, 0, 0, 1044, 0, '0');

INSERT INTO weenie_class (`weenieClassId`, `baseAceObjectId`)
VALUES (38316, 38316);

INSERT INTO `base_ace_object` (`baseAceObjectId`, `name`, `typeId`, `paletteId`, `ammoType`, `blipColor`, `bitField`, `burden`, `combatUse`, `cooldownDuration`, `cooldownId`, `effects`, `containersCapacity`, `header`, `hookTypeId`, `iconId`, `iconOverlayId`, `iconUnderlayId`, `hookItemTypes`, `itemsCapacity`, `location`, `materialType`, `maxStackSize`, `maxStructure`, `radar`, `pscript`, `spellId`, `stackSize`, `structure`, `targetTypeId`, `usability`, `useRadius`, `validLocations`, `value`, `workmanship`, `animationFrameId`, `defaultScript`, `defaultScriptIntensity`, `elasticity`, `friction`, `locationId`, `modelTableId`, `objectScale`, `physicsBitField`, `physicsTableId`, `motionTableId`, `soundTableId`, `physicsState`, `translucency`, `currentMotionState`)
VALUES (41957, 'Mhoire Castle Treasury Key', 16384, 0, 0, 0, 18, 50, 0, 0, 0, 0, 0, 2640912, 0, 100690864, 0, 0, 0, 0, 0, 0, 0, 1, 0, 0, 0, 0, 1, 640, 2097160, 0, 0, 0, 0, 101, 0, 0, 0, 0, 0, 33554784, 0, 135169, 872415275, 0, 0, 1044, 0, '0');

INSERT INTO weenie_class (`weenieClassId`, `baseAceObjectId`)
VALUES (41957, 41957);

INSERT INTO `base_ace_object` (`baseAceObjectId`, `name`, `typeId`, `paletteId`, `ammoType`, `blipColor`, `bitField`, `burden`, `combatUse`, `cooldownDuration`, `cooldownId`, `effects`, `containersCapacity`, `header`, `hookTypeId`, `iconId`, `iconOverlayId`, `iconUnderlayId`, `hookItemTypes`, `itemsCapacity`, `location`, `materialType`, `maxStackSize`, `maxStructure`, `radar`, `pscript`, `spellId`, `stackSize`, `structure`, `targetTypeId`, `usability`, `useRadius`, `validLocations`, `value`, `workmanship`, `animationFrameId`, `defaultScript`, `defaultScriptIntensity`, `elasticity`, `friction`, `locationId`, `modelTableId`, `objectScale`, `physicsBitField`, `physicsTableId`, `motionTableId`, `soundTableId`, `physicsState`, `translucency`, `currentMotionState`)
VALUES (40929, 'Embossed Ashen Key', 16384, 0, 0, 0, 18, 20, 0, 0, 0, 0, 0, 2640920, 0, 100676683, 0, 0, 0, 0, 0, 0, 0, 1, 0, 0, 0, 0, 1, 640, 2097160, 0, 0, 3, 0, 101, 0, 0, 0, 0, 0, 33554784, 0, 137217, 872415275, 0, 536870932, 1044, 0, '0');

INSERT INTO weenie_class (`weenieClassId`, `baseAceObjectId`)
VALUES (40929, 40929);

INSERT INTO `base_ace_object` (`baseAceObjectId`, `name`, `typeId`, `paletteId`, `ammoType`, `blipColor`, `bitField`, `burden`, `combatUse`, `cooldownDuration`, `cooldownId`, `effects`, `containersCapacity`, `header`, `hookTypeId`, `iconId`, `iconOverlayId`, `iconUnderlayId`, `hookItemTypes`, `itemsCapacity`, `location`, `materialType`, `maxStackSize`, `maxStructure`, `radar`, `pscript`, `spellId`, `stackSize`, `structure`, `targetTypeId`, `usability`, `useRadius`, `validLocations`, `value`, `workmanship`, `animationFrameId`, `defaultScript`, `defaultScriptIntensity`, `elasticity`, `friction`, `locationId`, `modelTableId`, `objectScale`, `physicsBitField`, `physicsTableId`, `motionTableId`, `soundTableId`, `physicsState`, `translucency`, `currentMotionState`)
VALUES (51648, 'Legendary Key', 16384, 0, 0, 0, 18, 30, 0, 0, 0, 64, 0, 2624664, 0, 100693001, 0, 0, 0, 0, 0, 0, 0, 3, 0, 0, 0, 0, 3, 640, 2097160, 0, 0, 10000, 0, 101, 0, 0, 0, 0, 0, 33554784, 0, 169985, 872415275, 0, 536870932, 1044, 0, '0');

INSERT INTO weenie_class (`weenieClassId`, `baseAceObjectId`)
VALUES (51648, 51648);

INSERT INTO `base_ace_object` (`baseAceObjectId`, `name`, `typeId`, `paletteId`, `ammoType`, `blipColor`, `bitField`, `burden`, `combatUse`, `cooldownDuration`, `cooldownId`, `effects`, `containersCapacity`, `header`, `hookTypeId`, `iconId`, `iconOverlayId`, `iconUnderlayId`, `hookItemTypes`, `itemsCapacity`, `location`, `materialType`, `maxStackSize`, `maxStructure`, `radar`, `pscript`, `spellId`, `stackSize`, `structure`, `targetTypeId`, `usability`, `useRadius`, `validLocations`, `value`, `workmanship`, `animationFrameId`, `defaultScript`, `defaultScriptIntensity`, `elasticity`, `friction`, `locationId`, `modelTableId`, `objectScale`, `physicsBitField`, `physicsTableId`, `motionTableId`, `soundTableId`, `physicsState`, `translucency`, `currentMotionState`)
VALUES (38317, 'Lord''s Treasure Key', 16384, 0, 0, 0, 18, 50, 0, 0, 0, 0, 0, 2640912, 0, 100668441, 0, 0, 0, 0, 0, 0, 0, 4, 0, 0, 0, 0, 4, 640, 2097160, 0, 0, 0, 0, 101, 0, 0, 0, 0, 0, 33554784, 0, 135169, 872415275, 0, 0, 1044, 0, '0');

INSERT INTO weenie_class (`weenieClassId`, `baseAceObjectId`)
VALUES (38317, 38317);

INSERT INTO `base_ace_object` (`baseAceObjectId`, `name`, `typeId`, `paletteId`, `ammoType`, `blipColor`, `bitField`, `burden`, `combatUse`, `cooldownDuration`, `cooldownId`, `effects`, `containersCapacity`, `header`, `hookTypeId`, `iconId`, `iconOverlayId`, `iconUnderlayId`, `hookItemTypes`, `itemsCapacity`, `location`, `materialType`, `maxStackSize`, `maxStructure`, `radar`, `pscript`, `spellId`, `stackSize`, `structure`, `targetTypeId`, `usability`, `useRadius`, `validLocations`, `value`, `workmanship`, `animationFrameId`, `defaultScript`, `defaultScriptIntensity`, `elasticity`, `friction`, `locationId`, `modelTableId`, `objectScale`, `physicsBitField`, `physicsTableId`, `motionTableId`, `soundTableId`, `physicsState`, `translucency`, `currentMotionState`)
VALUES (52034, 'Casino Exquisite Keyring', 16384, 0, 0, 0, 67108882, 5, 0, 0, 0, 0, 0, 271076368, 2, 100686707, 0, 100686604, 0, 0, 0, 0, 0, 25, 0, 0, 0, 0, 25, 640, 2097160, 0, 0, 0, 0, 101, 0, 0, 0, 0, 0, 33557005, 0, 137217, 872415275, 0, 536870932, 1044, 0, '0');

INSERT INTO weenie_class (`weenieClassId`, `baseAceObjectId`)
VALUES (52034, 52034);

INSERT INTO `base_ace_object` (`baseAceObjectId`, `name`, `typeId`, `paletteId`, `ammoType`, `blipColor`, `bitField`, `burden`, `combatUse`, `cooldownDuration`, `cooldownId`, `effects`, `containersCapacity`, `header`, `hookTypeId`, `iconId`, `iconOverlayId`, `iconUnderlayId`, `hookItemTypes`, `itemsCapacity`, `location`, `materialType`, `maxStackSize`, `maxStructure`, `radar`, `pscript`, `spellId`, `stackSize`, `structure`, `targetTypeId`, `usability`, `useRadius`, `validLocations`, `value`, `workmanship`, `animationFrameId`, `defaultScript`, `defaultScriptIntensity`, `elasticity`, `friction`, `locationId`, `modelTableId`, `objectScale`, `physicsBitField`, `physicsTableId`, `motionTableId`, `soundTableId`, `physicsState`, `translucency`, `currentMotionState`)
VALUES (1538, 'Scratched Key', 16384, 0, 0, 0, 18, 50, 0, 0, 0, 0, 0, 2640920, 0, 100667485, 0, 0, 0, 0, 0, 0, 0, 1, 0, 0, 0, 0, 1, 640, 2097160, 0, 0, 10, 0, 101, 0, 0, 0, 0, 0, 33554784, 0, 137217, 872415275, 0, 536870932, 1044, 0, '0');

INSERT INTO weenie_class (`weenieClassId`, `baseAceObjectId`)
VALUES (1538, 1538);

INSERT INTO `base_ace_object` (`baseAceObjectId`, `name`, `typeId`, `paletteId`, `ammoType`, `blipColor`, `bitField`, `burden`, `combatUse`, `cooldownDuration`, `cooldownId`, `effects`, `containersCapacity`, `header`, `hookTypeId`, `iconId`, `iconOverlayId`, `iconUnderlayId`, `hookItemTypes`, `itemsCapacity`, `location`, `materialType`, `maxStackSize`, `maxStructure`, `radar`, `pscript`, `spellId`, `stackSize`, `structure`, `targetTypeId`, `usability`, `useRadius`, `validLocations`, `value`, `workmanship`, `animationFrameId`, `defaultScript`, `defaultScriptIntensity`, `elasticity`, `friction`, `locationId`, `modelTableId`, `objectScale`, `physicsBitField`, `physicsTableId`, `motionTableId`, `soundTableId`, `physicsState`, `translucency`, `currentMotionState`)
VALUES (42311, 'Supply Room Key', 16384, 0, 0, 0, 18, 50, 0, 0, 0, 0, 0, 2640920, 0, 100667485, 0, 0, 0, 0, 0, 0, 0, 1, 0, 0, 0, 0, 1, 640, 2097160, 0, 0, 100, 0, 101, 0, 0, 0, 0, 0, 33554784, 0, 137217, 872415275, 0, 536870932, 1044, 0, '0');

INSERT INTO weenie_class (`weenieClassId`, `baseAceObjectId`)
VALUES (42311, 42311);

INSERT INTO `base_ace_object` (`baseAceObjectId`, `name`, `typeId`, `paletteId`, `ammoType`, `blipColor`, `bitField`, `burden`, `combatUse`, `cooldownDuration`, `cooldownId`, `effects`, `containersCapacity`, `header`, `hookTypeId`, `iconId`, `iconOverlayId`, `iconUnderlayId`, `hookItemTypes`, `itemsCapacity`, `location`, `materialType`, `maxStackSize`, `maxStructure`, `radar`, `pscript`, `spellId`, `stackSize`, `structure`, `targetTypeId`, `usability`, `useRadius`, `validLocations`, `value`, `workmanship`, `animationFrameId`, `defaultScript`, `defaultScriptIntensity`, `elasticity`, `friction`, `locationId`, `modelTableId`, `objectScale`, `physicsBitField`, `physicsTableId`, `motionTableId`, `soundTableId`, `physicsState`, `translucency`, `currentMotionState`)
VALUES (42312, 'Main Key', 16384, 0, 0, 0, 18, 50, 0, 0, 0, 0, 0, 2640920, 0, 100667485, 0, 0, 0, 0, 0, 0, 0, 1, 0, 0, 0, 0, 1, 640, 2097160, 0, 0, 100, 0, 101, 0, 0, 0, 0, 0, 33554784, 0, 137217, 872415275, 0, 536870932, 1044, 0, '0');

INSERT INTO weenie_class (`weenieClassId`, `baseAceObjectId`)
VALUES (42312, 42312);

INSERT INTO `base_ace_object` (`baseAceObjectId`, `name`, `typeId`, `paletteId`, `ammoType`, `blipColor`, `bitField`, `burden`, `combatUse`, `cooldownDuration`, `cooldownId`, `effects`, `containersCapacity`, `header`, `hookTypeId`, `iconId`, `iconOverlayId`, `iconUnderlayId`, `hookItemTypes`, `itemsCapacity`, `location`, `materialType`, `maxStackSize`, `maxStructure`, `radar`, `pscript`, `spellId`, `stackSize`, `structure`, `targetTypeId`, `usability`, `useRadius`, `validLocations`, `value`, `workmanship`, `animationFrameId`, `defaultScript`, `defaultScriptIntensity`, `elasticity`, `friction`, `locationId`, `modelTableId`, `objectScale`, `physicsBitField`, `physicsTableId`, `motionTableId`, `soundTableId`, `physicsState`, `translucency`, `currentMotionState`)
VALUES (42313, 'Prison Key', 16384, 0, 0, 0, 18, 50, 0, 0, 0, 0, 0, 2640920, 0, 100667485, 0, 0, 0, 0, 0, 0, 0, 2, 0, 0, 0, 0, 2, 640, 2097160, 0, 0, 100, 0, 101, 0, 0, 0, 0, 0, 33554784, 0, 137217, 872415275, 0, 536870932, 1044, 0, '0');

INSERT INTO weenie_class (`weenieClassId`, `baseAceObjectId`)
VALUES (42313, 42313);

INSERT INTO `base_ace_object` (`baseAceObjectId`, `name`, `typeId`, `paletteId`, `ammoType`, `blipColor`, `bitField`, `burden`, `combatUse`, `cooldownDuration`, `cooldownId`, `effects`, `containersCapacity`, `header`, `hookTypeId`, `iconId`, `iconOverlayId`, `iconUnderlayId`, `hookItemTypes`, `itemsCapacity`, `location`, `materialType`, `maxStackSize`, `maxStructure`, `radar`, `pscript`, `spellId`, `stackSize`, `structure`, `targetTypeId`, `usability`, `useRadius`, `validLocations`, `value`, `workmanship`, `animationFrameId`, `defaultScript`, `defaultScriptIntensity`, `elasticity`, `friction`, `locationId`, `modelTableId`, `objectScale`, `physicsBitField`, `physicsTableId`, `motionTableId`, `soundTableId`, `physicsState`, `translucency`, `currentMotionState`)
VALUES (32666, 'Inner Chamber Key', 16384, 0, 0, 0, 18, 20, 0, 0, 0, 0, 0, 2640912, 0, 100686382, 0, 0, 0, 0, 0, 0, 0, 1, 0, 0, 0, 0, 1, 640, 2097160, 0, 0, 0, 0, 0, 0, 0, 0, 0, 0, 33559158, 0, 6145, 872415275, 0, 536870932, 1044, 0, '0');

INSERT INTO weenie_class (`weenieClassId`, `baseAceObjectId`)
VALUES (32666, 32666);

INSERT INTO `base_ace_object` (`baseAceObjectId`, `name`, `typeId`, `paletteId`, `ammoType`, `blipColor`, `bitField`, `burden`, `combatUse`, `cooldownDuration`, `cooldownId`, `effects`, `containersCapacity`, `header`, `hookTypeId`, `iconId`, `iconOverlayId`, `iconUnderlayId`, `hookItemTypes`, `itemsCapacity`, `location`, `materialType`, `maxStackSize`, `maxStructure`, `radar`, `pscript`, `spellId`, `stackSize`, `structure`, `targetTypeId`, `usability`, `useRadius`, `validLocations`, `value`, `workmanship`, `animationFrameId`, `defaultScript`, `defaultScriptIntensity`, `elasticity`, `friction`, `locationId`, `modelTableId`, `objectScale`, `physicsBitField`, `physicsTableId`, `motionTableId`, `soundTableId`, `physicsState`, `translucency`, `currentMotionState`)
VALUES (2193, 'Trothyr''s Rest Key', 16384, 0, 0, 0, 18, 50, 0, 0, 0, 0, 0, 2640920, 0, 100667486, 0, 0, 0, 0, 0, 0, 0, 3, 0, 0, 0, 0, 3, 640, 2097160, 0, 0, 150, 0, 101, 0, 0, 0, 0, 0, 33554784, 0, 137217, 872415275, 0, 536870932, 1044, 0, '0');

INSERT INTO weenie_class (`weenieClassId`, `baseAceObjectId`)
VALUES (2193, 2193);

INSERT INTO `base_ace_object` (`baseAceObjectId`, `name`, `typeId`, `paletteId`, `ammoType`, `blipColor`, `bitField`, `burden`, `combatUse`, `cooldownDuration`, `cooldownId`, `effects`, `containersCapacity`, `header`, `hookTypeId`, `iconId`, `iconOverlayId`, `iconUnderlayId`, `hookItemTypes`, `itemsCapacity`, `location`, `materialType`, `maxStackSize`, `maxStructure`, `radar`, `pscript`, `spellId`, `stackSize`, `structure`, `targetTypeId`, `usability`, `useRadius`, `validLocations`, `value`, `workmanship`, `animationFrameId`, `defaultScript`, `defaultScriptIntensity`, `elasticity`, `friction`, `locationId`, `modelTableId`, `objectScale`, `physicsBitField`, `physicsTableId`, `motionTableId`, `soundTableId`, `physicsState`, `translucency`, `currentMotionState`)
VALUES (1537, 'Treasure Chest Key', 16384, 0, 0, 0, 18, 50, 0, 0, 0, 0, 0, 2640920, 0, 100668439, 0, 0, 0, 0, 0, 0, 0, 1, 0, 0, 0, 0, 1, 640, 2097160, 0, 0, 90, 0, 101, 0, 0, 0, 0, 0, 33554784, 0, 137217, 872415275, 0, 536870932, 1044, 0, '0');

INSERT INTO weenie_class (`weenieClassId`, `baseAceObjectId`)
VALUES (1537, 1537);

INSERT INTO `base_ace_object` (`baseAceObjectId`, `name`, `typeId`, `paletteId`, `ammoType`, `blipColor`, `bitField`, `burden`, `combatUse`, `cooldownDuration`, `cooldownId`, `effects`, `containersCapacity`, `header`, `hookTypeId`, `iconId`, `iconOverlayId`, `iconUnderlayId`, `hookItemTypes`, `itemsCapacity`, `location`, `materialType`, `maxStackSize`, `maxStructure`, `radar`, `pscript`, `spellId`, `stackSize`, `structure`, `targetTypeId`, `usability`, `useRadius`, `validLocations`, `value`, `workmanship`, `animationFrameId`, `defaultScript`, `defaultScriptIntensity`, `elasticity`, `friction`, `locationId`, `modelTableId`, `objectScale`, `physicsBitField`, `physicsTableId`, `motionTableId`, `soundTableId`, `physicsState`, `translucency`, `currentMotionState`)
VALUES (23084, 'Weathered Red Key', 16384, 0, 0, 0, 18, 50, 0, 0, 0, 0, 0, 2624536, 0, 100668441, 0, 0, 0, 0, 0, 0, 0, 3, 0, 0, 0, 0, 3, 640, 2097160, 0, 0, 50, 0, 101, 0, 0, 0, 0, 0, 33554784, 0, 169985, 872415275, 0, 536870932, 1044, 0, '0');

INSERT INTO weenie_class (`weenieClassId`, `baseAceObjectId`)
VALUES (23084, 23084);

INSERT INTO `base_ace_object` (`baseAceObjectId`, `name`, `typeId`, `paletteId`, `ammoType`, `blipColor`, `bitField`, `burden`, `combatUse`, `cooldownDuration`, `cooldownId`, `effects`, `containersCapacity`, `header`, `hookTypeId`, `iconId`, `iconOverlayId`, `iconUnderlayId`, `hookItemTypes`, `itemsCapacity`, `location`, `materialType`, `maxStackSize`, `maxStructure`, `radar`, `pscript`, `spellId`, `stackSize`, `structure`, `targetTypeId`, `usability`, `useRadius`, `validLocations`, `value`, `workmanship`, `animationFrameId`, `defaultScript`, `defaultScriptIntensity`, `elasticity`, `friction`, `locationId`, `modelTableId`, `objectScale`, `physicsBitField`, `physicsTableId`, `motionTableId`, `soundTableId`, `physicsState`, `translucency`, `currentMotionState`)
VALUES (6880, 'Bone Engraved Key', 16384, 0, 0, 0, 18, 50, 0, 0, 0, 0, 0, 2640920, 0, 100668441, 0, 0, 0, 0, 0, 0, 0, 1, 0, 0, 0, 0, 1, 640, 2097160, 0, 0, 10, 0, 101, 0, 0, 0, 0, 0, 33554784, 0, 135169, 872415275, 0, 0, 1044, 0, '0');

INSERT INTO weenie_class (`weenieClassId`, `baseAceObjectId`)
VALUES (6880, 6880);

INSERT INTO `base_ace_object` (`baseAceObjectId`, `name`, `typeId`, `paletteId`, `ammoType`, `blipColor`, `bitField`, `burden`, `combatUse`, `cooldownDuration`, `cooldownId`, `effects`, `containersCapacity`, `header`, `hookTypeId`, `iconId`, `iconOverlayId`, `iconUnderlayId`, `hookItemTypes`, `itemsCapacity`, `location`, `materialType`, `maxStackSize`, `maxStructure`, `radar`, `pscript`, `spellId`, `stackSize`, `structure`, `targetTypeId`, `usability`, `useRadius`, `validLocations`, `value`, `workmanship`, `animationFrameId`, `defaultScript`, `defaultScriptIntensity`, `elasticity`, `friction`, `locationId`, `modelTableId`, `objectScale`, `physicsBitField`, `physicsTableId`, `motionTableId`, `soundTableId`, `physicsState`, `translucency`, `currentMotionState`)
VALUES (44718, 'Golden Key', 16384, 0, 0, 0, 18, 500, 0, 0, 0, 0, 0, 2640912, 0, 100671519, 0, 0, 0, 0, 0, 0, 0, 1, 0, 0, 0, 0, 1, 640, 2097160, 0, 0, 0, 0, 101, 0, 0, 0, 0, 0, 33557005, 3, 137345, 872415275, 0, 536870932, 1044, 0, '0');

INSERT INTO weenie_class (`weenieClassId`, `baseAceObjectId`)
VALUES (44718, 44718);

INSERT INTO `base_ace_object` (`baseAceObjectId`, `name`, `typeId`, `paletteId`, `ammoType`, `blipColor`, `bitField`, `burden`, `combatUse`, `cooldownDuration`, `cooldownId`, `effects`, `containersCapacity`, `header`, `hookTypeId`, `iconId`, `iconOverlayId`, `iconUnderlayId`, `hookItemTypes`, `itemsCapacity`, `location`, `materialType`, `maxStackSize`, `maxStructure`, `radar`, `pscript`, `spellId`, `stackSize`, `structure`, `targetTypeId`, `usability`, `useRadius`, `validLocations`, `value`, `workmanship`, `animationFrameId`, `defaultScript`, `defaultScriptIntensity`, `elasticity`, `friction`, `locationId`, `modelTableId`, `objectScale`, `physicsBitField`, `physicsTableId`, `motionTableId`, `soundTableId`, `physicsState`, `translucency`, `currentMotionState`)
VALUES (15859, 'A Bright Silver Key', 16384, 0, 0, 0, 18, 50, 0, 0, 0, 0, 0, 2640920, 0, 100672823, 0, 0, 0, 0, 0, 0, 0, 3, 0, 0, 0, 0, 2, 640, 2097160, 0, 0, 66, 0, 101, 0, 0, 0, 0, 0, 33554784, 0, 137217, 872415275, 0, 536870932, 1044, 0, '0');

INSERT INTO weenie_class (`weenieClassId`, `baseAceObjectId`)
VALUES (15859, 15859);

INSERT INTO `weenie_texture_map_changes` (`weenieClassId`, `index`, `oldId`, `newId`)
VALUES (15859, 0, 83888936, 83886763);

INSERT INTO `weenie_animation_changes` (`weenieClassId`, `index`, `animationId`)
VALUES (15859, 0, 16778599);

INSERT INTO `base_ace_object` (`baseAceObjectId`, `name`, `typeId`, `paletteId`, `ammoType`, `blipColor`, `bitField`, `burden`, `combatUse`, `cooldownDuration`, `cooldownId`, `effects`, `containersCapacity`, `header`, `hookTypeId`, `iconId`, `iconOverlayId`, `iconUnderlayId`, `hookItemTypes`, `itemsCapacity`, `location`, `materialType`, `maxStackSize`, `maxStructure`, `radar`, `pscript`, `spellId`, `stackSize`, `structure`, `targetTypeId`, `usability`, `useRadius`, `validLocations`, `value`, `workmanship`, `animationFrameId`, `defaultScript`, `defaultScriptIntensity`, `elasticity`, `friction`, `locationId`, `modelTableId`, `objectScale`, `physicsBitField`, `physicsTableId`, `motionTableId`, `soundTableId`, `physicsState`, `translucency`, `currentMotionState`)
VALUES (31222, 'K''nath Key', 16384, 0, 0, 0, 18, 50, 0, 0, 0, 0, 0, 2640912, 0, 100667485, 0, 0, 0, 0, 0, 0, 0, 3, 0, 0, 0, 0, 3, 640, 2097160, 0, 0, 0, 0, 101, 0, 0, 0, 0, 0, 33554784, 0, 137217, 872415275, 0, 536870932, 1044, 0, '0');

INSERT INTO weenie_class (`weenieClassId`, `baseAceObjectId`)
VALUES (31222, 31222);

INSERT INTO `base_ace_object` (`baseAceObjectId`, `name`, `typeId`, `paletteId`, `ammoType`, `blipColor`, `bitField`, `burden`, `combatUse`, `cooldownDuration`, `cooldownId`, `effects`, `containersCapacity`, `header`, `hookTypeId`, `iconId`, `iconOverlayId`, `iconUnderlayId`, `hookItemTypes`, `itemsCapacity`, `location`, `materialType`, `maxStackSize`, `maxStructure`, `radar`, `pscript`, `spellId`, `stackSize`, `structure`, `targetTypeId`, `usability`, `useRadius`, `validLocations`, `value`, `workmanship`, `animationFrameId`, `defaultScript`, `defaultScriptIntensity`, `elasticity`, `friction`, `locationId`, `modelTableId`, `objectScale`, `physicsBitField`, `physicsTableId`, `motionTableId`, `soundTableId`, `physicsState`, `translucency`, `currentMotionState`)
VALUES (28770, 'Small Empyrean Key', 16384, 0, 0, 0, 18, 50, 0, 0, 0, 0, 0, 271076368, 2, 100667485, 0, 0, 0, 0, 0, 0, 0, 3, 0, 0, 0, 0, 2, 640, 2097160, 0, 0, 0, 0, 101, 0, 0, 0, 0, 0, 33554784, 0, 137217, 872415275, 0, 536870932, 1044, 0, '0');

INSERT INTO weenie_class (`weenieClassId`, `baseAceObjectId`)
VALUES (28770, 28770);

INSERT INTO `base_ace_object` (`baseAceObjectId`, `name`, `typeId`, `paletteId`, `ammoType`, `blipColor`, `bitField`, `burden`, `combatUse`, `cooldownDuration`, `cooldownId`, `effects`, `containersCapacity`, `header`, `hookTypeId`, `iconId`, `iconOverlayId`, `iconUnderlayId`, `hookItemTypes`, `itemsCapacity`, `location`, `materialType`, `maxStackSize`, `maxStructure`, `radar`, `pscript`, `spellId`, `stackSize`, `structure`, `targetTypeId`, `usability`, `useRadius`, `validLocations`, `value`, `workmanship`, `animationFrameId`, `defaultScript`, `defaultScriptIntensity`, `elasticity`, `friction`, `locationId`, `modelTableId`, `objectScale`, `physicsBitField`, `physicsTableId`, `motionTableId`, `soundTableId`, `physicsState`, `translucency`, `currentMotionState`)
VALUES (30657, 'Drudge Key', 16384, 0, 0, 0, 18, 5, 0, 0, 0, 0, 0, 2640920, 0, 100677395, 0, 0, 0, 0, 0, 0, 0, 3, 0, 0, 0, 0, 3, 640, 2097160, 0, 0, 100, 0, 101, 0, 0, 0, 0, 0, 33554784, 0, 137217, 872415275, 0, 536870932, 1044, 0, '0');

INSERT INTO weenie_class (`weenieClassId`, `baseAceObjectId`)
VALUES (30657, 30657);

INSERT INTO `base_ace_object` (`baseAceObjectId`, `name`, `typeId`, `paletteId`, `ammoType`, `blipColor`, `bitField`, `burden`, `combatUse`, `cooldownDuration`, `cooldownId`, `effects`, `containersCapacity`, `header`, `hookTypeId`, `iconId`, `iconOverlayId`, `iconUnderlayId`, `hookItemTypes`, `itemsCapacity`, `location`, `materialType`, `maxStackSize`, `maxStructure`, `radar`, `pscript`, `spellId`, `stackSize`, `structure`, `targetTypeId`, `usability`, `useRadius`, `validLocations`, `value`, `workmanship`, `animationFrameId`, `defaultScript`, `defaultScriptIntensity`, `elasticity`, `friction`, `locationId`, `modelTableId`, `objectScale`, `physicsBitField`, `physicsTableId`, `motionTableId`, `soundTableId`, `physicsState`, `translucency`, `currentMotionState`)
VALUES (25567, 'Glittering Key', 16384, 0, 0, 0, 18, 100, 0, 0, 0, 0, 0, 2640912, 0, 100674911, 0, 0, 0, 0, 0, 0, 0, 1, 0, 0, 0, 0, 1, 640, 2097160, 0, 0, 0, 0, 101, 0, 0, 0, 0, 0, 33554784, 0, 137217, 872415275, 0, 536870932, 1044, 0, '0');

INSERT INTO weenie_class (`weenieClassId`, `baseAceObjectId`)
VALUES (25567, 25567);

INSERT INTO `base_ace_object` (`baseAceObjectId`, `name`, `typeId`, `paletteId`, `ammoType`, `blipColor`, `bitField`, `burden`, `combatUse`, `cooldownDuration`, `cooldownId`, `effects`, `containersCapacity`, `header`, `hookTypeId`, `iconId`, `iconOverlayId`, `iconUnderlayId`, `hookItemTypes`, `itemsCapacity`, `location`, `materialType`, `maxStackSize`, `maxStructure`, `radar`, `pscript`, `spellId`, `stackSize`, `structure`, `targetTypeId`, `usability`, `useRadius`, `validLocations`, `value`, `workmanship`, `animationFrameId`, `defaultScript`, `defaultScriptIntensity`, `elasticity`, `friction`, `locationId`, `modelTableId`, `objectScale`, `physicsBitField`, `physicsTableId`, `motionTableId`, `soundTableId`, `physicsState`, `translucency`, `currentMotionState`)
VALUES (10968, 'Karenua''s Key', 16384, 67111346, 0, 0, 18, 10, 0, 0, 0, 0, 0, 2640920, 0, 100671461, 0, 0, 0, 0, 0, 0, 0, 1, 0, 0, 0, 0, 1, 640, 2097160, 0, 0, 5, 0, 101, 0, 0, 0, 0, 0, 33557000, 0, 137217, 872415275, 0, 536870932, 1044, 0, '0');

INSERT INTO weenie_class (`weenieClassId`, `baseAceObjectId`)
VALUES (10968, 10968);

INSERT INTO `weenie_palette_changes` (`weenieClassId`, `subPaletteId`, `offset`, `length`)
VALUES (10968, 67113157, 0, 0);

INSERT INTO `weenie_animation_changes` (`weenieClassId`, `index`, `animationId`)
VALUES (10968, 9, 16785620);

INSERT INTO `base_ace_object` (`baseAceObjectId`, `name`, `typeId`, `paletteId`, `ammoType`, `blipColor`, `bitField`, `burden`, `combatUse`, `cooldownDuration`, `cooldownId`, `effects`, `containersCapacity`, `header`, `hookTypeId`, `iconId`, `iconOverlayId`, `iconUnderlayId`, `hookItemTypes`, `itemsCapacity`, `location`, `materialType`, `maxStackSize`, `maxStructure`, `radar`, `pscript`, `spellId`, `stackSize`, `structure`, `targetTypeId`, `usability`, `useRadius`, `validLocations`, `value`, `workmanship`, `animationFrameId`, `defaultScript`, `defaultScriptIntensity`, `elasticity`, `friction`, `locationId`, `modelTableId`, `objectScale`, `physicsBitField`, `physicsTableId`, `motionTableId`, `soundTableId`, `physicsState`, `translucency`, `currentMotionState`)
VALUES (7810, 'Yucky Key', 16384, 0, 0, 0, 18, 10, 0, 0, 0, 0, 0, 2640920, 0, 100670820, 0, 0, 0, 0, 0, 0, 0, 4, 0, 0, 0, 0, 4, 640, 2097160, 0, 0, 20, 0, 101, 0, 0, 0, 0, 0, 33554784, 0, 137217, 872415275, 0, 536870932, 1044, 0, '0');

INSERT INTO weenie_class (`weenieClassId`, `baseAceObjectId`)
VALUES (7810, 7810);

INSERT INTO `base_ace_object` (`baseAceObjectId`, `name`, `typeId`, `paletteId`, `ammoType`, `blipColor`, `bitField`, `burden`, `combatUse`, `cooldownDuration`, `cooldownId`, `effects`, `containersCapacity`, `header`, `hookTypeId`, `iconId`, `iconOverlayId`, `iconUnderlayId`, `hookItemTypes`, `itemsCapacity`, `location`, `materialType`, `maxStackSize`, `maxStructure`, `radar`, `pscript`, `spellId`, `stackSize`, `structure`, `targetTypeId`, `usability`, `useRadius`, `validLocations`, `value`, `workmanship`, `animationFrameId`, `defaultScript`, `defaultScriptIntensity`, `elasticity`, `friction`, `locationId`, `modelTableId`, `objectScale`, `physicsBitField`, `physicsTableId`, `motionTableId`, `soundTableId`, `physicsState`, `translucency`, `currentMotionState`)
VALUES (31700, 'Leatherworking Chest Key', 16384, 0, 0, 0, 16, 100, 0, 0, 0, 0, 0, 2640920, 0, 100667469, 0, 0, 0, 0, 0, 0, 0, 5, 0, 0, 0, 0, 5, 640, 2097160, 0, 0, 100, 0, 101, 0, 0, 0, 0, 0, 33554784, 0, 137217, 872415275, 0, 536870932, 1044, 0, '0');

INSERT INTO weenie_class (`weenieClassId`, `baseAceObjectId`)
VALUES (31700, 31700);

INSERT INTO `base_ace_object` (`baseAceObjectId`, `name`, `typeId`, `paletteId`, `ammoType`, `blipColor`, `bitField`, `burden`, `combatUse`, `cooldownDuration`, `cooldownId`, `effects`, `containersCapacity`, `header`, `hookTypeId`, `iconId`, `iconOverlayId`, `iconUnderlayId`, `hookItemTypes`, `itemsCapacity`, `location`, `materialType`, `maxStackSize`, `maxStructure`, `radar`, `pscript`, `spellId`, `stackSize`, `structure`, `targetTypeId`, `usability`, `useRadius`, `validLocations`, `value`, `workmanship`, `animationFrameId`, `defaultScript`, `defaultScriptIntensity`, `elasticity`, `friction`, `locationId`, `modelTableId`, `objectScale`, `physicsBitField`, `physicsTableId`, `motionTableId`, `soundTableId`, `physicsState`, `translucency`, `currentMotionState`)
VALUES (31701, 'Blacksmithing Chest Key', 16384, 0, 0, 0, 16, 100, 0, 0, 0, 0, 0, 2640920, 0, 100667469, 0, 0, 0, 0, 0, 0, 0, 5, 0, 0, 0, 0, 4, 640, 2097160, 0, 0, 80, 0, 101, 0, 0, 0, 0, 0, 33554784, 0, 137217, 872415275, 0, 536870932, 1044, 0, '0');

INSERT INTO weenie_class (`weenieClassId`, `baseAceObjectId`)
VALUES (31701, 31701);

INSERT INTO `base_ace_object` (`baseAceObjectId`, `name`, `typeId`, `paletteId`, `ammoType`, `blipColor`, `bitField`, `burden`, `combatUse`, `cooldownDuration`, `cooldownId`, `effects`, `containersCapacity`, `header`, `hookTypeId`, `iconId`, `iconOverlayId`, `iconUnderlayId`, `hookItemTypes`, `itemsCapacity`, `location`, `materialType`, `maxStackSize`, `maxStructure`, `radar`, `pscript`, `spellId`, `stackSize`, `structure`, `targetTypeId`, `usability`, `useRadius`, `validLocations`, `value`, `workmanship`, `animationFrameId`, `defaultScript`, `defaultScriptIntensity`, `elasticity`, `friction`, `locationId`, `modelTableId`, `objectScale`, `physicsBitField`, `physicsTableId`, `motionTableId`, `soundTableId`, `physicsState`, `translucency`, `currentMotionState`)
VALUES (28771, 'Ruschk Iceberg Key', 16384, 0, 0, 0, 18, 50, 0, 0, 0, 0, 0, 271076368, 2, 100686379, 0, 0, 0, 0, 0, 0, 0, 3, 0, 0, 0, 0, 2, 640, 2097160, 0, 0, 0, 0, 0, 0, 0, 0, 0, 0, 33559157, 0, 6145, 872415275, 0, 536870932, 1044, 0, '0');

INSERT INTO weenie_class (`weenieClassId`, `baseAceObjectId`)
VALUES (28771, 28771);

INSERT INTO `base_ace_object` (`baseAceObjectId`, `name`, `typeId`, `paletteId`, `ammoType`, `blipColor`, `bitField`, `burden`, `combatUse`, `cooldownDuration`, `cooldownId`, `effects`, `containersCapacity`, `header`, `hookTypeId`, `iconId`, `iconOverlayId`, `iconUnderlayId`, `hookItemTypes`, `itemsCapacity`, `location`, `materialType`, `maxStackSize`, `maxStructure`, `radar`, `pscript`, `spellId`, `stackSize`, `structure`, `targetTypeId`, `usability`, `useRadius`, `validLocations`, `value`, `workmanship`, `animationFrameId`, `defaultScript`, `defaultScriptIntensity`, `elasticity`, `friction`, `locationId`, `modelTableId`, `objectScale`, `physicsBitField`, `physicsTableId`, `motionTableId`, `soundTableId`, `physicsState`, `translucency`, `currentMotionState`)
VALUES (5038, 'Hardunna''s Key', 16384, 0, 0, 0, 18, 50, 0, 0, 0, 0, 0, 2640912, 0, 100667485, 0, 0, 0, 0, 0, 0, 0, 3, 0, 0, 0, 0, 3, 640, 2097160, 0, 0, 0, 0, 101, 0, 0, 0, 0, 0, 33554784, 0, 137217, 872415275, 0, 536870932, 1044, 0, '0');

INSERT INTO weenie_class (`weenieClassId`, `baseAceObjectId`)
VALUES (5038, 5038);

INSERT INTO `base_ace_object` (`baseAceObjectId`, `name`, `typeId`, `paletteId`, `ammoType`, `blipColor`, `bitField`, `burden`, `combatUse`, `cooldownDuration`, `cooldownId`, `effects`, `containersCapacity`, `header`, `hookTypeId`, `iconId`, `iconOverlayId`, `iconUnderlayId`, `hookItemTypes`, `itemsCapacity`, `location`, `materialType`, `maxStackSize`, `maxStructure`, `radar`, `pscript`, `spellId`, `stackSize`, `structure`, `targetTypeId`, `usability`, `useRadius`, `validLocations`, `value`, `workmanship`, `animationFrameId`, `defaultScript`, `defaultScriptIntensity`, `elasticity`, `friction`, `locationId`, `modelTableId`, `objectScale`, `physicsBitField`, `physicsTableId`, `motionTableId`, `soundTableId`, `physicsState`, `translucency`, `currentMotionState`)
VALUES (5757, 'Key', 16384, 0, 0, 0, 18, 50, 0, 0, 0, 0, 0, 2640912, 0, 100667485, 0, 0, 0, 0, 0, 0, 0, 2, 0, 0, 0, 0, 2, 640, 2097160, 0, 0, 0, 0, 101, 0, 0, 0, 0, 0, 33554784, 0, 137217, 872415275, 0, 536870932, 1044, 0, '0');

INSERT INTO weenie_class (`weenieClassId`, `baseAceObjectId`)
VALUES (5757, 5757);

INSERT INTO `base_ace_object` (`baseAceObjectId`, `name`, `typeId`, `paletteId`, `ammoType`, `blipColor`, `bitField`, `burden`, `combatUse`, `cooldownDuration`, `cooldownId`, `effects`, `containersCapacity`, `header`, `hookTypeId`, `iconId`, `iconOverlayId`, `iconUnderlayId`, `hookItemTypes`, `itemsCapacity`, `location`, `materialType`, `maxStackSize`, `maxStructure`, `radar`, `pscript`, `spellId`, `stackSize`, `structure`, `targetTypeId`, `usability`, `useRadius`, `validLocations`, `value`, `workmanship`, `animationFrameId`, `defaultScript`, `defaultScriptIntensity`, `elasticity`, `friction`, `locationId`, `modelTableId`, `objectScale`, `physicsBitField`, `physicsTableId`, `motionTableId`, `soundTableId`, `physicsState`, `translucency`, `currentMotionState`)
VALUES (33761, 'Falatacot Vault Key', 16384, 0, 0, 0, 18, 20, 0, 0, 0, 0, 0, 2640912, 0, 100670820, 0, 0, 0, 0, 0, 0, 0, 1, 0, 0, 0, 0, 1, 640, 2097160, 0, 0, 0, 0, 101, 0, 0, 0, 0, 0, 33554784, 0, 137217, 872415275, 0, 536870932, 1044, 0, '0');

INSERT INTO weenie_class (`weenieClassId`, `baseAceObjectId`)
VALUES (33761, 33761);

INSERT INTO `base_ace_object` (`baseAceObjectId`, `name`, `typeId`, `paletteId`, `ammoType`, `blipColor`, `bitField`, `burden`, `combatUse`, `cooldownDuration`, `cooldownId`, `effects`, `containersCapacity`, `header`, `hookTypeId`, `iconId`, `iconOverlayId`, `iconUnderlayId`, `hookItemTypes`, `itemsCapacity`, `location`, `materialType`, `maxStackSize`, `maxStructure`, `radar`, `pscript`, `spellId`, `stackSize`, `structure`, `targetTypeId`, `usability`, `useRadius`, `validLocations`, `value`, `workmanship`, `animationFrameId`, `defaultScript`, `defaultScriptIntensity`, `elasticity`, `friction`, `locationId`, `modelTableId`, `objectScale`, `physicsBitField`, `physicsTableId`, `motionTableId`, `soundTableId`, `physicsState`, `translucency`, `currentMotionState`)
VALUES (8511, 'Ancient Key', 16384, 0, 0, 0, 18, 50, 0, 0, 0, 0, 0, 2640920, 0, 100670820, 0, 0, 0, 0, 0, 0, 0, 1, 0, 0, 0, 0, 1, 640, 2097160, 0, 0, 10, 0, 101, 0, 0, 0, 0, 0, 33554784, 0, 137217, 872415275, 0, 536870932, 1044, 0, '0');

INSERT INTO weenie_class (`weenieClassId`, `baseAceObjectId`)
VALUES (8511, 8511);

INSERT INTO `base_ace_object` (`baseAceObjectId`, `name`, `typeId`, `paletteId`, `ammoType`, `blipColor`, `bitField`, `burden`, `combatUse`, `cooldownDuration`, `cooldownId`, `effects`, `containersCapacity`, `header`, `hookTypeId`, `iconId`, `iconOverlayId`, `iconUnderlayId`, `hookItemTypes`, `itemsCapacity`, `location`, `materialType`, `maxStackSize`, `maxStructure`, `radar`, `pscript`, `spellId`, `stackSize`, `structure`, `targetTypeId`, `usability`, `useRadius`, `validLocations`, `value`, `workmanship`, `animationFrameId`, `defaultScript`, `defaultScriptIntensity`, `elasticity`, `friction`, `locationId`, `modelTableId`, `objectScale`, `physicsBitField`, `physicsTableId`, `motionTableId`, `soundTableId`, `physicsState`, `translucency`, `currentMotionState`)
VALUES (5368, 'Tumerok Key', 16384, 0, 0, 0, 18, 50, 0, 0, 0, 0, 0, 2640912, 0, 100667485, 0, 0, 0, 0, 0, 0, 0, 3, 0, 0, 0, 0, 2, 640, 2097160, 0, 0, 0, 0, 101, 0, 0, 0, 0, 0, 33554784, 0, 137217, 872415275, 0, 536870932, 1044, 0, '0');

INSERT INTO weenie_class (`weenieClassId`, `baseAceObjectId`)
VALUES (5368, 5368);

INSERT INTO `base_ace_object` (`baseAceObjectId`, `name`, `typeId`, `paletteId`, `ammoType`, `blipColor`, `bitField`, `burden`, `combatUse`, `cooldownDuration`, `cooldownId`, `effects`, `containersCapacity`, `header`, `hookTypeId`, `iconId`, `iconOverlayId`, `iconUnderlayId`, `hookItemTypes`, `itemsCapacity`, `location`, `materialType`, `maxStackSize`, `maxStructure`, `radar`, `pscript`, `spellId`, `stackSize`, `structure`, `targetTypeId`, `usability`, `useRadius`, `validLocations`, `value`, `workmanship`, `animationFrameId`, `defaultScript`, `defaultScriptIntensity`, `elasticity`, `friction`, `locationId`, `modelTableId`, `objectScale`, `physicsBitField`, `physicsTableId`, `motionTableId`, `soundTableId`, `physicsState`, `translucency`, `currentMotionState`)
VALUES (27687, 'Strong Iron Key', 16384, 0, 0, 0, 18, 50, 0, 0, 0, 0, 0, 2640912, 0, 100676423, 0, 0, 0, 0, 0, 0, 0, 1, 0, 0, 0, 0, 1, 640, 2097160, 0, 0, 0, 0, 101, 0, 0, 0, 0, 0, 33554784, 0, 137217, 872415275, 0, 536870932, 1044, 0, '0');

INSERT INTO weenie_class (`weenieClassId`, `baseAceObjectId`)
VALUES (27687, 27687);

INSERT INTO `base_ace_object` (`baseAceObjectId`, `name`, `typeId`, `paletteId`, `ammoType`, `blipColor`, `bitField`, `burden`, `combatUse`, `cooldownDuration`, `cooldownId`, `effects`, `containersCapacity`, `header`, `hookTypeId`, `iconId`, `iconOverlayId`, `iconUnderlayId`, `hookItemTypes`, `itemsCapacity`, `location`, `materialType`, `maxStackSize`, `maxStructure`, `radar`, `pscript`, `spellId`, `stackSize`, `structure`, `targetTypeId`, `usability`, `useRadius`, `validLocations`, `value`, `workmanship`, `animationFrameId`, `defaultScript`, `defaultScriptIntensity`, `elasticity`, `friction`, `locationId`, `modelTableId`, `objectScale`, `physicsBitField`, `physicsTableId`, `motionTableId`, `soundTableId`, `physicsState`, `translucency`, `currentMotionState`)
VALUES (14437, 'Storage Key', 16384, 0, 0, 0, 18, 50, 0, 0, 0, 0, 0, 2640920, 0, 100672469, 0, 0, 0, 0, 0, 0, 0, 1, 0, 0, 0, 0, 1, 640, 2097160, 0, 0, 50, 0, 101, 0, 0, 0, 0, 0, 33554784, 0, 137217, 872415275, 0, 536870932, 1044, 0, '0');

INSERT INTO weenie_class (`weenieClassId`, `baseAceObjectId`)
VALUES (14437, 14437);

INSERT INTO `weenie_texture_map_changes` (`weenieClassId`, `index`, `oldId`, `newId`)
VALUES (14437, 0, 83888936, 83893868);

INSERT INTO `weenie_animation_changes` (`weenieClassId`, `index`, `animationId`)
VALUES (14437, 0, 16778599);

INSERT INTO `base_ace_object` (`baseAceObjectId`, `name`, `typeId`, `paletteId`, `ammoType`, `blipColor`, `bitField`, `burden`, `combatUse`, `cooldownDuration`, `cooldownId`, `effects`, `containersCapacity`, `header`, `hookTypeId`, `iconId`, `iconOverlayId`, `iconUnderlayId`, `hookItemTypes`, `itemsCapacity`, `location`, `materialType`, `maxStackSize`, `maxStructure`, `radar`, `pscript`, `spellId`, `stackSize`, `structure`, `targetTypeId`, `usability`, `useRadius`, `validLocations`, `value`, `workmanship`, `animationFrameId`, `defaultScript`, `defaultScriptIntensity`, `elasticity`, `friction`, `locationId`, `modelTableId`, `objectScale`, `physicsBitField`, `physicsTableId`, `motionTableId`, `soundTableId`, `physicsState`, `translucency`, `currentMotionState`)
VALUES (14436, 'Storage Key', 16384, 0, 0, 0, 18, 50, 0, 0, 0, 0, 0, 2640920, 0, 100672469, 0, 0, 0, 0, 0, 0, 0, 1, 0, 0, 0, 0, 1, 640, 2097160, 0, 0, 50, 0, 101, 0, 0, 0, 0, 0, 33554784, 0, 137217, 872415275, 0, 536870932, 1044, 0, '0');

INSERT INTO weenie_class (`weenieClassId`, `baseAceObjectId`)
VALUES (14436, 14436);

INSERT INTO `weenie_texture_map_changes` (`weenieClassId`, `index`, `oldId`, `newId`)
VALUES (14436, 0, 83888936, 83893868);

INSERT INTO `weenie_animation_changes` (`weenieClassId`, `index`, `animationId`)
VALUES (14436, 0, 16778599);

INSERT INTO `base_ace_object` (`baseAceObjectId`, `name`, `typeId`, `paletteId`, `ammoType`, `blipColor`, `bitField`, `burden`, `combatUse`, `cooldownDuration`, `cooldownId`, `effects`, `containersCapacity`, `header`, `hookTypeId`, `iconId`, `iconOverlayId`, `iconUnderlayId`, `hookItemTypes`, `itemsCapacity`, `location`, `materialType`, `maxStackSize`, `maxStructure`, `radar`, `pscript`, `spellId`, `stackSize`, `structure`, `targetTypeId`, `usability`, `useRadius`, `validLocations`, `value`, `workmanship`, `animationFrameId`, `defaultScript`, `defaultScriptIntensity`, `elasticity`, `friction`, `locationId`, `modelTableId`, `objectScale`, `physicsBitField`, `physicsTableId`, `motionTableId`, `soundTableId`, `physicsState`, `translucency`, `currentMotionState`)
VALUES (15814, 'Gate Key', 16384, 0, 0, 0, 18, 50, 0, 0, 0, 0, 0, 2640920, 0, 100672824, 0, 0, 0, 0, 0, 0, 0, 3, 0, 0, 0, 0, 2, 640, 2097160, 0, 0, 66, 0, 101, 0, 0, 0, 0, 0, 33554784, 0, 137217, 872415275, 0, 536870932, 1044, 0, '0');

INSERT INTO weenie_class (`weenieClassId`, `baseAceObjectId`)
VALUES (15814, 15814);

INSERT INTO `weenie_texture_map_changes` (`weenieClassId`, `index`, `oldId`, `newId`)
VALUES (15814, 0, 83888936, 83886763);

INSERT INTO `weenie_animation_changes` (`weenieClassId`, `index`, `animationId`)
VALUES (15814, 0, 16778599);

INSERT INTO `base_ace_object` (`baseAceObjectId`, `name`, `typeId`, `paletteId`, `ammoType`, `blipColor`, `bitField`, `burden`, `combatUse`, `cooldownDuration`, `cooldownId`, `effects`, `containersCapacity`, `header`, `hookTypeId`, `iconId`, `iconOverlayId`, `iconUnderlayId`, `hookItemTypes`, `itemsCapacity`, `location`, `materialType`, `maxStackSize`, `maxStructure`, `radar`, `pscript`, `spellId`, `stackSize`, `structure`, `targetTypeId`, `usability`, `useRadius`, `validLocations`, `value`, `workmanship`, `animationFrameId`, `defaultScript`, `defaultScriptIntensity`, `elasticity`, `friction`, `locationId`, `modelTableId`, `objectScale`, `physicsBitField`, `physicsTableId`, `motionTableId`, `soundTableId`, `physicsState`, `translucency`, `currentMotionState`)
VALUES (6037, 'Key to Hamud''s Chambers', 16384, 0, 0, 0, 18, 50, 0, 0, 0, 0, 0, 2640920, 0, 100668441, 0, 0, 0, 0, 0, 0, 0, 2, 0, 0, 0, 0, 1, 640, 2097160, 0, 0, 15, 0, 101, 0, 0, 0, 0, 0, 33554784, 0, 135169, 872415275, 0, 0, 1044, 0, '0');

INSERT INTO weenie_class (`weenieClassId`, `baseAceObjectId`)
VALUES (6037, 6037);

INSERT INTO `base_ace_object` (`baseAceObjectId`, `name`, `typeId`, `paletteId`, `ammoType`, `blipColor`, `bitField`, `burden`, `combatUse`, `cooldownDuration`, `cooldownId`, `effects`, `containersCapacity`, `header`, `hookTypeId`, `iconId`, `iconOverlayId`, `iconUnderlayId`, `hookItemTypes`, `itemsCapacity`, `location`, `materialType`, `maxStackSize`, `maxStructure`, `radar`, `pscript`, `spellId`, `stackSize`, `structure`, `targetTypeId`, `usability`, `useRadius`, `validLocations`, `value`, `workmanship`, `animationFrameId`, `defaultScript`, `defaultScriptIntensity`, `elasticity`, `friction`, `locationId`, `modelTableId`, `objectScale`, `physicsBitField`, `physicsTableId`, `motionTableId`, `soundTableId`, `physicsState`, `translucency`, `currentMotionState`)
VALUES (24182, 'Key to Jaleh''s Chest', 16384, 0, 0, 0, 18, 60, 0, 0, 0, 0, 0, 2640920, 0, 100674275, 0, 0, 0, 0, 0, 0, 0, 1, 0, 0, 0, 0, 1, 640, 2097160, 0, 0, 100, 0, 101, 0, 0, 0, 0, 0, 33554784, 0, 137217, 872415275, 0, 536870932, 1044, 0, '0');

INSERT INTO weenie_class (`weenieClassId`, `baseAceObjectId`)
VALUES (24182, 24182);

INSERT INTO `base_ace_object` (`baseAceObjectId`, `name`, `typeId`, `paletteId`, `ammoType`, `blipColor`, `bitField`, `burden`, `combatUse`, `cooldownDuration`, `cooldownId`, `effects`, `containersCapacity`, `header`, `hookTypeId`, `iconId`, `iconOverlayId`, `iconUnderlayId`, `hookItemTypes`, `itemsCapacity`, `location`, `materialType`, `maxStackSize`, `maxStructure`, `radar`, `pscript`, `spellId`, `stackSize`, `structure`, `targetTypeId`, `usability`, `useRadius`, `validLocations`, `value`, `workmanship`, `animationFrameId`, `defaultScript`, `defaultScriptIntensity`, `elasticity`, `friction`, `locationId`, `modelTableId`, `objectScale`, `physicsBitField`, `physicsTableId`, `motionTableId`, `soundTableId`, `physicsState`, `translucency`, `currentMotionState`)
VALUES (29233, 'Ishaq''s Lost Key', 16384, 0, 0, 0, 18, 5, 0, 0, 0, 0, 0, 2640912, 0, 100667485, 0, 0, 0, 0, 0, 0, 0, 1, 0, 0, 0, 0, 1, 640, 2097160, 0, 0, 0, 0, 101, 0, 0, 0, 0, 0, 33554784, 0, 137217, 872415275, 0, 536870932, 1044, 0, '0');

INSERT INTO weenie_class (`weenieClassId`, `baseAceObjectId`)
VALUES (29233, 29233);

INSERT INTO `base_ace_object` (`baseAceObjectId`, `name`, `typeId`, `paletteId`, `ammoType`, `blipColor`, `bitField`, `burden`, `combatUse`, `cooldownDuration`, `cooldownId`, `effects`, `containersCapacity`, `header`, `hookTypeId`, `iconId`, `iconOverlayId`, `iconUnderlayId`, `hookItemTypes`, `itemsCapacity`, `location`, `materialType`, `maxStackSize`, `maxStructure`, `radar`, `pscript`, `spellId`, `stackSize`, `structure`, `targetTypeId`, `usability`, `useRadius`, `validLocations`, `value`, `workmanship`, `animationFrameId`, `defaultScript`, `defaultScriptIntensity`, `elasticity`, `friction`, `locationId`, `modelTableId`, `objectScale`, `physicsBitField`, `physicsTableId`, `motionTableId`, `soundTableId`, `physicsState`, `translucency`, `currentMotionState`)
VALUES (40494, 'Apostate Citadel Barracks Key', 16384, 0, 0, 0, 18, 20, 0, 0, 0, 0, 0, 2640912, 0, 100668441, 0, 0, 0, 0, 0, 0, 0, 1, 0, 0, 0, 0, 1, 640, 2097160, 0, 0, 0, 0, 101, 0, 0, 0, 0, 0, 33554784, 0, 137217, 872415275, 0, 536870932, 1044, 0, '0');

INSERT INTO weenie_class (`weenieClassId`, `baseAceObjectId`)
VALUES (40494, 40494);

INSERT INTO `base_ace_object` (`baseAceObjectId`, `name`, `typeId`, `paletteId`, `ammoType`, `blipColor`, `bitField`, `burden`, `combatUse`, `cooldownDuration`, `cooldownId`, `effects`, `containersCapacity`, `header`, `hookTypeId`, `iconId`, `iconOverlayId`, `iconUnderlayId`, `hookItemTypes`, `itemsCapacity`, `location`, `materialType`, `maxStackSize`, `maxStructure`, `radar`, `pscript`, `spellId`, `stackSize`, `structure`, `targetTypeId`, `usability`, `useRadius`, `validLocations`, `value`, `workmanship`, `animationFrameId`, `defaultScript`, `defaultScriptIntensity`, `elasticity`, `friction`, `locationId`, `modelTableId`, `objectScale`, `physicsBitField`, `physicsTableId`, `motionTableId`, `soundTableId`, `physicsState`, `translucency`, `currentMotionState`)
VALUES (40497, 'Apostate Citadel Headquarters Key', 16384, 0, 0, 0, 18, 20, 0, 0, 0, 0, 0, 2640912, 0, 100668441, 0, 0, 0, 0, 0, 0, 0, 1, 0, 0, 0, 0, 1, 640, 2097160, 0, 0, 0, 0, 101, 0, 0, 0, 0, 0, 33554784, 0, 137217, 872415275, 0, 536870932, 1044, 0, '0');

INSERT INTO weenie_class (`weenieClassId`, `baseAceObjectId`)
VALUES (40497, 40497);

INSERT INTO `base_ace_object` (`baseAceObjectId`, `name`, `typeId`, `paletteId`, `ammoType`, `blipColor`, `bitField`, `burden`, `combatUse`, `cooldownDuration`, `cooldownId`, `effects`, `containersCapacity`, `header`, `hookTypeId`, `iconId`, `iconOverlayId`, `iconUnderlayId`, `hookItemTypes`, `itemsCapacity`, `location`, `materialType`, `maxStackSize`, `maxStructure`, `radar`, `pscript`, `spellId`, `stackSize`, `structure`, `targetTypeId`, `usability`, `useRadius`, `validLocations`, `value`, `workmanship`, `animationFrameId`, `defaultScript`, `defaultScriptIntensity`, `elasticity`, `friction`, `locationId`, `modelTableId`, `objectScale`, `physicsBitField`, `physicsTableId`, `motionTableId`, `soundTableId`, `physicsState`, `translucency`, `currentMotionState`)
VALUES (41192, 'Apostate Excavation Laboratory Key', 16384, 0, 0, 0, 18, 20, 0, 0, 0, 0, 0, 2640912, 0, 100668441, 0, 0, 0, 0, 0, 0, 0, 1, 0, 0, 0, 0, 1, 640, 2097160, 0, 0, 0, 0, 101, 0, 0, 0, 0, 0, 33554784, 0, 137217, 872415275, 0, 536870932, 1044, 0, '0');

INSERT INTO weenie_class (`weenieClassId`, `baseAceObjectId`)
VALUES (41192, 41192);

INSERT INTO `base_ace_object` (`baseAceObjectId`, `name`, `typeId`, `paletteId`, `ammoType`, `blipColor`, `bitField`, `burden`, `combatUse`, `cooldownDuration`, `cooldownId`, `effects`, `containersCapacity`, `header`, `hookTypeId`, `iconId`, `iconOverlayId`, `iconUnderlayId`, `hookItemTypes`, `itemsCapacity`, `location`, `materialType`, `maxStackSize`, `maxStructure`, `radar`, `pscript`, `spellId`, `stackSize`, `structure`, `targetTypeId`, `usability`, `useRadius`, `validLocations`, `value`, `workmanship`, `animationFrameId`, `defaultScript`, `defaultScriptIntensity`, `elasticity`, `friction`, `locationId`, `modelTableId`, `objectScale`, `physicsBitField`, `physicsTableId`, `motionTableId`, `soundTableId`, `physicsState`, `translucency`, `currentMotionState`)
VALUES (40805, 'Aetherium Vault Key', 16384, 0, 0, 0, 18, 50, 0, 0, 0, 0, 0, 2640912, 0, 100668441, 0, 0, 0, 0, 0, 0, 0, 1, 0, 0, 0, 0, 1, 640, 2097160, 0, 0, 0, 0, 101, 0, 0, 0, 0, 0, 33554784, 0, 137217, 872415275, 0, 536870932, 1044, 0, '0');

INSERT INTO weenie_class (`weenieClassId`, `baseAceObjectId`)
VALUES (40805, 40805);

INSERT INTO `base_ace_object` (`baseAceObjectId`, `name`, `typeId`, `paletteId`, `ammoType`, `blipColor`, `bitField`, `burden`, `combatUse`, `cooldownDuration`, `cooldownId`, `effects`, `containersCapacity`, `header`, `hookTypeId`, `iconId`, `iconOverlayId`, `iconUnderlayId`, `hookItemTypes`, `itemsCapacity`, `location`, `materialType`, `maxStackSize`, `maxStructure`, `radar`, `pscript`, `spellId`, `stackSize`, `structure`, `targetTypeId`, `usability`, `useRadius`, `validLocations`, `value`, `workmanship`, `animationFrameId`, `defaultScript`, `defaultScriptIntensity`, `elasticity`, `friction`, `locationId`, `modelTableId`, `objectScale`, `physicsBitField`, `physicsTableId`, `motionTableId`, `soundTableId`, `physicsState`, `translucency`, `currentMotionState`)
VALUES (38641, 'Joroshi''s Key', 16384, 0, 0, 0, 18, 25, 0, 0, 0, 0, 0, 2640912, 0, 100690203, 0, 0, 0, 0, 0, 0, 0, 1, 0, 0, 0, 0, 1, 640, 2097160, 0, 0, 0, 0, 101, 0, 0, 0, 0, 0, 33554784, 0, 137217, 872415275, 0, 536870932, 1044, 0, '0');

INSERT INTO weenie_class (`weenieClassId`, `baseAceObjectId`)
VALUES (38641, 38641);

INSERT INTO `base_ace_object` (`baseAceObjectId`, `name`, `typeId`, `paletteId`, `ammoType`, `blipColor`, `bitField`, `burden`, `combatUse`, `cooldownDuration`, `cooldownId`, `effects`, `containersCapacity`, `header`, `hookTypeId`, `iconId`, `iconOverlayId`, `iconUnderlayId`, `hookItemTypes`, `itemsCapacity`, `location`, `materialType`, `maxStackSize`, `maxStructure`, `radar`, `pscript`, `spellId`, `stackSize`, `structure`, `targetTypeId`, `usability`, `useRadius`, `validLocations`, `value`, `workmanship`, `animationFrameId`, `defaultScript`, `defaultScriptIntensity`, `elasticity`, `friction`, `locationId`, `modelTableId`, `objectScale`, `physicsBitField`, `physicsTableId`, `motionTableId`, `soundTableId`, `physicsState`, `translucency`, `currentMotionState`)
VALUES (38642, 'Donnarion''s Key', 16384, 0, 0, 0, 18, 25, 0, 0, 0, 0, 0, 2640912, 0, 100690201, 0, 0, 0, 0, 0, 0, 0, 1, 0, 0, 0, 0, 1, 640, 2097160, 0, 0, 0, 0, 101, 0, 0, 0, 0, 0, 33554784, 0, 137217, 872415275, 0, 536870932, 1044, 0, '0');

INSERT INTO weenie_class (`weenieClassId`, `baseAceObjectId`)
VALUES (38642, 38642);

INSERT INTO `base_ace_object` (`baseAceObjectId`, `name`, `typeId`, `paletteId`, `ammoType`, `blipColor`, `bitField`, `burden`, `combatUse`, `cooldownDuration`, `cooldownId`, `effects`, `containersCapacity`, `header`, `hookTypeId`, `iconId`, `iconOverlayId`, `iconUnderlayId`, `hookItemTypes`, `itemsCapacity`, `location`, `materialType`, `maxStackSize`, `maxStructure`, `radar`, `pscript`, `spellId`, `stackSize`, `structure`, `targetTypeId`, `usability`, `useRadius`, `validLocations`, `value`, `workmanship`, `animationFrameId`, `defaultScript`, `defaultScriptIntensity`, `elasticity`, `friction`, `locationId`, `modelTableId`, `objectScale`, `physicsBitField`, `physicsTableId`, `motionTableId`, `soundTableId`, `physicsState`, `translucency`, `currentMotionState`)
VALUES (38640, 'Haroush''s Key', 16384, 0, 0, 0, 18, 25, 0, 0, 0, 0, 0, 2640912, 0, 100690202, 0, 0, 0, 0, 0, 0, 0, 1, 0, 0, 0, 0, 1, 640, 2097160, 0, 0, 0, 0, 101, 0, 0, 0, 0, 0, 33554784, 0, 137217, 872415275, 0, 536870932, 1044, 0, '0');

INSERT INTO weenie_class (`weenieClassId`, `baseAceObjectId`)
VALUES (38640, 38640);

INSERT INTO `base_ace_object` (`baseAceObjectId`, `name`, `typeId`, `paletteId`, `ammoType`, `blipColor`, `bitField`, `burden`, `combatUse`, `cooldownDuration`, `cooldownId`, `effects`, `containersCapacity`, `header`, `hookTypeId`, `iconId`, `iconOverlayId`, `iconUnderlayId`, `hookItemTypes`, `itemsCapacity`, `location`, `materialType`, `maxStackSize`, `maxStructure`, `radar`, `pscript`, `spellId`, `stackSize`, `structure`, `targetTypeId`, `usability`, `useRadius`, `validLocations`, `value`, `workmanship`, `animationFrameId`, `defaultScript`, `defaultScriptIntensity`, `elasticity`, `friction`, `locationId`, `modelTableId`, `objectScale`, `physicsBitField`, `physicsTableId`, `motionTableId`, `soundTableId`, `physicsState`, `translucency`, `currentMotionState`)
VALUES (2546, 'Silvery Key', 16384, 0, 0, 0, 18, 50, 0, 0, 0, 0, 0, 2640920, 0, 100667485, 0, 0, 0, 0, 0, 0, 0, 3, 0, 0, 0, 0, 3, 640, 2097160, 0, 0, 50, 0, 101, 0, 0, 0, 0, 0, 33554784, 0, 137217, 872415275, 0, 536870932, 1044, 0, '0');

INSERT INTO weenie_class (`weenieClassId`, `baseAceObjectId`)
VALUES (2546, 2546);

INSERT INTO `base_ace_object` (`baseAceObjectId`, `name`, `typeId`, `paletteId`, `ammoType`, `blipColor`, `bitField`, `burden`, `combatUse`, `cooldownDuration`, `cooldownId`, `effects`, `containersCapacity`, `header`, `hookTypeId`, `iconId`, `iconOverlayId`, `iconUnderlayId`, `hookItemTypes`, `itemsCapacity`, `location`, `materialType`, `maxStackSize`, `maxStructure`, `radar`, `pscript`, `spellId`, `stackSize`, `structure`, `targetTypeId`, `usability`, `useRadius`, `validLocations`, `value`, `workmanship`, `animationFrameId`, `defaultScript`, `defaultScriptIntensity`, `elasticity`, `friction`, `locationId`, `modelTableId`, `objectScale`, `physicsBitField`, `physicsTableId`, `motionTableId`, `soundTableId`, `physicsState`, `translucency`, `currentMotionState`)
VALUES (6036, 'Foundry Key', 16384, 0, 0, 0, 18, 50, 0, 0, 0, 0, 0, 2640920, 0, 100668441, 0, 0, 0, 0, 0, 0, 0, 2, 0, 0, 0, 0, 1, 640, 2097160, 0, 0, 15, 0, 101, 0, 0, 0, 0, 0, 33554784, 0, 135169, 872415275, 0, 0, 1044, 0, '0');

INSERT INTO weenie_class (`weenieClassId`, `baseAceObjectId`)
VALUES (6036, 6036);

INSERT INTO `base_ace_object` (`baseAceObjectId`, `name`, `typeId`, `paletteId`, `ammoType`, `blipColor`, `bitField`, `burden`, `combatUse`, `cooldownDuration`, `cooldownId`, `effects`, `containersCapacity`, `header`, `hookTypeId`, `iconId`, `iconOverlayId`, `iconUnderlayId`, `hookItemTypes`, `itemsCapacity`, `location`, `materialType`, `maxStackSize`, `maxStructure`, `radar`, `pscript`, `spellId`, `stackSize`, `structure`, `targetTypeId`, `usability`, `useRadius`, `validLocations`, `value`, `workmanship`, `animationFrameId`, `defaultScript`, `defaultScriptIntensity`, `elasticity`, `friction`, `locationId`, `modelTableId`, `objectScale`, `physicsBitField`, `physicsTableId`, `motionTableId`, `soundTableId`, `physicsState`, `translucency`, `currentMotionState`)
VALUES (38314, 'Initiate''s Treasure Key', 16384, 0, 0, 0, 18, 50, 0, 0, 0, 0, 0, 2640912, 0, 100668441, 0, 0, 0, 0, 0, 0, 0, 1, 0, 0, 0, 0, 1, 640, 2097160, 0, 0, 0, 0, 101, 0, 0, 0, 0, 0, 33554784, 0, 135169, 872415275, 0, 0, 1044, 0, '0');

INSERT INTO weenie_class (`weenieClassId`, `baseAceObjectId`)
VALUES (38314, 38314);

INSERT INTO `base_ace_object` (`baseAceObjectId`, `name`, `typeId`, `paletteId`, `ammoType`, `blipColor`, `bitField`, `burden`, `combatUse`, `cooldownDuration`, `cooldownId`, `effects`, `containersCapacity`, `header`, `hookTypeId`, `iconId`, `iconOverlayId`, `iconUnderlayId`, `hookItemTypes`, `itemsCapacity`, `location`, `materialType`, `maxStackSize`, `maxStructure`, `radar`, `pscript`, `spellId`, `stackSize`, `structure`, `targetTypeId`, `usability`, `useRadius`, `validLocations`, `value`, `workmanship`, `animationFrameId`, `defaultScript`, `defaultScriptIntensity`, `elasticity`, `friction`, `locationId`, `modelTableId`, `objectScale`, `physicsBitField`, `physicsTableId`, `motionTableId`, `soundTableId`, `physicsState`, `translucency`, `currentMotionState`)
VALUES (30257, 'Grand Casino Golden Keyring', 16384, 0, 0, 0, 67108882, 5, 0, 0, 0, 0, 0, 271076368, 2, 100686707, 0, 100686604, 0, 0, 0, 0, 0, 25, 0, 0, 0, 0, 25, 640, 2097160, 0, 0, 0, 0, 101, 0, 0, 0, 0, 0, 33557005, 0, 137217, 872415275, 0, 536870932, 1044, 0, '0');

INSERT INTO weenie_class (`weenieClassId`, `baseAceObjectId`)
VALUES (30257, 30257);

INSERT INTO `base_ace_object` (`baseAceObjectId`, `name`, `typeId`, `paletteId`, `ammoType`, `blipColor`, `bitField`, `burden`, `combatUse`, `cooldownDuration`, `cooldownId`, `effects`, `containersCapacity`, `header`, `hookTypeId`, `iconId`, `iconOverlayId`, `iconUnderlayId`, `hookItemTypes`, `itemsCapacity`, `location`, `materialType`, `maxStackSize`, `maxStructure`, `radar`, `pscript`, `spellId`, `stackSize`, `structure`, `targetTypeId`, `usability`, `useRadius`, `validLocations`, `value`, `workmanship`, `animationFrameId`, `defaultScript`, `defaultScriptIntensity`, `elasticity`, `friction`, `locationId`, `modelTableId`, `objectScale`, `physicsBitField`, `physicsTableId`, `motionTableId`, `soundTableId`, `physicsState`, `translucency`, `currentMotionState`)
VALUES (43519, 'Entryway Key', 16384, 0, 0, 0, 18, 50, 0, 0, 0, 0, 0, 2640920, 0, 100667485, 0, 0, 0, 0, 0, 0, 0, 2, 0, 0, 0, 0, 1, 640, 2097160, 0, 0, 50, 0, 101, 0, 0, 0, 0, 0, 33554784, 0, 137217, 872415275, 0, 536870932, 1044, 0, '0');

INSERT INTO weenie_class (`weenieClassId`, `baseAceObjectId`)
VALUES (43519, 43519);

INSERT INTO `base_ace_object` (`baseAceObjectId`, `name`, `typeId`, `paletteId`, `ammoType`, `blipColor`, `bitField`, `burden`, `combatUse`, `cooldownDuration`, `cooldownId`, `effects`, `containersCapacity`, `header`, `hookTypeId`, `iconId`, `iconOverlayId`, `iconUnderlayId`, `hookItemTypes`, `itemsCapacity`, `location`, `materialType`, `maxStackSize`, `maxStructure`, `radar`, `pscript`, `spellId`, `stackSize`, `structure`, `targetTypeId`, `usability`, `useRadius`, `validLocations`, `value`, `workmanship`, `animationFrameId`, `defaultScript`, `defaultScriptIntensity`, `elasticity`, `friction`, `locationId`, `modelTableId`, `objectScale`, `physicsBitField`, `physicsTableId`, `motionTableId`, `soundTableId`, `physicsState`, `translucency`, `currentMotionState`)
VALUES (22924, 'Asylum Key', 16384, 67111346, 0, 0, 18, 50, 0, 0, 0, 0, 0, 2640920, 0, 100671457, 0, 0, 0, 0, 0, 0, 0, 1, 0, 0, 0, 0, 1, 640, 2097160, 0, 0, 100, 0, 101, 0, 0, 0, 0, 0, 33557000, 0, 137217, 872415275, 0, 536870932, 1044, 0, '0');

INSERT INTO weenie_class (`weenieClassId`, `baseAceObjectId`)
VALUES (22924, 22924);

INSERT INTO `weenie_palette_changes` (`weenieClassId`, `subPaletteId`, `offset`, `length`)
VALUES (22924, 67113157, 0, 0);

INSERT INTO `weenie_animation_changes` (`weenieClassId`, `index`, `animationId`)
VALUES (22924, 9, 16785620);

INSERT INTO `base_ace_object` (`baseAceObjectId`, `name`, `typeId`, `paletteId`, `ammoType`, `blipColor`, `bitField`, `burden`, `combatUse`, `cooldownDuration`, `cooldownId`, `effects`, `containersCapacity`, `header`, `hookTypeId`, `iconId`, `iconOverlayId`, `iconUnderlayId`, `hookItemTypes`, `itemsCapacity`, `location`, `materialType`, `maxStackSize`, `maxStructure`, `radar`, `pscript`, `spellId`, `stackSize`, `structure`, `targetTypeId`, `usability`, `useRadius`, `validLocations`, `value`, `workmanship`, `animationFrameId`, `defaultScript`, `defaultScriptIntensity`, `elasticity`, `friction`, `locationId`, `modelTableId`, `objectScale`, `physicsBitField`, `physicsTableId`, `motionTableId`, `soundTableId`, `physicsState`, `translucency`, `currentMotionState`)
VALUES (43521, 'Cellar Key', 16384, 0, 0, 0, 18, 50, 0, 0, 0, 0, 0, 2640920, 0, 100667485, 0, 0, 0, 0, 0, 0, 0, 2, 0, 0, 0, 0, 1, 640, 2097160, 0, 0, 50, 0, 101, 0, 0, 0, 0, 0, 33554784, 0, 137217, 872415275, 0, 536870932, 1044, 0, '0');

INSERT INTO weenie_class (`weenieClassId`, `baseAceObjectId`)
VALUES (43521, 43521);

INSERT INTO `base_ace_object` (`baseAceObjectId`, `name`, `typeId`, `paletteId`, `ammoType`, `blipColor`, `bitField`, `burden`, `combatUse`, `cooldownDuration`, `cooldownId`, `effects`, `containersCapacity`, `header`, `hookTypeId`, `iconId`, `iconOverlayId`, `iconUnderlayId`, `hookItemTypes`, `itemsCapacity`, `location`, `materialType`, `maxStackSize`, `maxStructure`, `radar`, `pscript`, `spellId`, `stackSize`, `structure`, `targetTypeId`, `usability`, `useRadius`, `validLocations`, `value`, `workmanship`, `animationFrameId`, `defaultScript`, `defaultScriptIntensity`, `elasticity`, `friction`, `locationId`, `modelTableId`, `objectScale`, `physicsBitField`, `physicsTableId`, `motionTableId`, `soundTableId`, `physicsState`, `translucency`, `currentMotionState`)
VALUES (28773, 'Dericost Ruin Key', 16384, 0, 0, 0, 18, 5, 0, 0, 0, 0, 0, 271059984, 2, 100686379, 0, 0, 0, 0, 0, 0, 0, 3, 0, 0, 0, 0, 3, 640, 2097160, 0, 0, 0, 0, 0, 0, 0, 0, 0, 0, 33559156, 0, 38917, 872415275, 0, 536870932, 1044, 0, '0');

INSERT INTO weenie_class (`weenieClassId`, `baseAceObjectId`)
VALUES (28773, 28773);

INSERT INTO `base_ace_object` (`baseAceObjectId`, `name`, `typeId`, `paletteId`, `ammoType`, `blipColor`, `bitField`, `burden`, `combatUse`, `cooldownDuration`, `cooldownId`, `effects`, `containersCapacity`, `header`, `hookTypeId`, `iconId`, `iconOverlayId`, `iconUnderlayId`, `hookItemTypes`, `itemsCapacity`, `location`, `materialType`, `maxStackSize`, `maxStructure`, `radar`, `pscript`, `spellId`, `stackSize`, `structure`, `targetTypeId`, `usability`, `useRadius`, `validLocations`, `value`, `workmanship`, `animationFrameId`, `defaultScript`, `defaultScriptIntensity`, `elasticity`, `friction`, `locationId`, `modelTableId`, `objectScale`, `physicsBitField`, `physicsTableId`, `motionTableId`, `soundTableId`, `physicsState`, `translucency`, `currentMotionState`)
VALUES (40576, 'Door Key', 16384, 0, 0, 0, 18, 50, 0, 0, 0, 0, 0, 2640920, 0, 100667486, 0, 0, 0, 0, 0, 0, 0, 3, 0, 0, 0, 0, 2, 640, 2097160, 0, 0, 33, 0, 101, 0, 0, 0, 0, 0, 33554784, 0, 137217, 872415275, 0, 536870932, 1044, 0, '0');

INSERT INTO weenie_class (`weenieClassId`, `baseAceObjectId`)
VALUES (40576, 40576);

INSERT INTO `base_ace_object` (`baseAceObjectId`, `name`, `typeId`, `paletteId`, `ammoType`, `blipColor`, `bitField`, `burden`, `combatUse`, `cooldownDuration`, `cooldownId`, `effects`, `containersCapacity`, `header`, `hookTypeId`, `iconId`, `iconOverlayId`, `iconUnderlayId`, `hookItemTypes`, `itemsCapacity`, `location`, `materialType`, `maxStackSize`, `maxStructure`, `radar`, `pscript`, `spellId`, `stackSize`, `structure`, `targetTypeId`, `usability`, `useRadius`, `validLocations`, `value`, `workmanship`, `animationFrameId`, `defaultScript`, `defaultScriptIntensity`, `elasticity`, `friction`, `locationId`, `modelTableId`, `objectScale`, `physicsBitField`, `physicsTableId`, `motionTableId`, `soundTableId`, `physicsState`, `translucency`, `currentMotionState`)
VALUES (1320, 'Gold Key', 16384, 0, 0, 0, 18, 50, 0, 0, 0, 0, 0, 2640920, 0, 100667483, 0, 0, 0, 0, 0, 0, 0, 10, 0, 0, 0, 0, 8, 640, 2097160, 0, 0, 80, 0, 101, 0, 0, 0, 0, 0, 33554784, 0, 135169, 872415275, 0, 0, 1044, 0, '0');

INSERT INTO weenie_class (`weenieClassId`, `baseAceObjectId`)
VALUES (1320, 1320);

INSERT INTO `base_ace_object` (`baseAceObjectId`, `name`, `typeId`, `paletteId`, `ammoType`, `blipColor`, `bitField`, `burden`, `combatUse`, `cooldownDuration`, `cooldownId`, `effects`, `containersCapacity`, `header`, `hookTypeId`, `iconId`, `iconOverlayId`, `iconUnderlayId`, `hookItemTypes`, `itemsCapacity`, `location`, `materialType`, `maxStackSize`, `maxStructure`, `radar`, `pscript`, `spellId`, `stackSize`, `structure`, `targetTypeId`, `usability`, `useRadius`, `validLocations`, `value`, `workmanship`, `animationFrameId`, `defaultScript`, `defaultScriptIntensity`, `elasticity`, `friction`, `locationId`, `modelTableId`, `objectScale`, `physicsBitField`, `physicsTableId`, `motionTableId`, `soundTableId`, `physicsState`, `translucency`, `currentMotionState`)
VALUES (46460, 'Final Gate Key', 16384, 0, 0, 0, 18, 30, 0, 0, 0, 64, 0, 2641048, 0, 100691954, 0, 0, 0, 0, 0, 0, 0, 1, 0, 0, 0, 0, 1, 640, 2097160, 0, 0, 10000, 0, 101, 0, 0, 0, 0, 0, 33554784, 0, 137217, 872415275, 0, 536870932, 1044, 0, '0');

INSERT INTO weenie_class (`weenieClassId`, `baseAceObjectId`)
VALUES (46460, 46460);

INSERT INTO `base_ace_object` (`baseAceObjectId`, `name`, `typeId`, `paletteId`, `ammoType`, `blipColor`, `bitField`, `burden`, `combatUse`, `cooldownDuration`, `cooldownId`, `effects`, `containersCapacity`, `header`, `hookTypeId`, `iconId`, `iconOverlayId`, `iconUnderlayId`, `hookItemTypes`, `itemsCapacity`, `location`, `materialType`, `maxStackSize`, `maxStructure`, `radar`, `pscript`, `spellId`, `stackSize`, `structure`, `targetTypeId`, `usability`, `useRadius`, `validLocations`, `value`, `workmanship`, `animationFrameId`, `defaultScript`, `defaultScriptIntensity`, `elasticity`, `friction`, `locationId`, `modelTableId`, `objectScale`, `physicsBitField`, `physicsTableId`, `motionTableId`, `soundTableId`, `physicsState`, `translucency`, `currentMotionState`)
VALUES (46461, 'Middle Gate Key', 16384, 0, 0, 0, 18, 30, 0, 0, 0, 64, 0, 2641048, 0, 100691954, 0, 0, 0, 0, 0, 0, 0, 1, 0, 0, 0, 0, 1, 640, 2097160, 0, 0, 10000, 0, 101, 0, 0, 0, 0, 0, 33554784, 0, 137217, 872415275, 0, 536870932, 1044, 0, '0');

INSERT INTO weenie_class (`weenieClassId`, `baseAceObjectId`)
VALUES (46461, 46461);

INSERT INTO `base_ace_object` (`baseAceObjectId`, `name`, `typeId`, `paletteId`, `ammoType`, `blipColor`, `bitField`, `burden`, `combatUse`, `cooldownDuration`, `cooldownId`, `effects`, `containersCapacity`, `header`, `hookTypeId`, `iconId`, `iconOverlayId`, `iconUnderlayId`, `hookItemTypes`, `itemsCapacity`, `location`, `materialType`, `maxStackSize`, `maxStructure`, `radar`, `pscript`, `spellId`, `stackSize`, `structure`, `targetTypeId`, `usability`, `useRadius`, `validLocations`, `value`, `workmanship`, `animationFrameId`, `defaultScript`, `defaultScriptIntensity`, `elasticity`, `friction`, `locationId`, `modelTableId`, `objectScale`, `physicsBitField`, `physicsTableId`, `motionTableId`, `soundTableId`, `physicsState`, `translucency`, `currentMotionState`)
VALUES (9105, 'Trunk Key', 16384, 0, 0, 0, 18, 20, 0, 0, 0, 0, 0, 2640920, 0, 100667485, 0, 0, 0, 0, 0, 0, 0, 1, 0, 0, 0, 0, 1, 640, 2097160, 0, 0, 5, 0, 101, 0, 0, 0, 0, 0, 33554784, 0, 137217, 872415275, 0, 536870932, 1044, 0, '0');

INSERT INTO weenie_class (`weenieClassId`, `baseAceObjectId`)
VALUES (9105, 9105);

INSERT INTO `base_ace_object` (`baseAceObjectId`, `name`, `typeId`, `paletteId`, `ammoType`, `blipColor`, `bitField`, `burden`, `combatUse`, `cooldownDuration`, `cooldownId`, `effects`, `containersCapacity`, `header`, `hookTypeId`, `iconId`, `iconOverlayId`, `iconUnderlayId`, `hookItemTypes`, `itemsCapacity`, `location`, `materialType`, `maxStackSize`, `maxStructure`, `radar`, `pscript`, `spellId`, `stackSize`, `structure`, `targetTypeId`, `usability`, `useRadius`, `validLocations`, `value`, `workmanship`, `animationFrameId`, `defaultScript`, `defaultScriptIntensity`, `elasticity`, `friction`, `locationId`, `modelTableId`, `objectScale`, `physicsBitField`, `physicsTableId`, `motionTableId`, `soundTableId`, `physicsState`, `translucency`, `currentMotionState`)
VALUES (51963, 'Legendary Key', 16384, 0, 0, 0, 18, 30, 0, 0, 0, 64, 0, 2641048, 0, 100693001, 0, 0, 0, 0, 0, 0, 0, 25, 0, 0, 0, 0, 25, 640, 2097160, 0, 0, 50000, 0, 101, 0, 0, 0, 0, 0, 33554784, 0, 137217, 872415275, 0, 536870932, 1044, 0, '0');

INSERT INTO weenie_class (`weenieClassId`, `baseAceObjectId`)
VALUES (51963, 51963);

INSERT INTO `base_ace_object` (`baseAceObjectId`, `name`, `typeId`, `paletteId`, `ammoType`, `blipColor`, `bitField`, `burden`, `combatUse`, `cooldownDuration`, `cooldownId`, `effects`, `containersCapacity`, `header`, `hookTypeId`, `iconId`, `iconOverlayId`, `iconUnderlayId`, `hookItemTypes`, `itemsCapacity`, `location`, `materialType`, `maxStackSize`, `maxStructure`, `radar`, `pscript`, `spellId`, `stackSize`, `structure`, `targetTypeId`, `usability`, `useRadius`, `validLocations`, `value`, `workmanship`, `animationFrameId`, `defaultScript`, `defaultScriptIntensity`, `elasticity`, `friction`, `locationId`, `modelTableId`, `objectScale`, `physicsBitField`, `physicsTableId`, `motionTableId`, `soundTableId`, `physicsState`, `translucency`, `currentMotionState`)
VALUES (5157, 'Jilsaya''s Key', 16384, 0, 0, 0, 18, 135, 0, 0, 0, 0, 0, 2640912, 0, 100668439, 0, 0, 0, 0, 0, 0, 0, 1, 0, 0, 0, 0, 1, 640, 2097160, 0, 0, 0, 0, 101, 0, 0, 0, 0, 0, 33554784, 0, 137217, 872415275, 0, 536870932, 1044, 0, '0');

INSERT INTO weenie_class (`weenieClassId`, `baseAceObjectId`)
VALUES (5157, 5157);

INSERT INTO `base_ace_object` (`baseAceObjectId`, `name`, `typeId`, `paletteId`, `ammoType`, `blipColor`, `bitField`, `burden`, `combatUse`, `cooldownDuration`, `cooldownId`, `effects`, `containersCapacity`, `header`, `hookTypeId`, `iconId`, `iconOverlayId`, `iconUnderlayId`, `hookItemTypes`, `itemsCapacity`, `location`, `materialType`, `maxStackSize`, `maxStructure`, `radar`, `pscript`, `spellId`, `stackSize`, `structure`, `targetTypeId`, `usability`, `useRadius`, `validLocations`, `value`, `workmanship`, `animationFrameId`, `defaultScript`, `defaultScriptIntensity`, `elasticity`, `friction`, `locationId`, `modelTableId`, `objectScale`, `physicsBitField`, `physicsTableId`, `motionTableId`, `soundTableId`, `physicsState`, `translucency`, `currentMotionState`)
VALUES (5135, 'Library Key', 16384, 0, 0, 0, 18, 135, 0, 0, 0, 0, 0, 2640912, 0, 100668439, 0, 0, 0, 0, 0, 0, 0, 3, 0, 0, 0, 0, 2, 640, 2097160, 0, 0, 0, 0, 101, 0, 0, 0, 0, 0, 33554784, 0, 137217, 872415275, 0, 536870932, 1044, 0, '0');

INSERT INTO weenie_class (`weenieClassId`, `baseAceObjectId`)
VALUES (5135, 5135);

INSERT INTO `base_ace_object` (`baseAceObjectId`, `name`, `typeId`, `paletteId`, `ammoType`, `blipColor`, `bitField`, `burden`, `combatUse`, `cooldownDuration`, `cooldownId`, `effects`, `containersCapacity`, `header`, `hookTypeId`, `iconId`, `iconOverlayId`, `iconUnderlayId`, `hookItemTypes`, `itemsCapacity`, `location`, `materialType`, `maxStackSize`, `maxStructure`, `radar`, `pscript`, `spellId`, `stackSize`, `structure`, `targetTypeId`, `usability`, `useRadius`, `validLocations`, `value`, `workmanship`, `animationFrameId`, `defaultScript`, `defaultScriptIntensity`, `elasticity`, `friction`, `locationId`, `modelTableId`, `objectScale`, `physicsBitField`, `physicsTableId`, `motionTableId`, `soundTableId`, `physicsState`, `translucency`, `currentMotionState`)
VALUES (1358, 'Worn Key', 16384, 0, 0, 0, 18, 50, 0, 0, 0, 0, 0, 2640920, 0, 100667485, 0, 0, 0, 0, 0, 0, 0, 1, 0, 0, 0, 0, 1, 640, 2097160, 0, 0, 50, 0, 101, 0, 0, 0, 0, 0, 33554784, 0, 137217, 872415275, 0, 536870932, 1044, 0, '0');

INSERT INTO weenie_class (`weenieClassId`, `baseAceObjectId`)
VALUES (1358, 1358);

INSERT INTO `base_ace_object` (`baseAceObjectId`, `name`, `typeId`, `paletteId`, `ammoType`, `blipColor`, `bitField`, `burden`, `combatUse`, `cooldownDuration`, `cooldownId`, `effects`, `containersCapacity`, `header`, `hookTypeId`, `iconId`, `iconOverlayId`, `iconUnderlayId`, `hookItemTypes`, `itemsCapacity`, `location`, `materialType`, `maxStackSize`, `maxStructure`, `radar`, `pscript`, `spellId`, `stackSize`, `structure`, `targetTypeId`, `usability`, `useRadius`, `validLocations`, `value`, `workmanship`, `animationFrameId`, `defaultScript`, `defaultScriptIntensity`, `elasticity`, `friction`, `locationId`, `modelTableId`, `objectScale`, `physicsBitField`, `physicsTableId`, `motionTableId`, `soundTableId`, `physicsState`, `translucency`, `currentMotionState`)
VALUES (1352, 'Zalphoos'' Key', 16384, 0, 0, 0, 18, 50, 0, 0, 0, 0, 0, 2640920, 0, 100667486, 0, 0, 0, 0, 0, 0, 0, 3, 0, 0, 0, 0, 2, 640, 2097160, 0, 0, 600, 0, 101, 0, 0, 0, 0, 0, 33554784, 0, 137217, 872415275, 0, 536870932, 1044, 0, '0');

INSERT INTO weenie_class (`weenieClassId`, `baseAceObjectId`)
VALUES (1352, 1352);

INSERT INTO `base_ace_object` (`baseAceObjectId`, `name`, `typeId`, `paletteId`, `ammoType`, `blipColor`, `bitField`, `burden`, `combatUse`, `cooldownDuration`, `cooldownId`, `effects`, `containersCapacity`, `header`, `hookTypeId`, `iconId`, `iconOverlayId`, `iconUnderlayId`, `hookItemTypes`, `itemsCapacity`, `location`, `materialType`, `maxStackSize`, `maxStructure`, `radar`, `pscript`, `spellId`, `stackSize`, `structure`, `targetTypeId`, `usability`, `useRadius`, `validLocations`, `value`, `workmanship`, `animationFrameId`, `defaultScript`, `defaultScriptIntensity`, `elasticity`, `friction`, `locationId`, `modelTableId`, `objectScale`, `physicsBitField`, `physicsTableId`, `motionTableId`, `soundTableId`, `physicsState`, `translucency`, `currentMotionState`)
VALUES (5895, 'Karwin''s Key', 16384, 0, 0, 0, 18, 50, 0, 0, 0, 0, 0, 2640920, 0, 100667486, 0, 0, 0, 0, 0, 0, 0, 3, 0, 0, 0, 0, 2, 640, 2097160, 0, 0, 16, 0, 101, 0, 0, 0, 0, 0, 33554784, 0, 137217, 872415275, 0, 536870932, 1044, 0, '0');

INSERT INTO weenie_class (`weenieClassId`, `baseAceObjectId`)
VALUES (5895, 5895);

INSERT INTO `base_ace_object` (`baseAceObjectId`, `name`, `typeId`, `paletteId`, `ammoType`, `blipColor`, `bitField`, `burden`, `combatUse`, `cooldownDuration`, `cooldownId`, `effects`, `containersCapacity`, `header`, `hookTypeId`, `iconId`, `iconOverlayId`, `iconUnderlayId`, `hookItemTypes`, `itemsCapacity`, `location`, `materialType`, `maxStackSize`, `maxStructure`, `radar`, `pscript`, `spellId`, `stackSize`, `structure`, `targetTypeId`, `usability`, `useRadius`, `validLocations`, `value`, `workmanship`, `animationFrameId`, `defaultScript`, `defaultScriptIntensity`, `elasticity`, `friction`, `locationId`, `modelTableId`, `objectScale`, `physicsBitField`, `physicsTableId`, `motionTableId`, `soundTableId`, `physicsState`, `translucency`, `currentMotionState`)
VALUES (51586, 'Legendary Key', 16384, 0, 0, 0, 18, 30, 0, 0, 0, 64, 0, 2624664, 0, 100693001, 0, 0, 0, 0, 0, 0, 0, 3, 0, 0, 0, 0, 3, 640, 2097160, 0, 0, 10000, 0, 101, 0, 0, 0, 0, 0, 33554784, 0, 169985, 872415275, 0, 536870932, 1044, 0, '0');

INSERT INTO weenie_class (`weenieClassId`, `baseAceObjectId`)
VALUES (51586, 51586);

INSERT INTO `base_ace_object` (`baseAceObjectId`, `name`, `typeId`, `paletteId`, `ammoType`, `blipColor`, `bitField`, `burden`, `combatUse`, `cooldownDuration`, `cooldownId`, `effects`, `containersCapacity`, `header`, `hookTypeId`, `iconId`, `iconOverlayId`, `iconUnderlayId`, `hookItemTypes`, `itemsCapacity`, `location`, `materialType`, `maxStackSize`, `maxStructure`, `radar`, `pscript`, `spellId`, `stackSize`, `structure`, `targetTypeId`, `usability`, `useRadius`, `validLocations`, `value`, `workmanship`, `animationFrameId`, `defaultScript`, `defaultScriptIntensity`, `elasticity`, `friction`, `locationId`, `modelTableId`, `objectScale`, `physicsBitField`, `physicsTableId`, `motionTableId`, `soundTableId`, `physicsState`, `translucency`, `currentMotionState`)
VALUES (37568, 'West Armory Key', 16384, 0, 0, 0, 18, 50, 0, 0, 0, 0, 0, 2640920, 0, 100675676, 0, 0, 0, 0, 0, 0, 0, 1, 0, 0, 0, 0, 1, 640, 2097160, 0, 0, 100, 0, 101, 0, 0, 0, 0, 0, 33560581, 0, 137217, 872415275, 0, 536870932, 1044, 0, '0');

INSERT INTO weenie_class (`weenieClassId`, `baseAceObjectId`)
VALUES (37568, 37568);

INSERT INTO `base_ace_object` (`baseAceObjectId`, `name`, `typeId`, `paletteId`, `ammoType`, `blipColor`, `bitField`, `burden`, `combatUse`, `cooldownDuration`, `cooldownId`, `effects`, `containersCapacity`, `header`, `hookTypeId`, `iconId`, `iconOverlayId`, `iconUnderlayId`, `hookItemTypes`, `itemsCapacity`, `location`, `materialType`, `maxStackSize`, `maxStructure`, `radar`, `pscript`, `spellId`, `stackSize`, `structure`, `targetTypeId`, `usability`, `useRadius`, `validLocations`, `value`, `workmanship`, `animationFrameId`, `defaultScript`, `defaultScriptIntensity`, `elasticity`, `friction`, `locationId`, `modelTableId`, `objectScale`, `physicsBitField`, `physicsTableId`, `motionTableId`, `soundTableId`, `physicsState`, `translucency`, `currentMotionState`)
VALUES (48772, 'Phainor''s Chamber Key', 16384, 0, 0, 0, 18, 10, 0, 0, 0, 0, 0, 2640912, 0, 100692984, 0, 0, 0, 0, 0, 0, 0, 1, 0, 0, 0, 0, 1, 640, 2097160, 0, 0, 0, 0, 101, 0, 0, 0, 0, 0, 33554784, 0, 137217, 872415275, 0, 536870932, 1044, 0, '0');

INSERT INTO weenie_class (`weenieClassId`, `baseAceObjectId`)
VALUES (48772, 48772);

INSERT INTO `base_ace_object` (`baseAceObjectId`, `name`, `typeId`, `paletteId`, `ammoType`, `blipColor`, `bitField`, `burden`, `combatUse`, `cooldownDuration`, `cooldownId`, `effects`, `containersCapacity`, `header`, `hookTypeId`, `iconId`, `iconOverlayId`, `iconUnderlayId`, `hookItemTypes`, `itemsCapacity`, `location`, `materialType`, `maxStackSize`, `maxStructure`, `radar`, `pscript`, `spellId`, `stackSize`, `structure`, `targetTypeId`, `usability`, `useRadius`, `validLocations`, `value`, `workmanship`, `animationFrameId`, `defaultScript`, `defaultScriptIntensity`, `elasticity`, `friction`, `locationId`, `modelTableId`, `objectScale`, `physicsBitField`, `physicsTableId`, `motionTableId`, `soundTableId`, `physicsState`, `translucency`, `currentMotionState`)
VALUES (48747, 'Legendary Key', 16384, 0, 0, 0, 18, 30, 0, 0, 0, 64, 0, 2641048, 0, 100693001, 0, 0, 0, 0, 0, 0, 0, 1, 0, 0, 0, 0, 1, 640, 2097160, 0, 0, 10000, 0, 101, 0, 0, 0, 0, 0, 33554784, 0, 137217, 872415275, 0, 536870932, 1044, 0, '0');

INSERT INTO weenie_class (`weenieClassId`, `baseAceObjectId`)
VALUES (48747, 48747);

INSERT INTO `base_ace_object` (`baseAceObjectId`, `name`, `typeId`, `paletteId`, `ammoType`, `blipColor`, `bitField`, `burden`, `combatUse`, `cooldownDuration`, `cooldownId`, `effects`, `containersCapacity`, `header`, `hookTypeId`, `iconId`, `iconOverlayId`, `iconUnderlayId`, `hookItemTypes`, `itemsCapacity`, `location`, `materialType`, `maxStackSize`, `maxStructure`, `radar`, `pscript`, `spellId`, `stackSize`, `structure`, `targetTypeId`, `usability`, `useRadius`, `validLocations`, `value`, `workmanship`, `animationFrameId`, `defaultScript`, `defaultScriptIntensity`, `elasticity`, `friction`, `locationId`, `modelTableId`, `objectScale`, `physicsBitField`, `physicsTableId`, `motionTableId`, `soundTableId`, `physicsState`, `translucency`, `currentMotionState`)
VALUES (23994, 'Key to the Elder Cache', 16384, 0, 0, 0, 18, 300, 0, 0, 0, 0, 0, 2624528, 0, 100674155, 0, 0, 0, 0, 0, 0, 0, 1, 0, 0, 0, 0, 1, 640, 2097160, 0, 0, 0, 0, 101, 0, 0, 0, 0, 0, 33554784, 0, 169985, 872415275, 0, 536870932, 1044, 0, '0');

INSERT INTO weenie_class (`weenieClassId`, `baseAceObjectId`)
VALUES (23994, 23994);

INSERT INTO `base_ace_object` (`baseAceObjectId`, `name`, `typeId`, `paletteId`, `ammoType`, `blipColor`, `bitField`, `burden`, `combatUse`, `cooldownDuration`, `cooldownId`, `effects`, `containersCapacity`, `header`, `hookTypeId`, `iconId`, `iconOverlayId`, `iconUnderlayId`, `hookItemTypes`, `itemsCapacity`, `location`, `materialType`, `maxStackSize`, `maxStructure`, `radar`, `pscript`, `spellId`, `stackSize`, `structure`, `targetTypeId`, `usability`, `useRadius`, `validLocations`, `value`, `workmanship`, `animationFrameId`, `defaultScript`, `defaultScriptIntensity`, `elasticity`, `friction`, `locationId`, `modelTableId`, `objectScale`, `physicsBitField`, `physicsTableId`, `motionTableId`, `soundTableId`, `physicsState`, `translucency`, `currentMotionState`)
VALUES (23995, 'Key to the Sentinel Cache', 16384, 0, 0, 0, 18, 300, 0, 0, 0, 0, 0, 2624528, 0, 100674151, 0, 0, 0, 0, 0, 0, 0, 1, 0, 0, 0, 0, 1, 640, 2097160, 0, 0, 0, 0, 101, 0, 0, 0, 0, 0, 33554784, 0, 169985, 872415275, 0, 536870932, 1044, 0, '0');

INSERT INTO weenie_class (`weenieClassId`, `baseAceObjectId`)
VALUES (23995, 23995);

INSERT INTO `base_ace_object` (`baseAceObjectId`, `name`, `typeId`, `paletteId`, `ammoType`, `blipColor`, `bitField`, `burden`, `combatUse`, `cooldownDuration`, `cooldownId`, `effects`, `containersCapacity`, `header`, `hookTypeId`, `iconId`, `iconOverlayId`, `iconUnderlayId`, `hookItemTypes`, `itemsCapacity`, `location`, `materialType`, `maxStackSize`, `maxStructure`, `radar`, `pscript`, `spellId`, `stackSize`, `structure`, `targetTypeId`, `usability`, `useRadius`, `validLocations`, `value`, `workmanship`, `animationFrameId`, `defaultScript`, `defaultScriptIntensity`, `elasticity`, `friction`, `locationId`, `modelTableId`, `objectScale`, `physicsBitField`, `physicsTableId`, `motionTableId`, `soundTableId`, `physicsState`, `translucency`, `currentMotionState`)
VALUES (23993, 'Key to the Defender Cache', 16384, 0, 0, 0, 18, 300, 0, 0, 0, 0, 0, 2624536, 0, 100674154, 0, 0, 0, 0, 0, 0, 0, 1, 0, 0, 0, 0, 1, 640, 2097160, 0, 0, 1000, 0, 101, 0, 0, 0, 0, 0, 33554784, 0, 169985, 872415275, 0, 536870932, 1044, 0, '0');

INSERT INTO weenie_class (`weenieClassId`, `baseAceObjectId`)
VALUES (23993, 23993);

INSERT INTO `base_ace_object` (`baseAceObjectId`, `name`, `typeId`, `paletteId`, `ammoType`, `blipColor`, `bitField`, `burden`, `combatUse`, `cooldownDuration`, `cooldownId`, `effects`, `containersCapacity`, `header`, `hookTypeId`, `iconId`, `iconOverlayId`, `iconUnderlayId`, `hookItemTypes`, `itemsCapacity`, `location`, `materialType`, `maxStackSize`, `maxStructure`, `radar`, `pscript`, `spellId`, `stackSize`, `structure`, `targetTypeId`, `usability`, `useRadius`, `validLocations`, `value`, `workmanship`, `animationFrameId`, `defaultScript`, `defaultScriptIntensity`, `elasticity`, `friction`, `locationId`, `modelTableId`, `objectScale`, `physicsBitField`, `physicsTableId`, `motionTableId`, `soundTableId`, `physicsState`, `translucency`, `currentMotionState`)
VALUES (52783, 'Gauntlet Treasure Key', 16384, 0, 0, 0, 18, 30, 0, 0, 0, 64, 0, 2641048, 0, 100693319, 0, 0, 0, 0, 0, 0, 0, 1, 0, 0, 0, 0, 1, 640, 2097160, 0, 0, 7, 0, 101, 0, 0, 0, 0, 0, 33554784, 0, 137217, 872415275, 0, 536870932, 1044, 0, '0');

INSERT INTO weenie_class (`weenieClassId`, `baseAceObjectId`)
VALUES (52783, 52783);

INSERT INTO `base_ace_object` (`baseAceObjectId`, `name`, `typeId`, `paletteId`, `ammoType`, `blipColor`, `bitField`, `burden`, `combatUse`, `cooldownDuration`, `cooldownId`, `effects`, `containersCapacity`, `header`, `hookTypeId`, `iconId`, `iconOverlayId`, `iconUnderlayId`, `hookItemTypes`, `itemsCapacity`, `location`, `materialType`, `maxStackSize`, `maxStructure`, `radar`, `pscript`, `spellId`, `stackSize`, `structure`, `targetTypeId`, `usability`, `useRadius`, `validLocations`, `value`, `workmanship`, `animationFrameId`, `defaultScript`, `defaultScriptIntensity`, `elasticity`, `friction`, `locationId`, `modelTableId`, `objectScale`, `physicsBitField`, `physicsTableId`, `motionTableId`, `soundTableId`, `physicsState`, `translucency`, `currentMotionState`)
VALUES (30654, 'Drudge Key', 16384, 0, 0, 0, 18, 5, 0, 0, 0, 0, 0, 2640920, 0, 100677396, 0, 0, 0, 0, 0, 0, 0, 3, 0, 0, 0, 0, 3, 640, 2097160, 0, 0, 100, 0, 101, 0, 0, 0, 0, 0, 33554784, 0, 137217, 872415275, 0, 536870932, 1044, 0, '0');

INSERT INTO weenie_class (`weenieClassId`, `baseAceObjectId`)
VALUES (30654, 30654);

INSERT INTO `base_ace_object` (`baseAceObjectId`, `name`, `typeId`, `paletteId`, `ammoType`, `blipColor`, `bitField`, `burden`, `combatUse`, `cooldownDuration`, `cooldownId`, `effects`, `containersCapacity`, `header`, `hookTypeId`, `iconId`, `iconOverlayId`, `iconUnderlayId`, `hookItemTypes`, `itemsCapacity`, `location`, `materialType`, `maxStackSize`, `maxStructure`, `radar`, `pscript`, `spellId`, `stackSize`, `structure`, `targetTypeId`, `usability`, `useRadius`, `validLocations`, `value`, `workmanship`, `animationFrameId`, `defaultScript`, `defaultScriptIntensity`, `elasticity`, `friction`, `locationId`, `modelTableId`, `objectScale`, `physicsBitField`, `physicsTableId`, `motionTableId`, `soundTableId`, `physicsState`, `translucency`, `currentMotionState`)
VALUES (30655, 'Drudge Key', 16384, 0, 0, 0, 18, 5, 0, 0, 0, 0, 0, 2640920, 0, 100677397, 0, 0, 0, 0, 0, 0, 0, 3, 0, 0, 0, 0, 3, 640, 2097160, 0, 0, 100, 0, 101, 0, 0, 0, 0, 0, 33554784, 0, 137217, 872415275, 0, 536870932, 1044, 0, '0');

INSERT INTO weenie_class (`weenieClassId`, `baseAceObjectId`)
VALUES (30655, 30655);

INSERT INTO `base_ace_object` (`baseAceObjectId`, `name`, `typeId`, `paletteId`, `ammoType`, `blipColor`, `bitField`, `burden`, `combatUse`, `cooldownDuration`, `cooldownId`, `effects`, `containersCapacity`, `header`, `hookTypeId`, `iconId`, `iconOverlayId`, `iconUnderlayId`, `hookItemTypes`, `itemsCapacity`, `location`, `materialType`, `maxStackSize`, `maxStructure`, `radar`, `pscript`, `spellId`, `stackSize`, `structure`, `targetTypeId`, `usability`, `useRadius`, `validLocations`, `value`, `workmanship`, `animationFrameId`, `defaultScript`, `defaultScriptIntensity`, `elasticity`, `friction`, `locationId`, `modelTableId`, `objectScale`, `physicsBitField`, `physicsTableId`, `motionTableId`, `soundTableId`, `physicsState`, `translucency`, `currentMotionState`)
VALUES (30656, 'Drudge Key', 16384, 0, 0, 0, 18, 5, 0, 0, 0, 0, 0, 2640920, 0, 100677394, 0, 0, 0, 0, 0, 0, 0, 3, 0, 0, 0, 0, 3, 640, 2097160, 0, 0, 100, 0, 101, 0, 0, 0, 0, 0, 33554784, 0, 137217, 872415275, 0, 536870932, 1044, 0, '0');

INSERT INTO weenie_class (`weenieClassId`, `baseAceObjectId`)
VALUES (30656, 30656);

INSERT INTO `base_ace_object` (`baseAceObjectId`, `name`, `typeId`, `paletteId`, `ammoType`, `blipColor`, `bitField`, `burden`, `combatUse`, `cooldownDuration`, `cooldownId`, `effects`, `containersCapacity`, `header`, `hookTypeId`, `iconId`, `iconOverlayId`, `iconUnderlayId`, `hookItemTypes`, `itemsCapacity`, `location`, `materialType`, `maxStackSize`, `maxStructure`, `radar`, `pscript`, `spellId`, `stackSize`, `structure`, `targetTypeId`, `usability`, `useRadius`, `validLocations`, `value`, `workmanship`, `animationFrameId`, `defaultScript`, `defaultScriptIntensity`, `elasticity`, `friction`, `locationId`, `modelTableId`, `objectScale`, `physicsBitField`, `physicsTableId`, `motionTableId`, `soundTableId`, `physicsState`, `translucency`, `currentMotionState`)
VALUES (45024, 'Door Key', 16384, 0, 0, 0, 18, 50, 0, 0, 0, 0, 0, 2640920, 0, 100668439, 0, 0, 0, 0, 0, 0, 0, 2, 0, 0, 0, 0, 2, 640, 2097160, 0, 0, 100, 0, 101, 0, 0, 0, 0, 0, 33560581, 0, 137217, 872415275, 0, 536870932, 1044, 0, '0');

INSERT INTO weenie_class (`weenieClassId`, `baseAceObjectId`)
VALUES (45024, 45024);

INSERT INTO `base_ace_object` (`baseAceObjectId`, `name`, `typeId`, `paletteId`, `ammoType`, `blipColor`, `bitField`, `burden`, `combatUse`, `cooldownDuration`, `cooldownId`, `effects`, `containersCapacity`, `header`, `hookTypeId`, `iconId`, `iconOverlayId`, `iconUnderlayId`, `hookItemTypes`, `itemsCapacity`, `location`, `materialType`, `maxStackSize`, `maxStructure`, `radar`, `pscript`, `spellId`, `stackSize`, `structure`, `targetTypeId`, `usability`, `useRadius`, `validLocations`, `value`, `workmanship`, `animationFrameId`, `defaultScript`, `defaultScriptIntensity`, `elasticity`, `friction`, `locationId`, `modelTableId`, `objectScale`, `physicsBitField`, `physicsTableId`, `motionTableId`, `soundTableId`, `physicsState`, `translucency`, `currentMotionState`)
VALUES (45017, 'Door Key', 16384, 0, 0, 0, 18, 50, 0, 0, 0, 0, 0, 2640920, 0, 100689406, 0, 0, 0, 0, 0, 0, 0, 1, 0, 0, 0, 0, 1, 640, 2097160, 0, 0, 100, 0, 101, 0, 0, 0, 0, 0, 33560581, 0, 137217, 872415275, 0, 536870932, 1044, 0, '0');

INSERT INTO weenie_class (`weenieClassId`, `baseAceObjectId`)
VALUES (45017, 45017);

INSERT INTO `base_ace_object` (`baseAceObjectId`, `name`, `typeId`, `paletteId`, `ammoType`, `blipColor`, `bitField`, `burden`, `combatUse`, `cooldownDuration`, `cooldownId`, `effects`, `containersCapacity`, `header`, `hookTypeId`, `iconId`, `iconOverlayId`, `iconUnderlayId`, `hookItemTypes`, `itemsCapacity`, `location`, `materialType`, `maxStackSize`, `maxStructure`, `radar`, `pscript`, `spellId`, `stackSize`, `structure`, `targetTypeId`, `usability`, `useRadius`, `validLocations`, `value`, `workmanship`, `animationFrameId`, `defaultScript`, `defaultScriptIntensity`, `elasticity`, `friction`, `locationId`, `modelTableId`, `objectScale`, `physicsBitField`, `physicsTableId`, `motionTableId`, `soundTableId`, `physicsState`, `translucency`, `currentMotionState`)
VALUES (45025, 'Door Key', 16384, 0, 0, 0, 18, 50, 0, 0, 0, 0, 0, 2640920, 0, 100675676, 0, 0, 0, 0, 0, 0, 0, 1, 0, 0, 0, 0, 1, 640, 2097160, 0, 0, 100, 0, 101, 0, 0, 0, 0, 0, 33560581, 0, 137217, 872415275, 0, 536870932, 1044, 0, '0');

INSERT INTO weenie_class (`weenieClassId`, `baseAceObjectId`)
VALUES (45025, 45025);

INSERT INTO `base_ace_object` (`baseAceObjectId`, `name`, `typeId`, `paletteId`, `ammoType`, `blipColor`, `bitField`, `burden`, `combatUse`, `cooldownDuration`, `cooldownId`, `effects`, `containersCapacity`, `header`, `hookTypeId`, `iconId`, `iconOverlayId`, `iconUnderlayId`, `hookItemTypes`, `itemsCapacity`, `location`, `materialType`, `maxStackSize`, `maxStructure`, `radar`, `pscript`, `spellId`, `stackSize`, `structure`, `targetTypeId`, `usability`, `useRadius`, `validLocations`, `value`, `workmanship`, `animationFrameId`, `defaultScript`, `defaultScriptIntensity`, `elasticity`, `friction`, `locationId`, `modelTableId`, `objectScale`, `physicsBitField`, `physicsTableId`, `motionTableId`, `soundTableId`, `physicsState`, `translucency`, `currentMotionState`)
VALUES (45018, 'Door Key', 16384, 0, 0, 0, 18, 50, 0, 0, 0, 0, 0, 2640920, 0, 100676957, 0, 0, 0, 0, 0, 0, 0, 1, 0, 0, 0, 0, 1, 640, 2097160, 0, 0, 100, 0, 101, 0, 0, 0, 0, 0, 33560581, 0, 137217, 872415275, 0, 536870932, 1044, 0, '0');

INSERT INTO weenie_class (`weenieClassId`, `baseAceObjectId`)
VALUES (45018, 45018);

INSERT INTO `base_ace_object` (`baseAceObjectId`, `name`, `typeId`, `paletteId`, `ammoType`, `blipColor`, `bitField`, `burden`, `combatUse`, `cooldownDuration`, `cooldownId`, `effects`, `containersCapacity`, `header`, `hookTypeId`, `iconId`, `iconOverlayId`, `iconUnderlayId`, `hookItemTypes`, `itemsCapacity`, `location`, `materialType`, `maxStackSize`, `maxStructure`, `radar`, `pscript`, `spellId`, `stackSize`, `structure`, `targetTypeId`, `usability`, `useRadius`, `validLocations`, `value`, `workmanship`, `animationFrameId`, `defaultScript`, `defaultScriptIntensity`, `elasticity`, `friction`, `locationId`, `modelTableId`, `objectScale`, `physicsBitField`, `physicsTableId`, `motionTableId`, `soundTableId`, `physicsState`, `translucency`, `currentMotionState`)
VALUES (20910, 'Gaerlan''s Key', 16384, 67111346, 0, 0, 18, 50, 0, 0, 0, 0, 0, 2640912, 0, 100673199, 0, 0, 0, 0, 0, 0, 0, 1, 0, 0, 0, 0, 1, 640, 2097160, 0, 0, 0, 0, 101, 0, 0, 0, 0, 0, 33557000, 0, 137217, 872415275, 0, 536870932, 1044, 0, '0');

INSERT INTO weenie_class (`weenieClassId`, `baseAceObjectId`)
VALUES (20910, 20910);

INSERT INTO `weenie_palette_changes` (`weenieClassId`, `subPaletteId`, `offset`, `length`)
VALUES (20910, 67113868, 0, 0);

INSERT INTO `weenie_animation_changes` (`weenieClassId`, `index`, `animationId`)
VALUES (20910, 9, 16785620);

INSERT INTO `base_ace_object` (`baseAceObjectId`, `name`, `typeId`, `paletteId`, `ammoType`, `blipColor`, `bitField`, `burden`, `combatUse`, `cooldownDuration`, `cooldownId`, `effects`, `containersCapacity`, `header`, `hookTypeId`, `iconId`, `iconOverlayId`, `iconUnderlayId`, `hookItemTypes`, `itemsCapacity`, `location`, `materialType`, `maxStackSize`, `maxStructure`, `radar`, `pscript`, `spellId`, `stackSize`, `structure`, `targetTypeId`, `usability`, `useRadius`, `validLocations`, `value`, `workmanship`, `animationFrameId`, `defaultScript`, `defaultScriptIntensity`, `elasticity`, `friction`, `locationId`, `modelTableId`, `objectScale`, `physicsBitField`, `physicsTableId`, `motionTableId`, `soundTableId`, `physicsState`, `translucency`, `currentMotionState`)
VALUES (40269, 'Reinforced Door Key', 16384, 0, 0, 0, 18, 20, 0, 0, 0, 0, 0, 2640912, 0, 100670979, 0, 0, 0, 0, 0, 0, 0, 1, 0, 0, 0, 0, 1, 640, 2097160, 0, 0, 0, 0, 101, 0, 0, 0, 0, 0, 33556743, 0, 137217, 872415275, 0, 536870932, 1044, 0, '0');

INSERT INTO weenie_class (`weenieClassId`, `baseAceObjectId`)
VALUES (40269, 40269);

INSERT INTO `base_ace_object` (`baseAceObjectId`, `name`, `typeId`, `paletteId`, `ammoType`, `blipColor`, `bitField`, `burden`, `combatUse`, `cooldownDuration`, `cooldownId`, `effects`, `containersCapacity`, `header`, `hookTypeId`, `iconId`, `iconOverlayId`, `iconUnderlayId`, `hookItemTypes`, `itemsCapacity`, `location`, `materialType`, `maxStackSize`, `maxStructure`, `radar`, `pscript`, `spellId`, `stackSize`, `structure`, `targetTypeId`, `usability`, `useRadius`, `validLocations`, `value`, `workmanship`, `animationFrameId`, `defaultScript`, `defaultScriptIntensity`, `elasticity`, `friction`, `locationId`, `modelTableId`, `objectScale`, `physicsBitField`, `physicsTableId`, `motionTableId`, `soundTableId`, `physicsState`, `translucency`, `currentMotionState`)
VALUES (46459, 'Main Gate Key', 16384, 0, 0, 0, 18, 30, 0, 0, 0, 64, 0, 2641048, 0, 100670621, 0, 0, 0, 0, 0, 0, 0, 1, 0, 0, 0, 0, 1, 640, 2097160, 0, 0, 10000, 0, 101, 0, 0, 0, 0, 0, 33554784, 0, 137217, 872415275, 0, 536870932, 1044, 0, '0');

INSERT INTO weenie_class (`weenieClassId`, `baseAceObjectId`)
VALUES (46459, 46459);

INSERT INTO `base_ace_object` (`baseAceObjectId`, `name`, `typeId`, `paletteId`, `ammoType`, `blipColor`, `bitField`, `burden`, `combatUse`, `cooldownDuration`, `cooldownId`, `effects`, `containersCapacity`, `header`, `hookTypeId`, `iconId`, `iconOverlayId`, `iconUnderlayId`, `hookItemTypes`, `itemsCapacity`, `location`, `materialType`, `maxStackSize`, `maxStructure`, `radar`, `pscript`, `spellId`, `stackSize`, `structure`, `targetTypeId`, `usability`, `useRadius`, `validLocations`, `value`, `workmanship`, `animationFrameId`, `defaultScript`, `defaultScriptIntensity`, `elasticity`, `friction`, `locationId`, `modelTableId`, `objectScale`, `physicsBitField`, `physicsTableId`, `motionTableId`, `soundTableId`, `physicsState`, `translucency`, `currentMotionState`)
VALUES (28470, 'Reward Key', 16384, 0, 0, 0, 18, 150, 0, 0, 0, 0, 0, 2640912, 0, 100676957, 0, 0, 0, 0, 0, 0, 0, 1, 0, 0, 0, 0, 1, 640, 2097160, 0, 0, 0, 0, 101, 0, 0, 0, 0, 0, 33554784, 0, 137217, 872415275, 0, 536870932, 1044, 0, '0');

INSERT INTO weenie_class (`weenieClassId`, `baseAceObjectId`)
VALUES (28470, 28470);

INSERT INTO `base_ace_object` (`baseAceObjectId`, `name`, `typeId`, `paletteId`, `ammoType`, `blipColor`, `bitField`, `burden`, `combatUse`, `cooldownDuration`, `cooldownId`, `effects`, `containersCapacity`, `header`, `hookTypeId`, `iconId`, `iconOverlayId`, `iconUnderlayId`, `hookItemTypes`, `itemsCapacity`, `location`, `materialType`, `maxStackSize`, `maxStructure`, `radar`, `pscript`, `spellId`, `stackSize`, `structure`, `targetTypeId`, `usability`, `useRadius`, `validLocations`, `value`, `workmanship`, `animationFrameId`, `defaultScript`, `defaultScriptIntensity`, `elasticity`, `friction`, `locationId`, `modelTableId`, `objectScale`, `physicsBitField`, `physicsTableId`, `motionTableId`, `soundTableId`, `physicsState`, `translucency`, `currentMotionState`)
VALUES (35002, 'Lower Catacomb Prison Key', 16384, 0, 0, 0, 18, 20, 0, 0, 0, 0, 0, 2640912, 0, 100672469, 0, 0, 0, 0, 0, 0, 0, 1, 0, 0, 0, 0, 1, 640, 2097160, 0, 0, 0, 0, 101, 0, 0, 0, 0, 0, 33554784, 0, 137217, 872415275, 0, 536870932, 1044, 0, '0');

INSERT INTO weenie_class (`weenieClassId`, `baseAceObjectId`)
VALUES (35002, 35002);

INSERT INTO `weenie_texture_map_changes` (`weenieClassId`, `index`, `oldId`, `newId`)
VALUES (35002, 0, 83888936, 83893868);

INSERT INTO `weenie_animation_changes` (`weenieClassId`, `index`, `animationId`)
VALUES (35002, 0, 16778599);

INSERT INTO `base_ace_object` (`baseAceObjectId`, `name`, `typeId`, `paletteId`, `ammoType`, `blipColor`, `bitField`, `burden`, `combatUse`, `cooldownDuration`, `cooldownId`, `effects`, `containersCapacity`, `header`, `hookTypeId`, `iconId`, `iconOverlayId`, `iconUnderlayId`, `hookItemTypes`, `itemsCapacity`, `location`, `materialType`, `maxStackSize`, `maxStructure`, `radar`, `pscript`, `spellId`, `stackSize`, `structure`, `targetTypeId`, `usability`, `useRadius`, `validLocations`, `value`, `workmanship`, `animationFrameId`, `defaultScript`, `defaultScriptIntensity`, `elasticity`, `friction`, `locationId`, `modelTableId`, `objectScale`, `physicsBitField`, `physicsTableId`, `motionTableId`, `soundTableId`, `physicsState`, `translucency`, `currentMotionState`)
VALUES (35014, '1st Locked Gate Key', 16384, 0, 0, 0, 18, 15, 0, 0, 0, 0, 0, 2640912, 0, 100670820, 0, 0, 0, 0, 0, 0, 0, 1, 0, 0, 0, 0, 1, 640, 2097160, 0, 0, 0, 0, 101, 0, 0, 0, 0, 0, 33554784, 0, 137217, 872415275, 0, 536870932, 1044, 0, '0');

INSERT INTO weenie_class (`weenieClassId`, `baseAceObjectId`)
VALUES (35014, 35014);

INSERT INTO `base_ace_object` (`baseAceObjectId`, `name`, `typeId`, `paletteId`, `ammoType`, `blipColor`, `bitField`, `burden`, `combatUse`, `cooldownDuration`, `cooldownId`, `effects`, `containersCapacity`, `header`, `hookTypeId`, `iconId`, `iconOverlayId`, `iconUnderlayId`, `hookItemTypes`, `itemsCapacity`, `location`, `materialType`, `maxStackSize`, `maxStructure`, `radar`, `pscript`, `spellId`, `stackSize`, `structure`, `targetTypeId`, `usability`, `useRadius`, `validLocations`, `value`, `workmanship`, `animationFrameId`, `defaultScript`, `defaultScriptIntensity`, `elasticity`, `friction`, `locationId`, `modelTableId`, `objectScale`, `physicsBitField`, `physicsTableId`, `motionTableId`, `soundTableId`, `physicsState`, `translucency`, `currentMotionState`)
VALUES (35016, '2nd Locked Gate Key', 16384, 0, 0, 0, 18, 15, 0, 0, 0, 0, 0, 2640912, 0, 100670820, 0, 0, 0, 0, 0, 0, 0, 1, 0, 0, 0, 0, 1, 640, 2097160, 0, 0, 0, 0, 101, 0, 0, 0, 0, 0, 33554784, 0, 137217, 872415275, 0, 536870932, 1044, 0, '0');

INSERT INTO weenie_class (`weenieClassId`, `baseAceObjectId`)
VALUES (35016, 35016);

INSERT INTO `base_ace_object` (`baseAceObjectId`, `name`, `typeId`, `paletteId`, `ammoType`, `blipColor`, `bitField`, `burden`, `combatUse`, `cooldownDuration`, `cooldownId`, `effects`, `containersCapacity`, `header`, `hookTypeId`, `iconId`, `iconOverlayId`, `iconUnderlayId`, `hookItemTypes`, `itemsCapacity`, `location`, `materialType`, `maxStackSize`, `maxStructure`, `radar`, `pscript`, `spellId`, `stackSize`, `structure`, `targetTypeId`, `usability`, `useRadius`, `validLocations`, `value`, `workmanship`, `animationFrameId`, `defaultScript`, `defaultScriptIntensity`, `elasticity`, `friction`, `locationId`, `modelTableId`, `objectScale`, `physicsBitField`, `physicsTableId`, `motionTableId`, `soundTableId`, `physicsState`, `translucency`, `currentMotionState`)
VALUES (35018, '3rd Locked Gate Key', 16384, 0, 0, 0, 18, 15, 0, 0, 0, 0, 0, 2640912, 0, 100670820, 0, 0, 0, 0, 0, 0, 0, 1, 0, 0, 0, 0, 1, 640, 2097160, 0, 0, 0, 0, 101, 0, 0, 0, 0, 0, 33554784, 0, 137217, 872415275, 0, 536870932, 1044, 0, '0');

INSERT INTO weenie_class (`weenieClassId`, `baseAceObjectId`)
VALUES (35018, 35018);

INSERT INTO `base_ace_object` (`baseAceObjectId`, `name`, `typeId`, `paletteId`, `ammoType`, `blipColor`, `bitField`, `burden`, `combatUse`, `cooldownDuration`, `cooldownId`, `effects`, `containersCapacity`, `header`, `hookTypeId`, `iconId`, `iconOverlayId`, `iconUnderlayId`, `hookItemTypes`, `itemsCapacity`, `location`, `materialType`, `maxStackSize`, `maxStructure`, `radar`, `pscript`, `spellId`, `stackSize`, `structure`, `targetTypeId`, `usability`, `useRadius`, `validLocations`, `value`, `workmanship`, `animationFrameId`, `defaultScript`, `defaultScriptIntensity`, `elasticity`, `friction`, `locationId`, `modelTableId`, `objectScale`, `physicsBitField`, `physicsTableId`, `motionTableId`, `soundTableId`, `physicsState`, `translucency`, `currentMotionState`)
VALUES (35020, '4th Locked Gate Key', 16384, 0, 0, 0, 18, 15, 0, 0, 0, 0, 0, 2640912, 0, 100670820, 0, 0, 0, 0, 0, 0, 0, 1, 0, 0, 0, 0, 1, 640, 2097160, 0, 0, 0, 0, 101, 0, 0, 0, 0, 0, 33554784, 0, 137217, 872415275, 0, 536870932, 1044, 0, '0');

INSERT INTO weenie_class (`weenieClassId`, `baseAceObjectId`)
VALUES (35020, 35020);

INSERT INTO `base_ace_object` (`baseAceObjectId`, `name`, `typeId`, `paletteId`, `ammoType`, `blipColor`, `bitField`, `burden`, `combatUse`, `cooldownDuration`, `cooldownId`, `effects`, `containersCapacity`, `header`, `hookTypeId`, `iconId`, `iconOverlayId`, `iconUnderlayId`, `hookItemTypes`, `itemsCapacity`, `location`, `materialType`, `maxStackSize`, `maxStructure`, `radar`, `pscript`, `spellId`, `stackSize`, `structure`, `targetTypeId`, `usability`, `useRadius`, `validLocations`, `value`, `workmanship`, `animationFrameId`, `defaultScript`, `defaultScriptIntensity`, `elasticity`, `friction`, `locationId`, `modelTableId`, `objectScale`, `physicsBitField`, `physicsTableId`, `motionTableId`, `soundTableId`, `physicsState`, `translucency`, `currentMotionState`)
VALUES (35022, '5th Locked Gate Key', 16384, 0, 0, 0, 18, 15, 0, 0, 0, 0, 0, 2640912, 0, 100670820, 0, 0, 0, 0, 0, 0, 0, 1, 0, 0, 0, 0, 1, 640, 2097160, 0, 0, 0, 0, 101, 0, 0, 0, 0, 0, 33554784, 0, 137217, 872415275, 0, 536870932, 1044, 0, '0');

INSERT INTO weenie_class (`weenieClassId`, `baseAceObjectId`)
VALUES (35022, 35022);

INSERT INTO `base_ace_object` (`baseAceObjectId`, `name`, `typeId`, `paletteId`, `ammoType`, `blipColor`, `bitField`, `burden`, `combatUse`, `cooldownDuration`, `cooldownId`, `effects`, `containersCapacity`, `header`, `hookTypeId`, `iconId`, `iconOverlayId`, `iconUnderlayId`, `hookItemTypes`, `itemsCapacity`, `location`, `materialType`, `maxStackSize`, `maxStructure`, `radar`, `pscript`, `spellId`, `stackSize`, `structure`, `targetTypeId`, `usability`, `useRadius`, `validLocations`, `value`, `workmanship`, `animationFrameId`, `defaultScript`, `defaultScriptIntensity`, `elasticity`, `friction`, `locationId`, `modelTableId`, `objectScale`, `physicsBitField`, `physicsTableId`, `motionTableId`, `soundTableId`, `physicsState`, `translucency`, `currentMotionState`)
VALUES (40870, 'Eastern Gate Key', 16384, 0, 0, 0, 18, 100, 0, 0, 0, 0, 0, 2624528, 0, 100667485, 0, 0, 0, 0, 0, 0, 0, 1, 0, 0, 0, 0, 1, 640, 2097160, 0, 0, 0, 0, 101, 0, 0, 0, 0, 0, 33554784, 0, 169985, 872415275, 0, 536870932, 1044, 0, '0');

INSERT INTO weenie_class (`weenieClassId`, `baseAceObjectId`)
VALUES (40870, 40870);

INSERT INTO `base_ace_object` (`baseAceObjectId`, `name`, `typeId`, `paletteId`, `ammoType`, `blipColor`, `bitField`, `burden`, `combatUse`, `cooldownDuration`, `cooldownId`, `effects`, `containersCapacity`, `header`, `hookTypeId`, `iconId`, `iconOverlayId`, `iconUnderlayId`, `hookItemTypes`, `itemsCapacity`, `location`, `materialType`, `maxStackSize`, `maxStructure`, `radar`, `pscript`, `spellId`, `stackSize`, `structure`, `targetTypeId`, `usability`, `useRadius`, `validLocations`, `value`, `workmanship`, `animationFrameId`, `defaultScript`, `defaultScriptIntensity`, `elasticity`, `friction`, `locationId`, `modelTableId`, `objectScale`, `physicsBitField`, `physicsTableId`, `motionTableId`, `soundTableId`, `physicsState`, `translucency`, `currentMotionState`)
VALUES (40872, 'Southern Gate Key', 16384, 0, 0, 0, 18, 100, 0, 0, 0, 0, 0, 2640912, 0, 100667485, 0, 0, 0, 0, 0, 0, 0, 1, 0, 0, 0, 0, 1, 640, 2097160, 0, 0, 0, 0, 101, 0, 0, 0, 0, 0, 33554784, 0, 137217, 872415275, 0, 536870932, 1044, 0, '0');

INSERT INTO weenie_class (`weenieClassId`, `baseAceObjectId`)
VALUES (40872, 40872);

INSERT INTO `base_ace_object` (`baseAceObjectId`, `name`, `typeId`, `paletteId`, `ammoType`, `blipColor`, `bitField`, `burden`, `combatUse`, `cooldownDuration`, `cooldownId`, `effects`, `containersCapacity`, `header`, `hookTypeId`, `iconId`, `iconOverlayId`, `iconUnderlayId`, `hookItemTypes`, `itemsCapacity`, `location`, `materialType`, `maxStackSize`, `maxStructure`, `radar`, `pscript`, `spellId`, `stackSize`, `structure`, `targetTypeId`, `usability`, `useRadius`, `validLocations`, `value`, `workmanship`, `animationFrameId`, `defaultScript`, `defaultScriptIntensity`, `elasticity`, `friction`, `locationId`, `modelTableId`, `objectScale`, `physicsBitField`, `physicsTableId`, `motionTableId`, `soundTableId`, `physicsState`, `translucency`, `currentMotionState`)
VALUES (40873, 'Western Gate Key', 16384, 0, 0, 0, 18, 100, 0, 0, 0, 0, 0, 2640912, 0, 100667485, 0, 0, 0, 0, 0, 0, 0, 1, 0, 0, 0, 0, 1, 640, 2097160, 0, 0, 0, 0, 101, 0, 0, 0, 0, 0, 33554784, 0, 137217, 872415275, 0, 536870932, 1044, 0, '0');

INSERT INTO weenie_class (`weenieClassId`, `baseAceObjectId`)
VALUES (40873, 40873);

INSERT INTO `base_ace_object` (`baseAceObjectId`, `name`, `typeId`, `paletteId`, `ammoType`, `blipColor`, `bitField`, `burden`, `combatUse`, `cooldownDuration`, `cooldownId`, `effects`, `containersCapacity`, `header`, `hookTypeId`, `iconId`, `iconOverlayId`, `iconUnderlayId`, `hookItemTypes`, `itemsCapacity`, `location`, `materialType`, `maxStackSize`, `maxStructure`, `radar`, `pscript`, `spellId`, `stackSize`, `structure`, `targetTypeId`, `usability`, `useRadius`, `validLocations`, `value`, `workmanship`, `animationFrameId`, `defaultScript`, `defaultScriptIntensity`, `elasticity`, `friction`, `locationId`, `modelTableId`, `objectScale`, `physicsBitField`, `physicsTableId`, `motionTableId`, `soundTableId`, `physicsState`, `translucency`, `currentMotionState`)
VALUES (40871, 'Northern Gate Key', 16384, 0, 0, 0, 18, 100, 0, 0, 0, 0, 0, 2640912, 0, 100667485, 0, 0, 0, 0, 0, 0, 0, 1, 0, 0, 0, 0, 1, 640, 2097160, 0, 0, 0, 0, 101, 0, 0, 0, 0, 0, 33554784, 0, 137217, 872415275, 0, 536870932, 1044, 0, '0');

INSERT INTO weenie_class (`weenieClassId`, `baseAceObjectId`)
VALUES (40871, 40871);

INSERT INTO `base_ace_object` (`baseAceObjectId`, `name`, `typeId`, `paletteId`, `ammoType`, `blipColor`, `bitField`, `burden`, `combatUse`, `cooldownDuration`, `cooldownId`, `effects`, `containersCapacity`, `header`, `hookTypeId`, `iconId`, `iconOverlayId`, `iconUnderlayId`, `hookItemTypes`, `itemsCapacity`, `location`, `materialType`, `maxStackSize`, `maxStructure`, `radar`, `pscript`, `spellId`, `stackSize`, `structure`, `targetTypeId`, `usability`, `useRadius`, `validLocations`, `value`, `workmanship`, `animationFrameId`, `defaultScript`, `defaultScriptIntensity`, `elasticity`, `friction`, `locationId`, `modelTableId`, `objectScale`, `physicsBitField`, `physicsTableId`, `motionTableId`, `soundTableId`, `physicsState`, `translucency`, `currentMotionState`)
VALUES (38920, 'Reinforced Mana Forge Key', 16384, 0, 0, 0, 18, 30, 0, 0, 0, 64, 0, 2641048, 0, 100686710, 0, 0, 0, 0, 0, 0, 0, 5, 0, 0, 0, 0, 5, 640, 2097160, 0, 0, 50000, 0, 101, 0, 0, 0, 0, 0, 33554784, 0, 137217, 872415275, 0, 536870932, 1044, 0, '0');

INSERT INTO weenie_class (`weenieClassId`, `baseAceObjectId`)
VALUES (38920, 38920);

INSERT INTO `base_ace_object` (`baseAceObjectId`, `name`, `typeId`, `paletteId`, `ammoType`, `blipColor`, `bitField`, `burden`, `combatUse`, `cooldownDuration`, `cooldownId`, `effects`, `containersCapacity`, `header`, `hookTypeId`, `iconId`, `iconOverlayId`, `iconUnderlayId`, `hookItemTypes`, `itemsCapacity`, `location`, `materialType`, `maxStackSize`, `maxStructure`, `radar`, `pscript`, `spellId`, `stackSize`, `structure`, `targetTypeId`, `usability`, `useRadius`, `validLocations`, `value`, `workmanship`, `animationFrameId`, `defaultScript`, `defaultScriptIntensity`, `elasticity`, `friction`, `locationId`, `modelTableId`, `objectScale`, `physicsBitField`, `physicsTableId`, `motionTableId`, `soundTableId`, `physicsState`, `translucency`, `currentMotionState`)
VALUES (45857, 'Virindi Research Center Key', 16384, 0, 0, 0, 18, 10, 0, 0, 0, 0, 0, 2640912, 0, 100671245, 0, 0, 0, 0, 0, 0, 0, 1, 0, 0, 0, 0, 1, 640, 2097160, 0, 0, 0, 0, 101, 0, 0, 0, 0, 0, 33554784, 0, 137217, 872415275, 0, 536870932, 1044, 0, '0');

INSERT INTO weenie_class (`weenieClassId`, `baseAceObjectId`)
VALUES (45857, 45857);

INSERT INTO `base_ace_object` (`baseAceObjectId`, `name`, `typeId`, `paletteId`, `ammoType`, `blipColor`, `bitField`, `burden`, `combatUse`, `cooldownDuration`, `cooldownId`, `effects`, `containersCapacity`, `header`, `hookTypeId`, `iconId`, `iconOverlayId`, `iconUnderlayId`, `hookItemTypes`, `itemsCapacity`, `location`, `materialType`, `maxStackSize`, `maxStructure`, `radar`, `pscript`, `spellId`, `stackSize`, `structure`, `targetTypeId`, `usability`, `useRadius`, `validLocations`, `value`, `workmanship`, `animationFrameId`, `defaultScript`, `defaultScriptIntensity`, `elasticity`, `friction`, `locationId`, `modelTableId`, `objectScale`, `physicsBitField`, `physicsTableId`, `motionTableId`, `soundTableId`, `physicsState`, `translucency`, `currentMotionState`)
VALUES (41230, 'Arrival Chamber Key', 16384, 0, 0, 0, 18, 50, 0, 0, 0, 0, 0, 2640912, 0, 100667485, 0, 0, 0, 0, 0, 0, 0, 1, 0, 0, 0, 0, 1, 640, 2097160, 0, 0, 0, 0, 101, 0, 0, 0, 0, 0, 33554784, 0, 137217, 872415275, 0, 536870932, 1044, 0, '0');

INSERT INTO weenie_class (`weenieClassId`, `baseAceObjectId`)
VALUES (41230, 41230);

INSERT INTO `base_ace_object` (`baseAceObjectId`, `name`, `typeId`, `paletteId`, `ammoType`, `blipColor`, `bitField`, `burden`, `combatUse`, `cooldownDuration`, `cooldownId`, `effects`, `containersCapacity`, `header`, `hookTypeId`, `iconId`, `iconOverlayId`, `iconUnderlayId`, `hookItemTypes`, `itemsCapacity`, `location`, `materialType`, `maxStackSize`, `maxStructure`, `radar`, `pscript`, `spellId`, `stackSize`, `structure`, `targetTypeId`, `usability`, `useRadius`, `validLocations`, `value`, `workmanship`, `animationFrameId`, `defaultScript`, `defaultScriptIntensity`, `elasticity`, `friction`, `locationId`, `modelTableId`, `objectScale`, `physicsBitField`, `physicsTableId`, `motionTableId`, `soundTableId`, `physicsState`, `translucency`, `currentMotionState`)
VALUES (2208, 'Gilded Tumerok Key', 16384, 0, 0, 0, 18, 50, 0, 0, 0, 0, 0, 2640920, 0, 100667486, 0, 0, 0, 0, 0, 0, 0, 3, 0, 0, 0, 0, 2, 640, 2097160, 0, 0, 33, 0, 101, 0, 0, 0, 0, 0, 33554784, 0, 137217, 872415275, 0, 536870932, 1044, 0, '0');

INSERT INTO weenie_class (`weenieClassId`, `baseAceObjectId`)
VALUES (2208, 2208);

INSERT INTO `base_ace_object` (`baseAceObjectId`, `name`, `typeId`, `paletteId`, `ammoType`, `blipColor`, `bitField`, `burden`, `combatUse`, `cooldownDuration`, `cooldownId`, `effects`, `containersCapacity`, `header`, `hookTypeId`, `iconId`, `iconOverlayId`, `iconUnderlayId`, `hookItemTypes`, `itemsCapacity`, `location`, `materialType`, `maxStackSize`, `maxStructure`, `radar`, `pscript`, `spellId`, `stackSize`, `structure`, `targetTypeId`, `usability`, `useRadius`, `validLocations`, `value`, `workmanship`, `animationFrameId`, `defaultScript`, `defaultScriptIntensity`, `elasticity`, `friction`, `locationId`, `modelTableId`, `objectScale`, `physicsBitField`, `physicsTableId`, `motionTableId`, `soundTableId`, `physicsState`, `translucency`, `currentMotionState`)
VALUES (2201, 'Tumerok Priest''s Key', 16384, 0, 0, 0, 18, 50, 0, 0, 0, 0, 0, 2640920, 0, 100667486, 0, 0, 0, 0, 0, 0, 0, 3, 0, 0, 0, 0, 3, 640, 2097160, 0, 0, 50, 0, 101, 0, 0, 0, 0, 0, 33554784, 0, 137217, 872415275, 0, 536870932, 1044, 0, '0');

INSERT INTO weenie_class (`weenieClassId`, `baseAceObjectId`)
VALUES (2201, 2201);

INSERT INTO `base_ace_object` (`baseAceObjectId`, `name`, `typeId`, `paletteId`, `ammoType`, `blipColor`, `bitField`, `burden`, `combatUse`, `cooldownDuration`, `cooldownId`, `effects`, `containersCapacity`, `header`, `hookTypeId`, `iconId`, `iconOverlayId`, `iconUnderlayId`, `hookItemTypes`, `itemsCapacity`, `location`, `materialType`, `maxStackSize`, `maxStructure`, `radar`, `pscript`, `spellId`, `stackSize`, `structure`, `targetTypeId`, `usability`, `useRadius`, `validLocations`, `value`, `workmanship`, `animationFrameId`, `defaultScript`, `defaultScriptIntensity`, `elasticity`, `friction`, `locationId`, `modelTableId`, `objectScale`, `physicsBitField`, `physicsTableId`, `motionTableId`, `soundTableId`, `physicsState`, `translucency`, `currentMotionState`)
VALUES (43032, 'Engraved Ashen Key', 16384, 0, 0, 0, 18, 20, 0, 0, 0, 0, 0, 2640920, 0, 100676683, 0, 0, 0, 0, 0, 0, 0, 1, 0, 0, 0, 0, 1, 640, 2097160, 0, 0, 3, 0, 101, 0, 0, 0, 0, 0, 33554784, 0, 137217, 872415275, 0, 536870932, 1044, 0, '0');

INSERT INTO weenie_class (`weenieClassId`, `baseAceObjectId`)
VALUES (43032, 43032);

INSERT INTO `base_ace_object` (`baseAceObjectId`, `name`, `typeId`, `paletteId`, `ammoType`, `blipColor`, `bitField`, `burden`, `combatUse`, `cooldownDuration`, `cooldownId`, `effects`, `containersCapacity`, `header`, `hookTypeId`, `iconId`, `iconOverlayId`, `iconUnderlayId`, `hookItemTypes`, `itemsCapacity`, `location`, `materialType`, `maxStackSize`, `maxStructure`, `radar`, `pscript`, `spellId`, `stackSize`, `structure`, `targetTypeId`, `usability`, `useRadius`, `validLocations`, `value`, `workmanship`, `animationFrameId`, `defaultScript`, `defaultScriptIntensity`, `elasticity`, `friction`, `locationId`, `modelTableId`, `objectScale`, `physicsBitField`, `physicsTableId`, `motionTableId`, `soundTableId`, `physicsState`, `translucency`, `currentMotionState`)
VALUES (5664, 'Stone Key', 16384, 0, 0, 0, 18, 50, 0, 0, 0, 0, 0, 2624536, 0, 100668441, 0, 0, 0, 0, 0, 0, 0, 2, 0, 0, 0, 0, 2, 640, 2097160, 0, 0, 3, 0, 101, 0, 0, 0, 0, 0, 33554784, 0, 169985, 872415275, 0, 536870932, 1044, 0, '0');

INSERT INTO weenie_class (`weenieClassId`, `baseAceObjectId`)
VALUES (5664, 5664);

INSERT INTO `base_ace_object` (`baseAceObjectId`, `name`, `typeId`, `paletteId`, `ammoType`, `blipColor`, `bitField`, `burden`, `combatUse`, `cooldownDuration`, `cooldownId`, `effects`, `containersCapacity`, `header`, `hookTypeId`, `iconId`, `iconOverlayId`, `iconUnderlayId`, `hookItemTypes`, `itemsCapacity`, `location`, `materialType`, `maxStackSize`, `maxStructure`, `radar`, `pscript`, `spellId`, `stackSize`, `structure`, `targetTypeId`, `usability`, `useRadius`, `validLocations`, `value`, `workmanship`, `animationFrameId`, `defaultScript`, `defaultScriptIntensity`, `elasticity`, `friction`, `locationId`, `modelTableId`, `objectScale`, `physicsBitField`, `physicsTableId`, `motionTableId`, `soundTableId`, `physicsState`, `translucency`, `currentMotionState`)
VALUES (52784, 'Gauntlet Vault Key', 16384, 0, 0, 0, 18, 50, 0, 0, 0, 0, 0, 2640912, 0, 100693320, 0, 0, 0, 0, 0, 0, 0, 1, 0, 0, 0, 0, 1, 640, 2097160, 0, 0, 0, 0, 101, 0, 0, 0, 0, 0, 33554784, 0, 135169, 872415275, 0, 0, 1044, 0, '0');

INSERT INTO weenie_class (`weenieClassId`, `baseAceObjectId`)
VALUES (52784, 52784);

INSERT INTO `base_ace_object` (`baseAceObjectId`, `name`, `typeId`, `paletteId`, `ammoType`, `blipColor`, `bitField`, `burden`, `combatUse`, `cooldownDuration`, `cooldownId`, `effects`, `containersCapacity`, `header`, `hookTypeId`, `iconId`, `iconOverlayId`, `iconUnderlayId`, `hookItemTypes`, `itemsCapacity`, `location`, `materialType`, `maxStackSize`, `maxStructure`, `radar`, `pscript`, `spellId`, `stackSize`, `structure`, `targetTypeId`, `usability`, `useRadius`, `validLocations`, `value`, `workmanship`, `animationFrameId`, `defaultScript`, `defaultScriptIntensity`, `elasticity`, `friction`, `locationId`, `modelTableId`, `objectScale`, `physicsBitField`, `physicsTableId`, `motionTableId`, `soundTableId`, `physicsState`, `translucency`, `currentMotionState`)
VALUES (38517, 'Celestial Hand Breastplate Key', 16384, 0, 0, 0, 18, 50, 0, 0, 0, 0, 0, 2640912, 0, 100668441, 0, 0, 0, 0, 0, 0, 0, 1, 0, 0, 0, 0, 1, 640, 2097160, 0, 0, 0, 0, 101, 0, 0, 0, 0, 0, 33554784, 0, 135169, 872415275, 0, 0, 1044, 0, '0');

INSERT INTO weenie_class (`weenieClassId`, `baseAceObjectId`)
VALUES (38517, 38517);

INSERT INTO `base_ace_object` (`baseAceObjectId`, `name`, `typeId`, `paletteId`, `ammoType`, `blipColor`, `bitField`, `burden`, `combatUse`, `cooldownDuration`, `cooldownId`, `effects`, `containersCapacity`, `header`, `hookTypeId`, `iconId`, `iconOverlayId`, `iconUnderlayId`, `hookItemTypes`, `itemsCapacity`, `location`, `materialType`, `maxStackSize`, `maxStructure`, `radar`, `pscript`, `spellId`, `stackSize`, `structure`, `targetTypeId`, `usability`, `useRadius`, `validLocations`, `value`, `workmanship`, `animationFrameId`, `defaultScript`, `defaultScriptIntensity`, `elasticity`, `friction`, `locationId`, `modelTableId`, `objectScale`, `physicsBitField`, `physicsTableId`, `motionTableId`, `soundTableId`, `physicsState`, `translucency`, `currentMotionState`)
VALUES (35403, 'Lady Tairla Mhoire''s Key', 16384, 0, 0, 0, 18, 50, 0, 0, 0, 0, 0, 2640912, 0, 100667485, 0, 0, 0, 0, 0, 0, 0, 1, 0, 0, 0, 0, 1, 640, 2097160, 0, 0, 0, 0, 101, 0, 0, 0, 0, 0, 33554784, 0, 135169, 872415275, 0, 0, 1044, 0, '0');

INSERT INTO weenie_class (`weenieClassId`, `baseAceObjectId`)
VALUES (35403, 35403);

INSERT INTO `base_ace_object` (`baseAceObjectId`, `name`, `typeId`, `paletteId`, `ammoType`, `blipColor`, `bitField`, `burden`, `combatUse`, `cooldownDuration`, `cooldownId`, `effects`, `containersCapacity`, `header`, `hookTypeId`, `iconId`, `iconOverlayId`, `iconUnderlayId`, `hookItemTypes`, `itemsCapacity`, `location`, `materialType`, `maxStackSize`, `maxStructure`, `radar`, `pscript`, `spellId`, `stackSize`, `structure`, `targetTypeId`, `usability`, `useRadius`, `validLocations`, `value`, `workmanship`, `animationFrameId`, `defaultScript`, `defaultScriptIntensity`, `elasticity`, `friction`, `locationId`, `modelTableId`, `objectScale`, `physicsBitField`, `physicsTableId`, `motionTableId`, `soundTableId`, `physicsState`, `translucency`, `currentMotionState`)
VALUES (28774, 'Wine Cellar Key', 16384, 0, 0, 0, 18, 50, 0, 0, 0, 0, 0, 2640912, 0, 100667485, 0, 0, 0, 0, 0, 0, 0, 3, 0, 0, 0, 0, 2, 640, 2097160, 0, 0, 0, 0, 101, 0, 0, 0, 0, 0, 33554784, 0, 137217, 872415275, 0, 536870932, 1044, 0, '0');

INSERT INTO weenie_class (`weenieClassId`, `baseAceObjectId`)
VALUES (28774, 28774);

INSERT INTO `base_ace_object` (`baseAceObjectId`, `name`, `typeId`, `paletteId`, `ammoType`, `blipColor`, `bitField`, `burden`, `combatUse`, `cooldownDuration`, `cooldownId`, `effects`, `containersCapacity`, `header`, `hookTypeId`, `iconId`, `iconOverlayId`, `iconUnderlayId`, `hookItemTypes`, `itemsCapacity`, `location`, `materialType`, `maxStackSize`, `maxStructure`, `radar`, `pscript`, `spellId`, `stackSize`, `structure`, `targetTypeId`, `usability`, `useRadius`, `validLocations`, `value`, `workmanship`, `animationFrameId`, `defaultScript`, `defaultScriptIntensity`, `elasticity`, `friction`, `locationId`, `modelTableId`, `objectScale`, `physicsBitField`, `physicsTableId`, `motionTableId`, `soundTableId`, `physicsState`, `translucency`, `currentMotionState`)
VALUES (4894, 'Key from Aleval', 16384, 0, 0, 0, 18, 50, 0, 0, 0, 0, 0, 2640912, 0, 100668439, 0, 0, 0, 0, 0, 0, 0, 3, 0, 0, 0, 0, 2, 640, 2097160, 0, 0, 0, 0, 101, 0, 0, 0, 0, 0, 33554784, 0, 137217, 872415275, 0, 536870932, 1044, 0, '0');

INSERT INTO weenie_class (`weenieClassId`, `baseAceObjectId`)
VALUES (4894, 4894);

INSERT INTO `base_ace_object` (`baseAceObjectId`, `name`, `typeId`, `paletteId`, `ammoType`, `blipColor`, `bitField`, `burden`, `combatUse`, `cooldownDuration`, `cooldownId`, `effects`, `containersCapacity`, `header`, `hookTypeId`, `iconId`, `iconOverlayId`, `iconUnderlayId`, `hookItemTypes`, `itemsCapacity`, `location`, `materialType`, `maxStackSize`, `maxStructure`, `radar`, `pscript`, `spellId`, `stackSize`, `structure`, `targetTypeId`, `usability`, `useRadius`, `validLocations`, `value`, `workmanship`, `animationFrameId`, `defaultScript`, `defaultScriptIntensity`, `elasticity`, `friction`, `locationId`, `modelTableId`, `objectScale`, `physicsBitField`, `physicsTableId`, `motionTableId`, `soundTableId`, `physicsState`, `translucency`, `currentMotionState`)
VALUES (5058, 'Te Ven''s Key', 16384, 0, 0, 0, 18, 50, 0, 0, 0, 0, 0, 2640912, 0, 100667485, 0, 0, 0, 0, 0, 0, 0, 3, 0, 0, 0, 0, 3, 640, 2097160, 0, 0, 0, 0, 101, 0, 0, 0, 0, 0, 33554784, 0, 137217, 872415275, 0, 536870932, 1044, 0, '0');

INSERT INTO weenie_class (`weenieClassId`, `baseAceObjectId`)
VALUES (5058, 5058);

INSERT INTO `base_ace_object` (`baseAceObjectId`, `name`, `typeId`, `paletteId`, `ammoType`, `blipColor`, `bitField`, `burden`, `combatUse`, `cooldownDuration`, `cooldownId`, `effects`, `containersCapacity`, `header`, `hookTypeId`, `iconId`, `iconOverlayId`, `iconUnderlayId`, `hookItemTypes`, `itemsCapacity`, `location`, `materialType`, `maxStackSize`, `maxStructure`, `radar`, `pscript`, `spellId`, `stackSize`, `structure`, `targetTypeId`, `usability`, `useRadius`, `validLocations`, `value`, `workmanship`, `animationFrameId`, `defaultScript`, `defaultScriptIntensity`, `elasticity`, `friction`, `locationId`, `modelTableId`, `objectScale`, `physicsBitField`, `physicsTableId`, `motionTableId`, `soundTableId`, `physicsState`, `translucency`, `currentMotionState`)
VALUES (23888, 'Ulgrim''s Golden Key', 16384, 0, 0, 0, 18, 50, 0, 0, 0, 0, 0, 271059984, 2, 100674103, 0, 0, 0, 0, 0, 0, 0, 1, 0, 0, 0, 0, 1, 640, 2097160, 0, 0, 0, 0, 101, 0, 0, 0, 0, 0, 33557005, 0, 169985, 872415275, 0, 536870932, 1044, 0, '0');

INSERT INTO weenie_class (`weenieClassId`, `baseAceObjectId`)
VALUES (23888, 23888);

INSERT INTO `base_ace_object` (`baseAceObjectId`, `name`, `typeId`, `paletteId`, `ammoType`, `blipColor`, `bitField`, `burden`, `combatUse`, `cooldownDuration`, `cooldownId`, `effects`, `containersCapacity`, `header`, `hookTypeId`, `iconId`, `iconOverlayId`, `iconUnderlayId`, `hookItemTypes`, `itemsCapacity`, `location`, `materialType`, `maxStackSize`, `maxStructure`, `radar`, `pscript`, `spellId`, `stackSize`, `structure`, `targetTypeId`, `usability`, `useRadius`, `validLocations`, `value`, `workmanship`, `animationFrameId`, `defaultScript`, `defaultScriptIntensity`, `elasticity`, `friction`, `locationId`, `modelTableId`, `objectScale`, `physicsBitField`, `physicsTableId`, `motionTableId`, `soundTableId`, `physicsState`, `translucency`, `currentMotionState`)
VALUES (39010, 'Disgusting Sea Invasion Key', 16384, 0, 0, 0, 18, 50, 0, 0, 0, 0, 0, 2640912, 0, 100667485, 0, 0, 0, 0, 0, 0, 0, 1, 0, 0, 0, 0, 1, 640, 2097160, 0, 0, 0, 0, 101, 0, 0, 0, 0, 0, 33554784, 0, 135169, 872415275, 0, 0, 1044, 0, '0');

INSERT INTO weenie_class (`weenieClassId`, `baseAceObjectId`)
VALUES (39010, 39010);

INSERT INTO `base_ace_object` (`baseAceObjectId`, `name`, `typeId`, `paletteId`, `ammoType`, `blipColor`, `bitField`, `burden`, `combatUse`, `cooldownDuration`, `cooldownId`, `effects`, `containersCapacity`, `header`, `hookTypeId`, `iconId`, `iconOverlayId`, `iconUnderlayId`, `hookItemTypes`, `itemsCapacity`, `location`, `materialType`, `maxStackSize`, `maxStructure`, `radar`, `pscript`, `spellId`, `stackSize`, `structure`, `targetTypeId`, `usability`, `useRadius`, `validLocations`, `value`, `workmanship`, `animationFrameId`, `defaultScript`, `defaultScriptIntensity`, `elasticity`, `friction`, `locationId`, `modelTableId`, `objectScale`, `physicsBitField`, `physicsTableId`, `motionTableId`, `soundTableId`, `physicsState`, `translucency`, `currentMotionState`)
VALUES (9479, 'Gan-Zo''s Golden Key', 16384, 0, 0, 0, 18, 500, 0, 0, 0, 0, 0, 2640912, 0, 100671475, 0, 0, 0, 0, 0, 0, 0, 1, 0, 0, 0, 0, 1, 640, 2097160, 0, 0, 0, 0, 101, 0, 0, 0, 0, 0, 33557005, 3, 137345, 872415275, 0, 536870932, 1044, 0, '0');

INSERT INTO weenie_class (`weenieClassId`, `baseAceObjectId`)
VALUES (9479, 9479);

INSERT INTO `base_ace_object` (`baseAceObjectId`, `name`, `typeId`, `paletteId`, `ammoType`, `blipColor`, `bitField`, `burden`, `combatUse`, `cooldownDuration`, `cooldownId`, `effects`, `containersCapacity`, `header`, `hookTypeId`, `iconId`, `iconOverlayId`, `iconUnderlayId`, `hookItemTypes`, `itemsCapacity`, `location`, `materialType`, `maxStackSize`, `maxStructure`, `radar`, `pscript`, `spellId`, `stackSize`, `structure`, `targetTypeId`, `usability`, `useRadius`, `validLocations`, `value`, `workmanship`, `animationFrameId`, `defaultScript`, `defaultScriptIntensity`, `elasticity`, `friction`, `locationId`, `modelTableId`, `objectScale`, `physicsBitField`, `physicsTableId`, `motionTableId`, `soundTableId`, `physicsState`, `translucency`, `currentMotionState`)
VALUES (30256, 'Grand Casino Golden Keyring', 16384, 0, 0, 0, 67108882, 5, 0, 0, 0, 0, 0, 271076368, 2, 100686707, 0, 100686604, 0, 0, 0, 0, 0, 25, 0, 0, 0, 0, 17, 640, 2097160, 0, 0, 0, 0, 101, 0, 0, 0, 0, 0, 33557005, 0, 137217, 872415275, 0, 536870932, 1044, 0, '0');

INSERT INTO weenie_class (`weenieClassId`, `baseAceObjectId`)
VALUES (30256, 30256);

INSERT INTO `base_ace_object` (`baseAceObjectId`, `name`, `typeId`, `paletteId`, `ammoType`, `blipColor`, `bitField`, `burden`, `combatUse`, `cooldownDuration`, `cooldownId`, `effects`, `containersCapacity`, `header`, `hookTypeId`, `iconId`, `iconOverlayId`, `iconUnderlayId`, `hookItemTypes`, `itemsCapacity`, `location`, `materialType`, `maxStackSize`, `maxStructure`, `radar`, `pscript`, `spellId`, `stackSize`, `structure`, `targetTypeId`, `usability`, `useRadius`, `validLocations`, `value`, `workmanship`, `animationFrameId`, `defaultScript`, `defaultScriptIntensity`, `elasticity`, `friction`, `locationId`, `modelTableId`, `objectScale`, `physicsBitField`, `physicsTableId`, `motionTableId`, `soundTableId`, `physicsState`, `translucency`, `currentMotionState`)
VALUES (1319, 'Key', 16384, 0, 0, 0, 18, 50, 0, 0, 0, 0, 0, 2640920, 0, 100667485, 0, 0, 0, 0, 0, 0, 0, 5, 0, 0, 0, 0, 5, 640, 2097160, 0, 0, 90, 0, 101, 0, 0, 0, 0, 0, 33554784, 0, 135169, 872415275, 0, 0, 1044, 0, '0');

INSERT INTO weenie_class (`weenieClassId`, `baseAceObjectId`)
VALUES (1319, 1319);

INSERT INTO `base_ace_object` (`baseAceObjectId`, `name`, `typeId`, `paletteId`, `ammoType`, `blipColor`, `bitField`, `burden`, `combatUse`, `cooldownDuration`, `cooldownId`, `effects`, `containersCapacity`, `header`, `hookTypeId`, `iconId`, `iconOverlayId`, `iconUnderlayId`, `hookItemTypes`, `itemsCapacity`, `location`, `materialType`, `maxStackSize`, `maxStructure`, `radar`, `pscript`, `spellId`, `stackSize`, `structure`, `targetTypeId`, `usability`, `useRadius`, `validLocations`, `value`, `workmanship`, `animationFrameId`, `defaultScript`, `defaultScriptIntensity`, `elasticity`, `friction`, `locationId`, `modelTableId`, `objectScale`, `physicsBitField`, `physicsTableId`, `motionTableId`, `soundTableId`, `physicsState`, `translucency`, `currentMotionState`)
VALUES (603, 'Key', 16384, 0, 0, 0, 18, 50, 0, 0, 0, 0, 0, 2624536, 0, 100667486, 0, 0, 0, 0, 0, 0, 0, 3, 0, 0, 0, 0, 3, 640, 2097160, 0, 0, 100, 0, 101, 0, 0, 0, 0, 0, 33554784, 0, 169985, 872415275, 0, 536870932, 1044, 0, '0');

INSERT INTO weenie_class (`weenieClassId`, `baseAceObjectId`)
VALUES (603, 603);

INSERT INTO `base_ace_object` (`baseAceObjectId`, `name`, `typeId`, `paletteId`, `ammoType`, `blipColor`, `bitField`, `burden`, `combatUse`, `cooldownDuration`, `cooldownId`, `effects`, `containersCapacity`, `header`, `hookTypeId`, `iconId`, `iconOverlayId`, `iconUnderlayId`, `hookItemTypes`, `itemsCapacity`, `location`, `materialType`, `maxStackSize`, `maxStructure`, `radar`, `pscript`, `spellId`, `stackSize`, `structure`, `targetTypeId`, `usability`, `useRadius`, `validLocations`, `value`, `workmanship`, `animationFrameId`, `defaultScript`, `defaultScriptIntensity`, `elasticity`, `friction`, `locationId`, `modelTableId`, `objectScale`, `physicsBitField`, `physicsTableId`, `motionTableId`, `soundTableId`, `physicsState`, `translucency`, `currentMotionState`)
VALUES (27293, 'Abyssal Key', 16384, 0, 0, 0, 18, 100, 0, 0, 0, 0, 0, 2640912, 0, 100675676, 0, 0, 0, 0, 0, 0, 0, 1, 0, 0, 0, 0, 1, 640, 2097160, 0, 0, 0, 0, 101, 0, 0, 0, 0, 0, 33554784, 0, 137217, 872415275, 0, 536870932, 1044, 0, '0');

INSERT INTO weenie_class (`weenieClassId`, `baseAceObjectId`)
VALUES (27293, 27293);

INSERT INTO `base_ace_object` (`baseAceObjectId`, `name`, `typeId`, `paletteId`, `ammoType`, `blipColor`, `bitField`, `burden`, `combatUse`, `cooldownDuration`, `cooldownId`, `effects`, `containersCapacity`, `header`, `hookTypeId`, `iconId`, `iconOverlayId`, `iconUnderlayId`, `hookItemTypes`, `itemsCapacity`, `location`, `materialType`, `maxStackSize`, `maxStructure`, `radar`, `pscript`, `spellId`, `stackSize`, `structure`, `targetTypeId`, `usability`, `useRadius`, `validLocations`, `value`, `workmanship`, `animationFrameId`, `defaultScript`, `defaultScriptIntensity`, `elasticity`, `friction`, `locationId`, `modelTableId`, `objectScale`, `physicsBitField`, `physicsTableId`, `motionTableId`, `soundTableId`, `physicsState`, `translucency`, `currentMotionState`)
VALUES (27295, 'Pandemic Key', 16384, 0, 0, 0, 18, 100, 0, 0, 0, 0, 0, 2640912, 0, 100675676, 0, 0, 0, 0, 0, 0, 0, 1, 0, 0, 0, 0, 1, 640, 2097160, 0, 0, 0, 0, 101, 0, 0, 0, 0, 0, 33554784, 0, 137217, 872415275, 0, 536870932, 1044, 0, '0');

INSERT INTO weenie_class (`weenieClassId`, `baseAceObjectId`)
VALUES (27295, 27295);

INSERT INTO `base_ace_object` (`baseAceObjectId`, `name`, `typeId`, `paletteId`, `ammoType`, `blipColor`, `bitField`, `burden`, `combatUse`, `cooldownDuration`, `cooldownId`, `effects`, `containersCapacity`, `header`, `hookTypeId`, `iconId`, `iconOverlayId`, `iconUnderlayId`, `hookItemTypes`, `itemsCapacity`, `location`, `materialType`, `maxStackSize`, `maxStructure`, `radar`, `pscript`, `spellId`, `stackSize`, `structure`, `targetTypeId`, `usability`, `useRadius`, `validLocations`, `value`, `workmanship`, `animationFrameId`, `defaultScript`, `defaultScriptIntensity`, `elasticity`, `friction`, `locationId`, `modelTableId`, `objectScale`, `physicsBitField`, `physicsTableId`, `motionTableId`, `soundTableId`, `physicsState`, `translucency`, `currentMotionState`)
VALUES (2505, 'Inner Dungeon Key', 16384, 0, 0, 0, 18, 50, 0, 0, 0, 0, 0, 2640920, 0, 100667486, 0, 0, 0, 0, 0, 0, 0, 3, 0, 0, 0, 0, 3, 640, 2097160, 0, 0, 200, 0, 101, 0, 0, 0, 0, 0, 33554784, 0, 137217, 872415275, 0, 536870932, 1044, 0, '0');

INSERT INTO weenie_class (`weenieClassId`, `baseAceObjectId`)
VALUES (2505, 2505);

INSERT INTO `base_ace_object` (`baseAceObjectId`, `name`, `typeId`, `paletteId`, `ammoType`, `blipColor`, `bitField`, `burden`, `combatUse`, `cooldownDuration`, `cooldownId`, `effects`, `containersCapacity`, `header`, `hookTypeId`, `iconId`, `iconOverlayId`, `iconUnderlayId`, `hookItemTypes`, `itemsCapacity`, `location`, `materialType`, `maxStackSize`, `maxStructure`, `radar`, `pscript`, `spellId`, `stackSize`, `structure`, `targetTypeId`, `usability`, `useRadius`, `validLocations`, `value`, `workmanship`, `animationFrameId`, `defaultScript`, `defaultScriptIntensity`, `elasticity`, `friction`, `locationId`, `modelTableId`, `objectScale`, `physicsBitField`, `physicsTableId`, `motionTableId`, `soundTableId`, `physicsState`, `translucency`, `currentMotionState`)
VALUES (5842, 'MacDugal''s Key', 16384, 0, 0, 0, 18, 50, 0, 0, 0, 0, 0, 2640920, 0, 100667486, 0, 0, 0, 0, 0, 0, 0, 3, 0, 0, 0, 0, 1, 640, 2097160, 0, 0, 6, 0, 101, 0, 0, 0, 0, 0, 33554784, 0, 137217, 872415275, 0, 536870932, 1044, 0, '0');

INSERT INTO weenie_class (`weenieClassId`, `baseAceObjectId`)
VALUES (5842, 5842);

INSERT INTO `base_ace_object` (`baseAceObjectId`, `name`, `typeId`, `paletteId`, `ammoType`, `blipColor`, `bitField`, `burden`, `combatUse`, `cooldownDuration`, `cooldownId`, `effects`, `containersCapacity`, `header`, `hookTypeId`, `iconId`, `iconOverlayId`, `iconUnderlayId`, `hookItemTypes`, `itemsCapacity`, `location`, `materialType`, `maxStackSize`, `maxStructure`, `radar`, `pscript`, `spellId`, `stackSize`, `structure`, `targetTypeId`, `usability`, `useRadius`, `validLocations`, `value`, `workmanship`, `animationFrameId`, `defaultScript`, `defaultScriptIntensity`, `elasticity`, `friction`, `locationId`, `modelTableId`, `objectScale`, `physicsBitField`, `physicsTableId`, `motionTableId`, `soundTableId`, `physicsState`, `translucency`, `currentMotionState`)
VALUES (2205, 'Augmented Tumerok''s Key', 16384, 0, 0, 0, 18, 50, 0, 0, 0, 0, 0, 2640920, 0, 100667486, 0, 0, 0, 0, 0, 0, 0, 3, 0, 0, 0, 0, 3, 640, 2097160, 0, 0, 50, 0, 101, 0, 0, 0, 0, 0, 33554784, 0, 137217, 872415275, 0, 536870932, 1044, 0, '0');

INSERT INTO weenie_class (`weenieClassId`, `baseAceObjectId`)
VALUES (2205, 2205);

INSERT INTO `base_ace_object` (`baseAceObjectId`, `name`, `typeId`, `paletteId`, `ammoType`, `blipColor`, `bitField`, `burden`, `combatUse`, `cooldownDuration`, `cooldownId`, `effects`, `containersCapacity`, `header`, `hookTypeId`, `iconId`, `iconOverlayId`, `iconUnderlayId`, `hookItemTypes`, `itemsCapacity`, `location`, `materialType`, `maxStackSize`, `maxStructure`, `radar`, `pscript`, `spellId`, `stackSize`, `structure`, `targetTypeId`, `usability`, `useRadius`, `validLocations`, `value`, `workmanship`, `animationFrameId`, `defaultScript`, `defaultScriptIntensity`, `elasticity`, `friction`, `locationId`, `modelTableId`, `objectScale`, `physicsBitField`, `physicsTableId`, `motionTableId`, `soundTableId`, `physicsState`, `translucency`, `currentMotionState`)
VALUES (2204, 'Tumerok Taskmaster''s Key', 16384, 0, 0, 0, 18, 50, 0, 0, 0, 0, 0, 2640920, 0, 100667486, 0, 0, 0, 0, 0, 0, 0, 3, 0, 0, 0, 0, 2, 640, 2097160, 0, 0, 33, 0, 101, 0, 0, 0, 0, 0, 33554784, 0, 137217, 872415275, 0, 536870932, 1044, 0, '0');

INSERT INTO weenie_class (`weenieClassId`, `baseAceObjectId`)
VALUES (2204, 2204);

INSERT INTO `base_ace_object` (`baseAceObjectId`, `name`, `typeId`, `paletteId`, `ammoType`, `blipColor`, `bitField`, `burden`, `combatUse`, `cooldownDuration`, `cooldownId`, `effects`, `containersCapacity`, `header`, `hookTypeId`, `iconId`, `iconOverlayId`, `iconUnderlayId`, `hookItemTypes`, `itemsCapacity`, `location`, `materialType`, `maxStackSize`, `maxStructure`, `radar`, `pscript`, `spellId`, `stackSize`, `structure`, `targetTypeId`, `usability`, `useRadius`, `validLocations`, `value`, `workmanship`, `animationFrameId`, `defaultScript`, `defaultScriptIntensity`, `elasticity`, `friction`, `locationId`, `modelTableId`, `objectScale`, `physicsBitField`, `physicsTableId`, `motionTableId`, `soundTableId`, `physicsState`, `translucency`, `currentMotionState`)
VALUES (22925, 'Athenaeum Key', 16384, 67111346, 0, 0, 18, 50, 0, 0, 0, 0, 0, 2640920, 0, 100671457, 0, 0, 0, 0, 0, 0, 0, 1, 0, 0, 0, 0, 1, 640, 2097160, 0, 0, 100, 0, 101, 0, 0, 0, 0, 0, 33557000, 0, 137217, 872415275, 0, 536870932, 1044, 0, '0');

INSERT INTO weenie_class (`weenieClassId`, `baseAceObjectId`)
VALUES (22925, 22925);

INSERT INTO `weenie_palette_changes` (`weenieClassId`, `subPaletteId`, `offset`, `length`)
VALUES (22925, 67113155, 0, 0);

INSERT INTO `weenie_animation_changes` (`weenieClassId`, `index`, `animationId`)
VALUES (22925, 9, 16785620);

INSERT INTO `base_ace_object` (`baseAceObjectId`, `name`, `typeId`, `paletteId`, `ammoType`, `blipColor`, `bitField`, `burden`, `combatUse`, `cooldownDuration`, `cooldownId`, `effects`, `containersCapacity`, `header`, `hookTypeId`, `iconId`, `iconOverlayId`, `iconUnderlayId`, `hookItemTypes`, `itemsCapacity`, `location`, `materialType`, `maxStackSize`, `maxStructure`, `radar`, `pscript`, `spellId`, `stackSize`, `structure`, `targetTypeId`, `usability`, `useRadius`, `validLocations`, `value`, `workmanship`, `animationFrameId`, `defaultScript`, `defaultScriptIntensity`, `elasticity`, `friction`, `locationId`, `modelTableId`, `objectScale`, `physicsBitField`, `physicsTableId`, `motionTableId`, `soundTableId`, `physicsState`, `translucency`, `currentMotionState`)
VALUES (33189, 'Diviner Pheraion''s Key', 16384, 0, 0, 0, 18, 10, 0, 0, 0, 0, 0, 2640912, 0, 100668441, 0, 0, 0, 0, 0, 0, 0, 1, 0, 0, 0, 0, 1, 640, 2097160, 0, 0, 0, 0, 101, 0, 0, 0, 0, 0, 33554784, 0, 137217, 872415275, 0, 536870932, 1044, 0, '0');

INSERT INTO weenie_class (`weenieClassId`, `baseAceObjectId`)
VALUES (33189, 33189);

INSERT INTO `base_ace_object` (`baseAceObjectId`, `name`, `typeId`, `paletteId`, `ammoType`, `blipColor`, `bitField`, `burden`, `combatUse`, `cooldownDuration`, `cooldownId`, `effects`, `containersCapacity`, `header`, `hookTypeId`, `iconId`, `iconOverlayId`, `iconUnderlayId`, `hookItemTypes`, `itemsCapacity`, `location`, `materialType`, `maxStackSize`, `maxStructure`, `radar`, `pscript`, `spellId`, `stackSize`, `structure`, `targetTypeId`, `usability`, `useRadius`, `validLocations`, `value`, `workmanship`, `animationFrameId`, `defaultScript`, `defaultScriptIntensity`, `elasticity`, `friction`, `locationId`, `modelTableId`, `objectScale`, `physicsBitField`, `physicsTableId`, `motionTableId`, `soundTableId`, `physicsState`, `translucency`, `currentMotionState`)
VALUES (2190, 'Carved Key', 16384, 0, 0, 0, 18, 50, 0, 0, 0, 0, 0, 2640920, 0, 100667486, 0, 0, 0, 0, 0, 0, 0, 3, 0, 0, 0, 0, 2, 640, 2097160, 0, 0, 20, 0, 101, 0, 0, 0, 0, 0, 33554784, 0, 137217, 872415275, 0, 536870932, 1044, 0, '0');

INSERT INTO weenie_class (`weenieClassId`, `baseAceObjectId`)
VALUES (2190, 2190);

INSERT INTO `base_ace_object` (`baseAceObjectId`, `name`, `typeId`, `paletteId`, `ammoType`, `blipColor`, `bitField`, `burden`, `combatUse`, `cooldownDuration`, `cooldownId`, `effects`, `containersCapacity`, `header`, `hookTypeId`, `iconId`, `iconOverlayId`, `iconUnderlayId`, `hookItemTypes`, `itemsCapacity`, `location`, `materialType`, `maxStackSize`, `maxStructure`, `radar`, `pscript`, `spellId`, `stackSize`, `structure`, `targetTypeId`, `usability`, `useRadius`, `validLocations`, `value`, `workmanship`, `animationFrameId`, `defaultScript`, `defaultScriptIntensity`, `elasticity`, `friction`, `locationId`, `modelTableId`, `objectScale`, `physicsBitField`, `physicsTableId`, `motionTableId`, `soundTableId`, `physicsState`, `translucency`, `currentMotionState`)
VALUES (1361, 'Worn Key', 16384, 0, 0, 0, 18, 50, 0, 0, 0, 0, 0, 2640920, 0, 100667485, 0, 0, 0, 0, 0, 0, 0, 3, 0, 0, 0, 0, 3, 640, 2097160, 0, 0, 50, 0, 101, 0, 0, 0, 0, 0, 33554784, 0, 137217, 872415275, 0, 536870932, 1044, 0, '0');

INSERT INTO weenie_class (`weenieClassId`, `baseAceObjectId`)
VALUES (1361, 1361);

INSERT INTO `base_ace_object` (`baseAceObjectId`, `name`, `typeId`, `paletteId`, `ammoType`, `blipColor`, `bitField`, `burden`, `combatUse`, `cooldownDuration`, `cooldownId`, `effects`, `containersCapacity`, `header`, `hookTypeId`, `iconId`, `iconOverlayId`, `iconUnderlayId`, `hookItemTypes`, `itemsCapacity`, `location`, `materialType`, `maxStackSize`, `maxStructure`, `radar`, `pscript`, `spellId`, `stackSize`, `structure`, `targetTypeId`, `usability`, `useRadius`, `validLocations`, `value`, `workmanship`, `animationFrameId`, `defaultScript`, `defaultScriptIntensity`, `elasticity`, `friction`, `locationId`, `modelTableId`, `objectScale`, `physicsBitField`, `physicsTableId`, `motionTableId`, `soundTableId`, `physicsState`, `translucency`, `currentMotionState`)
VALUES (7398, 'Laboratory Key', 16384, 0, 0, 0, 18, 50, 0, 0, 0, 0, 0, 2640920, 0, 100667486, 0, 0, 0, 0, 0, 0, 0, 1, 0, 0, 0, 0, 1, 640, 2097160, 0, 0, 25, 0, 101, 0, 0, 0, 0, 0, 33554784, 0, 137217, 872415275, 0, 536870932, 1044, 0, '0');

INSERT INTO weenie_class (`weenieClassId`, `baseAceObjectId`)
VALUES (7398, 7398);

INSERT INTO `base_ace_object` (`baseAceObjectId`, `name`, `typeId`, `paletteId`, `ammoType`, `blipColor`, `bitField`, `burden`, `combatUse`, `cooldownDuration`, `cooldownId`, `effects`, `containersCapacity`, `header`, `hookTypeId`, `iconId`, `iconOverlayId`, `iconUnderlayId`, `hookItemTypes`, `itemsCapacity`, `location`, `materialType`, `maxStackSize`, `maxStructure`, `radar`, `pscript`, `spellId`, `stackSize`, `structure`, `targetTypeId`, `usability`, `useRadius`, `validLocations`, `value`, `workmanship`, `animationFrameId`, `defaultScript`, `defaultScriptIntensity`, `elasticity`, `friction`, `locationId`, `modelTableId`, `objectScale`, `physicsBitField`, `physicsTableId`, `motionTableId`, `soundTableId`, `physicsState`, `translucency`, `currentMotionState`)
VALUES (39018, 'Rank Sea Invasion Key', 16384, 0, 0, 0, 18, 50, 0, 0, 0, 0, 0, 2640912, 0, 100667485, 0, 0, 0, 0, 0, 0, 0, 1, 0, 0, 0, 0, 1, 640, 2097160, 0, 0, 0, 0, 101, 0, 0, 0, 0, 0, 33554784, 0, 135169, 872415275, 0, 0, 1044, 0, '0');

INSERT INTO weenie_class (`weenieClassId`, `baseAceObjectId`)
VALUES (39018, 39018);

INSERT INTO `base_ace_object` (`baseAceObjectId`, `name`, `typeId`, `paletteId`, `ammoType`, `blipColor`, `bitField`, `burden`, `combatUse`, `cooldownDuration`, `cooldownId`, `effects`, `containersCapacity`, `header`, `hookTypeId`, `iconId`, `iconOverlayId`, `iconUnderlayId`, `hookItemTypes`, `itemsCapacity`, `location`, `materialType`, `maxStackSize`, `maxStructure`, `radar`, `pscript`, `spellId`, `stackSize`, `structure`, `targetTypeId`, `usability`, `useRadius`, `validLocations`, `value`, `workmanship`, `animationFrameId`, `defaultScript`, `defaultScriptIntensity`, `elasticity`, `friction`, `locationId`, `modelTableId`, `objectScale`, `physicsBitField`, `physicsTableId`, `motionTableId`, `soundTableId`, `physicsState`, `translucency`, `currentMotionState`)
VALUES (37589, 'Forge Vault Key', 16384, 0, 0, 0, 18, 50, 0, 0, 0, 0, 0, 2640920, 0, 100667486, 0, 0, 0, 0, 0, 0, 0, 1, 0, 0, 0, 0, 1, 640, 2097160, 0, 0, 100, 0, 101, 0, 0, 0, 0, 0, 33554784, 0, 137217, 872415275, 0, 536870932, 1044, 0, '0');

INSERT INTO weenie_class (`weenieClassId`, `baseAceObjectId`)
VALUES (37589, 37589);

INSERT INTO `base_ace_object` (`baseAceObjectId`, `name`, `typeId`, `paletteId`, `ammoType`, `blipColor`, `bitField`, `burden`, `combatUse`, `cooldownDuration`, `cooldownId`, `effects`, `containersCapacity`, `header`, `hookTypeId`, `iconId`, `iconOverlayId`, `iconUnderlayId`, `hookItemTypes`, `itemsCapacity`, `location`, `materialType`, `maxStackSize`, `maxStructure`, `radar`, `pscript`, `spellId`, `stackSize`, `structure`, `targetTypeId`, `usability`, `useRadius`, `validLocations`, `value`, `workmanship`, `animationFrameId`, `defaultScript`, `defaultScriptIntensity`, `elasticity`, `friction`, `locationId`, `modelTableId`, `objectScale`, `physicsBitField`, `physicsTableId`, `motionTableId`, `soundTableId`, `physicsState`, `translucency`, `currentMotionState`)
VALUES (14508, 'Hammer of Acid', 16384, 67111919, 0, 0, 18, 575, 0, 0, 0, 0, 0, 2640920, 0, 100672498, 0, 0, 0, 0, 0, 0, 0, 1, 0, 0, 0, 0, 1, 640, 2097160, 0, 0, 100, 0, 101, 0, 0, 0, 0, 0, 33557488, 0, 137217, 872415275, 0, 536870932, 1044, 0, '0');

INSERT INTO weenie_class (`weenieClassId`, `baseAceObjectId`)
VALUES (14508, 14508);

INSERT INTO `weenie_palette_changes` (`weenieClassId`, `subPaletteId`, `offset`, `length`)
VALUES (14508, 67111922, 0, 0);

INSERT INTO `base_ace_object` (`baseAceObjectId`, `name`, `typeId`, `paletteId`, `ammoType`, `blipColor`, `bitField`, `burden`, `combatUse`, `cooldownDuration`, `cooldownId`, `effects`, `containersCapacity`, `header`, `hookTypeId`, `iconId`, `iconOverlayId`, `iconUnderlayId`, `hookItemTypes`, `itemsCapacity`, `location`, `materialType`, `maxStackSize`, `maxStructure`, `radar`, `pscript`, `spellId`, `stackSize`, `structure`, `targetTypeId`, `usability`, `useRadius`, `validLocations`, `value`, `workmanship`, `animationFrameId`, `defaultScript`, `defaultScriptIntensity`, `elasticity`, `friction`, `locationId`, `modelTableId`, `objectScale`, `physicsBitField`, `physicsTableId`, `motionTableId`, `soundTableId`, `physicsState`, `translucency`, `currentMotionState`)
VALUES (14509, 'Hammer of Fire', 16384, 67111919, 0, 0, 18, 575, 0, 0, 0, 0, 0, 2640920, 0, 100672500, 0, 0, 0, 0, 0, 0, 0, 1, 0, 0, 0, 0, 1, 640, 2097160, 0, 0, 100, 0, 101, 0, 0, 0, 0, 0, 33557488, 0, 137217, 872415275, 0, 536870932, 1044, 0, '0');

INSERT INTO weenie_class (`weenieClassId`, `baseAceObjectId`)
VALUES (14509, 14509);

INSERT INTO `weenie_palette_changes` (`weenieClassId`, `subPaletteId`, `offset`, `length`)
VALUES (14509, 67111921, 0, 0);

INSERT INTO `base_ace_object` (`baseAceObjectId`, `name`, `typeId`, `paletteId`, `ammoType`, `blipColor`, `bitField`, `burden`, `combatUse`, `cooldownDuration`, `cooldownId`, `effects`, `containersCapacity`, `header`, `hookTypeId`, `iconId`, `iconOverlayId`, `iconUnderlayId`, `hookItemTypes`, `itemsCapacity`, `location`, `materialType`, `maxStackSize`, `maxStructure`, `radar`, `pscript`, `spellId`, `stackSize`, `structure`, `targetTypeId`, `usability`, `useRadius`, `validLocations`, `value`, `workmanship`, `animationFrameId`, `defaultScript`, `defaultScriptIntensity`, `elasticity`, `friction`, `locationId`, `modelTableId`, `objectScale`, `physicsBitField`, `physicsTableId`, `motionTableId`, `soundTableId`, `physicsState`, `translucency`, `currentMotionState`)
VALUES (14510, 'Hammer of Ice', 16384, 67111919, 0, 0, 18, 575, 0, 0, 0, 0, 0, 2640920, 0, 100672502, 0, 0, 0, 0, 0, 0, 0, 1, 0, 0, 0, 0, 1, 640, 2097160, 0, 0, 100, 0, 101, 0, 0, 0, 0, 0, 33557488, 0, 137217, 872415275, 0, 536870932, 1044, 0, '0');

INSERT INTO weenie_class (`weenieClassId`, `baseAceObjectId`)
VALUES (14510, 14510);

INSERT INTO `weenie_palette_changes` (`weenieClassId`, `subPaletteId`, `offset`, `length`)
VALUES (14510, 67111924, 0, 0);

INSERT INTO `base_ace_object` (`baseAceObjectId`, `name`, `typeId`, `paletteId`, `ammoType`, `blipColor`, `bitField`, `burden`, `combatUse`, `cooldownDuration`, `cooldownId`, `effects`, `containersCapacity`, `header`, `hookTypeId`, `iconId`, `iconOverlayId`, `iconUnderlayId`, `hookItemTypes`, `itemsCapacity`, `location`, `materialType`, `maxStackSize`, `maxStructure`, `radar`, `pscript`, `spellId`, `stackSize`, `structure`, `targetTypeId`, `usability`, `useRadius`, `validLocations`, `value`, `workmanship`, `animationFrameId`, `defaultScript`, `defaultScriptIntensity`, `elasticity`, `friction`, `locationId`, `modelTableId`, `objectScale`, `physicsBitField`, `physicsTableId`, `motionTableId`, `soundTableId`, `physicsState`, `translucency`, `currentMotionState`)
VALUES (35591, 'Cave Door Key', 16384, 0, 0, 0, 18, 50, 0, 0, 0, 0, 0, 2640912, 0, 100667485, 0, 0, 0, 0, 0, 0, 0, 1, 0, 0, 0, 0, 1, 640, 2097160, 0, 0, 0, 0, 101, 0, 0, 0, 0, 0, 33554784, 0, 137217, 872415275, 0, 536870932, 1044, 0, '0');

INSERT INTO weenie_class (`weenieClassId`, `baseAceObjectId`)
VALUES (35591, 35591);

INSERT INTO `base_ace_object` (`baseAceObjectId`, `name`, `typeId`, `paletteId`, `ammoType`, `blipColor`, `bitField`, `burden`, `combatUse`, `cooldownDuration`, `cooldownId`, `effects`, `containersCapacity`, `header`, `hookTypeId`, `iconId`, `iconOverlayId`, `iconUnderlayId`, `hookItemTypes`, `itemsCapacity`, `location`, `materialType`, `maxStackSize`, `maxStructure`, `radar`, `pscript`, `spellId`, `stackSize`, `structure`, `targetTypeId`, `usability`, `useRadius`, `validLocations`, `value`, `workmanship`, `animationFrameId`, `defaultScript`, `defaultScriptIntensity`, `elasticity`, `friction`, `locationId`, `modelTableId`, `objectScale`, `physicsBitField`, `physicsTableId`, `motionTableId`, `soundTableId`, `physicsState`, `translucency`, `currentMotionState`)
VALUES (48914, 'Legendary Key', 16384, 0, 0, 0, 18, 30, 0, 0, 0, 64, 0, 2641048, 0, 100693001, 0, 0, 0, 0, 0, 0, 0, 1, 0, 0, 0, 0, 1, 640, 2097160, 0, 0, 10000, 0, 101, 0, 0, 0, 0, 0, 33554784, 0, 137217, 872415275, 0, 536870932, 1044, 0, '0');

INSERT INTO weenie_class (`weenieClassId`, `baseAceObjectId`)
VALUES (48914, 48914);

INSERT INTO `base_ace_object` (`baseAceObjectId`, `name`, `typeId`, `paletteId`, `ammoType`, `blipColor`, `bitField`, `burden`, `combatUse`, `cooldownDuration`, `cooldownId`, `effects`, `containersCapacity`, `header`, `hookTypeId`, `iconId`, `iconOverlayId`, `iconUnderlayId`, `hookItemTypes`, `itemsCapacity`, `location`, `materialType`, `maxStackSize`, `maxStructure`, `radar`, `pscript`, `spellId`, `stackSize`, `structure`, `targetTypeId`, `usability`, `useRadius`, `validLocations`, `value`, `workmanship`, `animationFrameId`, `defaultScript`, `defaultScriptIntensity`, `elasticity`, `friction`, `locationId`, `modelTableId`, `objectScale`, `physicsBitField`, `physicsTableId`, `motionTableId`, `soundTableId`, `physicsState`, `translucency`, `currentMotionState`)
VALUES (46288, 'Tiny''s Head', 16384, 0, 0, 0, 18, 200, 0, 0, 0, 0, 0, 2113536, 0, 100688477, 0, 0, 0, 0, 0, 0, 0, 0, 0, 0, 0, 0, 0, 0, 0, 0, 0, 0, 0, 101, 0, 0, 0, 0, 0, 33559768, 0, 137217, 872415275, 0, 536870932, 1044, 0, '0');

INSERT INTO weenie_class (`weenieClassId`, `baseAceObjectId`)
VALUES (46288, 46288);

INSERT INTO `base_ace_object` (`baseAceObjectId`, `name`, `typeId`, `paletteId`, `ammoType`, `blipColor`, `bitField`, `burden`, `combatUse`, `cooldownDuration`, `cooldownId`, `effects`, `containersCapacity`, `header`, `hookTypeId`, `iconId`, `iconOverlayId`, `iconUnderlayId`, `hookItemTypes`, `itemsCapacity`, `location`, `materialType`, `maxStackSize`, `maxStructure`, `radar`, `pscript`, `spellId`, `stackSize`, `structure`, `targetTypeId`, `usability`, `useRadius`, `validLocations`, `value`, `workmanship`, `animationFrameId`, `defaultScript`, `defaultScriptIntensity`, `elasticity`, `friction`, `locationId`, `modelTableId`, `objectScale`, `physicsBitField`, `physicsTableId`, `motionTableId`, `soundTableId`, `physicsState`, `translucency`, `currentMotionState`)
VALUES (32014, 'Aurulent Key', 16384, 0, 0, 0, 18, 100, 0, 0, 0, 0, 0, 2640912, 0, 100676957, 0, 0, 0, 0, 0, 0, 0, 1, 0, 0, 0, 0, 1, 640, 2097160, 0, 0, 0, 0, 101, 0, 0, 0, 0, 0, 33554784, 0, 137217, 872415275, 0, 536870932, 1044, 0, '0');

INSERT INTO weenie_class (`weenieClassId`, `baseAceObjectId`)
VALUES (32014, 32014);

INSERT INTO `base_ace_object` (`baseAceObjectId`, `name`, `typeId`, `paletteId`, `ammoType`, `blipColor`, `bitField`, `burden`, `combatUse`, `cooldownDuration`, `cooldownId`, `effects`, `containersCapacity`, `header`, `hookTypeId`, `iconId`, `iconOverlayId`, `iconUnderlayId`, `hookItemTypes`, `itemsCapacity`, `location`, `materialType`, `maxStackSize`, `maxStructure`, `radar`, `pscript`, `spellId`, `stackSize`, `structure`, `targetTypeId`, `usability`, `useRadius`, `validLocations`, `value`, `workmanship`, `animationFrameId`, `defaultScript`, `defaultScriptIntensity`, `elasticity`, `friction`, `locationId`, `modelTableId`, `objectScale`, `physicsBitField`, `physicsTableId`, `motionTableId`, `soundTableId`, `physicsState`, `translucency`, `currentMotionState`)
VALUES (27686, 'Strong Iron Key', 16384, 0, 0, 0, 18, 50, 0, 0, 0, 0, 0, 2624528, 0, 100676423, 0, 0, 0, 0, 0, 0, 0, 1, 0, 0, 0, 0, 1, 640, 2097160, 0, 0, 0, 0, 101, 0, 0, 0, 0, 0, 33554784, 0, 169985, 872415275, 0, 536870932, 1044, 0, '0');

INSERT INTO weenie_class (`weenieClassId`, `baseAceObjectId`)
VALUES (27686, 27686);

INSERT INTO `base_ace_object` (`baseAceObjectId`, `name`, `typeId`, `paletteId`, `ammoType`, `blipColor`, `bitField`, `burden`, `combatUse`, `cooldownDuration`, `cooldownId`, `effects`, `containersCapacity`, `header`, `hookTypeId`, `iconId`, `iconOverlayId`, `iconUnderlayId`, `hookItemTypes`, `itemsCapacity`, `location`, `materialType`, `maxStackSize`, `maxStructure`, `radar`, `pscript`, `spellId`, `stackSize`, `structure`, `targetTypeId`, `usability`, `useRadius`, `validLocations`, `value`, `workmanship`, `animationFrameId`, `defaultScript`, `defaultScriptIntensity`, `elasticity`, `friction`, `locationId`, `modelTableId`, `objectScale`, `physicsBitField`, `physicsTableId`, `motionTableId`, `soundTableId`, `physicsState`, `translucency`, `currentMotionState`)
VALUES (25482, 'Smelly Olthoi Gland', 16384, 0, 0, 0, 18, 50, 0, 0, 0, 0, 0, 2640920, 0, 100674711, 0, 0, 0, 0, 0, 0, 0, 1, 0, 0, 0, 0, 1, 640, 2097160, 0, 0, 10, 0, 101, 0, 0, 0, 0, 0, 33556232, 0, 399361, 872415275, 0, 536870932, 1044, 0.5, '0');

INSERT INTO weenie_class (`weenieClassId`, `baseAceObjectId`)
VALUES (25482, 25482);

INSERT INTO `weenie_texture_map_changes` (`weenieClassId`, `index`, `oldId`, `newId`)
VALUES (25482, 0, 83888868, 83892604);

INSERT INTO `weenie_animation_changes` (`weenieClassId`, `index`, `animationId`)
VALUES (25482, 0, 16783934);

INSERT INTO `base_ace_object` (`baseAceObjectId`, `name`, `typeId`, `paletteId`, `ammoType`, `blipColor`, `bitField`, `burden`, `combatUse`, `cooldownDuration`, `cooldownId`, `effects`, `containersCapacity`, `header`, `hookTypeId`, `iconId`, `iconOverlayId`, `iconUnderlayId`, `hookItemTypes`, `itemsCapacity`, `location`, `materialType`, `maxStackSize`, `maxStructure`, `radar`, `pscript`, `spellId`, `stackSize`, `structure`, `targetTypeId`, `usability`, `useRadius`, `validLocations`, `value`, `workmanship`, `animationFrameId`, `defaultScript`, `defaultScriptIntensity`, `elasticity`, `friction`, `locationId`, `modelTableId`, `objectScale`, `physicsBitField`, `physicsTableId`, `motionTableId`, `soundTableId`, `physicsState`, `translucency`, `currentMotionState`)
VALUES (48897, 'Chipped Key', 16384, 0, 0, 0, 18, 20, 0, 0, 0, 0, 0, 2640912, 0, 100668441, 0, 0, 0, 0, 0, 0, 0, 1, 0, 0, 0, 0, 1, 640, 2097160, 0, 0, 0, 0, 101, 0, 0, 0, 0, 0, 33554784, 0, 137217, 872415275, 0, 536870932, 1044, 0, '0');

INSERT INTO weenie_class (`weenieClassId`, `baseAceObjectId`)
VALUES (48897, 48897);

INSERT INTO `base_ace_object` (`baseAceObjectId`, `name`, `typeId`, `paletteId`, `ammoType`, `blipColor`, `bitField`, `burden`, `combatUse`, `cooldownDuration`, `cooldownId`, `effects`, `containersCapacity`, `header`, `hookTypeId`, `iconId`, `iconOverlayId`, `iconUnderlayId`, `hookItemTypes`, `itemsCapacity`, `location`, `materialType`, `maxStackSize`, `maxStructure`, `radar`, `pscript`, `spellId`, `stackSize`, `structure`, `targetTypeId`, `usability`, `useRadius`, `validLocations`, `value`, `workmanship`, `animationFrameId`, `defaultScript`, `defaultScriptIntensity`, `elasticity`, `friction`, `locationId`, `modelTableId`, `objectScale`, `physicsBitField`, `physicsTableId`, `motionTableId`, `soundTableId`, `physicsState`, `translucency`, `currentMotionState`)
VALUES (48898, 'Cracked Key', 16384, 0, 0, 0, 18, 20, 0, 0, 0, 0, 0, 2640912, 0, 100668441, 0, 0, 0, 0, 0, 0, 0, 1, 0, 0, 0, 0, 1, 640, 2097160, 0, 0, 0, 0, 101, 0, 0, 0, 0, 0, 33554784, 0, 137217, 872415275, 0, 536870932, 1044, 0, '0');

INSERT INTO weenie_class (`weenieClassId`, `baseAceObjectId`)
VALUES (48898, 48898);

INSERT INTO `base_ace_object` (`baseAceObjectId`, `name`, `typeId`, `paletteId`, `ammoType`, `blipColor`, `bitField`, `burden`, `combatUse`, `cooldownDuration`, `cooldownId`, `effects`, `containersCapacity`, `header`, `hookTypeId`, `iconId`, `iconOverlayId`, `iconUnderlayId`, `hookItemTypes`, `itemsCapacity`, `location`, `materialType`, `maxStackSize`, `maxStructure`, `radar`, `pscript`, `spellId`, `stackSize`, `structure`, `targetTypeId`, `usability`, `useRadius`, `validLocations`, `value`, `workmanship`, `animationFrameId`, `defaultScript`, `defaultScriptIntensity`, `elasticity`, `friction`, `locationId`, `modelTableId`, `objectScale`, `physicsBitField`, `physicsTableId`, `motionTableId`, `soundTableId`, `physicsState`, `translucency`, `currentMotionState`)
VALUES (2203, 'Tumerok Gladiator''s Key', 16384, 0, 0, 0, 18, 50, 0, 0, 0, 0, 0, 2640920, 0, 100667486, 0, 0, 0, 0, 0, 0, 0, 3, 0, 0, 0, 0, 3, 640, 2097160, 0, 0, 50, 0, 101, 0, 0, 0, 0, 0, 33554784, 0, 137217, 872415275, 0, 536870932, 1044, 0, '0');

INSERT INTO weenie_class (`weenieClassId`, `baseAceObjectId`)
VALUES (2203, 2203);

INSERT INTO `base_ace_object` (`baseAceObjectId`, `name`, `typeId`, `paletteId`, `ammoType`, `blipColor`, `bitField`, `burden`, `combatUse`, `cooldownDuration`, `cooldownId`, `effects`, `containersCapacity`, `header`, `hookTypeId`, `iconId`, `iconOverlayId`, `iconUnderlayId`, `hookItemTypes`, `itemsCapacity`, `location`, `materialType`, `maxStackSize`, `maxStructure`, `radar`, `pscript`, `spellId`, `stackSize`, `structure`, `targetTypeId`, `usability`, `useRadius`, `validLocations`, `value`, `workmanship`, `animationFrameId`, `defaultScript`, `defaultScriptIntensity`, `elasticity`, `friction`, `locationId`, `modelTableId`, `objectScale`, `physicsBitField`, `physicsTableId`, `motionTableId`, `soundTableId`, `physicsState`, `translucency`, `currentMotionState`)
VALUES (52781, 'Gauntlet Treasure Key', 16384, 0, 0, 0, 18, 30, 0, 0, 0, 64, 0, 2641040, 0, 100693319, 0, 0, 0, 0, 0, 0, 0, 3, 0, 0, 0, 0, 3, 640, 2097160, 0, 0, 0, 0, 101, 0, 0, 0, 0, 0, 33554784, 0, 137217, 872415275, 0, 536870932, 1044, 0, '0');

INSERT INTO weenie_class (`weenieClassId`, `baseAceObjectId`)
VALUES (52781, 52781);

INSERT INTO `base_ace_object` (`baseAceObjectId`, `name`, `typeId`, `paletteId`, `ammoType`, `blipColor`, `bitField`, `burden`, `combatUse`, `cooldownDuration`, `cooldownId`, `effects`, `containersCapacity`, `header`, `hookTypeId`, `iconId`, `iconOverlayId`, `iconUnderlayId`, `hookItemTypes`, `itemsCapacity`, `location`, `materialType`, `maxStackSize`, `maxStructure`, `radar`, `pscript`, `spellId`, `stackSize`, `structure`, `targetTypeId`, `usability`, `useRadius`, `validLocations`, `value`, `workmanship`, `animationFrameId`, `defaultScript`, `defaultScriptIntensity`, `elasticity`, `friction`, `locationId`, `modelTableId`, `objectScale`, `physicsBitField`, `physicsTableId`, `motionTableId`, `soundTableId`, `physicsState`, `translucency`, `currentMotionState`)
VALUES (34008, 'Key to the Chest of Darayavaush', 16384, 0, 0, 0, 18, 50, 0, 0, 0, 0, 0, 2640912, 0, 100689120, 0, 0, 0, 0, 0, 0, 0, 1, 0, 0, 0, 0, 1, 640, 2097160, 0, 0, 0, 0, 101, 0, 0, 0, 0, 0, 33554784, 0, 137217, 872415275, 0, 536870932, 1044, 0, '0');

INSERT INTO weenie_class (`weenieClassId`, `baseAceObjectId`)
VALUES (34008, 34008);

INSERT INTO `base_ace_object` (`baseAceObjectId`, `name`, `typeId`, `paletteId`, `ammoType`, `blipColor`, `bitField`, `burden`, `combatUse`, `cooldownDuration`, `cooldownId`, `effects`, `containersCapacity`, `header`, `hookTypeId`, `iconId`, `iconOverlayId`, `iconUnderlayId`, `hookItemTypes`, `itemsCapacity`, `location`, `materialType`, `maxStackSize`, `maxStructure`, `radar`, `pscript`, `spellId`, `stackSize`, `structure`, `targetTypeId`, `usability`, `useRadius`, `validLocations`, `value`, `workmanship`, `animationFrameId`, `defaultScript`, `defaultScriptIntensity`, `elasticity`, `friction`, `locationId`, `modelTableId`, `objectScale`, `physicsBitField`, `physicsTableId`, `motionTableId`, `soundTableId`, `physicsState`, `translucency`, `currentMotionState`)
VALUES (14881, 'Martinate Trove Key', 16384, 67111346, 0, 0, 18, 50, 0, 0, 0, 0, 0, 271076368, 2, 100672605, 0, 0, 0, 0, 0, 0, 0, 1, 0, 0, 0, 0, 1, 640, 2097160, 0, 0, 0, 0, 101, 0, 0, 0, 0, 0, 33557000, 0, 137217, 872415275, 0, 536870932, 1044, 0, '0');

INSERT INTO weenie_class (`weenieClassId`, `baseAceObjectId`)
VALUES (14881, 14881);

INSERT INTO `weenie_palette_changes` (`weenieClassId`, `subPaletteId`, `offset`, `length`)
VALUES (14881, 67113796, 0, 0);

INSERT INTO `weenie_animation_changes` (`weenieClassId`, `index`, `animationId`)
VALUES (14881, 9, 16785620);

INSERT INTO `base_ace_object` (`baseAceObjectId`, `name`, `typeId`, `paletteId`, `ammoType`, `blipColor`, `bitField`, `burden`, `combatUse`, `cooldownDuration`, `cooldownId`, `effects`, `containersCapacity`, `header`, `hookTypeId`, `iconId`, `iconOverlayId`, `iconUnderlayId`, `hookItemTypes`, `itemsCapacity`, `location`, `materialType`, `maxStackSize`, `maxStructure`, `radar`, `pscript`, `spellId`, `stackSize`, `structure`, `targetTypeId`, `usability`, `useRadius`, `validLocations`, `value`, `workmanship`, `animationFrameId`, `defaultScript`, `defaultScriptIntensity`, `elasticity`, `friction`, `locationId`, `modelTableId`, `objectScale`, `physicsBitField`, `physicsTableId`, `motionTableId`, `soundTableId`, `physicsState`, `translucency`, `currentMotionState`)
VALUES (33827, 'Old Footlocker Key', 16384, 0, 0, 0, 18, 50, 0, 0, 0, 0, 0, 2640912, 0, 100668441, 0, 0, 0, 0, 0, 0, 0, 1, 0, 0, 0, 0, 1, 640, 2097160, 0, 0, 0, 0, 101, 0, 0, 0, 0, 0, 33554784, 0, 135169, 872415275, 0, 0, 1044, 0, '0');

INSERT INTO weenie_class (`weenieClassId`, `baseAceObjectId`)
VALUES (33827, 33827);

INSERT INTO `base_ace_object` (`baseAceObjectId`, `name`, `typeId`, `paletteId`, `ammoType`, `blipColor`, `bitField`, `burden`, `combatUse`, `cooldownDuration`, `cooldownId`, `effects`, `containersCapacity`, `header`, `hookTypeId`, `iconId`, `iconOverlayId`, `iconUnderlayId`, `hookItemTypes`, `itemsCapacity`, `location`, `materialType`, `maxStackSize`, `maxStructure`, `radar`, `pscript`, `spellId`, `stackSize`, `structure`, `targetTypeId`, `usability`, `useRadius`, `validLocations`, `value`, `workmanship`, `animationFrameId`, `defaultScript`, `defaultScriptIntensity`, `elasticity`, `friction`, `locationId`, `modelTableId`, `objectScale`, `physicsBitField`, `physicsTableId`, `motionTableId`, `soundTableId`, `physicsState`, `translucency`, `currentMotionState`)
VALUES (4793, 'Brentsella''s Key', 16384, 0, 0, 0, 18, 50, 0, 0, 0, 0, 0, 2640912, 0, 100667486, 0, 0, 0, 0, 0, 0, 0, 1, 0, 0, 0, 0, 1, 640, 2097160, 0, 0, 0, 0, 101, 0, 0, 0, 0, 0, 33554784, 0, 137217, 872415275, 0, 536870932, 1044, 0, '0');

INSERT INTO weenie_class (`weenieClassId`, `baseAceObjectId`)
VALUES (4793, 4793);

INSERT INTO `base_ace_object` (`baseAceObjectId`, `name`, `typeId`, `paletteId`, `ammoType`, `blipColor`, `bitField`, `burden`, `combatUse`, `cooldownDuration`, `cooldownId`, `effects`, `containersCapacity`, `header`, `hookTypeId`, `iconId`, `iconOverlayId`, `iconUnderlayId`, `hookItemTypes`, `itemsCapacity`, `location`, `materialType`, `maxStackSize`, `maxStructure`, `radar`, `pscript`, `spellId`, `stackSize`, `structure`, `targetTypeId`, `usability`, `useRadius`, `validLocations`, `value`, `workmanship`, `animationFrameId`, `defaultScript`, `defaultScriptIntensity`, `elasticity`, `friction`, `locationId`, `modelTableId`, `objectScale`, `physicsBitField`, `physicsTableId`, `motionTableId`, `soundTableId`, `physicsState`, `translucency`, `currentMotionState`)
VALUES (32358, 'Viamont Staging Area Key', 16384, 0, 0, 0, 18, 50, 0, 0, 0, 0, 0, 2640912, 0, 100686382, 0, 0, 0, 0, 0, 0, 0, 2, 0, 0, 0, 0, 1, 640, 2097160, 0, 0, 0, 0, 0, 0, 0, 0, 0, 0, 33559158, 0, 6145, 872415275, 0, 536870932, 1044, 0, '0');

INSERT INTO weenie_class (`weenieClassId`, `baseAceObjectId`)
VALUES (32358, 32358);

INSERT INTO `base_ace_object` (`baseAceObjectId`, `name`, `typeId`, `paletteId`, `ammoType`, `blipColor`, `bitField`, `burden`, `combatUse`, `cooldownDuration`, `cooldownId`, `effects`, `containersCapacity`, `header`, `hookTypeId`, `iconId`, `iconOverlayId`, `iconUnderlayId`, `hookItemTypes`, `itemsCapacity`, `location`, `materialType`, `maxStackSize`, `maxStructure`, `radar`, `pscript`, `spellId`, `stackSize`, `structure`, `targetTypeId`, `usability`, `useRadius`, `validLocations`, `value`, `workmanship`, `animationFrameId`, `defaultScript`, `defaultScriptIntensity`, `elasticity`, `friction`, `locationId`, `modelTableId`, `objectScale`, `physicsBitField`, `physicsTableId`, `motionTableId`, `soundTableId`, `physicsState`, `translucency`, `currentMotionState`)
VALUES (30255, 'Grand Casino Golden Keyring', 16384, 0, 0, 0, 67108882, 5, 0, 0, 0, 0, 0, 271076368, 2, 100686707, 0, 100686604, 0, 0, 0, 0, 0, 25, 0, 0, 0, 0, 25, 640, 2097160, 0, 0, 0, 0, 101, 0, 0, 0, 0, 0, 33557005, 0, 137217, 872415275, 0, 536870932, 1044, 0, '0');

INSERT INTO weenie_class (`weenieClassId`, `baseAceObjectId`)
VALUES (30255, 30255);

INSERT INTO `base_ace_object` (`baseAceObjectId`, `name`, `typeId`, `paletteId`, `ammoType`, `blipColor`, `bitField`, `burden`, `combatUse`, `cooldownDuration`, `cooldownId`, `effects`, `containersCapacity`, `header`, `hookTypeId`, `iconId`, `iconOverlayId`, `iconUnderlayId`, `hookItemTypes`, `itemsCapacity`, `location`, `materialType`, `maxStackSize`, `maxStructure`, `radar`, `pscript`, `spellId`, `stackSize`, `structure`, `targetTypeId`, `usability`, `useRadius`, `validLocations`, `value`, `workmanship`, `animationFrameId`, `defaultScript`, `defaultScriptIntensity`, `elasticity`, `friction`, `locationId`, `modelTableId`, `objectScale`, `physicsBitField`, `physicsTableId`, `motionTableId`, `soundTableId`, `physicsState`, `translucency`, `currentMotionState`)
VALUES (45622, 'Door Key', 16384, 0, 0, 0, 18, 50, 0, 0, 0, 0, 0, 2624536, 0, 100675676, 0, 0, 0, 0, 0, 0, 0, 2, 0, 0, 0, 0, 1, 640, 2097160, 0, 0, 50, 0, 101, 0, 0, 0, 0, 0, 33560581, 0, 169985, 872415275, 0, 536870932, 1044, 0, '0');

INSERT INTO weenie_class (`weenieClassId`, `baseAceObjectId`)
VALUES (45622, 45622);

INSERT INTO `base_ace_object` (`baseAceObjectId`, `name`, `typeId`, `paletteId`, `ammoType`, `blipColor`, `bitField`, `burden`, `combatUse`, `cooldownDuration`, `cooldownId`, `effects`, `containersCapacity`, `header`, `hookTypeId`, `iconId`, `iconOverlayId`, `iconUnderlayId`, `hookItemTypes`, `itemsCapacity`, `location`, `materialType`, `maxStackSize`, `maxStructure`, `radar`, `pscript`, `spellId`, `stackSize`, `structure`, `targetTypeId`, `usability`, `useRadius`, `validLocations`, `value`, `workmanship`, `animationFrameId`, `defaultScript`, `defaultScriptIntensity`, `elasticity`, `friction`, `locationId`, `modelTableId`, `objectScale`, `physicsBitField`, `physicsTableId`, `motionTableId`, `soundTableId`, `physicsState`, `translucency`, `currentMotionState`)
VALUES (5134, 'Iron Key', 16384, 0, 0, 0, 18, 135, 0, 0, 0, 0, 0, 2640912, 0, 100667485, 0, 0, 0, 0, 0, 0, 0, 3, 0, 0, 0, 0, 3, 640, 2097160, 0, 0, 0, 0, 101, 0, 0, 0, 0, 0, 33554784, 0, 137217, 872415275, 0, 536870932, 1044, 0, '0');

INSERT INTO weenie_class (`weenieClassId`, `baseAceObjectId`)
VALUES (5134, 5134);

INSERT INTO `base_ace_object` (`baseAceObjectId`, `name`, `typeId`, `paletteId`, `ammoType`, `blipColor`, `bitField`, `burden`, `combatUse`, `cooldownDuration`, `cooldownId`, `effects`, `containersCapacity`, `header`, `hookTypeId`, `iconId`, `iconOverlayId`, `iconUnderlayId`, `hookItemTypes`, `itemsCapacity`, `location`, `materialType`, `maxStackSize`, `maxStructure`, `radar`, `pscript`, `spellId`, `stackSize`, `structure`, `targetTypeId`, `usability`, `useRadius`, `validLocations`, `value`, `workmanship`, `animationFrameId`, `defaultScript`, `defaultScriptIntensity`, `elasticity`, `friction`, `locationId`, `modelTableId`, `objectScale`, `physicsBitField`, `physicsTableId`, `motionTableId`, `soundTableId`, `physicsState`, `translucency`, `currentMotionState`)
VALUES (8214, 'Guard Post Key', 16384, 0, 0, 0, 18, 50, 0, 0, 0, 0, 0, 2640920, 0, 100670820, 0, 0, 0, 0, 0, 0, 0, 1, 0, 0, 0, 0, 1, 640, 2097160, 0, 0, 100, 0, 101, 0, 0, 0, 0, 0, 33554784, 0, 137217, 872415275, 0, 536870932, 1044, 0, '0');

INSERT INTO weenie_class (`weenieClassId`, `baseAceObjectId`)
VALUES (8214, 8214);

INSERT INTO `base_ace_object` (`baseAceObjectId`, `name`, `typeId`, `paletteId`, `ammoType`, `blipColor`, `bitField`, `burden`, `combatUse`, `cooldownDuration`, `cooldownId`, `effects`, `containersCapacity`, `header`, `hookTypeId`, `iconId`, `iconOverlayId`, `iconUnderlayId`, `hookItemTypes`, `itemsCapacity`, `location`, `materialType`, `maxStackSize`, `maxStructure`, `radar`, `pscript`, `spellId`, `stackSize`, `structure`, `targetTypeId`, `usability`, `useRadius`, `validLocations`, `value`, `workmanship`, `animationFrameId`, `defaultScript`, `defaultScriptIntensity`, `elasticity`, `friction`, `locationId`, `modelTableId`, `objectScale`, `physicsBitField`, `physicsTableId`, `motionTableId`, `soundTableId`, `physicsState`, `translucency`, `currentMotionState`)
VALUES (49644, 'Door Key', 16384, 0, 0, 0, 18, 10, 0, 0, 0, 0, 0, 2640912, 0, 100671245, 0, 0, 0, 0, 0, 0, 0, 1, 0, 0, 0, 0, 1, 640, 2097160, 0, 0, 0, 0, 101, 0, 0, 0, 0, 0, 33554784, 0, 137217, 872415275, 0, 536870932, 1044, 0, '0');

INSERT INTO weenie_class (`weenieClassId`, `baseAceObjectId`)
VALUES (49644, 49644);

INSERT INTO `base_ace_object` (`baseAceObjectId`, `name`, `typeId`, `paletteId`, `ammoType`, `blipColor`, `bitField`, `burden`, `combatUse`, `cooldownDuration`, `cooldownId`, `effects`, `containersCapacity`, `header`, `hookTypeId`, `iconId`, `iconOverlayId`, `iconUnderlayId`, `hookItemTypes`, `itemsCapacity`, `location`, `materialType`, `maxStackSize`, `maxStructure`, `radar`, `pscript`, `spellId`, `stackSize`, `structure`, `targetTypeId`, `usability`, `useRadius`, `validLocations`, `value`, `workmanship`, `animationFrameId`, `defaultScript`, `defaultScriptIntensity`, `elasticity`, `friction`, `locationId`, `modelTableId`, `objectScale`, `physicsBitField`, `physicsTableId`, `motionTableId`, `soundTableId`, `physicsState`, `translucency`, `currentMotionState`)
VALUES (52241, 'Chilled Key', 16384, 0, 0, 0, 18, 10, 0, 0, 0, 0, 0, 2640912, 0, 100693240, 0, 0, 0, 0, 0, 0, 0, 1, 0, 0, 0, 0, 1, 640, 2097160, 0, 0, 0, 0, 101, 0, 0, 0, 0, 0, 33554784, 0, 137217, 872415275, 0, 536870932, 1044, 0, '0');

INSERT INTO weenie_class (`weenieClassId`, `baseAceObjectId`)
VALUES (52241, 52241);

INSERT INTO `base_ace_object` (`baseAceObjectId`, `name`, `typeId`, `paletteId`, `ammoType`, `blipColor`, `bitField`, `burden`, `combatUse`, `cooldownDuration`, `cooldownId`, `effects`, `containersCapacity`, `header`, `hookTypeId`, `iconId`, `iconOverlayId`, `iconUnderlayId`, `hookItemTypes`, `itemsCapacity`, `location`, `materialType`, `maxStackSize`, `maxStructure`, `radar`, `pscript`, `spellId`, `stackSize`, `structure`, `targetTypeId`, `usability`, `useRadius`, `validLocations`, `value`, `workmanship`, `animationFrameId`, `defaultScript`, `defaultScriptIntensity`, `elasticity`, `friction`, `locationId`, `modelTableId`, `objectScale`, `physicsBitField`, `physicsTableId`, `motionTableId`, `soundTableId`, `physicsState`, `translucency`, `currentMotionState`)
VALUES (48749, 'Legendary Key', 16384, 0, 0, 0, 18, 30, 0, 0, 0, 64, 0, 2641048, 0, 100693001, 0, 0, 0, 0, 0, 0, 0, 3, 0, 0, 0, 0, 3, 640, 2097160, 0, 0, 30000, 0, 101, 0, 0, 0, 0, 0, 33554784, 0, 137217, 872415275, 0, 536870932, 1044, 0, '0');

INSERT INTO weenie_class (`weenieClassId`, `baseAceObjectId`)
VALUES (48749, 48749);

INSERT INTO `base_ace_object` (`baseAceObjectId`, `name`, `typeId`, `paletteId`, `ammoType`, `blipColor`, `bitField`, `burden`, `combatUse`, `cooldownDuration`, `cooldownId`, `effects`, `containersCapacity`, `header`, `hookTypeId`, `iconId`, `iconOverlayId`, `iconUnderlayId`, `hookItemTypes`, `itemsCapacity`, `location`, `materialType`, `maxStackSize`, `maxStructure`, `radar`, `pscript`, `spellId`, `stackSize`, `structure`, `targetTypeId`, `usability`, `useRadius`, `validLocations`, `value`, `workmanship`, `animationFrameId`, `defaultScript`, `defaultScriptIntensity`, `elasticity`, `friction`, `locationId`, `modelTableId`, `objectScale`, `physicsBitField`, `physicsTableId`, `motionTableId`, `soundTableId`, `physicsState`, `translucency`, `currentMotionState`)
VALUES (33541, 'Locked Gate Key', 16384, 0, 0, 0, 18, 15, 0, 0, 0, 0, 0, 2640912, 0, 100670820, 0, 0, 0, 0, 0, 0, 0, 1, 0, 0, 0, 0, 1, 640, 2097160, 0, 0, 0, 0, 101, 0, 0, 0, 0, 0, 33554784, 0, 137217, 872415275, 0, 536870932, 1044, 0, '0');

INSERT INTO weenie_class (`weenieClassId`, `baseAceObjectId`)
VALUES (33541, 33541);

INSERT INTO `base_ace_object` (`baseAceObjectId`, `name`, `typeId`, `paletteId`, `ammoType`, `blipColor`, `bitField`, `burden`, `combatUse`, `cooldownDuration`, `cooldownId`, `effects`, `containersCapacity`, `header`, `hookTypeId`, `iconId`, `iconOverlayId`, `iconUnderlayId`, `hookItemTypes`, `itemsCapacity`, `location`, `materialType`, `maxStackSize`, `maxStructure`, `radar`, `pscript`, `spellId`, `stackSize`, `structure`, `targetTypeId`, `usability`, `useRadius`, `validLocations`, `value`, `workmanship`, `animationFrameId`, `defaultScript`, `defaultScriptIntensity`, `elasticity`, `friction`, `locationId`, `modelTableId`, `objectScale`, `physicsBitField`, `physicsTableId`, `motionTableId`, `soundTableId`, `physicsState`, `translucency`, `currentMotionState`)
VALUES (36495, 'Ancient Crest', 16384, 67111919, 0, 0, 18, 5, 0, 0, 0, 0, 0, 2637840, 0, 100670319, 0, 0, 0, 0, 0, 0, 0, 0, 0, 0, 0, 0, 0, 640, 1, 0, 0, 0, 0, 101, 0, 0, 0, 0, 0, 33554689, 0.67, 137345, 872415275, 0, 536870932, 1044, 0, '0');

INSERT INTO weenie_class (`weenieClassId`, `baseAceObjectId`)
VALUES (36495, 36495);

INSERT INTO `weenie_palette_changes` (`weenieClassId`, `subPaletteId`, `offset`, `length`)
VALUES (36495, 67111925, 0, 0);

INSERT INTO `weenie_texture_map_changes` (`weenieClassId`, `index`, `oldId`, `newId`)
VALUES (36495, 0, 83888956, 83888956);

INSERT INTO `weenie_animation_changes` (`weenieClassId`, `index`, `animationId`)
VALUES (36495, 0, 16778506);

INSERT INTO `base_ace_object` (`baseAceObjectId`, `name`, `typeId`, `paletteId`, `ammoType`, `blipColor`, `bitField`, `burden`, `combatUse`, `cooldownDuration`, `cooldownId`, `effects`, `containersCapacity`, `header`, `hookTypeId`, `iconId`, `iconOverlayId`, `iconUnderlayId`, `hookItemTypes`, `itemsCapacity`, `location`, `materialType`, `maxStackSize`, `maxStructure`, `radar`, `pscript`, `spellId`, `stackSize`, `structure`, `targetTypeId`, `usability`, `useRadius`, `validLocations`, `value`, `workmanship`, `animationFrameId`, `defaultScript`, `defaultScriptIntensity`, `elasticity`, `friction`, `locationId`, `modelTableId`, `objectScale`, `physicsBitField`, `physicsTableId`, `motionTableId`, `soundTableId`, `physicsState`, `translucency`, `currentMotionState`)
VALUES (51558, 'Legendary Key', 16384, 0, 0, 0, 18, 30, 0, 0, 0, 64, 0, 2641048, 0, 100693001, 0, 0, 0, 0, 0, 0, 0, 1, 0, 0, 0, 0, 1, 640, 2097160, 0, 0, 20000, 0, 101, 0, 0, 0, 0, 0, 33554784, 0, 137217, 872415275, 0, 536870932, 1044, 0, '0');

INSERT INTO weenie_class (`weenieClassId`, `baseAceObjectId`)
VALUES (51558, 51558);

INSERT INTO `base_ace_object` (`baseAceObjectId`, `name`, `typeId`, `paletteId`, `ammoType`, `blipColor`, `bitField`, `burden`, `combatUse`, `cooldownDuration`, `cooldownId`, `effects`, `containersCapacity`, `header`, `hookTypeId`, `iconId`, `iconOverlayId`, `iconUnderlayId`, `hookItemTypes`, `itemsCapacity`, `location`, `materialType`, `maxStackSize`, `maxStructure`, `radar`, `pscript`, `spellId`, `stackSize`, `structure`, `targetTypeId`, `usability`, `useRadius`, `validLocations`, `value`, `workmanship`, `animationFrameId`, `defaultScript`, `defaultScriptIntensity`, `elasticity`, `friction`, `locationId`, `modelTableId`, `objectScale`, `physicsBitField`, `physicsTableId`, `motionTableId`, `soundTableId`, `physicsState`, `translucency`, `currentMotionState`)
VALUES (44123, 'Sandstone Mixed Key', 16384, 0, 0, 0, 18, 30, 0, 0, 0, 64, 0, 2641048, 0, 100691954, 0, 0, 0, 0, 0, 0, 0, 1, 0, 0, 0, 0, 1, 640, 2097160, 0, 0, 10000, 0, 101, 0, 0, 0, 0, 0, 33554784, 0, 137217, 872415275, 0, 536870932, 1044, 0, '0');

INSERT INTO weenie_class (`weenieClassId`, `baseAceObjectId`)
VALUES (44123, 44123);

INSERT INTO `base_ace_object` (`baseAceObjectId`, `name`, `typeId`, `paletteId`, `ammoType`, `blipColor`, `bitField`, `burden`, `combatUse`, `cooldownDuration`, `cooldownId`, `effects`, `containersCapacity`, `header`, `hookTypeId`, `iconId`, `iconOverlayId`, `iconUnderlayId`, `hookItemTypes`, `itemsCapacity`, `location`, `materialType`, `maxStackSize`, `maxStructure`, `radar`, `pscript`, `spellId`, `stackSize`, `structure`, `targetTypeId`, `usability`, `useRadius`, `validLocations`, `value`, `workmanship`, `animationFrameId`, `defaultScript`, `defaultScriptIntensity`, `elasticity`, `friction`, `locationId`, `modelTableId`, `objectScale`, `physicsBitField`, `physicsTableId`, `motionTableId`, `soundTableId`, `physicsState`, `translucency`, `currentMotionState`)
VALUES (44124, 'Sandstone Weapon Key', 16384, 0, 0, 0, 18, 30, 0, 0, 0, 64, 0, 2641048, 0, 100691954, 0, 0, 0, 0, 0, 0, 0, 1, 0, 0, 0, 0, 1, 640, 2097160, 0, 0, 10000, 0, 101, 0, 0, 0, 0, 0, 33554784, 0, 137217, 872415275, 0, 536870932, 1044, 0, '0');

INSERT INTO weenie_class (`weenieClassId`, `baseAceObjectId`)
VALUES (44124, 44124);

INSERT INTO `base_ace_object` (`baseAceObjectId`, `name`, `typeId`, `paletteId`, `ammoType`, `blipColor`, `bitField`, `burden`, `combatUse`, `cooldownDuration`, `cooldownId`, `effects`, `containersCapacity`, `header`, `hookTypeId`, `iconId`, `iconOverlayId`, `iconUnderlayId`, `hookItemTypes`, `itemsCapacity`, `location`, `materialType`, `maxStackSize`, `maxStructure`, `radar`, `pscript`, `spellId`, `stackSize`, `structure`, `targetTypeId`, `usability`, `useRadius`, `validLocations`, `value`, `workmanship`, `animationFrameId`, `defaultScript`, `defaultScriptIntensity`, `elasticity`, `friction`, `locationId`, `modelTableId`, `objectScale`, `physicsBitField`, `physicsTableId`, `motionTableId`, `soundTableId`, `physicsState`, `translucency`, `currentMotionState`)
VALUES (44122, 'Sandstone Magic Key', 16384, 0, 0, 0, 18, 30, 0, 0, 0, 64, 0, 2641048, 0, 100691954, 0, 0, 0, 0, 0, 0, 0, 1, 0, 0, 0, 0, 1, 640, 2097160, 0, 0, 10000, 0, 101, 0, 0, 0, 0, 0, 33554784, 0, 137217, 872415275, 0, 536870932, 1044, 0, '0');

INSERT INTO weenie_class (`weenieClassId`, `baseAceObjectId`)
VALUES (44122, 44122);

INSERT INTO `base_ace_object` (`baseAceObjectId`, `name`, `typeId`, `paletteId`, `ammoType`, `blipColor`, `bitField`, `burden`, `combatUse`, `cooldownDuration`, `cooldownId`, `effects`, `containersCapacity`, `header`, `hookTypeId`, `iconId`, `iconOverlayId`, `iconUnderlayId`, `hookItemTypes`, `itemsCapacity`, `location`, `materialType`, `maxStackSize`, `maxStructure`, `radar`, `pscript`, `spellId`, `stackSize`, `structure`, `targetTypeId`, `usability`, `useRadius`, `validLocations`, `value`, `workmanship`, `animationFrameId`, `defaultScript`, `defaultScriptIntensity`, `elasticity`, `friction`, `locationId`, `modelTableId`, `objectScale`, `physicsBitField`, `physicsTableId`, `motionTableId`, `soundTableId`, `physicsState`, `translucency`, `currentMotionState`)
VALUES (44121, 'Sandstone Armor Key', 16384, 0, 0, 0, 18, 30, 0, 0, 0, 64, 0, 2641048, 0, 100691954, 0, 0, 0, 0, 0, 0, 0, 1, 0, 0, 0, 0, 1, 640, 2097160, 0, 0, 10000, 0, 101, 0, 0, 0, 0, 0, 33554784, 0, 137217, 872415275, 0, 536870932, 1044, 0, '0');

INSERT INTO weenie_class (`weenieClassId`, `baseAceObjectId`)
VALUES (44121, 44121);

INSERT INTO `base_ace_object` (`baseAceObjectId`, `name`, `typeId`, `paletteId`, `ammoType`, `blipColor`, `bitField`, `burden`, `combatUse`, `cooldownDuration`, `cooldownId`, `effects`, `containersCapacity`, `header`, `hookTypeId`, `iconId`, `iconOverlayId`, `iconUnderlayId`, `hookItemTypes`, `itemsCapacity`, `location`, `materialType`, `maxStackSize`, `maxStructure`, `radar`, `pscript`, `spellId`, `stackSize`, `structure`, `targetTypeId`, `usability`, `useRadius`, `validLocations`, `value`, `workmanship`, `animationFrameId`, `defaultScript`, `defaultScriptIntensity`, `elasticity`, `friction`, `locationId`, `modelTableId`, `objectScale`, `physicsBitField`, `physicsTableId`, `motionTableId`, `soundTableId`, `physicsState`, `translucency`, `currentMotionState`)
VALUES (48750, 'Legendary Key', 16384, 0, 0, 0, 18, 30, 0, 0, 0, 64, 0, 2641048, 0, 100693001, 0, 0, 0, 0, 0, 0, 0, 4, 0, 0, 0, 0, 4, 640, 2097160, 0, 0, 40000, 0, 101, 0, 0, 0, 0, 0, 33554784, 0, 137217, 872415275, 0, 536870932, 1044, 0, '0');

INSERT INTO weenie_class (`weenieClassId`, `baseAceObjectId`)
VALUES (48750, 48750);

INSERT INTO `base_ace_object` (`baseAceObjectId`, `name`, `typeId`, `paletteId`, `ammoType`, `blipColor`, `bitField`, `burden`, `combatUse`, `cooldownDuration`, `cooldownId`, `effects`, `containersCapacity`, `header`, `hookTypeId`, `iconId`, `iconOverlayId`, `iconUnderlayId`, `hookItemTypes`, `itemsCapacity`, `location`, `materialType`, `maxStackSize`, `maxStructure`, `radar`, `pscript`, `spellId`, `stackSize`, `structure`, `targetTypeId`, `usability`, `useRadius`, `validLocations`, `value`, `workmanship`, `animationFrameId`, `defaultScript`, `defaultScriptIntensity`, `elasticity`, `friction`, `locationId`, `modelTableId`, `objectScale`, `physicsBitField`, `physicsTableId`, `motionTableId`, `soundTableId`, `physicsState`, `translucency`, `currentMotionState`)
VALUES (39008, 'Desolation Sea Invasion Key', 16384, 0, 0, 0, 18, 50, 0, 0, 0, 0, 0, 2640912, 0, 100667485, 0, 0, 0, 0, 0, 0, 0, 1, 0, 0, 0, 0, 1, 640, 2097160, 0, 0, 0, 0, 101, 0, 0, 0, 0, 0, 33554784, 0, 135169, 872415275, 0, 0, 1044, 0, '0');

INSERT INTO weenie_class (`weenieClassId`, `baseAceObjectId`)
VALUES (39008, 39008);

INSERT INTO `base_ace_object` (`baseAceObjectId`, `name`, `typeId`, `paletteId`, `ammoType`, `blipColor`, `bitField`, `burden`, `combatUse`, `cooldownDuration`, `cooldownId`, `effects`, `containersCapacity`, `header`, `hookTypeId`, `iconId`, `iconOverlayId`, `iconUnderlayId`, `hookItemTypes`, `itemsCapacity`, `location`, `materialType`, `maxStackSize`, `maxStructure`, `radar`, `pscript`, `spellId`, `stackSize`, `structure`, `targetTypeId`, `usability`, `useRadius`, `validLocations`, `value`, `workmanship`, `animationFrameId`, `defaultScript`, `defaultScriptIntensity`, `elasticity`, `friction`, `locationId`, `modelTableId`, `objectScale`, `physicsBitField`, `physicsTableId`, `motionTableId`, `soundTableId`, `physicsState`, `translucency`, `currentMotionState`)
VALUES (38722, 'Society Treasure Key', 16384, 0, 0, 0, 18, 50, 0, 0, 0, 0, 0, 2640912, 0, 100668441, 0, 0, 0, 0, 0, 0, 0, 1, 0, 0, 0, 0, 1, 640, 2097160, 0, 0, 0, 0, 101, 0, 0, 0, 0, 0, 33554784, 0, 135169, 872415275, 0, 0, 1044, 0, '0');

INSERT INTO weenie_class (`weenieClassId`, `baseAceObjectId`)
VALUES (38722, 38722);

INSERT INTO `base_ace_object` (`baseAceObjectId`, `name`, `typeId`, `paletteId`, `ammoType`, `blipColor`, `bitField`, `burden`, `combatUse`, `cooldownDuration`, `cooldownId`, `effects`, `containersCapacity`, `header`, `hookTypeId`, `iconId`, `iconOverlayId`, `iconUnderlayId`, `hookItemTypes`, `itemsCapacity`, `location`, `materialType`, `maxStackSize`, `maxStructure`, `radar`, `pscript`, `spellId`, `stackSize`, `structure`, `targetTypeId`, `usability`, `useRadius`, `validLocations`, `value`, `workmanship`, `animationFrameId`, `defaultScript`, `defaultScriptIntensity`, `elasticity`, `friction`, `locationId`, `modelTableId`, `objectScale`, `physicsBitField`, `physicsTableId`, `motionTableId`, `soundTableId`, `physicsState`, `translucency`, `currentMotionState`)
VALUES (32953, 'Steward''s Key', 16384, 0, 0, 0, 18, 50, 0, 0, 0, 0, 0, 2640912, 0, 100676683, 0, 0, 0, 0, 0, 0, 0, 1, 0, 0, 0, 0, 1, 640, 2097160, 0, 0, 0, 0, 101, 0, 0, 0, 0, 0, 33554784, 0, 137217, 872415275, 0, 536870932, 1044, 0, '0');

INSERT INTO weenie_class (`weenieClassId`, `baseAceObjectId`)
VALUES (32953, 32953);

INSERT INTO `base_ace_object` (`baseAceObjectId`, `name`, `typeId`, `paletteId`, `ammoType`, `blipColor`, `bitField`, `burden`, `combatUse`, `cooldownDuration`, `cooldownId`, `effects`, `containersCapacity`, `header`, `hookTypeId`, `iconId`, `iconOverlayId`, `iconUnderlayId`, `hookItemTypes`, `itemsCapacity`, `location`, `materialType`, `maxStackSize`, `maxStructure`, `radar`, `pscript`, `spellId`, `stackSize`, `structure`, `targetTypeId`, `usability`, `useRadius`, `validLocations`, `value`, `workmanship`, `animationFrameId`, `defaultScript`, `defaultScriptIntensity`, `elasticity`, `friction`, `locationId`, `modelTableId`, `objectScale`, `physicsBitField`, `physicsTableId`, `motionTableId`, `soundTableId`, `physicsState`, `translucency`, `currentMotionState`)
VALUES (22926, 'Key', 16384, 67111346, 0, 0, 18, 50, 0, 0, 0, 0, 0, 2640920, 0, 100671457, 0, 0, 0, 0, 0, 0, 0, 1, 0, 0, 0, 0, 1, 640, 2097160, 0, 0, 100, 0, 101, 0, 0, 0, 0, 0, 33557000, 0, 137217, 872415275, 0, 536870932, 1044, 0, '0');

INSERT INTO weenie_class (`weenieClassId`, `baseAceObjectId`)
VALUES (22926, 22926);

INSERT INTO `weenie_palette_changes` (`weenieClassId`, `subPaletteId`, `offset`, `length`)
VALUES (22926, 67113156, 0, 0);

INSERT INTO `weenie_animation_changes` (`weenieClassId`, `index`, `animationId`)
VALUES (22926, 9, 16785620);

INSERT INTO `base_ace_object` (`baseAceObjectId`, `name`, `typeId`, `paletteId`, `ammoType`, `blipColor`, `bitField`, `burden`, `combatUse`, `cooldownDuration`, `cooldownId`, `effects`, `containersCapacity`, `header`, `hookTypeId`, `iconId`, `iconOverlayId`, `iconUnderlayId`, `hookItemTypes`, `itemsCapacity`, `location`, `materialType`, `maxStackSize`, `maxStructure`, `radar`, `pscript`, `spellId`, `stackSize`, `structure`, `targetTypeId`, `usability`, `useRadius`, `validLocations`, `value`, `workmanship`, `animationFrameId`, `defaultScript`, `defaultScriptIntensity`, `elasticity`, `friction`, `locationId`, `modelTableId`, `objectScale`, `physicsBitField`, `physicsTableId`, `motionTableId`, `soundTableId`, `physicsState`, `translucency`, `currentMotionState`)
VALUES (2473, 'Simple Tumerok Key', 16384, 0, 0, 0, 18, 50, 0, 0, 0, 0, 0, 2640920, 0, 100667486, 0, 0, 0, 0, 0, 0, 0, 3, 0, 0, 0, 0, 3, 640, 2097160, 0, 0, 50, 0, 101, 0, 0, 0, 0, 0, 33554784, 0, 137217, 872415275, 0, 536870932, 1044, 0, '0');

INSERT INTO weenie_class (`weenieClassId`, `baseAceObjectId`)
VALUES (2473, 2473);

INSERT INTO `base_ace_object` (`baseAceObjectId`, `name`, `typeId`, `paletteId`, `ammoType`, `blipColor`, `bitField`, `burden`, `combatUse`, `cooldownDuration`, `cooldownId`, `effects`, `containersCapacity`, `header`, `hookTypeId`, `iconId`, `iconOverlayId`, `iconUnderlayId`, `hookItemTypes`, `itemsCapacity`, `location`, `materialType`, `maxStackSize`, `maxStructure`, `radar`, `pscript`, `spellId`, `stackSize`, `structure`, `targetTypeId`, `usability`, `useRadius`, `validLocations`, `value`, `workmanship`, `animationFrameId`, `defaultScript`, `defaultScriptIntensity`, `elasticity`, `friction`, `locationId`, `modelTableId`, `objectScale`, `physicsBitField`, `physicsTableId`, `motionTableId`, `soundTableId`, `physicsState`, `translucency`, `currentMotionState`)
VALUES (5037, 'Tumerok Key', 16384, 0, 0, 0, 18, 50, 0, 0, 0, 0, 0, 2640912, 0, 100667485, 0, 0, 0, 0, 0, 0, 0, 3, 0, 0, 0, 0, 2, 640, 2097160, 0, 0, 0, 0, 101, 0, 0, 0, 0, 0, 33554784, 0, 137217, 872415275, 0, 536870932, 1044, 0, '0');

INSERT INTO weenie_class (`weenieClassId`, `baseAceObjectId`)
VALUES (5037, 5037);

INSERT INTO `base_ace_object` (`baseAceObjectId`, `name`, `typeId`, `paletteId`, `ammoType`, `blipColor`, `bitField`, `burden`, `combatUse`, `cooldownDuration`, `cooldownId`, `effects`, `containersCapacity`, `header`, `hookTypeId`, `iconId`, `iconOverlayId`, `iconUnderlayId`, `hookItemTypes`, `itemsCapacity`, `location`, `materialType`, `maxStackSize`, `maxStructure`, `radar`, `pscript`, `spellId`, `stackSize`, `structure`, `targetTypeId`, `usability`, `useRadius`, `validLocations`, `value`, `workmanship`, `animationFrameId`, `defaultScript`, `defaultScriptIntensity`, `elasticity`, `friction`, `locationId`, `modelTableId`, `objectScale`, `physicsBitField`, `physicsTableId`, `motionTableId`, `soundTableId`, `physicsState`, `translucency`, `currentMotionState`)
VALUES (5358, 'Flinrala''s Key', 16384, 0, 0, 0, 18, 50, 0, 0, 0, 0, 0, 2640912, 0, 100667485, 0, 0, 0, 0, 0, 0, 0, 3, 0, 0, 0, 0, 3, 640, 2097160, 0, 0, 0, 0, 101, 0, 0, 0, 0, 0, 33554784, 0, 137217, 872415275, 0, 536870932, 1044, 0, '0');

INSERT INTO weenie_class (`weenieClassId`, `baseAceObjectId`)
VALUES (5358, 5358);

INSERT INTO `base_ace_object` (`baseAceObjectId`, `name`, `typeId`, `paletteId`, `ammoType`, `blipColor`, `bitField`, `burden`, `combatUse`, `cooldownDuration`, `cooldownId`, `effects`, `containersCapacity`, `header`, `hookTypeId`, `iconId`, `iconOverlayId`, `iconUnderlayId`, `hookItemTypes`, `itemsCapacity`, `location`, `materialType`, `maxStackSize`, `maxStructure`, `radar`, `pscript`, `spellId`, `stackSize`, `structure`, `targetTypeId`, `usability`, `useRadius`, `validLocations`, `value`, `workmanship`, `animationFrameId`, `defaultScript`, `defaultScriptIntensity`, `elasticity`, `friction`, `locationId`, `modelTableId`, `objectScale`, `physicsBitField`, `physicsTableId`, `motionTableId`, `soundTableId`, `physicsState`, `translucency`, `currentMotionState`)
VALUES (27474, 'Lugian-Forged Key', 16384, 0, 0, 0, 18, 900, 0, 0, 0, 0, 0, 2640912, 0, 100676423, 0, 0, 0, 0, 0, 0, 0, 1, 0, 0, 0, 0, 1, 640, 2097160, 0, 0, 0, 0, 101, 0, 0, 0, 0, 0, 33554784, 0, 137217, 872415275, 0, 536870932, 1044, 0, '0');

INSERT INTO weenie_class (`weenieClassId`, `baseAceObjectId`)
VALUES (27474, 27474);

INSERT INTO `base_ace_object` (`baseAceObjectId`, `name`, `typeId`, `paletteId`, `ammoType`, `blipColor`, `bitField`, `burden`, `combatUse`, `cooldownDuration`, `cooldownId`, `effects`, `containersCapacity`, `header`, `hookTypeId`, `iconId`, `iconOverlayId`, `iconUnderlayId`, `hookItemTypes`, `itemsCapacity`, `location`, `materialType`, `maxStackSize`, `maxStructure`, `radar`, `pscript`, `spellId`, `stackSize`, `structure`, `targetTypeId`, `usability`, `useRadius`, `validLocations`, `value`, `workmanship`, `animationFrameId`, `defaultScript`, `defaultScriptIntensity`, `elasticity`, `friction`, `locationId`, `modelTableId`, `objectScale`, `physicsBitField`, `physicsTableId`, `motionTableId`, `soundTableId`, `physicsState`, `translucency`, `currentMotionState`)
VALUES (27297, 'Key to Yaruldi''s Hoard', 16384, 0, 0, 0, 18, 100, 0, 0, 0, 0, 0, 2640912, 0, 100676399, 0, 0, 0, 0, 0, 0, 0, 3, 0, 0, 0, 0, 2, 640, 2097160, 0, 0, 0, 0, 101, 0, 0, 0, 0, 0, 33554784, 0, 137217, 872415275, 0, 536870932, 1044, 0, '0');

INSERT INTO weenie_class (`weenieClassId`, `baseAceObjectId`)
VALUES (27297, 27297);

INSERT INTO `base_ace_object` (`baseAceObjectId`, `name`, `typeId`, `paletteId`, `ammoType`, `blipColor`, `bitField`, `burden`, `combatUse`, `cooldownDuration`, `cooldownId`, `effects`, `containersCapacity`, `header`, `hookTypeId`, `iconId`, `iconOverlayId`, `iconUnderlayId`, `hookItemTypes`, `itemsCapacity`, `location`, `materialType`, `maxStackSize`, `maxStructure`, `radar`, `pscript`, `spellId`, `stackSize`, `structure`, `targetTypeId`, `usability`, `useRadius`, `validLocations`, `value`, `workmanship`, `animationFrameId`, `defaultScript`, `defaultScriptIntensity`, `elasticity`, `friction`, `locationId`, `modelTableId`, `objectScale`, `physicsBitField`, `physicsTableId`, `motionTableId`, `soundTableId`, `physicsState`, `translucency`, `currentMotionState`)
VALUES (51918, 'Treasury Key', 16384, 0, 0, 0, 18, 10, 0, 0, 0, 0, 0, 2640912, 0, 100676957, 0, 0, 0, 0, 0, 0, 0, 1, 0, 0, 0, 0, 1, 640, 2097160, 0, 0, 0, 0, 101, 0, 0, 0, 0, 0, 33554784, 0, 137217, 872415275, 0, 536870932, 1044, 0, '0');

INSERT INTO weenie_class (`weenieClassId`, `baseAceObjectId`)
VALUES (51918, 51918);

INSERT INTO `base_ace_object` (`baseAceObjectId`, `name`, `typeId`, `paletteId`, `ammoType`, `blipColor`, `bitField`, `burden`, `combatUse`, `cooldownDuration`, `cooldownId`, `effects`, `containersCapacity`, `header`, `hookTypeId`, `iconId`, `iconOverlayId`, `iconUnderlayId`, `hookItemTypes`, `itemsCapacity`, `location`, `materialType`, `maxStackSize`, `maxStructure`, `radar`, `pscript`, `spellId`, `stackSize`, `structure`, `targetTypeId`, `usability`, `useRadius`, `validLocations`, `value`, `workmanship`, `animationFrameId`, `defaultScript`, `defaultScriptIntensity`, `elasticity`, `friction`, `locationId`, `modelTableId`, `objectScale`, `physicsBitField`, `physicsTableId`, `motionTableId`, `soundTableId`, `physicsState`, `translucency`, `currentMotionState`)
VALUES (52099, 'Key III', 16384, 0, 0, 0, 18, 10, 0, 0, 0, 0, 0, 2640912, 0, 100693235, 0, 0, 0, 0, 0, 0, 0, 1, 0, 0, 0, 0, 1, 640, 2097160, 0, 0, 0, 0, 101, 0, 0, 0, 0, 0, 33554784, 0, 137217, 872415275, 0, 536870932, 1044, 0, '0');

INSERT INTO weenie_class (`weenieClassId`, `baseAceObjectId`)
VALUES (52099, 52099);

INSERT INTO `base_ace_object` (`baseAceObjectId`, `name`, `typeId`, `paletteId`, `ammoType`, `blipColor`, `bitField`, `burden`, `combatUse`, `cooldownDuration`, `cooldownId`, `effects`, `containersCapacity`, `header`, `hookTypeId`, `iconId`, `iconOverlayId`, `iconUnderlayId`, `hookItemTypes`, `itemsCapacity`, `location`, `materialType`, `maxStackSize`, `maxStructure`, `radar`, `pscript`, `spellId`, `stackSize`, `structure`, `targetTypeId`, `usability`, `useRadius`, `validLocations`, `value`, `workmanship`, `animationFrameId`, `defaultScript`, `defaultScriptIntensity`, `elasticity`, `friction`, `locationId`, `modelTableId`, `objectScale`, `physicsBitField`, `physicsTableId`, `motionTableId`, `soundTableId`, `physicsState`, `translucency`, `currentMotionState`)
VALUES (52098, 'Key II', 16384, 0, 0, 0, 18, 10, 0, 0, 0, 0, 0, 2640912, 0, 100693235, 0, 0, 0, 0, 0, 0, 0, 1, 0, 0, 0, 0, 1, 640, 2097160, 0, 0, 0, 0, 101, 0, 0, 0, 0, 0, 33554784, 0, 137217, 872415275, 0, 536870932, 1044, 0, '0');

INSERT INTO weenie_class (`weenieClassId`, `baseAceObjectId`)
VALUES (52098, 52098);

INSERT INTO `base_ace_object` (`baseAceObjectId`, `name`, `typeId`, `paletteId`, `ammoType`, `blipColor`, `bitField`, `burden`, `combatUse`, `cooldownDuration`, `cooldownId`, `effects`, `containersCapacity`, `header`, `hookTypeId`, `iconId`, `iconOverlayId`, `iconUnderlayId`, `hookItemTypes`, `itemsCapacity`, `location`, `materialType`, `maxStackSize`, `maxStructure`, `radar`, `pscript`, `spellId`, `stackSize`, `structure`, `targetTypeId`, `usability`, `useRadius`, `validLocations`, `value`, `workmanship`, `animationFrameId`, `defaultScript`, `defaultScriptIntensity`, `elasticity`, `friction`, `locationId`, `modelTableId`, `objectScale`, `physicsBitField`, `physicsTableId`, `motionTableId`, `soundTableId`, `physicsState`, `translucency`, `currentMotionState`)
VALUES (52097, 'Key I', 16384, 0, 0, 0, 18, 10, 0, 0, 0, 0, 0, 2640912, 0, 100693235, 0, 0, 0, 0, 0, 0, 0, 1, 0, 0, 0, 0, 1, 640, 2097160, 0, 0, 0, 0, 101, 0, 0, 0, 0, 0, 33554784, 0, 137217, 872415275, 0, 536870932, 1044, 0, '0');

INSERT INTO weenie_class (`weenieClassId`, `baseAceObjectId`)
VALUES (52097, 52097);

INSERT INTO `base_ace_object` (`baseAceObjectId`, `name`, `typeId`, `paletteId`, `ammoType`, `blipColor`, `bitField`, `burden`, `combatUse`, `cooldownDuration`, `cooldownId`, `effects`, `containersCapacity`, `header`, `hookTypeId`, `iconId`, `iconOverlayId`, `iconUnderlayId`, `hookItemTypes`, `itemsCapacity`, `location`, `materialType`, `maxStackSize`, `maxStructure`, `radar`, `pscript`, `spellId`, `stackSize`, `structure`, `targetTypeId`, `usability`, `useRadius`, `validLocations`, `value`, `workmanship`, `animationFrameId`, `defaultScript`, `defaultScriptIntensity`, `elasticity`, `friction`, `locationId`, `modelTableId`, `objectScale`, `physicsBitField`, `physicsTableId`, `motionTableId`, `soundTableId`, `physicsState`, `translucency`, `currentMotionState`)
VALUES (48922, 'Iron Key', 16384, 0, 0, 0, 18, 500, 0, 0, 0, 0, 0, 2640912, 0, 100693022, 0, 0, 0, 0, 0, 0, 0, 1, 0, 0, 0, 0, 1, 640, 2097160, 0, 0, 0, 0, 101, 0, 0, 0, 0, 0, 33554784, 0, 137217, 872415275, 0, 536870932, 1044, 0, '0');

INSERT INTO weenie_class (`weenieClassId`, `baseAceObjectId`)
VALUES (48922, 48922);

INSERT INTO `base_ace_object` (`baseAceObjectId`, `name`, `typeId`, `paletteId`, `ammoType`, `blipColor`, `bitField`, `burden`, `combatUse`, `cooldownDuration`, `cooldownId`, `effects`, `containersCapacity`, `header`, `hookTypeId`, `iconId`, `iconOverlayId`, `iconUnderlayId`, `hookItemTypes`, `itemsCapacity`, `location`, `materialType`, `maxStackSize`, `maxStructure`, `radar`, `pscript`, `spellId`, `stackSize`, `structure`, `targetTypeId`, `usability`, `useRadius`, `validLocations`, `value`, `workmanship`, `animationFrameId`, `defaultScript`, `defaultScriptIntensity`, `elasticity`, `friction`, `locationId`, `modelTableId`, `objectScale`, `physicsBitField`, `physicsTableId`, `motionTableId`, `soundTableId`, `physicsState`, `translucency`, `currentMotionState`)
VALUES (29379, 'Silver Legion Door Key', 16384, 0, 0, 0, 18, 20, 0, 0, 0, 0, 0, 2640912, 0, 100667485, 0, 0, 0, 0, 0, 0, 0, 1, 0, 0, 0, 0, 1, 640, 2097160, 0, 0, 0, 0, 101, 0, 0, 0, 0, 0, 33554784, 0, 137217, 872415275, 0, 536870932, 1044, 0, '0');

INSERT INTO weenie_class (`weenieClassId`, `baseAceObjectId`)
VALUES (29379, 29379);

INSERT INTO `base_ace_object` (`baseAceObjectId`, `name`, `typeId`, `paletteId`, `ammoType`, `blipColor`, `bitField`, `burden`, `combatUse`, `cooldownDuration`, `cooldownId`, `effects`, `containersCapacity`, `header`, `hookTypeId`, `iconId`, `iconOverlayId`, `iconUnderlayId`, `hookItemTypes`, `itemsCapacity`, `location`, `materialType`, `maxStackSize`, `maxStructure`, `radar`, `pscript`, `spellId`, `stackSize`, `structure`, `targetTypeId`, `usability`, `useRadius`, `validLocations`, `value`, `workmanship`, `animationFrameId`, `defaultScript`, `defaultScriptIntensity`, `elasticity`, `friction`, `locationId`, `modelTableId`, `objectScale`, `physicsBitField`, `physicsTableId`, `motionTableId`, `soundTableId`, `physicsState`, `translucency`, `currentMotionState`)
VALUES (8985, 'Overlord''s Key', 16384, 0, 0, 0, 18, 10, 0, 0, 0, 0, 0, 2640920, 0, 100668441, 0, 0, 0, 0, 0, 0, 0, 1, 0, 0, 0, 0, 1, 640, 2097160, 0, 0, 2, 0, 101, 0, 0, 0, 0, 0, 33554784, 0, 137217, 872415275, 0, 536870932, 1044, 0, '0');

INSERT INTO weenie_class (`weenieClassId`, `baseAceObjectId`)
VALUES (8985, 8985);

INSERT INTO `base_ace_object` (`baseAceObjectId`, `name`, `typeId`, `paletteId`, `ammoType`, `blipColor`, `bitField`, `burden`, `combatUse`, `cooldownDuration`, `cooldownId`, `effects`, `containersCapacity`, `header`, `hookTypeId`, `iconId`, `iconOverlayId`, `iconUnderlayId`, `hookItemTypes`, `itemsCapacity`, `location`, `materialType`, `maxStackSize`, `maxStructure`, `radar`, `pscript`, `spellId`, `stackSize`, `structure`, `targetTypeId`, `usability`, `useRadius`, `validLocations`, `value`, `workmanship`, `animationFrameId`, `defaultScript`, `defaultScriptIntensity`, `elasticity`, `friction`, `locationId`, `modelTableId`, `objectScale`, `physicsBitField`, `physicsTableId`, `motionTableId`, `soundTableId`, `physicsState`, `translucency`, `currentMotionState`)
VALUES (2507, 'Grotesquely Carved Key', 16384, 0, 0, 0, 18, 50, 0, 0, 0, 0, 0, 2624536, 0, 100667486, 0, 0, 0, 0, 0, 0, 0, 3, 0, 0, 0, 0, 3, 640, 2097160, 0, 0, 15, 0, 101, 0, 0, 0, 0, 0, 33554784, 0, 169985, 872415275, 0, 536870932, 1044, 0, '0');

INSERT INTO weenie_class (`weenieClassId`, `baseAceObjectId`)
VALUES (2507, 2507);

INSERT INTO `base_ace_object` (`baseAceObjectId`, `name`, `typeId`, `paletteId`, `ammoType`, `blipColor`, `bitField`, `burden`, `combatUse`, `cooldownDuration`, `cooldownId`, `effects`, `containersCapacity`, `header`, `hookTypeId`, `iconId`, `iconOverlayId`, `iconUnderlayId`, `hookItemTypes`, `itemsCapacity`, `location`, `materialType`, `maxStackSize`, `maxStructure`, `radar`, `pscript`, `spellId`, `stackSize`, `structure`, `targetTypeId`, `usability`, `useRadius`, `validLocations`, `value`, `workmanship`, `animationFrameId`, `defaultScript`, `defaultScriptIntensity`, `elasticity`, `friction`, `locationId`, `modelTableId`, `objectScale`, `physicsBitField`, `physicsTableId`, `motionTableId`, `soundTableId`, `physicsState`, `translucency`, `currentMotionState`)
VALUES (11320, 'Vault Key', 16384, 0, 0, 0, 18, 50, 0, 0, 0, 0, 0, 2640912, 0, 100668437, 0, 0, 0, 0, 0, 0, 0, 1, 0, 0, 0, 0, 1, 640, 2097160, 0, 0, 0, 0, 101, 0, 0, 0, 0, 0, 33554784, 0, 137217, 872415275, 0, 536870932, 1044, 0, '0');

INSERT INTO weenie_class (`weenieClassId`, `baseAceObjectId`)
VALUES (11320, 11320);

INSERT INTO `base_ace_object` (`baseAceObjectId`, `name`, `typeId`, `paletteId`, `ammoType`, `blipColor`, `bitField`, `burden`, `combatUse`, `cooldownDuration`, `cooldownId`, `effects`, `containersCapacity`, `header`, `hookTypeId`, `iconId`, `iconOverlayId`, `iconUnderlayId`, `hookItemTypes`, `itemsCapacity`, `location`, `materialType`, `maxStackSize`, `maxStructure`, `radar`, `pscript`, `spellId`, `stackSize`, `structure`, `targetTypeId`, `usability`, `useRadius`, `validLocations`, `value`, `workmanship`, `animationFrameId`, `defaultScript`, `defaultScriptIntensity`, `elasticity`, `friction`, `locationId`, `modelTableId`, `objectScale`, `physicsBitField`, `physicsTableId`, `motionTableId`, `soundTableId`, `physicsState`, `translucency`, `currentMotionState`)
VALUES (11321, 'Vault Key', 16384, 0, 0, 0, 18, 50, 0, 0, 0, 0, 0, 2640912, 0, 100668437, 0, 0, 0, 0, 0, 0, 0, 1, 0, 0, 0, 0, 1, 640, 2097160, 0, 0, 0, 0, 101, 0, 0, 0, 0, 0, 33554784, 0, 137217, 872415275, 0, 536870932, 1044, 0, '0');

INSERT INTO weenie_class (`weenieClassId`, `baseAceObjectId`)
VALUES (11321, 11321);

INSERT INTO `base_ace_object` (`baseAceObjectId`, `name`, `typeId`, `paletteId`, `ammoType`, `blipColor`, `bitField`, `burden`, `combatUse`, `cooldownDuration`, `cooldownId`, `effects`, `containersCapacity`, `header`, `hookTypeId`, `iconId`, `iconOverlayId`, `iconUnderlayId`, `hookItemTypes`, `itemsCapacity`, `location`, `materialType`, `maxStackSize`, `maxStructure`, `radar`, `pscript`, `spellId`, `stackSize`, `structure`, `targetTypeId`, `usability`, `useRadius`, `validLocations`, `value`, `workmanship`, `animationFrameId`, `defaultScript`, `defaultScriptIntensity`, `elasticity`, `friction`, `locationId`, `modelTableId`, `objectScale`, `physicsBitField`, `physicsTableId`, `motionTableId`, `soundTableId`, `physicsState`, `translucency`, `currentMotionState`)
VALUES (38522, 'Radiant Blood Gauntlets Key', 16384, 0, 0, 0, 18, 50, 0, 0, 0, 0, 0, 2640912, 0, 100668441, 0, 0, 0, 0, 0, 0, 0, 1, 0, 0, 0, 0, 1, 640, 2097160, 0, 0, 0, 0, 101, 0, 0, 0, 0, 0, 33554784, 0, 135169, 872415275, 0, 0, 1044, 0, '0');

INSERT INTO weenie_class (`weenieClassId`, `baseAceObjectId`)
VALUES (38522, 38522);

INSERT INTO `base_ace_object` (`baseAceObjectId`, `name`, `typeId`, `paletteId`, `ammoType`, `blipColor`, `bitField`, `burden`, `combatUse`, `cooldownDuration`, `cooldownId`, `effects`, `containersCapacity`, `header`, `hookTypeId`, `iconId`, `iconOverlayId`, `iconUnderlayId`, `hookItemTypes`, `itemsCapacity`, `location`, `materialType`, `maxStackSize`, `maxStructure`, `radar`, `pscript`, `spellId`, `stackSize`, `structure`, `targetTypeId`, `usability`, `useRadius`, `validLocations`, `value`, `workmanship`, `animationFrameId`, `defaultScript`, `defaultScriptIntensity`, `elasticity`, `friction`, `locationId`, `modelTableId`, `objectScale`, `physicsBitField`, `physicsTableId`, `motionTableId`, `soundTableId`, `physicsState`, `translucency`, `currentMotionState`)
VALUES (39016, 'Putrid Sea Invasion Key', 16384, 0, 0, 0, 18, 50, 0, 0, 0, 0, 0, 2640912, 0, 100667485, 0, 0, 0, 0, 0, 0, 0, 1, 0, 0, 0, 0, 1, 640, 2097160, 0, 0, 0, 0, 101, 0, 0, 0, 0, 0, 33554784, 0, 135169, 872415275, 0, 0, 1044, 0, '0');

INSERT INTO weenie_class (`weenieClassId`, `baseAceObjectId`)
VALUES (39016, 39016);

INSERT INTO `base_ace_object` (`baseAceObjectId`, `name`, `typeId`, `paletteId`, `ammoType`, `blipColor`, `bitField`, `burden`, `combatUse`, `cooldownDuration`, `cooldownId`, `effects`, `containersCapacity`, `header`, `hookTypeId`, `iconId`, `iconOverlayId`, `iconUnderlayId`, `hookItemTypes`, `itemsCapacity`, `location`, `materialType`, `maxStackSize`, `maxStructure`, `radar`, `pscript`, `spellId`, `stackSize`, `structure`, `targetTypeId`, `usability`, `useRadius`, `validLocations`, `value`, `workmanship`, `animationFrameId`, `defaultScript`, `defaultScriptIntensity`, `elasticity`, `friction`, `locationId`, `modelTableId`, `objectScale`, `physicsBitField`, `physicsTableId`, `motionTableId`, `soundTableId`, `physicsState`, `translucency`, `currentMotionState`)
VALUES (39012, 'Grimy Sea Invasion Key', 16384, 0, 0, 0, 18, 50, 0, 0, 0, 0, 0, 2640912, 0, 100667485, 0, 0, 0, 0, 0, 0, 0, 1, 0, 0, 0, 0, 1, 640, 2097160, 0, 0, 0, 0, 101, 0, 0, 0, 0, 0, 33554784, 0, 135169, 872415275, 0, 0, 1044, 0, '0');

INSERT INTO weenie_class (`weenieClassId`, `baseAceObjectId`)
VALUES (39012, 39012);

INSERT INTO `base_ace_object` (`baseAceObjectId`, `name`, `typeId`, `paletteId`, `ammoType`, `blipColor`, `bitField`, `burden`, `combatUse`, `cooldownDuration`, `cooldownId`, `effects`, `containersCapacity`, `header`, `hookTypeId`, `iconId`, `iconOverlayId`, `iconUnderlayId`, `hookItemTypes`, `itemsCapacity`, `location`, `materialType`, `maxStackSize`, `maxStructure`, `radar`, `pscript`, `spellId`, `stackSize`, `structure`, `targetTypeId`, `usability`, `useRadius`, `validLocations`, `value`, `workmanship`, `animationFrameId`, `defaultScript`, `defaultScriptIntensity`, `elasticity`, `friction`, `locationId`, `modelTableId`, `objectScale`, `physicsBitField`, `physicsTableId`, `motionTableId`, `soundTableId`, `physicsState`, `translucency`, `currentMotionState`)
VALUES (39014, 'Pallid Sea Invasion Key', 16384, 0, 0, 0, 18, 50, 0, 0, 0, 0, 0, 2640912, 0, 100667485, 0, 0, 0, 0, 0, 0, 0, 1, 0, 0, 0, 0, 1, 640, 2097160, 0, 0, 0, 0, 101, 0, 0, 0, 0, 0, 33554784, 0, 135169, 872415275, 0, 0, 1044, 0, '0');

INSERT INTO weenie_class (`weenieClassId`, `baseAceObjectId`)
VALUES (39014, 39014);

