INSERT INTO ace_weenie_class (`weenieClassId`, `weenieClassDescription`)
VALUES (509, 'lifestone');

INSERT INTO `ace_object` (`aceObjectId`, `aceObjectDescriptionFlags`, `weenieClassId`, `weenieHeaderFlags`, `iconId`, `iconOverlayId`, `iconUnderlayId`, `modelTableId`, `soundTableId`, `motionTableId`, `currentMotionState`, `animationFrameId`, `physicsTableId`, `physicsDescriptionFlag`, `spellId`, `playScript`, `defaultScript`)
VALUES (509, 9437232, 509, 16404, 100668245, NULL, NULL, 33555182, 536870932, 150994982, 'AAA9AAAAAAA=', NULL, NULL, 100355, NULL, NULL, NULL);

INSERT INTO `ace_object_properties_string` (`aceObjectId`, `strPropertyId`, `propertyValue`)
VALUES (509, 1, 'Life Stone');

INSERT INTO `ace_object_properties_int` (`aceObjectId`, `intPropertyId`, `propertyValue`)
VALUES (509, 1, 268435456);

INSERT INTO `ace_object_properties_int` (`aceObjectId`, `intPropertyId`, `propertyValue`)
VALUES (509, 95, 1);

INSERT INTO `ace_object_properties_int` (`aceObjectId`, `intPropertyId`, `propertyValue`)
VALUES (509, 133, 4);

INSERT INTO `ace_object_properties_int` (`aceObjectId`, `intPropertyId`, `propertyValue`)
VALUES (509, 16, 32);

INSERT INTO `ace_object_properties_double` (`aceObjectId`, `dblPropertyId`, `propertyValue`)
VALUES (509, 54, 2);

INSERT INTO `ace_object_properties_int` (`aceObjectId`, `intPropertyId`, `propertyValue`)
VALUES (509, 93, 1040);

INSERT INTO `ace_object_properties_bool` (`aceObjectId`, `boolPropertyId`, `propertyValue`)
VALUES (509, 11, True);

INSERT INTO `ace_object_properties_bool` (`aceObjectId`, `boolPropertyId`, `propertyValue`)
VALUES (509, 14, True);

INSERT INTO ace_weenie_class (`weenieClassId`, `weenieClassDescription`)
VALUES (23618, 'lifestonenew');

INSERT INTO `ace_object` (`aceObjectId`, `aceObjectDescriptionFlags`, `weenieClassId`, `weenieHeaderFlags`, `iconId`, `iconOverlayId`, `iconUnderlayId`, `modelTableId`, `soundTableId`, `motionTableId`, `currentMotionState`, `animationFrameId`, `physicsTableId`, `physicsDescriptionFlag`, `spellId`, `playScript`, `defaultScript`)
VALUES (23618, 9437232, 23618, 16404, 100668245, NULL, NULL, 33558189, 536870932, 150995232, 'AAA9AAAAAAA=', NULL, NULL, 100355, NULL, NULL, NULL);

INSERT INTO `ace_object_properties_string` (`aceObjectId`, `strPropertyId`, `propertyValue`)
VALUES (23618, 1, 'Life Stone');

INSERT INTO `ace_object_properties_int` (`aceObjectId`, `intPropertyId`, `propertyValue`)
VALUES (23618, 1, 268435456);

INSERT INTO `ace_object_properties_int` (`aceObjectId`, `intPropertyId`, `propertyValue`)
VALUES (23618, 95, 1);

INSERT INTO `ace_object_properties_int` (`aceObjectId`, `intPropertyId`, `propertyValue`)
VALUES (23618, 133, 4);

INSERT INTO `ace_object_properties_int` (`aceObjectId`, `intPropertyId`, `propertyValue`)
VALUES (23618, 16, 32);

INSERT INTO `ace_object_properties_double` (`aceObjectId`, `dblPropertyId`, `propertyValue`)
VALUES (23618, 54, 2);

INSERT INTO `ace_object_properties_int` (`aceObjectId`, `intPropertyId`, `propertyValue`)
VALUES (23618, 93, 1040);

INSERT INTO `ace_object_properties_bool` (`aceObjectId`, `boolPropertyId`, `propertyValue`)
VALUES (23618, 11, True);

INSERT INTO `ace_object_properties_bool` (`aceObjectId`, `boolPropertyId`, `propertyValue`)
VALUES (23618, 14, True);

INSERT INTO ace_weenie_class (`weenieClassId`, `weenieClassDescription`)
VALUES (27096, 'lifestonelugian');

INSERT INTO `ace_object` (`aceObjectId`, `aceObjectDescriptionFlags`, `weenieClassId`, `weenieHeaderFlags`, `iconId`, `iconOverlayId`, `iconUnderlayId`, `modelTableId`, `soundTableId`, `motionTableId`, `currentMotionState`, `animationFrameId`, `physicsTableId`, `physicsDescriptionFlag`, `spellId`, `playScript`, `defaultScript`)
VALUES (27096, 9437232, 27096, 16404, 100675939, NULL, NULL, 33558653, 536870932, 150995280, 'AAA9AAAAAAA=', NULL, NULL, 100355, NULL, NULL, NULL);

INSERT INTO `ace_object_properties_string` (`aceObjectId`, `strPropertyId`, `propertyValue`)
VALUES (27096, 1, 'Lugian Lifestone');

INSERT INTO `ace_object_properties_int` (`aceObjectId`, `intPropertyId`, `propertyValue`)
VALUES (27096, 1, 268435456);

INSERT INTO `ace_object_properties_int` (`aceObjectId`, `intPropertyId`, `propertyValue`)
VALUES (27096, 95, 1);

INSERT INTO `ace_object_properties_int` (`aceObjectId`, `intPropertyId`, `propertyValue`)
VALUES (27096, 133, 4);

INSERT INTO `ace_object_properties_int` (`aceObjectId`, `intPropertyId`, `propertyValue`)
VALUES (27096, 16, 32);

INSERT INTO `ace_object_properties_double` (`aceObjectId`, `dblPropertyId`, `propertyValue`)
VALUES (27096, 54, 2);

INSERT INTO `ace_object_properties_int` (`aceObjectId`, `intPropertyId`, `propertyValue`)
VALUES (27096, 93, 1040);

INSERT INTO `ace_object_properties_bool` (`aceObjectId`, `boolPropertyId`, `propertyValue`)
VALUES (27096, 11, True);

INSERT INTO `ace_object_properties_bool` (`aceObjectId`, `boolPropertyId`, `propertyValue`)
VALUES (27096, 14, True);

INSERT INTO ace_weenie_class (`weenieClassId`, `weenieClassDescription`)
VALUES (37165, 'ace37165-manafoci');

INSERT INTO `ace_object` (`aceObjectId`, `aceObjectDescriptionFlags`, `weenieClassId`, `weenieHeaderFlags`, `iconId`, `iconOverlayId`, `iconUnderlayId`, `modelTableId`, `soundTableId`, `motionTableId`, `currentMotionState`, `animationFrameId`, `physicsTableId`, `physicsDescriptionFlag`, `spellId`, `playScript`, `defaultScript`)
VALUES (37165, 8388624, 37165, 20, 100668245, NULL, NULL, 33558189, 536870932, 150995232, 'AAA9AAAAAAA=', NULL, NULL, 100355, NULL, NULL, NULL);

INSERT INTO `ace_object_properties_string` (`aceObjectId`, `strPropertyId`, `propertyValue`)
VALUES (37165, 1, 'Mana Foci');

INSERT INTO `ace_object_properties_int` (`aceObjectId`, `intPropertyId`, `propertyValue`)
VALUES (37165, 1, 268435456);

INSERT INTO `ace_object_properties_int` (`aceObjectId`, `intPropertyId`, `propertyValue`)
VALUES (37165, 133, 1);

INSERT INTO `ace_object_properties_int` (`aceObjectId`, `intPropertyId`, `propertyValue`)
VALUES (37165, 16, 1);

INSERT INTO `ace_object_properties_int` (`aceObjectId`, `intPropertyId`, `propertyValue`)
VALUES (37165, 93, 1040);

INSERT INTO `ace_object_properties_bool` (`aceObjectId`, `boolPropertyId`, `propertyValue`)
VALUES (37165, 11, True);

INSERT INTO `ace_object_properties_bool` (`aceObjectId`, `boolPropertyId`, `propertyValue`)
VALUES (37165, 14, True);

INSERT INTO ace_weenie_class (`weenieClassId`, `weenieClassDescription`)
VALUES (38054, 'ace38054-eldrytchwebbanner');

INSERT INTO `ace_object` (`aceObjectId`, `aceObjectDescriptionFlags`, `weenieClassId`, `weenieHeaderFlags`, `iconId`, `iconOverlayId`, `iconUnderlayId`, `modelTableId`, `soundTableId`, `motionTableId`, `currentMotionState`, `animationFrameId`, `physicsTableId`, `physicsDescriptionFlag`, `spellId`, `playScript`, `defaultScript`)
VALUES (38054, 8388624, 38054, 20, 100689889, NULL, NULL, 33560563, 536870932, NULL, NULL, NULL, NULL, 34817, NULL, NULL, NULL);

INSERT INTO `ace_object_properties_string` (`aceObjectId`, `strPropertyId`, `propertyValue`)
VALUES (38054, 1, 'Eldrytch Web Banner');

INSERT INTO `ace_object_properties_int` (`aceObjectId`, `intPropertyId`, `propertyValue`)
VALUES (38054, 1, 268435456);

INSERT INTO `ace_object_properties_int` (`aceObjectId`, `intPropertyId`, `propertyValue`)
VALUES (38054, 133, 1);

INSERT INTO `ace_object_properties_int` (`aceObjectId`, `intPropertyId`, `propertyValue`)
VALUES (38054, 16, 1);

INSERT INTO `ace_object_properties_int` (`aceObjectId`, `intPropertyId`, `propertyValue`)
VALUES (38054, 93, 1040);

INSERT INTO `ace_object_properties_bool` (`aceObjectId`, `boolPropertyId`, `propertyValue`)
VALUES (38054, 11, True);

INSERT INTO `ace_object_properties_bool` (`aceObjectId`, `boolPropertyId`, `propertyValue`)
VALUES (38054, 14, True);

INSERT INTO ace_weenie_class (`weenieClassId`, `weenieClassDescription`)
VALUES (38055, 'ace38055-radiantbloodbanner');

INSERT INTO `ace_object` (`aceObjectId`, `aceObjectDescriptionFlags`, `weenieClassId`, `weenieHeaderFlags`, `iconId`, `iconOverlayId`, `iconUnderlayId`, `modelTableId`, `soundTableId`, `motionTableId`, `currentMotionState`, `animationFrameId`, `physicsTableId`, `physicsDescriptionFlag`, `spellId`, `playScript`, `defaultScript`)
VALUES (38055, 8388624, 38055, 20, 100689890, NULL, NULL, 33560564, 536870932, NULL, NULL, NULL, NULL, 34817, NULL, NULL, NULL);

INSERT INTO `ace_object_properties_string` (`aceObjectId`, `strPropertyId`, `propertyValue`)
VALUES (38055, 1, 'Radiant Blood Banner');

INSERT INTO `ace_object_properties_int` (`aceObjectId`, `intPropertyId`, `propertyValue`)
VALUES (38055, 1, 268435456);

INSERT INTO `ace_object_properties_int` (`aceObjectId`, `intPropertyId`, `propertyValue`)
VALUES (38055, 133, 1);

INSERT INTO `ace_object_properties_int` (`aceObjectId`, `intPropertyId`, `propertyValue`)
VALUES (38055, 16, 1);

INSERT INTO `ace_object_properties_int` (`aceObjectId`, `intPropertyId`, `propertyValue`)
VALUES (38055, 93, 1040);

INSERT INTO `ace_object_properties_bool` (`aceObjectId`, `boolPropertyId`, `propertyValue`)
VALUES (38055, 11, True);

INSERT INTO `ace_object_properties_bool` (`aceObjectId`, `boolPropertyId`, `propertyValue`)
VALUES (38055, 14, True);

INSERT INTO ace_weenie_class (`weenieClassId`, `weenieClassDescription`)
VALUES (38053, 'ace38053-celestialhandbanner');

INSERT INTO `ace_object` (`aceObjectId`, `aceObjectDescriptionFlags`, `weenieClassId`, `weenieHeaderFlags`, `iconId`, `iconOverlayId`, `iconUnderlayId`, `modelTableId`, `soundTableId`, `motionTableId`, `currentMotionState`, `animationFrameId`, `physicsTableId`, `physicsDescriptionFlag`, `spellId`, `playScript`, `defaultScript`)
VALUES (38053, 8388624, 38053, 20, 100689888, NULL, NULL, 33560562, 536870932, NULL, NULL, NULL, NULL, 34817, NULL, NULL, NULL);

INSERT INTO `ace_object_properties_string` (`aceObjectId`, `strPropertyId`, `propertyValue`)
VALUES (38053, 1, 'Celestial Hand Banner');

INSERT INTO `ace_object_properties_int` (`aceObjectId`, `intPropertyId`, `propertyValue`)
VALUES (38053, 1, 268435456);

INSERT INTO `ace_object_properties_int` (`aceObjectId`, `intPropertyId`, `propertyValue`)
VALUES (38053, 133, 1);

INSERT INTO `ace_object_properties_int` (`aceObjectId`, `intPropertyId`, `propertyValue`)
VALUES (38053, 16, 1);

INSERT INTO `ace_object_properties_int` (`aceObjectId`, `intPropertyId`, `propertyValue`)
VALUES (38053, 93, 1040);

INSERT INTO `ace_object_properties_bool` (`aceObjectId`, `boolPropertyId`, `propertyValue`)
VALUES (38053, 11, True);

INSERT INTO `ace_object_properties_bool` (`aceObjectId`, `boolPropertyId`, `propertyValue`)
VALUES (38053, 14, True);

INSERT INTO ace_weenie_class (`weenieClassId`, `weenieClassDescription`)
VALUES (24572, 'lifestonenewcandethkeep');

INSERT INTO `ace_object` (`aceObjectId`, `aceObjectDescriptionFlags`, `weenieClassId`, `weenieHeaderFlags`, `iconId`, `iconOverlayId`, `iconUnderlayId`, `modelTableId`, `soundTableId`, `motionTableId`, `currentMotionState`, `animationFrameId`, `physicsTableId`, `physicsDescriptionFlag`, `spellId`, `playScript`, `defaultScript`)
VALUES (24572, 9437232, 24572, 16404, 100668245, NULL, NULL, 33558189, 536870932, 150995232, 'AAA9AAAAAAA=', NULL, NULL, 100355, NULL, NULL, NULL);

INSERT INTO `ace_object_properties_string` (`aceObjectId`, `strPropertyId`, `propertyValue`)
VALUES (24572, 1, 'Life Stone');

INSERT INTO `ace_object_properties_int` (`aceObjectId`, `intPropertyId`, `propertyValue`)
VALUES (24572, 1, 268435456);

INSERT INTO `ace_object_properties_int` (`aceObjectId`, `intPropertyId`, `propertyValue`)
VALUES (24572, 95, 1);

INSERT INTO `ace_object_properties_int` (`aceObjectId`, `intPropertyId`, `propertyValue`)
VALUES (24572, 133, 4);

INSERT INTO `ace_object_properties_int` (`aceObjectId`, `intPropertyId`, `propertyValue`)
VALUES (24572, 16, 32);

INSERT INTO `ace_object_properties_double` (`aceObjectId`, `dblPropertyId`, `propertyValue`)
VALUES (24572, 54, 2);

INSERT INTO `ace_object_properties_int` (`aceObjectId`, `intPropertyId`, `propertyValue`)
VALUES (24572, 93, 1040);

INSERT INTO `ace_object_properties_bool` (`aceObjectId`, `boolPropertyId`, `propertyValue`)
VALUES (24572, 11, True);

INSERT INTO `ace_object_properties_bool` (`aceObjectId`, `boolPropertyId`, `propertyValue`)
VALUES (24572, 14, True);

