INSERT INTO ace_weenie_class (`weenieClassId`, `weenieClassDescription`)
VALUES (2436, 'manastonegreater');

INSERT INTO `ace_object` (`aceObjectId`, `aceObjectDescriptionFlags`, `weenieClassId`, `weenieHeaderFlags`, `iconId`, `iconOverlayId`, `iconUnderlayId`, `modelTableId`, `soundTableId`, `motionTableId`, `currentMotionState`, `animationFrameId`, `physicsTableId`, `physicsDescriptionFlag`, `spellId`, `playScript`, `defaultScript`)
VALUES (2436, 271073432, 2436, 18, 100676307, NULL, NULL, 33555640, NULL, NULL, NULL, 101, NULL, 131073, NULL, NULL, NULL);

INSERT INTO `ace_object_properties_string` (`aceObjectId`, `strPropertyId`, `propertyValue`)
VALUES (2436, 1, 'Greater Mana Stone');

INSERT INTO `ace_object_properties_int` (`aceObjectId`, `intPropertyId`, `propertyValue`)
VALUES (2436, 1, 524288);

INSERT INTO `ace_object_properties_int` (`aceObjectId`, `intPropertyId`, `propertyValue`)
VALUES (2436, 5, 50);

INSERT INTO `ace_object_properties_int` (`aceObjectId`, `intPropertyId`, `propertyValue`)
VALUES (2436, 18, 1);

INSERT INTO `ace_object_properties_int` (`aceObjectId`, `intPropertyId`, `propertyValue`)
VALUES (2436, 151, 2);

INSERT INTO `ace_object_properties_int` (`aceObjectId`, `intPropertyId`, `propertyValue`)
VALUES (2436, 94, 35103);

INSERT INTO `ace_object_properties_int` (`aceObjectId`, `intPropertyId`, `propertyValue`)
VALUES (2436, 16, 655368);

INSERT INTO `ace_object_properties_int` (`aceObjectId`, `intPropertyId`, `propertyValue`)
VALUES (2436, 19, 5000);

INSERT INTO `ace_object_properties_int` (`aceObjectId`, `intPropertyId`, `propertyValue`)
VALUES (2436, 93, 1044);

INSERT INTO `ace_object_properties_bool` (`aceObjectId`, `boolPropertyId`, `propertyValue`)
VALUES (2436, 13, True);

INSERT INTO `ace_object_properties_bool` (`aceObjectId`, `boolPropertyId`, `propertyValue`)
VALUES (2436, 11, True);

INSERT INTO `ace_object_properties_bool` (`aceObjectId`, `boolPropertyId`, `propertyValue`)
VALUES (2436, 14, True);

INSERT INTO ace_weenie_class (`weenieClassId`, `weenieClassDescription`)
VALUES (27330, 'manastonemedium');

INSERT INTO `ace_object` (`aceObjectId`, `aceObjectDescriptionFlags`, `weenieClassId`, `weenieHeaderFlags`, `iconId`, `iconOverlayId`, `iconUnderlayId`, `modelTableId`, `soundTableId`, `motionTableId`, `currentMotionState`, `animationFrameId`, `physicsTableId`, `physicsDescriptionFlag`, `spellId`, `playScript`, `defaultScript`)
VALUES (27330, 271073304, 27330, 18, 100676305, NULL, NULL, 33555641, NULL, NULL, NULL, 101, NULL, 131073, NULL, NULL, NULL);

INSERT INTO `ace_object_properties_string` (`aceObjectId`, `strPropertyId`, `propertyValue`)
VALUES (27330, 1, 'Moderate Mana Stone');

INSERT INTO `ace_object_properties_int` (`aceObjectId`, `intPropertyId`, `propertyValue`)
VALUES (27330, 1, 524288);

INSERT INTO `ace_object_properties_int` (`aceObjectId`, `intPropertyId`, `propertyValue`)
VALUES (27330, 5, 50);

INSERT INTO `ace_object_properties_int` (`aceObjectId`, `intPropertyId`, `propertyValue`)
VALUES (27330, 151, 2);

INSERT INTO `ace_object_properties_int` (`aceObjectId`, `intPropertyId`, `propertyValue`)
VALUES (27330, 94, 35103);

INSERT INTO `ace_object_properties_int` (`aceObjectId`, `intPropertyId`, `propertyValue`)
VALUES (27330, 16, 655368);

INSERT INTO `ace_object_properties_int` (`aceObjectId`, `intPropertyId`, `propertyValue`)
VALUES (27330, 19, 2500);

INSERT INTO `ace_object_properties_int` (`aceObjectId`, `intPropertyId`, `propertyValue`)
VALUES (27330, 93, 1044);

INSERT INTO `ace_object_properties_bool` (`aceObjectId`, `boolPropertyId`, `propertyValue`)
VALUES (27330, 13, True);

INSERT INTO `ace_object_properties_bool` (`aceObjectId`, `boolPropertyId`, `propertyValue`)
VALUES (27330, 11, True);

INSERT INTO `ace_object_properties_bool` (`aceObjectId`, `boolPropertyId`, `propertyValue`)
VALUES (27330, 14, True);

INSERT INTO ace_weenie_class (`weenieClassId`, `weenieClassDescription`)
VALUES (2434, 'manastonelesser');

INSERT INTO `ace_object` (`aceObjectId`, `aceObjectDescriptionFlags`, `weenieClassId`, `weenieHeaderFlags`, `iconId`, `iconOverlayId`, `iconUnderlayId`, `modelTableId`, `soundTableId`, `motionTableId`, `currentMotionState`, `animationFrameId`, `physicsTableId`, `physicsDescriptionFlag`, `spellId`, `playScript`, `defaultScript`)
VALUES (2434, 271073304, 2434, 18, 100676303, NULL, NULL, 33555639, NULL, NULL, NULL, 101, NULL, 131073, NULL, NULL, NULL);

INSERT INTO `ace_object_properties_string` (`aceObjectId`, `strPropertyId`, `propertyValue`)
VALUES (2434, 1, 'Lesser Mana Stone');

INSERT INTO `ace_object_properties_int` (`aceObjectId`, `intPropertyId`, `propertyValue`)
VALUES (2434, 1, 524288);

INSERT INTO `ace_object_properties_int` (`aceObjectId`, `intPropertyId`, `propertyValue`)
VALUES (2434, 5, 50);

INSERT INTO `ace_object_properties_int` (`aceObjectId`, `intPropertyId`, `propertyValue`)
VALUES (2434, 151, 2);

INSERT INTO `ace_object_properties_int` (`aceObjectId`, `intPropertyId`, `propertyValue`)
VALUES (2434, 94, 35103);

INSERT INTO `ace_object_properties_int` (`aceObjectId`, `intPropertyId`, `propertyValue`)
VALUES (2434, 16, 655368);

INSERT INTO `ace_object_properties_int` (`aceObjectId`, `intPropertyId`, `propertyValue`)
VALUES (2434, 19, 500);

INSERT INTO `ace_object_properties_int` (`aceObjectId`, `intPropertyId`, `propertyValue`)
VALUES (2434, 93, 1044);

INSERT INTO `ace_object_properties_bool` (`aceObjectId`, `boolPropertyId`, `propertyValue`)
VALUES (2434, 13, True);

INSERT INTO `ace_object_properties_bool` (`aceObjectId`, `boolPropertyId`, `propertyValue`)
VALUES (2434, 11, True);

INSERT INTO `ace_object_properties_bool` (`aceObjectId`, `boolPropertyId`, `propertyValue`)
VALUES (2434, 14, True);

INSERT INTO ace_weenie_class (`weenieClassId`, `weenieClassDescription`)
VALUES (2435, 'manastone');

INSERT INTO `ace_object` (`aceObjectId`, `aceObjectDescriptionFlags`, `weenieClassId`, `weenieHeaderFlags`, `iconId`, `iconOverlayId`, `iconUnderlayId`, `modelTableId`, `soundTableId`, `motionTableId`, `currentMotionState`, `animationFrameId`, `physicsTableId`, `physicsDescriptionFlag`, `spellId`, `playScript`, `defaultScript`)
VALUES (2435, 271073304, 2435, 18, 100676304, NULL, NULL, 33555641, NULL, NULL, NULL, 101, NULL, 131073, NULL, NULL, NULL);

INSERT INTO `ace_object_properties_string` (`aceObjectId`, `strPropertyId`, `propertyValue`)
VALUES (2435, 1, 'Mana Stone');

INSERT INTO `ace_object_properties_int` (`aceObjectId`, `intPropertyId`, `propertyValue`)
VALUES (2435, 1, 524288);

INSERT INTO `ace_object_properties_int` (`aceObjectId`, `intPropertyId`, `propertyValue`)
VALUES (2435, 5, 50);

INSERT INTO `ace_object_properties_int` (`aceObjectId`, `intPropertyId`, `propertyValue`)
VALUES (2435, 151, 2);

INSERT INTO `ace_object_properties_int` (`aceObjectId`, `intPropertyId`, `propertyValue`)
VALUES (2435, 94, 35103);

INSERT INTO `ace_object_properties_int` (`aceObjectId`, `intPropertyId`, `propertyValue`)
VALUES (2435, 16, 655368);

INSERT INTO `ace_object_properties_int` (`aceObjectId`, `intPropertyId`, `propertyValue`)
VALUES (2435, 19, 1000);

INSERT INTO `ace_object_properties_int` (`aceObjectId`, `intPropertyId`, `propertyValue`)
VALUES (2435, 93, 1044);

INSERT INTO `ace_object_properties_bool` (`aceObjectId`, `boolPropertyId`, `propertyValue`)
VALUES (2435, 13, True);

INSERT INTO `ace_object_properties_bool` (`aceObjectId`, `boolPropertyId`, `propertyValue`)
VALUES (2435, 11, True);

INSERT INTO `ace_object_properties_bool` (`aceObjectId`, `boolPropertyId`, `propertyValue`)
VALUES (2435, 14, True);

INSERT INTO ace_weenie_class (`weenieClassId`, `weenieClassDescription`)
VALUES (27328, 'manastonemajor');

INSERT INTO `ace_object` (`aceObjectId`, `aceObjectDescriptionFlags`, `weenieClassId`, `weenieHeaderFlags`, `iconId`, `iconOverlayId`, `iconUnderlayId`, `modelTableId`, `soundTableId`, `motionTableId`, `currentMotionState`, `animationFrameId`, `physicsTableId`, `physicsDescriptionFlag`, `spellId`, `playScript`, `defaultScript`)
VALUES (27328, 271073304, 27328, 18, 100676308, NULL, NULL, 33555641, NULL, NULL, NULL, 101, NULL, 131073, NULL, NULL, NULL);

INSERT INTO `ace_object_properties_string` (`aceObjectId`, `strPropertyId`, `propertyValue`)
VALUES (27328, 1, 'Major Mana Stone');

INSERT INTO `ace_object_properties_int` (`aceObjectId`, `intPropertyId`, `propertyValue`)
VALUES (27328, 1, 524288);

INSERT INTO `ace_object_properties_int` (`aceObjectId`, `intPropertyId`, `propertyValue`)
VALUES (27328, 5, 50);

INSERT INTO `ace_object_properties_int` (`aceObjectId`, `intPropertyId`, `propertyValue`)
VALUES (27328, 151, 2);

INSERT INTO `ace_object_properties_int` (`aceObjectId`, `intPropertyId`, `propertyValue`)
VALUES (27328, 94, 35103);

INSERT INTO `ace_object_properties_int` (`aceObjectId`, `intPropertyId`, `propertyValue`)
VALUES (27328, 16, 655368);

INSERT INTO `ace_object_properties_int` (`aceObjectId`, `intPropertyId`, `propertyValue`)
VALUES (27328, 19, 7500);

INSERT INTO `ace_object_properties_int` (`aceObjectId`, `intPropertyId`, `propertyValue`)
VALUES (27328, 93, 1044);

INSERT INTO `ace_object_properties_bool` (`aceObjectId`, `boolPropertyId`, `propertyValue`)
VALUES (27328, 13, True);

INSERT INTO `ace_object_properties_bool` (`aceObjectId`, `boolPropertyId`, `propertyValue`)
VALUES (27328, 11, True);

INSERT INTO `ace_object_properties_bool` (`aceObjectId`, `boolPropertyId`, `propertyValue`)
VALUES (27328, 14, True);

INSERT INTO ace_weenie_class (`weenieClassId`, `weenieClassDescription`)
VALUES (27331, 'manastoneminor');

INSERT INTO `ace_object` (`aceObjectId`, `aceObjectDescriptionFlags`, `weenieClassId`, `weenieHeaderFlags`, `iconId`, `iconOverlayId`, `iconUnderlayId`, `modelTableId`, `soundTableId`, `motionTableId`, `currentMotionState`, `animationFrameId`, `physicsTableId`, `physicsDescriptionFlag`, `spellId`, `playScript`, `defaultScript`)
VALUES (27331, 271073304, 27331, 18, 100676302, NULL, NULL, 33555641, NULL, NULL, NULL, 101, NULL, 131073, NULL, NULL, NULL);

INSERT INTO `ace_object_properties_string` (`aceObjectId`, `strPropertyId`, `propertyValue`)
VALUES (27331, 1, 'Minor Mana Stone');

INSERT INTO `ace_object_properties_int` (`aceObjectId`, `intPropertyId`, `propertyValue`)
VALUES (27331, 1, 524288);

INSERT INTO `ace_object_properties_int` (`aceObjectId`, `intPropertyId`, `propertyValue`)
VALUES (27331, 5, 50);

INSERT INTO `ace_object_properties_int` (`aceObjectId`, `intPropertyId`, `propertyValue`)
VALUES (27331, 151, 2);

INSERT INTO `ace_object_properties_int` (`aceObjectId`, `intPropertyId`, `propertyValue`)
VALUES (27331, 94, 35103);

INSERT INTO `ace_object_properties_int` (`aceObjectId`, `intPropertyId`, `propertyValue`)
VALUES (27331, 16, 655368);

INSERT INTO `ace_object_properties_int` (`aceObjectId`, `intPropertyId`, `propertyValue`)
VALUES (27331, 19, 250);

INSERT INTO `ace_object_properties_int` (`aceObjectId`, `intPropertyId`, `propertyValue`)
VALUES (27331, 93, 1044);

INSERT INTO `ace_object_properties_bool` (`aceObjectId`, `boolPropertyId`, `propertyValue`)
VALUES (27331, 13, True);

INSERT INTO `ace_object_properties_bool` (`aceObjectId`, `boolPropertyId`, `propertyValue`)
VALUES (27331, 11, True);

INSERT INTO `ace_object_properties_bool` (`aceObjectId`, `boolPropertyId`, `propertyValue`)
VALUES (27331, 14, True);

INSERT INTO ace_weenie_class (`weenieClassId`, `weenieClassDescription`)
VALUES (4616, 'manastonegreat');

INSERT INTO `ace_object` (`aceObjectId`, `aceObjectDescriptionFlags`, `weenieClassId`, `weenieHeaderFlags`, `iconId`, `iconOverlayId`, `iconUnderlayId`, `modelTableId`, `soundTableId`, `motionTableId`, `currentMotionState`, `animationFrameId`, `physicsTableId`, `physicsDescriptionFlag`, `spellId`, `playScript`, `defaultScript`)
VALUES (4616, 271073432, 4616, 18, 100676300, NULL, NULL, 33555641, NULL, NULL, NULL, 101, NULL, 131073, NULL, NULL, NULL);

INSERT INTO `ace_object_properties_string` (`aceObjectId`, `strPropertyId`, `propertyValue`)
VALUES (4616, 1, 'Great Mana Charge');

INSERT INTO `ace_object_properties_int` (`aceObjectId`, `intPropertyId`, `propertyValue`)
VALUES (4616, 1, 524288);

INSERT INTO `ace_object_properties_int` (`aceObjectId`, `intPropertyId`, `propertyValue`)
VALUES (4616, 5, 50);

INSERT INTO `ace_object_properties_int` (`aceObjectId`, `intPropertyId`, `propertyValue`)
VALUES (4616, 18, 1);

INSERT INTO `ace_object_properties_int` (`aceObjectId`, `intPropertyId`, `propertyValue`)
VALUES (4616, 151, 2);

INSERT INTO `ace_object_properties_int` (`aceObjectId`, `intPropertyId`, `propertyValue`)
VALUES (4616, 94, 35103);

INSERT INTO `ace_object_properties_int` (`aceObjectId`, `intPropertyId`, `propertyValue`)
VALUES (4616, 16, 655368);

INSERT INTO `ace_object_properties_int` (`aceObjectId`, `intPropertyId`, `propertyValue`)
VALUES (4616, 19, 5500);

INSERT INTO `ace_object_properties_int` (`aceObjectId`, `intPropertyId`, `propertyValue`)
VALUES (4616, 93, 1044);

INSERT INTO `ace_object_properties_bool` (`aceObjectId`, `boolPropertyId`, `propertyValue`)
VALUES (4616, 13, True);

INSERT INTO `ace_object_properties_bool` (`aceObjectId`, `boolPropertyId`, `propertyValue`)
VALUES (4616, 11, True);

INSERT INTO `ace_object_properties_bool` (`aceObjectId`, `boolPropertyId`, `propertyValue`)
VALUES (4616, 14, True);

INSERT INTO ace_weenie_class (`weenieClassId`, `weenieClassDescription`)
VALUES (4615, 'manastonehigh');

INSERT INTO `ace_object` (`aceObjectId`, `aceObjectDescriptionFlags`, `weenieClassId`, `weenieHeaderFlags`, `iconId`, `iconOverlayId`, `iconUnderlayId`, `modelTableId`, `soundTableId`, `motionTableId`, `currentMotionState`, `animationFrameId`, `physicsTableId`, `physicsDescriptionFlag`, `spellId`, `playScript`, `defaultScript`)
VALUES (4615, 271073432, 4615, 18, 100676299, NULL, NULL, 33555639, NULL, NULL, NULL, 101, NULL, 131073, NULL, NULL, NULL);

INSERT INTO `ace_object_properties_string` (`aceObjectId`, `strPropertyId`, `propertyValue`)
VALUES (4615, 1, 'High Mana Charge');

INSERT INTO `ace_object_properties_int` (`aceObjectId`, `intPropertyId`, `propertyValue`)
VALUES (4615, 1, 524288);

INSERT INTO `ace_object_properties_int` (`aceObjectId`, `intPropertyId`, `propertyValue`)
VALUES (4615, 5, 50);

INSERT INTO `ace_object_properties_int` (`aceObjectId`, `intPropertyId`, `propertyValue`)
VALUES (4615, 18, 1);

INSERT INTO `ace_object_properties_int` (`aceObjectId`, `intPropertyId`, `propertyValue`)
VALUES (4615, 151, 2);

INSERT INTO `ace_object_properties_int` (`aceObjectId`, `intPropertyId`, `propertyValue`)
VALUES (4615, 94, 35103);

INSERT INTO `ace_object_properties_int` (`aceObjectId`, `intPropertyId`, `propertyValue`)
VALUES (4615, 16, 655368);

INSERT INTO `ace_object_properties_int` (`aceObjectId`, `intPropertyId`, `propertyValue`)
VALUES (4615, 19, 2500);

INSERT INTO `ace_object_properties_int` (`aceObjectId`, `intPropertyId`, `propertyValue`)
VALUES (4615, 93, 1044);

INSERT INTO `ace_object_properties_bool` (`aceObjectId`, `boolPropertyId`, `propertyValue`)
VALUES (4615, 13, True);

INSERT INTO `ace_object_properties_bool` (`aceObjectId`, `boolPropertyId`, `propertyValue`)
VALUES (4615, 11, True);

INSERT INTO `ace_object_properties_bool` (`aceObjectId`, `boolPropertyId`, `propertyValue`)
VALUES (4615, 14, True);

INSERT INTO ace_weenie_class (`weenieClassId`, `weenieClassDescription`)
VALUES (27329, 'manastonemassive');

INSERT INTO `ace_object` (`aceObjectId`, `aceObjectDescriptionFlags`, `weenieClassId`, `weenieHeaderFlags`, `iconId`, `iconOverlayId`, `iconUnderlayId`, `modelTableId`, `soundTableId`, `motionTableId`, `currentMotionState`, `animationFrameId`, `physicsTableId`, `physicsDescriptionFlag`, `spellId`, `playScript`, `defaultScript`)
VALUES (27329, 271057048, 27329, 18, 100676403, NULL, NULL, 33555641, NULL, NULL, NULL, 101, NULL, 163841, NULL, NULL, NULL);

INSERT INTO `ace_object_properties_string` (`aceObjectId`, `strPropertyId`, `propertyValue`)
VALUES (27329, 1, 'Massive Mana Charge');

INSERT INTO `ace_object_properties_int` (`aceObjectId`, `intPropertyId`, `propertyValue`)
VALUES (27329, 1, 524288);

INSERT INTO `ace_object_properties_int` (`aceObjectId`, `intPropertyId`, `propertyValue`)
VALUES (27329, 5, 50);

INSERT INTO `ace_object_properties_int` (`aceObjectId`, `intPropertyId`, `propertyValue`)
VALUES (27329, 18, 1);

INSERT INTO `ace_object_properties_int` (`aceObjectId`, `intPropertyId`, `propertyValue`)
VALUES (27329, 151, 2);

INSERT INTO `ace_object_properties_int` (`aceObjectId`, `intPropertyId`, `propertyValue`)
VALUES (27329, 94, 35103);

INSERT INTO `ace_object_properties_int` (`aceObjectId`, `intPropertyId`, `propertyValue`)
VALUES (27329, 16, 655368);

INSERT INTO `ace_object_properties_int` (`aceObjectId`, `intPropertyId`, `propertyValue`)
VALUES (27329, 19, 65000);

INSERT INTO `ace_object_properties_int` (`aceObjectId`, `intPropertyId`, `propertyValue`)
VALUES (27329, 93, 1044);

INSERT INTO `ace_object_properties_bool` (`aceObjectId`, `boolPropertyId`, `propertyValue`)
VALUES (27329, 13, True);

INSERT INTO `ace_object_properties_bool` (`aceObjectId`, `boolPropertyId`, `propertyValue`)
VALUES (27329, 11, True);

INSERT INTO `ace_object_properties_bool` (`aceObjectId`, `boolPropertyId`, `propertyValue`)
VALUES (27329, 14, True);

INSERT INTO ace_weenie_class (`weenieClassId`, `weenieClassDescription`)
VALUES (9060, 'manachargetitan');

INSERT INTO `ace_object` (`aceObjectId`, `aceObjectDescriptionFlags`, `weenieClassId`, `weenieHeaderFlags`, `iconId`, `iconOverlayId`, `iconUnderlayId`, `modelTableId`, `soundTableId`, `motionTableId`, `currentMotionState`, `animationFrameId`, `physicsTableId`, `physicsDescriptionFlag`, `spellId`, `playScript`, `defaultScript`)
VALUES (9060, 271057048, 9060, 18, 100676402, NULL, NULL, 33555641, NULL, NULL, NULL, 101, NULL, 163841, NULL, NULL, NULL);

INSERT INTO `ace_object_properties_string` (`aceObjectId`, `strPropertyId`, `propertyValue`)
VALUES (9060, 1, 'Titan Mana Charge');

INSERT INTO `ace_object_properties_int` (`aceObjectId`, `intPropertyId`, `propertyValue`)
VALUES (9060, 1, 524288);

INSERT INTO `ace_object_properties_int` (`aceObjectId`, `intPropertyId`, `propertyValue`)
VALUES (9060, 5, 50);

INSERT INTO `ace_object_properties_int` (`aceObjectId`, `intPropertyId`, `propertyValue`)
VALUES (9060, 18, 1);

INSERT INTO `ace_object_properties_int` (`aceObjectId`, `intPropertyId`, `propertyValue`)
VALUES (9060, 151, 2);

INSERT INTO `ace_object_properties_int` (`aceObjectId`, `intPropertyId`, `propertyValue`)
VALUES (9060, 94, 35103);

INSERT INTO `ace_object_properties_int` (`aceObjectId`, `intPropertyId`, `propertyValue`)
VALUES (9060, 16, 655368);

INSERT INTO `ace_object_properties_int` (`aceObjectId`, `intPropertyId`, `propertyValue`)
VALUES (9060, 19, 9000);

INSERT INTO `ace_object_properties_int` (`aceObjectId`, `intPropertyId`, `propertyValue`)
VALUES (9060, 93, 1044);

INSERT INTO `ace_object_properties_bool` (`aceObjectId`, `boolPropertyId`, `propertyValue`)
VALUES (9060, 13, True);

INSERT INTO `ace_object_properties_bool` (`aceObjectId`, `boolPropertyId`, `propertyValue`)
VALUES (9060, 11, True);

INSERT INTO `ace_object_properties_bool` (`aceObjectId`, `boolPropertyId`, `propertyValue`)
VALUES (9060, 14, True);

INSERT INTO ace_weenie_class (`weenieClassId`, `weenieClassDescription`)
VALUES (20179, 'manastonesuperb');

INSERT INTO `ace_object` (`aceObjectId`, `aceObjectDescriptionFlags`, `weenieClassId`, `weenieHeaderFlags`, `iconId`, `iconOverlayId`, `iconUnderlayId`, `modelTableId`, `soundTableId`, `motionTableId`, `currentMotionState`, `animationFrameId`, `physicsTableId`, `physicsDescriptionFlag`, `spellId`, `playScript`, `defaultScript`)
VALUES (20179, 271073432, 20179, 18, 100676301, NULL, NULL, 33555641, NULL, NULL, NULL, 101, NULL, 131073, NULL, NULL, NULL);

INSERT INTO `ace_object_properties_string` (`aceObjectId`, `strPropertyId`, `propertyValue`)
VALUES (20179, 1, 'Superb Mana Charge');

INSERT INTO `ace_object_properties_int` (`aceObjectId`, `intPropertyId`, `propertyValue`)
VALUES (20179, 1, 524288);

INSERT INTO `ace_object_properties_int` (`aceObjectId`, `intPropertyId`, `propertyValue`)
VALUES (20179, 5, 50);

INSERT INTO `ace_object_properties_int` (`aceObjectId`, `intPropertyId`, `propertyValue`)
VALUES (20179, 18, 1);

INSERT INTO `ace_object_properties_int` (`aceObjectId`, `intPropertyId`, `propertyValue`)
VALUES (20179, 151, 2);

INSERT INTO `ace_object_properties_int` (`aceObjectId`, `intPropertyId`, `propertyValue`)
VALUES (20179, 94, 35103);

INSERT INTO `ace_object_properties_int` (`aceObjectId`, `intPropertyId`, `propertyValue`)
VALUES (20179, 16, 655368);

INSERT INTO `ace_object_properties_int` (`aceObjectId`, `intPropertyId`, `propertyValue`)
VALUES (20179, 19, 8000);

INSERT INTO `ace_object_properties_int` (`aceObjectId`, `intPropertyId`, `propertyValue`)
VALUES (20179, 93, 1044);

INSERT INTO `ace_object_properties_bool` (`aceObjectId`, `boolPropertyId`, `propertyValue`)
VALUES (20179, 13, True);

INSERT INTO `ace_object_properties_bool` (`aceObjectId`, `boolPropertyId`, `propertyValue`)
VALUES (20179, 11, True);

INSERT INTO `ace_object_properties_bool` (`aceObjectId`, `boolPropertyId`, `propertyValue`)
VALUES (20179, 14, True);

INSERT INTO ace_weenie_class (`weenieClassId`, `weenieClassDescription`)
VALUES (4614, 'manastonemoderate');

INSERT INTO `ace_object` (`aceObjectId`, `aceObjectDescriptionFlags`, `weenieClassId`, `weenieHeaderFlags`, `iconId`, `iconOverlayId`, `iconUnderlayId`, `modelTableId`, `soundTableId`, `motionTableId`, `currentMotionState`, `animationFrameId`, `physicsTableId`, `physicsDescriptionFlag`, `spellId`, `playScript`, `defaultScript`)
VALUES (4614, 271073432, 4614, 18, 100676298, NULL, NULL, 33555639, NULL, NULL, NULL, 101, NULL, 131073, NULL, NULL, NULL);

INSERT INTO `ace_object_properties_string` (`aceObjectId`, `strPropertyId`, `propertyValue`)
VALUES (4614, 1, 'Moderate Mana Charge');

INSERT INTO `ace_object_properties_int` (`aceObjectId`, `intPropertyId`, `propertyValue`)
VALUES (4614, 1, 524288);

INSERT INTO `ace_object_properties_int` (`aceObjectId`, `intPropertyId`, `propertyValue`)
VALUES (4614, 5, 50);

INSERT INTO `ace_object_properties_int` (`aceObjectId`, `intPropertyId`, `propertyValue`)
VALUES (4614, 18, 1);

INSERT INTO `ace_object_properties_int` (`aceObjectId`, `intPropertyId`, `propertyValue`)
VALUES (4614, 151, 2);

INSERT INTO `ace_object_properties_int` (`aceObjectId`, `intPropertyId`, `propertyValue`)
VALUES (4614, 94, 35103);

INSERT INTO `ace_object_properties_int` (`aceObjectId`, `intPropertyId`, `propertyValue`)
VALUES (4614, 16, 655368);

INSERT INTO `ace_object_properties_int` (`aceObjectId`, `intPropertyId`, `propertyValue`)
VALUES (4614, 19, 1500);

INSERT INTO `ace_object_properties_int` (`aceObjectId`, `intPropertyId`, `propertyValue`)
VALUES (4614, 93, 1044);

INSERT INTO `ace_object_properties_bool` (`aceObjectId`, `boolPropertyId`, `propertyValue`)
VALUES (4614, 13, True);

INSERT INTO `ace_object_properties_bool` (`aceObjectId`, `boolPropertyId`, `propertyValue`)
VALUES (4614, 11, True);

INSERT INTO `ace_object_properties_bool` (`aceObjectId`, `boolPropertyId`, `propertyValue`)
VALUES (4614, 14, True);

INSERT INTO ace_weenie_class (`weenieClassId`, `weenieClassDescription`)
VALUES (4613, 'manastonesmall');

INSERT INTO `ace_object` (`aceObjectId`, `aceObjectDescriptionFlags`, `weenieClassId`, `weenieHeaderFlags`, `iconId`, `iconOverlayId`, `iconUnderlayId`, `modelTableId`, `soundTableId`, `motionTableId`, `currentMotionState`, `animationFrameId`, `physicsTableId`, `physicsDescriptionFlag`, `spellId`, `playScript`, `defaultScript`)
VALUES (4613, 271073432, 4613, 18, 100676297, NULL, NULL, 33555639, NULL, NULL, NULL, 101, NULL, 131073, NULL, NULL, NULL);

INSERT INTO `ace_object_properties_string` (`aceObjectId`, `strPropertyId`, `propertyValue`)
VALUES (4613, 1, 'Small Mana Charge');

INSERT INTO `ace_object_properties_int` (`aceObjectId`, `intPropertyId`, `propertyValue`)
VALUES (4613, 1, 524288);

INSERT INTO `ace_object_properties_int` (`aceObjectId`, `intPropertyId`, `propertyValue`)
VALUES (4613, 5, 50);

INSERT INTO `ace_object_properties_int` (`aceObjectId`, `intPropertyId`, `propertyValue`)
VALUES (4613, 18, 1);

INSERT INTO `ace_object_properties_int` (`aceObjectId`, `intPropertyId`, `propertyValue`)
VALUES (4613, 151, 2);

INSERT INTO `ace_object_properties_int` (`aceObjectId`, `intPropertyId`, `propertyValue`)
VALUES (4613, 94, 35103);

INSERT INTO `ace_object_properties_int` (`aceObjectId`, `intPropertyId`, `propertyValue`)
VALUES (4613, 16, 655368);

INSERT INTO `ace_object_properties_int` (`aceObjectId`, `intPropertyId`, `propertyValue`)
VALUES (4613, 19, 650);

INSERT INTO `ace_object_properties_int` (`aceObjectId`, `intPropertyId`, `propertyValue`)
VALUES (4613, 93, 1044);

INSERT INTO `ace_object_properties_bool` (`aceObjectId`, `boolPropertyId`, `propertyValue`)
VALUES (4613, 13, True);

INSERT INTO `ace_object_properties_bool` (`aceObjectId`, `boolPropertyId`, `propertyValue`)
VALUES (4613, 11, True);

INSERT INTO `ace_object_properties_bool` (`aceObjectId`, `boolPropertyId`, `propertyValue`)
VALUES (4613, 14, True);

INSERT INTO ace_weenie_class (`weenieClassId`, `weenieClassDescription`)
VALUES (4612, 'manastonetiny');

INSERT INTO `ace_object` (`aceObjectId`, `aceObjectDescriptionFlags`, `weenieClassId`, `weenieHeaderFlags`, `iconId`, `iconOverlayId`, `iconUnderlayId`, `modelTableId`, `soundTableId`, `motionTableId`, `currentMotionState`, `animationFrameId`, `physicsTableId`, `physicsDescriptionFlag`, `spellId`, `playScript`, `defaultScript`)
VALUES (4612, 271073432, 4612, 18, 100676306, NULL, NULL, 33555639, NULL, NULL, NULL, 101, NULL, 131073, NULL, NULL, NULL);

INSERT INTO `ace_object_properties_string` (`aceObjectId`, `strPropertyId`, `propertyValue`)
VALUES (4612, 1, 'Tiny Mana Charge');

INSERT INTO `ace_object_properties_int` (`aceObjectId`, `intPropertyId`, `propertyValue`)
VALUES (4612, 1, 524288);

INSERT INTO `ace_object_properties_int` (`aceObjectId`, `intPropertyId`, `propertyValue`)
VALUES (4612, 5, 50);

INSERT INTO `ace_object_properties_int` (`aceObjectId`, `intPropertyId`, `propertyValue`)
VALUES (4612, 18, 1);

INSERT INTO `ace_object_properties_int` (`aceObjectId`, `intPropertyId`, `propertyValue`)
VALUES (4612, 151, 2);

INSERT INTO `ace_object_properties_int` (`aceObjectId`, `intPropertyId`, `propertyValue`)
VALUES (4612, 94, 35103);

INSERT INTO `ace_object_properties_int` (`aceObjectId`, `intPropertyId`, `propertyValue`)
VALUES (4612, 16, 655368);

INSERT INTO `ace_object_properties_int` (`aceObjectId`, `intPropertyId`, `propertyValue`)
VALUES (4612, 19, 350);

INSERT INTO `ace_object_properties_int` (`aceObjectId`, `intPropertyId`, `propertyValue`)
VALUES (4612, 93, 1044);

INSERT INTO `ace_object_properties_bool` (`aceObjectId`, `boolPropertyId`, `propertyValue`)
VALUES (4612, 13, True);

INSERT INTO `ace_object_properties_bool` (`aceObjectId`, `boolPropertyId`, `propertyValue`)
VALUES (4612, 11, True);

INSERT INTO `ace_object_properties_bool` (`aceObjectId`, `boolPropertyId`, `propertyValue`)
VALUES (4612, 14, True);

