INSERT INTO ace_weenie_class (`weenieClassId`, `weenieClassDescription`)
VALUES (19182, 'northpasshollowcottagessign');

INSERT INTO `ace_object` (`aceObjectId`, `aceObjectDescriptionFlags`, `weenieClassId`, `weenieHeaderFlags`, `iconId`, `iconOverlayId`, `iconUnderlayId`, `modelTableId`, `soundTableId`, `motionTableId`, `currentMotionState`, `animationFrameId`, `physicsTableId`, `physicsDescriptionFlag`, `spellId`, `playScript`, `defaultScript`)
VALUES (19182, 2097176, 19182, 20, 100668115, NULL, NULL, 33557463, NULL, NULL, NULL, NULL, NULL, 32769, NULL, NULL, NULL);

INSERT INTO `ace_object_properties_string` (`aceObjectId`, `strPropertyId`, `propertyValue`)
VALUES (19182, 1, 'North Pass Hollow Cottages');

INSERT INTO `ace_object_properties_int` (`aceObjectId`, `intPropertyId`, `propertyValue`)
VALUES (19182, 1, 128)
     , (19182, 5, 9000)
     , (19182, 16, 1)
     , (19182, 19, 125)
     , (19182, 93, 1048);

INSERT INTO `ace_object_properties_bool` (`aceObjectId`, `boolPropertyId`, `propertyValue`)
VALUES (19182, 12, True)
     , (19182, 11, True)
     , (19182, 14, True);

INSERT INTO ace_weenie_class (`weenieClassId`, `weenieClassDescription`)
VALUES (42898, 'ace42898-hollowminion');

INSERT INTO `ace_object` (`aceObjectId`, `aceObjectDescriptionFlags`, `weenieClassId`, `weenieHeaderFlags`, `iconId`, `iconOverlayId`, `iconUnderlayId`, `modelTableId`, `soundTableId`, `motionTableId`, `currentMotionState`, `animationFrameId`, `physicsTableId`, `physicsDescriptionFlag`, `spellId`, `playScript`, `defaultScript`)
VALUES (42898, 2097176, 42898, 20, 100668115, NULL, NULL, 33561031, NULL, NULL, NULL, NULL, NULL, 32769, NULL, NULL, NULL);

INSERT INTO `ace_object_properties_string` (`aceObjectId`, `strPropertyId`, `propertyValue`)
VALUES (42898, 1, 'Hollow Minion');

INSERT INTO `ace_object_properties_int` (`aceObjectId`, `intPropertyId`, `propertyValue`)
VALUES (42898, 1, 128)
     , (42898, 5, 9000)
     , (42898, 16, 1)
     , (42898, 19, 125)
     , (42898, 93, 28);

INSERT INTO `ace_object_properties_bool` (`aceObjectId`, `boolPropertyId`, `propertyValue`)
VALUES (42898, 13, True)
     , (42898, 12, True)
     , (42898, 11, True);

INSERT INTO ace_weenie_class (`weenieClassId`, `weenieClassDescription`)
VALUES (21476, 'havenresidentialhallssign');

INSERT INTO `ace_object` (`aceObjectId`, `aceObjectDescriptionFlags`, `weenieClassId`, `weenieHeaderFlags`, `iconId`, `iconOverlayId`, `iconUnderlayId`, `modelTableId`, `soundTableId`, `motionTableId`, `currentMotionState`, `animationFrameId`, `physicsTableId`, `physicsDescriptionFlag`, `spellId`, `playScript`, `defaultScript`)
VALUES (21476, 2097176, 21476, 20, 100667499, NULL, NULL, 33557901, NULL, NULL, NULL, NULL, NULL, 32769, NULL, NULL, NULL);

INSERT INTO `ace_object_properties_string` (`aceObjectId`, `strPropertyId`, `propertyValue`)
VALUES (21476, 1, 'Haven Residential Halls');

INSERT INTO `ace_object_properties_int` (`aceObjectId`, `intPropertyId`, `propertyValue`)
VALUES (21476, 1, 128)
     , (21476, 5, 9000)
     , (21476, 16, 1)
     , (21476, 19, 125)
     , (21476, 93, 1048);

INSERT INTO `ace_object_properties_bool` (`aceObjectId`, `boolPropertyId`, `propertyValue`)
VALUES (21476, 12, True)
     , (21476, 11, True)
     , (21476, 14, True);

INSERT INTO ace_weenie_class (`weenieClassId`, `weenieClassDescription`)
VALUES (19380, 'atriumresidentialhallssign');

INSERT INTO `ace_object` (`aceObjectId`, `aceObjectDescriptionFlags`, `weenieClassId`, `weenieHeaderFlags`, `iconId`, `iconOverlayId`, `iconUnderlayId`, `modelTableId`, `soundTableId`, `motionTableId`, `currentMotionState`, `animationFrameId`, `physicsTableId`, `physicsDescriptionFlag`, `spellId`, `playScript`, `defaultScript`)
VALUES (19380, 2097176, 19380, 20, 100667499, NULL, NULL, 33557703, NULL, NULL, NULL, NULL, NULL, 32769, NULL, NULL, NULL);

INSERT INTO `ace_object_properties_string` (`aceObjectId`, `strPropertyId`, `propertyValue`)
VALUES (19380, 1, 'Atrium Residential Halls');

INSERT INTO `ace_object_properties_int` (`aceObjectId`, `intPropertyId`, `propertyValue`)
VALUES (19380, 1, 128)
     , (19380, 5, 9000)
     , (19380, 16, 1)
     , (19380, 19, 125)
     , (19380, 93, 1048);

INSERT INTO `ace_object_properties_bool` (`aceObjectId`, `boolPropertyId`, `propertyValue`)
VALUES (19380, 12, True)
     , (19380, 11, True)
     , (19380, 14, True);

INSERT INTO ace_weenie_class (`weenieClassId`, `weenieClassDescription`)
VALUES (16898, 'sanctumresidentialhallssign');

INSERT INTO `ace_object` (`aceObjectId`, `aceObjectDescriptionFlags`, `weenieClassId`, `weenieHeaderFlags`, `iconId`, `iconOverlayId`, `iconUnderlayId`, `modelTableId`, `soundTableId`, `motionTableId`, `currentMotionState`, `animationFrameId`, `physicsTableId`, `physicsDescriptionFlag`, `spellId`, `playScript`, `defaultScript`)
VALUES (16898, 2097176, 16898, 20, 100672342, NULL, NULL, 33557654, NULL, NULL, NULL, NULL, NULL, 32769, NULL, NULL, NULL);

INSERT INTO `ace_object_properties_string` (`aceObjectId`, `strPropertyId`, `propertyValue`)
VALUES (16898, 1, 'Sanctum Residential Halls');

INSERT INTO `ace_object_properties_int` (`aceObjectId`, `intPropertyId`, `propertyValue`)
VALUES (16898, 1, 128)
     , (16898, 5, 9000)
     , (16898, 16, 1)
     , (16898, 19, 125)
     , (16898, 93, 1048);

INSERT INTO `ace_object_properties_bool` (`aceObjectId`, `boolPropertyId`, `propertyValue`)
VALUES (16898, 12, True)
     , (16898, 11, True)
     , (16898, 14, True);

INSERT INTO ace_weenie_class (`weenieClassId`, `weenieClassDescription`)
VALUES (22242, 'victoryresidentialhallssign');

INSERT INTO `ace_object` (`aceObjectId`, `aceObjectDescriptionFlags`, `weenieClassId`, `weenieHeaderFlags`, `iconId`, `iconOverlayId`, `iconUnderlayId`, `modelTableId`, `soundTableId`, `motionTableId`, `currentMotionState`, `animationFrameId`, `physicsTableId`, `physicsDescriptionFlag`, `spellId`, `playScript`, `defaultScript`)
VALUES (22242, 2097176, 22242, 20, 100667499, NULL, NULL, 33558056, NULL, NULL, NULL, NULL, NULL, 32769, NULL, NULL, NULL);

INSERT INTO `ace_object_properties_string` (`aceObjectId`, `strPropertyId`, `propertyValue`)
VALUES (22242, 1, 'Victory Residential Halls');

INSERT INTO `ace_object_properties_int` (`aceObjectId`, `intPropertyId`, `propertyValue`)
VALUES (22242, 1, 128)
     , (22242, 5, 9000)
     , (22242, 16, 1)
     , (22242, 19, 125)
     , (22242, 93, 1048);

INSERT INTO `ace_object_properties_bool` (`aceObjectId`, `boolPropertyId`, `propertyValue`)
VALUES (22242, 12, True)
     , (22242, 11, True)
     , (22242, 14, True);

INSERT INTO ace_weenie_class (`weenieClassId`, `weenieClassDescription`)
VALUES (19391, 'orielresidentialhallssign');

INSERT INTO `ace_object` (`aceObjectId`, `aceObjectDescriptionFlags`, `weenieClassId`, `weenieHeaderFlags`, `iconId`, `iconOverlayId`, `iconUnderlayId`, `modelTableId`, `soundTableId`, `motionTableId`, `currentMotionState`, `animationFrameId`, `physicsTableId`, `physicsDescriptionFlag`, `spellId`, `playScript`, `defaultScript`)
VALUES (19391, 2097176, 19391, 20, 100667499, NULL, NULL, 33557702, NULL, NULL, NULL, NULL, NULL, 32769, NULL, NULL, NULL);

INSERT INTO `ace_object_properties_string` (`aceObjectId`, `strPropertyId`, `propertyValue`)
VALUES (19391, 1, 'Oriel Residential Halls');

INSERT INTO `ace_object_properties_int` (`aceObjectId`, `intPropertyId`, `propertyValue`)
VALUES (19391, 1, 128)
     , (19391, 5, 9000)
     , (19391, 16, 1)
     , (19391, 19, 125)
     , (19391, 93, 1048);

INSERT INTO `ace_object_properties_bool` (`aceObjectId`, `boolPropertyId`, `propertyValue`)
VALUES (19391, 12, True)
     , (19391, 11, True)
     , (19391, 14, True);

INSERT INTO ace_weenie_class (`weenieClassId`, `weenieClassDescription`)
VALUES (7412, 'magmasluicebar');

INSERT INTO `ace_object` (`aceObjectId`, `aceObjectDescriptionFlags`, `weenieClassId`, `weenieHeaderFlags`, `iconId`, `iconOverlayId`, `iconUnderlayId`, `modelTableId`, `soundTableId`, `motionTableId`, `currentMotionState`, `animationFrameId`, `physicsTableId`, `physicsDescriptionFlag`, `spellId`, `playScript`, `defaultScript`)
VALUES (7412, 2097176, 7412, 18, 100670803, NULL, NULL, 33556621, 536870932, NULL, NULL, NULL, 872415275, 39041, NULL, NULL, NULL);

INSERT INTO `ace_object_properties_string` (`aceObjectId`, `strPropertyId`, `propertyValue`)
VALUES (7412, 1, 'Sluice Gate Bar');

INSERT INTO `ace_object_properties_int` (`aceObjectId`, `intPropertyId`, `propertyValue`)
VALUES (7412, 1, 128)
     , (7412, 5, 1080)
     , (7412, 16, 1)
     , (7412, 19, 200)
     , (7412, 93, 1044);

INSERT INTO `ace_object_properties_double` (`aceObjectId`, `dblPropertyId`, `propertyValue`)
VALUES (7412, 39, 0.2);

INSERT INTO `ace_object_properties_bool` (`aceObjectId`, `boolPropertyId`, `propertyValue`)
VALUES (7412, 13, True)
     , (7412, 11, True)
     , (7412, 14, True);

INSERT INTO ace_weenie_class (`weenieClassId`, `weenieClassDescription`)
VALUES (19398, 'whitelotusgatesign');

INSERT INTO `ace_object` (`aceObjectId`, `aceObjectDescriptionFlags`, `weenieClassId`, `weenieHeaderFlags`, `iconId`, `iconOverlayId`, `iconUnderlayId`, `modelTableId`, `soundTableId`, `motionTableId`, `currentMotionState`, `animationFrameId`, `physicsTableId`, `physicsDescriptionFlag`, `spellId`, `playScript`, `defaultScript`)
VALUES (19398, 2097176, 19398, 20, 100667499, NULL, NULL, 33557685, NULL, NULL, NULL, NULL, NULL, 32769, NULL, NULL, NULL);

INSERT INTO `ace_object_properties_string` (`aceObjectId`, `strPropertyId`, `propertyValue`)
VALUES (19398, 1, 'White Lotus Gate');

INSERT INTO `ace_object_properties_int` (`aceObjectId`, `intPropertyId`, `propertyValue`)
VALUES (19398, 1, 128)
     , (19398, 5, 9000)
     , (19398, 16, 1)
     , (19398, 19, 125)
     , (19398, 93, 1048);

INSERT INTO `ace_object_properties_bool` (`aceObjectId`, `boolPropertyId`, `propertyValue`)
VALUES (19398, 12, True)
     , (19398, 11, True)
     , (19398, 14, True);

INSERT INTO ace_weenie_class (`weenieClassId`, `weenieClassDescription`)
VALUES (19378, 'allaincourtsign');

INSERT INTO `ace_object` (`aceObjectId`, `aceObjectDescriptionFlags`, `weenieClassId`, `weenieHeaderFlags`, `iconId`, `iconOverlayId`, `iconUnderlayId`, `modelTableId`, `soundTableId`, `motionTableId`, `currentMotionState`, `animationFrameId`, `physicsTableId`, `physicsDescriptionFlag`, `spellId`, `playScript`, `defaultScript`)
VALUES (19378, 2097176, 19378, 20, 100667499, NULL, NULL, 33557683, NULL, NULL, NULL, NULL, NULL, 32769, NULL, NULL, NULL);

INSERT INTO `ace_object_properties_string` (`aceObjectId`, `strPropertyId`, `propertyValue`)
VALUES (19378, 1, 'Allain Court');

INSERT INTO `ace_object_properties_int` (`aceObjectId`, `intPropertyId`, `propertyValue`)
VALUES (19378, 1, 128)
     , (19378, 5, 9000)
     , (19378, 16, 1)
     , (19378, 19, 125)
     , (19378, 93, 1048);

INSERT INTO `ace_object_properties_bool` (`aceObjectId`, `boolPropertyId`, `propertyValue`)
VALUES (19378, 12, True)
     , (19378, 11, True)
     , (19378, 14, True);

INSERT INTO ace_weenie_class (`weenieClassId`, `weenieClassDescription`)
VALUES (19397, 'vindalandwellingssign');

INSERT INTO `ace_object` (`aceObjectId`, `aceObjectDescriptionFlags`, `weenieClassId`, `weenieHeaderFlags`, `iconId`, `iconOverlayId`, `iconUnderlayId`, `modelTableId`, `soundTableId`, `motionTableId`, `currentMotionState`, `animationFrameId`, `physicsTableId`, `physicsDescriptionFlag`, `spellId`, `playScript`, `defaultScript`)
VALUES (19397, 2097176, 19397, 20, 100667499, NULL, NULL, 33557689, NULL, NULL, NULL, NULL, NULL, 32769, NULL, NULL, NULL);

INSERT INTO `ace_object_properties_string` (`aceObjectId`, `strPropertyId`, `propertyValue`)
VALUES (19397, 1, 'Vindalan Dwellings');

INSERT INTO `ace_object_properties_int` (`aceObjectId`, `intPropertyId`, `propertyValue`)
VALUES (19397, 1, 128)
     , (19397, 5, 9000)
     , (19397, 16, 1)
     , (19397, 19, 125)
     , (19397, 93, 1048);

INSERT INTO `ace_object_properties_bool` (`aceObjectId`, `boolPropertyId`, `propertyValue`)
VALUES (19397, 12, True)
     , (19397, 11, True)
     , (19397, 14, True);

INSERT INTO ace_weenie_class (`weenieClassId`, `weenieClassDescription`)
VALUES (19381, 'autumnmoongardenssign');

INSERT INTO `ace_object` (`aceObjectId`, `aceObjectDescriptionFlags`, `weenieClassId`, `weenieHeaderFlags`, `iconId`, `iconOverlayId`, `iconUnderlayId`, `modelTableId`, `soundTableId`, `motionTableId`, `currentMotionState`, `animationFrameId`, `physicsTableId`, `physicsDescriptionFlag`, `spellId`, `playScript`, `defaultScript`)
VALUES (19381, 2097176, 19381, 20, 100667499, NULL, NULL, 33557684, NULL, NULL, NULL, NULL, NULL, 32769, NULL, NULL, NULL);

INSERT INTO `ace_object_properties_string` (`aceObjectId`, `strPropertyId`, `propertyValue`)
VALUES (19381, 1, 'Autumn Moon Gardens');

INSERT INTO `ace_object_properties_int` (`aceObjectId`, `intPropertyId`, `propertyValue`)
VALUES (19381, 1, 128)
     , (19381, 5, 9000)
     , (19381, 16, 1)
     , (19381, 19, 125)
     , (19381, 93, 1048);

INSERT INTO `ace_object_properties_bool` (`aceObjectId`, `boolPropertyId`, `propertyValue`)
VALUES (19381, 12, True)
     , (19381, 11, True)
     , (19381, 14, True);

INSERT INTO ace_weenie_class (`weenieClassId`, `weenieClassDescription`)
VALUES (19382, 'endaragatesign');

INSERT INTO `ace_object` (`aceObjectId`, `aceObjectDescriptionFlags`, `weenieClassId`, `weenieHeaderFlags`, `iconId`, `iconOverlayId`, `iconUnderlayId`, `modelTableId`, `soundTableId`, `motionTableId`, `currentMotionState`, `animationFrameId`, `physicsTableId`, `physicsDescriptionFlag`, `spellId`, `playScript`, `defaultScript`)
VALUES (19382, 2097176, 19382, 20, 100667499, NULL, NULL, 33557687, NULL, NULL, NULL, NULL, NULL, 32769, NULL, NULL, NULL);

INSERT INTO `ace_object_properties_string` (`aceObjectId`, `strPropertyId`, `propertyValue`)
VALUES (19382, 1, 'Endara Gate');

INSERT INTO `ace_object_properties_int` (`aceObjectId`, `intPropertyId`, `propertyValue`)
VALUES (19382, 1, 128)
     , (19382, 5, 9000)
     , (19382, 16, 1)
     , (19382, 19, 125)
     , (19382, 93, 1048);

INSERT INTO `ace_object_properties_bool` (`aceObjectId`, `boolPropertyId`, `propertyValue`)
VALUES (19382, 12, True)
     , (19382, 11, True)
     , (19382, 14, True);

INSERT INTO ace_weenie_class (`weenieClassId`, `weenieClassDescription`)
VALUES (19383, 'forsythiangardenssign');

INSERT INTO `ace_object` (`aceObjectId`, `aceObjectDescriptionFlags`, `weenieClassId`, `weenieHeaderFlags`, `iconId`, `iconOverlayId`, `iconUnderlayId`, `modelTableId`, `soundTableId`, `motionTableId`, `currentMotionState`, `animationFrameId`, `physicsTableId`, `physicsDescriptionFlag`, `spellId`, `playScript`, `defaultScript`)
VALUES (19383, 2097176, 19383, 20, 100667499, NULL, NULL, 33557690, NULL, NULL, NULL, NULL, NULL, 32769, NULL, NULL, NULL);

INSERT INTO `ace_object_properties_string` (`aceObjectId`, `strPropertyId`, `propertyValue`)
VALUES (19383, 1, 'Forsythian Gardens');

INSERT INTO `ace_object_properties_int` (`aceObjectId`, `intPropertyId`, `propertyValue`)
VALUES (19383, 1, 128)
     , (19383, 5, 9000)
     , (19383, 16, 1)
     , (19383, 19, 125)
     , (19383, 93, 1048);

INSERT INTO `ace_object_properties_bool` (`aceObjectId`, `boolPropertyId`, `propertyValue`)
VALUES (19383, 12, True)
     , (19383, 11, True)
     , (19383, 14, True);

INSERT INTO ace_weenie_class (`weenieClassId`, `weenieClassDescription`)
VALUES (19393, 'syrahdwellingssign');

INSERT INTO `ace_object` (`aceObjectId`, `aceObjectDescriptionFlags`, `weenieClassId`, `weenieHeaderFlags`, `iconId`, `iconOverlayId`, `iconUnderlayId`, `modelTableId`, `soundTableId`, `motionTableId`, `currentMotionState`, `animationFrameId`, `physicsTableId`, `physicsDescriptionFlag`, `spellId`, `playScript`, `defaultScript`)
VALUES (19393, 2097176, 19393, 20, 100667499, NULL, NULL, 33557688, NULL, NULL, NULL, NULL, NULL, 32769, NULL, NULL, NULL);

INSERT INTO `ace_object_properties_string` (`aceObjectId`, `strPropertyId`, `propertyValue`)
VALUES (19393, 1, 'Syrah Dwellings');

INSERT INTO `ace_object_properties_int` (`aceObjectId`, `intPropertyId`, `propertyValue`)
VALUES (19393, 1, 128)
     , (19393, 5, 9000)
     , (19393, 16, 1)
     , (19393, 19, 125)
     , (19393, 93, 1048);

INSERT INTO `ace_object_properties_bool` (`aceObjectId`, `boolPropertyId`, `propertyValue`)
VALUES (19393, 12, True)
     , (19393, 11, True)
     , (19393, 14, True);

INSERT INTO ace_weenie_class (`weenieClassId`, `weenieClassDescription`)
VALUES (19392, 'soracgatesign');

INSERT INTO `ace_object` (`aceObjectId`, `aceObjectDescriptionFlags`, `weenieClassId`, `weenieHeaderFlags`, `iconId`, `iconOverlayId`, `iconUnderlayId`, `modelTableId`, `soundTableId`, `motionTableId`, `currentMotionState`, `animationFrameId`, `physicsTableId`, `physicsDescriptionFlag`, `spellId`, `playScript`, `defaultScript`)
VALUES (19392, 2097176, 19392, 20, 100667499, NULL, NULL, 33557692, NULL, NULL, NULL, NULL, NULL, 32769, NULL, NULL, NULL);

INSERT INTO `ace_object_properties_string` (`aceObjectId`, `strPropertyId`, `propertyValue`)
VALUES (19392, 1, 'Sorac Gate');

INSERT INTO `ace_object_properties_int` (`aceObjectId`, `intPropertyId`, `propertyValue`)
VALUES (19392, 1, 128)
     , (19392, 5, 9000)
     , (19392, 16, 1)
     , (19392, 19, 125)
     , (19392, 93, 1048);

INSERT INTO `ace_object_properties_bool` (`aceObjectId`, `boolPropertyId`, `propertyValue`)
VALUES (19392, 12, True)
     , (19392, 11, True)
     , (19392, 14, True);

INSERT INTO ace_weenie_class (`weenieClassId`, `weenieClassDescription`)
VALUES (19389, 'maruverandasign');

INSERT INTO `ace_object` (`aceObjectId`, `aceObjectDescriptionFlags`, `weenieClassId`, `weenieHeaderFlags`, `iconId`, `iconOverlayId`, `iconUnderlayId`, `modelTableId`, `soundTableId`, `motionTableId`, `currentMotionState`, `animationFrameId`, `physicsTableId`, `physicsDescriptionFlag`, `spellId`, `playScript`, `defaultScript`)
VALUES (19389, 2097176, 19389, 20, 100667499, NULL, NULL, 33557691, NULL, NULL, NULL, NULL, NULL, 32769, NULL, NULL, NULL);

INSERT INTO `ace_object_properties_string` (`aceObjectId`, `strPropertyId`, `propertyValue`)
VALUES (19389, 1, 'Maru Veranda');

INSERT INTO `ace_object_properties_int` (`aceObjectId`, `intPropertyId`, `propertyValue`)
VALUES (19389, 1, 128)
     , (19389, 5, 9000)
     , (19389, 16, 1)
     , (19389, 19, 125)
     , (19389, 93, 1048);

INSERT INTO `ace_object_properties_bool` (`aceObjectId`, `boolPropertyId`, `propertyValue`)
VALUES (19389, 12, True)
     , (19389, 11, True)
     , (19389, 14, True);

INSERT INTO ace_weenie_class (`weenieClassId`, `weenieClassDescription`)
VALUES (19394, 'trellyngardenssign');

INSERT INTO `ace_object` (`aceObjectId`, `aceObjectDescriptionFlags`, `weenieClassId`, `weenieHeaderFlags`, `iconId`, `iconOverlayId`, `iconUnderlayId`, `modelTableId`, `soundTableId`, `motionTableId`, `currentMotionState`, `animationFrameId`, `physicsTableId`, `physicsDescriptionFlag`, `spellId`, `playScript`, `defaultScript`)
VALUES (19394, 2097176, 19394, 20, 100667499, NULL, NULL, 33557686, NULL, NULL, NULL, NULL, NULL, 32769, NULL, NULL, NULL);

INSERT INTO `ace_object_properties_string` (`aceObjectId`, `strPropertyId`, `propertyValue`)
VALUES (19394, 1, 'Trellyn Gardens');

INSERT INTO `ace_object_properties_int` (`aceObjectId`, `intPropertyId`, `propertyValue`)
VALUES (19394, 1, 128)
     , (19394, 5, 9000)
     , (19394, 16, 1)
     , (19394, 19, 125)
     , (19394, 93, 1048);

INSERT INTO `ace_object_properties_bool` (`aceObjectId`, `boolPropertyId`, `propertyValue`)
VALUES (19394, 12, True)
     , (19394, 11, True)
     , (19394, 14, True);

INSERT INTO ace_weenie_class (`weenieClassId`, `weenieClassDescription`)
VALUES (24842, 'hollowminiontelumiatmist');

INSERT INTO `ace_object` (`aceObjectId`, `aceObjectDescriptionFlags`, `weenieClassId`, `weenieHeaderFlags`, `iconId`, `iconOverlayId`, `iconUnderlayId`, `modelTableId`, `soundTableId`, `motionTableId`, `currentMotionState`, `animationFrameId`, `physicsTableId`, `physicsDescriptionFlag`, `spellId`, `playScript`, `defaultScript`)
VALUES (24842, 270532632, 24842, 18, 100674488, NULL, NULL, 33555205, 536870932, NULL, NULL, 101, 872415275, 169985, NULL, NULL, NULL);

INSERT INTO `ace_object_properties_string` (`aceObjectId`, `strPropertyId`, `propertyValue`)
VALUES (24842, 1, 'Telumiat Hollow Minion Essence');

INSERT INTO `ace_object_properties_int` (`aceObjectId`, `intPropertyId`, `propertyValue`)
VALUES (24842, 1, 128)
     , (24842, 5, 10)
     , (24842, 151, 11)
     , (24842, 16, 1)
     , (24842, 19, 15)
     , (24842, 93, 1044);

INSERT INTO `ace_object_properties_bool` (`aceObjectId`, `boolPropertyId`, `propertyValue`)
VALUES (24842, 13, True)
     , (24842, 11, True)
     , (24842, 14, True);

INSERT INTO ace_weenie_class (`weenieClassId`, `weenieClassDescription`)
VALUES (22236, 'festivuscourtsign');

INSERT INTO `ace_object` (`aceObjectId`, `aceObjectDescriptionFlags`, `weenieClassId`, `weenieHeaderFlags`, `iconId`, `iconOverlayId`, `iconUnderlayId`, `modelTableId`, `soundTableId`, `motionTableId`, `currentMotionState`, `animationFrameId`, `physicsTableId`, `physicsDescriptionFlag`, `spellId`, `playScript`, `defaultScript`)
VALUES (22236, 2097176, 22236, 20, 100667499, NULL, NULL, 33558050, NULL, NULL, NULL, NULL, NULL, 32769, NULL, NULL, NULL);

INSERT INTO `ace_object_properties_string` (`aceObjectId`, `strPropertyId`, `propertyValue`)
VALUES (22236, 1, 'Festivus Court');

INSERT INTO `ace_object_properties_int` (`aceObjectId`, `intPropertyId`, `propertyValue`)
VALUES (22236, 1, 128)
     , (22236, 5, 9000)
     , (22236, 16, 1)
     , (22236, 19, 125)
     , (22236, 93, 1048);

INSERT INTO `ace_object_properties_bool` (`aceObjectId`, `boolPropertyId`, `propertyValue`)
VALUES (22236, 12, True)
     , (22236, 11, True)
     , (22236, 14, True);

INSERT INTO ace_weenie_class (`weenieClassId`, `weenieClassDescription`)
VALUES (22243, 'wilamilcourtsign');

INSERT INTO `ace_object` (`aceObjectId`, `aceObjectDescriptionFlags`, `weenieClassId`, `weenieHeaderFlags`, `iconId`, `iconOverlayId`, `iconUnderlayId`, `modelTableId`, `soundTableId`, `motionTableId`, `currentMotionState`, `animationFrameId`, `physicsTableId`, `physicsDescriptionFlag`, `spellId`, `playScript`, `defaultScript`)
VALUES (22243, 2097176, 22243, 20, 100667499, NULL, NULL, 33558057, NULL, NULL, NULL, NULL, NULL, 32769, NULL, NULL, NULL);

INSERT INTO `ace_object_properties_string` (`aceObjectId`, `strPropertyId`, `propertyValue`)
VALUES (22243, 1, 'Wilamil Court');

INSERT INTO `ace_object_properties_int` (`aceObjectId`, `intPropertyId`, `propertyValue`)
VALUES (22243, 1, 128)
     , (22243, 5, 9000)
     , (22243, 16, 1)
     , (22243, 19, 125)
     , (22243, 93, 1048);

INSERT INTO `ace_object_properties_bool` (`aceObjectId`, `boolPropertyId`, `propertyValue`)
VALUES (22243, 12, True)
     , (22243, 11, True)
     , (22243, 14, True);

INSERT INTO ace_weenie_class (`weenieClassId`, `weenieClassDescription`)
VALUES (22241, 'triumphalgardenssign');

INSERT INTO `ace_object` (`aceObjectId`, `aceObjectDescriptionFlags`, `weenieClassId`, `weenieHeaderFlags`, `iconId`, `iconOverlayId`, `iconUnderlayId`, `modelTableId`, `soundTableId`, `motionTableId`, `currentMotionState`, `animationFrameId`, `physicsTableId`, `physicsDescriptionFlag`, `spellId`, `playScript`, `defaultScript`)
VALUES (22241, 2097176, 22241, 20, 100667499, NULL, NULL, 33558055, NULL, NULL, NULL, NULL, NULL, 32769, NULL, NULL, NULL);

INSERT INTO `ace_object_properties_string` (`aceObjectId`, `strPropertyId`, `propertyValue`)
VALUES (22241, 1, 'Triumphal Gardens');

INSERT INTO `ace_object_properties_int` (`aceObjectId`, `intPropertyId`, `propertyValue`)
VALUES (22241, 1, 128)
     , (22241, 5, 9000)
     , (22241, 16, 1)
     , (22241, 19, 125)
     , (22241, 93, 1048);

INSERT INTO `ace_object_properties_bool` (`aceObjectId`, `boolPropertyId`, `propertyValue`)
VALUES (22241, 12, True)
     , (22241, 11, True)
     , (22241, 14, True);

INSERT INTO ace_weenie_class (`weenieClassId`, `weenieClassDescription`)
VALUES (22239, 'seteragardenssign');

INSERT INTO `ace_object` (`aceObjectId`, `aceObjectDescriptionFlags`, `weenieClassId`, `weenieHeaderFlags`, `iconId`, `iconOverlayId`, `iconUnderlayId`, `modelTableId`, `soundTableId`, `motionTableId`, `currentMotionState`, `animationFrameId`, `physicsTableId`, `physicsDescriptionFlag`, `spellId`, `playScript`, `defaultScript`)
VALUES (22239, 2097176, 22239, 20, 100667499, NULL, NULL, 33558062, NULL, NULL, NULL, NULL, NULL, 32769, NULL, NULL, NULL);

INSERT INTO `ace_object_properties_string` (`aceObjectId`, `strPropertyId`, `propertyValue`)
VALUES (22239, 1, 'Setera Gardens');

INSERT INTO `ace_object_properties_int` (`aceObjectId`, `intPropertyId`, `propertyValue`)
VALUES (22239, 1, 128)
     , (22239, 5, 9000)
     , (22239, 16, 1)
     , (22239, 19, 125)
     , (22239, 93, 1048);

INSERT INTO `ace_object_properties_bool` (`aceObjectId`, `boolPropertyId`, `propertyValue`)
VALUES (22239, 12, True)
     , (22239, 11, True)
     , (22239, 14, True);

INSERT INTO ace_weenie_class (`weenieClassId`, `weenieClassDescription`)
VALUES (22240, 'spiritgatesign');

INSERT INTO `ace_object` (`aceObjectId`, `aceObjectDescriptionFlags`, `weenieClassId`, `weenieHeaderFlags`, `iconId`, `iconOverlayId`, `iconUnderlayId`, `modelTableId`, `soundTableId`, `motionTableId`, `currentMotionState`, `animationFrameId`, `physicsTableId`, `physicsDescriptionFlag`, `spellId`, `playScript`, `defaultScript`)
VALUES (22240, 2097176, 22240, 20, 100667499, NULL, NULL, 33558054, NULL, NULL, NULL, NULL, NULL, 32769, NULL, NULL, NULL);

INSERT INTO `ace_object_properties_string` (`aceObjectId`, `strPropertyId`, `propertyValue`)
VALUES (22240, 1, 'Spirit Gate');

INSERT INTO `ace_object_properties_int` (`aceObjectId`, `intPropertyId`, `propertyValue`)
VALUES (22240, 1, 128)
     , (22240, 5, 9000)
     , (22240, 16, 1)
     , (22240, 19, 125)
     , (22240, 93, 1048);

INSERT INTO `ace_object_properties_bool` (`aceObjectId`, `boolPropertyId`, `propertyValue`)
VALUES (22240, 12, True)
     , (22240, 11, True)
     , (22240, 14, True);

INSERT INTO ace_weenie_class (`weenieClassId`, `weenieClassDescription`)
VALUES (22233, 'accordverandasign');

INSERT INTO `ace_object` (`aceObjectId`, `aceObjectDescriptionFlags`, `weenieClassId`, `weenieHeaderFlags`, `iconId`, `iconOverlayId`, `iconUnderlayId`, `modelTableId`, `soundTableId`, `motionTableId`, `currentMotionState`, `animationFrameId`, `physicsTableId`, `physicsDescriptionFlag`, `spellId`, `playScript`, `defaultScript`)
VALUES (22233, 2097176, 22233, 20, 100667499, NULL, NULL, 33558047, NULL, NULL, NULL, NULL, NULL, 32769, NULL, NULL, NULL);

INSERT INTO `ace_object_properties_string` (`aceObjectId`, `strPropertyId`, `propertyValue`)
VALUES (22233, 1, 'Accord Veranda');

INSERT INTO `ace_object_properties_int` (`aceObjectId`, `intPropertyId`, `propertyValue`)
VALUES (22233, 1, 128)
     , (22233, 5, 9000)
     , (22233, 16, 1)
     , (22233, 19, 125)
     , (22233, 93, 1048);

INSERT INTO `ace_object_properties_bool` (`aceObjectId`, `boolPropertyId`, `propertyValue`)
VALUES (22233, 12, True)
     , (22233, 11, True)
     , (22233, 14, True);

INSERT INTO ace_weenie_class (`weenieClassId`, `weenieClassDescription`)
VALUES (22235, 'celdisethcourtsign');

INSERT INTO `ace_object` (`aceObjectId`, `aceObjectDescriptionFlags`, `weenieClassId`, `weenieHeaderFlags`, `iconId`, `iconOverlayId`, `iconUnderlayId`, `modelTableId`, `soundTableId`, `motionTableId`, `currentMotionState`, `animationFrameId`, `physicsTableId`, `physicsDescriptionFlag`, `spellId`, `playScript`, `defaultScript`)
VALUES (22235, 2097176, 22235, 20, 100667499, NULL, NULL, 33558049, NULL, NULL, NULL, NULL, NULL, 32769, NULL, NULL, NULL);

INSERT INTO `ace_object_properties_string` (`aceObjectId`, `strPropertyId`, `propertyValue`)
VALUES (22235, 1, 'Celdiseth Court');

INSERT INTO `ace_object_properties_int` (`aceObjectId`, `intPropertyId`, `propertyValue`)
VALUES (22235, 1, 128)
     , (22235, 5, 9000)
     , (22235, 16, 1)
     , (22235, 19, 125)
     , (22235, 93, 1048);

INSERT INTO `ace_object_properties_bool` (`aceObjectId`, `boolPropertyId`, `propertyValue`)
VALUES (22235, 12, True)
     , (22235, 11, True)
     , (22235, 14, True);

INSERT INTO ace_weenie_class (`weenieClassId`, `weenieClassDescription`)
VALUES (22237, 'hibiscusgardenssign');

INSERT INTO `ace_object` (`aceObjectId`, `aceObjectDescriptionFlags`, `weenieClassId`, `weenieHeaderFlags`, `iconId`, `iconOverlayId`, `iconUnderlayId`, `modelTableId`, `soundTableId`, `motionTableId`, `currentMotionState`, `animationFrameId`, `physicsTableId`, `physicsDescriptionFlag`, `spellId`, `playScript`, `defaultScript`)
VALUES (22237, 2097176, 22237, 20, 100667499, NULL, NULL, 33558051, NULL, NULL, NULL, NULL, NULL, 32769, NULL, NULL, NULL);

INSERT INTO `ace_object_properties_string` (`aceObjectId`, `strPropertyId`, `propertyValue`)
VALUES (22237, 1, 'Hibiscus Gardens');

INSERT INTO `ace_object_properties_int` (`aceObjectId`, `intPropertyId`, `propertyValue`)
VALUES (22237, 1, 128)
     , (22237, 5, 9000)
     , (22237, 16, 1)
     , (22237, 19, 125)
     , (22237, 93, 1048);

INSERT INTO `ace_object_properties_bool` (`aceObjectId`, `boolPropertyId`, `propertyValue`)
VALUES (22237, 12, True)
     , (22237, 11, True)
     , (22237, 14, True);

INSERT INTO ace_weenie_class (`weenieClassId`, `weenieClassDescription`)
VALUES (22238, 'meditationgardenssign');

INSERT INTO `ace_object` (`aceObjectId`, `aceObjectDescriptionFlags`, `weenieClassId`, `weenieHeaderFlags`, `iconId`, `iconOverlayId`, `iconUnderlayId`, `modelTableId`, `soundTableId`, `motionTableId`, `currentMotionState`, `animationFrameId`, `physicsTableId`, `physicsDescriptionFlag`, `spellId`, `playScript`, `defaultScript`)
VALUES (22238, 2097176, 22238, 20, 100667499, NULL, NULL, 33558052, NULL, NULL, NULL, NULL, NULL, 32769, NULL, NULL, NULL);

INSERT INTO `ace_object_properties_string` (`aceObjectId`, `strPropertyId`, `propertyValue`)
VALUES (22238, 1, 'Meditation Gardens');

INSERT INTO `ace_object_properties_int` (`aceObjectId`, `intPropertyId`, `propertyValue`)
VALUES (22238, 1, 128)
     , (22238, 5, 9000)
     , (22238, 16, 1)
     , (22238, 19, 125)
     , (22238, 93, 1048);

INSERT INTO `ace_object_properties_bool` (`aceObjectId`, `boolPropertyId`, `propertyValue`)
VALUES (22238, 12, True)
     , (22238, 11, True)
     , (22238, 14, True);

INSERT INTO ace_weenie_class (`weenieClassId`, `weenieClassDescription`)
VALUES (8018, 'gateshendolain');

INSERT INTO `ace_object` (`aceObjectId`, `aceObjectDescriptionFlags`, `weenieClassId`, `weenieHeaderFlags`, `iconId`, `iconOverlayId`, `iconUnderlayId`, `modelTableId`, `soundTableId`, `motionTableId`, `currentMotionState`, `animationFrameId`, `physicsTableId`, `physicsDescriptionFlag`, `spellId`, `playScript`, `defaultScript`)
VALUES (8018, 2621496, 8018, 20, 100670964, NULL, NULL, 33556740, 536870932, NULL, NULL, NULL, 872415275, 38913, NULL, NULL, NULL);

INSERT INTO `ace_object_properties_string` (`aceObjectId`, `strPropertyId`, `propertyValue`)
VALUES (8018, 1, 'Shendolain Gate');

INSERT INTO `ace_object_properties_int` (`aceObjectId`, `intPropertyId`, `propertyValue`)
VALUES (8018, 1, 128)
     , (8018, 5, 6000)
     , (8018, 94, 128)
     , (8018, 16, 48)
     , (8018, 19, 200)
     , (8018, 93, 1048);

INSERT INTO `ace_object_properties_double` (`aceObjectId`, `dblPropertyId`, `propertyValue`)
VALUES (8018, 54, 2);

INSERT INTO `ace_object_properties_bool` (`aceObjectId`, `boolPropertyId`, `propertyValue`)
VALUES (8018, 12, True)
     , (8018, 11, True)
     , (8018, 14, True);

INSERT INTO ace_weenie_class (`weenieClassId`, `weenieClassDescription`)
VALUES (16903, 'treyvalverandasign');

INSERT INTO `ace_object` (`aceObjectId`, `aceObjectDescriptionFlags`, `weenieClassId`, `weenieHeaderFlags`, `iconId`, `iconOverlayId`, `iconUnderlayId`, `modelTableId`, `soundTableId`, `motionTableId`, `currentMotionState`, `animationFrameId`, `physicsTableId`, `physicsDescriptionFlag`, `spellId`, `playScript`, `defaultScript`)
VALUES (16903, 2097176, 16903, 20, 100672342, NULL, NULL, 33557658, NULL, NULL, NULL, NULL, NULL, 32769, NULL, NULL, NULL);

INSERT INTO `ace_object_properties_string` (`aceObjectId`, `strPropertyId`, `propertyValue`)
VALUES (16903, 1, 'Treyval Veranda');

INSERT INTO `ace_object_properties_int` (`aceObjectId`, `intPropertyId`, `propertyValue`)
VALUES (16903, 1, 128)
     , (16903, 5, 9000)
     , (16903, 16, 1)
     , (16903, 19, 125)
     , (16903, 93, 1048);

INSERT INTO `ace_object_properties_bool` (`aceObjectId`, `boolPropertyId`, `propertyValue`)
VALUES (16903, 12, True)
     , (16903, 11, True)
     , (16903, 14, True);

INSERT INTO ace_weenie_class (`weenieClassId`, `weenieClassDescription`)
VALUES (16893, 'alvancourtsign');

INSERT INTO `ace_object` (`aceObjectId`, `aceObjectDescriptionFlags`, `weenieClassId`, `weenieHeaderFlags`, `iconId`, `iconOverlayId`, `iconUnderlayId`, `modelTableId`, `soundTableId`, `motionTableId`, `currentMotionState`, `animationFrameId`, `physicsTableId`, `physicsDescriptionFlag`, `spellId`, `playScript`, `defaultScript`)
VALUES (16893, 2097176, 16893, 20, 100672342, NULL, NULL, 33557651, NULL, NULL, NULL, NULL, NULL, 32769, NULL, NULL, NULL);

INSERT INTO `ace_object_properties_string` (`aceObjectId`, `strPropertyId`, `propertyValue`)
VALUES (16893, 1, 'Alvan Court');

INSERT INTO `ace_object_properties_int` (`aceObjectId`, `intPropertyId`, `propertyValue`)
VALUES (16893, 1, 128)
     , (16893, 5, 9000)
     , (16893, 16, 1)
     , (16893, 19, 125)
     , (16893, 93, 1048);

INSERT INTO `ace_object_properties_bool` (`aceObjectId`, `boolPropertyId`, `propertyValue`)
VALUES (16893, 12, True)
     , (16893, 11, True)
     , (16893, 14, True);

INSERT INTO ace_weenie_class (`weenieClassId`, `weenieClassDescription`)
VALUES (16902, 'sylvandwellingssign');

INSERT INTO `ace_object` (`aceObjectId`, `aceObjectDescriptionFlags`, `weenieClassId`, `weenieHeaderFlags`, `iconId`, `iconOverlayId`, `iconUnderlayId`, `modelTableId`, `soundTableId`, `motionTableId`, `currentMotionState`, `animationFrameId`, `physicsTableId`, `physicsDescriptionFlag`, `spellId`, `playScript`, `defaultScript`)
VALUES (16902, 2097176, 16902, 20, 100672342, NULL, NULL, 33557659, NULL, NULL, NULL, NULL, NULL, 32769, NULL, NULL, NULL);

INSERT INTO `ace_object_properties_string` (`aceObjectId`, `strPropertyId`, `propertyValue`)
VALUES (16902, 1, 'SylvanDwellings');

INSERT INTO `ace_object_properties_int` (`aceObjectId`, `intPropertyId`, `propertyValue`)
VALUES (16902, 1, 128)
     , (16902, 5, 9000)
     , (16902, 16, 1)
     , (16902, 19, 125)
     , (16902, 93, 1048);

INSERT INTO `ace_object_properties_bool` (`aceObjectId`, `boolPropertyId`, `propertyValue`)
VALUES (16902, 12, True)
     , (16902, 11, True)
     , (16902, 14, True);

INSERT INTO ace_weenie_class (`weenieClassId`, `weenieClassDescription`)
VALUES (16894, 'caernadwellingssign');

INSERT INTO `ace_object` (`aceObjectId`, `aceObjectDescriptionFlags`, `weenieClassId`, `weenieHeaderFlags`, `iconId`, `iconOverlayId`, `iconUnderlayId`, `modelTableId`, `soundTableId`, `motionTableId`, `currentMotionState`, `animationFrameId`, `physicsTableId`, `physicsDescriptionFlag`, `spellId`, `playScript`, `defaultScript`)
VALUES (16894, 2097176, 16894, 20, 100672342, NULL, NULL, 33557649, NULL, NULL, NULL, NULL, NULL, 32769, NULL, NULL, NULL);

INSERT INTO `ace_object_properties_string` (`aceObjectId`, `strPropertyId`, `propertyValue`)
VALUES (16894, 1, 'Caerna Dwellings');

INSERT INTO `ace_object_properties_int` (`aceObjectId`, `intPropertyId`, `propertyValue`)
VALUES (16894, 1, 128)
     , (16894, 5, 9000)
     , (16894, 16, 1)
     , (16894, 19, 125)
     , (16894, 93, 1048);

INSERT INTO `ace_object_properties_bool` (`aceObjectId`, `boolPropertyId`, `propertyValue`)
VALUES (16894, 12, True)
     , (16894, 11, True)
     , (16894, 14, True);

INSERT INTO ace_weenie_class (`weenieClassId`, `weenieClassDescription`)
VALUES (16895, 'illsinverandasign');

INSERT INTO `ace_object` (`aceObjectId`, `aceObjectDescriptionFlags`, `weenieClassId`, `weenieHeaderFlags`, `iconId`, `iconOverlayId`, `iconUnderlayId`, `modelTableId`, `soundTableId`, `motionTableId`, `currentMotionState`, `animationFrameId`, `physicsTableId`, `physicsDescriptionFlag`, `spellId`, `playScript`, `defaultScript`)
VALUES (16895, 2097176, 16895, 20, 100672342, NULL, NULL, 33557650, NULL, NULL, NULL, NULL, NULL, 32769, NULL, NULL, NULL);

INSERT INTO `ace_object_properties_string` (`aceObjectId`, `strPropertyId`, `propertyValue`)
VALUES (16895, 1, 'Illsin Veranda');

INSERT INTO `ace_object_properties_int` (`aceObjectId`, `intPropertyId`, `propertyValue`)
VALUES (16895, 1, 128)
     , (16895, 5, 9000)
     , (16895, 16, 1)
     , (16895, 19, 125)
     , (16895, 93, 1048);

INSERT INTO `ace_object_properties_bool` (`aceObjectId`, `boolPropertyId`, `propertyValue`)
VALUES (16895, 12, True)
     , (16895, 11, True)
     , (16895, 14, True);

INSERT INTO ace_weenie_class (`weenieClassId`, `weenieClassDescription`)
VALUES (16896, 'marincourtsign');

INSERT INTO `ace_object` (`aceObjectId`, `aceObjectDescriptionFlags`, `weenieClassId`, `weenieHeaderFlags`, `iconId`, `iconOverlayId`, `iconUnderlayId`, `modelTableId`, `soundTableId`, `motionTableId`, `currentMotionState`, `animationFrameId`, `physicsTableId`, `physicsDescriptionFlag`, `spellId`, `playScript`, `defaultScript`)
VALUES (16896, 2097176, 16896, 20, 100672342, NULL, NULL, 33557652, NULL, NULL, NULL, NULL, NULL, 32769, NULL, NULL, NULL);

INSERT INTO `ace_object_properties_string` (`aceObjectId`, `strPropertyId`, `propertyValue`)
VALUES (16896, 1, 'Marin Court');

INSERT INTO `ace_object_properties_int` (`aceObjectId`, `intPropertyId`, `propertyValue`)
VALUES (16896, 1, 128)
     , (16896, 5, 9000)
     , (16896, 16, 1)
     , (16896, 19, 125)
     , (16896, 93, 1048);

INSERT INTO `ace_object_properties_bool` (`aceObjectId`, `boolPropertyId`, `propertyValue`)
VALUES (16896, 12, True)
     , (16896, 11, True)
     , (16896, 14, True);

INSERT INTO ace_weenie_class (`weenieClassId`, `weenieClassDescription`)
VALUES (16900, 'sigilverandasign');

INSERT INTO `ace_object` (`aceObjectId`, `aceObjectDescriptionFlags`, `weenieClassId`, `weenieHeaderFlags`, `iconId`, `iconOverlayId`, `iconUnderlayId`, `modelTableId`, `soundTableId`, `motionTableId`, `currentMotionState`, `animationFrameId`, `physicsTableId`, `physicsDescriptionFlag`, `spellId`, `playScript`, `defaultScript`)
VALUES (16900, 2097176, 16900, 20, 100672342, NULL, NULL, 33557657, NULL, NULL, NULL, NULL, NULL, 32769, NULL, NULL, NULL);

INSERT INTO `ace_object_properties_string` (`aceObjectId`, `strPropertyId`, `propertyValue`)
VALUES (16900, 1, 'Sigil Veranda');

INSERT INTO `ace_object_properties_int` (`aceObjectId`, `intPropertyId`, `propertyValue`)
VALUES (16900, 1, 128)
     , (16900, 5, 9000)
     , (16900, 16, 1)
     , (16900, 19, 125)
     , (16900, 93, 1048);

INSERT INTO `ace_object_properties_bool` (`aceObjectId`, `boolPropertyId`, `propertyValue`)
VALUES (16900, 12, True)
     , (16900, 11, True)
     , (16900, 14, True);

INSERT INTO ace_weenie_class (`weenieClassId`, `weenieClassDescription`)
VALUES (16899, 'senmaicourtsign');

INSERT INTO `ace_object` (`aceObjectId`, `aceObjectDescriptionFlags`, `weenieClassId`, `weenieHeaderFlags`, `iconId`, `iconOverlayId`, `iconUnderlayId`, `modelTableId`, `soundTableId`, `motionTableId`, `currentMotionState`, `animationFrameId`, `physicsTableId`, `physicsDescriptionFlag`, `spellId`, `playScript`, `defaultScript`)
VALUES (16899, 2097176, 16899, 20, 100672342, NULL, NULL, 33557653, NULL, NULL, NULL, NULL, NULL, 32769, NULL, NULL, NULL);

INSERT INTO `ace_object_properties_string` (`aceObjectId`, `strPropertyId`, `propertyValue`)
VALUES (16899, 1, 'Senmai Court');

INSERT INTO `ace_object_properties_int` (`aceObjectId`, `intPropertyId`, `propertyValue`)
VALUES (16899, 1, 128)
     , (16899, 5, 9000)
     , (16899, 16, 1)
     , (16899, 19, 125)
     , (16899, 93, 1048);

INSERT INTO `ace_object_properties_bool` (`aceObjectId`, `boolPropertyId`, `propertyValue`)
VALUES (16899, 12, True)
     , (16899, 11, True)
     , (16899, 14, True);

INSERT INTO ace_weenie_class (`weenieClassId`, `weenieClassDescription`)
VALUES (16901, 'sorveyacourtsign');

INSERT INTO `ace_object` (`aceObjectId`, `aceObjectDescriptionFlags`, `weenieClassId`, `weenieHeaderFlags`, `iconId`, `iconOverlayId`, `iconUnderlayId`, `modelTableId`, `soundTableId`, `motionTableId`, `currentMotionState`, `animationFrameId`, `physicsTableId`, `physicsDescriptionFlag`, `spellId`, `playScript`, `defaultScript`)
VALUES (16901, 2097176, 16901, 20, 100672342, NULL, NULL, 33557656, NULL, NULL, NULL, NULL, NULL, 32769, NULL, NULL, NULL);

INSERT INTO `ace_object_properties_string` (`aceObjectId`, `strPropertyId`, `propertyValue`)
VALUES (16901, 1, 'Sorveya Court');

INSERT INTO `ace_object_properties_int` (`aceObjectId`, `intPropertyId`, `propertyValue`)
VALUES (16901, 1, 128)
     , (16901, 5, 9000)
     , (16901, 16, 1)
     , (16901, 19, 125)
     , (16901, 93, 1048);

INSERT INTO `ace_object_properties_bool` (`aceObjectId`, `boolPropertyId`, `propertyValue`)
VALUES (16901, 12, True)
     , (16901, 11, True)
     , (16901, 14, True);

INSERT INTO ace_weenie_class (`weenieClassId`, `weenieClassDescription`)
VALUES (16897, 'ruadnarcourtsign');

INSERT INTO `ace_object` (`aceObjectId`, `aceObjectDescriptionFlags`, `weenieClassId`, `weenieHeaderFlags`, `iconId`, `iconOverlayId`, `iconUnderlayId`, `modelTableId`, `soundTableId`, `motionTableId`, `currentMotionState`, `animationFrameId`, `physicsTableId`, `physicsDescriptionFlag`, `spellId`, `playScript`, `defaultScript`)
VALUES (16897, 2097176, 16897, 20, 100672342, NULL, NULL, 33557655, NULL, NULL, NULL, NULL, NULL, 32769, NULL, NULL, NULL);

INSERT INTO `ace_object_properties_string` (`aceObjectId`, `strPropertyId`, `propertyValue`)
VALUES (16897, 1, 'Ruadnar Court');

INSERT INTO `ace_object_properties_int` (`aceObjectId`, `intPropertyId`, `propertyValue`)
VALUES (16897, 1, 128)
     , (16897, 5, 9000)
     , (16897, 16, 1)
     , (16897, 19, 125)
     , (16897, 93, 1048);

INSERT INTO `ace_object_properties_bool` (`aceObjectId`, `boolPropertyId`, `propertyValue`)
VALUES (16897, 12, True)
     , (16897, 11, True)
     , (16897, 14, True);

INSERT INTO ace_weenie_class (`weenieClassId`, `weenieClassDescription`)
VALUES (8017, 'gatefenmalain');

INSERT INTO `ace_object` (`aceObjectId`, `aceObjectDescriptionFlags`, `weenieClassId`, `weenieHeaderFlags`, `iconId`, `iconOverlayId`, `iconUnderlayId`, `modelTableId`, `soundTableId`, `motionTableId`, `currentMotionState`, `animationFrameId`, `physicsTableId`, `physicsDescriptionFlag`, `spellId`, `playScript`, `defaultScript`)
VALUES (8017, 2621496, 8017, 20, 100670964, NULL, NULL, 33556740, 536870932, NULL, NULL, NULL, 872415275, 38913, NULL, NULL, NULL);

INSERT INTO `ace_object_properties_string` (`aceObjectId`, `strPropertyId`, `propertyValue`)
VALUES (8017, 1, 'Fenmalain Gate');

INSERT INTO `ace_object_properties_int` (`aceObjectId`, `intPropertyId`, `propertyValue`)
VALUES (8017, 1, 128)
     , (8017, 5, 6000)
     , (8017, 94, 128)
     , (8017, 16, 48)
     , (8017, 19, 200)
     , (8017, 93, 1048);

INSERT INTO `ace_object_properties_double` (`aceObjectId`, `dblPropertyId`, `propertyValue`)
VALUES (8017, 54, 2);

INSERT INTO `ace_object_properties_bool` (`aceObjectId`, `boolPropertyId`, `propertyValue`)
VALUES (8017, 12, True)
     , (8017, 11, True)
     , (8017, 14, True);

INSERT INTO ace_weenie_class (`weenieClassId`, `weenieClassDescription`)
VALUES (30737, 'newyearsgiftyardballoon');

INSERT INTO `ace_object` (`aceObjectId`, `aceObjectDescriptionFlags`, `weenieClassId`, `weenieHeaderFlags`, `iconId`, `iconOverlayId`, `iconUnderlayId`, `modelTableId`, `soundTableId`, `motionTableId`, `currentMotionState`, `animationFrameId`, `physicsTableId`, `physicsDescriptionFlag`, `spellId`, `playScript`, `defaultScript`)
VALUES (30737, 270532616, 30737, 18, 100677404, NULL, NULL, 33559223, NULL, NULL, NULL, 101, NULL, 163841, NULL, NULL, NULL);

INSERT INTO `ace_object_properties_string` (`aceObjectId`, `strPropertyId`, `propertyValue`)
VALUES (30737, 1, 'Yard Balloons');

INSERT INTO `ace_object_properties_int` (`aceObjectId`, `intPropertyId`, `propertyValue`)
VALUES (30737, 1, 128)
     , (30737, 5, 5)
     , (30737, 151, 25)
     , (30737, 19, 1000)
     , (30737, 93, 1044);

INSERT INTO `ace_object_properties_bool` (`aceObjectId`, `boolPropertyId`, `propertyValue`)
VALUES (30737, 13, True)
     , (30737, 11, True)
     , (30737, 14, True);

INSERT INTO ace_weenie_class (`weenieClassId`, `weenieClassDescription`)
VALUES (14553, 'trunkhollow');

INSERT INTO `ace_object` (`aceObjectId`, `aceObjectDescriptionFlags`, `weenieClassId`, `weenieHeaderFlags`, `iconId`, `iconOverlayId`, `iconUnderlayId`, `modelTableId`, `soundTableId`, `motionTableId`, `currentMotionState`, `animationFrameId`, `physicsTableId`, `physicsDescriptionFlag`, `spellId`, `playScript`, `defaultScript`)
VALUES (14553, 2097168, 14553, 18, 100672529, NULL, NULL, 33557553, 536870932, NULL, NULL, 101, 872415275, 170113, NULL, NULL, NULL);

INSERT INTO `ace_object_properties_string` (`aceObjectId`, `strPropertyId`, `propertyValue`)
VALUES (14553, 1, 'Hollowed-Out Tree Trunk');

INSERT INTO `ace_object_properties_int` (`aceObjectId`, `intPropertyId`, `propertyValue`)
VALUES (14553, 1, 128)
     , (14553, 3, 67112776)
     , (14553, 5, 600)
     , (14553, 16, 1)
     , (14553, 93, 1044);

INSERT INTO `ace_object_properties_double` (`aceObjectId`, `dblPropertyId`, `propertyValue`)
VALUES (14553, 39, 1.5);

INSERT INTO `ace_object_properties_bool` (`aceObjectId`, `boolPropertyId`, `propertyValue`)
VALUES (14553, 13, True)
     , (14553, 11, True)
     , (14553, 14, True);

INSERT INTO `ace_object_palette_change` (`aceObjectId`, `subPaletteId`, `offset`, `length`)
VALUES (14553, 67113788, 0, 0);

INSERT INTO ace_weenie_class (`weenieClassId`, `weenieClassDescription`)
VALUES (21471, 'bentenlodgesign');

INSERT INTO `ace_object` (`aceObjectId`, `aceObjectDescriptionFlags`, `weenieClassId`, `weenieHeaderFlags`, `iconId`, `iconOverlayId`, `iconUnderlayId`, `modelTableId`, `soundTableId`, `motionTableId`, `currentMotionState`, `animationFrameId`, `physicsTableId`, `physicsDescriptionFlag`, `spellId`, `playScript`, `defaultScript`)
VALUES (21471, 2097176, 21471, 20, 100667499, NULL, NULL, 33557905, NULL, NULL, NULL, NULL, NULL, 32769, NULL, NULL, NULL);

INSERT INTO `ace_object_properties_string` (`aceObjectId`, `strPropertyId`, `propertyValue`)
VALUES (21471, 1, 'Ben Ten Lodge');

INSERT INTO `ace_object_properties_int` (`aceObjectId`, `intPropertyId`, `propertyValue`)
VALUES (21471, 1, 128)
     , (21471, 5, 9000)
     , (21471, 16, 1)
     , (21471, 19, 125)
     , (21471, 93, 1048);

INSERT INTO `ace_object_properties_bool` (`aceObjectId`, `boolPropertyId`, `propertyValue`)
VALUES (21471, 12, True)
     , (21471, 11, True)
     , (21471, 14, True);

INSERT INTO ace_weenie_class (`weenieClassId`, `weenieClassDescription`)
VALUES (21473, 'celcyndgrottosign');

INSERT INTO `ace_object` (`aceObjectId`, `aceObjectDescriptionFlags`, `weenieClassId`, `weenieHeaderFlags`, `iconId`, `iconOverlayId`, `iconUnderlayId`, `modelTableId`, `soundTableId`, `motionTableId`, `currentMotionState`, `animationFrameId`, `physicsTableId`, `physicsDescriptionFlag`, `spellId`, `playScript`, `defaultScript`)
VALUES (21473, 2097176, 21473, 20, 100667499, NULL, NULL, 33557899, NULL, NULL, NULL, NULL, NULL, 32769, NULL, NULL, NULL);

INSERT INTO `ace_object_properties_string` (`aceObjectId`, `strPropertyId`, `propertyValue`)
VALUES (21473, 1, 'Celcynd Grotto');

INSERT INTO `ace_object_properties_int` (`aceObjectId`, `intPropertyId`, `propertyValue`)
VALUES (21473, 1, 128)
     , (21473, 5, 9000)
     , (21473, 16, 1)
     , (21473, 19, 125)
     , (21473, 93, 1048);

INSERT INTO `ace_object_properties_bool` (`aceObjectId`, `boolPropertyId`, `propertyValue`)
VALUES (21473, 12, True)
     , (21473, 11, True)
     , (21473, 14, True);

INSERT INTO ace_weenie_class (`weenieClassId`, `weenieClassDescription`)
VALUES (21472, 'cedraiccourtsign');

INSERT INTO `ace_object` (`aceObjectId`, `aceObjectDescriptionFlags`, `weenieClassId`, `weenieHeaderFlags`, `iconId`, `iconOverlayId`, `iconUnderlayId`, `modelTableId`, `soundTableId`, `motionTableId`, `currentMotionState`, `animationFrameId`, `physicsTableId`, `physicsDescriptionFlag`, `spellId`, `playScript`, `defaultScript`)
VALUES (21472, 2097176, 21472, 20, 100667499, NULL, NULL, 33557902, NULL, NULL, NULL, NULL, NULL, 32769, NULL, NULL, NULL);

INSERT INTO `ace_object_properties_string` (`aceObjectId`, `strPropertyId`, `propertyValue`)
VALUES (21472, 1, 'Cedraic Court');

INSERT INTO `ace_object_properties_int` (`aceObjectId`, `intPropertyId`, `propertyValue`)
VALUES (21472, 1, 128)
     , (21472, 5, 9000)
     , (21472, 16, 1)
     , (21472, 19, 125)
     , (21472, 93, 1048);

INSERT INTO `ace_object_properties_bool` (`aceObjectId`, `boolPropertyId`, `propertyValue`)
VALUES (21472, 12, True)
     , (21472, 11, True)
     , (21472, 14, True);

INSERT INTO ace_weenie_class (`weenieClassId`, `weenieClassDescription`)
VALUES (21482, 'xaowugardenssign');

INSERT INTO `ace_object` (`aceObjectId`, `aceObjectDescriptionFlags`, `weenieClassId`, `weenieHeaderFlags`, `iconId`, `iconOverlayId`, `iconUnderlayId`, `modelTableId`, `soundTableId`, `motionTableId`, `currentMotionState`, `animationFrameId`, `physicsTableId`, `physicsDescriptionFlag`, `spellId`, `playScript`, `defaultScript`)
VALUES (21482, 2097176, 21482, 20, 100667499, NULL, NULL, 33557900, NULL, NULL, NULL, NULL, NULL, 32769, NULL, NULL, NULL);

INSERT INTO `ace_object_properties_string` (`aceObjectId`, `strPropertyId`, `propertyValue`)
VALUES (21482, 1, 'Xao Wu Gardens');

INSERT INTO `ace_object_properties_int` (`aceObjectId`, `intPropertyId`, `propertyValue`)
VALUES (21482, 1, 128)
     , (21482, 5, 9000)
     , (21482, 16, 1)
     , (21482, 19, 125)
     , (21482, 93, 1048);

INSERT INTO `ace_object_properties_bool` (`aceObjectId`, `boolPropertyId`, `propertyValue`)
VALUES (21482, 12, True)
     , (21482, 11, True)
     , (21482, 14, True);

INSERT INTO ace_weenie_class (`weenieClassId`, `weenieClassDescription`)
VALUES (21481, 'trothyrhollowsign');

INSERT INTO `ace_object` (`aceObjectId`, `aceObjectDescriptionFlags`, `weenieClassId`, `weenieHeaderFlags`, `iconId`, `iconOverlayId`, `iconUnderlayId`, `modelTableId`, `soundTableId`, `motionTableId`, `currentMotionState`, `animationFrameId`, `physicsTableId`, `physicsDescriptionFlag`, `spellId`, `playScript`, `defaultScript`)
VALUES (21481, 2097176, 21481, 20, 100667499, NULL, NULL, 33557898, NULL, NULL, NULL, NULL, NULL, 32769, NULL, NULL, NULL);

INSERT INTO `ace_object_properties_string` (`aceObjectId`, `strPropertyId`, `propertyValue`)
VALUES (21481, 1, 'Trothyr Hollow');

INSERT INTO `ace_object_properties_int` (`aceObjectId`, `intPropertyId`, `propertyValue`)
VALUES (21481, 1, 128)
     , (21481, 5, 9000)
     , (21481, 16, 1)
     , (21481, 19, 125)
     , (21481, 93, 1048);

INSERT INTO `ace_object_properties_bool` (`aceObjectId`, `boolPropertyId`, `propertyValue`)
VALUES (21481, 12, True)
     , (21481, 11, True)
     , (21481, 14, True);

INSERT INTO ace_weenie_class (`weenieClassId`, `weenieClassDescription`)
VALUES (21479, 'jojiigardenssign');

INSERT INTO `ace_object` (`aceObjectId`, `aceObjectDescriptionFlags`, `weenieClassId`, `weenieHeaderFlags`, `iconId`, `iconOverlayId`, `iconUnderlayId`, `modelTableId`, `soundTableId`, `motionTableId`, `currentMotionState`, `animationFrameId`, `physicsTableId`, `physicsDescriptionFlag`, `spellId`, `playScript`, `defaultScript`)
VALUES (21479, 2097176, 21479, 20, 100667499, NULL, NULL, 33557903, NULL, NULL, NULL, NULL, NULL, 32769, NULL, NULL, NULL);

INSERT INTO `ace_object_properties_string` (`aceObjectId`, `strPropertyId`, `propertyValue`)
VALUES (21479, 1, 'Jojii Gardens');

INSERT INTO `ace_object_properties_int` (`aceObjectId`, `intPropertyId`, `propertyValue`)
VALUES (21479, 1, 128)
     , (21479, 5, 9000)
     , (21479, 16, 1)
     , (21479, 19, 125)
     , (21479, 93, 1048);

INSERT INTO `ace_object_properties_bool` (`aceObjectId`, `boolPropertyId`, `propertyValue`)
VALUES (21479, 12, True)
     , (21479, 11, True)
     , (21479, 14, True);

INSERT INTO ace_weenie_class (`weenieClassId`, `weenieClassDescription`)
VALUES (21475, 'dulokcourtsign');

INSERT INTO `ace_object` (`aceObjectId`, `aceObjectDescriptionFlags`, `weenieClassId`, `weenieHeaderFlags`, `iconId`, `iconOverlayId`, `iconUnderlayId`, `modelTableId`, `soundTableId`, `motionTableId`, `currentMotionState`, `animationFrameId`, `physicsTableId`, `physicsDescriptionFlag`, `spellId`, `playScript`, `defaultScript`)
VALUES (21475, 2097176, 21475, 20, 100667499, NULL, NULL, 33557904, NULL, NULL, NULL, NULL, NULL, 32769, NULL, NULL, NULL);

INSERT INTO `ace_object_properties_string` (`aceObjectId`, `strPropertyId`, `propertyValue`)
VALUES (21475, 1, 'Dulok Court');

INSERT INTO `ace_object_properties_int` (`aceObjectId`, `intPropertyId`, `propertyValue`)
VALUES (21475, 1, 128)
     , (21475, 5, 9000)
     , (21475, 16, 1)
     , (21475, 19, 125)
     , (21475, 93, 1048);

INSERT INTO `ace_object_properties_bool` (`aceObjectId`, `boolPropertyId`, `propertyValue`)
VALUES (21475, 12, True)
     , (21475, 11, True)
     , (21475, 14, True);

INSERT INTO ace_weenie_class (`weenieClassId`, `weenieClassDescription`)
VALUES (21477, 'isparyardsign');

INSERT INTO `ace_object` (`aceObjectId`, `aceObjectDescriptionFlags`, `weenieClassId`, `weenieHeaderFlags`, `iconId`, `iconOverlayId`, `iconUnderlayId`, `modelTableId`, `soundTableId`, `motionTableId`, `currentMotionState`, `animationFrameId`, `physicsTableId`, `physicsDescriptionFlag`, `spellId`, `playScript`, `defaultScript`)
VALUES (21477, 2097176, 21477, 20, 100667499, NULL, NULL, 33557906, NULL, NULL, NULL, NULL, NULL, 32769, NULL, NULL, NULL);

INSERT INTO `ace_object_properties_string` (`aceObjectId`, `strPropertyId`, `propertyValue`)
VALUES (21477, 1, 'Ispar Yard');

INSERT INTO `ace_object_properties_int` (`aceObjectId`, `intPropertyId`, `propertyValue`)
VALUES (21477, 1, 128)
     , (21477, 5, 9000)
     , (21477, 16, 1)
     , (21477, 19, 125)
     , (21477, 93, 1048);

INSERT INTO `ace_object_properties_bool` (`aceObjectId`, `boolPropertyId`, `propertyValue`)
VALUES (21477, 12, True)
     , (21477, 11, True)
     , (21477, 14, True);

INSERT INTO ace_weenie_class (`weenieClassId`, `weenieClassDescription`)
VALUES (19387, 'ivorygatesign');

INSERT INTO `ace_object` (`aceObjectId`, `aceObjectDescriptionFlags`, `weenieClassId`, `weenieHeaderFlags`, `iconId`, `iconOverlayId`, `iconUnderlayId`, `modelTableId`, `soundTableId`, `motionTableId`, `currentMotionState`, `animationFrameId`, `physicsTableId`, `physicsDescriptionFlag`, `spellId`, `playScript`, `defaultScript`)
VALUES (19387, 2097176, 19387, 20, 100667499, NULL, NULL, 33557695, NULL, NULL, NULL, NULL, NULL, 32769, NULL, NULL, NULL);

INSERT INTO `ace_object_properties_string` (`aceObjectId`, `strPropertyId`, `propertyValue`)
VALUES (19387, 1, 'Ivory Gate');

INSERT INTO `ace_object_properties_int` (`aceObjectId`, `intPropertyId`, `propertyValue`)
VALUES (19387, 1, 128)
     , (19387, 5, 9000)
     , (19387, 16, 1)
     , (19387, 19, 125)
     , (19387, 93, 1048);

INSERT INTO `ace_object_properties_bool` (`aceObjectId`, `boolPropertyId`, `propertyValue`)
VALUES (19387, 12, True)
     , (19387, 11, True)
     , (19387, 14, True);

INSERT INTO ace_weenie_class (`weenieClassId`, `weenieClassDescription`)
VALUES (19399, 'winthurgatesign');

INSERT INTO `ace_object` (`aceObjectId`, `aceObjectDescriptionFlags`, `weenieClassId`, `weenieHeaderFlags`, `iconId`, `iconOverlayId`, `iconUnderlayId`, `modelTableId`, `soundTableId`, `motionTableId`, `currentMotionState`, `animationFrameId`, `physicsTableId`, `physicsDescriptionFlag`, `spellId`, `playScript`, `defaultScript`)
VALUES (19399, 2097176, 19399, 20, 100667499, NULL, NULL, 33557701, NULL, NULL, NULL, NULL, NULL, 32769, NULL, NULL, NULL);

INSERT INTO `ace_object_properties_string` (`aceObjectId`, `strPropertyId`, `propertyValue`)
VALUES (19399, 1, 'Winthur Gate');

INSERT INTO `ace_object_properties_int` (`aceObjectId`, `intPropertyId`, `propertyValue`)
VALUES (19399, 1, 128)
     , (19399, 5, 9000)
     , (19399, 16, 1)
     , (19399, 19, 125)
     , (19399, 93, 1048);

INSERT INTO `ace_object_properties_bool` (`aceObjectId`, `boolPropertyId`, `propertyValue`)
VALUES (19399, 12, True)
     , (19399, 11, True)
     , (19399, 14, True);

INSERT INTO ace_weenie_class (`weenieClassId`, `weenieClassDescription`)
VALUES (19379, 'alphuscourtsign');

INSERT INTO `ace_object` (`aceObjectId`, `aceObjectDescriptionFlags`, `weenieClassId`, `weenieHeaderFlags`, `iconId`, `iconOverlayId`, `iconUnderlayId`, `modelTableId`, `soundTableId`, `motionTableId`, `currentMotionState`, `animationFrameId`, `physicsTableId`, `physicsDescriptionFlag`, `spellId`, `playScript`, `defaultScript`)
VALUES (19379, 2097176, 19379, 20, 100667499, NULL, NULL, 33557694, NULL, NULL, NULL, NULL, NULL, 32769, NULL, NULL, NULL);

INSERT INTO `ace_object_properties_string` (`aceObjectId`, `strPropertyId`, `propertyValue`)
VALUES (19379, 1, 'Alphus Court');

INSERT INTO `ace_object_properties_int` (`aceObjectId`, `intPropertyId`, `propertyValue`)
VALUES (19379, 1, 128)
     , (19379, 5, 9000)
     , (19379, 16, 1)
     , (19379, 19, 125)
     , (19379, 93, 1048);

INSERT INTO `ace_object_properties_bool` (`aceObjectId`, `boolPropertyId`, `propertyValue`)
VALUES (19379, 12, True)
     , (19379, 11, True)
     , (19379, 14, True);

INSERT INTO ace_weenie_class (`weenieClassId`, `weenieClassDescription`)
VALUES (19396, 'vespergatesign');

INSERT INTO `ace_object` (`aceObjectId`, `aceObjectDescriptionFlags`, `weenieClassId`, `weenieHeaderFlags`, `iconId`, `iconOverlayId`, `iconUnderlayId`, `modelTableId`, `soundTableId`, `motionTableId`, `currentMotionState`, `animationFrameId`, `physicsTableId`, `physicsDescriptionFlag`, `spellId`, `playScript`, `defaultScript`)
VALUES (19396, 2097176, 19396, 20, 100667499, NULL, NULL, 33557698, NULL, NULL, NULL, NULL, NULL, 32769, NULL, NULL, NULL);

INSERT INTO `ace_object_properties_string` (`aceObjectId`, `strPropertyId`, `propertyValue`)
VALUES (19396, 1, 'Vesper Gate');

INSERT INTO `ace_object_properties_int` (`aceObjectId`, `intPropertyId`, `propertyValue`)
VALUES (19396, 1, 128)
     , (19396, 5, 9000)
     , (19396, 16, 1)
     , (19396, 19, 125)
     , (19396, 93, 1048);

INSERT INTO `ace_object_properties_bool` (`aceObjectId`, `boolPropertyId`, `propertyValue`)
VALUES (19396, 12, True)
     , (19396, 11, True)
     , (19396, 14, True);

INSERT INTO ace_weenie_class (`weenieClassId`, `weenieClassDescription`)
VALUES (19384, 'gagindwellingssign');

INSERT INTO `ace_object` (`aceObjectId`, `aceObjectDescriptionFlags`, `weenieClassId`, `weenieHeaderFlags`, `iconId`, `iconOverlayId`, `iconUnderlayId`, `modelTableId`, `soundTableId`, `motionTableId`, `currentMotionState`, `animationFrameId`, `physicsTableId`, `physicsDescriptionFlag`, `spellId`, `playScript`, `defaultScript`)
VALUES (19384, 2097176, 19384, 20, 100667499, NULL, NULL, 33557697, NULL, NULL, NULL, NULL, NULL, 32769, NULL, NULL, NULL);

INSERT INTO `ace_object_properties_string` (`aceObjectId`, `strPropertyId`, `propertyValue`)
VALUES (19384, 1, 'Gajin Dwellings');

INSERT INTO `ace_object_properties_int` (`aceObjectId`, `intPropertyId`, `propertyValue`)
VALUES (19384, 1, 128)
     , (19384, 5, 9000)
     , (19384, 16, 1)
     , (19384, 19, 125)
     , (19384, 93, 1048);

INSERT INTO `ace_object_properties_bool` (`aceObjectId`, `boolPropertyId`, `propertyValue`)
VALUES (19384, 12, True)
     , (19384, 11, True)
     , (19384, 14, True);

INSERT INTO ace_weenie_class (`weenieClassId`, `weenieClassDescription`)
VALUES (19386, 'heartlandyardsign');

INSERT INTO `ace_object` (`aceObjectId`, `aceObjectDescriptionFlags`, `weenieClassId`, `weenieHeaderFlags`, `iconId`, `iconOverlayId`, `iconUnderlayId`, `modelTableId`, `soundTableId`, `motionTableId`, `currentMotionState`, `animationFrameId`, `physicsTableId`, `physicsDescriptionFlag`, `spellId`, `playScript`, `defaultScript`)
VALUES (19386, 2097176, 19386, 20, 100667499, NULL, NULL, 33557696, NULL, NULL, NULL, NULL, NULL, 32769, NULL, NULL, NULL);

INSERT INTO `ace_object_properties_string` (`aceObjectId`, `strPropertyId`, `propertyValue`)
VALUES (19386, 1, 'Heartland Yard');

INSERT INTO `ace_object_properties_int` (`aceObjectId`, `intPropertyId`, `propertyValue`)
VALUES (19386, 1, 128)
     , (19386, 5, 9000)
     , (19386, 16, 1)
     , (19386, 19, 125)
     , (19386, 93, 1048);

INSERT INTO `ace_object_properties_bool` (`aceObjectId`, `boolPropertyId`, `propertyValue`)
VALUES (19386, 12, True)
     , (19386, 11, True)
     , (19386, 14, True);

INSERT INTO ace_weenie_class (`weenieClassId`, `weenieClassDescription`)
VALUES (19385, 'hasinagardenssign');

INSERT INTO `ace_object` (`aceObjectId`, `aceObjectDescriptionFlags`, `weenieClassId`, `weenieHeaderFlags`, `iconId`, `iconOverlayId`, `iconUnderlayId`, `modelTableId`, `soundTableId`, `motionTableId`, `currentMotionState`, `animationFrameId`, `physicsTableId`, `physicsDescriptionFlag`, `spellId`, `playScript`, `defaultScript`)
VALUES (19385, 2097176, 19385, 20, 100667499, NULL, NULL, 33557693, NULL, NULL, NULL, NULL, NULL, 32769, NULL, NULL, NULL);

INSERT INTO `ace_object_properties_string` (`aceObjectId`, `strPropertyId`, `propertyValue`)
VALUES (19385, 1, 'Hasina Gardens');

INSERT INTO `ace_object_properties_int` (`aceObjectId`, `intPropertyId`, `propertyValue`)
VALUES (19385, 1, 128)
     , (19385, 5, 9000)
     , (19385, 16, 1)
     , (19385, 19, 125)
     , (19385, 93, 1048);

INSERT INTO `ace_object_properties_bool` (`aceObjectId`, `boolPropertyId`, `propertyValue`)
VALUES (19385, 12, True)
     , (19385, 11, True)
     , (19385, 14, True);

INSERT INTO ace_weenie_class (`weenieClassId`, `weenieClassDescription`)
VALUES (19390, 'mellascourtsign');

INSERT INTO `ace_object` (`aceObjectId`, `aceObjectDescriptionFlags`, `weenieClassId`, `weenieHeaderFlags`, `iconId`, `iconOverlayId`, `iconUnderlayId`, `modelTableId`, `soundTableId`, `motionTableId`, `currentMotionState`, `animationFrameId`, `physicsTableId`, `physicsDescriptionFlag`, `spellId`, `playScript`, `defaultScript`)
VALUES (19390, 2097176, 19390, 20, 100667499, NULL, NULL, 33557699, NULL, NULL, NULL, NULL, NULL, 32769, NULL, NULL, NULL);

INSERT INTO `ace_object_properties_string` (`aceObjectId`, `strPropertyId`, `propertyValue`)
VALUES (19390, 1, 'Mellas Court');

INSERT INTO `ace_object_properties_int` (`aceObjectId`, `intPropertyId`, `propertyValue`)
VALUES (19390, 1, 128)
     , (19390, 5, 9000)
     , (19390, 16, 1)
     , (19390, 19, 125)
     , (19390, 93, 1048);

INSERT INTO `ace_object_properties_bool` (`aceObjectId`, `boolPropertyId`, `propertyValue`)
VALUES (19390, 12, True)
     , (19390, 11, True)
     , (19390, 14, True);

INSERT INTO ace_weenie_class (`weenieClassId`, `weenieClassDescription`)
VALUES (21474, 'crescentmoonverandasign');

INSERT INTO `ace_object` (`aceObjectId`, `aceObjectDescriptionFlags`, `weenieClassId`, `weenieHeaderFlags`, `iconId`, `iconOverlayId`, `iconUnderlayId`, `modelTableId`, `soundTableId`, `motionTableId`, `currentMotionState`, `animationFrameId`, `physicsTableId`, `physicsDescriptionFlag`, `spellId`, `playScript`, `defaultScript`)
VALUES (21474, 2097176, 21474, 20, 100667499, NULL, NULL, 33557897, NULL, NULL, NULL, NULL, NULL, 32769, NULL, NULL, NULL);

INSERT INTO `ace_object_properties_string` (`aceObjectId`, `strPropertyId`, `propertyValue`)
VALUES (21474, 1, 'Crescent Moon Veranda');

INSERT INTO `ace_object_properties_int` (`aceObjectId`, `intPropertyId`, `propertyValue`)
VALUES (21474, 1, 128)
     , (21474, 5, 9000)
     , (21474, 16, 1)
     , (21474, 19, 125)
     , (21474, 93, 1048);

INSERT INTO `ace_object_properties_bool` (`aceObjectId`, `boolPropertyId`, `propertyValue`)
VALUES (21474, 12, True)
     , (21474, 11, True)
     , (21474, 14, True);

INSERT INTO ace_weenie_class (`weenieClassId`, `weenieClassDescription`)
VALUES (8016, 'gatecaulnalain');

INSERT INTO `ace_object` (`aceObjectId`, `aceObjectDescriptionFlags`, `weenieClassId`, `weenieHeaderFlags`, `iconId`, `iconOverlayId`, `iconUnderlayId`, `modelTableId`, `soundTableId`, `motionTableId`, `currentMotionState`, `animationFrameId`, `physicsTableId`, `physicsDescriptionFlag`, `spellId`, `playScript`, `defaultScript`)
VALUES (8016, 2621496, 8016, 20, 100670964, NULL, NULL, 33556740, 536870932, NULL, NULL, NULL, 872415275, 38913, NULL, NULL, NULL);

INSERT INTO `ace_object_properties_string` (`aceObjectId`, `strPropertyId`, `propertyValue`)
VALUES (8016, 1, 'Caulnalain Gate');

INSERT INTO `ace_object_properties_int` (`aceObjectId`, `intPropertyId`, `propertyValue`)
VALUES (8016, 1, 128)
     , (8016, 5, 6000)
     , (8016, 94, 128)
     , (8016, 16, 48)
     , (8016, 19, 200)
     , (8016, 93, 1048);

INSERT INTO `ace_object_properties_double` (`aceObjectId`, `dblPropertyId`, `propertyValue`)
VALUES (8016, 54, 2);

INSERT INTO `ace_object_properties_bool` (`aceObjectId`, `boolPropertyId`, `propertyValue`)
VALUES (8016, 12, True)
     , (8016, 11, True)
     , (8016, 14, True);

