INSERT INTO ace_weenie_class (`weenieClassId`, `weenieClassDescription`)
VALUES (637, 'blacksmithsign');

INSERT INTO `ace_object` (`aceObjectId`, `aceObjectDescriptionFlags`, `weenieClassId`, `weenieHeaderFlags`, `iconId`, `iconOverlayId`, `iconUnderlayId`, `modelTableId`, `soundTableId`, `motionTableId`, `currentMotionState`, `animationFrameId`, `physicsTableId`, `physicsDescriptionFlag`, `spellId`, `playScript`, `defaultScript`)
VALUES (637, 2097176, 637, 20, 100668115, NULL, NULL, 33555088, NULL, NULL, NULL, 101, NULL, 163841, NULL, NULL, NULL);

INSERT INTO `ace_object_properties_string` (`aceObjectId`, `strPropertyId`, `propertyValue`)
VALUES (637, 1, 'Blacksmith ');

INSERT INTO `ace_object_properties_int` (`aceObjectId`, `intPropertyId`, `propertyValue`)
VALUES (637, 1, 128);

INSERT INTO `ace_object_properties_int` (`aceObjectId`, `intPropertyId`, `propertyValue`)
VALUES (637, 5, 9000);

INSERT INTO `ace_object_properties_int` (`aceObjectId`, `intPropertyId`, `propertyValue`)
VALUES (637, 16, 1);

INSERT INTO `ace_object_properties_int` (`aceObjectId`, `intPropertyId`, `propertyValue`)
VALUES (637, 19, 125);

INSERT INTO `ace_object_properties_int` (`aceObjectId`, `intPropertyId`, `propertyValue`)
VALUES (637, 93, 1048);

INSERT INTO `ace_object_texture_map_change` (`aceObjectId`, `index`, `oldId`, `newId`)
VALUES (637, 0, 83891055, 83889904);

INSERT INTO `ace_object_animation_change` (`aceObjectId`, `index`, `animationId`)
VALUES (637, 0, 16780409);

INSERT INTO ace_weenie_class (`weenieClassId`, `weenieClassDescription`)
VALUES (643, 'easthamfoodbookssign');

INSERT INTO `ace_object` (`aceObjectId`, `aceObjectDescriptionFlags`, `weenieClassId`, `weenieHeaderFlags`, `iconId`, `iconOverlayId`, `iconUnderlayId`, `modelTableId`, `soundTableId`, `motionTableId`, `currentMotionState`, `animationFrameId`, `physicsTableId`, `physicsDescriptionFlag`, `spellId`, `playScript`, `defaultScript`)
VALUES (643, 2097176, 643, 20, 100668115, NULL, NULL, 33555088, NULL, NULL, NULL, 101, NULL, 163841, NULL, NULL, NULL);

INSERT INTO `ace_object_properties_string` (`aceObjectId`, `strPropertyId`, `propertyValue`)
VALUES (643, 1, 'Food, Garments, Books ');

INSERT INTO `ace_object_properties_int` (`aceObjectId`, `intPropertyId`, `propertyValue`)
VALUES (643, 1, 128);

INSERT INTO `ace_object_properties_int` (`aceObjectId`, `intPropertyId`, `propertyValue`)
VALUES (643, 5, 9000);

INSERT INTO `ace_object_properties_int` (`aceObjectId`, `intPropertyId`, `propertyValue`)
VALUES (643, 16, 1);

INSERT INTO `ace_object_properties_int` (`aceObjectId`, `intPropertyId`, `propertyValue`)
VALUES (643, 19, 125);

INSERT INTO `ace_object_properties_int` (`aceObjectId`, `intPropertyId`, `propertyValue`)
VALUES (643, 93, 1048);

INSERT INTO `ace_object_texture_map_change` (`aceObjectId`, `index`, `oldId`, `newId`)
VALUES (643, 0, 83891055, 83889906);

INSERT INTO `ace_object_animation_change` (`aceObjectId`, `index`, `animationId`)
VALUES (643, 0, 16780409);

INSERT INTO ace_weenie_class (`weenieClassId`, `weenieClassDescription`)
VALUES (639, 'easthamchirurgeonsign');

INSERT INTO `ace_object` (`aceObjectId`, `aceObjectDescriptionFlags`, `weenieClassId`, `weenieHeaderFlags`, `iconId`, `iconOverlayId`, `iconUnderlayId`, `modelTableId`, `soundTableId`, `motionTableId`, `currentMotionState`, `animationFrameId`, `physicsTableId`, `physicsDescriptionFlag`, `spellId`, `playScript`, `defaultScript`)
VALUES (639, 2097176, 639, 20, 100668115, NULL, NULL, 33555088, NULL, NULL, NULL, 101, NULL, 163841, NULL, NULL, NULL);

INSERT INTO `ace_object_properties_string` (`aceObjectId`, `strPropertyId`, `propertyValue`)
VALUES (639, 1, 'Chirurgeon');

INSERT INTO `ace_object_properties_int` (`aceObjectId`, `intPropertyId`, `propertyValue`)
VALUES (639, 1, 128);

INSERT INTO `ace_object_properties_int` (`aceObjectId`, `intPropertyId`, `propertyValue`)
VALUES (639, 5, 9000);

INSERT INTO `ace_object_properties_int` (`aceObjectId`, `intPropertyId`, `propertyValue`)
VALUES (639, 16, 1);

INSERT INTO `ace_object_properties_int` (`aceObjectId`, `intPropertyId`, `propertyValue`)
VALUES (639, 19, 125);

INSERT INTO `ace_object_properties_int` (`aceObjectId`, `intPropertyId`, `propertyValue`)
VALUES (639, 93, 1048);

INSERT INTO `ace_object_texture_map_change` (`aceObjectId`, `index`, `oldId`, `newId`)
VALUES (639, 0, 83891055, 83889901);

INSERT INTO `ace_object_animation_change` (`aceObjectId`, `index`, `animationId`)
VALUES (639, 0, 16780409);

INSERT INTO ace_weenie_class (`weenieClassId`, `weenieClassDescription`)
VALUES (641, 'easthamprovisionersign');

INSERT INTO `ace_object` (`aceObjectId`, `aceObjectDescriptionFlags`, `weenieClassId`, `weenieHeaderFlags`, `iconId`, `iconOverlayId`, `iconUnderlayId`, `modelTableId`, `soundTableId`, `motionTableId`, `currentMotionState`, `animationFrameId`, `physicsTableId`, `physicsDescriptionFlag`, `spellId`, `playScript`, `defaultScript`)
VALUES (641, 2097176, 641, 20, 100668115, NULL, NULL, 33555088, NULL, NULL, NULL, 101, NULL, 163841, NULL, NULL, NULL);

INSERT INTO `ace_object_properties_string` (`aceObjectId`, `strPropertyId`, `propertyValue`)
VALUES (641, 1, 'Provisioner');

INSERT INTO `ace_object_properties_int` (`aceObjectId`, `intPropertyId`, `propertyValue`)
VALUES (641, 1, 128);

INSERT INTO `ace_object_properties_int` (`aceObjectId`, `intPropertyId`, `propertyValue`)
VALUES (641, 5, 9000);

INSERT INTO `ace_object_properties_int` (`aceObjectId`, `intPropertyId`, `propertyValue`)
VALUES (641, 16, 1);

INSERT INTO `ace_object_properties_int` (`aceObjectId`, `intPropertyId`, `propertyValue`)
VALUES (641, 19, 125);

INSERT INTO `ace_object_properties_int` (`aceObjectId`, `intPropertyId`, `propertyValue`)
VALUES (641, 93, 1048);

INSERT INTO `ace_object_texture_map_change` (`aceObjectId`, `index`, `oldId`, `newId`)
VALUES (641, 0, 83891055, 83889906);

INSERT INTO `ace_object_animation_change` (`aceObjectId`, `index`, `animationId`)
VALUES (641, 0, 16780409);

INSERT INTO ace_weenie_class (`weenieClassId`, `weenieClassDescription`)
VALUES (640, 'easthamlapidarysign');

INSERT INTO `ace_object` (`aceObjectId`, `aceObjectDescriptionFlags`, `weenieClassId`, `weenieHeaderFlags`, `iconId`, `iconOverlayId`, `iconUnderlayId`, `modelTableId`, `soundTableId`, `motionTableId`, `currentMotionState`, `animationFrameId`, `physicsTableId`, `physicsDescriptionFlag`, `spellId`, `playScript`, `defaultScript`)
VALUES (640, 2097176, 640, 20, 100668115, NULL, NULL, 33555088, NULL, NULL, NULL, 101, NULL, 163841, NULL, NULL, NULL);

INSERT INTO `ace_object_properties_string` (`aceObjectId`, `strPropertyId`, `propertyValue`)
VALUES (640, 1, 'Lapidary ');

INSERT INTO `ace_object_properties_int` (`aceObjectId`, `intPropertyId`, `propertyValue`)
VALUES (640, 1, 128);

INSERT INTO `ace_object_properties_int` (`aceObjectId`, `intPropertyId`, `propertyValue`)
VALUES (640, 5, 9000);

INSERT INTO `ace_object_properties_int` (`aceObjectId`, `intPropertyId`, `propertyValue`)
VALUES (640, 16, 1);

INSERT INTO `ace_object_properties_int` (`aceObjectId`, `intPropertyId`, `propertyValue`)
VALUES (640, 19, 125);

INSERT INTO `ace_object_properties_int` (`aceObjectId`, `intPropertyId`, `propertyValue`)
VALUES (640, 93, 1048);

INSERT INTO `ace_object_texture_map_change` (`aceObjectId`, `index`, `oldId`, `newId`)
VALUES (640, 0, 83891055, 83889909);

INSERT INTO `ace_object_animation_change` (`aceObjectId`, `index`, `animationId`)
VALUES (640, 0, 16780409);

INSERT INTO ace_weenie_class (`weenieClassId`, `weenieClassDescription`)
VALUES (642, 'easthamtavernsign');

INSERT INTO `ace_object` (`aceObjectId`, `aceObjectDescriptionFlags`, `weenieClassId`, `weenieHeaderFlags`, `iconId`, `iconOverlayId`, `iconUnderlayId`, `modelTableId`, `soundTableId`, `motionTableId`, `currentMotionState`, `animationFrameId`, `physicsTableId`, `physicsDescriptionFlag`, `spellId`, `playScript`, `defaultScript`)
VALUES (642, 2097176, 642, 20, 100668115, NULL, NULL, 33555088, NULL, NULL, NULL, 101, NULL, 163841, NULL, NULL, NULL);

INSERT INTO `ace_object_properties_string` (`aceObjectId`, `strPropertyId`, `propertyValue`)
VALUES (642, 1, 'The Leaping Stallion');

INSERT INTO `ace_object_properties_int` (`aceObjectId`, `intPropertyId`, `propertyValue`)
VALUES (642, 1, 128);

INSERT INTO `ace_object_properties_int` (`aceObjectId`, `intPropertyId`, `propertyValue`)
VALUES (642, 5, 9000);

INSERT INTO `ace_object_properties_int` (`aceObjectId`, `intPropertyId`, `propertyValue`)
VALUES (642, 16, 1);

INSERT INTO `ace_object_properties_int` (`aceObjectId`, `intPropertyId`, `propertyValue`)
VALUES (642, 19, 125);

INSERT INTO `ace_object_properties_int` (`aceObjectId`, `intPropertyId`, `propertyValue`)
VALUES (642, 93, 1048);

INSERT INTO `ace_object_texture_map_change` (`aceObjectId`, `index`, `oldId`, `newId`)
VALUES (642, 0, 83891055, 83889908);

INSERT INTO `ace_object_animation_change` (`aceObjectId`, `index`, `animationId`)
VALUES (642, 0, 16780409);

INSERT INTO ace_weenie_class (`weenieClassId`, `weenieClassDescription`)
VALUES (638, 'bowyersign');

INSERT INTO `ace_object` (`aceObjectId`, `aceObjectDescriptionFlags`, `weenieClassId`, `weenieHeaderFlags`, `iconId`, `iconOverlayId`, `iconUnderlayId`, `modelTableId`, `soundTableId`, `motionTableId`, `currentMotionState`, `animationFrameId`, `physicsTableId`, `physicsDescriptionFlag`, `spellId`, `playScript`, `defaultScript`)
VALUES (638, 2097176, 638, 20, 100668115, NULL, NULL, 33555088, NULL, NULL, NULL, 101, NULL, 163841, NULL, NULL, NULL);

INSERT INTO `ace_object_properties_string` (`aceObjectId`, `strPropertyId`, `propertyValue`)
VALUES (638, 1, 'Bowyer ');

INSERT INTO `ace_object_properties_int` (`aceObjectId`, `intPropertyId`, `propertyValue`)
VALUES (638, 1, 128);

INSERT INTO `ace_object_properties_int` (`aceObjectId`, `intPropertyId`, `propertyValue`)
VALUES (638, 5, 9000);

INSERT INTO `ace_object_properties_int` (`aceObjectId`, `intPropertyId`, `propertyValue`)
VALUES (638, 16, 1);

INSERT INTO `ace_object_properties_int` (`aceObjectId`, `intPropertyId`, `propertyValue`)
VALUES (638, 19, 125);

INSERT INTO `ace_object_properties_int` (`aceObjectId`, `intPropertyId`, `propertyValue`)
VALUES (638, 93, 1048);

INSERT INTO `ace_object_texture_map_change` (`aceObjectId`, `index`, `oldId`, `newId`)
VALUES (638, 0, 83891055, 83889907);

INSERT INTO `ace_object_animation_change` (`aceObjectId`, `index`, `animationId`)
VALUES (638, 0, 16780409);

INSERT INTO ace_weenie_class (`weenieClassId`, `weenieClassDescription`)
VALUES (4513, 'nantogrocerysign');

INSERT INTO `ace_object` (`aceObjectId`, `aceObjectDescriptionFlags`, `weenieClassId`, `weenieHeaderFlags`, `iconId`, `iconOverlayId`, `iconUnderlayId`, `modelTableId`, `soundTableId`, `motionTableId`, `currentMotionState`, `animationFrameId`, `physicsTableId`, `physicsDescriptionFlag`, `spellId`, `playScript`, `defaultScript`)
VALUES (4513, 2097176, 4513, 20, 100668115, NULL, NULL, 33555594, NULL, NULL, NULL, NULL, NULL, 32769, NULL, NULL, NULL);

INSERT INTO `ace_object_properties_string` (`aceObjectId`, `strPropertyId`, `propertyValue`)
VALUES (4513, 1, 'The Full Net');

INSERT INTO `ace_object_properties_int` (`aceObjectId`, `intPropertyId`, `propertyValue`)
VALUES (4513, 1, 128);

INSERT INTO `ace_object_properties_int` (`aceObjectId`, `intPropertyId`, `propertyValue`)
VALUES (4513, 5, 9000);

INSERT INTO `ace_object_properties_int` (`aceObjectId`, `intPropertyId`, `propertyValue`)
VALUES (4513, 16, 1);

INSERT INTO `ace_object_properties_int` (`aceObjectId`, `intPropertyId`, `propertyValue`)
VALUES (4513, 19, 125);

INSERT INTO `ace_object_properties_int` (`aceObjectId`, `intPropertyId`, `propertyValue`)
VALUES (4513, 93, 66584);

INSERT INTO `ace_object_texture_map_change` (`aceObjectId`, `index`, `oldId`, `newId`)
VALUES (4513, 0, 83891180, 83891182);

INSERT INTO `ace_object_animation_change` (`aceObjectId`, `index`, `animationId`)
VALUES (4513, 0, 16782236);

INSERT INTO ace_weenie_class (`weenieClassId`, `weenieClassDescription`)
VALUES (4512, 'nantobowyersign');

INSERT INTO `ace_object` (`aceObjectId`, `aceObjectDescriptionFlags`, `weenieClassId`, `weenieHeaderFlags`, `iconId`, `iconOverlayId`, `iconUnderlayId`, `modelTableId`, `soundTableId`, `motionTableId`, `currentMotionState`, `animationFrameId`, `physicsTableId`, `physicsDescriptionFlag`, `spellId`, `playScript`, `defaultScript`)
VALUES (4512, 2097176, 4512, 20, 100668115, NULL, NULL, 33555594, NULL, NULL, NULL, NULL, NULL, 32769, NULL, NULL, NULL);

INSERT INTO `ace_object_properties_string` (`aceObjectId`, `strPropertyId`, `propertyValue`)
VALUES (4512, 1, 'Southern Town Bows');

INSERT INTO `ace_object_properties_int` (`aceObjectId`, `intPropertyId`, `propertyValue`)
VALUES (4512, 1, 128);

INSERT INTO `ace_object_properties_int` (`aceObjectId`, `intPropertyId`, `propertyValue`)
VALUES (4512, 5, 9000);

INSERT INTO `ace_object_properties_int` (`aceObjectId`, `intPropertyId`, `propertyValue`)
VALUES (4512, 16, 1);

INSERT INTO `ace_object_properties_int` (`aceObjectId`, `intPropertyId`, `propertyValue`)
VALUES (4512, 19, 125);

INSERT INTO `ace_object_properties_int` (`aceObjectId`, `intPropertyId`, `propertyValue`)
VALUES (4512, 93, 66584);

INSERT INTO `ace_object_texture_map_change` (`aceObjectId`, `index`, `oldId`, `newId`)
VALUES (4512, 0, 83891180, 83891181);

INSERT INTO `ace_object_animation_change` (`aceObjectId`, `index`, `animationId`)
VALUES (4512, 0, 16782236);

INSERT INTO ace_weenie_class (`weenieClassId`, `weenieClassDescription`)
VALUES (4511, 'nantoblacksmithsign');

INSERT INTO `ace_object` (`aceObjectId`, `aceObjectDescriptionFlags`, `weenieClassId`, `weenieHeaderFlags`, `iconId`, `iconOverlayId`, `iconUnderlayId`, `modelTableId`, `soundTableId`, `motionTableId`, `currentMotionState`, `animationFrameId`, `physicsTableId`, `physicsDescriptionFlag`, `spellId`, `playScript`, `defaultScript`)
VALUES (4511, 2097176, 4511, 20, 100668115, NULL, NULL, 33555594, NULL, NULL, NULL, NULL, NULL, 32773, NULL, NULL, NULL);

INSERT INTO `ace_object_properties_string` (`aceObjectId`, `strPropertyId`, `propertyValue`)
VALUES (4511, 1, 'Ton Wing''s Smithy');

INSERT INTO `ace_object_properties_int` (`aceObjectId`, `intPropertyId`, `propertyValue`)
VALUES (4511, 1, 128);

INSERT INTO `ace_object_properties_int` (`aceObjectId`, `intPropertyId`, `propertyValue`)
VALUES (4511, 5, 9000);

INSERT INTO `ace_object_properties_int` (`aceObjectId`, `intPropertyId`, `propertyValue`)
VALUES (4511, 16, 1);

INSERT INTO `ace_object_properties_int` (`aceObjectId`, `intPropertyId`, `propertyValue`)
VALUES (4511, 19, 125);

INSERT INTO `ace_object_properties_int` (`aceObjectId`, `intPropertyId`, `propertyValue`)
VALUES (4511, 93, 66584);

INSERT INTO `ace_object_texture_map_change` (`aceObjectId`, `index`, `oldId`, `newId`)
VALUES (4511, 0, 83891180, 83891178);

INSERT INTO `ace_object_animation_change` (`aceObjectId`, `index`, `animationId`)
VALUES (4511, 0, 16782236);

INSERT INTO ace_weenie_class (`weenieClassId`, `weenieClassDescription`)
VALUES (4516, 'nantojewelersign');

INSERT INTO `ace_object` (`aceObjectId`, `aceObjectDescriptionFlags`, `weenieClassId`, `weenieHeaderFlags`, `iconId`, `iconOverlayId`, `iconUnderlayId`, `modelTableId`, `soundTableId`, `motionTableId`, `currentMotionState`, `animationFrameId`, `physicsTableId`, `physicsDescriptionFlag`, `spellId`, `playScript`, `defaultScript`)
VALUES (4516, 2097176, 4516, 20, 100668115, NULL, NULL, 33555594, NULL, NULL, NULL, NULL, NULL, 32769, NULL, NULL, NULL);

INSERT INTO `ace_object_properties_string` (`aceObjectId`, `strPropertyId`, `propertyValue`)
VALUES (4516, 1, 'Jewels of the South');

INSERT INTO `ace_object_properties_int` (`aceObjectId`, `intPropertyId`, `propertyValue`)
VALUES (4516, 1, 128);

INSERT INTO `ace_object_properties_int` (`aceObjectId`, `intPropertyId`, `propertyValue`)
VALUES (4516, 5, 9000);

INSERT INTO `ace_object_properties_int` (`aceObjectId`, `intPropertyId`, `propertyValue`)
VALUES (4516, 16, 1);

INSERT INTO `ace_object_properties_int` (`aceObjectId`, `intPropertyId`, `propertyValue`)
VALUES (4516, 19, 125);

INSERT INTO `ace_object_properties_int` (`aceObjectId`, `intPropertyId`, `propertyValue`)
VALUES (4516, 93, 66584);

INSERT INTO `ace_object_texture_map_change` (`aceObjectId`, `index`, `oldId`, `newId`)
VALUES (4516, 0, 83891180, 83891183);

INSERT INTO `ace_object_animation_change` (`aceObjectId`, `index`, `animationId`)
VALUES (4516, 0, 16782236);

INSERT INTO ace_weenie_class (`weenieClassId`, `weenieClassDescription`)
VALUES (4520, 'nantotailorsign');

INSERT INTO `ace_object` (`aceObjectId`, `aceObjectDescriptionFlags`, `weenieClassId`, `weenieHeaderFlags`, `iconId`, `iconOverlayId`, `iconUnderlayId`, `modelTableId`, `soundTableId`, `motionTableId`, `currentMotionState`, `animationFrameId`, `physicsTableId`, `physicsDescriptionFlag`, `spellId`, `playScript`, `defaultScript`)
VALUES (4520, 2097176, 4520, 20, 100668115, NULL, NULL, 33555594, NULL, NULL, NULL, NULL, NULL, 32769, NULL, NULL, NULL);

INSERT INTO `ace_object_properties_string` (`aceObjectId`, `strPropertyId`, `propertyValue`)
VALUES (4520, 1, 'Tailor Yajyi');

INSERT INTO `ace_object_properties_int` (`aceObjectId`, `intPropertyId`, `propertyValue`)
VALUES (4520, 1, 128);

INSERT INTO `ace_object_properties_int` (`aceObjectId`, `intPropertyId`, `propertyValue`)
VALUES (4520, 5, 9000);

INSERT INTO `ace_object_properties_int` (`aceObjectId`, `intPropertyId`, `propertyValue`)
VALUES (4520, 16, 1);

INSERT INTO `ace_object_properties_int` (`aceObjectId`, `intPropertyId`, `propertyValue`)
VALUES (4520, 19, 125);

INSERT INTO `ace_object_properties_int` (`aceObjectId`, `intPropertyId`, `propertyValue`)
VALUES (4520, 93, 66584);

INSERT INTO `ace_object_texture_map_change` (`aceObjectId`, `index`, `oldId`, `newId`)
VALUES (4520, 0, 83891180, 83891177);

INSERT INTO `ace_object_animation_change` (`aceObjectId`, `index`, `animationId`)
VALUES (4520, 0, 16782236);

INSERT INTO ace_weenie_class (`weenieClassId`, `weenieClassDescription`)
VALUES (12304, 'arcanumagentsign');

INSERT INTO `ace_object` (`aceObjectId`, `aceObjectDescriptionFlags`, `weenieClassId`, `weenieHeaderFlags`, `iconId`, `iconOverlayId`, `iconUnderlayId`, `modelTableId`, `soundTableId`, `motionTableId`, `currentMotionState`, `animationFrameId`, `physicsTableId`, `physicsDescriptionFlag`, `spellId`, `playScript`, `defaultScript`)
VALUES (12304, 2097176, 12304, 20, 100672342, NULL, NULL, 33557390, NULL, NULL, NULL, NULL, NULL, 32769, NULL, NULL, NULL);

INSERT INTO `ace_object_properties_string` (`aceObjectId`, `strPropertyId`, `propertyValue`)
VALUES (12304, 1, 'Agent of the Arcanum ');

INSERT INTO `ace_object_properties_int` (`aceObjectId`, `intPropertyId`, `propertyValue`)
VALUES (12304, 1, 128);

INSERT INTO `ace_object_properties_int` (`aceObjectId`, `intPropertyId`, `propertyValue`)
VALUES (12304, 5, 9000);

INSERT INTO `ace_object_properties_int` (`aceObjectId`, `intPropertyId`, `propertyValue`)
VALUES (12304, 16, 1);

INSERT INTO `ace_object_properties_int` (`aceObjectId`, `intPropertyId`, `propertyValue`)
VALUES (12304, 19, 125);

INSERT INTO `ace_object_properties_int` (`aceObjectId`, `intPropertyId`, `propertyValue`)
VALUES (12304, 93, 1048);

INSERT INTO ace_weenie_class (`weenieClassId`, `weenieClassDescription`)
VALUES (4517, 'nantoprovisionersign');

INSERT INTO `ace_object` (`aceObjectId`, `aceObjectDescriptionFlags`, `weenieClassId`, `weenieHeaderFlags`, `iconId`, `iconOverlayId`, `iconUnderlayId`, `modelTableId`, `soundTableId`, `motionTableId`, `currentMotionState`, `animationFrameId`, `physicsTableId`, `physicsDescriptionFlag`, `spellId`, `playScript`, `defaultScript`)
VALUES (4517, 2097176, 4517, 20, 100668115, NULL, NULL, 33555594, NULL, NULL, NULL, NULL, NULL, 32769, NULL, NULL, NULL);

INSERT INTO `ace_object_properties_string` (`aceObjectId`, `strPropertyId`, `propertyValue`)
VALUES (4517, 1, 'South Town Supplies');

INSERT INTO `ace_object_properties_int` (`aceObjectId`, `intPropertyId`, `propertyValue`)
VALUES (4517, 1, 128);

INSERT INTO `ace_object_properties_int` (`aceObjectId`, `intPropertyId`, `propertyValue`)
VALUES (4517, 5, 9000);

INSERT INTO `ace_object_properties_int` (`aceObjectId`, `intPropertyId`, `propertyValue`)
VALUES (4517, 16, 1);

INSERT INTO `ace_object_properties_int` (`aceObjectId`, `intPropertyId`, `propertyValue`)
VALUES (4517, 19, 125);

INSERT INTO `ace_object_properties_int` (`aceObjectId`, `intPropertyId`, `propertyValue`)
VALUES (4517, 93, 66584);

INSERT INTO ace_weenie_class (`weenieClassId`, `weenieClassDescription`)
VALUES (4521, 'nantotavernsign');

INSERT INTO `ace_object` (`aceObjectId`, `aceObjectDescriptionFlags`, `weenieClassId`, `weenieHeaderFlags`, `iconId`, `iconOverlayId`, `iconUnderlayId`, `modelTableId`, `soundTableId`, `motionTableId`, `currentMotionState`, `animationFrameId`, `physicsTableId`, `physicsDescriptionFlag`, `spellId`, `playScript`, `defaultScript`)
VALUES (4521, 2097176, 4521, 20, 100668115, NULL, NULL, 33555594, NULL, NULL, NULL, NULL, NULL, 32769, NULL, NULL, NULL);

INSERT INTO `ace_object_properties_string` (`aceObjectId`, `strPropertyId`, `propertyValue`)
VALUES (4521, 1, 'Southern End Tavern');

INSERT INTO `ace_object_properties_int` (`aceObjectId`, `intPropertyId`, `propertyValue`)
VALUES (4521, 1, 128);

INSERT INTO `ace_object_properties_int` (`aceObjectId`, `intPropertyId`, `propertyValue`)
VALUES (4521, 5, 9000);

INSERT INTO `ace_object_properties_int` (`aceObjectId`, `intPropertyId`, `propertyValue`)
VALUES (4521, 16, 1);

INSERT INTO `ace_object_properties_int` (`aceObjectId`, `intPropertyId`, `propertyValue`)
VALUES (4521, 19, 125);

INSERT INTO `ace_object_properties_int` (`aceObjectId`, `intPropertyId`, `propertyValue`)
VALUES (4521, 93, 66584);

INSERT INTO `ace_object_texture_map_change` (`aceObjectId`, `index`, `oldId`, `newId`)
VALUES (4521, 0, 83891180, 83891184);

INSERT INTO `ace_object_animation_change` (`aceObjectId`, `index`, `animationId`)
VALUES (4521, 0, 16782236);

INSERT INTO ace_weenie_class (`weenieClassId`, `weenieClassDescription`)
VALUES (4515, 'nantohealersign');

INSERT INTO `ace_object` (`aceObjectId`, `aceObjectDescriptionFlags`, `weenieClassId`, `weenieHeaderFlags`, `iconId`, `iconOverlayId`, `iconUnderlayId`, `modelTableId`, `soundTableId`, `motionTableId`, `currentMotionState`, `animationFrameId`, `physicsTableId`, `physicsDescriptionFlag`, `spellId`, `playScript`, `defaultScript`)
VALUES (4515, 2097176, 4515, 20, 100668115, NULL, NULL, 33555594, NULL, NULL, NULL, NULL, NULL, 32769, NULL, NULL, NULL);

INSERT INTO `ace_object_properties_string` (`aceObjectId`, `strPropertyId`, `propertyValue`)
VALUES (4515, 1, 'The Touch of Healing');

INSERT INTO `ace_object_properties_int` (`aceObjectId`, `intPropertyId`, `propertyValue`)
VALUES (4515, 1, 128);

INSERT INTO `ace_object_properties_int` (`aceObjectId`, `intPropertyId`, `propertyValue`)
VALUES (4515, 5, 9000);

INSERT INTO `ace_object_properties_int` (`aceObjectId`, `intPropertyId`, `propertyValue`)
VALUES (4515, 16, 1);

INSERT INTO `ace_object_properties_int` (`aceObjectId`, `intPropertyId`, `propertyValue`)
VALUES (4515, 19, 125);

INSERT INTO `ace_object_properties_int` (`aceObjectId`, `intPropertyId`, `propertyValue`)
VALUES (4515, 93, 66584);

INSERT INTO `ace_object_texture_map_change` (`aceObjectId`, `index`, `oldId`, `newId`)
VALUES (4515, 0, 83891180, 83891179);

INSERT INTO `ace_object_animation_change` (`aceObjectId`, `index`, `animationId`)
VALUES (4515, 0, 16782236);

INSERT INTO ace_weenie_class (`weenieClassId`, `weenieClassDescription`)
VALUES (4518, 'nantoscribesign');

INSERT INTO `ace_object` (`aceObjectId`, `aceObjectDescriptionFlags`, `weenieClassId`, `weenieHeaderFlags`, `iconId`, `iconOverlayId`, `iconUnderlayId`, `modelTableId`, `soundTableId`, `motionTableId`, `currentMotionState`, `animationFrameId`, `physicsTableId`, `physicsDescriptionFlag`, `spellId`, `playScript`, `defaultScript`)
VALUES (4518, 2097176, 4518, 20, 100668115, NULL, NULL, 33555594, NULL, NULL, NULL, NULL, NULL, 32769, NULL, NULL, NULL);

INSERT INTO `ace_object_properties_string` (`aceObjectId`, `strPropertyId`, `propertyValue`)
VALUES (4518, 1, 'The Nanto Scribe');

INSERT INTO `ace_object_properties_int` (`aceObjectId`, `intPropertyId`, `propertyValue`)
VALUES (4518, 1, 128);

INSERT INTO `ace_object_properties_int` (`aceObjectId`, `intPropertyId`, `propertyValue`)
VALUES (4518, 5, 9000);

INSERT INTO `ace_object_properties_int` (`aceObjectId`, `intPropertyId`, `propertyValue`)
VALUES (4518, 16, 1);

INSERT INTO `ace_object_properties_int` (`aceObjectId`, `intPropertyId`, `propertyValue`)
VALUES (4518, 19, 125);

INSERT INTO `ace_object_properties_int` (`aceObjectId`, `intPropertyId`, `propertyValue`)
VALUES (4518, 93, 66584);

INSERT INTO `ace_object_texture_map_change` (`aceObjectId`, `index`, `oldId`, `newId`)
VALUES (4518, 0, 83891180, 83891185);

INSERT INTO `ace_object_animation_change` (`aceObjectId`, `index`, `animationId`)
VALUES (4518, 0, 16782236);

INSERT INTO ace_weenie_class (`weenieClassId`, `weenieClassDescription`)
VALUES (4510, 'nantoarchmagesign');

INSERT INTO `ace_object` (`aceObjectId`, `aceObjectDescriptionFlags`, `weenieClassId`, `weenieHeaderFlags`, `iconId`, `iconOverlayId`, `iconUnderlayId`, `modelTableId`, `soundTableId`, `motionTableId`, `currentMotionState`, `animationFrameId`, `physicsTableId`, `physicsDescriptionFlag`, `spellId`, `playScript`, `defaultScript`)
VALUES (4510, 2097176, 4510, 20, 100668115, NULL, NULL, 33555594, NULL, NULL, NULL, NULL, NULL, 32769, NULL, NULL, NULL);

INSERT INTO `ace_object_properties_string` (`aceObjectId`, `strPropertyId`, `propertyValue`)
VALUES (4510, 1, 'The Oak Talisman');

INSERT INTO `ace_object_properties_int` (`aceObjectId`, `intPropertyId`, `propertyValue`)
VALUES (4510, 1, 128);

INSERT INTO `ace_object_properties_int` (`aceObjectId`, `intPropertyId`, `propertyValue`)
VALUES (4510, 5, 9000);

INSERT INTO `ace_object_properties_int` (`aceObjectId`, `intPropertyId`, `propertyValue`)
VALUES (4510, 16, 1);

INSERT INTO `ace_object_properties_int` (`aceObjectId`, `intPropertyId`, `propertyValue`)
VALUES (4510, 19, 125);

INSERT INTO `ace_object_properties_int` (`aceObjectId`, `intPropertyId`, `propertyValue`)
VALUES (4510, 93, 66584);

INSERT INTO ace_weenie_class (`weenieClassId`, `weenieClassDescription`)
VALUES (2272, 'baishipubsign');

INSERT INTO `ace_object` (`aceObjectId`, `aceObjectDescriptionFlags`, `weenieClassId`, `weenieHeaderFlags`, `iconId`, `iconOverlayId`, `iconUnderlayId`, `modelTableId`, `soundTableId`, `motionTableId`, `currentMotionState`, `animationFrameId`, `physicsTableId`, `physicsDescriptionFlag`, `spellId`, `playScript`, `defaultScript`)
VALUES (2272, 2097176, 2272, 20, 100668115, NULL, NULL, 33555088, NULL, NULL, NULL, 101, NULL, 163841, NULL, NULL, NULL);

INSERT INTO `ace_object_properties_string` (`aceObjectId`, `strPropertyId`, `propertyValue`)
VALUES (2272, 1, 'The Flaming Phoenix');

INSERT INTO `ace_object_properties_int` (`aceObjectId`, `intPropertyId`, `propertyValue`)
VALUES (2272, 1, 128);

INSERT INTO `ace_object_properties_int` (`aceObjectId`, `intPropertyId`, `propertyValue`)
VALUES (2272, 5, 9000);

INSERT INTO `ace_object_properties_int` (`aceObjectId`, `intPropertyId`, `propertyValue`)
VALUES (2272, 16, 1);

INSERT INTO `ace_object_properties_int` (`aceObjectId`, `intPropertyId`, `propertyValue`)
VALUES (2272, 19, 125);

INSERT INTO `ace_object_properties_int` (`aceObjectId`, `intPropertyId`, `propertyValue`)
VALUES (2272, 93, 1048);

INSERT INTO `ace_object_texture_map_change` (`aceObjectId`, `index`, `oldId`, `newId`)
VALUES (2272, 0, 83891055, 83891060);

INSERT INTO `ace_object_animation_change` (`aceObjectId`, `index`, `animationId`)
VALUES (2272, 0, 16780409);

INSERT INTO ace_weenie_class (`weenieClassId`, `weenieClassDescription`)
VALUES (2274, 'baishishopkeepsign');

INSERT INTO `ace_object` (`aceObjectId`, `aceObjectDescriptionFlags`, `weenieClassId`, `weenieHeaderFlags`, `iconId`, `iconOverlayId`, `iconUnderlayId`, `modelTableId`, `soundTableId`, `motionTableId`, `currentMotionState`, `animationFrameId`, `physicsTableId`, `physicsDescriptionFlag`, `spellId`, `playScript`, `defaultScript`)
VALUES (2274, 2097176, 2274, 20, 100668115, NULL, NULL, 33555088, NULL, NULL, NULL, 101, NULL, 163841, NULL, NULL, NULL);

INSERT INTO `ace_object_properties_string` (`aceObjectId`, `strPropertyId`, `propertyValue`)
VALUES (2274, 1, 'Ginan''s Goods');

INSERT INTO `ace_object_properties_int` (`aceObjectId`, `intPropertyId`, `propertyValue`)
VALUES (2274, 1, 128);

INSERT INTO `ace_object_properties_int` (`aceObjectId`, `intPropertyId`, `propertyValue`)
VALUES (2274, 5, 9000);

INSERT INTO `ace_object_properties_int` (`aceObjectId`, `intPropertyId`, `propertyValue`)
VALUES (2274, 16, 1);

INSERT INTO `ace_object_properties_int` (`aceObjectId`, `intPropertyId`, `propertyValue`)
VALUES (2274, 19, 125);

INSERT INTO `ace_object_properties_int` (`aceObjectId`, `intPropertyId`, `propertyValue`)
VALUES (2274, 93, 1048);

INSERT INTO `ace_object_texture_map_change` (`aceObjectId`, `index`, `oldId`, `newId`)
VALUES (2274, 0, 83891055, 83889906);

INSERT INTO `ace_object_animation_change` (`aceObjectId`, `index`, `animationId`)
VALUES (2274, 0, 16780409);

INSERT INTO ace_weenie_class (`weenieClassId`, `weenieClassDescription`)
VALUES (2269, 'baishigrocersign');

INSERT INTO `ace_object` (`aceObjectId`, `aceObjectDescriptionFlags`, `weenieClassId`, `weenieHeaderFlags`, `iconId`, `iconOverlayId`, `iconUnderlayId`, `modelTableId`, `soundTableId`, `motionTableId`, `currentMotionState`, `animationFrameId`, `physicsTableId`, `physicsDescriptionFlag`, `spellId`, `playScript`, `defaultScript`)
VALUES (2269, 2097176, 2269, 20, 100668115, NULL, NULL, 33555088, NULL, NULL, NULL, 101, NULL, 163841, NULL, NULL, NULL);

INSERT INTO `ace_object_properties_string` (`aceObjectId`, `strPropertyId`, `propertyValue`)
VALUES (2269, 1, 'The Laden Bushel');

INSERT INTO `ace_object_properties_int` (`aceObjectId`, `intPropertyId`, `propertyValue`)
VALUES (2269, 1, 128);

INSERT INTO `ace_object_properties_int` (`aceObjectId`, `intPropertyId`, `propertyValue`)
VALUES (2269, 5, 9000);

INSERT INTO `ace_object_properties_int` (`aceObjectId`, `intPropertyId`, `propertyValue`)
VALUES (2269, 16, 1);

INSERT INTO `ace_object_properties_int` (`aceObjectId`, `intPropertyId`, `propertyValue`)
VALUES (2269, 19, 125);

INSERT INTO `ace_object_properties_int` (`aceObjectId`, `intPropertyId`, `propertyValue`)
VALUES (2269, 93, 1048);

INSERT INTO `ace_object_texture_map_change` (`aceObjectId`, `index`, `oldId`, `newId`)
VALUES (2269, 0, 83891055, 83889906);

INSERT INTO `ace_object_animation_change` (`aceObjectId`, `index`, `animationId`)
VALUES (2269, 0, 16780409);

INSERT INTO ace_weenie_class (`weenieClassId`, `weenieClassDescription`)
VALUES (2270, 'baishihealersign');

INSERT INTO `ace_object` (`aceObjectId`, `aceObjectDescriptionFlags`, `weenieClassId`, `weenieHeaderFlags`, `iconId`, `iconOverlayId`, `iconUnderlayId`, `modelTableId`, `soundTableId`, `motionTableId`, `currentMotionState`, `animationFrameId`, `physicsTableId`, `physicsDescriptionFlag`, `spellId`, `playScript`, `defaultScript`)
VALUES (2270, 2097176, 2270, 20, 100668115, NULL, NULL, 33555088, NULL, NULL, NULL, 101, NULL, 163841, NULL, NULL, NULL);

INSERT INTO `ace_object_properties_string` (`aceObjectId`, `strPropertyId`, `propertyValue`)
VALUES (2270, 1, 'Physician');

INSERT INTO `ace_object_properties_int` (`aceObjectId`, `intPropertyId`, `propertyValue`)
VALUES (2270, 1, 128);

INSERT INTO `ace_object_properties_int` (`aceObjectId`, `intPropertyId`, `propertyValue`)
VALUES (2270, 5, 9000);

INSERT INTO `ace_object_properties_int` (`aceObjectId`, `intPropertyId`, `propertyValue`)
VALUES (2270, 16, 1);

INSERT INTO `ace_object_properties_int` (`aceObjectId`, `intPropertyId`, `propertyValue`)
VALUES (2270, 19, 125);

INSERT INTO `ace_object_properties_int` (`aceObjectId`, `intPropertyId`, `propertyValue`)
VALUES (2270, 93, 1048);

INSERT INTO `ace_object_texture_map_change` (`aceObjectId`, `index`, `oldId`, `newId`)
VALUES (2270, 0, 83891055, 83889901);

INSERT INTO `ace_object_animation_change` (`aceObjectId`, `index`, `animationId`)
VALUES (2270, 0, 16780409);

INSERT INTO ace_weenie_class (`weenieClassId`, `weenieClassDescription`)
VALUES (2273, 'baishiscribesign');

INSERT INTO `ace_object` (`aceObjectId`, `aceObjectDescriptionFlags`, `weenieClassId`, `weenieHeaderFlags`, `iconId`, `iconOverlayId`, `iconUnderlayId`, `modelTableId`, `soundTableId`, `motionTableId`, `currentMotionState`, `animationFrameId`, `physicsTableId`, `physicsDescriptionFlag`, `spellId`, `playScript`, `defaultScript`)
VALUES (2273, 2097176, 2273, 20, 100668115, NULL, NULL, 33555088, NULL, NULL, NULL, 101, NULL, 163841, NULL, NULL, NULL);

INSERT INTO `ace_object_properties_string` (`aceObjectId`, `strPropertyId`, `propertyValue`)
VALUES (2273, 1, 'Scribe Shop');

INSERT INTO `ace_object_properties_int` (`aceObjectId`, `intPropertyId`, `propertyValue`)
VALUES (2273, 1, 128);

INSERT INTO `ace_object_properties_int` (`aceObjectId`, `intPropertyId`, `propertyValue`)
VALUES (2273, 5, 9000);

INSERT INTO `ace_object_properties_int` (`aceObjectId`, `intPropertyId`, `propertyValue`)
VALUES (2273, 16, 1);

INSERT INTO `ace_object_properties_int` (`aceObjectId`, `intPropertyId`, `propertyValue`)
VALUES (2273, 19, 125);

INSERT INTO `ace_object_properties_int` (`aceObjectId`, `intPropertyId`, `propertyValue`)
VALUES (2273, 93, 1048);

INSERT INTO `ace_object_texture_map_change` (`aceObjectId`, `index`, `oldId`, `newId`)
VALUES (2273, 0, 83891055, 83889905);

INSERT INTO `ace_object_animation_change` (`aceObjectId`, `index`, `animationId`)
VALUES (2273, 0, 16780409);

INSERT INTO ace_weenie_class (`weenieClassId`, `weenieClassDescription`)
VALUES (2275, 'baishitailorsign');

INSERT INTO `ace_object` (`aceObjectId`, `aceObjectDescriptionFlags`, `weenieClassId`, `weenieHeaderFlags`, `iconId`, `iconOverlayId`, `iconUnderlayId`, `modelTableId`, `soundTableId`, `motionTableId`, `currentMotionState`, `animationFrameId`, `physicsTableId`, `physicsDescriptionFlag`, `spellId`, `playScript`, `defaultScript`)
VALUES (2275, 2097176, 2275, 20, 100668115, NULL, NULL, 33555088, NULL, NULL, NULL, 101, NULL, 163841, NULL, NULL, NULL);

INSERT INTO `ace_object_properties_string` (`aceObjectId`, `strPropertyId`, `propertyValue`)
VALUES (2275, 1, 'Weaver Zhoyong');

INSERT INTO `ace_object_properties_int` (`aceObjectId`, `intPropertyId`, `propertyValue`)
VALUES (2275, 1, 128);

INSERT INTO `ace_object_properties_int` (`aceObjectId`, `intPropertyId`, `propertyValue`)
VALUES (2275, 5, 9000);

INSERT INTO `ace_object_properties_int` (`aceObjectId`, `intPropertyId`, `propertyValue`)
VALUES (2275, 16, 1);

INSERT INTO `ace_object_properties_int` (`aceObjectId`, `intPropertyId`, `propertyValue`)
VALUES (2275, 19, 125);

INSERT INTO `ace_object_properties_int` (`aceObjectId`, `intPropertyId`, `propertyValue`)
VALUES (2275, 93, 1048);

INSERT INTO `ace_object_texture_map_change` (`aceObjectId`, `index`, `oldId`, `newId`)
VALUES (2275, 0, 83891055, 83889899);

INSERT INTO `ace_object_animation_change` (`aceObjectId`, `index`, `animationId`)
VALUES (2275, 0, 16780409);

INSERT INTO ace_weenie_class (`weenieClassId`, `weenieClassDescription`)
VALUES (2266, 'baishiblacksmithsign');

INSERT INTO `ace_object` (`aceObjectId`, `aceObjectDescriptionFlags`, `weenieClassId`, `weenieHeaderFlags`, `iconId`, `iconOverlayId`, `iconUnderlayId`, `modelTableId`, `soundTableId`, `motionTableId`, `currentMotionState`, `animationFrameId`, `physicsTableId`, `physicsDescriptionFlag`, `spellId`, `playScript`, `defaultScript`)
VALUES (2266, 2097176, 2266, 20, 100668115, NULL, NULL, 33555088, NULL, NULL, NULL, 101, NULL, 163841, NULL, NULL, NULL);

INSERT INTO `ace_object_properties_string` (`aceObjectId`, `strPropertyId`, `propertyValue`)
VALUES (2266, 1, 'Blade''s Heart Forge');

INSERT INTO `ace_object_properties_int` (`aceObjectId`, `intPropertyId`, `propertyValue`)
VALUES (2266, 1, 128);

INSERT INTO `ace_object_properties_int` (`aceObjectId`, `intPropertyId`, `propertyValue`)
VALUES (2266, 5, 9000);

INSERT INTO `ace_object_properties_int` (`aceObjectId`, `intPropertyId`, `propertyValue`)
VALUES (2266, 16, 1);

INSERT INTO `ace_object_properties_int` (`aceObjectId`, `intPropertyId`, `propertyValue`)
VALUES (2266, 19, 125);

INSERT INTO `ace_object_properties_int` (`aceObjectId`, `intPropertyId`, `propertyValue`)
VALUES (2266, 93, 1048);

INSERT INTO `ace_object_texture_map_change` (`aceObjectId`, `index`, `oldId`, `newId`)
VALUES (2266, 0, 83891055, 83889904);

INSERT INTO `ace_object_animation_change` (`aceObjectId`, `index`, `animationId`)
VALUES (2266, 0, 16780409);

INSERT INTO ace_weenie_class (`weenieClassId`, `weenieClassDescription`)
VALUES (2267, 'baishibowyersign');

INSERT INTO `ace_object` (`aceObjectId`, `aceObjectDescriptionFlags`, `weenieClassId`, `weenieHeaderFlags`, `iconId`, `iconOverlayId`, `iconUnderlayId`, `modelTableId`, `soundTableId`, `motionTableId`, `currentMotionState`, `animationFrameId`, `physicsTableId`, `physicsDescriptionFlag`, `spellId`, `playScript`, `defaultScript`)
VALUES (2267, 2097176, 2267, 20, 100668115, NULL, NULL, 33555088, NULL, NULL, NULL, 101, NULL, 163841, NULL, NULL, NULL);

INSERT INTO `ace_object_properties_string` (`aceObjectId`, `strPropertyId`, `propertyValue`)
VALUES (2267, 1, 'The Soaring Shaft');

INSERT INTO `ace_object_properties_int` (`aceObjectId`, `intPropertyId`, `propertyValue`)
VALUES (2267, 1, 128);

INSERT INTO `ace_object_properties_int` (`aceObjectId`, `intPropertyId`, `propertyValue`)
VALUES (2267, 5, 9000);

INSERT INTO `ace_object_properties_int` (`aceObjectId`, `intPropertyId`, `propertyValue`)
VALUES (2267, 16, 1);

INSERT INTO `ace_object_properties_int` (`aceObjectId`, `intPropertyId`, `propertyValue`)
VALUES (2267, 19, 125);

INSERT INTO `ace_object_properties_int` (`aceObjectId`, `intPropertyId`, `propertyValue`)
VALUES (2267, 93, 1048);

INSERT INTO `ace_object_texture_map_change` (`aceObjectId`, `index`, `oldId`, `newId`)
VALUES (2267, 0, 83891055, 83889907);

INSERT INTO `ace_object_animation_change` (`aceObjectId`, `index`, `animationId`)
VALUES (2267, 0, 16780409);

INSERT INTO ace_weenie_class (`weenieClassId`, `weenieClassDescription`)
VALUES (2271, 'baishijewelersign');

INSERT INTO `ace_object` (`aceObjectId`, `aceObjectDescriptionFlags`, `weenieClassId`, `weenieHeaderFlags`, `iconId`, `iconOverlayId`, `iconUnderlayId`, `modelTableId`, `soundTableId`, `motionTableId`, `currentMotionState`, `animationFrameId`, `physicsTableId`, `physicsDescriptionFlag`, `spellId`, `playScript`, `defaultScript`)
VALUES (2271, 2097176, 2271, 20, 100668115, NULL, NULL, 33555088, NULL, NULL, NULL, 101, NULL, 163841, NULL, NULL, NULL);

INSERT INTO `ace_object_properties_string` (`aceObjectId`, `strPropertyId`, `propertyValue`)
VALUES (2271, 1, 'Jeweler Shop');

INSERT INTO `ace_object_properties_int` (`aceObjectId`, `intPropertyId`, `propertyValue`)
VALUES (2271, 1, 128);

INSERT INTO `ace_object_properties_int` (`aceObjectId`, `intPropertyId`, `propertyValue`)
VALUES (2271, 5, 9000);

INSERT INTO `ace_object_properties_int` (`aceObjectId`, `intPropertyId`, `propertyValue`)
VALUES (2271, 16, 1);

INSERT INTO `ace_object_properties_int` (`aceObjectId`, `intPropertyId`, `propertyValue`)
VALUES (2271, 19, 125);

INSERT INTO `ace_object_properties_int` (`aceObjectId`, `intPropertyId`, `propertyValue`)
VALUES (2271, 93, 1048);

INSERT INTO `ace_object_texture_map_change` (`aceObjectId`, `index`, `oldId`, `newId`)
VALUES (2271, 0, 83891055, 83889909);

INSERT INTO `ace_object_animation_change` (`aceObjectId`, `index`, `animationId`)
VALUES (2271, 0, 16780409);

INSERT INTO ace_weenie_class (`weenieClassId`, `weenieClassDescription`)
VALUES (2281, 'sawatoblacksmithsign');

INSERT INTO `ace_object` (`aceObjectId`, `aceObjectDescriptionFlags`, `weenieClassId`, `weenieHeaderFlags`, `iconId`, `iconOverlayId`, `iconUnderlayId`, `modelTableId`, `soundTableId`, `motionTableId`, `currentMotionState`, `animationFrameId`, `physicsTableId`, `physicsDescriptionFlag`, `spellId`, `playScript`, `defaultScript`)
VALUES (2281, 2097176, 2281, 20, 100668115, NULL, NULL, 33555594, NULL, NULL, NULL, NULL, NULL, 32769, NULL, NULL, NULL);

INSERT INTO `ace_object_properties_string` (`aceObjectId`, `strPropertyId`, `propertyValue`)
VALUES (2281, 1, 'Smithy');

INSERT INTO `ace_object_properties_int` (`aceObjectId`, `intPropertyId`, `propertyValue`)
VALUES (2281, 1, 128);

INSERT INTO `ace_object_properties_int` (`aceObjectId`, `intPropertyId`, `propertyValue`)
VALUES (2281, 5, 9000);

INSERT INTO `ace_object_properties_int` (`aceObjectId`, `intPropertyId`, `propertyValue`)
VALUES (2281, 16, 1);

INSERT INTO `ace_object_properties_int` (`aceObjectId`, `intPropertyId`, `propertyValue`)
VALUES (2281, 19, 125);

INSERT INTO `ace_object_properties_int` (`aceObjectId`, `intPropertyId`, `propertyValue`)
VALUES (2281, 93, 66584);

INSERT INTO `ace_object_texture_map_change` (`aceObjectId`, `index`, `oldId`, `newId`)
VALUES (2281, 0, 83891180, 83891178);

INSERT INTO `ace_object_animation_change` (`aceObjectId`, `index`, `animationId`)
VALUES (2281, 0, 16782236);

INSERT INTO ace_weenie_class (`weenieClassId`, `weenieClassDescription`)
VALUES (2287, 'sawatopubsign');

INSERT INTO `ace_object` (`aceObjectId`, `aceObjectDescriptionFlags`, `weenieClassId`, `weenieHeaderFlags`, `iconId`, `iconOverlayId`, `iconUnderlayId`, `modelTableId`, `soundTableId`, `motionTableId`, `currentMotionState`, `animationFrameId`, `physicsTableId`, `physicsDescriptionFlag`, `spellId`, `playScript`, `defaultScript`)
VALUES (2287, 2097176, 2287, 20, 100668115, NULL, NULL, 33555594, NULL, NULL, NULL, NULL, NULL, 32769, NULL, NULL, NULL);

INSERT INTO `ace_object_properties_string` (`aceObjectId`, `strPropertyId`, `propertyValue`)
VALUES (2287, 1, 'The Bending Reed');

INSERT INTO `ace_object_properties_int` (`aceObjectId`, `intPropertyId`, `propertyValue`)
VALUES (2287, 1, 128);

INSERT INTO `ace_object_properties_int` (`aceObjectId`, `intPropertyId`, `propertyValue`)
VALUES (2287, 5, 9000);

INSERT INTO `ace_object_properties_int` (`aceObjectId`, `intPropertyId`, `propertyValue`)
VALUES (2287, 16, 1);

INSERT INTO `ace_object_properties_int` (`aceObjectId`, `intPropertyId`, `propertyValue`)
VALUES (2287, 19, 125);

INSERT INTO `ace_object_properties_int` (`aceObjectId`, `intPropertyId`, `propertyValue`)
VALUES (2287, 93, 66584);

INSERT INTO `ace_object_texture_map_change` (`aceObjectId`, `index`, `oldId`, `newId`)
VALUES (2287, 0, 83891180, 83891184);

INSERT INTO `ace_object_animation_change` (`aceObjectId`, `index`, `animationId`)
VALUES (2287, 0, 16782236);

INSERT INTO ace_weenie_class (`weenieClassId`, `weenieClassDescription`)
VALUES (2286, 'sawatojewelersign');

INSERT INTO `ace_object` (`aceObjectId`, `aceObjectDescriptionFlags`, `weenieClassId`, `weenieHeaderFlags`, `iconId`, `iconOverlayId`, `iconUnderlayId`, `modelTableId`, `soundTableId`, `motionTableId`, `currentMotionState`, `animationFrameId`, `physicsTableId`, `physicsDescriptionFlag`, `spellId`, `playScript`, `defaultScript`)
VALUES (2286, 2097176, 2286, 20, 100668115, NULL, NULL, 33555594, NULL, NULL, NULL, NULL, NULL, 32769, NULL, NULL, NULL);

INSERT INTO `ace_object_properties_string` (`aceObjectId`, `strPropertyId`, `propertyValue`)
VALUES (2286, 1, 'The Emerald Unicorn');

INSERT INTO `ace_object_properties_int` (`aceObjectId`, `intPropertyId`, `propertyValue`)
VALUES (2286, 1, 128);

INSERT INTO `ace_object_properties_int` (`aceObjectId`, `intPropertyId`, `propertyValue`)
VALUES (2286, 5, 9000);

INSERT INTO `ace_object_properties_int` (`aceObjectId`, `intPropertyId`, `propertyValue`)
VALUES (2286, 16, 1);

INSERT INTO `ace_object_properties_int` (`aceObjectId`, `intPropertyId`, `propertyValue`)
VALUES (2286, 19, 125);

INSERT INTO `ace_object_properties_int` (`aceObjectId`, `intPropertyId`, `propertyValue`)
VALUES (2286, 93, 66584);

INSERT INTO `ace_object_texture_map_change` (`aceObjectId`, `index`, `oldId`, `newId`)
VALUES (2286, 0, 83891180, 83891183);

INSERT INTO `ace_object_animation_change` (`aceObjectId`, `index`, `animationId`)
VALUES (2286, 0, 16782236);

INSERT INTO ace_weenie_class (`weenieClassId`, `weenieClassDescription`)
VALUES (2288, 'sawatoshopkeepsign');

INSERT INTO `ace_object` (`aceObjectId`, `aceObjectDescriptionFlags`, `weenieClassId`, `weenieHeaderFlags`, `iconId`, `iconOverlayId`, `iconUnderlayId`, `modelTableId`, `soundTableId`, `motionTableId`, `currentMotionState`, `animationFrameId`, `physicsTableId`, `physicsDescriptionFlag`, `spellId`, `playScript`, `defaultScript`)
VALUES (2288, 2097176, 2288, 20, 100668115, NULL, NULL, 33555594, NULL, NULL, NULL, NULL, NULL, 32769, NULL, NULL, NULL);

INSERT INTO `ace_object_properties_string` (`aceObjectId`, `strPropertyId`, `propertyValue`)
VALUES (2288, 1, 'Yunen''s Wares');

INSERT INTO `ace_object_properties_int` (`aceObjectId`, `intPropertyId`, `propertyValue`)
VALUES (2288, 1, 128);

INSERT INTO `ace_object_properties_int` (`aceObjectId`, `intPropertyId`, `propertyValue`)
VALUES (2288, 5, 9000);

INSERT INTO `ace_object_properties_int` (`aceObjectId`, `intPropertyId`, `propertyValue`)
VALUES (2288, 16, 1);

INSERT INTO `ace_object_properties_int` (`aceObjectId`, `intPropertyId`, `propertyValue`)
VALUES (2288, 19, 125);

INSERT INTO `ace_object_properties_int` (`aceObjectId`, `intPropertyId`, `propertyValue`)
VALUES (2288, 93, 66584);

INSERT INTO `ace_object_texture_map_change` (`aceObjectId`, `index`, `oldId`, `newId`)
VALUES (2288, 0, 83891180, 83891182);

INSERT INTO `ace_object_animation_change` (`aceObjectId`, `index`, `animationId`)
VALUES (2288, 0, 16782236);

INSERT INTO ace_weenie_class (`weenieClassId`, `weenieClassDescription`)
VALUES (2282, 'sawatobowyersign');

INSERT INTO `ace_object` (`aceObjectId`, `aceObjectDescriptionFlags`, `weenieClassId`, `weenieHeaderFlags`, `iconId`, `iconOverlayId`, `iconUnderlayId`, `modelTableId`, `soundTableId`, `motionTableId`, `currentMotionState`, `animationFrameId`, `physicsTableId`, `physicsDescriptionFlag`, `spellId`, `playScript`, `defaultScript`)
VALUES (2282, 2097176, 2282, 20, 100668115, NULL, NULL, 33555594, NULL, NULL, NULL, NULL, NULL, 32769, NULL, NULL, NULL);

INSERT INTO `ace_object_properties_string` (`aceObjectId`, `strPropertyId`, `propertyValue`)
VALUES (2282, 1, 'The True Shot');

INSERT INTO `ace_object_properties_int` (`aceObjectId`, `intPropertyId`, `propertyValue`)
VALUES (2282, 1, 128);

INSERT INTO `ace_object_properties_int` (`aceObjectId`, `intPropertyId`, `propertyValue`)
VALUES (2282, 5, 9000);

INSERT INTO `ace_object_properties_int` (`aceObjectId`, `intPropertyId`, `propertyValue`)
VALUES (2282, 16, 1);

INSERT INTO `ace_object_properties_int` (`aceObjectId`, `intPropertyId`, `propertyValue`)
VALUES (2282, 19, 125);

INSERT INTO `ace_object_properties_int` (`aceObjectId`, `intPropertyId`, `propertyValue`)
VALUES (2282, 93, 66584);

INSERT INTO `ace_object_texture_map_change` (`aceObjectId`, `index`, `oldId`, `newId`)
VALUES (2282, 0, 83891180, 83891181);

INSERT INTO `ace_object_animation_change` (`aceObjectId`, `index`, `animationId`)
VALUES (2282, 0, 16782236);

INSERT INTO ace_weenie_class (`weenieClassId`, `weenieClassDescription`)
VALUES (2284, 'sawatofensenhousesign');

INSERT INTO `ace_object` (`aceObjectId`, `aceObjectDescriptionFlags`, `weenieClassId`, `weenieHeaderFlags`, `iconId`, `iconOverlayId`, `iconUnderlayId`, `modelTableId`, `soundTableId`, `motionTableId`, `currentMotionState`, `animationFrameId`, `physicsTableId`, `physicsDescriptionFlag`, `spellId`, `playScript`, `defaultScript`)
VALUES (2284, 2097176, 2284, 20, 100668115, NULL, NULL, 33555594, NULL, NULL, NULL, NULL, NULL, 32769, NULL, NULL, NULL);

INSERT INTO `ace_object_properties_string` (`aceObjectId`, `strPropertyId`, `propertyValue`)
VALUES (2284, 1, 'Femsen House');

INSERT INTO `ace_object_properties_int` (`aceObjectId`, `intPropertyId`, `propertyValue`)
VALUES (2284, 1, 128);

INSERT INTO `ace_object_properties_int` (`aceObjectId`, `intPropertyId`, `propertyValue`)
VALUES (2284, 5, 9000);

INSERT INTO `ace_object_properties_int` (`aceObjectId`, `intPropertyId`, `propertyValue`)
VALUES (2284, 16, 1);

INSERT INTO `ace_object_properties_int` (`aceObjectId`, `intPropertyId`, `propertyValue`)
VALUES (2284, 19, 125);

INSERT INTO `ace_object_properties_int` (`aceObjectId`, `intPropertyId`, `propertyValue`)
VALUES (2284, 93, 66584);

INSERT INTO `ace_object_texture_map_change` (`aceObjectId`, `index`, `oldId`, `newId`)
VALUES (2284, 0, 83891180, 83891179);

INSERT INTO `ace_object_animation_change` (`aceObjectId`, `index`, `animationId`)
VALUES (2284, 0, 16782236);

INSERT INTO ace_weenie_class (`weenieClassId`, `weenieClassDescription`)
VALUES (2285, 'sawatogrocersign');

INSERT INTO `ace_object` (`aceObjectId`, `aceObjectDescriptionFlags`, `weenieClassId`, `weenieHeaderFlags`, `iconId`, `iconOverlayId`, `iconUnderlayId`, `modelTableId`, `soundTableId`, `motionTableId`, `currentMotionState`, `animationFrameId`, `physicsTableId`, `physicsDescriptionFlag`, `spellId`, `playScript`, `defaultScript`)
VALUES (2285, 2097176, 2285, 20, 100668115, NULL, NULL, 33555594, NULL, NULL, NULL, NULL, NULL, 32769, NULL, NULL, NULL);

INSERT INTO `ace_object_properties_string` (`aceObjectId`, `strPropertyId`, `propertyValue`)
VALUES (2285, 1, 'Food & Garments');

INSERT INTO `ace_object_properties_int` (`aceObjectId`, `intPropertyId`, `propertyValue`)
VALUES (2285, 1, 128);

INSERT INTO `ace_object_properties_int` (`aceObjectId`, `intPropertyId`, `propertyValue`)
VALUES (2285, 5, 9000);

INSERT INTO `ace_object_properties_int` (`aceObjectId`, `intPropertyId`, `propertyValue`)
VALUES (2285, 16, 1);

INSERT INTO `ace_object_properties_int` (`aceObjectId`, `intPropertyId`, `propertyValue`)
VALUES (2285, 19, 125);

INSERT INTO `ace_object_properties_int` (`aceObjectId`, `intPropertyId`, `propertyValue`)
VALUES (2285, 93, 66584);

INSERT INTO `ace_object_texture_map_change` (`aceObjectId`, `index`, `oldId`, `newId`)
VALUES (2285, 0, 83891180, 83891182);

INSERT INTO `ace_object_animation_change` (`aceObjectId`, `index`, `animationId`)
VALUES (2285, 0, 16782236);

INSERT INTO ace_weenie_class (`weenieClassId`, `weenieClassDescription`)
VALUES (2280, 'sawatoarchmagesign');

INSERT INTO `ace_object` (`aceObjectId`, `aceObjectDescriptionFlags`, `weenieClassId`, `weenieHeaderFlags`, `iconId`, `iconOverlayId`, `iconUnderlayId`, `modelTableId`, `soundTableId`, `motionTableId`, `currentMotionState`, `animationFrameId`, `physicsTableId`, `physicsDescriptionFlag`, `spellId`, `playScript`, `defaultScript`)
VALUES (2280, 2097176, 2280, 20, 100668115, NULL, NULL, 33555594, NULL, NULL, NULL, NULL, NULL, 32769, NULL, NULL, NULL);

INSERT INTO `ace_object_properties_string` (`aceObjectId`, `strPropertyId`, `propertyValue`)
VALUES (2280, 1, 'Master Tawa''s');

INSERT INTO `ace_object_properties_int` (`aceObjectId`, `intPropertyId`, `propertyValue`)
VALUES (2280, 1, 128);

INSERT INTO `ace_object_properties_int` (`aceObjectId`, `intPropertyId`, `propertyValue`)
VALUES (2280, 5, 9000);

INSERT INTO `ace_object_properties_int` (`aceObjectId`, `intPropertyId`, `propertyValue`)
VALUES (2280, 16, 1);

INSERT INTO `ace_object_properties_int` (`aceObjectId`, `intPropertyId`, `propertyValue`)
VALUES (2280, 19, 125);

INSERT INTO `ace_object_properties_int` (`aceObjectId`, `intPropertyId`, `propertyValue`)
VALUES (2280, 93, 66584);

INSERT INTO ace_weenie_class (`weenieClassId`, `weenieClassDescription`)
VALUES (8446, 'krystarchmagesign');

INSERT INTO `ace_object` (`aceObjectId`, `aceObjectDescriptionFlags`, `weenieClassId`, `weenieHeaderFlags`, `iconId`, `iconOverlayId`, `iconUnderlayId`, `modelTableId`, `soundTableId`, `motionTableId`, `currentMotionState`, `animationFrameId`, `physicsTableId`, `physicsDescriptionFlag`, `spellId`, `playScript`, `defaultScript`)
VALUES (8446, 2097176, 8446, 20, 100668115, NULL, NULL, 33555594, NULL, NULL, NULL, NULL, NULL, 32769, NULL, NULL, NULL);

INSERT INTO `ace_object_properties_string` (`aceObjectId`, `strPropertyId`, `propertyValue`)
VALUES (8446, 1, 'The Magi''s Refuge');

INSERT INTO `ace_object_properties_int` (`aceObjectId`, `intPropertyId`, `propertyValue`)
VALUES (8446, 1, 128);

INSERT INTO `ace_object_properties_int` (`aceObjectId`, `intPropertyId`, `propertyValue`)
VALUES (8446, 5, 9000);

INSERT INTO `ace_object_properties_int` (`aceObjectId`, `intPropertyId`, `propertyValue`)
VALUES (8446, 16, 1);

INSERT INTO `ace_object_properties_int` (`aceObjectId`, `intPropertyId`, `propertyValue`)
VALUES (8446, 19, 125);

INSERT INTO `ace_object_properties_int` (`aceObjectId`, `intPropertyId`, `propertyValue`)
VALUES (8446, 93, 66584);

INSERT INTO ace_weenie_class (`weenieClassId`, `weenieClassDescription`)
VALUES (8449, 'krystgrocersign');

INSERT INTO `ace_object` (`aceObjectId`, `aceObjectDescriptionFlags`, `weenieClassId`, `weenieHeaderFlags`, `iconId`, `iconOverlayId`, `iconUnderlayId`, `modelTableId`, `soundTableId`, `motionTableId`, `currentMotionState`, `animationFrameId`, `physicsTableId`, `physicsDescriptionFlag`, `spellId`, `playScript`, `defaultScript`)
VALUES (8449, 2097176, 8449, 20, 100668115, NULL, NULL, 33555594, NULL, NULL, NULL, NULL, NULL, 32769, NULL, NULL, NULL);

INSERT INTO `ace_object_properties_string` (`aceObjectId`, `strPropertyId`, `propertyValue`)
VALUES (8449, 1, 'The Wildsong Inn');

INSERT INTO `ace_object_properties_int` (`aceObjectId`, `intPropertyId`, `propertyValue`)
VALUES (8449, 1, 128);

INSERT INTO `ace_object_properties_int` (`aceObjectId`, `intPropertyId`, `propertyValue`)
VALUES (8449, 5, 9000);

INSERT INTO `ace_object_properties_int` (`aceObjectId`, `intPropertyId`, `propertyValue`)
VALUES (8449, 16, 1);

INSERT INTO `ace_object_properties_int` (`aceObjectId`, `intPropertyId`, `propertyValue`)
VALUES (8449, 19, 125);

INSERT INTO `ace_object_properties_int` (`aceObjectId`, `intPropertyId`, `propertyValue`)
VALUES (8449, 93, 66584);

INSERT INTO `ace_object_texture_map_change` (`aceObjectId`, `index`, `oldId`, `newId`)
VALUES (8449, 0, 83891180, 83891182);

INSERT INTO `ace_object_animation_change` (`aceObjectId`, `index`, `animationId`)
VALUES (8449, 0, 16782236);

INSERT INTO ace_weenie_class (`weenieClassId`, `weenieClassDescription`)
VALUES (8453, 'krysttavernsign');

INSERT INTO `ace_object` (`aceObjectId`, `aceObjectDescriptionFlags`, `weenieClassId`, `weenieHeaderFlags`, `iconId`, `iconOverlayId`, `iconUnderlayId`, `modelTableId`, `soundTableId`, `motionTableId`, `currentMotionState`, `animationFrameId`, `physicsTableId`, `physicsDescriptionFlag`, `spellId`, `playScript`, `defaultScript`)
VALUES (8453, 2097176, 8453, 20, 100668115, NULL, NULL, 33555594, NULL, NULL, NULL, NULL, NULL, 32769, NULL, NULL, NULL);

INSERT INTO `ace_object_properties_string` (`aceObjectId`, `strPropertyId`, `propertyValue`)
VALUES (8453, 1, 'The Wildsong Inn');

INSERT INTO `ace_object_properties_int` (`aceObjectId`, `intPropertyId`, `propertyValue`)
VALUES (8453, 1, 128);

INSERT INTO `ace_object_properties_int` (`aceObjectId`, `intPropertyId`, `propertyValue`)
VALUES (8453, 5, 9000);

INSERT INTO `ace_object_properties_int` (`aceObjectId`, `intPropertyId`, `propertyValue`)
VALUES (8453, 16, 1);

INSERT INTO `ace_object_properties_int` (`aceObjectId`, `intPropertyId`, `propertyValue`)
VALUES (8453, 19, 125);

INSERT INTO `ace_object_properties_int` (`aceObjectId`, `intPropertyId`, `propertyValue`)
VALUES (8453, 93, 66584);

INSERT INTO `ace_object_texture_map_change` (`aceObjectId`, `index`, `oldId`, `newId`)
VALUES (8453, 0, 83891180, 83891184);

INSERT INTO `ace_object_animation_change` (`aceObjectId`, `index`, `animationId`)
VALUES (8453, 0, 16782236);

INSERT INTO ace_weenie_class (`weenieClassId`, `weenieClassDescription`)
VALUES (8448, 'krystbowyersign');

INSERT INTO `ace_object` (`aceObjectId`, `aceObjectDescriptionFlags`, `weenieClassId`, `weenieHeaderFlags`, `iconId`, `iconOverlayId`, `iconUnderlayId`, `modelTableId`, `soundTableId`, `motionTableId`, `currentMotionState`, `animationFrameId`, `physicsTableId`, `physicsDescriptionFlag`, `spellId`, `playScript`, `defaultScript`)
VALUES (8448, 2097176, 8448, 20, 100668115, NULL, NULL, 33555594, NULL, NULL, NULL, NULL, NULL, 32769, NULL, NULL, NULL);

INSERT INTO `ace_object_properties_string` (`aceObjectId`, `strPropertyId`, `propertyValue`)
VALUES (8448, 1, 'The Olthoi''s Eye');

INSERT INTO `ace_object_properties_int` (`aceObjectId`, `intPropertyId`, `propertyValue`)
VALUES (8448, 1, 128);

INSERT INTO `ace_object_properties_int` (`aceObjectId`, `intPropertyId`, `propertyValue`)
VALUES (8448, 5, 9000);

INSERT INTO `ace_object_properties_int` (`aceObjectId`, `intPropertyId`, `propertyValue`)
VALUES (8448, 16, 1);

INSERT INTO `ace_object_properties_int` (`aceObjectId`, `intPropertyId`, `propertyValue`)
VALUES (8448, 19, 125);

INSERT INTO `ace_object_properties_int` (`aceObjectId`, `intPropertyId`, `propertyValue`)
VALUES (8448, 93, 66584);

INSERT INTO `ace_object_texture_map_change` (`aceObjectId`, `index`, `oldId`, `newId`)
VALUES (8448, 0, 83891180, 83891181);

INSERT INTO `ace_object_animation_change` (`aceObjectId`, `index`, `animationId`)
VALUES (8448, 0, 16782236);

INSERT INTO ace_weenie_class (`weenieClassId`, `weenieClassDescription`)
VALUES (8450, 'krystjewelersign');

INSERT INTO `ace_object` (`aceObjectId`, `aceObjectDescriptionFlags`, `weenieClassId`, `weenieHeaderFlags`, `iconId`, `iconOverlayId`, `iconUnderlayId`, `modelTableId`, `soundTableId`, `motionTableId`, `currentMotionState`, `animationFrameId`, `physicsTableId`, `physicsDescriptionFlag`, `spellId`, `playScript`, `defaultScript`)
VALUES (8450, 2097176, 8450, 20, 100668115, NULL, NULL, 33555594, NULL, NULL, NULL, NULL, NULL, 32773, NULL, NULL, NULL);

INSERT INTO `ace_object_properties_string` (`aceObjectId`, `strPropertyId`, `propertyValue`)
VALUES (8450, 1, 'The Emerald Grove');

INSERT INTO `ace_object_properties_int` (`aceObjectId`, `intPropertyId`, `propertyValue`)
VALUES (8450, 1, 128);

INSERT INTO `ace_object_properties_int` (`aceObjectId`, `intPropertyId`, `propertyValue`)
VALUES (8450, 5, 9000);

INSERT INTO `ace_object_properties_int` (`aceObjectId`, `intPropertyId`, `propertyValue`)
VALUES (8450, 16, 1);

INSERT INTO `ace_object_properties_int` (`aceObjectId`, `intPropertyId`, `propertyValue`)
VALUES (8450, 19, 125);

INSERT INTO `ace_object_properties_int` (`aceObjectId`, `intPropertyId`, `propertyValue`)
VALUES (8450, 93, 66584);

INSERT INTO `ace_object_texture_map_change` (`aceObjectId`, `index`, `oldId`, `newId`)
VALUES (8450, 0, 83891180, 83891183);

INSERT INTO `ace_object_animation_change` (`aceObjectId`, `index`, `animationId`)
VALUES (8450, 0, 16782236);

INSERT INTO ace_weenie_class (`weenieClassId`, `weenieClassDescription`)
VALUES (8447, 'krystarmorsign');

INSERT INTO `ace_object` (`aceObjectId`, `aceObjectDescriptionFlags`, `weenieClassId`, `weenieHeaderFlags`, `iconId`, `iconOverlayId`, `iconUnderlayId`, `modelTableId`, `soundTableId`, `motionTableId`, `currentMotionState`, `animationFrameId`, `physicsTableId`, `physicsDescriptionFlag`, `spellId`, `playScript`, `defaultScript`)
VALUES (8447, 2097176, 8447, 20, 100668115, NULL, NULL, 33555594, NULL, NULL, NULL, NULL, NULL, 32773, NULL, NULL, NULL);

INSERT INTO `ace_object_properties_string` (`aceObjectId`, `strPropertyId`, `propertyValue`)
VALUES (8447, 1, 'The Whipping Vine');

INSERT INTO `ace_object_properties_int` (`aceObjectId`, `intPropertyId`, `propertyValue`)
VALUES (8447, 1, 128);

INSERT INTO `ace_object_properties_int` (`aceObjectId`, `intPropertyId`, `propertyValue`)
VALUES (8447, 5, 9000);

INSERT INTO `ace_object_properties_int` (`aceObjectId`, `intPropertyId`, `propertyValue`)
VALUES (8447, 16, 1);

INSERT INTO `ace_object_properties_int` (`aceObjectId`, `intPropertyId`, `propertyValue`)
VALUES (8447, 19, 125);

INSERT INTO `ace_object_properties_int` (`aceObjectId`, `intPropertyId`, `propertyValue`)
VALUES (8447, 93, 66584);

INSERT INTO `ace_object_texture_map_change` (`aceObjectId`, `index`, `oldId`, `newId`)
VALUES (8447, 0, 83891180, 83891178);

INSERT INTO `ace_object_animation_change` (`aceObjectId`, `index`, `animationId`)
VALUES (8447, 0, 16782236);

INSERT INTO ace_weenie_class (`weenieClassId`, `weenieClassDescription`)
VALUES (8454, 'krystweaponsign');

INSERT INTO `ace_object` (`aceObjectId`, `aceObjectDescriptionFlags`, `weenieClassId`, `weenieHeaderFlags`, `iconId`, `iconOverlayId`, `iconUnderlayId`, `modelTableId`, `soundTableId`, `motionTableId`, `currentMotionState`, `animationFrameId`, `physicsTableId`, `physicsDescriptionFlag`, `spellId`, `playScript`, `defaultScript`)
VALUES (8454, 2097176, 8454, 20, 100668115, NULL, NULL, 33555594, NULL, NULL, NULL, NULL, NULL, 32773, NULL, NULL, NULL);

INSERT INTO `ace_object_properties_string` (`aceObjectId`, `strPropertyId`, `propertyValue`)
VALUES (8454, 1, 'The Whipping Vine');

INSERT INTO `ace_object_properties_int` (`aceObjectId`, `intPropertyId`, `propertyValue`)
VALUES (8454, 1, 128);

INSERT INTO `ace_object_properties_int` (`aceObjectId`, `intPropertyId`, `propertyValue`)
VALUES (8454, 5, 9000);

INSERT INTO `ace_object_properties_int` (`aceObjectId`, `intPropertyId`, `propertyValue`)
VALUES (8454, 16, 1);

INSERT INTO `ace_object_properties_int` (`aceObjectId`, `intPropertyId`, `propertyValue`)
VALUES (8454, 19, 125);

INSERT INTO `ace_object_properties_int` (`aceObjectId`, `intPropertyId`, `propertyValue`)
VALUES (8454, 93, 66584);

INSERT INTO `ace_object_texture_map_change` (`aceObjectId`, `index`, `oldId`, `newId`)
VALUES (8454, 0, 83891180, 83891178);

INSERT INTO `ace_object_animation_change` (`aceObjectId`, `index`, `animationId`)
VALUES (8454, 0, 16782236);

INSERT INTO ace_weenie_class (`weenieClassId`, `weenieClassDescription`)
VALUES (8451, 'krystscribesign');

INSERT INTO `ace_object` (`aceObjectId`, `aceObjectDescriptionFlags`, `weenieClassId`, `weenieHeaderFlags`, `iconId`, `iconOverlayId`, `iconUnderlayId`, `modelTableId`, `soundTableId`, `motionTableId`, `currentMotionState`, `animationFrameId`, `physicsTableId`, `physicsDescriptionFlag`, `spellId`, `playScript`, `defaultScript`)
VALUES (8451, 2097176, 8451, 20, 100668115, NULL, NULL, 33555594, NULL, NULL, NULL, NULL, NULL, 32773, NULL, NULL, NULL);

INSERT INTO `ace_object_properties_string` (`aceObjectId`, `strPropertyId`, `propertyValue`)
VALUES (8451, 1, 'Nature''s Balm');

INSERT INTO `ace_object_properties_int` (`aceObjectId`, `intPropertyId`, `propertyValue`)
VALUES (8451, 1, 128);

INSERT INTO `ace_object_properties_int` (`aceObjectId`, `intPropertyId`, `propertyValue`)
VALUES (8451, 5, 9000);

INSERT INTO `ace_object_properties_int` (`aceObjectId`, `intPropertyId`, `propertyValue`)
VALUES (8451, 16, 1);

INSERT INTO `ace_object_properties_int` (`aceObjectId`, `intPropertyId`, `propertyValue`)
VALUES (8451, 19, 125);

INSERT INTO `ace_object_properties_int` (`aceObjectId`, `intPropertyId`, `propertyValue`)
VALUES (8451, 93, 66584);

INSERT INTO `ace_object_texture_map_change` (`aceObjectId`, `index`, `oldId`, `newId`)
VALUES (8451, 0, 83891180, 83891185);

INSERT INTO `ace_object_animation_change` (`aceObjectId`, `index`, `animationId`)
VALUES (8451, 0, 16782236);

INSERT INTO ace_weenie_class (`weenieClassId`, `weenieClassDescription`)
VALUES (1351, 'onewaywarningsign');

INSERT INTO `ace_object` (`aceObjectId`, `aceObjectDescriptionFlags`, `weenieClassId`, `weenieHeaderFlags`, `iconId`, `iconOverlayId`, `iconUnderlayId`, `modelTableId`, `soundTableId`, `motionTableId`, `currentMotionState`, `animationFrameId`, `physicsTableId`, `physicsDescriptionFlag`, `spellId`, `playScript`, `defaultScript`)
VALUES (1351, 2097176, 1351, 20, 100668115, NULL, NULL, 33555088, NULL, NULL, NULL, 101, NULL, 163841, NULL, NULL, NULL);

INSERT INTO `ace_object_properties_string` (`aceObjectId`, `strPropertyId`, `propertyValue`)
VALUES (1351, 1, 'Sign');

INSERT INTO `ace_object_properties_int` (`aceObjectId`, `intPropertyId`, `propertyValue`)
VALUES (1351, 1, 128);

INSERT INTO `ace_object_properties_int` (`aceObjectId`, `intPropertyId`, `propertyValue`)
VALUES (1351, 5, 9000);

INSERT INTO `ace_object_properties_int` (`aceObjectId`, `intPropertyId`, `propertyValue`)
VALUES (1351, 16, 1);

INSERT INTO `ace_object_properties_int` (`aceObjectId`, `intPropertyId`, `propertyValue`)
VALUES (1351, 19, 125);

INSERT INTO `ace_object_properties_int` (`aceObjectId`, `intPropertyId`, `propertyValue`)
VALUES (1351, 93, 1048);

INSERT INTO ace_weenie_class (`weenieClassId`, `weenieClassDescription`)
VALUES (5434, 'hebianarchmagesign');

INSERT INTO `ace_object` (`aceObjectId`, `aceObjectDescriptionFlags`, `weenieClassId`, `weenieHeaderFlags`, `iconId`, `iconOverlayId`, `iconUnderlayId`, `modelTableId`, `soundTableId`, `motionTableId`, `currentMotionState`, `animationFrameId`, `physicsTableId`, `physicsDescriptionFlag`, `spellId`, `playScript`, `defaultScript`)
VALUES (5434, 2097176, 5434, 20, 100668115, NULL, NULL, 33555594, NULL, NULL, NULL, NULL, NULL, 32773, NULL, NULL, NULL);

INSERT INTO `ace_object_properties_string` (`aceObjectId`, `strPropertyId`, `propertyValue`)
VALUES (5434, 1, 'Shikiru Nohon');

INSERT INTO `ace_object_properties_int` (`aceObjectId`, `intPropertyId`, `propertyValue`)
VALUES (5434, 1, 128);

INSERT INTO `ace_object_properties_int` (`aceObjectId`, `intPropertyId`, `propertyValue`)
VALUES (5434, 5, 9000);

INSERT INTO `ace_object_properties_int` (`aceObjectId`, `intPropertyId`, `propertyValue`)
VALUES (5434, 16, 1);

INSERT INTO `ace_object_properties_int` (`aceObjectId`, `intPropertyId`, `propertyValue`)
VALUES (5434, 19, 125);

INSERT INTO `ace_object_properties_int` (`aceObjectId`, `intPropertyId`, `propertyValue`)
VALUES (5434, 93, 66584);

INSERT INTO ace_weenie_class (`weenieClassId`, `weenieClassDescription`)
VALUES (873, 'hebianblacksmithsign');

INSERT INTO `ace_object` (`aceObjectId`, `aceObjectDescriptionFlags`, `weenieClassId`, `weenieHeaderFlags`, `iconId`, `iconOverlayId`, `iconUnderlayId`, `modelTableId`, `soundTableId`, `motionTableId`, `currentMotionState`, `animationFrameId`, `physicsTableId`, `physicsDescriptionFlag`, `spellId`, `playScript`, `defaultScript`)
VALUES (873, 2097176, 873, 20, 100668115, NULL, NULL, 33555594, NULL, NULL, NULL, NULL, NULL, 32773, NULL, NULL, NULL);

INSERT INTO `ace_object_properties_string` (`aceObjectId`, `strPropertyId`, `propertyValue`)
VALUES (873, 1, 'Red Iron Forge');

INSERT INTO `ace_object_properties_int` (`aceObjectId`, `intPropertyId`, `propertyValue`)
VALUES (873, 1, 128);

INSERT INTO `ace_object_properties_int` (`aceObjectId`, `intPropertyId`, `propertyValue`)
VALUES (873, 5, 9000);

INSERT INTO `ace_object_properties_int` (`aceObjectId`, `intPropertyId`, `propertyValue`)
VALUES (873, 16, 1);

INSERT INTO `ace_object_properties_int` (`aceObjectId`, `intPropertyId`, `propertyValue`)
VALUES (873, 19, 125);

INSERT INTO `ace_object_properties_int` (`aceObjectId`, `intPropertyId`, `propertyValue`)
VALUES (873, 93, 66584);

INSERT INTO `ace_object_texture_map_change` (`aceObjectId`, `index`, `oldId`, `newId`)
VALUES (873, 0, 83891180, 83891178);

INSERT INTO `ace_object_animation_change` (`aceObjectId`, `index`, `animationId`)
VALUES (873, 0, 16782236);

INSERT INTO ace_weenie_class (`weenieClassId`, `weenieClassDescription`)
VALUES (877, 'hebianscribesign');

INSERT INTO `ace_object` (`aceObjectId`, `aceObjectDescriptionFlags`, `weenieClassId`, `weenieHeaderFlags`, `iconId`, `iconOverlayId`, `iconUnderlayId`, `modelTableId`, `soundTableId`, `motionTableId`, `currentMotionState`, `animationFrameId`, `physicsTableId`, `physicsDescriptionFlag`, `spellId`, `playScript`, `defaultScript`)
VALUES (877, 2097176, 877, 20, 100668115, NULL, NULL, 33555594, NULL, NULL, NULL, NULL, NULL, 32773, NULL, NULL, NULL);

INSERT INTO `ace_object_properties_string` (`aceObjectId`, `strPropertyId`, `propertyValue`)
VALUES (877, 1, 'The Golden Book');

INSERT INTO `ace_object_properties_int` (`aceObjectId`, `intPropertyId`, `propertyValue`)
VALUES (877, 1, 128);

INSERT INTO `ace_object_properties_int` (`aceObjectId`, `intPropertyId`, `propertyValue`)
VALUES (877, 5, 9000);

INSERT INTO `ace_object_properties_int` (`aceObjectId`, `intPropertyId`, `propertyValue`)
VALUES (877, 16, 1);

INSERT INTO `ace_object_properties_int` (`aceObjectId`, `intPropertyId`, `propertyValue`)
VALUES (877, 19, 125);

INSERT INTO `ace_object_properties_int` (`aceObjectId`, `intPropertyId`, `propertyValue`)
VALUES (877, 93, 66584);

INSERT INTO `ace_object_texture_map_change` (`aceObjectId`, `index`, `oldId`, `newId`)
VALUES (877, 0, 83891180, 83891185);

INSERT INTO `ace_object_animation_change` (`aceObjectId`, `index`, `animationId`)
VALUES (877, 0, 16782236);

INSERT INTO ace_weenie_class (`weenieClassId`, `weenieClassDescription`)
VALUES (880, 'hebiantowersign');

INSERT INTO `ace_object` (`aceObjectId`, `aceObjectDescriptionFlags`, `weenieClassId`, `weenieHeaderFlags`, `iconId`, `iconOverlayId`, `iconUnderlayId`, `modelTableId`, `soundTableId`, `motionTableId`, `currentMotionState`, `animationFrameId`, `physicsTableId`, `physicsDescriptionFlag`, `spellId`, `playScript`, `defaultScript`)
VALUES (880, 2097176, 880, 20, 100668115, NULL, NULL, 33555594, NULL, NULL, NULL, NULL, NULL, 32773, NULL, NULL, NULL);

INSERT INTO `ace_object_properties_string` (`aceObjectId`, `strPropertyId`, `propertyValue`)
VALUES (880, 1, 'West Wind Tower');

INSERT INTO `ace_object_properties_int` (`aceObjectId`, `intPropertyId`, `propertyValue`)
VALUES (880, 1, 128);

INSERT INTO `ace_object_properties_int` (`aceObjectId`, `intPropertyId`, `propertyValue`)
VALUES (880, 5, 9000);

INSERT INTO `ace_object_properties_int` (`aceObjectId`, `intPropertyId`, `propertyValue`)
VALUES (880, 16, 1);

INSERT INTO `ace_object_properties_int` (`aceObjectId`, `intPropertyId`, `propertyValue`)
VALUES (880, 19, 125);

INSERT INTO `ace_object_properties_int` (`aceObjectId`, `intPropertyId`, `propertyValue`)
VALUES (880, 93, 66584);

INSERT INTO ace_weenie_class (`weenieClassId`, `weenieClassDescription`)
VALUES (875, 'hebianjewelersign');

INSERT INTO `ace_object` (`aceObjectId`, `aceObjectDescriptionFlags`, `weenieClassId`, `weenieHeaderFlags`, `iconId`, `iconOverlayId`, `iconUnderlayId`, `modelTableId`, `soundTableId`, `motionTableId`, `currentMotionState`, `animationFrameId`, `physicsTableId`, `physicsDescriptionFlag`, `spellId`, `playScript`, `defaultScript`)
VALUES (875, 2097176, 875, 20, 100668115, NULL, NULL, 33555594, NULL, NULL, NULL, NULL, NULL, 32773, NULL, NULL, NULL);

INSERT INTO `ace_object_properties_string` (`aceObjectId`, `strPropertyId`, `propertyValue`)
VALUES (875, 1, 'Moonstone House');

INSERT INTO `ace_object_properties_int` (`aceObjectId`, `intPropertyId`, `propertyValue`)
VALUES (875, 1, 128);

INSERT INTO `ace_object_properties_int` (`aceObjectId`, `intPropertyId`, `propertyValue`)
VALUES (875, 5, 9000);

INSERT INTO `ace_object_properties_int` (`aceObjectId`, `intPropertyId`, `propertyValue`)
VALUES (875, 16, 1);

INSERT INTO `ace_object_properties_int` (`aceObjectId`, `intPropertyId`, `propertyValue`)
VALUES (875, 19, 125);

INSERT INTO `ace_object_properties_int` (`aceObjectId`, `intPropertyId`, `propertyValue`)
VALUES (875, 93, 66584);

INSERT INTO `ace_object_texture_map_change` (`aceObjectId`, `index`, `oldId`, `newId`)
VALUES (875, 0, 83891180, 83891183);

INSERT INTO `ace_object_animation_change` (`aceObjectId`, `index`, `animationId`)
VALUES (875, 0, 16782236);

INSERT INTO ace_weenie_class (`weenieClassId`, `weenieClassDescription`)
VALUES (874, 'hebianhealersign');

INSERT INTO `ace_object` (`aceObjectId`, `aceObjectDescriptionFlags`, `weenieClassId`, `weenieHeaderFlags`, `iconId`, `iconOverlayId`, `iconUnderlayId`, `modelTableId`, `soundTableId`, `motionTableId`, `currentMotionState`, `animationFrameId`, `physicsTableId`, `physicsDescriptionFlag`, `spellId`, `playScript`, `defaultScript`)
VALUES (874, 2097176, 874, 20, 100668115, NULL, NULL, 33555594, NULL, NULL, NULL, NULL, NULL, 32773, NULL, NULL, NULL);

INSERT INTO `ace_object_properties_string` (`aceObjectId`, `strPropertyId`, `propertyValue`)
VALUES (874, 1, 'Healer Kouxao');

INSERT INTO `ace_object_properties_int` (`aceObjectId`, `intPropertyId`, `propertyValue`)
VALUES (874, 1, 128);

INSERT INTO `ace_object_properties_int` (`aceObjectId`, `intPropertyId`, `propertyValue`)
VALUES (874, 5, 9000);

INSERT INTO `ace_object_properties_int` (`aceObjectId`, `intPropertyId`, `propertyValue`)
VALUES (874, 16, 1);

INSERT INTO `ace_object_properties_int` (`aceObjectId`, `intPropertyId`, `propertyValue`)
VALUES (874, 19, 125);

INSERT INTO `ace_object_properties_int` (`aceObjectId`, `intPropertyId`, `propertyValue`)
VALUES (874, 93, 66584);

INSERT INTO `ace_object_texture_map_change` (`aceObjectId`, `index`, `oldId`, `newId`)
VALUES (874, 0, 83891180, 83891179);

INSERT INTO `ace_object_animation_change` (`aceObjectId`, `index`, `animationId`)
VALUES (874, 0, 16782236);

INSERT INTO ace_weenie_class (`weenieClassId`, `weenieClassDescription`)
VALUES (876, 'hebianpubsign');

INSERT INTO `ace_object` (`aceObjectId`, `aceObjectDescriptionFlags`, `weenieClassId`, `weenieHeaderFlags`, `iconId`, `iconOverlayId`, `iconUnderlayId`, `modelTableId`, `soundTableId`, `motionTableId`, `currentMotionState`, `animationFrameId`, `physicsTableId`, `physicsDescriptionFlag`, `spellId`, `playScript`, `defaultScript`)
VALUES (876, 2097176, 876, 20, 100668115, NULL, NULL, 33555594, NULL, NULL, NULL, NULL, NULL, 32773, NULL, NULL, NULL);

INSERT INTO `ace_object_properties_string` (`aceObjectId`, `strPropertyId`, `propertyValue`)
VALUES (876, 1, 'The Shining Shield');

INSERT INTO `ace_object_properties_int` (`aceObjectId`, `intPropertyId`, `propertyValue`)
VALUES (876, 1, 128);

INSERT INTO `ace_object_properties_int` (`aceObjectId`, `intPropertyId`, `propertyValue`)
VALUES (876, 5, 9000);

INSERT INTO `ace_object_properties_int` (`aceObjectId`, `intPropertyId`, `propertyValue`)
VALUES (876, 16, 1);

INSERT INTO `ace_object_properties_int` (`aceObjectId`, `intPropertyId`, `propertyValue`)
VALUES (876, 19, 125);

INSERT INTO `ace_object_properties_int` (`aceObjectId`, `intPropertyId`, `propertyValue`)
VALUES (876, 93, 66584);

INSERT INTO `ace_object_texture_map_change` (`aceObjectId`, `index`, `oldId`, `newId`)
VALUES (876, 0, 83891180, 83891184);

INSERT INTO `ace_object_animation_change` (`aceObjectId`, `index`, `animationId`)
VALUES (876, 0, 16782236);

INSERT INTO ace_weenie_class (`weenieClassId`, `weenieClassDescription`)
VALUES (879, 'hebiantavernsign');

INSERT INTO `ace_object` (`aceObjectId`, `aceObjectDescriptionFlags`, `weenieClassId`, `weenieHeaderFlags`, `iconId`, `iconOverlayId`, `iconUnderlayId`, `modelTableId`, `soundTableId`, `motionTableId`, `currentMotionState`, `animationFrameId`, `physicsTableId`, `physicsDescriptionFlag`, `spellId`, `playScript`, `defaultScript`)
VALUES (879, 2097176, 879, 20, 100668115, NULL, NULL, 33555594, NULL, NULL, NULL, NULL, NULL, 32773, NULL, NULL, NULL);

INSERT INTO `ace_object_properties_string` (`aceObjectId`, `strPropertyId`, `propertyValue`)
VALUES (879, 1, 'The Laughing Kirin');

INSERT INTO `ace_object_properties_int` (`aceObjectId`, `intPropertyId`, `propertyValue`)
VALUES (879, 1, 128);

INSERT INTO `ace_object_properties_int` (`aceObjectId`, `intPropertyId`, `propertyValue`)
VALUES (879, 5, 9000);

INSERT INTO `ace_object_properties_int` (`aceObjectId`, `intPropertyId`, `propertyValue`)
VALUES (879, 16, 1);

INSERT INTO `ace_object_properties_int` (`aceObjectId`, `intPropertyId`, `propertyValue`)
VALUES (879, 19, 125);

INSERT INTO `ace_object_properties_int` (`aceObjectId`, `intPropertyId`, `propertyValue`)
VALUES (879, 93, 66584);

INSERT INTO `ace_object_texture_map_change` (`aceObjectId`, `index`, `oldId`, `newId`)
VALUES (879, 0, 83891180, 83891184);

INSERT INTO `ace_object_animation_change` (`aceObjectId`, `index`, `animationId`)
VALUES (879, 0, 16782236);

INSERT INTO ace_weenie_class (`weenieClassId`, `weenieClassDescription`)
VALUES (872, 'hebianarmorsign');

INSERT INTO `ace_object` (`aceObjectId`, `aceObjectDescriptionFlags`, `weenieClassId`, `weenieHeaderFlags`, `iconId`, `iconOverlayId`, `iconUnderlayId`, `modelTableId`, `soundTableId`, `motionTableId`, `currentMotionState`, `animationFrameId`, `physicsTableId`, `physicsDescriptionFlag`, `spellId`, `playScript`, `defaultScript`)
VALUES (872, 2097176, 872, 20, 100668115, NULL, NULL, 33555594, NULL, NULL, NULL, NULL, NULL, 32773, NULL, NULL, NULL);

INSERT INTO `ace_object_properties_string` (`aceObjectId`, `strPropertyId`, `propertyValue`)
VALUES (872, 1, 'Rayyib''s Defense');

INSERT INTO `ace_object_properties_int` (`aceObjectId`, `intPropertyId`, `propertyValue`)
VALUES (872, 1, 128);

INSERT INTO `ace_object_properties_int` (`aceObjectId`, `intPropertyId`, `propertyValue`)
VALUES (872, 5, 9000);

INSERT INTO `ace_object_properties_int` (`aceObjectId`, `intPropertyId`, `propertyValue`)
VALUES (872, 16, 1);

INSERT INTO `ace_object_properties_int` (`aceObjectId`, `intPropertyId`, `propertyValue`)
VALUES (872, 19, 125);

INSERT INTO `ace_object_properties_int` (`aceObjectId`, `intPropertyId`, `propertyValue`)
VALUES (872, 93, 66584);

INSERT INTO `ace_object_texture_map_change` (`aceObjectId`, `index`, `oldId`, `newId`)
VALUES (872, 0, 83891180, 83891178);

INSERT INTO `ace_object_animation_change` (`aceObjectId`, `index`, `animationId`)
VALUES (872, 0, 16782236);

INSERT INTO ace_weenie_class (`weenieClassId`, `weenieClassDescription`)
VALUES (881, 'hebianweaponsign');

INSERT INTO `ace_object` (`aceObjectId`, `aceObjectDescriptionFlags`, `weenieClassId`, `weenieHeaderFlags`, `iconId`, `iconOverlayId`, `iconUnderlayId`, `modelTableId`, `soundTableId`, `motionTableId`, `currentMotionState`, `animationFrameId`, `physicsTableId`, `physicsDescriptionFlag`, `spellId`, `playScript`, `defaultScript`)
VALUES (881, 2097176, 881, 20, 100668115, NULL, NULL, 33555594, NULL, NULL, NULL, NULL, NULL, 32773, NULL, NULL, NULL);

INSERT INTO `ace_object_properties_string` (`aceObjectId`, `strPropertyId`, `propertyValue`)
VALUES (881, 1, 'Aldera''s Blades');

INSERT INTO `ace_object_properties_int` (`aceObjectId`, `intPropertyId`, `propertyValue`)
VALUES (881, 1, 128);

INSERT INTO `ace_object_properties_int` (`aceObjectId`, `intPropertyId`, `propertyValue`)
VALUES (881, 5, 9000);

INSERT INTO `ace_object_properties_int` (`aceObjectId`, `intPropertyId`, `propertyValue`)
VALUES (881, 16, 1);

INSERT INTO `ace_object_properties_int` (`aceObjectId`, `intPropertyId`, `propertyValue`)
VALUES (881, 19, 125);

INSERT INTO `ace_object_properties_int` (`aceObjectId`, `intPropertyId`, `propertyValue`)
VALUES (881, 93, 66584);

INSERT INTO `ace_object_texture_map_change` (`aceObjectId`, `index`, `oldId`, `newId`)
VALUES (881, 0, 83891180, 83891178);

INSERT INTO `ace_object_animation_change` (`aceObjectId`, `index`, `animationId`)
VALUES (881, 0, 16782236);

INSERT INTO ace_weenie_class (`weenieClassId`, `weenieClassDescription`)
VALUES (5432, 'hebiangrocersign');

INSERT INTO `ace_object` (`aceObjectId`, `aceObjectDescriptionFlags`, `weenieClassId`, `weenieHeaderFlags`, `iconId`, `iconOverlayId`, `iconUnderlayId`, `modelTableId`, `soundTableId`, `motionTableId`, `currentMotionState`, `animationFrameId`, `physicsTableId`, `physicsDescriptionFlag`, `spellId`, `playScript`, `defaultScript`)
VALUES (5432, 2097176, 5432, 20, 100668115, NULL, NULL, 33555594, NULL, NULL, NULL, NULL, NULL, 32773, NULL, NULL, NULL);

INSERT INTO `ace_object_properties_string` (`aceObjectId`, `strPropertyId`, `propertyValue`)
VALUES (5432, 1, 'Grocery');

INSERT INTO `ace_object_properties_int` (`aceObjectId`, `intPropertyId`, `propertyValue`)
VALUES (5432, 1, 128);

INSERT INTO `ace_object_properties_int` (`aceObjectId`, `intPropertyId`, `propertyValue`)
VALUES (5432, 5, 9000);

INSERT INTO `ace_object_properties_int` (`aceObjectId`, `intPropertyId`, `propertyValue`)
VALUES (5432, 16, 1);

INSERT INTO `ace_object_properties_int` (`aceObjectId`, `intPropertyId`, `propertyValue`)
VALUES (5432, 19, 125);

INSERT INTO `ace_object_properties_int` (`aceObjectId`, `intPropertyId`, `propertyValue`)
VALUES (5432, 93, 66584);

INSERT INTO `ace_object_texture_map_change` (`aceObjectId`, `index`, `oldId`, `newId`)
VALUES (5432, 0, 83891180, 83891182);

INSERT INTO `ace_object_animation_change` (`aceObjectId`, `index`, `animationId`)
VALUES (5432, 0, 16782236);

INSERT INTO ace_weenie_class (`weenieClassId`, `weenieClassDescription`)
VALUES (878, 'hebiantailorsign');

INSERT INTO `ace_object` (`aceObjectId`, `aceObjectDescriptionFlags`, `weenieClassId`, `weenieHeaderFlags`, `iconId`, `iconOverlayId`, `iconUnderlayId`, `modelTableId`, `soundTableId`, `motionTableId`, `currentMotionState`, `animationFrameId`, `physicsTableId`, `physicsDescriptionFlag`, `spellId`, `playScript`, `defaultScript`)
VALUES (878, 2097176, 878, 20, 100668115, NULL, NULL, 33555594, NULL, NULL, NULL, NULL, NULL, 32773, NULL, NULL, NULL);

INSERT INTO `ace_object_properties_string` (`aceObjectId`, `strPropertyId`, `propertyValue`)
VALUES (878, 1, 'Weaver Chueh');

INSERT INTO `ace_object_properties_int` (`aceObjectId`, `intPropertyId`, `propertyValue`)
VALUES (878, 1, 128);

INSERT INTO `ace_object_properties_int` (`aceObjectId`, `intPropertyId`, `propertyValue`)
VALUES (878, 5, 9000);

INSERT INTO `ace_object_properties_int` (`aceObjectId`, `intPropertyId`, `propertyValue`)
VALUES (878, 16, 1);

INSERT INTO `ace_object_properties_int` (`aceObjectId`, `intPropertyId`, `propertyValue`)
VALUES (878, 19, 125);

INSERT INTO `ace_object_properties_int` (`aceObjectId`, `intPropertyId`, `propertyValue`)
VALUES (878, 93, 66584);

INSERT INTO `ace_object_texture_map_change` (`aceObjectId`, `index`, `oldId`, `newId`)
VALUES (878, 0, 83891180, 83891177);

INSERT INTO `ace_object_animation_change` (`aceObjectId`, `index`, `animationId`)
VALUES (878, 0, 16782236);

INSERT INTO ace_weenie_class (`weenieClassId`, `weenieClassDescription`)
VALUES (5433, 'hebianbowyersign');

INSERT INTO `ace_object` (`aceObjectId`, `aceObjectDescriptionFlags`, `weenieClassId`, `weenieHeaderFlags`, `iconId`, `iconOverlayId`, `iconUnderlayId`, `modelTableId`, `soundTableId`, `motionTableId`, `currentMotionState`, `animationFrameId`, `physicsTableId`, `physicsDescriptionFlag`, `spellId`, `playScript`, `defaultScript`)
VALUES (5433, 2097176, 5433, 20, 100668115, NULL, NULL, 33555594, NULL, NULL, NULL, NULL, NULL, 32773, NULL, NULL, NULL);

INSERT INTO `ace_object_properties_string` (`aceObjectId`, `strPropertyId`, `propertyValue`)
VALUES (5433, 1, 'Fletcher');

INSERT INTO `ace_object_properties_int` (`aceObjectId`, `intPropertyId`, `propertyValue`)
VALUES (5433, 1, 128);

INSERT INTO `ace_object_properties_int` (`aceObjectId`, `intPropertyId`, `propertyValue`)
VALUES (5433, 5, 9000);

INSERT INTO `ace_object_properties_int` (`aceObjectId`, `intPropertyId`, `propertyValue`)
VALUES (5433, 16, 1);

INSERT INTO `ace_object_properties_int` (`aceObjectId`, `intPropertyId`, `propertyValue`)
VALUES (5433, 19, 125);

INSERT INTO `ace_object_properties_int` (`aceObjectId`, `intPropertyId`, `propertyValue`)
VALUES (5433, 93, 66584);

INSERT INTO `ace_object_texture_map_change` (`aceObjectId`, `index`, `oldId`, `newId`)
VALUES (5433, 0, 83891180, 83891181);

INSERT INTO `ace_object_animation_change` (`aceObjectId`, `index`, `animationId`)
VALUES (5433, 0, 16782236);

INSERT INTO ace_weenie_class (`weenieClassId`, `weenieClassDescription`)
VALUES (4501, 'linhealersign');

INSERT INTO `ace_object` (`aceObjectId`, `aceObjectDescriptionFlags`, `weenieClassId`, `weenieHeaderFlags`, `iconId`, `iconOverlayId`, `iconUnderlayId`, `modelTableId`, `soundTableId`, `motionTableId`, `currentMotionState`, `animationFrameId`, `physicsTableId`, `physicsDescriptionFlag`, `spellId`, `playScript`, `defaultScript`)
VALUES (4501, 2097176, 4501, 20, 100668115, NULL, NULL, 33555594, NULL, NULL, NULL, NULL, NULL, 32769, NULL, NULL, NULL);

INSERT INTO `ace_object_properties_string` (`aceObjectId`, `strPropertyId`, `propertyValue`)
VALUES (4501, 1, 'The Tree of Healing');

INSERT INTO `ace_object_properties_int` (`aceObjectId`, `intPropertyId`, `propertyValue`)
VALUES (4501, 1, 128);

INSERT INTO `ace_object_properties_int` (`aceObjectId`, `intPropertyId`, `propertyValue`)
VALUES (4501, 5, 9000);

INSERT INTO `ace_object_properties_int` (`aceObjectId`, `intPropertyId`, `propertyValue`)
VALUES (4501, 16, 1);

INSERT INTO `ace_object_properties_int` (`aceObjectId`, `intPropertyId`, `propertyValue`)
VALUES (4501, 19, 125);

INSERT INTO `ace_object_properties_int` (`aceObjectId`, `intPropertyId`, `propertyValue`)
VALUES (4501, 93, 66584);

INSERT INTO `ace_object_texture_map_change` (`aceObjectId`, `index`, `oldId`, `newId`)
VALUES (4501, 0, 83891180, 83891177);

INSERT INTO `ace_object_animation_change` (`aceObjectId`, `index`, `animationId`)
VALUES (4501, 0, 16782236);

INSERT INTO ace_weenie_class (`weenieClassId`, `weenieClassDescription`)
VALUES (4498, 'linarchmagesign');

INSERT INTO `ace_object` (`aceObjectId`, `aceObjectDescriptionFlags`, `weenieClassId`, `weenieHeaderFlags`, `iconId`, `iconOverlayId`, `iconUnderlayId`, `modelTableId`, `soundTableId`, `motionTableId`, `currentMotionState`, `animationFrameId`, `physicsTableId`, `physicsDescriptionFlag`, `spellId`, `playScript`, `defaultScript`)
VALUES (4498, 2097176, 4498, 20, 100668115, NULL, NULL, 33555594, NULL, NULL, NULL, NULL, NULL, 32769, NULL, NULL, NULL);

INSERT INTO `ace_object_properties_string` (`aceObjectId`, `strPropertyId`, `propertyValue`)
VALUES (4498, 1, 'Forest Magical Supplies');

INSERT INTO `ace_object_properties_int` (`aceObjectId`, `intPropertyId`, `propertyValue`)
VALUES (4498, 1, 128);

INSERT INTO `ace_object_properties_int` (`aceObjectId`, `intPropertyId`, `propertyValue`)
VALUES (4498, 5, 9000);

INSERT INTO `ace_object_properties_int` (`aceObjectId`, `intPropertyId`, `propertyValue`)
VALUES (4498, 16, 1);

INSERT INTO `ace_object_properties_int` (`aceObjectId`, `intPropertyId`, `propertyValue`)
VALUES (4498, 19, 125);

INSERT INTO `ace_object_properties_int` (`aceObjectId`, `intPropertyId`, `propertyValue`)
VALUES (4498, 93, 66584);

INSERT INTO `ace_object_texture_map_change` (`aceObjectId`, `index`, `oldId`, `newId`)
VALUES (4498, 0, 83891180, 83891177);

INSERT INTO `ace_object_animation_change` (`aceObjectId`, `index`, `animationId`)
VALUES (4498, 0, 16782236);

INSERT INTO ace_weenie_class (`weenieClassId`, `weenieClassDescription`)
VALUES (4502, 'linjewelersign');

INSERT INTO `ace_object` (`aceObjectId`, `aceObjectDescriptionFlags`, `weenieClassId`, `weenieHeaderFlags`, `iconId`, `iconOverlayId`, `iconUnderlayId`, `modelTableId`, `soundTableId`, `motionTableId`, `currentMotionState`, `animationFrameId`, `physicsTableId`, `physicsDescriptionFlag`, `spellId`, `playScript`, `defaultScript`)
VALUES (4502, 2097176, 4502, 20, 100668115, NULL, NULL, 33555594, NULL, NULL, NULL, NULL, NULL, 32769, NULL, NULL, NULL);

INSERT INTO `ace_object_properties_string` (`aceObjectId`, `strPropertyId`, `propertyValue`)
VALUES (4502, 1, 'Gems of the Woods');

INSERT INTO `ace_object_properties_int` (`aceObjectId`, `intPropertyId`, `propertyValue`)
VALUES (4502, 1, 128);

INSERT INTO `ace_object_properties_int` (`aceObjectId`, `intPropertyId`, `propertyValue`)
VALUES (4502, 5, 9000);

INSERT INTO `ace_object_properties_int` (`aceObjectId`, `intPropertyId`, `propertyValue`)
VALUES (4502, 16, 1);

INSERT INTO `ace_object_properties_int` (`aceObjectId`, `intPropertyId`, `propertyValue`)
VALUES (4502, 19, 125);

INSERT INTO `ace_object_properties_int` (`aceObjectId`, `intPropertyId`, `propertyValue`)
VALUES (4502, 93, 66584);

INSERT INTO `ace_object_texture_map_change` (`aceObjectId`, `index`, `oldId`, `newId`)
VALUES (4502, 0, 83891180, 83891183);

INSERT INTO `ace_object_animation_change` (`aceObjectId`, `index`, `animationId`)
VALUES (4502, 0, 16782236);

INSERT INTO ace_weenie_class (`weenieClassId`, `weenieClassDescription`)
VALUES (4503, 'linscribesign');

INSERT INTO `ace_object` (`aceObjectId`, `aceObjectDescriptionFlags`, `weenieClassId`, `weenieHeaderFlags`, `iconId`, `iconOverlayId`, `iconUnderlayId`, `modelTableId`, `soundTableId`, `motionTableId`, `currentMotionState`, `animationFrameId`, `physicsTableId`, `physicsDescriptionFlag`, `spellId`, `playScript`, `defaultScript`)
VALUES (4503, 2097176, 4503, 20, 100668115, NULL, NULL, 33555594, NULL, NULL, NULL, NULL, NULL, 32769, NULL, NULL, NULL);

INSERT INTO `ace_object_properties_string` (`aceObjectId`, `strPropertyId`, `propertyValue`)
VALUES (4503, 1, 'Tekai the Scribe');

INSERT INTO `ace_object_properties_int` (`aceObjectId`, `intPropertyId`, `propertyValue`)
VALUES (4503, 1, 128);

INSERT INTO `ace_object_properties_int` (`aceObjectId`, `intPropertyId`, `propertyValue`)
VALUES (4503, 5, 9000);

INSERT INTO `ace_object_properties_int` (`aceObjectId`, `intPropertyId`, `propertyValue`)
VALUES (4503, 16, 1);

INSERT INTO `ace_object_properties_int` (`aceObjectId`, `intPropertyId`, `propertyValue`)
VALUES (4503, 19, 125);

INSERT INTO `ace_object_properties_int` (`aceObjectId`, `intPropertyId`, `propertyValue`)
VALUES (4503, 93, 66584);

INSERT INTO `ace_object_texture_map_change` (`aceObjectId`, `index`, `oldId`, `newId`)
VALUES (4503, 0, 83891180, 83891185);

INSERT INTO `ace_object_animation_change` (`aceObjectId`, `index`, `animationId`)
VALUES (4503, 0, 16782236);

INSERT INTO ace_weenie_class (`weenieClassId`, `weenieClassDescription`)
VALUES (4499, 'linblacksmithsign');

INSERT INTO `ace_object` (`aceObjectId`, `aceObjectDescriptionFlags`, `weenieClassId`, `weenieHeaderFlags`, `iconId`, `iconOverlayId`, `iconUnderlayId`, `modelTableId`, `soundTableId`, `motionTableId`, `currentMotionState`, `animationFrameId`, `physicsTableId`, `physicsDescriptionFlag`, `spellId`, `playScript`, `defaultScript`)
VALUES (4499, 2097176, 4499, 20, 100668115, NULL, NULL, 33555594, NULL, NULL, NULL, NULL, NULL, 32769, NULL, NULL, NULL);

INSERT INTO `ace_object_properties_string` (`aceObjectId`, `strPropertyId`, `propertyValue`)
VALUES (4499, 1, 'Lin''s Armor and Weapons');

INSERT INTO `ace_object_properties_int` (`aceObjectId`, `intPropertyId`, `propertyValue`)
VALUES (4499, 1, 128);

INSERT INTO `ace_object_properties_int` (`aceObjectId`, `intPropertyId`, `propertyValue`)
VALUES (4499, 5, 9000);

INSERT INTO `ace_object_properties_int` (`aceObjectId`, `intPropertyId`, `propertyValue`)
VALUES (4499, 16, 1);

INSERT INTO `ace_object_properties_int` (`aceObjectId`, `intPropertyId`, `propertyValue`)
VALUES (4499, 19, 125);

INSERT INTO `ace_object_properties_int` (`aceObjectId`, `intPropertyId`, `propertyValue`)
VALUES (4499, 93, 66584);

INSERT INTO `ace_object_texture_map_change` (`aceObjectId`, `index`, `oldId`, `newId`)
VALUES (4499, 0, 83891180, 83891178);

INSERT INTO `ace_object_animation_change` (`aceObjectId`, `index`, `animationId`)
VALUES (4499, 0, 16782236);

INSERT INTO ace_weenie_class (`weenieClassId`, `weenieClassDescription`)
VALUES (5431, 'linbowyersign');

INSERT INTO `ace_object` (`aceObjectId`, `aceObjectDescriptionFlags`, `weenieClassId`, `weenieHeaderFlags`, `iconId`, `iconOverlayId`, `iconUnderlayId`, `modelTableId`, `soundTableId`, `motionTableId`, `currentMotionState`, `animationFrameId`, `physicsTableId`, `physicsDescriptionFlag`, `spellId`, `playScript`, `defaultScript`)
VALUES (5431, 2097176, 5431, 20, 100668115, NULL, NULL, 33555594, NULL, NULL, NULL, NULL, NULL, 32773, NULL, NULL, NULL);

INSERT INTO `ace_object_properties_string` (`aceObjectId`, `strPropertyId`, `propertyValue`)
VALUES (5431, 1, 'Forest''s Blessing Bows');

INSERT INTO `ace_object_properties_int` (`aceObjectId`, `intPropertyId`, `propertyValue`)
VALUES (5431, 1, 128);

INSERT INTO `ace_object_properties_int` (`aceObjectId`, `intPropertyId`, `propertyValue`)
VALUES (5431, 5, 9000);

INSERT INTO `ace_object_properties_int` (`aceObjectId`, `intPropertyId`, `propertyValue`)
VALUES (5431, 16, 1);

INSERT INTO `ace_object_properties_int` (`aceObjectId`, `intPropertyId`, `propertyValue`)
VALUES (5431, 19, 125);

INSERT INTO `ace_object_properties_int` (`aceObjectId`, `intPropertyId`, `propertyValue`)
VALUES (5431, 93, 66584);

INSERT INTO `ace_object_texture_map_change` (`aceObjectId`, `index`, `oldId`, `newId`)
VALUES (5431, 0, 83891180, 83891181);

INSERT INTO `ace_object_animation_change` (`aceObjectId`, `index`, `animationId`)
VALUES (5431, 0, 16782236);

INSERT INTO ace_weenie_class (`weenieClassId`, `weenieClassDescription`)
VALUES (808, 'mayoibowyersign');

INSERT INTO `ace_object` (`aceObjectId`, `aceObjectDescriptionFlags`, `weenieClassId`, `weenieHeaderFlags`, `iconId`, `iconOverlayId`, `iconUnderlayId`, `modelTableId`, `soundTableId`, `motionTableId`, `currentMotionState`, `animationFrameId`, `physicsTableId`, `physicsDescriptionFlag`, `spellId`, `playScript`, `defaultScript`)
VALUES (808, 2097176, 808, 20, 100668115, NULL, NULL, 33555088, NULL, NULL, NULL, 101, NULL, 163841, NULL, NULL, NULL);

INSERT INTO `ace_object_properties_string` (`aceObjectId`, `strPropertyId`, `propertyValue`)
VALUES (808, 1, 'Bowyer Tentou');

INSERT INTO `ace_object_properties_int` (`aceObjectId`, `intPropertyId`, `propertyValue`)
VALUES (808, 1, 128);

INSERT INTO `ace_object_properties_int` (`aceObjectId`, `intPropertyId`, `propertyValue`)
VALUES (808, 5, 9000);

INSERT INTO `ace_object_properties_int` (`aceObjectId`, `intPropertyId`, `propertyValue`)
VALUES (808, 16, 1);

INSERT INTO `ace_object_properties_int` (`aceObjectId`, `intPropertyId`, `propertyValue`)
VALUES (808, 19, 125);

INSERT INTO `ace_object_properties_int` (`aceObjectId`, `intPropertyId`, `propertyValue`)
VALUES (808, 93, 1048);

INSERT INTO `ace_object_texture_map_change` (`aceObjectId`, `index`, `oldId`, `newId`)
VALUES (808, 0, 83891055, 83889907);

INSERT INTO `ace_object_animation_change` (`aceObjectId`, `index`, `animationId`)
VALUES (808, 0, 16780409);

INSERT INTO ace_weenie_class (`weenieClassId`, `weenieClassDescription`)
VALUES (807, 'mayoihealersign');

INSERT INTO `ace_object` (`aceObjectId`, `aceObjectDescriptionFlags`, `weenieClassId`, `weenieHeaderFlags`, `iconId`, `iconOverlayId`, `iconUnderlayId`, `modelTableId`, `soundTableId`, `motionTableId`, `currentMotionState`, `animationFrameId`, `physicsTableId`, `physicsDescriptionFlag`, `spellId`, `playScript`, `defaultScript`)
VALUES (807, 2097176, 807, 20, 100668115, NULL, NULL, 33555088, NULL, NULL, NULL, 101, NULL, 163841, NULL, NULL, NULL);

INSERT INTO `ace_object_properties_string` (`aceObjectId`, `strPropertyId`, `propertyValue`)
VALUES (807, 1, 'Tonsho''s Remedies');

INSERT INTO `ace_object_properties_int` (`aceObjectId`, `intPropertyId`, `propertyValue`)
VALUES (807, 1, 128);

INSERT INTO `ace_object_properties_int` (`aceObjectId`, `intPropertyId`, `propertyValue`)
VALUES (807, 5, 9000);

INSERT INTO `ace_object_properties_int` (`aceObjectId`, `intPropertyId`, `propertyValue`)
VALUES (807, 16, 1);

INSERT INTO `ace_object_properties_int` (`aceObjectId`, `intPropertyId`, `propertyValue`)
VALUES (807, 19, 125);

INSERT INTO `ace_object_properties_int` (`aceObjectId`, `intPropertyId`, `propertyValue`)
VALUES (807, 93, 1048);

INSERT INTO `ace_object_texture_map_change` (`aceObjectId`, `index`, `oldId`, `newId`)
VALUES (807, 0, 83891055, 83889901);

INSERT INTO `ace_object_animation_change` (`aceObjectId`, `index`, `animationId`)
VALUES (807, 0, 16780409);

INSERT INTO ace_weenie_class (`weenieClassId`, `weenieClassDescription`)
VALUES (806, 'mayoigrocersign');

INSERT INTO `ace_object` (`aceObjectId`, `aceObjectDescriptionFlags`, `weenieClassId`, `weenieHeaderFlags`, `iconId`, `iconOverlayId`, `iconUnderlayId`, `modelTableId`, `soundTableId`, `motionTableId`, `currentMotionState`, `animationFrameId`, `physicsTableId`, `physicsDescriptionFlag`, `spellId`, `playScript`, `defaultScript`)
VALUES (806, 2097176, 806, 20, 100668115, NULL, NULL, 33555088, NULL, NULL, NULL, 101, NULL, 163841, NULL, NULL, NULL);

INSERT INTO `ace_object_properties_string` (`aceObjectId`, `strPropertyId`, `propertyValue`)
VALUES (806, 1, 'Food and Clothing');

INSERT INTO `ace_object_properties_int` (`aceObjectId`, `intPropertyId`, `propertyValue`)
VALUES (806, 1, 128);

INSERT INTO `ace_object_properties_int` (`aceObjectId`, `intPropertyId`, `propertyValue`)
VALUES (806, 5, 9000);

INSERT INTO `ace_object_properties_int` (`aceObjectId`, `intPropertyId`, `propertyValue`)
VALUES (806, 16, 1);

INSERT INTO `ace_object_properties_int` (`aceObjectId`, `intPropertyId`, `propertyValue`)
VALUES (806, 19, 125);

INSERT INTO `ace_object_properties_int` (`aceObjectId`, `intPropertyId`, `propertyValue`)
VALUES (806, 93, 1048);

INSERT INTO `ace_object_texture_map_change` (`aceObjectId`, `index`, `oldId`, `newId`)
VALUES (806, 0, 83891055, 83889906);

INSERT INTO `ace_object_animation_change` (`aceObjectId`, `index`, `animationId`)
VALUES (806, 0, 16780409);

INSERT INTO ace_weenie_class (`weenieClassId`, `weenieClassDescription`)
VALUES (804, 'mayoipubsign');

INSERT INTO `ace_object` (`aceObjectId`, `aceObjectDescriptionFlags`, `weenieClassId`, `weenieHeaderFlags`, `iconId`, `iconOverlayId`, `iconUnderlayId`, `modelTableId`, `soundTableId`, `motionTableId`, `currentMotionState`, `animationFrameId`, `physicsTableId`, `physicsDescriptionFlag`, `spellId`, `playScript`, `defaultScript`)
VALUES (804, 2097176, 804, 20, 100668115, NULL, NULL, 33555088, NULL, NULL, NULL, 101, NULL, 163841, NULL, NULL, NULL);

INSERT INTO `ace_object_properties_string` (`aceObjectId`, `strPropertyId`, `propertyValue`)
VALUES (804, 1, 'Ten Ox House');

INSERT INTO `ace_object_properties_int` (`aceObjectId`, `intPropertyId`, `propertyValue`)
VALUES (804, 1, 128);

INSERT INTO `ace_object_properties_int` (`aceObjectId`, `intPropertyId`, `propertyValue`)
VALUES (804, 5, 9000);

INSERT INTO `ace_object_properties_int` (`aceObjectId`, `intPropertyId`, `propertyValue`)
VALUES (804, 16, 1);

INSERT INTO `ace_object_properties_int` (`aceObjectId`, `intPropertyId`, `propertyValue`)
VALUES (804, 19, 125);

INSERT INTO `ace_object_properties_int` (`aceObjectId`, `intPropertyId`, `propertyValue`)
VALUES (804, 93, 1048);

INSERT INTO `ace_object_texture_map_change` (`aceObjectId`, `index`, `oldId`, `newId`)
VALUES (804, 0, 83891055, 83889910);

INSERT INTO `ace_object_animation_change` (`aceObjectId`, `index`, `animationId`)
VALUES (804, 0, 16780409);

INSERT INTO ace_weenie_class (`weenieClassId`, `weenieClassDescription`)
VALUES (803, 'mayoijewelersign');

INSERT INTO `ace_object` (`aceObjectId`, `aceObjectDescriptionFlags`, `weenieClassId`, `weenieHeaderFlags`, `iconId`, `iconOverlayId`, `iconUnderlayId`, `modelTableId`, `soundTableId`, `motionTableId`, `currentMotionState`, `animationFrameId`, `physicsTableId`, `physicsDescriptionFlag`, `spellId`, `playScript`, `defaultScript`)
VALUES (803, 2097176, 803, 20, 100668115, NULL, NULL, 33555088, NULL, NULL, NULL, 101, NULL, 163841, NULL, NULL, NULL);

INSERT INTO `ace_object_properties_string` (`aceObjectId`, `strPropertyId`, `propertyValue`)
VALUES (803, 1, 'Jade Sepent');

INSERT INTO `ace_object_properties_int` (`aceObjectId`, `intPropertyId`, `propertyValue`)
VALUES (803, 1, 128);

INSERT INTO `ace_object_properties_int` (`aceObjectId`, `intPropertyId`, `propertyValue`)
VALUES (803, 5, 9000);

INSERT INTO `ace_object_properties_int` (`aceObjectId`, `intPropertyId`, `propertyValue`)
VALUES (803, 16, 1);

INSERT INTO `ace_object_properties_int` (`aceObjectId`, `intPropertyId`, `propertyValue`)
VALUES (803, 19, 125);

INSERT INTO `ace_object_properties_int` (`aceObjectId`, `intPropertyId`, `propertyValue`)
VALUES (803, 93, 1048);

INSERT INTO `ace_object_texture_map_change` (`aceObjectId`, `index`, `oldId`, `newId`)
VALUES (803, 0, 83891055, 83889909);

INSERT INTO `ace_object_animation_change` (`aceObjectId`, `index`, `animationId`)
VALUES (803, 0, 16780409);

INSERT INTO ace_weenie_class (`weenieClassId`, `weenieClassDescription`)
VALUES (852, 'shoushishopkeepsign');

INSERT INTO `ace_object` (`aceObjectId`, `aceObjectDescriptionFlags`, `weenieClassId`, `weenieHeaderFlags`, `iconId`, `iconOverlayId`, `iconUnderlayId`, `modelTableId`, `soundTableId`, `motionTableId`, `currentMotionState`, `animationFrameId`, `physicsTableId`, `physicsDescriptionFlag`, `spellId`, `playScript`, `defaultScript`)
VALUES (852, 2097176, 852, 20, 100668115, NULL, NULL, 33555594, NULL, NULL, NULL, NULL, NULL, 32769, NULL, NULL, NULL);

INSERT INTO `ace_object_properties_string` (`aceObjectId`, `strPropertyId`, `propertyValue`)
VALUES (852, 1, 'Spire of Serenity');

INSERT INTO `ace_object_properties_int` (`aceObjectId`, `intPropertyId`, `propertyValue`)
VALUES (852, 1, 128);

INSERT INTO `ace_object_properties_int` (`aceObjectId`, `intPropertyId`, `propertyValue`)
VALUES (852, 5, 9000);

INSERT INTO `ace_object_properties_int` (`aceObjectId`, `intPropertyId`, `propertyValue`)
VALUES (852, 16, 1);

INSERT INTO `ace_object_properties_int` (`aceObjectId`, `intPropertyId`, `propertyValue`)
VALUES (852, 19, 125);

INSERT INTO `ace_object_properties_int` (`aceObjectId`, `intPropertyId`, `propertyValue`)
VALUES (852, 93, 66584);

INSERT INTO ace_weenie_class (`weenieClassId`, `weenieClassDescription`)
VALUES (850, 'shoushipubsign');

INSERT INTO `ace_object` (`aceObjectId`, `aceObjectDescriptionFlags`, `weenieClassId`, `weenieHeaderFlags`, `iconId`, `iconOverlayId`, `iconUnderlayId`, `modelTableId`, `soundTableId`, `motionTableId`, `currentMotionState`, `animationFrameId`, `physicsTableId`, `physicsDescriptionFlag`, `spellId`, `playScript`, `defaultScript`)
VALUES (850, 2097176, 850, 20, 100668115, NULL, NULL, 33555594, NULL, NULL, NULL, NULL, NULL, 32769, NULL, NULL, NULL);

INSERT INTO `ace_object_properties_string` (`aceObjectId`, `strPropertyId`, `propertyValue`)
VALUES (850, 1, 'Three Swords Hall');

INSERT INTO `ace_object_properties_int` (`aceObjectId`, `intPropertyId`, `propertyValue`)
VALUES (850, 1, 128);

INSERT INTO `ace_object_properties_int` (`aceObjectId`, `intPropertyId`, `propertyValue`)
VALUES (850, 5, 9000);

INSERT INTO `ace_object_properties_int` (`aceObjectId`, `intPropertyId`, `propertyValue`)
VALUES (850, 16, 1);

INSERT INTO `ace_object_properties_int` (`aceObjectId`, `intPropertyId`, `propertyValue`)
VALUES (850, 19, 125);

INSERT INTO `ace_object_properties_int` (`aceObjectId`, `intPropertyId`, `propertyValue`)
VALUES (850, 93, 66584);

INSERT INTO `ace_object_texture_map_change` (`aceObjectId`, `index`, `oldId`, `newId`)
VALUES (850, 0, 83891180, 83891184);

INSERT INTO `ace_object_animation_change` (`aceObjectId`, `index`, `animationId`)
VALUES (850, 0, 16782236);

INSERT INTO ace_weenie_class (`weenieClassId`, `weenieClassDescription`)
VALUES (844, 'shoushiapparelsign');

INSERT INTO `ace_object` (`aceObjectId`, `aceObjectDescriptionFlags`, `weenieClassId`, `weenieHeaderFlags`, `iconId`, `iconOverlayId`, `iconUnderlayId`, `modelTableId`, `soundTableId`, `motionTableId`, `currentMotionState`, `animationFrameId`, `physicsTableId`, `physicsDescriptionFlag`, `spellId`, `playScript`, `defaultScript`)
VALUES (844, 2097176, 844, 20, 100668115, NULL, NULL, 33555594, NULL, NULL, NULL, NULL, NULL, 32769, NULL, NULL, NULL);

INSERT INTO `ace_object_properties_string` (`aceObjectId`, `strPropertyId`, `propertyValue`)
VALUES (844, 1, 'Gonjoku''s Goods');

INSERT INTO `ace_object_properties_int` (`aceObjectId`, `intPropertyId`, `propertyValue`)
VALUES (844, 1, 128);

INSERT INTO `ace_object_properties_int` (`aceObjectId`, `intPropertyId`, `propertyValue`)
VALUES (844, 5, 9000);

INSERT INTO `ace_object_properties_int` (`aceObjectId`, `intPropertyId`, `propertyValue`)
VALUES (844, 16, 1);

INSERT INTO `ace_object_properties_int` (`aceObjectId`, `intPropertyId`, `propertyValue`)
VALUES (844, 19, 125);

INSERT INTO `ace_object_properties_int` (`aceObjectId`, `intPropertyId`, `propertyValue`)
VALUES (844, 93, 66584);

INSERT INTO `ace_object_texture_map_change` (`aceObjectId`, `index`, `oldId`, `newId`)
VALUES (844, 0, 83891180, 83891177);

INSERT INTO `ace_object_animation_change` (`aceObjectId`, `index`, `animationId`)
VALUES (844, 0, 16782236);

INSERT INTO ace_weenie_class (`weenieClassId`, `weenieClassDescription`)
VALUES (845, 'shoushiblacksmithsign');

INSERT INTO `ace_object` (`aceObjectId`, `aceObjectDescriptionFlags`, `weenieClassId`, `weenieHeaderFlags`, `iconId`, `iconOverlayId`, `iconUnderlayId`, `modelTableId`, `soundTableId`, `motionTableId`, `currentMotionState`, `animationFrameId`, `physicsTableId`, `physicsDescriptionFlag`, `spellId`, `playScript`, `defaultScript`)
VALUES (845, 2097176, 845, 20, 100668115, NULL, NULL, 33555594, NULL, NULL, NULL, NULL, NULL, 32769, NULL, NULL, NULL);

INSERT INTO `ace_object_properties_string` (`aceObjectId`, `strPropertyId`, `propertyValue`)
VALUES (845, 1, 'Metalworker');

INSERT INTO `ace_object_properties_int` (`aceObjectId`, `intPropertyId`, `propertyValue`)
VALUES (845, 1, 128);

INSERT INTO `ace_object_properties_int` (`aceObjectId`, `intPropertyId`, `propertyValue`)
VALUES (845, 5, 9000);

INSERT INTO `ace_object_properties_int` (`aceObjectId`, `intPropertyId`, `propertyValue`)
VALUES (845, 16, 1);

INSERT INTO `ace_object_properties_int` (`aceObjectId`, `intPropertyId`, `propertyValue`)
VALUES (845, 19, 125);

INSERT INTO `ace_object_properties_int` (`aceObjectId`, `intPropertyId`, `propertyValue`)
VALUES (845, 93, 66584);

INSERT INTO `ace_object_texture_map_change` (`aceObjectId`, `index`, `oldId`, `newId`)
VALUES (845, 0, 83891180, 83891178);

INSERT INTO `ace_object_animation_change` (`aceObjectId`, `index`, `animationId`)
VALUES (845, 0, 16782236);

INSERT INTO ace_weenie_class (`weenieClassId`, `weenieClassDescription`)
VALUES (849, 'shoushijewelersign');

INSERT INTO `ace_object` (`aceObjectId`, `aceObjectDescriptionFlags`, `weenieClassId`, `weenieHeaderFlags`, `iconId`, `iconOverlayId`, `iconUnderlayId`, `modelTableId`, `soundTableId`, `motionTableId`, `currentMotionState`, `animationFrameId`, `physicsTableId`, `physicsDescriptionFlag`, `spellId`, `playScript`, `defaultScript`)
VALUES (849, 2097176, 849, 20, 100668115, NULL, NULL, 33555594, NULL, NULL, NULL, NULL, NULL, 32769, NULL, NULL, NULL);

INSERT INTO `ace_object_properties_string` (`aceObjectId`, `strPropertyId`, `propertyValue`)
VALUES (849, 1, 'Konaji''s Jewels');

INSERT INTO `ace_object_properties_int` (`aceObjectId`, `intPropertyId`, `propertyValue`)
VALUES (849, 1, 128);

INSERT INTO `ace_object_properties_int` (`aceObjectId`, `intPropertyId`, `propertyValue`)
VALUES (849, 5, 9000);

INSERT INTO `ace_object_properties_int` (`aceObjectId`, `intPropertyId`, `propertyValue`)
VALUES (849, 16, 1);

INSERT INTO `ace_object_properties_int` (`aceObjectId`, `intPropertyId`, `propertyValue`)
VALUES (849, 19, 125);

INSERT INTO `ace_object_properties_int` (`aceObjectId`, `intPropertyId`, `propertyValue`)
VALUES (849, 93, 66584);

INSERT INTO `ace_object_texture_map_change` (`aceObjectId`, `index`, `oldId`, `newId`)
VALUES (849, 0, 83891180, 83891183);

INSERT INTO `ace_object_animation_change` (`aceObjectId`, `index`, `animationId`)
VALUES (849, 0, 16782236);

INSERT INTO ace_weenie_class (`weenieClassId`, `weenieClassDescription`)
VALUES (846, 'shoushibowyersign');

INSERT INTO `ace_object` (`aceObjectId`, `aceObjectDescriptionFlags`, `weenieClassId`, `weenieHeaderFlags`, `iconId`, `iconOverlayId`, `iconUnderlayId`, `modelTableId`, `soundTableId`, `motionTableId`, `currentMotionState`, `animationFrameId`, `physicsTableId`, `physicsDescriptionFlag`, `spellId`, `playScript`, `defaultScript`)
VALUES (846, 2097176, 846, 20, 100668115, NULL, NULL, 33555594, NULL, NULL, NULL, NULL, NULL, 32769, NULL, NULL, NULL);

INSERT INTO `ace_object_properties_string` (`aceObjectId`, `strPropertyId`, `propertyValue`)
VALUES (846, 1, 'Bowyer Zhofon');

INSERT INTO `ace_object_properties_int` (`aceObjectId`, `intPropertyId`, `propertyValue`)
VALUES (846, 1, 128);

INSERT INTO `ace_object_properties_int` (`aceObjectId`, `intPropertyId`, `propertyValue`)
VALUES (846, 5, 9000);

INSERT INTO `ace_object_properties_int` (`aceObjectId`, `intPropertyId`, `propertyValue`)
VALUES (846, 16, 1);

INSERT INTO `ace_object_properties_int` (`aceObjectId`, `intPropertyId`, `propertyValue`)
VALUES (846, 19, 125);

INSERT INTO `ace_object_properties_int` (`aceObjectId`, `intPropertyId`, `propertyValue`)
VALUES (846, 93, 66584);

INSERT INTO `ace_object_texture_map_change` (`aceObjectId`, `index`, `oldId`, `newId`)
VALUES (846, 0, 83891180, 83891181);

INSERT INTO `ace_object_animation_change` (`aceObjectId`, `index`, `animationId`)
VALUES (846, 0, 16782236);

INSERT INTO ace_weenie_class (`weenieClassId`, `weenieClassDescription`)
VALUES (853, 'shoushitailorsign');

INSERT INTO `ace_object` (`aceObjectId`, `aceObjectDescriptionFlags`, `weenieClassId`, `weenieHeaderFlags`, `iconId`, `iconOverlayId`, `iconUnderlayId`, `modelTableId`, `soundTableId`, `motionTableId`, `currentMotionState`, `animationFrameId`, `physicsTableId`, `physicsDescriptionFlag`, `spellId`, `playScript`, `defaultScript`)
VALUES (853, 2097176, 853, 20, 100668115, NULL, NULL, 33555594, NULL, NULL, NULL, NULL, NULL, 32769, NULL, NULL, NULL);

INSERT INTO `ace_object_properties_string` (`aceObjectId`, `strPropertyId`, `propertyValue`)
VALUES (853, 1, 'Tailor Ma');

INSERT INTO `ace_object_properties_int` (`aceObjectId`, `intPropertyId`, `propertyValue`)
VALUES (853, 1, 128);

INSERT INTO `ace_object_properties_int` (`aceObjectId`, `intPropertyId`, `propertyValue`)
VALUES (853, 5, 9000);

INSERT INTO `ace_object_properties_int` (`aceObjectId`, `intPropertyId`, `propertyValue`)
VALUES (853, 16, 1);

INSERT INTO `ace_object_properties_int` (`aceObjectId`, `intPropertyId`, `propertyValue`)
VALUES (853, 19, 125);

INSERT INTO `ace_object_properties_int` (`aceObjectId`, `intPropertyId`, `propertyValue`)
VALUES (853, 93, 66584);

INSERT INTO `ace_object_texture_map_change` (`aceObjectId`, `index`, `oldId`, `newId`)
VALUES (853, 0, 83891180, 83891177);

INSERT INTO `ace_object_animation_change` (`aceObjectId`, `index`, `animationId`)
VALUES (853, 0, 16782236);

INSERT INTO ace_weenie_class (`weenieClassId`, `weenieClassDescription`)
VALUES (847, 'shoushigrocersign');

INSERT INTO `ace_object` (`aceObjectId`, `aceObjectDescriptionFlags`, `weenieClassId`, `weenieHeaderFlags`, `iconId`, `iconOverlayId`, `iconUnderlayId`, `modelTableId`, `soundTableId`, `motionTableId`, `currentMotionState`, `animationFrameId`, `physicsTableId`, `physicsDescriptionFlag`, `spellId`, `playScript`, `defaultScript`)
VALUES (847, 2097176, 847, 20, 100668115, NULL, NULL, 33555594, NULL, NULL, NULL, NULL, NULL, 32769, NULL, NULL, NULL);

INSERT INTO `ace_object_properties_string` (`aceObjectId`, `strPropertyId`, `propertyValue`)
VALUES (847, 1, 'Grocery');

INSERT INTO `ace_object_properties_int` (`aceObjectId`, `intPropertyId`, `propertyValue`)
VALUES (847, 1, 128);

INSERT INTO `ace_object_properties_int` (`aceObjectId`, `intPropertyId`, `propertyValue`)
VALUES (847, 5, 9000);

INSERT INTO `ace_object_properties_int` (`aceObjectId`, `intPropertyId`, `propertyValue`)
VALUES (847, 16, 1);

INSERT INTO `ace_object_properties_int` (`aceObjectId`, `intPropertyId`, `propertyValue`)
VALUES (847, 19, 125);

INSERT INTO `ace_object_properties_int` (`aceObjectId`, `intPropertyId`, `propertyValue`)
VALUES (847, 93, 66584);

INSERT INTO `ace_object_texture_map_change` (`aceObjectId`, `index`, `oldId`, `newId`)
VALUES (847, 0, 83891180, 83891182);

INSERT INTO `ace_object_animation_change` (`aceObjectId`, `index`, `animationId`)
VALUES (847, 0, 16782236);

INSERT INTO ace_weenie_class (`weenieClassId`, `weenieClassDescription`)
VALUES (851, 'shoushiscribesign');

INSERT INTO `ace_object` (`aceObjectId`, `aceObjectDescriptionFlags`, `weenieClassId`, `weenieHeaderFlags`, `iconId`, `iconOverlayId`, `iconUnderlayId`, `modelTableId`, `soundTableId`, `motionTableId`, `currentMotionState`, `animationFrameId`, `physicsTableId`, `physicsDescriptionFlag`, `spellId`, `playScript`, `defaultScript`)
VALUES (851, 2097176, 851, 20, 100668115, NULL, NULL, 33555594, NULL, NULL, NULL, NULL, NULL, 32769, NULL, NULL, NULL);

INSERT INTO `ace_object_properties_string` (`aceObjectId`, `strPropertyId`, `propertyValue`)
VALUES (851, 1, 'Brush and Stone');

INSERT INTO `ace_object_properties_int` (`aceObjectId`, `intPropertyId`, `propertyValue`)
VALUES (851, 1, 128);

INSERT INTO `ace_object_properties_int` (`aceObjectId`, `intPropertyId`, `propertyValue`)
VALUES (851, 5, 9000);

INSERT INTO `ace_object_properties_int` (`aceObjectId`, `intPropertyId`, `propertyValue`)
VALUES (851, 16, 1);

INSERT INTO `ace_object_properties_int` (`aceObjectId`, `intPropertyId`, `propertyValue`)
VALUES (851, 19, 125);

INSERT INTO `ace_object_properties_int` (`aceObjectId`, `intPropertyId`, `propertyValue`)
VALUES (851, 93, 66584);

INSERT INTO `ace_object_texture_map_change` (`aceObjectId`, `index`, `oldId`, `newId`)
VALUES (851, 0, 83891180, 83891185);

INSERT INTO `ace_object_animation_change` (`aceObjectId`, `index`, `animationId`)
VALUES (851, 0, 16782236);

INSERT INTO ace_weenie_class (`weenieClassId`, `weenieClassDescription`)
VALUES (848, 'shoushiinnsign');

INSERT INTO `ace_object` (`aceObjectId`, `aceObjectDescriptionFlags`, `weenieClassId`, `weenieHeaderFlags`, `iconId`, `iconOverlayId`, `iconUnderlayId`, `modelTableId`, `soundTableId`, `motionTableId`, `currentMotionState`, `animationFrameId`, `physicsTableId`, `physicsDescriptionFlag`, `spellId`, `playScript`, `defaultScript`)
VALUES (848, 2097176, 848, 20, 100668115, NULL, NULL, 33555594, NULL, NULL, NULL, NULL, NULL, 32769, NULL, NULL, NULL);

INSERT INTO `ace_object_properties_string` (`aceObjectId`, `strPropertyId`, `propertyValue`)
VALUES (848, 1, 'Black Swan Inn');

INSERT INTO `ace_object_properties_int` (`aceObjectId`, `intPropertyId`, `propertyValue`)
VALUES (848, 1, 128);

INSERT INTO `ace_object_properties_int` (`aceObjectId`, `intPropertyId`, `propertyValue`)
VALUES (848, 5, 9000);

INSERT INTO `ace_object_properties_int` (`aceObjectId`, `intPropertyId`, `propertyValue`)
VALUES (848, 16, 1);

INSERT INTO `ace_object_properties_int` (`aceObjectId`, `intPropertyId`, `propertyValue`)
VALUES (848, 19, 125);

INSERT INTO `ace_object_properties_int` (`aceObjectId`, `intPropertyId`, `propertyValue`)
VALUES (848, 93, 66584);

INSERT INTO `ace_object_texture_map_change` (`aceObjectId`, `index`, `oldId`, `newId`)
VALUES (848, 0, 83891180, 83891184);

INSERT INTO `ace_object_animation_change` (`aceObjectId`, `index`, `animationId`)
VALUES (848, 0, 16782236);

INSERT INTO ace_weenie_class (`weenieClassId`, `weenieClassDescription`)
VALUES (4136, 'shoushihealersign');

INSERT INTO `ace_object` (`aceObjectId`, `aceObjectDescriptionFlags`, `weenieClassId`, `weenieHeaderFlags`, `iconId`, `iconOverlayId`, `iconUnderlayId`, `modelTableId`, `soundTableId`, `motionTableId`, `currentMotionState`, `animationFrameId`, `physicsTableId`, `physicsDescriptionFlag`, `spellId`, `playScript`, `defaultScript`)
VALUES (4136, 2097176, 4136, 20, 100668115, NULL, NULL, 33555594, NULL, NULL, NULL, NULL, NULL, 32769, NULL, NULL, NULL);

INSERT INTO `ace_object_properties_string` (`aceObjectId`, `strPropertyId`, `propertyValue`)
VALUES (4136, 1, 'The Gentle Hand');

INSERT INTO `ace_object_properties_int` (`aceObjectId`, `intPropertyId`, `propertyValue`)
VALUES (4136, 1, 128);

INSERT INTO `ace_object_properties_int` (`aceObjectId`, `intPropertyId`, `propertyValue`)
VALUES (4136, 5, 9000);

INSERT INTO `ace_object_properties_int` (`aceObjectId`, `intPropertyId`, `propertyValue`)
VALUES (4136, 16, 1);

INSERT INTO `ace_object_properties_int` (`aceObjectId`, `intPropertyId`, `propertyValue`)
VALUES (4136, 19, 125);

INSERT INTO `ace_object_properties_int` (`aceObjectId`, `intPropertyId`, `propertyValue`)
VALUES (4136, 93, 66584);

INSERT INTO `ace_object_texture_map_change` (`aceObjectId`, `index`, `oldId`, `newId`)
VALUES (4136, 0, 83891180, 83891179);

INSERT INTO `ace_object_animation_change` (`aceObjectId`, `index`, `animationId`)
VALUES (4136, 0, 16782236);

INSERT INTO ace_weenie_class (`weenieClassId`, `weenieClassDescription`)
VALUES (4135, 'shoushiarchmagesign');

INSERT INTO `ace_object` (`aceObjectId`, `aceObjectDescriptionFlags`, `weenieClassId`, `weenieHeaderFlags`, `iconId`, `iconOverlayId`, `iconUnderlayId`, `modelTableId`, `soundTableId`, `motionTableId`, `currentMotionState`, `animationFrameId`, `physicsTableId`, `physicsDescriptionFlag`, `spellId`, `playScript`, `defaultScript`)
VALUES (4135, 2097176, 4135, 20, 100668115, NULL, NULL, 33555594, NULL, NULL, NULL, NULL, NULL, 32769, NULL, NULL, NULL);

INSERT INTO `ace_object_properties_string` (`aceObjectId`, `strPropertyId`, `propertyValue`)
VALUES (4135, 1, 'Archmage Chen Wah-Ji');

INSERT INTO `ace_object_properties_int` (`aceObjectId`, `intPropertyId`, `propertyValue`)
VALUES (4135, 1, 128);

INSERT INTO `ace_object_properties_int` (`aceObjectId`, `intPropertyId`, `propertyValue`)
VALUES (4135, 5, 9000);

INSERT INTO `ace_object_properties_int` (`aceObjectId`, `intPropertyId`, `propertyValue`)
VALUES (4135, 16, 1);

INSERT INTO `ace_object_properties_int` (`aceObjectId`, `intPropertyId`, `propertyValue`)
VALUES (4135, 19, 125);

INSERT INTO `ace_object_properties_int` (`aceObjectId`, `intPropertyId`, `propertyValue`)
VALUES (4135, 93, 66584);

INSERT INTO ace_weenie_class (`weenieClassId`, `weenieClassDescription`)
VALUES (2265, 'baishiarchmagesign');

INSERT INTO `ace_object` (`aceObjectId`, `aceObjectDescriptionFlags`, `weenieClassId`, `weenieHeaderFlags`, `iconId`, `iconOverlayId`, `iconUnderlayId`, `modelTableId`, `soundTableId`, `motionTableId`, `currentMotionState`, `animationFrameId`, `physicsTableId`, `physicsDescriptionFlag`, `spellId`, `playScript`, `defaultScript`)
VALUES (2265, 2097176, 2265, 20, 100668115, NULL, NULL, 33555088, NULL, NULL, NULL, 101, NULL, 163841, NULL, NULL, NULL);

INSERT INTO `ace_object_properties_string` (`aceObjectId`, `strPropertyId`, `propertyValue`)
VALUES (2265, 1, 'Seven Stars Tower');

INSERT INTO `ace_object_properties_int` (`aceObjectId`, `intPropertyId`, `propertyValue`)
VALUES (2265, 1, 128);

INSERT INTO `ace_object_properties_int` (`aceObjectId`, `intPropertyId`, `propertyValue`)
VALUES (2265, 5, 9000);

INSERT INTO `ace_object_properties_int` (`aceObjectId`, `intPropertyId`, `propertyValue`)
VALUES (2265, 16, 1);

INSERT INTO `ace_object_properties_int` (`aceObjectId`, `intPropertyId`, `propertyValue`)
VALUES (2265, 19, 125);

INSERT INTO `ace_object_properties_int` (`aceObjectId`, `intPropertyId`, `propertyValue`)
VALUES (2265, 93, 1048);

INSERT INTO `ace_object_texture_map_change` (`aceObjectId`, `index`, `oldId`, `newId`)
VALUES (2265, 0, 83891055, 83889857);

INSERT INTO `ace_object_animation_change` (`aceObjectId`, `index`, `animationId`)
VALUES (2265, 0, 16780409);

INSERT INTO ace_weenie_class (`weenieClassId`, `weenieClassDescription`)
VALUES (23882, 'signulgrimshouse');

INSERT INTO `ace_object` (`aceObjectId`, `aceObjectDescriptionFlags`, `weenieClassId`, `weenieHeaderFlags`, `iconId`, `iconOverlayId`, `iconUnderlayId`, `modelTableId`, `soundTableId`, `motionTableId`, `currentMotionState`, `animationFrameId`, `physicsTableId`, `physicsDescriptionFlag`, `spellId`, `playScript`, `defaultScript`)
VALUES (23882, 2097208, 23882, 20, 100668115, NULL, NULL, 33555088, NULL, NULL, NULL, 101, NULL, 163841, NULL, NULL, NULL);

INSERT INTO `ace_object_properties_string` (`aceObjectId`, `strPropertyId`, `propertyValue`)
VALUES (23882, 1, 'Ulgrim''s House');

INSERT INTO `ace_object_properties_int` (`aceObjectId`, `intPropertyId`, `propertyValue`)
VALUES (23882, 1, 128);

INSERT INTO `ace_object_properties_int` (`aceObjectId`, `intPropertyId`, `propertyValue`)
VALUES (23882, 5, 9000);

INSERT INTO `ace_object_properties_int` (`aceObjectId`, `intPropertyId`, `propertyValue`)
VALUES (23882, 16, 1);

INSERT INTO `ace_object_properties_double` (`aceObjectId`, `dblPropertyId`, `propertyValue`)
VALUES (23882, 54, 3);

INSERT INTO `ace_object_properties_int` (`aceObjectId`, `intPropertyId`, `propertyValue`)
VALUES (23882, 19, 125);

INSERT INTO `ace_object_properties_int` (`aceObjectId`, `intPropertyId`, `propertyValue`)
VALUES (23882, 93, 1048);

INSERT INTO `ace_object_texture_map_change` (`aceObjectId`, `index`, `oldId`, `newId`)
VALUES (23882, 0, 83891055, 83891060);

INSERT INTO `ace_object_animation_change` (`aceObjectId`, `index`, `animationId`)
VALUES (23882, 0, 16780409);

INSERT INTO ace_weenie_class (`weenieClassId`, `weenieClassDescription`)
VALUES (9683, 'danbysign');

INSERT INTO `ace_object` (`aceObjectId`, `aceObjectDescriptionFlags`, `weenieClassId`, `weenieHeaderFlags`, `iconId`, `iconOverlayId`, `iconUnderlayId`, `modelTableId`, `soundTableId`, `motionTableId`, `currentMotionState`, `animationFrameId`, `physicsTableId`, `physicsDescriptionFlag`, `spellId`, `playScript`, `defaultScript`)
VALUES (9683, 2097176, 9683, 20, 100668115, NULL, NULL, 33555088, NULL, NULL, NULL, 101, NULL, 163841, NULL, NULL, NULL);

INSERT INTO `ace_object_properties_string` (`aceObjectId`, `strPropertyId`, `propertyValue`)
VALUES (9683, 1, 'Danby''s Outpost');

INSERT INTO `ace_object_properties_int` (`aceObjectId`, `intPropertyId`, `propertyValue`)
VALUES (9683, 1, 128);

INSERT INTO `ace_object_properties_int` (`aceObjectId`, `intPropertyId`, `propertyValue`)
VALUES (9683, 5, 9000);

INSERT INTO `ace_object_properties_int` (`aceObjectId`, `intPropertyId`, `propertyValue`)
VALUES (9683, 16, 1);

INSERT INTO `ace_object_properties_int` (`aceObjectId`, `intPropertyId`, `propertyValue`)
VALUES (9683, 19, 125);

INSERT INTO `ace_object_properties_int` (`aceObjectId`, `intPropertyId`, `propertyValue`)
VALUES (9683, 93, 1048);

INSERT INTO `ace_object_texture_map_change` (`aceObjectId`, `index`, `oldId`, `newId`)
VALUES (9683, 0, 83891055, 83893300);

INSERT INTO `ace_object_animation_change` (`aceObjectId`, `index`, `animationId`)
VALUES (9683, 0, 16780409);

INSERT INTO ace_weenie_class (`weenieClassId`, `weenieClassDescription`)
VALUES (24585, 'candethkeephealersign');

INSERT INTO `ace_object` (`aceObjectId`, `aceObjectDescriptionFlags`, `weenieClassId`, `weenieHeaderFlags`, `iconId`, `iconOverlayId`, `iconUnderlayId`, `modelTableId`, `soundTableId`, `motionTableId`, `currentMotionState`, `animationFrameId`, `physicsTableId`, `physicsDescriptionFlag`, `spellId`, `playScript`, `defaultScript`)
VALUES (24585, 2097176, 24585, 20, 100668115, NULL, NULL, 33555088, NULL, NULL, NULL, 101, NULL, 163841, NULL, NULL, NULL);

INSERT INTO `ace_object_properties_string` (`aceObjectId`, `strPropertyId`, `propertyValue`)
VALUES (24585, 1, 'The Healer''s Home');

INSERT INTO `ace_object_properties_int` (`aceObjectId`, `intPropertyId`, `propertyValue`)
VALUES (24585, 1, 128);

INSERT INTO `ace_object_properties_int` (`aceObjectId`, `intPropertyId`, `propertyValue`)
VALUES (24585, 5, 9000);

INSERT INTO `ace_object_properties_int` (`aceObjectId`, `intPropertyId`, `propertyValue`)
VALUES (24585, 16, 1);

INSERT INTO `ace_object_properties_int` (`aceObjectId`, `intPropertyId`, `propertyValue`)
VALUES (24585, 19, 125);

INSERT INTO `ace_object_properties_int` (`aceObjectId`, `intPropertyId`, `propertyValue`)
VALUES (24585, 93, 1048);

INSERT INTO `ace_object_texture_map_change` (`aceObjectId`, `index`, `oldId`, `newId`)
VALUES (24585, 0, 83891055, 83889901);

INSERT INTO `ace_object_animation_change` (`aceObjectId`, `index`, `animationId`)
VALUES (24585, 0, 16780409);

INSERT INTO ace_weenie_class (`weenieClassId`, `weenieClassDescription`)
VALUES (24583, 'candethkeepbowyersign');

INSERT INTO `ace_object` (`aceObjectId`, `aceObjectDescriptionFlags`, `weenieClassId`, `weenieHeaderFlags`, `iconId`, `iconOverlayId`, `iconUnderlayId`, `modelTableId`, `soundTableId`, `motionTableId`, `currentMotionState`, `animationFrameId`, `physicsTableId`, `physicsDescriptionFlag`, `spellId`, `playScript`, `defaultScript`)
VALUES (24583, 2097176, 24583, 20, 100668115, NULL, NULL, 33555088, NULL, NULL, NULL, 101, NULL, 163841, NULL, NULL, NULL);

INSERT INTO `ace_object_properties_string` (`aceObjectId`, `strPropertyId`, `propertyValue`)
VALUES (24583, 1, 'Shot in the Arm Bowyers');

INSERT INTO `ace_object_properties_int` (`aceObjectId`, `intPropertyId`, `propertyValue`)
VALUES (24583, 1, 128);

INSERT INTO `ace_object_properties_int` (`aceObjectId`, `intPropertyId`, `propertyValue`)
VALUES (24583, 5, 9000);

INSERT INTO `ace_object_properties_int` (`aceObjectId`, `intPropertyId`, `propertyValue`)
VALUES (24583, 16, 1);

INSERT INTO `ace_object_properties_int` (`aceObjectId`, `intPropertyId`, `propertyValue`)
VALUES (24583, 19, 125);

INSERT INTO `ace_object_properties_int` (`aceObjectId`, `intPropertyId`, `propertyValue`)
VALUES (24583, 93, 1048);

INSERT INTO `ace_object_texture_map_change` (`aceObjectId`, `index`, `oldId`, `newId`)
VALUES (24583, 0, 83891055, 83889907);

INSERT INTO `ace_object_animation_change` (`aceObjectId`, `index`, `animationId`)
VALUES (24583, 0, 16780409);

INSERT INTO ace_weenie_class (`weenieClassId`, `weenieClassDescription`)
VALUES (24876, 'candethkeepivorycraftersign');

INSERT INTO `ace_object` (`aceObjectId`, `aceObjectDescriptionFlags`, `weenieClassId`, `weenieHeaderFlags`, `iconId`, `iconOverlayId`, `iconUnderlayId`, `modelTableId`, `soundTableId`, `motionTableId`, `currentMotionState`, `animationFrameId`, `physicsTableId`, `physicsDescriptionFlag`, `spellId`, `playScript`, `defaultScript`)
VALUES (24876, 2097176, 24876, 20, 100668115, NULL, NULL, 33555088, NULL, NULL, NULL, 101, NULL, 163841, NULL, NULL, NULL);

INSERT INTO `ace_object_properties_string` (`aceObjectId`, `strPropertyId`, `propertyValue`)
VALUES (24876, 1, 'House of Bones');

INSERT INTO `ace_object_properties_int` (`aceObjectId`, `intPropertyId`, `propertyValue`)
VALUES (24876, 1, 128);

INSERT INTO `ace_object_properties_int` (`aceObjectId`, `intPropertyId`, `propertyValue`)
VALUES (24876, 5, 9000);

INSERT INTO `ace_object_properties_int` (`aceObjectId`, `intPropertyId`, `propertyValue`)
VALUES (24876, 16, 1);

INSERT INTO `ace_object_properties_int` (`aceObjectId`, `intPropertyId`, `propertyValue`)
VALUES (24876, 19, 125);

INSERT INTO `ace_object_properties_int` (`aceObjectId`, `intPropertyId`, `propertyValue`)
VALUES (24876, 93, 1048);

INSERT INTO ace_weenie_class (`weenieClassId`, `weenieClassDescription`)
VALUES (24582, 'candethkeepblacksmithsign');

INSERT INTO `ace_object` (`aceObjectId`, `aceObjectDescriptionFlags`, `weenieClassId`, `weenieHeaderFlags`, `iconId`, `iconOverlayId`, `iconUnderlayId`, `modelTableId`, `soundTableId`, `motionTableId`, `currentMotionState`, `animationFrameId`, `physicsTableId`, `physicsDescriptionFlag`, `spellId`, `playScript`, `defaultScript`)
VALUES (24582, 2097176, 24582, 20, 100668115, NULL, NULL, 33555088, NULL, NULL, NULL, 101, NULL, 163841, NULL, NULL, NULL);

INSERT INTO `ace_object_properties_string` (`aceObjectId`, `strPropertyId`, `propertyValue`)
VALUES (24582, 1, 'Rkos and Ry''zir''s Metalworks');

INSERT INTO `ace_object_properties_int` (`aceObjectId`, `intPropertyId`, `propertyValue`)
VALUES (24582, 1, 128);

INSERT INTO `ace_object_properties_int` (`aceObjectId`, `intPropertyId`, `propertyValue`)
VALUES (24582, 5, 9000);

INSERT INTO `ace_object_properties_int` (`aceObjectId`, `intPropertyId`, `propertyValue`)
VALUES (24582, 16, 1);

INSERT INTO `ace_object_properties_int` (`aceObjectId`, `intPropertyId`, `propertyValue`)
VALUES (24582, 19, 125);

INSERT INTO `ace_object_properties_int` (`aceObjectId`, `intPropertyId`, `propertyValue`)
VALUES (24582, 93, 1048);

INSERT INTO `ace_object_texture_map_change` (`aceObjectId`, `index`, `oldId`, `newId`)
VALUES (24582, 0, 83891055, 83889904);

INSERT INTO `ace_object_animation_change` (`aceObjectId`, `index`, `animationId`)
VALUES (24582, 0, 16780409);

INSERT INTO ace_weenie_class (`weenieClassId`, `weenieClassDescription`)
VALUES (24581, 'candethkeeparchmagesign');

INSERT INTO `ace_object` (`aceObjectId`, `aceObjectDescriptionFlags`, `weenieClassId`, `weenieHeaderFlags`, `iconId`, `iconOverlayId`, `iconUnderlayId`, `modelTableId`, `soundTableId`, `motionTableId`, `currentMotionState`, `animationFrameId`, `physicsTableId`, `physicsDescriptionFlag`, `spellId`, `playScript`, `defaultScript`)
VALUES (24581, 2097176, 24581, 20, 100668115, NULL, NULL, 33555909, NULL, NULL, NULL, NULL, NULL, 32769, NULL, NULL, NULL);

INSERT INTO `ace_object_properties_string` (`aceObjectId`, `strPropertyId`, `propertyValue`)
VALUES (24581, 1, 'Lady Dain''s Tower (Archmagus)');

INSERT INTO `ace_object_properties_int` (`aceObjectId`, `intPropertyId`, `propertyValue`)
VALUES (24581, 1, 128);

INSERT INTO `ace_object_properties_int` (`aceObjectId`, `intPropertyId`, `propertyValue`)
VALUES (24581, 5, 9000);

INSERT INTO `ace_object_properties_int` (`aceObjectId`, `intPropertyId`, `propertyValue`)
VALUES (24581, 16, 1);

INSERT INTO `ace_object_properties_int` (`aceObjectId`, `intPropertyId`, `propertyValue`)
VALUES (24581, 19, 125);

INSERT INTO `ace_object_properties_int` (`aceObjectId`, `intPropertyId`, `propertyValue`)
VALUES (24581, 93, 24);

INSERT INTO `ace_object_texture_map_change` (`aceObjectId`, `index`, `oldId`, `newId`)
VALUES (24581, 0, 83892071, 83892184);

INSERT INTO `ace_object_animation_change` (`aceObjectId`, `index`, `animationId`)
VALUES (24581, 0, 16783205);

INSERT INTO ace_weenie_class (`weenieClassId`, `weenieClassDescription`)
VALUES (24584, 'candethkeepgrocersign');

INSERT INTO `ace_object` (`aceObjectId`, `aceObjectDescriptionFlags`, `weenieClassId`, `weenieHeaderFlags`, `iconId`, `iconOverlayId`, `iconUnderlayId`, `modelTableId`, `soundTableId`, `motionTableId`, `currentMotionState`, `animationFrameId`, `physicsTableId`, `physicsDescriptionFlag`, `spellId`, `playScript`, `defaultScript`)
VALUES (24584, 2097176, 24584, 20, 100668115, NULL, NULL, 33555088, NULL, NULL, NULL, 101, NULL, 163841, NULL, NULL, NULL);

INSERT INTO `ace_object_properties_string` (`aceObjectId`, `strPropertyId`, `propertyValue`)
VALUES (24584, 1, 'Sangi''s Goods');

INSERT INTO `ace_object_properties_int` (`aceObjectId`, `intPropertyId`, `propertyValue`)
VALUES (24584, 1, 128);

INSERT INTO `ace_object_properties_int` (`aceObjectId`, `intPropertyId`, `propertyValue`)
VALUES (24584, 5, 9000);

INSERT INTO `ace_object_properties_int` (`aceObjectId`, `intPropertyId`, `propertyValue`)
VALUES (24584, 16, 1);

INSERT INTO `ace_object_properties_int` (`aceObjectId`, `intPropertyId`, `propertyValue`)
VALUES (24584, 19, 125);

INSERT INTO `ace_object_properties_int` (`aceObjectId`, `intPropertyId`, `propertyValue`)
VALUES (24584, 93, 1048);

INSERT INTO `ace_object_texture_map_change` (`aceObjectId`, `index`, `oldId`, `newId`)
VALUES (24584, 0, 83891055, 83889906);

INSERT INTO `ace_object_animation_change` (`aceObjectId`, `index`, `animationId`)
VALUES (24584, 0, 16780409);

INSERT INTO ace_weenie_class (`weenieClassId`, `weenieClassDescription`)
VALUES (24586, 'candethkeeppubsign');

INSERT INTO `ace_object` (`aceObjectId`, `aceObjectDescriptionFlags`, `weenieClassId`, `weenieHeaderFlags`, `iconId`, `iconOverlayId`, `iconUnderlayId`, `modelTableId`, `soundTableId`, `motionTableId`, `currentMotionState`, `animationFrameId`, `physicsTableId`, `physicsDescriptionFlag`, `spellId`, `playScript`, `defaultScript`)
VALUES (24586, 2097176, 24586, 20, 100668115, NULL, NULL, 33555088, NULL, NULL, NULL, 101, NULL, 163841, NULL, NULL, NULL);

INSERT INTO `ace_object_properties_string` (`aceObjectId`, `strPropertyId`, `propertyValue`)
VALUES (24586, 1, 'The Ravenous Mattekar Tavern');

INSERT INTO `ace_object_properties_int` (`aceObjectId`, `intPropertyId`, `propertyValue`)
VALUES (24586, 1, 128);

INSERT INTO `ace_object_properties_int` (`aceObjectId`, `intPropertyId`, `propertyValue`)
VALUES (24586, 5, 9000);

INSERT INTO `ace_object_properties_int` (`aceObjectId`, `intPropertyId`, `propertyValue`)
VALUES (24586, 16, 1);

INSERT INTO `ace_object_properties_int` (`aceObjectId`, `intPropertyId`, `propertyValue`)
VALUES (24586, 19, 125);

INSERT INTO `ace_object_properties_int` (`aceObjectId`, `intPropertyId`, `propertyValue`)
VALUES (24586, 93, 1048);

INSERT INTO `ace_object_texture_map_change` (`aceObjectId`, `index`, `oldId`, `newId`)
VALUES (24586, 0, 83891055, 83891060);

INSERT INTO `ace_object_animation_change` (`aceObjectId`, `index`, `animationId`)
VALUES (24586, 0, 16780409);

INSERT INTO ace_weenie_class (`weenieClassId`, `weenieClassDescription`)
VALUES (25797, 'frosthavensign');

INSERT INTO `ace_object` (`aceObjectId`, `aceObjectDescriptionFlags`, `weenieClassId`, `weenieHeaderFlags`, `iconId`, `iconOverlayId`, `iconUnderlayId`, `modelTableId`, `soundTableId`, `motionTableId`, `currentMotionState`, `animationFrameId`, `physicsTableId`, `physicsDescriptionFlag`, `spellId`, `playScript`, `defaultScript`)
VALUES (25797, 2097176, 25797, 20, 100668115, NULL, NULL, 33555088, NULL, NULL, NULL, 101, NULL, 163841, NULL, NULL, NULL);

INSERT INTO `ace_object_properties_string` (`aceObjectId`, `strPropertyId`, `propertyValue`)
VALUES (25797, 1, 'Frost Haven ');

INSERT INTO `ace_object_properties_int` (`aceObjectId`, `intPropertyId`, `propertyValue`)
VALUES (25797, 1, 128);

INSERT INTO `ace_object_properties_int` (`aceObjectId`, `intPropertyId`, `propertyValue`)
VALUES (25797, 5, 9000);

INSERT INTO `ace_object_properties_int` (`aceObjectId`, `intPropertyId`, `propertyValue`)
VALUES (25797, 16, 1);

INSERT INTO `ace_object_properties_int` (`aceObjectId`, `intPropertyId`, `propertyValue`)
VALUES (25797, 19, 125);

INSERT INTO `ace_object_properties_int` (`aceObjectId`, `intPropertyId`, `propertyValue`)
VALUES (25797, 93, 1048);

INSERT INTO ace_weenie_class (`weenieClassId`, `weenieClassDescription`)
VALUES (31218, 'ace31218westwatchoutpost');

INSERT INTO `ace_object` (`aceObjectId`, `aceObjectDescriptionFlags`, `weenieClassId`, `weenieHeaderFlags`, `iconId`, `iconOverlayId`, `iconUnderlayId`, `modelTableId`, `soundTableId`, `motionTableId`, `currentMotionState`, `animationFrameId`, `physicsTableId`, `physicsDescriptionFlag`, `spellId`, `playScript`, `defaultScript`)
VALUES (31218, 2097176, 31218, 20, 100668115, NULL, NULL, 33555088, NULL, NULL, NULL, 101, NULL, 163841, NULL, NULL, NULL);

INSERT INTO `ace_object_properties_string` (`aceObjectId`, `strPropertyId`, `propertyValue`)
VALUES (31218, 1, 'Westwatch Outpost');

INSERT INTO `ace_object_properties_int` (`aceObjectId`, `intPropertyId`, `propertyValue`)
VALUES (31218, 1, 128);

INSERT INTO `ace_object_properties_int` (`aceObjectId`, `intPropertyId`, `propertyValue`)
VALUES (31218, 5, 9000);

INSERT INTO `ace_object_properties_int` (`aceObjectId`, `intPropertyId`, `propertyValue`)
VALUES (31218, 16, 1);

INSERT INTO `ace_object_properties_int` (`aceObjectId`, `intPropertyId`, `propertyValue`)
VALUES (31218, 19, 125);

INSERT INTO `ace_object_properties_int` (`aceObjectId`, `intPropertyId`, `propertyValue`)
VALUES (31218, 93, 24);

INSERT INTO ace_weenie_class (`weenieClassId`, `weenieClassDescription`)
VALUES (31219, 'ace31219eastwatchoutpost');

INSERT INTO `ace_object` (`aceObjectId`, `aceObjectDescriptionFlags`, `weenieClassId`, `weenieHeaderFlags`, `iconId`, `iconOverlayId`, `iconUnderlayId`, `modelTableId`, `soundTableId`, `motionTableId`, `currentMotionState`, `animationFrameId`, `physicsTableId`, `physicsDescriptionFlag`, `spellId`, `playScript`, `defaultScript`)
VALUES (31219, 2097176, 31219, 20, 100668115, NULL, NULL, 33555088, NULL, NULL, NULL, 101, NULL, 163841, NULL, NULL, NULL);

INSERT INTO `ace_object_properties_string` (`aceObjectId`, `strPropertyId`, `propertyValue`)
VALUES (31219, 1, 'Eastwatch Outpost');

INSERT INTO `ace_object_properties_int` (`aceObjectId`, `intPropertyId`, `propertyValue`)
VALUES (31219, 1, 128);

INSERT INTO `ace_object_properties_int` (`aceObjectId`, `intPropertyId`, `propertyValue`)
VALUES (31219, 5, 9000);

INSERT INTO `ace_object_properties_int` (`aceObjectId`, `intPropertyId`, `propertyValue`)
VALUES (31219, 16, 1);

INSERT INTO `ace_object_properties_int` (`aceObjectId`, `intPropertyId`, `propertyValue`)
VALUES (31219, 19, 125);

INSERT INTO `ace_object_properties_int` (`aceObjectId`, `intPropertyId`, `propertyValue`)
VALUES (31219, 93, 24);

INSERT INTO ace_weenie_class (`weenieClassId`, `weenieClassDescription`)
VALUES (22718, 'tuskeremporiumsign');

INSERT INTO `ace_object` (`aceObjectId`, `aceObjectDescriptionFlags`, `weenieClassId`, `weenieHeaderFlags`, `iconId`, `iconOverlayId`, `iconUnderlayId`, `modelTableId`, `soundTableId`, `motionTableId`, `currentMotionState`, `animationFrameId`, `physicsTableId`, `physicsDescriptionFlag`, `spellId`, `playScript`, `defaultScript`)
VALUES (22718, 2097176, 22718, 20, 100668115, NULL, NULL, 33555088, NULL, NULL, NULL, 101, NULL, 163841, NULL, NULL, NULL);

INSERT INTO `ace_object_properties_string` (`aceObjectId`, `strPropertyId`, `propertyValue`)
VALUES (22718, 1, 'Tusker Emporium Sign');

INSERT INTO `ace_object_properties_int` (`aceObjectId`, `intPropertyId`, `propertyValue`)
VALUES (22718, 1, 128);

INSERT INTO `ace_object_properties_int` (`aceObjectId`, `intPropertyId`, `propertyValue`)
VALUES (22718, 5, 9000);

INSERT INTO `ace_object_properties_int` (`aceObjectId`, `intPropertyId`, `propertyValue`)
VALUES (22718, 16, 1);

INSERT INTO `ace_object_properties_int` (`aceObjectId`, `intPropertyId`, `propertyValue`)
VALUES (22718, 19, 125);

INSERT INTO `ace_object_properties_int` (`aceObjectId`, `intPropertyId`, `propertyValue`)
VALUES (22718, 93, 24);

INSERT INTO ace_weenie_class (`weenieClassId`, `weenieClassDescription`)
VALUES (5079, 'shoushiwestoutpostsign');

INSERT INTO `ace_object` (`aceObjectId`, `aceObjectDescriptionFlags`, `weenieClassId`, `weenieHeaderFlags`, `iconId`, `iconOverlayId`, `iconUnderlayId`, `modelTableId`, `soundTableId`, `motionTableId`, `currentMotionState`, `animationFrameId`, `physicsTableId`, `physicsDescriptionFlag`, `spellId`, `playScript`, `defaultScript`)
VALUES (5079, 2097176, 5079, 20, 100668115, NULL, NULL, 33555088, NULL, NULL, NULL, 101, NULL, 163841, NULL, NULL, NULL);

INSERT INTO `ace_object_properties_string` (`aceObjectId`, `strPropertyId`, `propertyValue`)
VALUES (5079, 1, 'West Shoushi Outpost');

INSERT INTO `ace_object_properties_int` (`aceObjectId`, `intPropertyId`, `propertyValue`)
VALUES (5079, 1, 128);

INSERT INTO `ace_object_properties_int` (`aceObjectId`, `intPropertyId`, `propertyValue`)
VALUES (5079, 5, 9000);

INSERT INTO `ace_object_properties_int` (`aceObjectId`, `intPropertyId`, `propertyValue`)
VALUES (5079, 16, 1);

INSERT INTO `ace_object_properties_int` (`aceObjectId`, `intPropertyId`, `propertyValue`)
VALUES (5079, 19, 125);

INSERT INTO `ace_object_properties_int` (`aceObjectId`, `intPropertyId`, `propertyValue`)
VALUES (5079, 93, 24);

INSERT INTO ace_weenie_class (`weenieClassId`, `weenieClassDescription`)
VALUES (705, 'holtburggrocersign');

INSERT INTO `ace_object` (`aceObjectId`, `aceObjectDescriptionFlags`, `weenieClassId`, `weenieHeaderFlags`, `iconId`, `iconOverlayId`, `iconUnderlayId`, `modelTableId`, `soundTableId`, `motionTableId`, `currentMotionState`, `animationFrameId`, `physicsTableId`, `physicsDescriptionFlag`, `spellId`, `playScript`, `defaultScript`)
VALUES (705, 2097176, 705, 20, 100668115, NULL, NULL, 33555088, NULL, NULL, NULL, 101, NULL, 163845, NULL, NULL, NULL);

INSERT INTO `ace_object_properties_string` (`aceObjectId`, `strPropertyId`, `propertyValue`)
VALUES (705, 1, 'Fispur''s Foodstuffs');

INSERT INTO `ace_object_properties_int` (`aceObjectId`, `intPropertyId`, `propertyValue`)
VALUES (705, 1, 128);

INSERT INTO `ace_object_properties_int` (`aceObjectId`, `intPropertyId`, `propertyValue`)
VALUES (705, 5, 9000);

INSERT INTO `ace_object_properties_int` (`aceObjectId`, `intPropertyId`, `propertyValue`)
VALUES (705, 16, 1);

INSERT INTO `ace_object_properties_int` (`aceObjectId`, `intPropertyId`, `propertyValue`)
VALUES (705, 19, 125);

INSERT INTO `ace_object_properties_int` (`aceObjectId`, `intPropertyId`, `propertyValue`)
VALUES (705, 93, 1048);

INSERT INTO `ace_object_texture_map_change` (`aceObjectId`, `index`, `oldId`, `newId`)
VALUES (705, 0, 83891055, 83889906);

INSERT INTO `ace_object_animation_change` (`aceObjectId`, `index`, `animationId`)
VALUES (705, 0, 16780409);

INSERT INTO ace_weenie_class (`weenieClassId`, `weenieClassDescription`)
VALUES (708, 'holtburgpubsign');

INSERT INTO `ace_object` (`aceObjectId`, `aceObjectDescriptionFlags`, `weenieClassId`, `weenieHeaderFlags`, `iconId`, `iconOverlayId`, `iconUnderlayId`, `modelTableId`, `soundTableId`, `motionTableId`, `currentMotionState`, `animationFrameId`, `physicsTableId`, `physicsDescriptionFlag`, `spellId`, `playScript`, `defaultScript`)
VALUES (708, 2097176, 708, 20, 100668115, NULL, NULL, 33555088, NULL, NULL, NULL, 101, NULL, 163845, NULL, NULL, NULL);

INSERT INTO `ace_object_properties_string` (`aceObjectId`, `strPropertyId`, `propertyValue`)
VALUES (708, 1, 'Helm and Shield');

INSERT INTO `ace_object_properties_int` (`aceObjectId`, `intPropertyId`, `propertyValue`)
VALUES (708, 1, 128);

INSERT INTO `ace_object_properties_int` (`aceObjectId`, `intPropertyId`, `propertyValue`)
VALUES (708, 5, 9000);

INSERT INTO `ace_object_properties_int` (`aceObjectId`, `intPropertyId`, `propertyValue`)
VALUES (708, 16, 1);

INSERT INTO `ace_object_properties_int` (`aceObjectId`, `intPropertyId`, `propertyValue`)
VALUES (708, 19, 125);

INSERT INTO `ace_object_properties_int` (`aceObjectId`, `intPropertyId`, `propertyValue`)
VALUES (708, 93, 1048);

INSERT INTO `ace_object_texture_map_change` (`aceObjectId`, `index`, `oldId`, `newId`)
VALUES (708, 0, 83891055, 83891060);

INSERT INTO `ace_object_animation_change` (`aceObjectId`, `index`, `animationId`)
VALUES (708, 0, 16780409);

INSERT INTO ace_weenie_class (`weenieClassId`, `weenieClassDescription`)
VALUES (709, 'holtburgtailorsign');

INSERT INTO `ace_object` (`aceObjectId`, `aceObjectDescriptionFlags`, `weenieClassId`, `weenieHeaderFlags`, `iconId`, `iconOverlayId`, `iconUnderlayId`, `modelTableId`, `soundTableId`, `motionTableId`, `currentMotionState`, `animationFrameId`, `physicsTableId`, `physicsDescriptionFlag`, `spellId`, `playScript`, `defaultScript`)
VALUES (709, 2097176, 709, 20, 100668115, NULL, NULL, 33555088, NULL, NULL, NULL, 101, NULL, 163845, NULL, NULL, NULL);

INSERT INTO `ace_object_properties_string` (`aceObjectId`, `strPropertyId`, `propertyValue`)
VALUES (709, 1, 'Ecutha''s Raiments');

INSERT INTO `ace_object_properties_int` (`aceObjectId`, `intPropertyId`, `propertyValue`)
VALUES (709, 1, 128);

INSERT INTO `ace_object_properties_int` (`aceObjectId`, `intPropertyId`, `propertyValue`)
VALUES (709, 5, 9000);

INSERT INTO `ace_object_properties_int` (`aceObjectId`, `intPropertyId`, `propertyValue`)
VALUES (709, 16, 1);

INSERT INTO `ace_object_properties_int` (`aceObjectId`, `intPropertyId`, `propertyValue`)
VALUES (709, 19, 125);

INSERT INTO `ace_object_properties_int` (`aceObjectId`, `intPropertyId`, `propertyValue`)
VALUES (709, 93, 1048);

INSERT INTO `ace_object_texture_map_change` (`aceObjectId`, `index`, `oldId`, `newId`)
VALUES (709, 0, 83891055, 83889899);

INSERT INTO `ace_object_animation_change` (`aceObjectId`, `index`, `animationId`)
VALUES (709, 0, 16780409);

INSERT INTO ace_weenie_class (`weenieClassId`, `weenieClassDescription`)
VALUES (706, 'holtburghealersign');

INSERT INTO `ace_object` (`aceObjectId`, `aceObjectDescriptionFlags`, `weenieClassId`, `weenieHeaderFlags`, `iconId`, `iconOverlayId`, `iconUnderlayId`, `modelTableId`, `soundTableId`, `motionTableId`, `currentMotionState`, `animationFrameId`, `physicsTableId`, `physicsDescriptionFlag`, `spellId`, `playScript`, `defaultScript`)
VALUES (706, 2097176, 706, 20, 100668115, NULL, NULL, 33555088, NULL, NULL, NULL, 101, NULL, 163845, NULL, NULL, NULL);

INSERT INTO `ace_object_properties_string` (`aceObjectId`, `strPropertyId`, `propertyValue`)
VALUES (706, 1, 'Thelnoth''s Remedies');

INSERT INTO `ace_object_properties_int` (`aceObjectId`, `intPropertyId`, `propertyValue`)
VALUES (706, 1, 128);

INSERT INTO `ace_object_properties_int` (`aceObjectId`, `intPropertyId`, `propertyValue`)
VALUES (706, 5, 9000);

INSERT INTO `ace_object_properties_int` (`aceObjectId`, `intPropertyId`, `propertyValue`)
VALUES (706, 16, 1);

INSERT INTO `ace_object_properties_int` (`aceObjectId`, `intPropertyId`, `propertyValue`)
VALUES (706, 19, 125);

INSERT INTO `ace_object_properties_int` (`aceObjectId`, `intPropertyId`, `propertyValue`)
VALUES (706, 93, 1048);

INSERT INTO `ace_object_texture_map_change` (`aceObjectId`, `index`, `oldId`, `newId`)
VALUES (706, 0, 83891055, 83889901);

INSERT INTO `ace_object_animation_change` (`aceObjectId`, `index`, `animationId`)
VALUES (706, 0, 16780409);

INSERT INTO ace_weenie_class (`weenieClassId`, `weenieClassDescription`)
VALUES (704, 'holtburgbowyersign');

INSERT INTO `ace_object` (`aceObjectId`, `aceObjectDescriptionFlags`, `weenieClassId`, `weenieHeaderFlags`, `iconId`, `iconOverlayId`, `iconUnderlayId`, `modelTableId`, `soundTableId`, `motionTableId`, `currentMotionState`, `animationFrameId`, `physicsTableId`, `physicsDescriptionFlag`, `spellId`, `playScript`, `defaultScript`)
VALUES (704, 2097176, 704, 20, 100668115, NULL, NULL, 33555088, NULL, NULL, NULL, 101, NULL, 163845, NULL, NULL, NULL);

INSERT INTO `ace_object_properties_string` (`aceObjectId`, `strPropertyId`, `propertyValue`)
VALUES (704, 1, 'The Taut String');

INSERT INTO `ace_object_properties_int` (`aceObjectId`, `intPropertyId`, `propertyValue`)
VALUES (704, 1, 128);

INSERT INTO `ace_object_properties_int` (`aceObjectId`, `intPropertyId`, `propertyValue`)
VALUES (704, 5, 9000);

INSERT INTO `ace_object_properties_int` (`aceObjectId`, `intPropertyId`, `propertyValue`)
VALUES (704, 16, 1);

INSERT INTO `ace_object_properties_int` (`aceObjectId`, `intPropertyId`, `propertyValue`)
VALUES (704, 19, 125);

INSERT INTO `ace_object_properties_int` (`aceObjectId`, `intPropertyId`, `propertyValue`)
VALUES (704, 93, 1048);

INSERT INTO `ace_object_texture_map_change` (`aceObjectId`, `index`, `oldId`, `newId`)
VALUES (704, 0, 83891055, 83889907);

INSERT INTO `ace_object_animation_change` (`aceObjectId`, `index`, `animationId`)
VALUES (704, 0, 16780409);

INSERT INTO ace_weenie_class (`weenieClassId`, `weenieClassDescription`)
VALUES (707, 'holtburgjewelersign');

INSERT INTO `ace_object` (`aceObjectId`, `aceObjectDescriptionFlags`, `weenieClassId`, `weenieHeaderFlags`, `iconId`, `iconOverlayId`, `iconUnderlayId`, `modelTableId`, `soundTableId`, `motionTableId`, `currentMotionState`, `animationFrameId`, `physicsTableId`, `physicsDescriptionFlag`, `spellId`, `playScript`, `defaultScript`)
VALUES (707, 2097176, 707, 20, 100668115, NULL, NULL, 33555088, NULL, NULL, NULL, 101, NULL, 163845, NULL, NULL, NULL);

INSERT INTO `ace_object_properties_string` (`aceObjectId`, `strPropertyId`, `propertyValue`)
VALUES (707, 1, 'Monyra''s Jewels');

INSERT INTO `ace_object_properties_int` (`aceObjectId`, `intPropertyId`, `propertyValue`)
VALUES (707, 1, 128);

INSERT INTO `ace_object_properties_int` (`aceObjectId`, `intPropertyId`, `propertyValue`)
VALUES (707, 5, 9000);

INSERT INTO `ace_object_properties_int` (`aceObjectId`, `intPropertyId`, `propertyValue`)
VALUES (707, 16, 1);

INSERT INTO `ace_object_properties_int` (`aceObjectId`, `intPropertyId`, `propertyValue`)
VALUES (707, 19, 125);

INSERT INTO `ace_object_properties_int` (`aceObjectId`, `intPropertyId`, `propertyValue`)
VALUES (707, 93, 1048);

INSERT INTO `ace_object_texture_map_change` (`aceObjectId`, `index`, `oldId`, `newId`)
VALUES (707, 0, 83891055, 83889909);

INSERT INTO `ace_object_animation_change` (`aceObjectId`, `index`, `animationId`)
VALUES (707, 0, 16780409);

INSERT INTO ace_weenie_class (`weenieClassId`, `weenieClassDescription`)
VALUES (5068, 'holtburgsouthoutpostsign');

INSERT INTO `ace_object` (`aceObjectId`, `aceObjectDescriptionFlags`, `weenieClassId`, `weenieHeaderFlags`, `iconId`, `iconOverlayId`, `iconUnderlayId`, `modelTableId`, `soundTableId`, `motionTableId`, `currentMotionState`, `animationFrameId`, `physicsTableId`, `physicsDescriptionFlag`, `spellId`, `playScript`, `defaultScript`)
VALUES (5068, 2097176, 5068, 20, 100668115, NULL, NULL, 33555088, NULL, NULL, NULL, 101, NULL, 163841, NULL, NULL, NULL);

INSERT INTO `ace_object_properties_string` (`aceObjectId`, `strPropertyId`, `propertyValue`)
VALUES (5068, 1, 'South Holtburg Outpost');

INSERT INTO `ace_object_properties_int` (`aceObjectId`, `intPropertyId`, `propertyValue`)
VALUES (5068, 1, 128);

INSERT INTO `ace_object_properties_int` (`aceObjectId`, `intPropertyId`, `propertyValue`)
VALUES (5068, 5, 9000);

INSERT INTO `ace_object_properties_int` (`aceObjectId`, `intPropertyId`, `propertyValue`)
VALUES (5068, 16, 1);

INSERT INTO `ace_object_properties_int` (`aceObjectId`, `intPropertyId`, `propertyValue`)
VALUES (5068, 19, 125);

INSERT INTO `ace_object_properties_int` (`aceObjectId`, `intPropertyId`, `propertyValue`)
VALUES (5068, 93, 24);

INSERT INTO ace_weenie_class (`weenieClassId`, `weenieClassDescription`)
VALUES (681, 'cragstonehildarhousesign');

INSERT INTO `ace_object` (`aceObjectId`, `aceObjectDescriptionFlags`, `weenieClassId`, `weenieHeaderFlags`, `iconId`, `iconOverlayId`, `iconUnderlayId`, `modelTableId`, `soundTableId`, `motionTableId`, `currentMotionState`, `animationFrameId`, `physicsTableId`, `physicsDescriptionFlag`, `spellId`, `playScript`, `defaultScript`)
VALUES (681, 2097176, 681, 20, 100668115, NULL, NULL, 33555088, NULL, NULL, NULL, 101, NULL, 163841, NULL, NULL, NULL);

INSERT INTO `ace_object_properties_string` (`aceObjectId`, `strPropertyId`, `propertyValue`)
VALUES (681, 1, 'Hildar House ');

INSERT INTO `ace_object_properties_int` (`aceObjectId`, `intPropertyId`, `propertyValue`)
VALUES (681, 1, 128);

INSERT INTO `ace_object_properties_int` (`aceObjectId`, `intPropertyId`, `propertyValue`)
VALUES (681, 5, 9000);

INSERT INTO `ace_object_properties_int` (`aceObjectId`, `intPropertyId`, `propertyValue`)
VALUES (681, 16, 1);

INSERT INTO `ace_object_properties_int` (`aceObjectId`, `intPropertyId`, `propertyValue`)
VALUES (681, 19, 125);

INSERT INTO `ace_object_properties_int` (`aceObjectId`, `intPropertyId`, `propertyValue`)
VALUES (681, 93, 1048);

INSERT INTO `ace_object_texture_map_change` (`aceObjectId`, `index`, `oldId`, `newId`)
VALUES (681, 0, 83891055, 83889901);

INSERT INTO `ace_object_animation_change` (`aceObjectId`, `index`, `animationId`)
VALUES (681, 0, 16780409);

INSERT INTO ace_weenie_class (`weenieClassId`, `weenieClassDescription`)
VALUES (685, 'cragstonepubsign');

INSERT INTO `ace_object` (`aceObjectId`, `aceObjectDescriptionFlags`, `weenieClassId`, `weenieHeaderFlags`, `iconId`, `iconOverlayId`, `iconUnderlayId`, `modelTableId`, `soundTableId`, `motionTableId`, `currentMotionState`, `animationFrameId`, `physicsTableId`, `physicsDescriptionFlag`, `spellId`, `playScript`, `defaultScript`)
VALUES (685, 2097176, 685, 20, 100668115, NULL, NULL, 33555088, NULL, NULL, NULL, 101, NULL, 163841, NULL, NULL, NULL);

INSERT INTO `ace_object_properties_string` (`aceObjectId`, `strPropertyId`, `propertyValue`)
VALUES (685, 1, 'Thorsten''s Rest');

INSERT INTO `ace_object_properties_int` (`aceObjectId`, `intPropertyId`, `propertyValue`)
VALUES (685, 1, 128);

INSERT INTO `ace_object_properties_int` (`aceObjectId`, `intPropertyId`, `propertyValue`)
VALUES (685, 5, 9000);

INSERT INTO `ace_object_properties_int` (`aceObjectId`, `intPropertyId`, `propertyValue`)
VALUES (685, 16, 1);

INSERT INTO `ace_object_properties_int` (`aceObjectId`, `intPropertyId`, `propertyValue`)
VALUES (685, 19, 125);

INSERT INTO `ace_object_properties_int` (`aceObjectId`, `intPropertyId`, `propertyValue`)
VALUES (685, 93, 1048);

INSERT INTO `ace_object_texture_map_change` (`aceObjectId`, `index`, `oldId`, `newId`)
VALUES (685, 0, 83891055, 83891060);

INSERT INTO `ace_object_animation_change` (`aceObjectId`, `index`, `animationId`)
VALUES (685, 0, 16780409);

INSERT INTO ace_weenie_class (`weenieClassId`, `weenieClassDescription`)
VALUES (682, 'cragstonejewelersign');

INSERT INTO `ace_object` (`aceObjectId`, `aceObjectDescriptionFlags`, `weenieClassId`, `weenieHeaderFlags`, `iconId`, `iconOverlayId`, `iconUnderlayId`, `modelTableId`, `soundTableId`, `motionTableId`, `currentMotionState`, `animationFrameId`, `physicsTableId`, `physicsDescriptionFlag`, `spellId`, `playScript`, `defaultScript`)
VALUES (682, 2097176, 682, 20, 100668115, NULL, NULL, 33555088, NULL, NULL, NULL, 101, NULL, 163841, NULL, NULL, NULL);

INSERT INTO `ace_object_properties_string` (`aceObjectId`, `strPropertyId`, `propertyValue`)
VALUES (682, 1, 'Gems and Jewels');

INSERT INTO `ace_object_properties_int` (`aceObjectId`, `intPropertyId`, `propertyValue`)
VALUES (682, 1, 128);

INSERT INTO `ace_object_properties_int` (`aceObjectId`, `intPropertyId`, `propertyValue`)
VALUES (682, 5, 9000);

INSERT INTO `ace_object_properties_int` (`aceObjectId`, `intPropertyId`, `propertyValue`)
VALUES (682, 16, 1);

INSERT INTO `ace_object_properties_int` (`aceObjectId`, `intPropertyId`, `propertyValue`)
VALUES (682, 19, 125);

INSERT INTO `ace_object_properties_int` (`aceObjectId`, `intPropertyId`, `propertyValue`)
VALUES (682, 93, 1048);

INSERT INTO `ace_object_texture_map_change` (`aceObjectId`, `index`, `oldId`, `newId`)
VALUES (682, 0, 83891055, 83889909);

INSERT INTO `ace_object_animation_change` (`aceObjectId`, `index`, `animationId`)
VALUES (682, 0, 16780409);

INSERT INTO ace_weenie_class (`weenieClassId`, `weenieClassDescription`)
VALUES (679, 'cragstoneblacksmithsign');

INSERT INTO `ace_object` (`aceObjectId`, `aceObjectDescriptionFlags`, `weenieClassId`, `weenieHeaderFlags`, `iconId`, `iconOverlayId`, `iconUnderlayId`, `modelTableId`, `soundTableId`, `motionTableId`, `currentMotionState`, `animationFrameId`, `physicsTableId`, `physicsDescriptionFlag`, `spellId`, `playScript`, `defaultScript`)
VALUES (679, 2097176, 679, 20, 100668115, NULL, NULL, 33555088, NULL, NULL, NULL, 101, NULL, 163841, NULL, NULL, NULL);

INSERT INTO `ace_object_properties_string` (`aceObjectId`, `strPropertyId`, `propertyValue`)
VALUES (679, 1, 'Arms and Armor');

INSERT INTO `ace_object_properties_int` (`aceObjectId`, `intPropertyId`, `propertyValue`)
VALUES (679, 1, 128);

INSERT INTO `ace_object_properties_int` (`aceObjectId`, `intPropertyId`, `propertyValue`)
VALUES (679, 5, 9000);

INSERT INTO `ace_object_properties_int` (`aceObjectId`, `intPropertyId`, `propertyValue`)
VALUES (679, 16, 1);

INSERT INTO `ace_object_properties_int` (`aceObjectId`, `intPropertyId`, `propertyValue`)
VALUES (679, 19, 125);

INSERT INTO `ace_object_properties_int` (`aceObjectId`, `intPropertyId`, `propertyValue`)
VALUES (679, 93, 1048);

INSERT INTO `ace_object_texture_map_change` (`aceObjectId`, `index`, `oldId`, `newId`)
VALUES (679, 0, 83891055, 83889904);

INSERT INTO `ace_object_animation_change` (`aceObjectId`, `index`, `animationId`)
VALUES (679, 0, 16780409);

INSERT INTO ace_weenie_class (`weenieClassId`, `weenieClassDescription`)
VALUES (684, 'cragstonemagussign');

INSERT INTO `ace_object` (`aceObjectId`, `aceObjectDescriptionFlags`, `weenieClassId`, `weenieHeaderFlags`, `iconId`, `iconOverlayId`, `iconUnderlayId`, `modelTableId`, `soundTableId`, `motionTableId`, `currentMotionState`, `animationFrameId`, `physicsTableId`, `physicsDescriptionFlag`, `spellId`, `playScript`, `defaultScript`)
VALUES (684, 2097176, 684, 20, 100668115, NULL, NULL, 33555088, NULL, NULL, NULL, 101, NULL, 163845, NULL, NULL, NULL);

INSERT INTO `ace_object_properties_string` (`aceObjectId`, `strPropertyId`, `propertyValue`)
VALUES (684, 1, 'Gondibyr Langarl''s Magic Supplies');

INSERT INTO `ace_object_properties_int` (`aceObjectId`, `intPropertyId`, `propertyValue`)
VALUES (684, 1, 128);

INSERT INTO `ace_object_properties_int` (`aceObjectId`, `intPropertyId`, `propertyValue`)
VALUES (684, 5, 9000);

INSERT INTO `ace_object_properties_int` (`aceObjectId`, `intPropertyId`, `propertyValue`)
VALUES (684, 16, 1);

INSERT INTO `ace_object_properties_int` (`aceObjectId`, `intPropertyId`, `propertyValue`)
VALUES (684, 19, 125);

INSERT INTO `ace_object_properties_int` (`aceObjectId`, `intPropertyId`, `propertyValue`)
VALUES (684, 93, 1048);

INSERT INTO `ace_object_texture_map_change` (`aceObjectId`, `index`, `oldId`, `newId`)
VALUES (684, 0, 83891055, 83889857);

INSERT INTO `ace_object_animation_change` (`aceObjectId`, `index`, `animationId`)
VALUES (684, 0, 16780409);

INSERT INTO ace_weenie_class (`weenieClassId`, `weenieClassDescription`)
VALUES (683, 'cragstoneledinessign');

INSERT INTO `ace_object` (`aceObjectId`, `aceObjectDescriptionFlags`, `weenieClassId`, `weenieHeaderFlags`, `iconId`, `iconOverlayId`, `iconUnderlayId`, `modelTableId`, `soundTableId`, `motionTableId`, `currentMotionState`, `animationFrameId`, `physicsTableId`, `physicsDescriptionFlag`, `spellId`, `playScript`, `defaultScript`)
VALUES (683, 2097176, 683, 20, 100668115, NULL, NULL, 33555088, NULL, NULL, NULL, 101, NULL, 163841, NULL, NULL, NULL);

INSERT INTO `ace_object_properties_string` (`aceObjectId`, `strPropertyId`, `propertyValue`)
VALUES (683, 1, 'Ledine''s Wares');

INSERT INTO `ace_object_properties_int` (`aceObjectId`, `intPropertyId`, `propertyValue`)
VALUES (683, 1, 128);

INSERT INTO `ace_object_properties_int` (`aceObjectId`, `intPropertyId`, `propertyValue`)
VALUES (683, 5, 9000);

INSERT INTO `ace_object_properties_int` (`aceObjectId`, `intPropertyId`, `propertyValue`)
VALUES (683, 16, 1);

INSERT INTO `ace_object_properties_int` (`aceObjectId`, `intPropertyId`, `propertyValue`)
VALUES (683, 19, 125);

INSERT INTO `ace_object_properties_int` (`aceObjectId`, `intPropertyId`, `propertyValue`)
VALUES (683, 93, 1048);

INSERT INTO `ace_object_texture_map_change` (`aceObjectId`, `index`, `oldId`, `newId`)
VALUES (683, 0, 83891055, 83889906);

INSERT INTO `ace_object_animation_change` (`aceObjectId`, `index`, `animationId`)
VALUES (683, 0, 16780409);

INSERT INTO ace_weenie_class (`weenieClassId`, `weenieClassDescription`)
VALUES (680, 'cragstonebowyersign');

INSERT INTO `ace_object` (`aceObjectId`, `aceObjectDescriptionFlags`, `weenieClassId`, `weenieHeaderFlags`, `iconId`, `iconOverlayId`, `iconUnderlayId`, `modelTableId`, `soundTableId`, `motionTableId`, `currentMotionState`, `animationFrameId`, `physicsTableId`, `physicsDescriptionFlag`, `spellId`, `playScript`, `defaultScript`)
VALUES (680, 2097176, 680, 20, 100668115, NULL, NULL, 33555088, NULL, NULL, NULL, 101, NULL, 163841, NULL, NULL, NULL);

INSERT INTO `ace_object_properties_string` (`aceObjectId`, `strPropertyId`, `propertyValue`)
VALUES (680, 1, 'Scildith''s Bows');

INSERT INTO `ace_object_properties_int` (`aceObjectId`, `intPropertyId`, `propertyValue`)
VALUES (680, 1, 128);

INSERT INTO `ace_object_properties_int` (`aceObjectId`, `intPropertyId`, `propertyValue`)
VALUES (680, 5, 9000);

INSERT INTO `ace_object_properties_int` (`aceObjectId`, `intPropertyId`, `propertyValue`)
VALUES (680, 16, 1);

INSERT INTO `ace_object_properties_int` (`aceObjectId`, `intPropertyId`, `propertyValue`)
VALUES (680, 19, 125);

INSERT INTO `ace_object_properties_int` (`aceObjectId`, `intPropertyId`, `propertyValue`)
VALUES (680, 93, 1048);

INSERT INTO `ace_object_texture_map_change` (`aceObjectId`, `index`, `oldId`, `newId`)
VALUES (680, 0, 83891055, 83889907);

INSERT INTO `ace_object_animation_change` (`aceObjectId`, `index`, `animationId`)
VALUES (680, 0, 16780409);

INSERT INTO ace_weenie_class (`weenieClassId`, `weenieClassDescription`)
VALUES (4420, 'lytelthorpehealersign');

INSERT INTO `ace_object` (`aceObjectId`, `aceObjectDescriptionFlags`, `weenieClassId`, `weenieHeaderFlags`, `iconId`, `iconOverlayId`, `iconUnderlayId`, `modelTableId`, `soundTableId`, `motionTableId`, `currentMotionState`, `animationFrameId`, `physicsTableId`, `physicsDescriptionFlag`, `spellId`, `playScript`, `defaultScript`)
VALUES (4420, 2097176, 4420, 20, 100668115, NULL, NULL, 33555088, NULL, NULL, NULL, 101, NULL, 163841, NULL, NULL, NULL);

INSERT INTO `ace_object_properties_string` (`aceObjectId`, `strPropertyId`, `propertyValue`)
VALUES (4420, 1, 'The Humble Healer');

INSERT INTO `ace_object_properties_int` (`aceObjectId`, `intPropertyId`, `propertyValue`)
VALUES (4420, 1, 128);

INSERT INTO `ace_object_properties_int` (`aceObjectId`, `intPropertyId`, `propertyValue`)
VALUES (4420, 5, 9000);

INSERT INTO `ace_object_properties_int` (`aceObjectId`, `intPropertyId`, `propertyValue`)
VALUES (4420, 16, 1);

INSERT INTO `ace_object_properties_int` (`aceObjectId`, `intPropertyId`, `propertyValue`)
VALUES (4420, 19, 125);

INSERT INTO `ace_object_properties_int` (`aceObjectId`, `intPropertyId`, `propertyValue`)
VALUES (4420, 93, 1048);

INSERT INTO `ace_object_texture_map_change` (`aceObjectId`, `index`, `oldId`, `newId`)
VALUES (4420, 0, 83891055, 83889901);

INSERT INTO `ace_object_animation_change` (`aceObjectId`, `index`, `animationId`)
VALUES (4420, 0, 16780409);

INSERT INTO ace_weenie_class (`weenieClassId`, `weenieClassDescription`)
VALUES (4417, 'lytelthorpebowyersign');

INSERT INTO `ace_object` (`aceObjectId`, `aceObjectDescriptionFlags`, `weenieClassId`, `weenieHeaderFlags`, `iconId`, `iconOverlayId`, `iconUnderlayId`, `modelTableId`, `soundTableId`, `motionTableId`, `currentMotionState`, `animationFrameId`, `physicsTableId`, `physicsDescriptionFlag`, `spellId`, `playScript`, `defaultScript`)
VALUES (4417, 2097176, 4417, 20, 100668115, NULL, NULL, 33555088, NULL, NULL, NULL, 101, NULL, 163841, NULL, NULL, NULL);

INSERT INTO `ace_object_properties_string` (`aceObjectId`, `strPropertyId`, `propertyValue`)
VALUES (4417, 1, 'Lone Tree Bows');

INSERT INTO `ace_object_properties_int` (`aceObjectId`, `intPropertyId`, `propertyValue`)
VALUES (4417, 1, 128);

INSERT INTO `ace_object_properties_int` (`aceObjectId`, `intPropertyId`, `propertyValue`)
VALUES (4417, 5, 9000);

INSERT INTO `ace_object_properties_int` (`aceObjectId`, `intPropertyId`, `propertyValue`)
VALUES (4417, 16, 1);

INSERT INTO `ace_object_properties_int` (`aceObjectId`, `intPropertyId`, `propertyValue`)
VALUES (4417, 19, 125);

INSERT INTO `ace_object_properties_int` (`aceObjectId`, `intPropertyId`, `propertyValue`)
VALUES (4417, 93, 1048);

INSERT INTO `ace_object_texture_map_change` (`aceObjectId`, `index`, `oldId`, `newId`)
VALUES (4417, 0, 83891055, 83889907);

INSERT INTO `ace_object_animation_change` (`aceObjectId`, `index`, `animationId`)
VALUES (4417, 0, 16780409);

INSERT INTO ace_weenie_class (`weenieClassId`, `weenieClassDescription`)
VALUES (4426, 'lytelthorpetailorsign');

INSERT INTO `ace_object` (`aceObjectId`, `aceObjectDescriptionFlags`, `weenieClassId`, `weenieHeaderFlags`, `iconId`, `iconOverlayId`, `iconUnderlayId`, `modelTableId`, `soundTableId`, `motionTableId`, `currentMotionState`, `animationFrameId`, `physicsTableId`, `physicsDescriptionFlag`, `spellId`, `playScript`, `defaultScript`)
VALUES (4426, 2097176, 4426, 20, 100668115, NULL, NULL, 33555088, NULL, NULL, NULL, 101, NULL, 163841, NULL, NULL, NULL);

INSERT INTO `ace_object_properties_string` (`aceObjectId`, `strPropertyId`, `propertyValue`)
VALUES (4426, 1, 'Dafrida the Tailor');

INSERT INTO `ace_object_properties_int` (`aceObjectId`, `intPropertyId`, `propertyValue`)
VALUES (4426, 1, 128);

INSERT INTO `ace_object_properties_int` (`aceObjectId`, `intPropertyId`, `propertyValue`)
VALUES (4426, 5, 9000);

INSERT INTO `ace_object_properties_int` (`aceObjectId`, `intPropertyId`, `propertyValue`)
VALUES (4426, 16, 1);

INSERT INTO `ace_object_properties_int` (`aceObjectId`, `intPropertyId`, `propertyValue`)
VALUES (4426, 19, 125);

INSERT INTO `ace_object_properties_int` (`aceObjectId`, `intPropertyId`, `propertyValue`)
VALUES (4426, 93, 1048);

INSERT INTO `ace_object_texture_map_change` (`aceObjectId`, `index`, `oldId`, `newId`)
VALUES (4426, 0, 83891055, 83889899);

INSERT INTO `ace_object_animation_change` (`aceObjectId`, `index`, `animationId`)
VALUES (4426, 0, 16780409);

INSERT INTO ace_weenie_class (`weenieClassId`, `weenieClassDescription`)
VALUES (4423, 'lytelthorpeshopkeepersign');

INSERT INTO `ace_object` (`aceObjectId`, `aceObjectDescriptionFlags`, `weenieClassId`, `weenieHeaderFlags`, `iconId`, `iconOverlayId`, `iconUnderlayId`, `modelTableId`, `soundTableId`, `motionTableId`, `currentMotionState`, `animationFrameId`, `physicsTableId`, `physicsDescriptionFlag`, `spellId`, `playScript`, `defaultScript`)
VALUES (4423, 2097176, 4423, 20, 100668115, NULL, NULL, 33555088, NULL, NULL, NULL, 101, NULL, 163841, NULL, NULL, NULL);

INSERT INTO `ace_object_properties_string` (`aceObjectId`, `strPropertyId`, `propertyValue`)
VALUES (4423, 1, 'General Supplies');

INSERT INTO `ace_object_properties_int` (`aceObjectId`, `intPropertyId`, `propertyValue`)
VALUES (4423, 1, 128);

INSERT INTO `ace_object_properties_int` (`aceObjectId`, `intPropertyId`, `propertyValue`)
VALUES (4423, 5, 9000);

INSERT INTO `ace_object_properties_int` (`aceObjectId`, `intPropertyId`, `propertyValue`)
VALUES (4423, 16, 1);

INSERT INTO `ace_object_properties_int` (`aceObjectId`, `intPropertyId`, `propertyValue`)
VALUES (4423, 19, 125);

INSERT INTO `ace_object_properties_int` (`aceObjectId`, `intPropertyId`, `propertyValue`)
VALUES (4423, 93, 1048);

INSERT INTO `ace_object_texture_map_change` (`aceObjectId`, `index`, `oldId`, `newId`)
VALUES (4423, 0, 83891055, 83889906);

INSERT INTO `ace_object_animation_change` (`aceObjectId`, `index`, `animationId`)
VALUES (4423, 0, 16780409);

INSERT INTO ace_weenie_class (`weenieClassId`, `weenieClassDescription`)
VALUES (4415, 'lytelthorpearchmagesign');

INSERT INTO `ace_object` (`aceObjectId`, `aceObjectDescriptionFlags`, `weenieClassId`, `weenieHeaderFlags`, `iconId`, `iconOverlayId`, `iconUnderlayId`, `modelTableId`, `soundTableId`, `motionTableId`, `currentMotionState`, `animationFrameId`, `physicsTableId`, `physicsDescriptionFlag`, `spellId`, `playScript`, `defaultScript`)
VALUES (4415, 2097176, 4415, 20, 100668115, NULL, NULL, 33555088, NULL, NULL, NULL, 101, NULL, 163841, NULL, NULL, NULL);

INSERT INTO `ace_object_properties_string` (`aceObjectId`, `strPropertyId`, `propertyValue`)
VALUES (4415, 1, 'The Magic of Iiwah');

INSERT INTO `ace_object_properties_int` (`aceObjectId`, `intPropertyId`, `propertyValue`)
VALUES (4415, 1, 128);

INSERT INTO `ace_object_properties_int` (`aceObjectId`, `intPropertyId`, `propertyValue`)
VALUES (4415, 5, 9000);

INSERT INTO `ace_object_properties_int` (`aceObjectId`, `intPropertyId`, `propertyValue`)
VALUES (4415, 16, 1);

INSERT INTO `ace_object_properties_int` (`aceObjectId`, `intPropertyId`, `propertyValue`)
VALUES (4415, 19, 125);

INSERT INTO `ace_object_properties_int` (`aceObjectId`, `intPropertyId`, `propertyValue`)
VALUES (4415, 93, 1048);

INSERT INTO `ace_object_texture_map_change` (`aceObjectId`, `index`, `oldId`, `newId`)
VALUES (4415, 0, 83891055, 83889857);

INSERT INTO `ace_object_animation_change` (`aceObjectId`, `index`, `animationId`)
VALUES (4415, 0, 16780409);

INSERT INTO ace_weenie_class (`weenieClassId`, `weenieClassDescription`)
VALUES (4424, 'lytelthorpeshopscribesign');

INSERT INTO `ace_object` (`aceObjectId`, `aceObjectDescriptionFlags`, `weenieClassId`, `weenieHeaderFlags`, `iconId`, `iconOverlayId`, `iconUnderlayId`, `modelTableId`, `soundTableId`, `motionTableId`, `currentMotionState`, `animationFrameId`, `physicsTableId`, `physicsDescriptionFlag`, `spellId`, `playScript`, `defaultScript`)
VALUES (4424, 2097176, 4424, 20, 100668115, NULL, NULL, 33555088, NULL, NULL, NULL, 101, NULL, 163841, NULL, NULL, NULL);

INSERT INTO `ace_object_properties_string` (`aceObjectId`, `strPropertyId`, `propertyValue`)
VALUES (4424, 1, 'The Scholar''s Study	');

INSERT INTO `ace_object_properties_int` (`aceObjectId`, `intPropertyId`, `propertyValue`)
VALUES (4424, 1, 128);

INSERT INTO `ace_object_properties_int` (`aceObjectId`, `intPropertyId`, `propertyValue`)
VALUES (4424, 5, 9000);

INSERT INTO `ace_object_properties_int` (`aceObjectId`, `intPropertyId`, `propertyValue`)
VALUES (4424, 16, 1);

INSERT INTO `ace_object_properties_int` (`aceObjectId`, `intPropertyId`, `propertyValue`)
VALUES (4424, 19, 125);

INSERT INTO `ace_object_properties_int` (`aceObjectId`, `intPropertyId`, `propertyValue`)
VALUES (4424, 93, 1048);

INSERT INTO `ace_object_texture_map_change` (`aceObjectId`, `index`, `oldId`, `newId`)
VALUES (4424, 0, 83891055, 83889905);

INSERT INTO `ace_object_animation_change` (`aceObjectId`, `index`, `animationId`)
VALUES (4424, 0, 16780409);

INSERT INTO ace_weenie_class (`weenieClassId`, `weenieClassDescription`)
VALUES (725, 'glendenbowyersign');

INSERT INTO `ace_object` (`aceObjectId`, `aceObjectDescriptionFlags`, `weenieClassId`, `weenieHeaderFlags`, `iconId`, `iconOverlayId`, `iconUnderlayId`, `modelTableId`, `soundTableId`, `motionTableId`, `currentMotionState`, `animationFrameId`, `physicsTableId`, `physicsDescriptionFlag`, `spellId`, `playScript`, `defaultScript`)
VALUES (725, 2097176, 725, 20, 100668115, NULL, NULL, 33555088, NULL, NULL, NULL, 101, NULL, 163841, NULL, NULL, NULL);

INSERT INTO `ace_object_properties_string` (`aceObjectId`, `strPropertyId`, `propertyValue`)
VALUES (725, 1, 'Peldin''s Bows');

INSERT INTO `ace_object_properties_int` (`aceObjectId`, `intPropertyId`, `propertyValue`)
VALUES (725, 1, 128);

INSERT INTO `ace_object_properties_int` (`aceObjectId`, `intPropertyId`, `propertyValue`)
VALUES (725, 5, 9000);

INSERT INTO `ace_object_properties_int` (`aceObjectId`, `intPropertyId`, `propertyValue`)
VALUES (725, 16, 1);

INSERT INTO `ace_object_properties_int` (`aceObjectId`, `intPropertyId`, `propertyValue`)
VALUES (725, 19, 125);

INSERT INTO `ace_object_properties_int` (`aceObjectId`, `intPropertyId`, `propertyValue`)
VALUES (725, 93, 1048);

INSERT INTO `ace_object_texture_map_change` (`aceObjectId`, `index`, `oldId`, `newId`)
VALUES (725, 0, 83891055, 83889907);

INSERT INTO `ace_object_animation_change` (`aceObjectId`, `index`, `animationId`)
VALUES (725, 0, 16780409);

INSERT INTO ace_weenie_class (`weenieClassId`, `weenieClassDescription`)
VALUES (724, 'glendenblacksmithsign');

INSERT INTO `ace_object` (`aceObjectId`, `aceObjectDescriptionFlags`, `weenieClassId`, `weenieHeaderFlags`, `iconId`, `iconOverlayId`, `iconUnderlayId`, `modelTableId`, `soundTableId`, `motionTableId`, `currentMotionState`, `animationFrameId`, `physicsTableId`, `physicsDescriptionFlag`, `spellId`, `playScript`, `defaultScript`)
VALUES (724, 2097176, 724, 20, 100668115, NULL, NULL, 33555088, NULL, NULL, NULL, 101, NULL, 163841, NULL, NULL, NULL);

INSERT INTO `ace_object_properties_string` (`aceObjectId`, `strPropertyId`, `propertyValue`)
VALUES (724, 1, 'The Ringing Anvil');

INSERT INTO `ace_object_properties_int` (`aceObjectId`, `intPropertyId`, `propertyValue`)
VALUES (724, 1, 128);

INSERT INTO `ace_object_properties_int` (`aceObjectId`, `intPropertyId`, `propertyValue`)
VALUES (724, 5, 9000);

INSERT INTO `ace_object_properties_int` (`aceObjectId`, `intPropertyId`, `propertyValue`)
VALUES (724, 16, 1);

INSERT INTO `ace_object_properties_int` (`aceObjectId`, `intPropertyId`, `propertyValue`)
VALUES (724, 19, 125);

INSERT INTO `ace_object_properties_int` (`aceObjectId`, `intPropertyId`, `propertyValue`)
VALUES (724, 93, 1048);

INSERT INTO `ace_object_texture_map_change` (`aceObjectId`, `index`, `oldId`, `newId`)
VALUES (724, 0, 83891055, 83889904);

INSERT INTO `ace_object_animation_change` (`aceObjectId`, `index`, `animationId`)
VALUES (724, 0, 16780409);

INSERT INTO ace_weenie_class (`weenieClassId`, `weenieClassDescription`)
VALUES (727, 'glendenhealersign');

INSERT INTO `ace_object` (`aceObjectId`, `aceObjectDescriptionFlags`, `weenieClassId`, `weenieHeaderFlags`, `iconId`, `iconOverlayId`, `iconUnderlayId`, `modelTableId`, `soundTableId`, `motionTableId`, `currentMotionState`, `animationFrameId`, `physicsTableId`, `physicsDescriptionFlag`, `spellId`, `playScript`, `defaultScript`)
VALUES (727, 2097176, 727, 20, 100668115, NULL, NULL, 33555088, NULL, NULL, NULL, 101, NULL, 163841, NULL, NULL, NULL);

INSERT INTO `ace_object_properties_string` (`aceObjectId`, `strPropertyId`, `propertyValue`)
VALUES (727, 1, 'Chirurgeon');

INSERT INTO `ace_object_properties_int` (`aceObjectId`, `intPropertyId`, `propertyValue`)
VALUES (727, 1, 128);

INSERT INTO `ace_object_properties_int` (`aceObjectId`, `intPropertyId`, `propertyValue`)
VALUES (727, 5, 9000);

INSERT INTO `ace_object_properties_int` (`aceObjectId`, `intPropertyId`, `propertyValue`)
VALUES (727, 16, 1);

INSERT INTO `ace_object_properties_int` (`aceObjectId`, `intPropertyId`, `propertyValue`)
VALUES (727, 19, 125);

INSERT INTO `ace_object_properties_int` (`aceObjectId`, `intPropertyId`, `propertyValue`)
VALUES (727, 93, 1048);

INSERT INTO `ace_object_texture_map_change` (`aceObjectId`, `index`, `oldId`, `newId`)
VALUES (727, 0, 83891055, 83889901);

INSERT INTO `ace_object_animation_change` (`aceObjectId`, `index`, `animationId`)
VALUES (727, 0, 16780409);

INSERT INTO ace_weenie_class (`weenieClassId`, `weenieClassDescription`)
VALUES (729, 'glendenshopsign');

INSERT INTO `ace_object` (`aceObjectId`, `aceObjectDescriptionFlags`, `weenieClassId`, `weenieHeaderFlags`, `iconId`, `iconOverlayId`, `iconUnderlayId`, `modelTableId`, `soundTableId`, `motionTableId`, `currentMotionState`, `animationFrameId`, `physicsTableId`, `physicsDescriptionFlag`, `spellId`, `playScript`, `defaultScript`)
VALUES (729, 2097176, 729, 20, 100668115, NULL, NULL, 33555088, NULL, NULL, NULL, 101, NULL, 163841, NULL, NULL, NULL);

INSERT INTO `ace_object_properties_string` (`aceObjectId`, `strPropertyId`, `propertyValue`)
VALUES (729, 1, 'The House of Trell');

INSERT INTO `ace_object_properties_int` (`aceObjectId`, `intPropertyId`, `propertyValue`)
VALUES (729, 1, 128);

INSERT INTO `ace_object_properties_int` (`aceObjectId`, `intPropertyId`, `propertyValue`)
VALUES (729, 5, 9000);

INSERT INTO `ace_object_properties_int` (`aceObjectId`, `intPropertyId`, `propertyValue`)
VALUES (729, 16, 1);

INSERT INTO `ace_object_properties_int` (`aceObjectId`, `intPropertyId`, `propertyValue`)
VALUES (729, 19, 125);

INSERT INTO `ace_object_properties_int` (`aceObjectId`, `intPropertyId`, `propertyValue`)
VALUES (729, 93, 1048);

INSERT INTO `ace_object_texture_map_change` (`aceObjectId`, `index`, `oldId`, `newId`)
VALUES (729, 0, 83891055, 83889906);

INSERT INTO `ace_object_animation_change` (`aceObjectId`, `index`, `animationId`)
VALUES (729, 0, 16780409);

INSERT INTO ace_weenie_class (`weenieClassId`, `weenieClassDescription`)
VALUES (726, 'glendengrocersign');

INSERT INTO `ace_object` (`aceObjectId`, `aceObjectDescriptionFlags`, `weenieClassId`, `weenieHeaderFlags`, `iconId`, `iconOverlayId`, `iconUnderlayId`, `modelTableId`, `soundTableId`, `motionTableId`, `currentMotionState`, `animationFrameId`, `physicsTableId`, `physicsDescriptionFlag`, `spellId`, `playScript`, `defaultScript`)
VALUES (726, 2097176, 726, 20, 100668115, NULL, NULL, 33555088, NULL, NULL, NULL, 101, NULL, 163845, NULL, NULL, NULL);

INSERT INTO `ace_object_properties_string` (`aceObjectId`, `strPropertyId`, `propertyValue`)
VALUES (726, 1, 'Food and Attire');

INSERT INTO `ace_object_properties_int` (`aceObjectId`, `intPropertyId`, `propertyValue`)
VALUES (726, 1, 128);

INSERT INTO `ace_object_properties_int` (`aceObjectId`, `intPropertyId`, `propertyValue`)
VALUES (726, 5, 9000);

INSERT INTO `ace_object_properties_int` (`aceObjectId`, `intPropertyId`, `propertyValue`)
VALUES (726, 16, 1);

INSERT INTO `ace_object_properties_int` (`aceObjectId`, `intPropertyId`, `propertyValue`)
VALUES (726, 19, 125);

INSERT INTO `ace_object_properties_int` (`aceObjectId`, `intPropertyId`, `propertyValue`)
VALUES (726, 93, 1048);

INSERT INTO `ace_object_texture_map_change` (`aceObjectId`, `index`, `oldId`, `newId`)
VALUES (726, 0, 83891055, 83889906);

INSERT INTO `ace_object_animation_change` (`aceObjectId`, `index`, `animationId`)
VALUES (726, 0, 16780409);

INSERT INTO ace_weenie_class (`weenieClassId`, `weenieClassDescription`)
VALUES (728, 'glendenpubsign');

INSERT INTO `ace_object` (`aceObjectId`, `aceObjectDescriptionFlags`, `weenieClassId`, `weenieHeaderFlags`, `iconId`, `iconOverlayId`, `iconUnderlayId`, `modelTableId`, `soundTableId`, `motionTableId`, `currentMotionState`, `animationFrameId`, `physicsTableId`, `physicsDescriptionFlag`, `spellId`, `playScript`, `defaultScript`)
VALUES (728, 2097176, 728, 20, 100668115, NULL, NULL, 33555088, NULL, NULL, NULL, 101, NULL, 163841, NULL, NULL, NULL);

INSERT INTO `ace_object_properties_string` (`aceObjectId`, `strPropertyId`, `propertyValue`)
VALUES (728, 1, 'The Overlook');

INSERT INTO `ace_object_properties_int` (`aceObjectId`, `intPropertyId`, `propertyValue`)
VALUES (728, 1, 128);

INSERT INTO `ace_object_properties_int` (`aceObjectId`, `intPropertyId`, `propertyValue`)
VALUES (728, 5, 9000);

INSERT INTO `ace_object_properties_int` (`aceObjectId`, `intPropertyId`, `propertyValue`)
VALUES (728, 16, 1);

INSERT INTO `ace_object_properties_int` (`aceObjectId`, `intPropertyId`, `propertyValue`)
VALUES (728, 19, 125);

INSERT INTO `ace_object_properties_int` (`aceObjectId`, `intPropertyId`, `propertyValue`)
VALUES (728, 93, 1048);

INSERT INTO `ace_object_texture_map_change` (`aceObjectId`, `index`, `oldId`, `newId`)
VALUES (728, 0, 83891055, 83891060);

INSERT INTO `ace_object_animation_change` (`aceObjectId`, `index`, `animationId`)
VALUES (728, 0, 16780409);

INSERT INTO ace_weenie_class (`weenieClassId`, `weenieClassDescription`)
VALUES (2326, 'forttethanasign');

INSERT INTO `ace_object` (`aceObjectId`, `aceObjectDescriptionFlags`, `weenieClassId`, `weenieHeaderFlags`, `iconId`, `iconOverlayId`, `iconUnderlayId`, `modelTableId`, `soundTableId`, `motionTableId`, `currentMotionState`, `animationFrameId`, `physicsTableId`, `physicsDescriptionFlag`, `spellId`, `playScript`, `defaultScript`)
VALUES (2326, 2097176, 2326, 20, 100668115, NULL, NULL, 33555088, NULL, NULL, NULL, 101, NULL, 163841, NULL, NULL, NULL);

INSERT INTO `ace_object_properties_string` (`aceObjectId`, `strPropertyId`, `propertyValue`)
VALUES (2326, 1, 'Fort Tethana ');

INSERT INTO `ace_object_properties_int` (`aceObjectId`, `intPropertyId`, `propertyValue`)
VALUES (2326, 1, 128);

INSERT INTO `ace_object_properties_int` (`aceObjectId`, `intPropertyId`, `propertyValue`)
VALUES (2326, 5, 9000);

INSERT INTO `ace_object_properties_int` (`aceObjectId`, `intPropertyId`, `propertyValue`)
VALUES (2326, 16, 1);

INSERT INTO `ace_object_properties_int` (`aceObjectId`, `intPropertyId`, `propertyValue`)
VALUES (2326, 19, 125);

INSERT INTO `ace_object_properties_int` (`aceObjectId`, `intPropertyId`, `propertyValue`)
VALUES (2326, 93, 1048);

INSERT INTO ace_weenie_class (`weenieClassId`, `weenieClassDescription`)
VALUES (2325, 'forttethanashopkeepersign');

INSERT INTO `ace_object` (`aceObjectId`, `aceObjectDescriptionFlags`, `weenieClassId`, `weenieHeaderFlags`, `iconId`, `iconOverlayId`, `iconUnderlayId`, `modelTableId`, `soundTableId`, `motionTableId`, `currentMotionState`, `animationFrameId`, `physicsTableId`, `physicsDescriptionFlag`, `spellId`, `playScript`, `defaultScript`)
VALUES (2325, 2097176, 2325, 20, 100668115, NULL, NULL, 33555088, NULL, NULL, NULL, 101, NULL, 163841, NULL, NULL, NULL);

INSERT INTO `ace_object_properties_string` (`aceObjectId`, `strPropertyId`, `propertyValue`)
VALUES (2325, 1, 'The Purple Tumerok');

INSERT INTO `ace_object_properties_int` (`aceObjectId`, `intPropertyId`, `propertyValue`)
VALUES (2325, 1, 128);

INSERT INTO `ace_object_properties_int` (`aceObjectId`, `intPropertyId`, `propertyValue`)
VALUES (2325, 5, 9000);

INSERT INTO `ace_object_properties_int` (`aceObjectId`, `intPropertyId`, `propertyValue`)
VALUES (2325, 16, 1);

INSERT INTO `ace_object_properties_int` (`aceObjectId`, `intPropertyId`, `propertyValue`)
VALUES (2325, 19, 125);

INSERT INTO `ace_object_properties_int` (`aceObjectId`, `intPropertyId`, `propertyValue`)
VALUES (2325, 93, 1048);

INSERT INTO `ace_object_texture_map_change` (`aceObjectId`, `index`, `oldId`, `newId`)
VALUES (2325, 0, 83891055, 83889906);

INSERT INTO `ace_object_animation_change` (`aceObjectId`, `index`, `animationId`)
VALUES (2325, 0, 16780409);

INSERT INTO ace_weenie_class (`weenieClassId`, `weenieClassDescription`)
VALUES (2322, 'forttethanabowyersign');

INSERT INTO `ace_object` (`aceObjectId`, `aceObjectDescriptionFlags`, `weenieClassId`, `weenieHeaderFlags`, `iconId`, `iconOverlayId`, `iconUnderlayId`, `modelTableId`, `soundTableId`, `motionTableId`, `currentMotionState`, `animationFrameId`, `physicsTableId`, `physicsDescriptionFlag`, `spellId`, `playScript`, `defaultScript`)
VALUES (2322, 2097176, 2322, 20, 100668115, NULL, NULL, 33555088, NULL, NULL, NULL, 101, NULL, 163841, NULL, NULL, NULL);

INSERT INTO `ace_object_properties_string` (`aceObjectId`, `strPropertyId`, `propertyValue`)
VALUES (2322, 1, 'The Lone Arrow');

INSERT INTO `ace_object_properties_int` (`aceObjectId`, `intPropertyId`, `propertyValue`)
VALUES (2322, 1, 128);

INSERT INTO `ace_object_properties_int` (`aceObjectId`, `intPropertyId`, `propertyValue`)
VALUES (2322, 5, 9000);

INSERT INTO `ace_object_properties_int` (`aceObjectId`, `intPropertyId`, `propertyValue`)
VALUES (2322, 16, 1);

INSERT INTO `ace_object_properties_int` (`aceObjectId`, `intPropertyId`, `propertyValue`)
VALUES (2322, 19, 125);

INSERT INTO `ace_object_properties_int` (`aceObjectId`, `intPropertyId`, `propertyValue`)
VALUES (2322, 93, 1048);

INSERT INTO `ace_object_texture_map_change` (`aceObjectId`, `index`, `oldId`, `newId`)
VALUES (2322, 0, 83891055, 83889907);

INSERT INTO `ace_object_animation_change` (`aceObjectId`, `index`, `animationId`)
VALUES (2322, 0, 16780409);

INSERT INTO ace_weenie_class (`weenieClassId`, `weenieClassDescription`)
VALUES (2321, 'forttethanablacksmithsign');

INSERT INTO `ace_object` (`aceObjectId`, `aceObjectDescriptionFlags`, `weenieClassId`, `weenieHeaderFlags`, `iconId`, `iconOverlayId`, `iconUnderlayId`, `modelTableId`, `soundTableId`, `motionTableId`, `currentMotionState`, `animationFrameId`, `physicsTableId`, `physicsDescriptionFlag`, `spellId`, `playScript`, `defaultScript`)
VALUES (2321, 2097176, 2321, 20, 100668115, NULL, NULL, 33555088, NULL, NULL, NULL, 101, NULL, 163841, NULL, NULL, NULL);

INSERT INTO `ace_object_properties_string` (`aceObjectId`, `strPropertyId`, `propertyValue`)
VALUES (2321, 1, 'Smith Magarith');

INSERT INTO `ace_object_properties_int` (`aceObjectId`, `intPropertyId`, `propertyValue`)
VALUES (2321, 1, 128);

INSERT INTO `ace_object_properties_int` (`aceObjectId`, `intPropertyId`, `propertyValue`)
VALUES (2321, 5, 9000);

INSERT INTO `ace_object_properties_int` (`aceObjectId`, `intPropertyId`, `propertyValue`)
VALUES (2321, 16, 1);

INSERT INTO `ace_object_properties_int` (`aceObjectId`, `intPropertyId`, `propertyValue`)
VALUES (2321, 19, 125);

INSERT INTO `ace_object_properties_int` (`aceObjectId`, `intPropertyId`, `propertyValue`)
VALUES (2321, 93, 1048);

INSERT INTO `ace_object_texture_map_change` (`aceObjectId`, `index`, `oldId`, `newId`)
VALUES (2321, 0, 83891055, 83889904);

INSERT INTO `ace_object_animation_change` (`aceObjectId`, `index`, `animationId`)
VALUES (2321, 0, 16780409);

INSERT INTO ace_weenie_class (`weenieClassId`, `weenieClassDescription`)
VALUES (2237, 'dryreachblacksmithsign');

INSERT INTO `ace_object` (`aceObjectId`, `aceObjectDescriptionFlags`, `weenieClassId`, `weenieHeaderFlags`, `iconId`, `iconOverlayId`, `iconUnderlayId`, `modelTableId`, `soundTableId`, `motionTableId`, `currentMotionState`, `animationFrameId`, `physicsTableId`, `physicsDescriptionFlag`, `spellId`, `playScript`, `defaultScript`)
VALUES (2237, 2097176, 2237, 20, 100668115, NULL, NULL, 33555088, NULL, NULL, NULL, 101, NULL, 163841, NULL, NULL, NULL);

INSERT INTO `ace_object_properties_string` (`aceObjectId`, `strPropertyId`, `propertyValue`)
VALUES (2237, 1, 'Armaments');

INSERT INTO `ace_object_properties_int` (`aceObjectId`, `intPropertyId`, `propertyValue`)
VALUES (2237, 1, 128);

INSERT INTO `ace_object_properties_int` (`aceObjectId`, `intPropertyId`, `propertyValue`)
VALUES (2237, 5, 9000);

INSERT INTO `ace_object_properties_int` (`aceObjectId`, `intPropertyId`, `propertyValue`)
VALUES (2237, 16, 1);

INSERT INTO `ace_object_properties_int` (`aceObjectId`, `intPropertyId`, `propertyValue`)
VALUES (2237, 19, 125);

INSERT INTO `ace_object_properties_int` (`aceObjectId`, `intPropertyId`, `propertyValue`)
VALUES (2237, 93, 1048);

INSERT INTO `ace_object_texture_map_change` (`aceObjectId`, `index`, `oldId`, `newId`)
VALUES (2237, 0, 83891055, 83889904);

INSERT INTO `ace_object_animation_change` (`aceObjectId`, `index`, `animationId`)
VALUES (2237, 0, 16780409);

INSERT INTO ace_weenie_class (`weenieClassId`, `weenieClassDescription`)
VALUES (2242, 'dryreachtavernsign');

INSERT INTO `ace_object` (`aceObjectId`, `aceObjectDescriptionFlags`, `weenieClassId`, `weenieHeaderFlags`, `iconId`, `iconOverlayId`, `iconUnderlayId`, `modelTableId`, `soundTableId`, `motionTableId`, `currentMotionState`, `animationFrameId`, `physicsTableId`, `physicsDescriptionFlag`, `spellId`, `playScript`, `defaultScript`)
VALUES (2242, 2097176, 2242, 20, 100668115, NULL, NULL, 33555088, NULL, NULL, NULL, 101, NULL, 163841, NULL, NULL, NULL);

INSERT INTO `ace_object_properties_string` (`aceObjectId`, `strPropertyId`, `propertyValue`)
VALUES (2242, 1, 'The Tumerok''s Head');

INSERT INTO `ace_object_properties_int` (`aceObjectId`, `intPropertyId`, `propertyValue`)
VALUES (2242, 1, 128);

INSERT INTO `ace_object_properties_int` (`aceObjectId`, `intPropertyId`, `propertyValue`)
VALUES (2242, 5, 9000);

INSERT INTO `ace_object_properties_int` (`aceObjectId`, `intPropertyId`, `propertyValue`)
VALUES (2242, 16, 1);

INSERT INTO `ace_object_properties_int` (`aceObjectId`, `intPropertyId`, `propertyValue`)
VALUES (2242, 19, 125);

INSERT INTO `ace_object_properties_int` (`aceObjectId`, `intPropertyId`, `propertyValue`)
VALUES (2242, 93, 1048);

INSERT INTO `ace_object_texture_map_change` (`aceObjectId`, `index`, `oldId`, `newId`)
VALUES (2242, 0, 83891055, 83891060);

INSERT INTO `ace_object_animation_change` (`aceObjectId`, `index`, `animationId`)
VALUES (2242, 0, 16780409);

INSERT INTO ace_weenie_class (`weenieClassId`, `weenieClassDescription`)
VALUES (2241, 'dryreachsuppliessign');

INSERT INTO `ace_object` (`aceObjectId`, `aceObjectDescriptionFlags`, `weenieClassId`, `weenieHeaderFlags`, `iconId`, `iconOverlayId`, `iconUnderlayId`, `modelTableId`, `soundTableId`, `motionTableId`, `currentMotionState`, `animationFrameId`, `physicsTableId`, `physicsDescriptionFlag`, `spellId`, `playScript`, `defaultScript`)
VALUES (2241, 2097176, 2241, 20, 100668115, NULL, NULL, 33555088, NULL, NULL, NULL, 101, NULL, 163841, NULL, NULL, NULL);

INSERT INTO `ace_object_properties_string` (`aceObjectId`, `strPropertyId`, `propertyValue`)
VALUES (2241, 1, 'Supplies');

INSERT INTO `ace_object_properties_int` (`aceObjectId`, `intPropertyId`, `propertyValue`)
VALUES (2241, 1, 128);

INSERT INTO `ace_object_properties_int` (`aceObjectId`, `intPropertyId`, `propertyValue`)
VALUES (2241, 5, 9000);

INSERT INTO `ace_object_properties_int` (`aceObjectId`, `intPropertyId`, `propertyValue`)
VALUES (2241, 16, 1);

INSERT INTO `ace_object_properties_int` (`aceObjectId`, `intPropertyId`, `propertyValue`)
VALUES (2241, 19, 125);

INSERT INTO `ace_object_properties_int` (`aceObjectId`, `intPropertyId`, `propertyValue`)
VALUES (2241, 93, 1048);

INSERT INTO `ace_object_texture_map_change` (`aceObjectId`, `index`, `oldId`, `newId`)
VALUES (2241, 0, 83891055, 83889906);

INSERT INTO `ace_object_animation_change` (`aceObjectId`, `index`, `animationId`)
VALUES (2241, 0, 16780409);

INSERT INTO ace_weenie_class (`weenieClassId`, `weenieClassDescription`)
VALUES (2240, 'dryreachmanorbeldrynsign');

INSERT INTO `ace_object` (`aceObjectId`, `aceObjectDescriptionFlags`, `weenieClassId`, `weenieHeaderFlags`, `iconId`, `iconOverlayId`, `iconUnderlayId`, `modelTableId`, `soundTableId`, `motionTableId`, `currentMotionState`, `animationFrameId`, `physicsTableId`, `physicsDescriptionFlag`, `spellId`, `playScript`, `defaultScript`)
VALUES (2240, 2097176, 2240, 20, 100668115, NULL, NULL, 33555088, NULL, NULL, NULL, 101, NULL, 163841, NULL, NULL, NULL);

INSERT INTO `ace_object_properties_string` (`aceObjectId`, `strPropertyId`, `propertyValue`)
VALUES (2240, 1, 'Manor Beldryn ');

INSERT INTO `ace_object_properties_int` (`aceObjectId`, `intPropertyId`, `propertyValue`)
VALUES (2240, 1, 128);

INSERT INTO `ace_object_properties_int` (`aceObjectId`, `intPropertyId`, `propertyValue`)
VALUES (2240, 5, 9000);

INSERT INTO `ace_object_properties_int` (`aceObjectId`, `intPropertyId`, `propertyValue`)
VALUES (2240, 16, 1);

INSERT INTO `ace_object_properties_int` (`aceObjectId`, `intPropertyId`, `propertyValue`)
VALUES (2240, 19, 125);

INSERT INTO `ace_object_properties_int` (`aceObjectId`, `intPropertyId`, `propertyValue`)
VALUES (2240, 93, 1048);

INSERT INTO `ace_object_texture_map_change` (`aceObjectId`, `index`, `oldId`, `newId`)
VALUES (2240, 0, 83891055, 83889906);

INSERT INTO `ace_object_animation_change` (`aceObjectId`, `index`, `animationId`)
VALUES (2240, 0, 16780409);

INSERT INTO ace_weenie_class (`weenieClassId`, `weenieClassDescription`)
VALUES (1085, 'eastrithwicjewelersign');

INSERT INTO `ace_object` (`aceObjectId`, `aceObjectDescriptionFlags`, `weenieClassId`, `weenieHeaderFlags`, `iconId`, `iconOverlayId`, `iconUnderlayId`, `modelTableId`, `soundTableId`, `motionTableId`, `currentMotionState`, `animationFrameId`, `physicsTableId`, `physicsDescriptionFlag`, `spellId`, `playScript`, `defaultScript`)
VALUES (1085, 2097176, 1085, 20, 100668115, NULL, NULL, 33555088, NULL, NULL, NULL, 101, NULL, 163841, NULL, NULL, NULL);

INSERT INTO `ace_object_properties_string` (`aceObjectId`, `strPropertyId`, `propertyValue`)
VALUES (1085, 1, 'Adornments');

INSERT INTO `ace_object_properties_int` (`aceObjectId`, `intPropertyId`, `propertyValue`)
VALUES (1085, 1, 128);

INSERT INTO `ace_object_properties_int` (`aceObjectId`, `intPropertyId`, `propertyValue`)
VALUES (1085, 5, 9000);

INSERT INTO `ace_object_properties_int` (`aceObjectId`, `intPropertyId`, `propertyValue`)
VALUES (1085, 16, 1);

INSERT INTO `ace_object_properties_int` (`aceObjectId`, `intPropertyId`, `propertyValue`)
VALUES (1085, 19, 125);

INSERT INTO `ace_object_properties_int` (`aceObjectId`, `intPropertyId`, `propertyValue`)
VALUES (1085, 93, 1048);

INSERT INTO `ace_object_texture_map_change` (`aceObjectId`, `index`, `oldId`, `newId`)
VALUES (1085, 0, 83891055, 83889909);

INSERT INTO `ace_object_animation_change` (`aceObjectId`, `index`, `animationId`)
VALUES (1085, 0, 16780409);

INSERT INTO ace_weenie_class (`weenieClassId`, `weenieClassDescription`)
VALUES (1086, 'eastrithwicpubsign');

INSERT INTO `ace_object` (`aceObjectId`, `aceObjectDescriptionFlags`, `weenieClassId`, `weenieHeaderFlags`, `iconId`, `iconOverlayId`, `iconUnderlayId`, `modelTableId`, `soundTableId`, `motionTableId`, `currentMotionState`, `animationFrameId`, `physicsTableId`, `physicsDescriptionFlag`, `spellId`, `playScript`, `defaultScript`)
VALUES (1086, 2097176, 1086, 20, 100668115, NULL, NULL, 33555088, NULL, NULL, NULL, 101, NULL, 163841, NULL, NULL, NULL);

INSERT INTO `ace_object_properties_string` (`aceObjectId`, `strPropertyId`, `propertyValue`)
VALUES (1086, 1, 'Skull and Flagons');

INSERT INTO `ace_object_properties_int` (`aceObjectId`, `intPropertyId`, `propertyValue`)
VALUES (1086, 1, 128);

INSERT INTO `ace_object_properties_int` (`aceObjectId`, `intPropertyId`, `propertyValue`)
VALUES (1086, 5, 9000);

INSERT INTO `ace_object_properties_int` (`aceObjectId`, `intPropertyId`, `propertyValue`)
VALUES (1086, 16, 1);

INSERT INTO `ace_object_properties_int` (`aceObjectId`, `intPropertyId`, `propertyValue`)
VALUES (1086, 19, 125);

INSERT INTO `ace_object_properties_int` (`aceObjectId`, `intPropertyId`, `propertyValue`)
VALUES (1086, 93, 1048);

INSERT INTO `ace_object_texture_map_change` (`aceObjectId`, `index`, `oldId`, `newId`)
VALUES (1086, 0, 83891055, 83891060);

INSERT INTO `ace_object_animation_change` (`aceObjectId`, `index`, `animationId`)
VALUES (1086, 0, 16780409);

INSERT INTO ace_weenie_class (`weenieClassId`, `weenieClassDescription`)
VALUES (1084, 'eastrithwictailorsign');

INSERT INTO `ace_object` (`aceObjectId`, `aceObjectDescriptionFlags`, `weenieClassId`, `weenieHeaderFlags`, `iconId`, `iconOverlayId`, `iconUnderlayId`, `modelTableId`, `soundTableId`, `motionTableId`, `currentMotionState`, `animationFrameId`, `physicsTableId`, `physicsDescriptionFlag`, `spellId`, `playScript`, `defaultScript`)
VALUES (1084, 2097176, 1084, 20, 100668115, NULL, NULL, 33555088, NULL, NULL, NULL, 101, NULL, 163841, NULL, NULL, NULL);

INSERT INTO `ace_object_properties_string` (`aceObjectId`, `strPropertyId`, `propertyValue`)
VALUES (1084, 1, 'Tenxien''s Garments');

INSERT INTO `ace_object_properties_int` (`aceObjectId`, `intPropertyId`, `propertyValue`)
VALUES (1084, 1, 128);

INSERT INTO `ace_object_properties_int` (`aceObjectId`, `intPropertyId`, `propertyValue`)
VALUES (1084, 5, 9000);

INSERT INTO `ace_object_properties_int` (`aceObjectId`, `intPropertyId`, `propertyValue`)
VALUES (1084, 16, 1);

INSERT INTO `ace_object_properties_int` (`aceObjectId`, `intPropertyId`, `propertyValue`)
VALUES (1084, 19, 125);

INSERT INTO `ace_object_properties_int` (`aceObjectId`, `intPropertyId`, `propertyValue`)
VALUES (1084, 93, 1048);

INSERT INTO `ace_object_texture_map_change` (`aceObjectId`, `index`, `oldId`, `newId`)
VALUES (1084, 0, 83891055, 83889899);

INSERT INTO `ace_object_animation_change` (`aceObjectId`, `index`, `animationId`)
VALUES (1084, 0, 16780409);

INSERT INTO ace_weenie_class (`weenieClassId`, `weenieClassDescription`)
VALUES (5617, 'rithwichealersign');

INSERT INTO `ace_object` (`aceObjectId`, `aceObjectDescriptionFlags`, `weenieClassId`, `weenieHeaderFlags`, `iconId`, `iconOverlayId`, `iconUnderlayId`, `modelTableId`, `soundTableId`, `motionTableId`, `currentMotionState`, `animationFrameId`, `physicsTableId`, `physicsDescriptionFlag`, `spellId`, `playScript`, `defaultScript`)
VALUES (5617, 2097176, 5617, 20, 100668115, NULL, NULL, 33555088, NULL, NULL, NULL, 101, NULL, 163841, NULL, NULL, NULL);

INSERT INTO `ace_object_properties_string` (`aceObjectId`, `strPropertyId`, `propertyValue`)
VALUES (5617, 1, 'Healer');

INSERT INTO `ace_object_properties_int` (`aceObjectId`, `intPropertyId`, `propertyValue`)
VALUES (5617, 1, 128);

INSERT INTO `ace_object_properties_int` (`aceObjectId`, `intPropertyId`, `propertyValue`)
VALUES (5617, 5, 9000);

INSERT INTO `ace_object_properties_int` (`aceObjectId`, `intPropertyId`, `propertyValue`)
VALUES (5617, 16, 1);

INSERT INTO `ace_object_properties_int` (`aceObjectId`, `intPropertyId`, `propertyValue`)
VALUES (5617, 19, 125);

INSERT INTO `ace_object_properties_int` (`aceObjectId`, `intPropertyId`, `propertyValue`)
VALUES (5617, 93, 1048);

INSERT INTO `ace_object_texture_map_change` (`aceObjectId`, `index`, `oldId`, `newId`)
VALUES (5617, 0, 83891055, 83889901);

INSERT INTO `ace_object_animation_change` (`aceObjectId`, `index`, `animationId`)
VALUES (5617, 0, 16780409);

INSERT INTO ace_weenie_class (`weenieClassId`, `weenieClassDescription`)
VALUES (645, 'rithwicgildedtomesign');

INSERT INTO `ace_object` (`aceObjectId`, `aceObjectDescriptionFlags`, `weenieClassId`, `weenieHeaderFlags`, `iconId`, `iconOverlayId`, `iconUnderlayId`, `modelTableId`, `soundTableId`, `motionTableId`, `currentMotionState`, `animationFrameId`, `physicsTableId`, `physicsDescriptionFlag`, `spellId`, `playScript`, `defaultScript`)
VALUES (645, 2097176, 645, 20, 100668115, NULL, NULL, 33555088, NULL, NULL, NULL, 101, NULL, 163841, NULL, NULL, NULL);

INSERT INTO `ace_object_properties_string` (`aceObjectId`, `strPropertyId`, `propertyValue`)
VALUES (645, 1, 'The Gilded Tome ');

INSERT INTO `ace_object_properties_int` (`aceObjectId`, `intPropertyId`, `propertyValue`)
VALUES (645, 1, 128);

INSERT INTO `ace_object_properties_int` (`aceObjectId`, `intPropertyId`, `propertyValue`)
VALUES (645, 5, 9000);

INSERT INTO `ace_object_properties_int` (`aceObjectId`, `intPropertyId`, `propertyValue`)
VALUES (645, 16, 1);

INSERT INTO `ace_object_properties_int` (`aceObjectId`, `intPropertyId`, `propertyValue`)
VALUES (645, 19, 125);

INSERT INTO `ace_object_properties_int` (`aceObjectId`, `intPropertyId`, `propertyValue`)
VALUES (645, 93, 1048);

INSERT INTO `ace_object_texture_map_change` (`aceObjectId`, `index`, `oldId`, `newId`)
VALUES (645, 0, 83891055, 83889905);

INSERT INTO `ace_object_animation_change` (`aceObjectId`, `index`, `animationId`)
VALUES (645, 0, 16780409);

INSERT INTO ace_weenie_class (`weenieClassId`, `weenieClassDescription`)
VALUES (5589, 'rithwicbowyersign');

INSERT INTO `ace_object` (`aceObjectId`, `aceObjectDescriptionFlags`, `weenieClassId`, `weenieHeaderFlags`, `iconId`, `iconOverlayId`, `iconUnderlayId`, `modelTableId`, `soundTableId`, `motionTableId`, `currentMotionState`, `animationFrameId`, `physicsTableId`, `physicsDescriptionFlag`, `spellId`, `playScript`, `defaultScript`)
VALUES (5589, 2097176, 5589, 20, 100668115, NULL, NULL, 33555088, NULL, NULL, NULL, 101, NULL, 163841, NULL, NULL, NULL);

INSERT INTO `ace_object_properties_string` (`aceObjectId`, `strPropertyId`, `propertyValue`)
VALUES (5589, 1, 'Fletcher');

INSERT INTO `ace_object_properties_int` (`aceObjectId`, `intPropertyId`, `propertyValue`)
VALUES (5589, 1, 128);

INSERT INTO `ace_object_properties_int` (`aceObjectId`, `intPropertyId`, `propertyValue`)
VALUES (5589, 5, 9000);

INSERT INTO `ace_object_properties_int` (`aceObjectId`, `intPropertyId`, `propertyValue`)
VALUES (5589, 16, 1);

INSERT INTO `ace_object_properties_int` (`aceObjectId`, `intPropertyId`, `propertyValue`)
VALUES (5589, 19, 125);

INSERT INTO `ace_object_properties_int` (`aceObjectId`, `intPropertyId`, `propertyValue`)
VALUES (5589, 93, 1048);

INSERT INTO `ace_object_texture_map_change` (`aceObjectId`, `index`, `oldId`, `newId`)
VALUES (5589, 0, 83891055, 83889907);

INSERT INTO `ace_object_animation_change` (`aceObjectId`, `index`, `animationId`)
VALUES (5589, 0, 16780409);

INSERT INTO ace_weenie_class (`weenieClassId`, `weenieClassDescription`)
VALUES (646, 'rithwicroyalfirkinsign');

INSERT INTO `ace_object` (`aceObjectId`, `aceObjectDescriptionFlags`, `weenieClassId`, `weenieHeaderFlags`, `iconId`, `iconOverlayId`, `iconUnderlayId`, `modelTableId`, `soundTableId`, `motionTableId`, `currentMotionState`, `animationFrameId`, `physicsTableId`, `physicsDescriptionFlag`, `spellId`, `playScript`, `defaultScript`)
VALUES (646, 2097176, 646, 20, 100668115, NULL, NULL, 33555088, NULL, NULL, NULL, 101, NULL, 163841, NULL, NULL, NULL);

INSERT INTO `ace_object_properties_string` (`aceObjectId`, `strPropertyId`, `propertyValue`)
VALUES (646, 1, 'The Royal Firkin');

INSERT INTO `ace_object_properties_int` (`aceObjectId`, `intPropertyId`, `propertyValue`)
VALUES (646, 1, 128);

INSERT INTO `ace_object_properties_int` (`aceObjectId`, `intPropertyId`, `propertyValue`)
VALUES (646, 5, 9000);

INSERT INTO `ace_object_properties_int` (`aceObjectId`, `intPropertyId`, `propertyValue`)
VALUES (646, 16, 1);

INSERT INTO `ace_object_properties_int` (`aceObjectId`, `intPropertyId`, `propertyValue`)
VALUES (646, 19, 125);

INSERT INTO `ace_object_properties_int` (`aceObjectId`, `intPropertyId`, `propertyValue`)
VALUES (646, 93, 1048);

INSERT INTO `ace_object_texture_map_change` (`aceObjectId`, `index`, `oldId`, `newId`)
VALUES (646, 0, 83891055, 83891060);

INSERT INTO `ace_object_animation_change` (`aceObjectId`, `index`, `animationId`)
VALUES (646, 0, 16780409);

INSERT INTO ace_weenie_class (`weenieClassId`, `weenieClassDescription`)
VALUES (633, 'tailorsign');

INSERT INTO `ace_object` (`aceObjectId`, `aceObjectDescriptionFlags`, `weenieClassId`, `weenieHeaderFlags`, `iconId`, `iconOverlayId`, `iconUnderlayId`, `modelTableId`, `soundTableId`, `motionTableId`, `currentMotionState`, `animationFrameId`, `physicsTableId`, `physicsDescriptionFlag`, `spellId`, `playScript`, `defaultScript`)
VALUES (633, 2097176, 633, 20, 100668115, NULL, NULL, 33555088, NULL, NULL, NULL, 101, NULL, 163841, NULL, NULL, NULL);

INSERT INTO `ace_object_properties_string` (`aceObjectId`, `strPropertyId`, `propertyValue`)
VALUES (633, 1, 'Tailor ');

INSERT INTO `ace_object_properties_int` (`aceObjectId`, `intPropertyId`, `propertyValue`)
VALUES (633, 1, 128);

INSERT INTO `ace_object_properties_int` (`aceObjectId`, `intPropertyId`, `propertyValue`)
VALUES (633, 5, 9000);

INSERT INTO `ace_object_properties_int` (`aceObjectId`, `intPropertyId`, `propertyValue`)
VALUES (633, 16, 1);

INSERT INTO `ace_object_properties_int` (`aceObjectId`, `intPropertyId`, `propertyValue`)
VALUES (633, 19, 125);

INSERT INTO `ace_object_properties_int` (`aceObjectId`, `intPropertyId`, `propertyValue`)
VALUES (633, 93, 1048);

INSERT INTO `ace_object_texture_map_change` (`aceObjectId`, `index`, `oldId`, `newId`)
VALUES (633, 0, 83891055, 83889899);

INSERT INTO `ace_object_animation_change` (`aceObjectId`, `index`, `animationId`)
VALUES (633, 0, 16780409);

INSERT INTO ace_weenie_class (`weenieClassId`, `weenieClassDescription`)
VALUES (647, 'rithwicweaponsmithsign');

INSERT INTO `ace_object` (`aceObjectId`, `aceObjectDescriptionFlags`, `weenieClassId`, `weenieHeaderFlags`, `iconId`, `iconOverlayId`, `iconUnderlayId`, `modelTableId`, `soundTableId`, `motionTableId`, `currentMotionState`, `animationFrameId`, `physicsTableId`, `physicsDescriptionFlag`, `spellId`, `playScript`, `defaultScript`)
VALUES (647, 2097176, 647, 20, 100668115, NULL, NULL, 33555088, NULL, NULL, NULL, 101, NULL, 163841, NULL, NULL, NULL);

INSERT INTO `ace_object_properties_string` (`aceObjectId`, `strPropertyId`, `propertyValue`)
VALUES (647, 1, 'Lady of Blades');

INSERT INTO `ace_object_properties_int` (`aceObjectId`, `intPropertyId`, `propertyValue`)
VALUES (647, 1, 128);

INSERT INTO `ace_object_properties_int` (`aceObjectId`, `intPropertyId`, `propertyValue`)
VALUES (647, 5, 9000);

INSERT INTO `ace_object_properties_int` (`aceObjectId`, `intPropertyId`, `propertyValue`)
VALUES (647, 16, 1);

INSERT INTO `ace_object_properties_int` (`aceObjectId`, `intPropertyId`, `propertyValue`)
VALUES (647, 19, 125);

INSERT INTO `ace_object_properties_int` (`aceObjectId`, `intPropertyId`, `propertyValue`)
VALUES (647, 93, 1048);

INSERT INTO `ace_object_texture_map_change` (`aceObjectId`, `index`, `oldId`, `newId`)
VALUES (647, 0, 83891055, 83889904);

INSERT INTO `ace_object_animation_change` (`aceObjectId`, `index`, `animationId`)
VALUES (647, 0, 16780409);

INSERT INTO ace_weenie_class (`weenieClassId`, `weenieClassDescription`)
VALUES (5075, 'rithwicsouthoutpostsign');

INSERT INTO `ace_object` (`aceObjectId`, `aceObjectDescriptionFlags`, `weenieClassId`, `weenieHeaderFlags`, `iconId`, `iconOverlayId`, `iconUnderlayId`, `modelTableId`, `soundTableId`, `motionTableId`, `currentMotionState`, `animationFrameId`, `physicsTableId`, `physicsDescriptionFlag`, `spellId`, `playScript`, `defaultScript`)
VALUES (5075, 2097176, 5075, 20, 100668115, NULL, NULL, 33555088, NULL, NULL, NULL, 101, NULL, 163841, NULL, NULL, NULL);

INSERT INTO `ace_object_properties_string` (`aceObjectId`, `strPropertyId`, `propertyValue`)
VALUES (5075, 1, 'South Rithwic Outpost');

INSERT INTO `ace_object_properties_int` (`aceObjectId`, `intPropertyId`, `propertyValue`)
VALUES (5075, 1, 128);

INSERT INTO `ace_object_properties_int` (`aceObjectId`, `intPropertyId`, `propertyValue`)
VALUES (5075, 5, 9000);

INSERT INTO `ace_object_properties_int` (`aceObjectId`, `intPropertyId`, `propertyValue`)
VALUES (5075, 16, 1);

INSERT INTO `ace_object_properties_int` (`aceObjectId`, `intPropertyId`, `propertyValue`)
VALUES (5075, 19, 125);

INSERT INTO `ace_object_properties_int` (`aceObjectId`, `intPropertyId`, `propertyValue`)
VALUES (5075, 93, 24);

INSERT INTO ace_weenie_class (`weenieClassId`, `weenieClassDescription`)
VALUES (5074, 'rithwiceastoutpostsign');

INSERT INTO `ace_object` (`aceObjectId`, `aceObjectDescriptionFlags`, `weenieClassId`, `weenieHeaderFlags`, `iconId`, `iconOverlayId`, `iconUnderlayId`, `modelTableId`, `soundTableId`, `motionTableId`, `currentMotionState`, `animationFrameId`, `physicsTableId`, `physicsDescriptionFlag`, `spellId`, `playScript`, `defaultScript`)
VALUES (5074, 2097176, 5074, 20, 100668115, NULL, NULL, 33555088, NULL, NULL, NULL, 101, NULL, 163841, NULL, NULL, NULL);

INSERT INTO `ace_object_properties_string` (`aceObjectId`, `strPropertyId`, `propertyValue`)
VALUES (5074, 1, 'East Rithwic Outpost');

INSERT INTO `ace_object_properties_int` (`aceObjectId`, `intPropertyId`, `propertyValue`)
VALUES (5074, 1, 128);

INSERT INTO `ace_object_properties_int` (`aceObjectId`, `intPropertyId`, `propertyValue`)
VALUES (5074, 5, 9000);

INSERT INTO `ace_object_properties_int` (`aceObjectId`, `intPropertyId`, `propertyValue`)
VALUES (5074, 16, 1);

INSERT INTO `ace_object_properties_int` (`aceObjectId`, `intPropertyId`, `propertyValue`)
VALUES (5074, 19, 125);

INSERT INTO `ace_object_properties_int` (`aceObjectId`, `intPropertyId`, `propertyValue`)
VALUES (5074, 93, 24);

INSERT INTO ace_weenie_class (`weenieClassId`, `weenieClassDescription`)
VALUES (1071, 'yaraqblacksmithsign');

INSERT INTO `ace_object` (`aceObjectId`, `aceObjectDescriptionFlags`, `weenieClassId`, `weenieHeaderFlags`, `iconId`, `iconOverlayId`, `iconUnderlayId`, `modelTableId`, `soundTableId`, `motionTableId`, `currentMotionState`, `animationFrameId`, `physicsTableId`, `physicsDescriptionFlag`, `spellId`, `playScript`, `defaultScript`)
VALUES (1071, 2097176, 1071, 20, 100668115, NULL, NULL, 33555909, NULL, NULL, NULL, NULL, NULL, 32769, NULL, NULL, NULL);

INSERT INTO `ace_object_properties_string` (`aceObjectId`, `strPropertyId`, `propertyValue`)
VALUES (1071, 1, 'The Eagle''s Blade');

INSERT INTO `ace_object_properties_int` (`aceObjectId`, `intPropertyId`, `propertyValue`)
VALUES (1071, 1, 128);

INSERT INTO `ace_object_properties_int` (`aceObjectId`, `intPropertyId`, `propertyValue`)
VALUES (1071, 5, 9000);

INSERT INTO `ace_object_properties_int` (`aceObjectId`, `intPropertyId`, `propertyValue`)
VALUES (1071, 16, 1);

INSERT INTO `ace_object_properties_int` (`aceObjectId`, `intPropertyId`, `propertyValue`)
VALUES (1071, 19, 125);

INSERT INTO `ace_object_properties_int` (`aceObjectId`, `intPropertyId`, `propertyValue`)
VALUES (1071, 93, 24);

INSERT INTO `ace_object_texture_map_change` (`aceObjectId`, `index`, `oldId`, `newId`)
VALUES (1071, 0, 83892071, 83892180);

INSERT INTO `ace_object_animation_change` (`aceObjectId`, `index`, `animationId`)
VALUES (1071, 0, 16783205);

INSERT INTO ace_weenie_class (`weenieClassId`, `weenieClassDescription`)
VALUES (1073, 'yaraqgrocersign');

INSERT INTO `ace_object` (`aceObjectId`, `aceObjectDescriptionFlags`, `weenieClassId`, `weenieHeaderFlags`, `iconId`, `iconOverlayId`, `iconUnderlayId`, `modelTableId`, `soundTableId`, `motionTableId`, `currentMotionState`, `animationFrameId`, `physicsTableId`, `physicsDescriptionFlag`, `spellId`, `playScript`, `defaultScript`)
VALUES (1073, 2097176, 1073, 20, 100668115, NULL, NULL, 33555909, NULL, NULL, NULL, NULL, NULL, 32769, NULL, NULL, NULL);

INSERT INTO `ace_object_properties_string` (`aceObjectId`, `strPropertyId`, `propertyValue`)
VALUES (1073, 1, 'Nuya''s Necessities');

INSERT INTO `ace_object_properties_int` (`aceObjectId`, `intPropertyId`, `propertyValue`)
VALUES (1073, 1, 128);

INSERT INTO `ace_object_properties_int` (`aceObjectId`, `intPropertyId`, `propertyValue`)
VALUES (1073, 5, 9000);

INSERT INTO `ace_object_properties_int` (`aceObjectId`, `intPropertyId`, `propertyValue`)
VALUES (1073, 16, 1);

INSERT INTO `ace_object_properties_int` (`aceObjectId`, `intPropertyId`, `propertyValue`)
VALUES (1073, 19, 125);

INSERT INTO `ace_object_properties_int` (`aceObjectId`, `intPropertyId`, `propertyValue`)
VALUES (1073, 93, 24);

INSERT INTO `ace_object_texture_map_change` (`aceObjectId`, `index`, `oldId`, `newId`)
VALUES (1073, 0, 83892071, 83892187);

INSERT INTO `ace_object_animation_change` (`aceObjectId`, `index`, `animationId`)
VALUES (1073, 0, 16783205);

INSERT INTO ace_weenie_class (`weenieClassId`, `weenieClassDescription`)
VALUES (1076, 'yaraqtavernsign');

INSERT INTO `ace_object` (`aceObjectId`, `aceObjectDescriptionFlags`, `weenieClassId`, `weenieHeaderFlags`, `iconId`, `iconOverlayId`, `iconUnderlayId`, `modelTableId`, `soundTableId`, `motionTableId`, `currentMotionState`, `animationFrameId`, `physicsTableId`, `physicsDescriptionFlag`, `spellId`, `playScript`, `defaultScript`)
VALUES (1076, 2097176, 1076, 20, 100668115, NULL, NULL, 33555909, NULL, NULL, NULL, NULL, NULL, 32769, NULL, NULL, NULL);

INSERT INTO `ace_object_properties_string` (`aceObjectId`, `strPropertyId`, `propertyValue`)
VALUES (1076, 1, 'The Cerulean Cove');

INSERT INTO `ace_object_properties_int` (`aceObjectId`, `intPropertyId`, `propertyValue`)
VALUES (1076, 1, 128);

INSERT INTO `ace_object_properties_int` (`aceObjectId`, `intPropertyId`, `propertyValue`)
VALUES (1076, 5, 9000);

INSERT INTO `ace_object_properties_int` (`aceObjectId`, `intPropertyId`, `propertyValue`)
VALUES (1076, 16, 1);

INSERT INTO `ace_object_properties_int` (`aceObjectId`, `intPropertyId`, `propertyValue`)
VALUES (1076, 19, 125);

INSERT INTO `ace_object_properties_int` (`aceObjectId`, `intPropertyId`, `propertyValue`)
VALUES (1076, 93, 24);

INSERT INTO `ace_object_texture_map_change` (`aceObjectId`, `index`, `oldId`, `newId`)
VALUES (1076, 0, 83892071, 83892183);

INSERT INTO `ace_object_animation_change` (`aceObjectId`, `index`, `animationId`)
VALUES (1076, 0, 16783205);

INSERT INTO ace_weenie_class (`weenieClassId`, `weenieClassDescription`)
VALUES (4643, 'alarqasjewelersign');

INSERT INTO `ace_object` (`aceObjectId`, `aceObjectDescriptionFlags`, `weenieClassId`, `weenieHeaderFlags`, `iconId`, `iconOverlayId`, `iconUnderlayId`, `modelTableId`, `soundTableId`, `motionTableId`, `currentMotionState`, `animationFrameId`, `physicsTableId`, `physicsDescriptionFlag`, `spellId`, `playScript`, `defaultScript`)
VALUES (4643, 2097176, 4643, 20, 100668115, NULL, NULL, 33555909, NULL, NULL, NULL, NULL, NULL, 32769, NULL, NULL, NULL);

INSERT INTO `ace_object_properties_string` (`aceObjectId`, `strPropertyId`, `propertyValue`)
VALUES (4643, 1, 'House of Treasure');

INSERT INTO `ace_object_properties_int` (`aceObjectId`, `intPropertyId`, `propertyValue`)
VALUES (4643, 1, 128);

INSERT INTO `ace_object_properties_int` (`aceObjectId`, `intPropertyId`, `propertyValue`)
VALUES (4643, 5, 9000);

INSERT INTO `ace_object_properties_int` (`aceObjectId`, `intPropertyId`, `propertyValue`)
VALUES (4643, 16, 1);

INSERT INTO `ace_object_properties_int` (`aceObjectId`, `intPropertyId`, `propertyValue`)
VALUES (4643, 19, 125);

INSERT INTO `ace_object_properties_int` (`aceObjectId`, `intPropertyId`, `propertyValue`)
VALUES (4643, 93, 24);

INSERT INTO `ace_object_texture_map_change` (`aceObjectId`, `index`, `oldId`, `newId`)
VALUES (4643, 0, 83892071, 83892185);

INSERT INTO `ace_object_animation_change` (`aceObjectId`, `index`, `animationId`)
VALUES (4643, 0, 16783205);

INSERT INTO ace_weenie_class (`weenieClassId`, `weenieClassDescription`)
VALUES (4642, 'alarqashealersign');

INSERT INTO `ace_object` (`aceObjectId`, `aceObjectDescriptionFlags`, `weenieClassId`, `weenieHeaderFlags`, `iconId`, `iconOverlayId`, `iconUnderlayId`, `modelTableId`, `soundTableId`, `motionTableId`, `currentMotionState`, `animationFrameId`, `physicsTableId`, `physicsDescriptionFlag`, `spellId`, `playScript`, `defaultScript`)
VALUES (4642, 2097176, 4642, 20, 100668115, NULL, NULL, 33555909, NULL, NULL, NULL, NULL, NULL, 32769, NULL, NULL, NULL);

INSERT INTO `ace_object_properties_string` (`aceObjectId`, `strPropertyId`, `propertyValue`)
VALUES (4642, 1, 'House of Peace');

INSERT INTO `ace_object_properties_int` (`aceObjectId`, `intPropertyId`, `propertyValue`)
VALUES (4642, 1, 128);

INSERT INTO `ace_object_properties_int` (`aceObjectId`, `intPropertyId`, `propertyValue`)
VALUES (4642, 5, 9000);

INSERT INTO `ace_object_properties_int` (`aceObjectId`, `intPropertyId`, `propertyValue`)
VALUES (4642, 16, 1);

INSERT INTO `ace_object_properties_int` (`aceObjectId`, `intPropertyId`, `propertyValue`)
VALUES (4642, 19, 125);

INSERT INTO `ace_object_properties_int` (`aceObjectId`, `intPropertyId`, `propertyValue`)
VALUES (4642, 93, 24);

INSERT INTO `ace_object_texture_map_change` (`aceObjectId`, `index`, `oldId`, `newId`)
VALUES (4642, 0, 83892071, 83892186);

INSERT INTO `ace_object_animation_change` (`aceObjectId`, `index`, `animationId`)
VALUES (4642, 0, 16783205);

INSERT INTO ace_weenie_class (`weenieClassId`, `weenieClassDescription`)
VALUES (4639, 'alarqasblacksmithsign');

INSERT INTO `ace_object` (`aceObjectId`, `aceObjectDescriptionFlags`, `weenieClassId`, `weenieHeaderFlags`, `iconId`, `iconOverlayId`, `iconUnderlayId`, `modelTableId`, `soundTableId`, `motionTableId`, `currentMotionState`, `animationFrameId`, `physicsTableId`, `physicsDescriptionFlag`, `spellId`, `playScript`, `defaultScript`)
VALUES (4639, 2097176, 4639, 20, 100668115, NULL, NULL, 33555909, NULL, NULL, NULL, NULL, NULL, 32769, NULL, NULL, NULL);

INSERT INTO `ace_object_properties_string` (`aceObjectId`, `strPropertyId`, `propertyValue`)
VALUES (4639, 1, 'Armaments of Truth');

INSERT INTO `ace_object_properties_int` (`aceObjectId`, `intPropertyId`, `propertyValue`)
VALUES (4639, 1, 128);

INSERT INTO `ace_object_properties_int` (`aceObjectId`, `intPropertyId`, `propertyValue`)
VALUES (4639, 5, 9000);

INSERT INTO `ace_object_properties_int` (`aceObjectId`, `intPropertyId`, `propertyValue`)
VALUES (4639, 16, 1);

INSERT INTO `ace_object_properties_int` (`aceObjectId`, `intPropertyId`, `propertyValue`)
VALUES (4639, 19, 125);

INSERT INTO `ace_object_properties_int` (`aceObjectId`, `intPropertyId`, `propertyValue`)
VALUES (4639, 93, 24);

INSERT INTO `ace_object_texture_map_change` (`aceObjectId`, `index`, `oldId`, `newId`)
VALUES (4639, 0, 83892071, 83892180);

INSERT INTO `ace_object_animation_change` (`aceObjectId`, `index`, `animationId`)
VALUES (4639, 0, 16783205);

INSERT INTO ace_weenie_class (`weenieClassId`, `weenieClassDescription`)
VALUES (4640, 'alarqasgrocersign');

INSERT INTO `ace_object` (`aceObjectId`, `aceObjectDescriptionFlags`, `weenieClassId`, `weenieHeaderFlags`, `iconId`, `iconOverlayId`, `iconUnderlayId`, `modelTableId`, `soundTableId`, `motionTableId`, `currentMotionState`, `animationFrameId`, `physicsTableId`, `physicsDescriptionFlag`, `spellId`, `playScript`, `defaultScript`)
VALUES (4640, 2097176, 4640, 20, 100668115, NULL, NULL, 33555909, NULL, NULL, NULL, NULL, NULL, 32769, NULL, NULL, NULL);

INSERT INTO `ace_object_properties_string` (`aceObjectId`, `strPropertyId`, `propertyValue`)
VALUES (4640, 1, 'Sidzika''s Supplies');

INSERT INTO `ace_object_properties_int` (`aceObjectId`, `intPropertyId`, `propertyValue`)
VALUES (4640, 1, 128);

INSERT INTO `ace_object_properties_int` (`aceObjectId`, `intPropertyId`, `propertyValue`)
VALUES (4640, 5, 9000);

INSERT INTO `ace_object_properties_int` (`aceObjectId`, `intPropertyId`, `propertyValue`)
VALUES (4640, 16, 1);

INSERT INTO `ace_object_properties_int` (`aceObjectId`, `intPropertyId`, `propertyValue`)
VALUES (4640, 19, 125);

INSERT INTO `ace_object_properties_int` (`aceObjectId`, `intPropertyId`, `propertyValue`)
VALUES (4640, 93, 24);

INSERT INTO `ace_object_texture_map_change` (`aceObjectId`, `index`, `oldId`, `newId`)
VALUES (4640, 0, 83892071, 83892187);

INSERT INTO `ace_object_animation_change` (`aceObjectId`, `index`, `animationId`)
VALUES (4640, 0, 16783205);

INSERT INTO ace_weenie_class (`weenieClassId`, `weenieClassDescription`)
VALUES (4646, 'alarqastavernsign');

INSERT INTO `ace_object` (`aceObjectId`, `aceObjectDescriptionFlags`, `weenieClassId`, `weenieHeaderFlags`, `iconId`, `iconOverlayId`, `iconUnderlayId`, `modelTableId`, `soundTableId`, `motionTableId`, `currentMotionState`, `animationFrameId`, `physicsTableId`, `physicsDescriptionFlag`, `spellId`, `playScript`, `defaultScript`)
VALUES (4646, 2097176, 4646, 20, 100668115, NULL, NULL, 33555909, NULL, NULL, NULL, NULL, NULL, 32769, NULL, NULL, NULL);

INSERT INTO `ace_object_properties_string` (`aceObjectId`, `strPropertyId`, `propertyValue`)
VALUES (4646, 1, 'Tavern at Al-Arqas');

INSERT INTO `ace_object_properties_int` (`aceObjectId`, `intPropertyId`, `propertyValue`)
VALUES (4646, 1, 128);

INSERT INTO `ace_object_properties_int` (`aceObjectId`, `intPropertyId`, `propertyValue`)
VALUES (4646, 5, 9000);

INSERT INTO `ace_object_properties_int` (`aceObjectId`, `intPropertyId`, `propertyValue`)
VALUES (4646, 16, 1);

INSERT INTO `ace_object_properties_int` (`aceObjectId`, `intPropertyId`, `propertyValue`)
VALUES (4646, 19, 125);

INSERT INTO `ace_object_properties_int` (`aceObjectId`, `intPropertyId`, `propertyValue`)
VALUES (4646, 93, 24);

INSERT INTO `ace_object_texture_map_change` (`aceObjectId`, `index`, `oldId`, `newId`)
VALUES (4646, 0, 83892071, 83892183);

INSERT INTO `ace_object_animation_change` (`aceObjectId`, `index`, `animationId`)
VALUES (4646, 0, 16783205);

INSERT INTO ace_weenie_class (`weenieClassId`, `weenieClassDescription`)
VALUES (4644, 'alarqasshopkeepsign');

INSERT INTO `ace_object` (`aceObjectId`, `aceObjectDescriptionFlags`, `weenieClassId`, `weenieHeaderFlags`, `iconId`, `iconOverlayId`, `iconUnderlayId`, `modelTableId`, `soundTableId`, `motionTableId`, `currentMotionState`, `animationFrameId`, `physicsTableId`, `physicsDescriptionFlag`, `spellId`, `playScript`, `defaultScript`)
VALUES (4644, 2097176, 4644, 20, 100668115, NULL, NULL, 33555909, NULL, NULL, NULL, NULL, NULL, 32769, NULL, NULL, NULL);

INSERT INTO `ace_object_properties_string` (`aceObjectId`, `strPropertyId`, `propertyValue`)
VALUES (4644, 1, 'General Goods and Supplies');

INSERT INTO `ace_object_properties_int` (`aceObjectId`, `intPropertyId`, `propertyValue`)
VALUES (4644, 1, 128);

INSERT INTO `ace_object_properties_int` (`aceObjectId`, `intPropertyId`, `propertyValue`)
VALUES (4644, 5, 9000);

INSERT INTO `ace_object_properties_int` (`aceObjectId`, `intPropertyId`, `propertyValue`)
VALUES (4644, 16, 1);

INSERT INTO `ace_object_properties_int` (`aceObjectId`, `intPropertyId`, `propertyValue`)
VALUES (4644, 19, 125);

INSERT INTO `ace_object_properties_int` (`aceObjectId`, `intPropertyId`, `propertyValue`)
VALUES (4644, 93, 24);

INSERT INTO `ace_object_texture_map_change` (`aceObjectId`, `index`, `oldId`, `newId`)
VALUES (4644, 0, 83892071, 83892187);

INSERT INTO `ace_object_animation_change` (`aceObjectId`, `index`, `animationId`)
VALUES (4644, 0, 16783205);

INSERT INTO ace_weenie_class (`weenieClassId`, `weenieClassDescription`)
VALUES (4663, 'khayyabanarmorersign');

INSERT INTO `ace_object` (`aceObjectId`, `aceObjectDescriptionFlags`, `weenieClassId`, `weenieHeaderFlags`, `iconId`, `iconOverlayId`, `iconUnderlayId`, `modelTableId`, `soundTableId`, `motionTableId`, `currentMotionState`, `animationFrameId`, `physicsTableId`, `physicsDescriptionFlag`, `spellId`, `playScript`, `defaultScript`)
VALUES (4663, 2097176, 4663, 20, 100668115, NULL, NULL, 33555909, NULL, NULL, NULL, NULL, NULL, 32769, NULL, NULL, NULL);

INSERT INTO `ace_object_properties_string` (`aceObjectId`, `strPropertyId`, `propertyValue`)
VALUES (4663, 1, 'Blade of the Desert');

INSERT INTO `ace_object_properties_int` (`aceObjectId`, `intPropertyId`, `propertyValue`)
VALUES (4663, 1, 128);

INSERT INTO `ace_object_properties_int` (`aceObjectId`, `intPropertyId`, `propertyValue`)
VALUES (4663, 5, 9000);

INSERT INTO `ace_object_properties_int` (`aceObjectId`, `intPropertyId`, `propertyValue`)
VALUES (4663, 16, 1);

INSERT INTO `ace_object_properties_int` (`aceObjectId`, `intPropertyId`, `propertyValue`)
VALUES (4663, 19, 125);

INSERT INTO `ace_object_properties_int` (`aceObjectId`, `intPropertyId`, `propertyValue`)
VALUES (4663, 93, 24);

INSERT INTO `ace_object_texture_map_change` (`aceObjectId`, `index`, `oldId`, `newId`)
VALUES (4663, 0, 83892071, 83892180);

INSERT INTO `ace_object_animation_change` (`aceObjectId`, `index`, `animationId`)
VALUES (4663, 0, 16783205);

INSERT INTO ace_weenie_class (`weenieClassId`, `weenieClassDescription`)
VALUES (4662, 'khayyabanarchmagesign');

INSERT INTO `ace_object` (`aceObjectId`, `aceObjectDescriptionFlags`, `weenieClassId`, `weenieHeaderFlags`, `iconId`, `iconOverlayId`, `iconUnderlayId`, `modelTableId`, `soundTableId`, `motionTableId`, `currentMotionState`, `animationFrameId`, `physicsTableId`, `physicsDescriptionFlag`, `spellId`, `playScript`, `defaultScript`)
VALUES (4662, 2097176, 4662, 20, 100668115, NULL, NULL, 33555909, NULL, NULL, NULL, NULL, NULL, 32769, NULL, NULL, NULL);

INSERT INTO `ace_object_properties_string` (`aceObjectId`, `strPropertyId`, `propertyValue`)
VALUES (4662, 1, 'Desert Magic Supplies');

INSERT INTO `ace_object_properties_int` (`aceObjectId`, `intPropertyId`, `propertyValue`)
VALUES (4662, 1, 128);

INSERT INTO `ace_object_properties_int` (`aceObjectId`, `intPropertyId`, `propertyValue`)
VALUES (4662, 5, 9000);

INSERT INTO `ace_object_properties_int` (`aceObjectId`, `intPropertyId`, `propertyValue`)
VALUES (4662, 16, 1);

INSERT INTO `ace_object_properties_int` (`aceObjectId`, `intPropertyId`, `propertyValue`)
VALUES (4662, 19, 125);

INSERT INTO `ace_object_properties_int` (`aceObjectId`, `intPropertyId`, `propertyValue`)
VALUES (4662, 93, 24);

INSERT INTO `ace_object_texture_map_change` (`aceObjectId`, `index`, `oldId`, `newId`)
VALUES (4662, 0, 83892071, 83892184);

INSERT INTO `ace_object_animation_change` (`aceObjectId`, `index`, `animationId`)
VALUES (4662, 0, 16783205);

INSERT INTO ace_weenie_class (`weenieClassId`, `weenieClassDescription`)
VALUES (4667, 'khayyabanshopkeepsign');

INSERT INTO `ace_object` (`aceObjectId`, `aceObjectDescriptionFlags`, `weenieClassId`, `weenieHeaderFlags`, `iconId`, `iconOverlayId`, `iconUnderlayId`, `modelTableId`, `soundTableId`, `motionTableId`, `currentMotionState`, `animationFrameId`, `physicsTableId`, `physicsDescriptionFlag`, `spellId`, `playScript`, `defaultScript`)
VALUES (4667, 2097176, 4667, 20, 100668115, NULL, NULL, 33555909, NULL, NULL, NULL, NULL, NULL, 32769, NULL, NULL, NULL);

INSERT INTO `ace_object_properties_string` (`aceObjectId`, `strPropertyId`, `propertyValue`)
VALUES (4667, 1, 'General Supplies');

INSERT INTO `ace_object_properties_int` (`aceObjectId`, `intPropertyId`, `propertyValue`)
VALUES (4667, 1, 128);

INSERT INTO `ace_object_properties_int` (`aceObjectId`, `intPropertyId`, `propertyValue`)
VALUES (4667, 5, 9000);

INSERT INTO `ace_object_properties_int` (`aceObjectId`, `intPropertyId`, `propertyValue`)
VALUES (4667, 16, 1);

INSERT INTO `ace_object_properties_int` (`aceObjectId`, `intPropertyId`, `propertyValue`)
VALUES (4667, 19, 125);

INSERT INTO `ace_object_properties_int` (`aceObjectId`, `intPropertyId`, `propertyValue`)
VALUES (4667, 93, 24);

INSERT INTO `ace_object_texture_map_change` (`aceObjectId`, `index`, `oldId`, `newId`)
VALUES (4667, 0, 83892071, 83892187);

INSERT INTO `ace_object_animation_change` (`aceObjectId`, `index`, `animationId`)
VALUES (4667, 0, 16783205);

INSERT INTO ace_weenie_class (`weenieClassId`, `weenieClassDescription`)
VALUES (4670, 'khayyabantavernsign');

INSERT INTO `ace_object` (`aceObjectId`, `aceObjectDescriptionFlags`, `weenieClassId`, `weenieHeaderFlags`, `iconId`, `iconOverlayId`, `iconUnderlayId`, `modelTableId`, `soundTableId`, `motionTableId`, `currentMotionState`, `animationFrameId`, `physicsTableId`, `physicsDescriptionFlag`, `spellId`, `playScript`, `defaultScript`)
VALUES (4670, 2097176, 4670, 20, 100668115, NULL, NULL, 33555909, NULL, NULL, NULL, NULL, NULL, 32769, NULL, NULL, NULL);

INSERT INTO `ace_object_properties_string` (`aceObjectId`, `strPropertyId`, `propertyValue`)
VALUES (4670, 1, 'The Skeleton''s Mug');

INSERT INTO `ace_object_properties_int` (`aceObjectId`, `intPropertyId`, `propertyValue`)
VALUES (4670, 1, 128);

INSERT INTO `ace_object_properties_int` (`aceObjectId`, `intPropertyId`, `propertyValue`)
VALUES (4670, 5, 9000);

INSERT INTO `ace_object_properties_int` (`aceObjectId`, `intPropertyId`, `propertyValue`)
VALUES (4670, 16, 1);

INSERT INTO `ace_object_properties_int` (`aceObjectId`, `intPropertyId`, `propertyValue`)
VALUES (4670, 19, 125);

INSERT INTO `ace_object_properties_int` (`aceObjectId`, `intPropertyId`, `propertyValue`)
VALUES (4670, 93, 24);

INSERT INTO `ace_object_texture_map_change` (`aceObjectId`, `index`, `oldId`, `newId`)
VALUES (4670, 0, 83892071, 83892183);

INSERT INTO `ace_object_animation_change` (`aceObjectId`, `index`, `animationId`)
VALUES (4670, 0, 16783205);

INSERT INTO ace_weenie_class (`weenieClassId`, `weenieClassDescription`)
VALUES (4664, 'khayyabanbowyersign');

INSERT INTO `ace_object` (`aceObjectId`, `aceObjectDescriptionFlags`, `weenieClassId`, `weenieHeaderFlags`, `iconId`, `iconOverlayId`, `iconUnderlayId`, `modelTableId`, `soundTableId`, `motionTableId`, `currentMotionState`, `animationFrameId`, `physicsTableId`, `physicsDescriptionFlag`, `spellId`, `playScript`, `defaultScript`)
VALUES (4664, 2097176, 4664, 20, 100668115, NULL, NULL, 33555909, NULL, NULL, NULL, NULL, NULL, 32769, NULL, NULL, NULL);

INSERT INTO `ace_object_properties_string` (`aceObjectId`, `strPropertyId`, `propertyValue`)
VALUES (4664, 1, 'Safruya''s Bows');

INSERT INTO `ace_object_properties_int` (`aceObjectId`, `intPropertyId`, `propertyValue`)
VALUES (4664, 1, 128);

INSERT INTO `ace_object_properties_int` (`aceObjectId`, `intPropertyId`, `propertyValue`)
VALUES (4664, 5, 9000);

INSERT INTO `ace_object_properties_int` (`aceObjectId`, `intPropertyId`, `propertyValue`)
VALUES (4664, 16, 1);

INSERT INTO `ace_object_properties_int` (`aceObjectId`, `intPropertyId`, `propertyValue`)
VALUES (4664, 19, 125);

INSERT INTO `ace_object_properties_int` (`aceObjectId`, `intPropertyId`, `propertyValue`)
VALUES (4664, 93, 24);

INSERT INTO `ace_object_texture_map_change` (`aceObjectId`, `index`, `oldId`, `newId`)
VALUES (4664, 0, 83892071, 83892188);

INSERT INTO `ace_object_animation_change` (`aceObjectId`, `index`, `animationId`)
VALUES (4664, 0, 16783205);

INSERT INTO ace_weenie_class (`weenieClassId`, `weenieClassDescription`)
VALUES (4666, 'khayyabanhealersign');

INSERT INTO `ace_object` (`aceObjectId`, `aceObjectDescriptionFlags`, `weenieClassId`, `weenieHeaderFlags`, `iconId`, `iconOverlayId`, `iconUnderlayId`, `modelTableId`, `soundTableId`, `motionTableId`, `currentMotionState`, `animationFrameId`, `physicsTableId`, `physicsDescriptionFlag`, `spellId`, `playScript`, `defaultScript`)
VALUES (4666, 2097176, 4666, 20, 100668115, NULL, NULL, 33555909, NULL, NULL, NULL, NULL, NULL, 32769, NULL, NULL, NULL);

INSERT INTO `ace_object_properties_string` (`aceObjectId`, `strPropertyId`, `propertyValue`)
VALUES (4666, 1, 'Desert''s Respite');

INSERT INTO `ace_object_properties_int` (`aceObjectId`, `intPropertyId`, `propertyValue`)
VALUES (4666, 1, 128);

INSERT INTO `ace_object_properties_int` (`aceObjectId`, `intPropertyId`, `propertyValue`)
VALUES (4666, 5, 9000);

INSERT INTO `ace_object_properties_int` (`aceObjectId`, `intPropertyId`, `propertyValue`)
VALUES (4666, 16, 1);

INSERT INTO `ace_object_properties_int` (`aceObjectId`, `intPropertyId`, `propertyValue`)
VALUES (4666, 19, 125);

INSERT INTO `ace_object_properties_int` (`aceObjectId`, `intPropertyId`, `propertyValue`)
VALUES (4666, 93, 24);

INSERT INTO `ace_object_texture_map_change` (`aceObjectId`, `index`, `oldId`, `newId`)
VALUES (4666, 0, 83892071, 83892186);

INSERT INTO `ace_object_animation_change` (`aceObjectId`, `index`, `animationId`)
VALUES (4666, 0, 16783205);

INSERT INTO ace_weenie_class (`weenieClassId`, `weenieClassDescription`)
VALUES (4669, 'khayyabantailorsign');

INSERT INTO `ace_object` (`aceObjectId`, `aceObjectDescriptionFlags`, `weenieClassId`, `weenieHeaderFlags`, `iconId`, `iconOverlayId`, `iconUnderlayId`, `modelTableId`, `soundTableId`, `motionTableId`, `currentMotionState`, `animationFrameId`, `physicsTableId`, `physicsDescriptionFlag`, `spellId`, `playScript`, `defaultScript`)
VALUES (4669, 2097176, 4669, 20, 100668115, NULL, NULL, 33555909, NULL, NULL, NULL, NULL, NULL, 32769, NULL, NULL, NULL);

INSERT INTO `ace_object_properties_string` (`aceObjectId`, `strPropertyId`, `propertyValue`)
VALUES (4669, 1, 'Zayjay''s Clothing');

INSERT INTO `ace_object_properties_int` (`aceObjectId`, `intPropertyId`, `propertyValue`)
VALUES (4669, 1, 128);

INSERT INTO `ace_object_properties_int` (`aceObjectId`, `intPropertyId`, `propertyValue`)
VALUES (4669, 5, 9000);

INSERT INTO `ace_object_properties_int` (`aceObjectId`, `intPropertyId`, `propertyValue`)
VALUES (4669, 16, 1);

INSERT INTO `ace_object_properties_int` (`aceObjectId`, `intPropertyId`, `propertyValue`)
VALUES (4669, 19, 125);

INSERT INTO `ace_object_properties_int` (`aceObjectId`, `intPropertyId`, `propertyValue`)
VALUES (4669, 93, 24);

INSERT INTO `ace_object_texture_map_change` (`aceObjectId`, `index`, `oldId`, `newId`)
VALUES (4669, 0, 83892071, 83892181);

INSERT INTO `ace_object_animation_change` (`aceObjectId`, `index`, `animationId`)
VALUES (4669, 0, 16783205);

INSERT INTO ace_weenie_class (`weenieClassId`, `weenieClassDescription`)
VALUES (1803, 'uzizarchmagesign');

INSERT INTO `ace_object` (`aceObjectId`, `aceObjectDescriptionFlags`, `weenieClassId`, `weenieHeaderFlags`, `iconId`, `iconOverlayId`, `iconUnderlayId`, `modelTableId`, `soundTableId`, `motionTableId`, `currentMotionState`, `animationFrameId`, `physicsTableId`, `physicsDescriptionFlag`, `spellId`, `playScript`, `defaultScript`)
VALUES (1803, 2097176, 1803, 20, 100668115, NULL, NULL, 33555909, NULL, NULL, NULL, NULL, NULL, 32769, NULL, NULL, NULL);

INSERT INTO `ace_object_properties_string` (`aceObjectId`, `strPropertyId`, `propertyValue`)
VALUES (1803, 1, 'Sammam the Wise');

INSERT INTO `ace_object_properties_int` (`aceObjectId`, `intPropertyId`, `propertyValue`)
VALUES (1803, 1, 128);

INSERT INTO `ace_object_properties_int` (`aceObjectId`, `intPropertyId`, `propertyValue`)
VALUES (1803, 5, 9000);

INSERT INTO `ace_object_properties_int` (`aceObjectId`, `intPropertyId`, `propertyValue`)
VALUES (1803, 16, 1);

INSERT INTO `ace_object_properties_int` (`aceObjectId`, `intPropertyId`, `propertyValue`)
VALUES (1803, 19, 125);

INSERT INTO `ace_object_properties_int` (`aceObjectId`, `intPropertyId`, `propertyValue`)
VALUES (1803, 93, 24);

INSERT INTO `ace_object_texture_map_change` (`aceObjectId`, `index`, `oldId`, `newId`)
VALUES (1803, 0, 83892071, 83892184);

INSERT INTO `ace_object_animation_change` (`aceObjectId`, `index`, `animationId`)
VALUES (1803, 0, 16783205);

INSERT INTO ace_weenie_class (`weenieClassId`, `weenieClassDescription`)
VALUES (1804, 'uzizbowyersign');

INSERT INTO `ace_object` (`aceObjectId`, `aceObjectDescriptionFlags`, `weenieClassId`, `weenieHeaderFlags`, `iconId`, `iconOverlayId`, `iconUnderlayId`, `modelTableId`, `soundTableId`, `motionTableId`, `currentMotionState`, `animationFrameId`, `physicsTableId`, `physicsDescriptionFlag`, `spellId`, `playScript`, `defaultScript`)
VALUES (1804, 2097176, 1804, 20, 100668115, NULL, NULL, 33555909, NULL, NULL, NULL, NULL, NULL, 32769, NULL, NULL, NULL);

INSERT INTO `ace_object_properties_string` (`aceObjectId`, `strPropertyId`, `propertyValue`)
VALUES (1804, 1, 'Bows and Arrows');

INSERT INTO `ace_object_properties_int` (`aceObjectId`, `intPropertyId`, `propertyValue`)
VALUES (1804, 1, 128);

INSERT INTO `ace_object_properties_int` (`aceObjectId`, `intPropertyId`, `propertyValue`)
VALUES (1804, 5, 9000);

INSERT INTO `ace_object_properties_int` (`aceObjectId`, `intPropertyId`, `propertyValue`)
VALUES (1804, 16, 1);

INSERT INTO `ace_object_properties_int` (`aceObjectId`, `intPropertyId`, `propertyValue`)
VALUES (1804, 19, 125);

INSERT INTO `ace_object_properties_int` (`aceObjectId`, `intPropertyId`, `propertyValue`)
VALUES (1804, 93, 24);

INSERT INTO `ace_object_texture_map_change` (`aceObjectId`, `index`, `oldId`, `newId`)
VALUES (1804, 0, 83892071, 83892188);

INSERT INTO `ace_object_animation_change` (`aceObjectId`, `index`, `animationId`)
VALUES (1804, 0, 16783205);

INSERT INTO ace_weenie_class (`weenieClassId`, `weenieClassDescription`)
VALUES (1810, 'uzizswordsmithsign');

INSERT INTO `ace_object` (`aceObjectId`, `aceObjectDescriptionFlags`, `weenieClassId`, `weenieHeaderFlags`, `iconId`, `iconOverlayId`, `iconUnderlayId`, `modelTableId`, `soundTableId`, `motionTableId`, `currentMotionState`, `animationFrameId`, `physicsTableId`, `physicsDescriptionFlag`, `spellId`, `playScript`, `defaultScript`)
VALUES (1810, 2097176, 1810, 20, 100668115, NULL, NULL, 33555909, NULL, NULL, NULL, NULL, NULL, 32769, NULL, NULL, NULL);

INSERT INTO `ace_object_properties_string` (`aceObjectId`, `strPropertyId`, `propertyValue`)
VALUES (1810, 1, 'The Thirsty Blade');

INSERT INTO `ace_object_properties_int` (`aceObjectId`, `intPropertyId`, `propertyValue`)
VALUES (1810, 1, 128);

INSERT INTO `ace_object_properties_int` (`aceObjectId`, `intPropertyId`, `propertyValue`)
VALUES (1810, 5, 9000);

INSERT INTO `ace_object_properties_int` (`aceObjectId`, `intPropertyId`, `propertyValue`)
VALUES (1810, 16, 1);

INSERT INTO `ace_object_properties_int` (`aceObjectId`, `intPropertyId`, `propertyValue`)
VALUES (1810, 19, 125);

INSERT INTO `ace_object_properties_int` (`aceObjectId`, `intPropertyId`, `propertyValue`)
VALUES (1810, 93, 24);

INSERT INTO `ace_object_texture_map_change` (`aceObjectId`, `index`, `oldId`, `newId`)
VALUES (1810, 0, 83892071, 83892180);

INSERT INTO `ace_object_animation_change` (`aceObjectId`, `index`, `animationId`)
VALUES (1810, 0, 16783205);

INSERT INTO ace_weenie_class (`weenieClassId`, `weenieClassDescription`)
VALUES (1811, 'uziztailorsign');

INSERT INTO `ace_object` (`aceObjectId`, `aceObjectDescriptionFlags`, `weenieClassId`, `weenieHeaderFlags`, `iconId`, `iconOverlayId`, `iconUnderlayId`, `modelTableId`, `soundTableId`, `motionTableId`, `currentMotionState`, `animationFrameId`, `physicsTableId`, `physicsDescriptionFlag`, `spellId`, `playScript`, `defaultScript`)
VALUES (1811, 2097176, 1811, 20, 100668115, NULL, NULL, 33555909, NULL, NULL, NULL, NULL, NULL, 32769, NULL, NULL, NULL);

INSERT INTO `ace_object_properties_string` (`aceObjectId`, `strPropertyId`, `propertyValue`)
VALUES (1811, 1, 'Seamstress Shop');

INSERT INTO `ace_object_properties_int` (`aceObjectId`, `intPropertyId`, `propertyValue`)
VALUES (1811, 1, 128);

INSERT INTO `ace_object_properties_int` (`aceObjectId`, `intPropertyId`, `propertyValue`)
VALUES (1811, 5, 9000);

INSERT INTO `ace_object_properties_int` (`aceObjectId`, `intPropertyId`, `propertyValue`)
VALUES (1811, 16, 1);

INSERT INTO `ace_object_properties_int` (`aceObjectId`, `intPropertyId`, `propertyValue`)
VALUES (1811, 19, 125);

INSERT INTO `ace_object_properties_int` (`aceObjectId`, `intPropertyId`, `propertyValue`)
VALUES (1811, 93, 24);

INSERT INTO `ace_object_texture_map_change` (`aceObjectId`, `index`, `oldId`, `newId`)
VALUES (1811, 0, 83892071, 83892181);

INSERT INTO `ace_object_animation_change` (`aceObjectId`, `index`, `animationId`)
VALUES (1811, 0, 16783205);

INSERT INTO ace_weenie_class (`weenieClassId`, `weenieClassDescription`)
VALUES (1807, 'uzizhealersign');

INSERT INTO `ace_object` (`aceObjectId`, `aceObjectDescriptionFlags`, `weenieClassId`, `weenieHeaderFlags`, `iconId`, `iconOverlayId`, `iconUnderlayId`, `modelTableId`, `soundTableId`, `motionTableId`, `currentMotionState`, `animationFrameId`, `physicsTableId`, `physicsDescriptionFlag`, `spellId`, `playScript`, `defaultScript`)
VALUES (1807, 2097176, 1807, 20, 100668115, NULL, NULL, 33555909, NULL, NULL, NULL, NULL, NULL, 32769, NULL, NULL, NULL);

INSERT INTO `ace_object_properties_string` (`aceObjectId`, `strPropertyId`, `propertyValue`)
VALUES (1807, 1, 'Nashima''s Nostrums');

INSERT INTO `ace_object_properties_int` (`aceObjectId`, `intPropertyId`, `propertyValue`)
VALUES (1807, 1, 128);

INSERT INTO `ace_object_properties_int` (`aceObjectId`, `intPropertyId`, `propertyValue`)
VALUES (1807, 5, 9000);

INSERT INTO `ace_object_properties_int` (`aceObjectId`, `intPropertyId`, `propertyValue`)
VALUES (1807, 16, 1);

INSERT INTO `ace_object_properties_int` (`aceObjectId`, `intPropertyId`, `propertyValue`)
VALUES (1807, 19, 125);

INSERT INTO `ace_object_properties_int` (`aceObjectId`, `intPropertyId`, `propertyValue`)
VALUES (1807, 93, 24);

INSERT INTO `ace_object_texture_map_change` (`aceObjectId`, `index`, `oldId`, `newId`)
VALUES (1807, 0, 83892071, 83892186);

INSERT INTO `ace_object_animation_change` (`aceObjectId`, `index`, `animationId`)
VALUES (1807, 0, 16783205);

INSERT INTO ace_weenie_class (`weenieClassId`, `weenieClassDescription`)
VALUES (1808, 'uzizpubsign');

INSERT INTO `ace_object` (`aceObjectId`, `aceObjectDescriptionFlags`, `weenieClassId`, `weenieHeaderFlags`, `iconId`, `iconOverlayId`, `iconUnderlayId`, `modelTableId`, `soundTableId`, `motionTableId`, `currentMotionState`, `animationFrameId`, `physicsTableId`, `physicsDescriptionFlag`, `spellId`, `playScript`, `defaultScript`)
VALUES (1808, 2097176, 1808, 20, 100668115, NULL, NULL, 33555909, NULL, NULL, NULL, NULL, NULL, 32769, NULL, NULL, NULL);

INSERT INTO `ace_object_properties_string` (`aceObjectId`, `strPropertyId`, `propertyValue`)
VALUES (1808, 1, 'The Lofty Spire');

INSERT INTO `ace_object_properties_int` (`aceObjectId`, `intPropertyId`, `propertyValue`)
VALUES (1808, 1, 128);

INSERT INTO `ace_object_properties_int` (`aceObjectId`, `intPropertyId`, `propertyValue`)
VALUES (1808, 5, 9000);

INSERT INTO `ace_object_properties_int` (`aceObjectId`, `intPropertyId`, `propertyValue`)
VALUES (1808, 16, 1);

INSERT INTO `ace_object_properties_int` (`aceObjectId`, `intPropertyId`, `propertyValue`)
VALUES (1808, 19, 125);

INSERT INTO `ace_object_properties_int` (`aceObjectId`, `intPropertyId`, `propertyValue`)
VALUES (1808, 93, 24);

INSERT INTO `ace_object_texture_map_change` (`aceObjectId`, `index`, `oldId`, `newId`)
VALUES (1808, 0, 83892071, 83892183);

INSERT INTO `ace_object_animation_change` (`aceObjectId`, `index`, `animationId`)
VALUES (1808, 0, 16783205);

INSERT INTO ace_weenie_class (`weenieClassId`, `weenieClassDescription`)
VALUES (1806, 'uzizgrocersign');

INSERT INTO `ace_object` (`aceObjectId`, `aceObjectDescriptionFlags`, `weenieClassId`, `weenieHeaderFlags`, `iconId`, `iconOverlayId`, `iconUnderlayId`, `modelTableId`, `soundTableId`, `motionTableId`, `currentMotionState`, `animationFrameId`, `physicsTableId`, `physicsDescriptionFlag`, `spellId`, `playScript`, `defaultScript`)
VALUES (1806, 2097176, 1806, 20, 100668115, NULL, NULL, 33555909, NULL, NULL, NULL, NULL, NULL, 32769, NULL, NULL, NULL);

INSERT INTO `ace_object_properties_string` (`aceObjectId`, `strPropertyId`, `propertyValue`)
VALUES (1806, 1, 'Foodstuffs');

INSERT INTO `ace_object_properties_int` (`aceObjectId`, `intPropertyId`, `propertyValue`)
VALUES (1806, 1, 128);

INSERT INTO `ace_object_properties_int` (`aceObjectId`, `intPropertyId`, `propertyValue`)
VALUES (1806, 5, 9000);

INSERT INTO `ace_object_properties_int` (`aceObjectId`, `intPropertyId`, `propertyValue`)
VALUES (1806, 16, 1);

INSERT INTO `ace_object_properties_int` (`aceObjectId`, `intPropertyId`, `propertyValue`)
VALUES (1806, 19, 125);

INSERT INTO `ace_object_properties_int` (`aceObjectId`, `intPropertyId`, `propertyValue`)
VALUES (1806, 93, 24);

INSERT INTO `ace_object_texture_map_change` (`aceObjectId`, `index`, `oldId`, `newId`)
VALUES (1806, 0, 83892071, 83892187);

INSERT INTO `ace_object_animation_change` (`aceObjectId`, `index`, `animationId`)
VALUES (1806, 0, 16783205);

INSERT INTO ace_weenie_class (`weenieClassId`, `weenieClassDescription`)
VALUES (1809, 'uzizshiningwordsign');

INSERT INTO `ace_object` (`aceObjectId`, `aceObjectDescriptionFlags`, `weenieClassId`, `weenieHeaderFlags`, `iconId`, `iconOverlayId`, `iconUnderlayId`, `modelTableId`, `soundTableId`, `motionTableId`, `currentMotionState`, `animationFrameId`, `physicsTableId`, `physicsDescriptionFlag`, `spellId`, `playScript`, `defaultScript`)
VALUES (1809, 2097176, 1809, 20, 100668115, NULL, NULL, 33555909, NULL, NULL, NULL, NULL, NULL, 32769, NULL, NULL, NULL);

INSERT INTO `ace_object_properties_string` (`aceObjectId`, `strPropertyId`, `propertyValue`)
VALUES (1809, 1, 'The Shining Word');

INSERT INTO `ace_object_properties_int` (`aceObjectId`, `intPropertyId`, `propertyValue`)
VALUES (1809, 1, 128);

INSERT INTO `ace_object_properties_int` (`aceObjectId`, `intPropertyId`, `propertyValue`)
VALUES (1809, 5, 9000);

INSERT INTO `ace_object_properties_int` (`aceObjectId`, `intPropertyId`, `propertyValue`)
VALUES (1809, 16, 1);

INSERT INTO `ace_object_properties_int` (`aceObjectId`, `intPropertyId`, `propertyValue`)
VALUES (1809, 19, 125);

INSERT INTO `ace_object_properties_int` (`aceObjectId`, `intPropertyId`, `propertyValue`)
VALUES (1809, 93, 24);

INSERT INTO `ace_object_texture_map_change` (`aceObjectId`, `index`, `oldId`, `newId`)
VALUES (1809, 0, 83892071, 83892182);

INSERT INTO `ace_object_animation_change` (`aceObjectId`, `index`, `animationId`)
VALUES (1809, 0, 16783205);

INSERT INTO ace_weenie_class (`weenieClassId`, `weenieClassDescription`)
VALUES (1798, 'tufatailorsign');

INSERT INTO `ace_object` (`aceObjectId`, `aceObjectDescriptionFlags`, `weenieClassId`, `weenieHeaderFlags`, `iconId`, `iconOverlayId`, `iconUnderlayId`, `modelTableId`, `soundTableId`, `motionTableId`, `currentMotionState`, `animationFrameId`, `physicsTableId`, `physicsDescriptionFlag`, `spellId`, `playScript`, `defaultScript`)
VALUES (1798, 2097176, 1798, 20, 100668115, NULL, NULL, 33555909, NULL, NULL, NULL, NULL, NULL, 32769, NULL, NULL, NULL);

INSERT INTO `ace_object_properties_string` (`aceObjectId`, `strPropertyId`, `propertyValue`)
VALUES (1798, 1, 'Raiments');

INSERT INTO `ace_object_properties_int` (`aceObjectId`, `intPropertyId`, `propertyValue`)
VALUES (1798, 1, 128);

INSERT INTO `ace_object_properties_int` (`aceObjectId`, `intPropertyId`, `propertyValue`)
VALUES (1798, 5, 9000);

INSERT INTO `ace_object_properties_int` (`aceObjectId`, `intPropertyId`, `propertyValue`)
VALUES (1798, 16, 1);

INSERT INTO `ace_object_properties_int` (`aceObjectId`, `intPropertyId`, `propertyValue`)
VALUES (1798, 19, 125);

INSERT INTO `ace_object_properties_int` (`aceObjectId`, `intPropertyId`, `propertyValue`)
VALUES (1798, 93, 24);

INSERT INTO `ace_object_texture_map_change` (`aceObjectId`, `index`, `oldId`, `newId`)
VALUES (1798, 0, 83892071, 83892181);

INSERT INTO `ace_object_animation_change` (`aceObjectId`, `index`, `animationId`)
VALUES (1798, 0, 16783205);

INSERT INTO ace_weenie_class (`weenieClassId`, `weenieClassDescription`)
VALUES (1794, 'tufagrocersign');

INSERT INTO `ace_object` (`aceObjectId`, `aceObjectDescriptionFlags`, `weenieClassId`, `weenieHeaderFlags`, `iconId`, `iconOverlayId`, `iconUnderlayId`, `modelTableId`, `soundTableId`, `motionTableId`, `currentMotionState`, `animationFrameId`, `physicsTableId`, `physicsDescriptionFlag`, `spellId`, `playScript`, `defaultScript`)
VALUES (1794, 2097176, 1794, 20, 100668115, NULL, NULL, 33555909, NULL, NULL, NULL, NULL, NULL, 32769, NULL, NULL, NULL);

INSERT INTO `ace_object_properties_string` (`aceObjectId`, `strPropertyId`, `propertyValue`)
VALUES (1794, 1, 'Provisions');

INSERT INTO `ace_object_properties_int` (`aceObjectId`, `intPropertyId`, `propertyValue`)
VALUES (1794, 1, 128);

INSERT INTO `ace_object_properties_int` (`aceObjectId`, `intPropertyId`, `propertyValue`)
VALUES (1794, 5, 9000);

INSERT INTO `ace_object_properties_int` (`aceObjectId`, `intPropertyId`, `propertyValue`)
VALUES (1794, 16, 1);

INSERT INTO `ace_object_properties_int` (`aceObjectId`, `intPropertyId`, `propertyValue`)
VALUES (1794, 19, 125);

INSERT INTO `ace_object_properties_int` (`aceObjectId`, `intPropertyId`, `propertyValue`)
VALUES (1794, 93, 24);

INSERT INTO `ace_object_texture_map_change` (`aceObjectId`, `index`, `oldId`, `newId`)
VALUES (1794, 0, 83892071, 83892187);

INSERT INTO `ace_object_animation_change` (`aceObjectId`, `index`, `animationId`)
VALUES (1794, 0, 16783205);

INSERT INTO ace_weenie_class (`weenieClassId`, `weenieClassDescription`)
VALUES (1795, 'tufahealersign');

INSERT INTO `ace_object` (`aceObjectId`, `aceObjectDescriptionFlags`, `weenieClassId`, `weenieHeaderFlags`, `iconId`, `iconOverlayId`, `iconUnderlayId`, `modelTableId`, `soundTableId`, `motionTableId`, `currentMotionState`, `animationFrameId`, `physicsTableId`, `physicsDescriptionFlag`, `spellId`, `playScript`, `defaultScript`)
VALUES (1795, 2097176, 1795, 20, 100668115, NULL, NULL, 33555909, NULL, NULL, NULL, NULL, NULL, 32769, NULL, NULL, NULL);

INSERT INTO `ace_object_properties_string` (`aceObjectId`, `strPropertyId`, `propertyValue`)
VALUES (1795, 1, 'Medicaments');

INSERT INTO `ace_object_properties_int` (`aceObjectId`, `intPropertyId`, `propertyValue`)
VALUES (1795, 1, 128);

INSERT INTO `ace_object_properties_int` (`aceObjectId`, `intPropertyId`, `propertyValue`)
VALUES (1795, 5, 9000);

INSERT INTO `ace_object_properties_int` (`aceObjectId`, `intPropertyId`, `propertyValue`)
VALUES (1795, 16, 1);

INSERT INTO `ace_object_properties_int` (`aceObjectId`, `intPropertyId`, `propertyValue`)
VALUES (1795, 19, 125);

INSERT INTO `ace_object_properties_int` (`aceObjectId`, `intPropertyId`, `propertyValue`)
VALUES (1795, 93, 24);

INSERT INTO `ace_object_texture_map_change` (`aceObjectId`, `index`, `oldId`, `newId`)
VALUES (1795, 0, 83892071, 83892186);

INSERT INTO `ace_object_animation_change` (`aceObjectId`, `index`, `animationId`)
VALUES (1795, 0, 16783205);

INSERT INTO ace_weenie_class (`weenieClassId`, `weenieClassDescription`)
VALUES (1792, 'tufabowyersign');

INSERT INTO `ace_object` (`aceObjectId`, `aceObjectDescriptionFlags`, `weenieClassId`, `weenieHeaderFlags`, `iconId`, `iconOverlayId`, `iconUnderlayId`, `modelTableId`, `soundTableId`, `motionTableId`, `currentMotionState`, `animationFrameId`, `physicsTableId`, `physicsDescriptionFlag`, `spellId`, `playScript`, `defaultScript`)
VALUES (1792, 2097176, 1792, 20, 100668115, NULL, NULL, 33555909, NULL, NULL, NULL, NULL, NULL, 32769, NULL, NULL, NULL);

INSERT INTO `ace_object_properties_string` (`aceObjectId`, `strPropertyId`, `propertyValue`)
VALUES (1792, 1, 'The Bursting Quiver');

INSERT INTO `ace_object_properties_int` (`aceObjectId`, `intPropertyId`, `propertyValue`)
VALUES (1792, 1, 128);

INSERT INTO `ace_object_properties_int` (`aceObjectId`, `intPropertyId`, `propertyValue`)
VALUES (1792, 5, 9000);

INSERT INTO `ace_object_properties_int` (`aceObjectId`, `intPropertyId`, `propertyValue`)
VALUES (1792, 16, 1);

INSERT INTO `ace_object_properties_int` (`aceObjectId`, `intPropertyId`, `propertyValue`)
VALUES (1792, 19, 125);

INSERT INTO `ace_object_properties_int` (`aceObjectId`, `intPropertyId`, `propertyValue`)
VALUES (1792, 93, 24);

INSERT INTO `ace_object_texture_map_change` (`aceObjectId`, `index`, `oldId`, `newId`)
VALUES (1792, 0, 83892071, 83892188);

INSERT INTO `ace_object_animation_change` (`aceObjectId`, `index`, `animationId`)
VALUES (1792, 0, 16783205);

INSERT INTO ace_weenie_class (`weenieClassId`, `weenieClassDescription`)
VALUES (1791, 'tufablacksmithsign');

INSERT INTO `ace_object` (`aceObjectId`, `aceObjectDescriptionFlags`, `weenieClassId`, `weenieHeaderFlags`, `iconId`, `iconOverlayId`, `iconUnderlayId`, `modelTableId`, `soundTableId`, `motionTableId`, `currentMotionState`, `animationFrameId`, `physicsTableId`, `physicsDescriptionFlag`, `spellId`, `playScript`, `defaultScript`)
VALUES (1791, 2097176, 1791, 20, 100668115, NULL, NULL, 33555909, NULL, NULL, NULL, NULL, NULL, 32769, NULL, NULL, NULL);

INSERT INTO `ace_object_properties_string` (`aceObjectId`, `strPropertyId`, `propertyValue`)
VALUES (1791, 1, 'Smith Maqura');

INSERT INTO `ace_object_properties_int` (`aceObjectId`, `intPropertyId`, `propertyValue`)
VALUES (1791, 1, 128);

INSERT INTO `ace_object_properties_int` (`aceObjectId`, `intPropertyId`, `propertyValue`)
VALUES (1791, 5, 9000);

INSERT INTO `ace_object_properties_int` (`aceObjectId`, `intPropertyId`, `propertyValue`)
VALUES (1791, 16, 1);

INSERT INTO `ace_object_properties_int` (`aceObjectId`, `intPropertyId`, `propertyValue`)
VALUES (1791, 19, 125);

INSERT INTO `ace_object_properties_int` (`aceObjectId`, `intPropertyId`, `propertyValue`)
VALUES (1791, 93, 24);

INSERT INTO `ace_object_texture_map_change` (`aceObjectId`, `index`, `oldId`, `newId`)
VALUES (1791, 0, 83892071, 83892180);

INSERT INTO `ace_object_animation_change` (`aceObjectId`, `index`, `animationId`)
VALUES (1791, 0, 16783205);

INSERT INTO ace_weenie_class (`weenieClassId`, `weenieClassDescription`)
VALUES (1799, 'tufatradersign');

INSERT INTO `ace_object` (`aceObjectId`, `aceObjectDescriptionFlags`, `weenieClassId`, `weenieHeaderFlags`, `iconId`, `iconOverlayId`, `iconUnderlayId`, `modelTableId`, `soundTableId`, `motionTableId`, `currentMotionState`, `animationFrameId`, `physicsTableId`, `physicsDescriptionFlag`, `spellId`, `playScript`, `defaultScript`)
VALUES (1799, 2097176, 1799, 20, 100668115, NULL, NULL, 33555909, NULL, NULL, NULL, NULL, NULL, 32769, NULL, NULL, NULL);

INSERT INTO `ace_object_properties_string` (`aceObjectId`, `strPropertyId`, `propertyValue`)
VALUES (1799, 1, 'Bubtil''s Wares');

INSERT INTO `ace_object_properties_int` (`aceObjectId`, `intPropertyId`, `propertyValue`)
VALUES (1799, 1, 128);

INSERT INTO `ace_object_properties_int` (`aceObjectId`, `intPropertyId`, `propertyValue`)
VALUES (1799, 5, 9000);

INSERT INTO `ace_object_properties_int` (`aceObjectId`, `intPropertyId`, `propertyValue`)
VALUES (1799, 16, 1);

INSERT INTO `ace_object_properties_int` (`aceObjectId`, `intPropertyId`, `propertyValue`)
VALUES (1799, 19, 125);

INSERT INTO `ace_object_properties_int` (`aceObjectId`, `intPropertyId`, `propertyValue`)
VALUES (1799, 93, 24);

INSERT INTO `ace_object_texture_map_change` (`aceObjectId`, `index`, `oldId`, `newId`)
VALUES (1799, 0, 83892071, 83892071);

INSERT INTO `ace_object_animation_change` (`aceObjectId`, `index`, `animationId`)
VALUES (1799, 0, 16783205);

INSERT INTO ace_weenie_class (`weenieClassId`, `weenieClassDescription`)
VALUES (1790, 'tufaarchmagesign');

INSERT INTO `ace_object` (`aceObjectId`, `aceObjectDescriptionFlags`, `weenieClassId`, `weenieHeaderFlags`, `iconId`, `iconOverlayId`, `iconUnderlayId`, `modelTableId`, `soundTableId`, `motionTableId`, `currentMotionState`, `animationFrameId`, `physicsTableId`, `physicsDescriptionFlag`, `spellId`, `playScript`, `defaultScript`)
VALUES (1790, 2097176, 1790, 20, 100668115, NULL, NULL, 33555909, NULL, NULL, NULL, NULL, NULL, 32769, NULL, NULL, NULL);

INSERT INTO `ace_object_properties_string` (`aceObjectId`, `strPropertyId`, `propertyValue`)
VALUES (1790, 1, 'House of the Seven Stars');

INSERT INTO `ace_object_properties_int` (`aceObjectId`, `intPropertyId`, `propertyValue`)
VALUES (1790, 1, 128);

INSERT INTO `ace_object_properties_int` (`aceObjectId`, `intPropertyId`, `propertyValue`)
VALUES (1790, 5, 9000);

INSERT INTO `ace_object_properties_int` (`aceObjectId`, `intPropertyId`, `propertyValue`)
VALUES (1790, 16, 1);

INSERT INTO `ace_object_properties_int` (`aceObjectId`, `intPropertyId`, `propertyValue`)
VALUES (1790, 19, 125);

INSERT INTO `ace_object_properties_int` (`aceObjectId`, `intPropertyId`, `propertyValue`)
VALUES (1790, 93, 24);

INSERT INTO `ace_object_texture_map_change` (`aceObjectId`, `index`, `oldId`, `newId`)
VALUES (1790, 0, 83892071, 83892184);

INSERT INTO `ace_object_animation_change` (`aceObjectId`, `index`, `animationId`)
VALUES (1790, 0, 16783205);

INSERT INTO ace_weenie_class (`weenieClassId`, `weenieClassDescription`)
VALUES (4655, 'aljalimabowyersign');

INSERT INTO `ace_object` (`aceObjectId`, `aceObjectDescriptionFlags`, `weenieClassId`, `weenieHeaderFlags`, `iconId`, `iconOverlayId`, `iconUnderlayId`, `modelTableId`, `soundTableId`, `motionTableId`, `currentMotionState`, `animationFrameId`, `physicsTableId`, `physicsDescriptionFlag`, `spellId`, `playScript`, `defaultScript`)
VALUES (4655, 2097176, 4655, 20, 100668115, NULL, NULL, 33555909, NULL, NULL, NULL, NULL, NULL, 32769, NULL, NULL, NULL);

INSERT INTO `ace_object_properties_string` (`aceObjectId`, `strPropertyId`, `propertyValue`)
VALUES (4655, 1, 'Al-Jalima Bows');

INSERT INTO `ace_object_properties_int` (`aceObjectId`, `intPropertyId`, `propertyValue`)
VALUES (4655, 1, 128);

INSERT INTO `ace_object_properties_int` (`aceObjectId`, `intPropertyId`, `propertyValue`)
VALUES (4655, 5, 9000);

INSERT INTO `ace_object_properties_int` (`aceObjectId`, `intPropertyId`, `propertyValue`)
VALUES (4655, 16, 1);

INSERT INTO `ace_object_properties_int` (`aceObjectId`, `intPropertyId`, `propertyValue`)
VALUES (4655, 19, 125);

INSERT INTO `ace_object_properties_int` (`aceObjectId`, `intPropertyId`, `propertyValue`)
VALUES (4655, 93, 24);

INSERT INTO `ace_object_texture_map_change` (`aceObjectId`, `index`, `oldId`, `newId`)
VALUES (4655, 0, 83892071, 83892188);

INSERT INTO `ace_object_animation_change` (`aceObjectId`, `index`, `animationId`)
VALUES (4655, 0, 16783205);

INSERT INTO ace_weenie_class (`weenieClassId`, `weenieClassDescription`)
VALUES (4657, 'aljalimashopkeepsign');

INSERT INTO `ace_object` (`aceObjectId`, `aceObjectDescriptionFlags`, `weenieClassId`, `weenieHeaderFlags`, `iconId`, `iconOverlayId`, `iconUnderlayId`, `modelTableId`, `soundTableId`, `motionTableId`, `currentMotionState`, `animationFrameId`, `physicsTableId`, `physicsDescriptionFlag`, `spellId`, `playScript`, `defaultScript`)
VALUES (4657, 2097176, 4657, 20, 100668115, NULL, NULL, 33555909, NULL, NULL, NULL, NULL, NULL, 32769, NULL, NULL, NULL);

INSERT INTO `ace_object_properties_string` (`aceObjectId`, `strPropertyId`, `propertyValue`)
VALUES (4657, 1, 'Al-Jalima Supplies');

INSERT INTO `ace_object_properties_int` (`aceObjectId`, `intPropertyId`, `propertyValue`)
VALUES (4657, 1, 128);

INSERT INTO `ace_object_properties_int` (`aceObjectId`, `intPropertyId`, `propertyValue`)
VALUES (4657, 5, 9000);

INSERT INTO `ace_object_properties_int` (`aceObjectId`, `intPropertyId`, `propertyValue`)
VALUES (4657, 16, 1);

INSERT INTO `ace_object_properties_int` (`aceObjectId`, `intPropertyId`, `propertyValue`)
VALUES (4657, 19, 125);

INSERT INTO `ace_object_properties_int` (`aceObjectId`, `intPropertyId`, `propertyValue`)
VALUES (4657, 93, 24);

INSERT INTO `ace_object_texture_map_change` (`aceObjectId`, `index`, `oldId`, `newId`)
VALUES (4657, 0, 83892071, 83892187);

INSERT INTO `ace_object_animation_change` (`aceObjectId`, `index`, `animationId`)
VALUES (4657, 0, 16783205);

INSERT INTO ace_weenie_class (`weenieClassId`, `weenieClassDescription`)
VALUES (4653, 'aljalimaarchmagesign');

INSERT INTO `ace_object` (`aceObjectId`, `aceObjectDescriptionFlags`, `weenieClassId`, `weenieHeaderFlags`, `iconId`, `iconOverlayId`, `iconUnderlayId`, `modelTableId`, `soundTableId`, `motionTableId`, `currentMotionState`, `animationFrameId`, `physicsTableId`, `physicsDescriptionFlag`, `spellId`, `playScript`, `defaultScript`)
VALUES (4653, 2097176, 4653, 20, 100668115, NULL, NULL, 33555909, NULL, NULL, NULL, NULL, NULL, 32769, NULL, NULL, NULL);

INSERT INTO `ace_object_properties_string` (`aceObjectId`, `strPropertyId`, `propertyValue`)
VALUES (4653, 1, 'Wisdom''s Way');

INSERT INTO `ace_object_properties_int` (`aceObjectId`, `intPropertyId`, `propertyValue`)
VALUES (4653, 1, 128);

INSERT INTO `ace_object_properties_int` (`aceObjectId`, `intPropertyId`, `propertyValue`)
VALUES (4653, 5, 9000);

INSERT INTO `ace_object_properties_int` (`aceObjectId`, `intPropertyId`, `propertyValue`)
VALUES (4653, 16, 1);

INSERT INTO `ace_object_properties_int` (`aceObjectId`, `intPropertyId`, `propertyValue`)
VALUES (4653, 19, 125);

INSERT INTO `ace_object_properties_int` (`aceObjectId`, `intPropertyId`, `propertyValue`)
VALUES (4653, 93, 24);

INSERT INTO `ace_object_texture_map_change` (`aceObjectId`, `index`, `oldId`, `newId`)
VALUES (4653, 0, 83892071, 83892184);

INSERT INTO `ace_object_animation_change` (`aceObjectId`, `index`, `animationId`)
VALUES (4653, 0, 16783205);

INSERT INTO ace_weenie_class (`weenieClassId`, `weenieClassDescription`)
VALUES (4654, 'aljalimablacksmithsign');

INSERT INTO `ace_object` (`aceObjectId`, `aceObjectDescriptionFlags`, `weenieClassId`, `weenieHeaderFlags`, `iconId`, `iconOverlayId`, `iconUnderlayId`, `modelTableId`, `soundTableId`, `motionTableId`, `currentMotionState`, `animationFrameId`, `physicsTableId`, `physicsDescriptionFlag`, `spellId`, `playScript`, `defaultScript`)
VALUES (4654, 2097176, 4654, 20, 100668115, NULL, NULL, 33555909, NULL, NULL, NULL, NULL, NULL, 32769, NULL, NULL, NULL);

INSERT INTO `ace_object_properties_string` (`aceObjectId`, `strPropertyId`, `propertyValue`)
VALUES (4654, 1, 'Al-Jalima Smithy');

INSERT INTO `ace_object_properties_int` (`aceObjectId`, `intPropertyId`, `propertyValue`)
VALUES (4654, 1, 128);

INSERT INTO `ace_object_properties_int` (`aceObjectId`, `intPropertyId`, `propertyValue`)
VALUES (4654, 5, 9000);

INSERT INTO `ace_object_properties_int` (`aceObjectId`, `intPropertyId`, `propertyValue`)
VALUES (4654, 16, 1);

INSERT INTO `ace_object_properties_int` (`aceObjectId`, `intPropertyId`, `propertyValue`)
VALUES (4654, 19, 125);

INSERT INTO `ace_object_properties_int` (`aceObjectId`, `intPropertyId`, `propertyValue`)
VALUES (4654, 93, 24);

INSERT INTO `ace_object_texture_map_change` (`aceObjectId`, `index`, `oldId`, `newId`)
VALUES (4654, 0, 83892071, 83892180);

INSERT INTO `ace_object_animation_change` (`aceObjectId`, `index`, `animationId`)
VALUES (4654, 0, 16783205);

INSERT INTO ace_weenie_class (`weenieClassId`, `weenieClassDescription`)
VALUES (1011, 'zaikhaljewelersign');

INSERT INTO `ace_object` (`aceObjectId`, `aceObjectDescriptionFlags`, `weenieClassId`, `weenieHeaderFlags`, `iconId`, `iconOverlayId`, `iconUnderlayId`, `modelTableId`, `soundTableId`, `motionTableId`, `currentMotionState`, `animationFrameId`, `physicsTableId`, `physicsDescriptionFlag`, `spellId`, `playScript`, `defaultScript`)
VALUES (1011, 2097176, 1011, 20, 100668115, NULL, NULL, 33555909, NULL, NULL, NULL, NULL, NULL, 32769, NULL, NULL, NULL);

INSERT INTO `ace_object_properties_string` (`aceObjectId`, `strPropertyId`, `propertyValue`)
VALUES (1011, 1, 'Djusufa''s Stones');

INSERT INTO `ace_object_properties_int` (`aceObjectId`, `intPropertyId`, `propertyValue`)
VALUES (1011, 1, 128);

INSERT INTO `ace_object_properties_int` (`aceObjectId`, `intPropertyId`, `propertyValue`)
VALUES (1011, 5, 9000);

INSERT INTO `ace_object_properties_int` (`aceObjectId`, `intPropertyId`, `propertyValue`)
VALUES (1011, 16, 1);

INSERT INTO `ace_object_properties_int` (`aceObjectId`, `intPropertyId`, `propertyValue`)
VALUES (1011, 19, 125);

INSERT INTO `ace_object_properties_int` (`aceObjectId`, `intPropertyId`, `propertyValue`)
VALUES (1011, 93, 24);

INSERT INTO `ace_object_texture_map_change` (`aceObjectId`, `index`, `oldId`, `newId`)
VALUES (1011, 0, 83892071, 83892185);

INSERT INTO `ace_object_animation_change` (`aceObjectId`, `index`, `animationId`)
VALUES (1011, 0, 16783205);

INSERT INTO ace_weenie_class (`weenieClassId`, `weenieClassDescription`)
VALUES (1012, 'zaikhalpubsign');

INSERT INTO `ace_object` (`aceObjectId`, `aceObjectDescriptionFlags`, `weenieClassId`, `weenieHeaderFlags`, `iconId`, `iconOverlayId`, `iconUnderlayId`, `modelTableId`, `soundTableId`, `motionTableId`, `currentMotionState`, `animationFrameId`, `physicsTableId`, `physicsDescriptionFlag`, `spellId`, `playScript`, `defaultScript`)
VALUES (1012, 2097176, 1012, 20, 100668115, NULL, NULL, 33555909, NULL, NULL, NULL, NULL, NULL, 32769, NULL, NULL, NULL);

INSERT INTO `ace_object_properties_string` (`aceObjectId`, `strPropertyId`, `propertyValue`)
VALUES (1012, 1, 'The Open Book');

INSERT INTO `ace_object_properties_int` (`aceObjectId`, `intPropertyId`, `propertyValue`)
VALUES (1012, 1, 128);

INSERT INTO `ace_object_properties_int` (`aceObjectId`, `intPropertyId`, `propertyValue`)
VALUES (1012, 5, 9000);

INSERT INTO `ace_object_properties_int` (`aceObjectId`, `intPropertyId`, `propertyValue`)
VALUES (1012, 16, 1);

INSERT INTO `ace_object_properties_int` (`aceObjectId`, `intPropertyId`, `propertyValue`)
VALUES (1012, 19, 125);

INSERT INTO `ace_object_properties_int` (`aceObjectId`, `intPropertyId`, `propertyValue`)
VALUES (1012, 93, 24);

INSERT INTO `ace_object_texture_map_change` (`aceObjectId`, `index`, `oldId`, `newId`)
VALUES (1012, 0, 83892071, 83892183);

INSERT INTO `ace_object_animation_change` (`aceObjectId`, `index`, `animationId`)
VALUES (1012, 0, 16783205);

INSERT INTO ace_weenie_class (`weenieClassId`, `weenieClassDescription`)
VALUES (6894, 'zaikhaltailorsign');

INSERT INTO `ace_object` (`aceObjectId`, `aceObjectDescriptionFlags`, `weenieClassId`, `weenieHeaderFlags`, `iconId`, `iconOverlayId`, `iconUnderlayId`, `modelTableId`, `soundTableId`, `motionTableId`, `currentMotionState`, `animationFrameId`, `physicsTableId`, `physicsDescriptionFlag`, `spellId`, `playScript`, `defaultScript`)
VALUES (6894, 2097176, 6894, 20, 100668115, NULL, NULL, 33555909, NULL, NULL, NULL, NULL, NULL, 32769, NULL, NULL, NULL);

INSERT INTO `ace_object_properties_string` (`aceObjectId`, `strPropertyId`, `propertyValue`)
VALUES (6894, 1, 'Tailor');

INSERT INTO `ace_object_properties_int` (`aceObjectId`, `intPropertyId`, `propertyValue`)
VALUES (6894, 1, 128);

INSERT INTO `ace_object_properties_int` (`aceObjectId`, `intPropertyId`, `propertyValue`)
VALUES (6894, 5, 9000);

INSERT INTO `ace_object_properties_int` (`aceObjectId`, `intPropertyId`, `propertyValue`)
VALUES (6894, 16, 1);

INSERT INTO `ace_object_properties_int` (`aceObjectId`, `intPropertyId`, `propertyValue`)
VALUES (6894, 19, 125);

INSERT INTO `ace_object_properties_int` (`aceObjectId`, `intPropertyId`, `propertyValue`)
VALUES (6894, 93, 24);

INSERT INTO `ace_object_texture_map_change` (`aceObjectId`, `index`, `oldId`, `newId`)
VALUES (6894, 0, 83892071, 83892181);

INSERT INTO `ace_object_animation_change` (`aceObjectId`, `index`, `animationId`)
VALUES (6894, 0, 16783205);

INSERT INTO ace_weenie_class (`weenieClassId`, `weenieClassDescription`)
VALUES (1008, 'zaikhalgrocersign');

INSERT INTO `ace_object` (`aceObjectId`, `aceObjectDescriptionFlags`, `weenieClassId`, `weenieHeaderFlags`, `iconId`, `iconOverlayId`, `iconUnderlayId`, `modelTableId`, `soundTableId`, `motionTableId`, `currentMotionState`, `animationFrameId`, `physicsTableId`, `physicsDescriptionFlag`, `spellId`, `playScript`, `defaultScript`)
VALUES (1008, 2097176, 1008, 20, 100668115, NULL, NULL, 33555909, NULL, NULL, NULL, NULL, NULL, 32769, NULL, NULL, NULL);

INSERT INTO `ace_object_properties_string` (`aceObjectId`, `strPropertyId`, `propertyValue`)
VALUES (1008, 1, 'Loom and Oven');

INSERT INTO `ace_object_properties_int` (`aceObjectId`, `intPropertyId`, `propertyValue`)
VALUES (1008, 1, 128);

INSERT INTO `ace_object_properties_int` (`aceObjectId`, `intPropertyId`, `propertyValue`)
VALUES (1008, 5, 9000);

INSERT INTO `ace_object_properties_int` (`aceObjectId`, `intPropertyId`, `propertyValue`)
VALUES (1008, 16, 1);

INSERT INTO `ace_object_properties_int` (`aceObjectId`, `intPropertyId`, `propertyValue`)
VALUES (1008, 19, 125);

INSERT INTO `ace_object_properties_int` (`aceObjectId`, `intPropertyId`, `propertyValue`)
VALUES (1008, 93, 24);

INSERT INTO `ace_object_texture_map_change` (`aceObjectId`, `index`, `oldId`, `newId`)
VALUES (1008, 0, 83892071, 83892187);

INSERT INTO `ace_object_animation_change` (`aceObjectId`, `index`, `animationId`)
VALUES (1008, 0, 16783205);

INSERT INTO ace_weenie_class (`weenieClassId`, `weenieClassDescription`)
VALUES (1007, 'zaikhalblacksmithsign');

INSERT INTO `ace_object` (`aceObjectId`, `aceObjectDescriptionFlags`, `weenieClassId`, `weenieHeaderFlags`, `iconId`, `iconOverlayId`, `iconUnderlayId`, `modelTableId`, `soundTableId`, `motionTableId`, `currentMotionState`, `animationFrameId`, `physicsTableId`, `physicsDescriptionFlag`, `spellId`, `playScript`, `defaultScript`)
VALUES (1007, 2097176, 1007, 20, 100668115, NULL, NULL, 33555909, NULL, NULL, NULL, NULL, NULL, 32769, NULL, NULL, NULL);

INSERT INTO `ace_object_properties_string` (`aceObjectId`, `strPropertyId`, `propertyValue`)
VALUES (1007, 1, 'Qufana''s Forge');

INSERT INTO `ace_object_properties_int` (`aceObjectId`, `intPropertyId`, `propertyValue`)
VALUES (1007, 1, 128);

INSERT INTO `ace_object_properties_int` (`aceObjectId`, `intPropertyId`, `propertyValue`)
VALUES (1007, 5, 9000);

INSERT INTO `ace_object_properties_int` (`aceObjectId`, `intPropertyId`, `propertyValue`)
VALUES (1007, 16, 1);

INSERT INTO `ace_object_properties_int` (`aceObjectId`, `intPropertyId`, `propertyValue`)
VALUES (1007, 19, 125);

INSERT INTO `ace_object_properties_int` (`aceObjectId`, `intPropertyId`, `propertyValue`)
VALUES (1007, 93, 24);

INSERT INTO `ace_object_texture_map_change` (`aceObjectId`, `index`, `oldId`, `newId`)
VALUES (1007, 0, 83892071, 83892180);

INSERT INTO `ace_object_animation_change` (`aceObjectId`, `index`, `animationId`)
VALUES (1007, 0, 16783205);

INSERT INTO ace_weenie_class (`weenieClassId`, `weenieClassDescription`)
VALUES (8255, 'xarabydunarchmagesign');

INSERT INTO `ace_object` (`aceObjectId`, `aceObjectDescriptionFlags`, `weenieClassId`, `weenieHeaderFlags`, `iconId`, `iconOverlayId`, `iconUnderlayId`, `modelTableId`, `soundTableId`, `motionTableId`, `currentMotionState`, `animationFrameId`, `physicsTableId`, `physicsDescriptionFlag`, `spellId`, `playScript`, `defaultScript`)
VALUES (8255, 2097176, 8255, 20, 100668115, NULL, NULL, 33555909, NULL, NULL, NULL, NULL, NULL, 32769, NULL, NULL, NULL);

INSERT INTO `ace_object_properties_string` (`aceObjectId`, `strPropertyId`, `propertyValue`)
VALUES (8255, 1, 'Archmage Sign');

INSERT INTO `ace_object_properties_int` (`aceObjectId`, `intPropertyId`, `propertyValue`)
VALUES (8255, 1, 128);

INSERT INTO `ace_object_properties_int` (`aceObjectId`, `intPropertyId`, `propertyValue`)
VALUES (8255, 5, 9000);

INSERT INTO `ace_object_properties_int` (`aceObjectId`, `intPropertyId`, `propertyValue`)
VALUES (8255, 16, 1);

INSERT INTO `ace_object_properties_int` (`aceObjectId`, `intPropertyId`, `propertyValue`)
VALUES (8255, 19, 125);

INSERT INTO `ace_object_properties_int` (`aceObjectId`, `intPropertyId`, `propertyValue`)
VALUES (8255, 93, 24);

INSERT INTO `ace_object_texture_map_change` (`aceObjectId`, `index`, `oldId`, `newId`)
VALUES (8255, 0, 83892071, 83892184);

INSERT INTO `ace_object_animation_change` (`aceObjectId`, `index`, `animationId`)
VALUES (8255, 0, 16783205);

INSERT INTO ace_weenie_class (`weenieClassId`, `weenieClassDescription`)
VALUES (8256, 'xarabydunblacksmithsign');

INSERT INTO `ace_object` (`aceObjectId`, `aceObjectDescriptionFlags`, `weenieClassId`, `weenieHeaderFlags`, `iconId`, `iconOverlayId`, `iconUnderlayId`, `modelTableId`, `soundTableId`, `motionTableId`, `currentMotionState`, `animationFrameId`, `physicsTableId`, `physicsDescriptionFlag`, `spellId`, `playScript`, `defaultScript`)
VALUES (8256, 2097176, 8256, 20, 100668115, NULL, NULL, 33555909, NULL, NULL, NULL, NULL, NULL, 32769, NULL, NULL, NULL);

INSERT INTO `ace_object_properties_string` (`aceObjectId`, `strPropertyId`, `propertyValue`)
VALUES (8256, 1, 'Forge and Bowyer Sign');

INSERT INTO `ace_object_properties_int` (`aceObjectId`, `intPropertyId`, `propertyValue`)
VALUES (8256, 1, 128);

INSERT INTO `ace_object_properties_int` (`aceObjectId`, `intPropertyId`, `propertyValue`)
VALUES (8256, 5, 9000);

INSERT INTO `ace_object_properties_int` (`aceObjectId`, `intPropertyId`, `propertyValue`)
VALUES (8256, 16, 1);

INSERT INTO `ace_object_properties_int` (`aceObjectId`, `intPropertyId`, `propertyValue`)
VALUES (8256, 19, 125);

INSERT INTO `ace_object_properties_int` (`aceObjectId`, `intPropertyId`, `propertyValue`)
VALUES (8256, 93, 24);

INSERT INTO `ace_object_texture_map_change` (`aceObjectId`, `index`, `oldId`, `newId`)
VALUES (8256, 0, 83892071, 83892180);

INSERT INTO `ace_object_animation_change` (`aceObjectId`, `index`, `animationId`)
VALUES (8256, 0, 16783205);

INSERT INTO ace_weenie_class (`weenieClassId`, `weenieClassDescription`)
VALUES (8257, 'xarabydunpubsign');

INSERT INTO `ace_object` (`aceObjectId`, `aceObjectDescriptionFlags`, `weenieClassId`, `weenieHeaderFlags`, `iconId`, `iconOverlayId`, `iconUnderlayId`, `modelTableId`, `soundTableId`, `motionTableId`, `currentMotionState`, `animationFrameId`, `physicsTableId`, `physicsDescriptionFlag`, `spellId`, `playScript`, `defaultScript`)
VALUES (8257, 2097176, 8257, 20, 100668115, NULL, NULL, 33555909, NULL, NULL, NULL, NULL, NULL, 32769, NULL, NULL, NULL);

INSERT INTO `ace_object_properties_string` (`aceObjectId`, `strPropertyId`, `propertyValue`)
VALUES (8257, 1, 'The Blue Grotto Pub');

INSERT INTO `ace_object_properties_int` (`aceObjectId`, `intPropertyId`, `propertyValue`)
VALUES (8257, 1, 128);

INSERT INTO `ace_object_properties_int` (`aceObjectId`, `intPropertyId`, `propertyValue`)
VALUES (8257, 5, 9000);

INSERT INTO `ace_object_properties_int` (`aceObjectId`, `intPropertyId`, `propertyValue`)
VALUES (8257, 16, 1);

INSERT INTO `ace_object_properties_int` (`aceObjectId`, `intPropertyId`, `propertyValue`)
VALUES (8257, 19, 125);

INSERT INTO `ace_object_properties_int` (`aceObjectId`, `intPropertyId`, `propertyValue`)
VALUES (8257, 93, 24);

INSERT INTO `ace_object_texture_map_change` (`aceObjectId`, `index`, `oldId`, `newId`)
VALUES (8257, 0, 83892071, 83892183);

INSERT INTO `ace_object_animation_change` (`aceObjectId`, `index`, `animationId`)
VALUES (8257, 0, 16783205);

INSERT INTO ace_weenie_class (`weenieClassId`, `weenieClassDescription`)
VALUES (1065, 'qalabarhealersign');

INSERT INTO `ace_object` (`aceObjectId`, `aceObjectDescriptionFlags`, `weenieClassId`, `weenieHeaderFlags`, `iconId`, `iconOverlayId`, `iconUnderlayId`, `modelTableId`, `soundTableId`, `motionTableId`, `currentMotionState`, `animationFrameId`, `physicsTableId`, `physicsDescriptionFlag`, `spellId`, `playScript`, `defaultScript`)
VALUES (1065, 2097176, 1065, 20, 100668115, NULL, NULL, 33555909, NULL, NULL, NULL, NULL, NULL, 32769, NULL, NULL, NULL);

INSERT INTO `ace_object_properties_string` (`aceObjectId`, `strPropertyId`, `propertyValue`)
VALUES (1065, 1, 'House of Scrolls');

INSERT INTO `ace_object_properties_int` (`aceObjectId`, `intPropertyId`, `propertyValue`)
VALUES (1065, 1, 128);

INSERT INTO `ace_object_properties_int` (`aceObjectId`, `intPropertyId`, `propertyValue`)
VALUES (1065, 5, 9000);

INSERT INTO `ace_object_properties_int` (`aceObjectId`, `intPropertyId`, `propertyValue`)
VALUES (1065, 16, 1);

INSERT INTO `ace_object_properties_int` (`aceObjectId`, `intPropertyId`, `propertyValue`)
VALUES (1065, 19, 125);

INSERT INTO `ace_object_properties_int` (`aceObjectId`, `intPropertyId`, `propertyValue`)
VALUES (1065, 93, 24);

INSERT INTO `ace_object_texture_map_change` (`aceObjectId`, `index`, `oldId`, `newId`)
VALUES (1065, 0, 83892071, 83892186);

INSERT INTO `ace_object_animation_change` (`aceObjectId`, `index`, `animationId`)
VALUES (1065, 0, 16783205);

INSERT INTO ace_weenie_class (`weenieClassId`, `weenieClassDescription`)
VALUES (1064, 'qalabargrocersign');

INSERT INTO `ace_object` (`aceObjectId`, `aceObjectDescriptionFlags`, `weenieClassId`, `weenieHeaderFlags`, `iconId`, `iconOverlayId`, `iconUnderlayId`, `modelTableId`, `soundTableId`, `motionTableId`, `currentMotionState`, `animationFrameId`, `physicsTableId`, `physicsDescriptionFlag`, `spellId`, `playScript`, `defaultScript`)
VALUES (1064, 2097176, 1064, 20, 100668115, NULL, NULL, 33555909, NULL, NULL, NULL, NULL, NULL, 32769, NULL, NULL, NULL);

INSERT INTO `ace_object_properties_string` (`aceObjectId`, `strPropertyId`, `propertyValue`)
VALUES (1064, 1, 'Food and Clothing');

INSERT INTO `ace_object_properties_int` (`aceObjectId`, `intPropertyId`, `propertyValue`)
VALUES (1064, 1, 128);

INSERT INTO `ace_object_properties_int` (`aceObjectId`, `intPropertyId`, `propertyValue`)
VALUES (1064, 5, 9000);

INSERT INTO `ace_object_properties_int` (`aceObjectId`, `intPropertyId`, `propertyValue`)
VALUES (1064, 16, 1);

INSERT INTO `ace_object_properties_int` (`aceObjectId`, `intPropertyId`, `propertyValue`)
VALUES (1064, 19, 125);

INSERT INTO `ace_object_properties_int` (`aceObjectId`, `intPropertyId`, `propertyValue`)
VALUES (1064, 93, 24);

INSERT INTO `ace_object_texture_map_change` (`aceObjectId`, `index`, `oldId`, `newId`)
VALUES (1064, 0, 83892071, 83892187);

INSERT INTO `ace_object_animation_change` (`aceObjectId`, `index`, `animationId`)
VALUES (1064, 0, 16783205);

INSERT INTO ace_weenie_class (`weenieClassId`, `weenieClassDescription`)
VALUES (1063, 'qalabararmorersign');

INSERT INTO `ace_object` (`aceObjectId`, `aceObjectDescriptionFlags`, `weenieClassId`, `weenieHeaderFlags`, `iconId`, `iconOverlayId`, `iconUnderlayId`, `modelTableId`, `soundTableId`, `motionTableId`, `currentMotionState`, `animationFrameId`, `physicsTableId`, `physicsDescriptionFlag`, `spellId`, `playScript`, `defaultScript`)
VALUES (1063, 2097176, 1063, 20, 100668115, NULL, NULL, 33555909, NULL, NULL, NULL, NULL, NULL, 32769, NULL, NULL, NULL);

INSERT INTO `ace_object_properties_string` (`aceObjectId`, `strPropertyId`, `propertyValue`)
VALUES (1063, 1, 'Tamara''s Armory');

INSERT INTO `ace_object_properties_int` (`aceObjectId`, `intPropertyId`, `propertyValue`)
VALUES (1063, 1, 128);

INSERT INTO `ace_object_properties_int` (`aceObjectId`, `intPropertyId`, `propertyValue`)
VALUES (1063, 5, 9000);

INSERT INTO `ace_object_properties_int` (`aceObjectId`, `intPropertyId`, `propertyValue`)
VALUES (1063, 16, 1);

INSERT INTO `ace_object_properties_int` (`aceObjectId`, `intPropertyId`, `propertyValue`)
VALUES (1063, 19, 125);

INSERT INTO `ace_object_properties_int` (`aceObjectId`, `intPropertyId`, `propertyValue`)
VALUES (1063, 93, 24);

INSERT INTO `ace_object_texture_map_change` (`aceObjectId`, `index`, `oldId`, `newId`)
VALUES (1063, 0, 83892071, 83892189);

INSERT INTO `ace_object_animation_change` (`aceObjectId`, `index`, `animationId`)
VALUES (1063, 0, 16783205);

INSERT INTO ace_weenie_class (`weenieClassId`, `weenieClassDescription`)
VALUES (1067, 'qalabarpubsign');

INSERT INTO `ace_object` (`aceObjectId`, `aceObjectDescriptionFlags`, `weenieClassId`, `weenieHeaderFlags`, `iconId`, `iconOverlayId`, `iconUnderlayId`, `modelTableId`, `soundTableId`, `motionTableId`, `currentMotionState`, `animationFrameId`, `physicsTableId`, `physicsDescriptionFlag`, `spellId`, `playScript`, `defaultScript`)
VALUES (1067, 2097176, 1067, 20, 100668115, NULL, NULL, 33555909, NULL, NULL, NULL, NULL, NULL, 32769, NULL, NULL, NULL);

INSERT INTO `ace_object_properties_string` (`aceObjectId`, `strPropertyId`, `propertyValue`)
VALUES (1067, 1, 'The Four Shields');

INSERT INTO `ace_object_properties_int` (`aceObjectId`, `intPropertyId`, `propertyValue`)
VALUES (1067, 1, 128);

INSERT INTO `ace_object_properties_int` (`aceObjectId`, `intPropertyId`, `propertyValue`)
VALUES (1067, 5, 9000);

INSERT INTO `ace_object_properties_int` (`aceObjectId`, `intPropertyId`, `propertyValue`)
VALUES (1067, 16, 1);

INSERT INTO `ace_object_properties_int` (`aceObjectId`, `intPropertyId`, `propertyValue`)
VALUES (1067, 19, 125);

INSERT INTO `ace_object_properties_int` (`aceObjectId`, `intPropertyId`, `propertyValue`)
VALUES (1067, 93, 24);

INSERT INTO `ace_object_texture_map_change` (`aceObjectId`, `index`, `oldId`, `newId`)
VALUES (1067, 0, 83892071, 83892183);

INSERT INTO `ace_object_animation_change` (`aceObjectId`, `index`, `animationId`)
VALUES (1067, 0, 16783205);

INSERT INTO ace_weenie_class (`weenieClassId`, `weenieClassDescription`)
VALUES (998, 'samsurblacksmithsign');

INSERT INTO `ace_object` (`aceObjectId`, `aceObjectDescriptionFlags`, `weenieClassId`, `weenieHeaderFlags`, `iconId`, `iconOverlayId`, `iconUnderlayId`, `modelTableId`, `soundTableId`, `motionTableId`, `currentMotionState`, `animationFrameId`, `physicsTableId`, `physicsDescriptionFlag`, `spellId`, `playScript`, `defaultScript`)
VALUES (998, 2097176, 998, 20, 100668115, NULL, NULL, 33555909, NULL, NULL, NULL, NULL, NULL, 32769, NULL, NULL, NULL);

INSERT INTO `ace_object_properties_string` (`aceObjectId`, `strPropertyId`, `propertyValue`)
VALUES (998, 1, 'Bellows'' Breath');

INSERT INTO `ace_object_properties_int` (`aceObjectId`, `intPropertyId`, `propertyValue`)
VALUES (998, 1, 128);

INSERT INTO `ace_object_properties_int` (`aceObjectId`, `intPropertyId`, `propertyValue`)
VALUES (998, 5, 9000);

INSERT INTO `ace_object_properties_int` (`aceObjectId`, `intPropertyId`, `propertyValue`)
VALUES (998, 16, 1);

INSERT INTO `ace_object_properties_int` (`aceObjectId`, `intPropertyId`, `propertyValue`)
VALUES (998, 19, 125);

INSERT INTO `ace_object_properties_int` (`aceObjectId`, `intPropertyId`, `propertyValue`)
VALUES (998, 93, 24);

INSERT INTO `ace_object_texture_map_change` (`aceObjectId`, `index`, `oldId`, `newId`)
VALUES (998, 0, 83892071, 83892180);

INSERT INTO `ace_object_animation_change` (`aceObjectId`, `index`, `animationId`)
VALUES (998, 0, 16783205);

INSERT INTO ace_weenie_class (`weenieClassId`, `weenieClassDescription`)
VALUES (635, 'healersign');

INSERT INTO `ace_object` (`aceObjectId`, `aceObjectDescriptionFlags`, `weenieClassId`, `weenieHeaderFlags`, `iconId`, `iconOverlayId`, `iconUnderlayId`, `modelTableId`, `soundTableId`, `motionTableId`, `currentMotionState`, `animationFrameId`, `physicsTableId`, `physicsDescriptionFlag`, `spellId`, `playScript`, `defaultScript`)
VALUES (635, 2097176, 635, 20, 100668115, NULL, NULL, 33555088, NULL, NULL, NULL, 101, NULL, 163841, NULL, NULL, NULL);

INSERT INTO `ace_object_properties_string` (`aceObjectId`, `strPropertyId`, `propertyValue`)
VALUES (635, 1, 'Healer');

INSERT INTO `ace_object_properties_int` (`aceObjectId`, `intPropertyId`, `propertyValue`)
VALUES (635, 1, 128);

INSERT INTO `ace_object_properties_int` (`aceObjectId`, `intPropertyId`, `propertyValue`)
VALUES (635, 5, 9000);

INSERT INTO `ace_object_properties_int` (`aceObjectId`, `intPropertyId`, `propertyValue`)
VALUES (635, 16, 1);

INSERT INTO `ace_object_properties_int` (`aceObjectId`, `intPropertyId`, `propertyValue`)
VALUES (635, 19, 125);

INSERT INTO `ace_object_properties_int` (`aceObjectId`, `intPropertyId`, `propertyValue`)
VALUES (635, 93, 1048);

INSERT INTO `ace_object_texture_map_change` (`aceObjectId`, `index`, `oldId`, `newId`)
VALUES (635, 0, 83891055, 83889901);

INSERT INTO `ace_object_animation_change` (`aceObjectId`, `index`, `animationId`)
VALUES (635, 0, 16780409);

INSERT INTO ace_weenie_class (`weenieClassId`, `weenieClassDescription`)
VALUES (1002, 'samsurjewelersign');

INSERT INTO `ace_object` (`aceObjectId`, `aceObjectDescriptionFlags`, `weenieClassId`, `weenieHeaderFlags`, `iconId`, `iconOverlayId`, `iconUnderlayId`, `modelTableId`, `soundTableId`, `motionTableId`, `currentMotionState`, `animationFrameId`, `physicsTableId`, `physicsDescriptionFlag`, `spellId`, `playScript`, `defaultScript`)
VALUES (1002, 2097176, 1002, 20, 100668115, NULL, NULL, 33555909, NULL, NULL, NULL, NULL, NULL, 32769, NULL, NULL, NULL);

INSERT INTO `ace_object_properties_string` (`aceObjectId`, `strPropertyId`, `propertyValue`)
VALUES (1002, 1, 'House of Fathlan');

INSERT INTO `ace_object_properties_int` (`aceObjectId`, `intPropertyId`, `propertyValue`)
VALUES (1002, 1, 128);

INSERT INTO `ace_object_properties_int` (`aceObjectId`, `intPropertyId`, `propertyValue`)
VALUES (1002, 5, 9000);

INSERT INTO `ace_object_properties_int` (`aceObjectId`, `intPropertyId`, `propertyValue`)
VALUES (1002, 16, 1);

INSERT INTO `ace_object_properties_int` (`aceObjectId`, `intPropertyId`, `propertyValue`)
VALUES (1002, 19, 125);

INSERT INTO `ace_object_properties_int` (`aceObjectId`, `intPropertyId`, `propertyValue`)
VALUES (1002, 93, 24);

INSERT INTO `ace_object_texture_map_change` (`aceObjectId`, `index`, `oldId`, `newId`)
VALUES (1002, 0, 83892071, 83892185);

INSERT INTO `ace_object_animation_change` (`aceObjectId`, `index`, `animationId`)
VALUES (1002, 0, 16783205);

INSERT INTO ace_weenie_class (`weenieClassId`, `weenieClassDescription`)
VALUES (999, 'samsurbowyersign');

INSERT INTO `ace_object` (`aceObjectId`, `aceObjectDescriptionFlags`, `weenieClassId`, `weenieHeaderFlags`, `iconId`, `iconOverlayId`, `iconUnderlayId`, `modelTableId`, `soundTableId`, `motionTableId`, `currentMotionState`, `animationFrameId`, `physicsTableId`, `physicsDescriptionFlag`, `spellId`, `playScript`, `defaultScript`)
VALUES (999, 2097176, 999, 20, 100668115, NULL, NULL, 33555909, NULL, NULL, NULL, NULL, NULL, 32769, NULL, NULL, NULL);

INSERT INTO `ace_object_properties_string` (`aceObjectId`, `strPropertyId`, `propertyValue`)
VALUES (999, 1, 'Bow and Goods');

INSERT INTO `ace_object_properties_int` (`aceObjectId`, `intPropertyId`, `propertyValue`)
VALUES (999, 1, 128);

INSERT INTO `ace_object_properties_int` (`aceObjectId`, `intPropertyId`, `propertyValue`)
VALUES (999, 5, 9000);

INSERT INTO `ace_object_properties_int` (`aceObjectId`, `intPropertyId`, `propertyValue`)
VALUES (999, 16, 1);

INSERT INTO `ace_object_properties_int` (`aceObjectId`, `intPropertyId`, `propertyValue`)
VALUES (999, 19, 125);

INSERT INTO `ace_object_properties_int` (`aceObjectId`, `intPropertyId`, `propertyValue`)
VALUES (999, 93, 24);

INSERT INTO `ace_object_texture_map_change` (`aceObjectId`, `index`, `oldId`, `newId`)
VALUES (999, 0, 83892071, 83892188);

INSERT INTO `ace_object_animation_change` (`aceObjectId`, `index`, `animationId`)
VALUES (999, 0, 16783205);

INSERT INTO ace_weenie_class (`weenieClassId`, `weenieClassDescription`)
VALUES (1003, 'samsurpubsign');

INSERT INTO `ace_object` (`aceObjectId`, `aceObjectDescriptionFlags`, `weenieClassId`, `weenieHeaderFlags`, `iconId`, `iconOverlayId`, `iconUnderlayId`, `modelTableId`, `soundTableId`, `motionTableId`, `currentMotionState`, `animationFrameId`, `physicsTableId`, `physicsDescriptionFlag`, `spellId`, `playScript`, `defaultScript`)
VALUES (1003, 2097176, 1003, 20, 100668115, NULL, NULL, 33555909, NULL, NULL, NULL, NULL, NULL, 32769, NULL, NULL, NULL);

INSERT INTO `ace_object_properties_string` (`aceObjectId`, `strPropertyId`, `propertyValue`)
VALUES (1003, 1, 'The Golden Vine');

INSERT INTO `ace_object_properties_int` (`aceObjectId`, `intPropertyId`, `propertyValue`)
VALUES (1003, 1, 128);

INSERT INTO `ace_object_properties_int` (`aceObjectId`, `intPropertyId`, `propertyValue`)
VALUES (1003, 5, 9000);

INSERT INTO `ace_object_properties_int` (`aceObjectId`, `intPropertyId`, `propertyValue`)
VALUES (1003, 16, 1);

INSERT INTO `ace_object_properties_int` (`aceObjectId`, `intPropertyId`, `propertyValue`)
VALUES (1003, 19, 125);

INSERT INTO `ace_object_properties_int` (`aceObjectId`, `intPropertyId`, `propertyValue`)
VALUES (1003, 93, 24);

INSERT INTO `ace_object_texture_map_change` (`aceObjectId`, `index`, `oldId`, `newId`)
VALUES (1003, 0, 83892071, 83892183);

INSERT INTO `ace_object_animation_change` (`aceObjectId`, `index`, `animationId`)
VALUES (1003, 0, 16783205);

INSERT INTO ace_weenie_class (`weenieClassId`, `weenieClassDescription`)
VALUES (805, 'mayoiscribesign');

INSERT INTO `ace_object` (`aceObjectId`, `aceObjectDescriptionFlags`, `weenieClassId`, `weenieHeaderFlags`, `iconId`, `iconOverlayId`, `iconUnderlayId`, `modelTableId`, `soundTableId`, `motionTableId`, `currentMotionState`, `animationFrameId`, `physicsTableId`, `physicsDescriptionFlag`, `spellId`, `playScript`, `defaultScript`)
VALUES (805, 2097176, 805, 20, 100668115, NULL, NULL, 33555088, NULL, NULL, NULL, 101, NULL, 163841, NULL, NULL, NULL);

INSERT INTO `ace_object_properties_string` (`aceObjectId`, `strPropertyId`, `propertyValue`)
VALUES (805, 1, 'Zhen''s Tower');

INSERT INTO `ace_object_properties_int` (`aceObjectId`, `intPropertyId`, `propertyValue`)
VALUES (805, 1, 128);

INSERT INTO `ace_object_properties_int` (`aceObjectId`, `intPropertyId`, `propertyValue`)
VALUES (805, 5, 9000);

INSERT INTO `ace_object_properties_int` (`aceObjectId`, `intPropertyId`, `propertyValue`)
VALUES (805, 16, 1);

INSERT INTO `ace_object_properties_int` (`aceObjectId`, `intPropertyId`, `propertyValue`)
VALUES (805, 19, 125);

INSERT INTO `ace_object_properties_int` (`aceObjectId`, `intPropertyId`, `propertyValue`)
VALUES (805, 93, 1048);

INSERT INTO `ace_object_texture_map_change` (`aceObjectId`, `index`, `oldId`, `newId`)
VALUES (805, 0, 83891055, 83889857);

INSERT INTO `ace_object_animation_change` (`aceObjectId`, `index`, `animationId`)
VALUES (805, 0, 16780409);

INSERT INTO ace_weenie_class (`weenieClassId`, `weenieClassDescription`)
VALUES (6871, 'ayanbaqurweaponsmithsign');

INSERT INTO `ace_object` (`aceObjectId`, `aceObjectDescriptionFlags`, `weenieClassId`, `weenieHeaderFlags`, `iconId`, `iconOverlayId`, `iconUnderlayId`, `modelTableId`, `soundTableId`, `motionTableId`, `currentMotionState`, `animationFrameId`, `physicsTableId`, `physicsDescriptionFlag`, `spellId`, `playScript`, `defaultScript`)
VALUES (6871, 2097176, 6871, 20, 100668115, NULL, NULL, 33555909, NULL, NULL, NULL, NULL, NULL, 32769, NULL, NULL, NULL);

INSERT INTO `ace_object_properties_string` (`aceObjectId`, `strPropertyId`, `propertyValue`)
VALUES (6871, 1, 'The Whispering Sword');

INSERT INTO `ace_object_properties_int` (`aceObjectId`, `intPropertyId`, `propertyValue`)
VALUES (6871, 1, 128);

INSERT INTO `ace_object_properties_int` (`aceObjectId`, `intPropertyId`, `propertyValue`)
VALUES (6871, 5, 9000);

INSERT INTO `ace_object_properties_int` (`aceObjectId`, `intPropertyId`, `propertyValue`)
VALUES (6871, 16, 1);

INSERT INTO `ace_object_properties_int` (`aceObjectId`, `intPropertyId`, `propertyValue`)
VALUES (6871, 19, 125);

INSERT INTO `ace_object_properties_int` (`aceObjectId`, `intPropertyId`, `propertyValue`)
VALUES (6871, 93, 24);

INSERT INTO `ace_object_texture_map_change` (`aceObjectId`, `index`, `oldId`, `newId`)
VALUES (6871, 0, 83892071, 83892180);

INSERT INTO `ace_object_animation_change` (`aceObjectId`, `index`, `animationId`)
VALUES (6871, 0, 16783205);

INSERT INTO ace_weenie_class (`weenieClassId`, `weenieClassDescription`)
VALUES (6867, 'ayanbaqurbowyersign');

INSERT INTO `ace_object` (`aceObjectId`, `aceObjectDescriptionFlags`, `weenieClassId`, `weenieHeaderFlags`, `iconId`, `iconOverlayId`, `iconUnderlayId`, `modelTableId`, `soundTableId`, `motionTableId`, `currentMotionState`, `animationFrameId`, `physicsTableId`, `physicsDescriptionFlag`, `spellId`, `playScript`, `defaultScript`)
VALUES (6867, 2097176, 6867, 20, 100668115, NULL, NULL, 33555909, NULL, NULL, NULL, NULL, NULL, 32769, NULL, NULL, NULL);

INSERT INTO `ace_object_properties_string` (`aceObjectId`, `strPropertyId`, `propertyValue`)
VALUES (6867, 1, 'The Old Campaigner''s Bows');

INSERT INTO `ace_object_properties_int` (`aceObjectId`, `intPropertyId`, `propertyValue`)
VALUES (6867, 1, 128);

INSERT INTO `ace_object_properties_int` (`aceObjectId`, `intPropertyId`, `propertyValue`)
VALUES (6867, 5, 9000);

INSERT INTO `ace_object_properties_int` (`aceObjectId`, `intPropertyId`, `propertyValue`)
VALUES (6867, 16, 1);

INSERT INTO `ace_object_properties_int` (`aceObjectId`, `intPropertyId`, `propertyValue`)
VALUES (6867, 19, 125);

INSERT INTO `ace_object_properties_int` (`aceObjectId`, `intPropertyId`, `propertyValue`)
VALUES (6867, 93, 24);

INSERT INTO `ace_object_texture_map_change` (`aceObjectId`, `index`, `oldId`, `newId`)
VALUES (6867, 0, 83892071, 83892188);

INSERT INTO `ace_object_animation_change` (`aceObjectId`, `index`, `animationId`)
VALUES (6867, 0, 16783205);

INSERT INTO ace_weenie_class (`weenieClassId`, `weenieClassDescription`)
VALUES (6868, 'ayanbaqurhealersign');

INSERT INTO `ace_object` (`aceObjectId`, `aceObjectDescriptionFlags`, `weenieClassId`, `weenieHeaderFlags`, `iconId`, `iconOverlayId`, `iconUnderlayId`, `modelTableId`, `soundTableId`, `motionTableId`, `currentMotionState`, `animationFrameId`, `physicsTableId`, `physicsDescriptionFlag`, `spellId`, `playScript`, `defaultScript`)
VALUES (6868, 2097176, 6868, 20, 100668115, NULL, NULL, 33555909, NULL, NULL, NULL, NULL, NULL, 32769, NULL, NULL, NULL);

INSERT INTO `ace_object_properties_string` (`aceObjectId`, `strPropertyId`, `propertyValue`)
VALUES (6868, 1, 'The Secluded Sanctuary');

INSERT INTO `ace_object_properties_int` (`aceObjectId`, `intPropertyId`, `propertyValue`)
VALUES (6868, 1, 128);

INSERT INTO `ace_object_properties_int` (`aceObjectId`, `intPropertyId`, `propertyValue`)
VALUES (6868, 5, 9000);

INSERT INTO `ace_object_properties_int` (`aceObjectId`, `intPropertyId`, `propertyValue`)
VALUES (6868, 16, 1);

INSERT INTO `ace_object_properties_int` (`aceObjectId`, `intPropertyId`, `propertyValue`)
VALUES (6868, 19, 125);

INSERT INTO `ace_object_properties_int` (`aceObjectId`, `intPropertyId`, `propertyValue`)
VALUES (6868, 93, 24);

INSERT INTO `ace_object_texture_map_change` (`aceObjectId`, `index`, `oldId`, `newId`)
VALUES (6868, 0, 83892071, 83892186);

INSERT INTO `ace_object_animation_change` (`aceObjectId`, `index`, `animationId`)
VALUES (6868, 0, 16783205);

INSERT INTO ace_weenie_class (`weenieClassId`, `weenieClassDescription`)
VALUES (6869, 'ayanbaqurjewelersign');

INSERT INTO `ace_object` (`aceObjectId`, `aceObjectDescriptionFlags`, `weenieClassId`, `weenieHeaderFlags`, `iconId`, `iconOverlayId`, `iconUnderlayId`, `modelTableId`, `soundTableId`, `motionTableId`, `currentMotionState`, `animationFrameId`, `physicsTableId`, `physicsDescriptionFlag`, `spellId`, `playScript`, `defaultScript`)
VALUES (6869, 2097176, 6869, 20, 100668115, NULL, NULL, 33555909, NULL, NULL, NULL, NULL, NULL, 32769, NULL, NULL, NULL);

INSERT INTO `ace_object_properties_string` (`aceObjectId`, `strPropertyId`, `propertyValue`)
VALUES (6869, 1, 'Jewel of the Desert');

INSERT INTO `ace_object_properties_int` (`aceObjectId`, `intPropertyId`, `propertyValue`)
VALUES (6869, 1, 128);

INSERT INTO `ace_object_properties_int` (`aceObjectId`, `intPropertyId`, `propertyValue`)
VALUES (6869, 5, 9000);

INSERT INTO `ace_object_properties_int` (`aceObjectId`, `intPropertyId`, `propertyValue`)
VALUES (6869, 16, 1);

INSERT INTO `ace_object_properties_int` (`aceObjectId`, `intPropertyId`, `propertyValue`)
VALUES (6869, 19, 125);

INSERT INTO `ace_object_properties_int` (`aceObjectId`, `intPropertyId`, `propertyValue`)
VALUES (6869, 93, 24);

INSERT INTO `ace_object_texture_map_change` (`aceObjectId`, `index`, `oldId`, `newId`)
VALUES (6869, 0, 83892071, 83892185);

INSERT INTO `ace_object_animation_change` (`aceObjectId`, `index`, `animationId`)
VALUES (6869, 0, 16783205);

INSERT INTO ace_weenie_class (`weenieClassId`, `weenieClassDescription`)
VALUES (6870, 'ayanbaqurtavernsign');

INSERT INTO `ace_object` (`aceObjectId`, `aceObjectDescriptionFlags`, `weenieClassId`, `weenieHeaderFlags`, `iconId`, `iconOverlayId`, `iconUnderlayId`, `modelTableId`, `soundTableId`, `motionTableId`, `currentMotionState`, `animationFrameId`, `physicsTableId`, `physicsDescriptionFlag`, `spellId`, `playScript`, `defaultScript`)
VALUES (6870, 2097176, 6870, 20, 100668115, NULL, NULL, 33555909, NULL, NULL, NULL, NULL, NULL, 32769, NULL, NULL, NULL);

INSERT INTO `ace_object_properties_string` (`aceObjectId`, `strPropertyId`, `propertyValue`)
VALUES (6870, 1, 'The Smoking Axe Tavern');

INSERT INTO `ace_object_properties_int` (`aceObjectId`, `intPropertyId`, `propertyValue`)
VALUES (6870, 1, 128);

INSERT INTO `ace_object_properties_int` (`aceObjectId`, `intPropertyId`, `propertyValue`)
VALUES (6870, 5, 9000);

INSERT INTO `ace_object_properties_int` (`aceObjectId`, `intPropertyId`, `propertyValue`)
VALUES (6870, 16, 1);

INSERT INTO `ace_object_properties_int` (`aceObjectId`, `intPropertyId`, `propertyValue`)
VALUES (6870, 19, 125);

INSERT INTO `ace_object_properties_int` (`aceObjectId`, `intPropertyId`, `propertyValue`)
VALUES (6870, 93, 24);

INSERT INTO `ace_object_texture_map_change` (`aceObjectId`, `index`, `oldId`, `newId`)
VALUES (6870, 0, 83892071, 83892183);

INSERT INTO `ace_object_animation_change` (`aceObjectId`, `index`, `animationId`)
VALUES (6870, 0, 16783205);

INSERT INTO ace_weenie_class (`weenieClassId`, `weenieClassDescription`)
VALUES (6866, 'ayanbaqurarchmagesign');

INSERT INTO `ace_object` (`aceObjectId`, `aceObjectDescriptionFlags`, `weenieClassId`, `weenieHeaderFlags`, `iconId`, `iconOverlayId`, `iconUnderlayId`, `modelTableId`, `soundTableId`, `motionTableId`, `currentMotionState`, `animationFrameId`, `physicsTableId`, `physicsDescriptionFlag`, `spellId`, `playScript`, `defaultScript`)
VALUES (6866, 2097176, 6866, 20, 100668115, NULL, NULL, 33555909, NULL, NULL, NULL, NULL, NULL, 32769, NULL, NULL, NULL);

INSERT INTO `ace_object_properties_string` (`aceObjectId`, `strPropertyId`, `propertyValue`)
VALUES (6866, 1, 'A Human Archmage');

INSERT INTO `ace_object_properties_int` (`aceObjectId`, `intPropertyId`, `propertyValue`)
VALUES (6866, 1, 128);

INSERT INTO `ace_object_properties_int` (`aceObjectId`, `intPropertyId`, `propertyValue`)
VALUES (6866, 5, 9000);

INSERT INTO `ace_object_properties_int` (`aceObjectId`, `intPropertyId`, `propertyValue`)
VALUES (6866, 16, 1);

INSERT INTO `ace_object_properties_int` (`aceObjectId`, `intPropertyId`, `propertyValue`)
VALUES (6866, 19, 125);

INSERT INTO `ace_object_properties_int` (`aceObjectId`, `intPropertyId`, `propertyValue`)
VALUES (6866, 93, 24);

INSERT INTO `ace_object_texture_map_change` (`aceObjectId`, `index`, `oldId`, `newId`)
VALUES (6866, 0, 83892071, 83892184);

INSERT INTO `ace_object_animation_change` (`aceObjectId`, `index`, `animationId`)
VALUES (6866, 0, 16783205);

INSERT INTO ace_weenie_class (`weenieClassId`, `weenieClassDescription`)
VALUES (1212, 'warningsign');

INSERT INTO `ace_object` (`aceObjectId`, `aceObjectDescriptionFlags`, `weenieClassId`, `weenieHeaderFlags`, `iconId`, `iconOverlayId`, `iconUnderlayId`, `modelTableId`, `soundTableId`, `motionTableId`, `currentMotionState`, `animationFrameId`, `physicsTableId`, `physicsDescriptionFlag`, `spellId`, `playScript`, `defaultScript`)
VALUES (1212, 2097176, 1212, 20, 100668115, NULL, NULL, 33555088, NULL, NULL, NULL, 101, NULL, 163841, NULL, NULL, NULL);

INSERT INTO `ace_object_properties_string` (`aceObjectId`, `strPropertyId`, `propertyValue`)
VALUES (1212, 1, 'Old Sign');

INSERT INTO `ace_object_properties_int` (`aceObjectId`, `intPropertyId`, `propertyValue`)
VALUES (1212, 1, 128);

INSERT INTO `ace_object_properties_int` (`aceObjectId`, `intPropertyId`, `propertyValue`)
VALUES (1212, 5, 9000);

INSERT INTO `ace_object_properties_int` (`aceObjectId`, `intPropertyId`, `propertyValue`)
VALUES (1212, 16, 1);

INSERT INTO `ace_object_properties_int` (`aceObjectId`, `intPropertyId`, `propertyValue`)
VALUES (1212, 19, 125);

INSERT INTO `ace_object_properties_int` (`aceObjectId`, `intPropertyId`, `propertyValue`)
VALUES (1212, 93, 1048);

INSERT INTO ace_weenie_class (`weenieClassId`, `weenieClassDescription`)
VALUES (1213, 'warningsign2');

INSERT INTO `ace_object` (`aceObjectId`, `aceObjectDescriptionFlags`, `weenieClassId`, `weenieHeaderFlags`, `iconId`, `iconOverlayId`, `iconUnderlayId`, `modelTableId`, `soundTableId`, `motionTableId`, `currentMotionState`, `animationFrameId`, `physicsTableId`, `physicsDescriptionFlag`, `spellId`, `playScript`, `defaultScript`)
VALUES (1213, 2097176, 1213, 20, 100668115, NULL, NULL, 33555088, NULL, NULL, NULL, 101, NULL, 163841, NULL, NULL, NULL);

INSERT INTO `ace_object_properties_string` (`aceObjectId`, `strPropertyId`, `propertyValue`)
VALUES (1213, 1, 'Tattered Sign');

INSERT INTO `ace_object_properties_int` (`aceObjectId`, `intPropertyId`, `propertyValue`)
VALUES (1213, 1, 128);

INSERT INTO `ace_object_properties_int` (`aceObjectId`, `intPropertyId`, `propertyValue`)
VALUES (1213, 5, 9000);

INSERT INTO `ace_object_properties_int` (`aceObjectId`, `intPropertyId`, `propertyValue`)
VALUES (1213, 16, 1);

INSERT INTO `ace_object_properties_int` (`aceObjectId`, `intPropertyId`, `propertyValue`)
VALUES (1213, 19, 125);

INSERT INTO `ace_object_properties_int` (`aceObjectId`, `intPropertyId`, `propertyValue`)
VALUES (1213, 93, 1048);

INSERT INTO ace_weenie_class (`weenieClassId`, `weenieClassDescription`)
VALUES (1214, 'warningsign3');

INSERT INTO `ace_object` (`aceObjectId`, `aceObjectDescriptionFlags`, `weenieClassId`, `weenieHeaderFlags`, `iconId`, `iconOverlayId`, `iconUnderlayId`, `modelTableId`, `soundTableId`, `motionTableId`, `currentMotionState`, `animationFrameId`, `physicsTableId`, `physicsDescriptionFlag`, `spellId`, `playScript`, `defaultScript`)
VALUES (1214, 2097176, 1214, 20, 100668115, NULL, NULL, 33555088, NULL, NULL, NULL, 101, NULL, 163841, NULL, NULL, NULL);

INSERT INTO `ace_object_properties_string` (`aceObjectId`, `strPropertyId`, `propertyValue`)
VALUES (1214, 1, 'Dusty Sign');

INSERT INTO `ace_object_properties_int` (`aceObjectId`, `intPropertyId`, `propertyValue`)
VALUES (1214, 1, 128);

INSERT INTO `ace_object_properties_int` (`aceObjectId`, `intPropertyId`, `propertyValue`)
VALUES (1214, 5, 9000);

INSERT INTO `ace_object_properties_int` (`aceObjectId`, `intPropertyId`, `propertyValue`)
VALUES (1214, 16, 1);

INSERT INTO `ace_object_properties_int` (`aceObjectId`, `intPropertyId`, `propertyValue`)
VALUES (1214, 19, 125);

INSERT INTO `ace_object_properties_int` (`aceObjectId`, `intPropertyId`, `propertyValue`)
VALUES (1214, 93, 1048);

INSERT INTO ace_weenie_class (`weenieClassId`, `weenieClassDescription`)
VALUES (1216, 'warningsign4');

INSERT INTO `ace_object` (`aceObjectId`, `aceObjectDescriptionFlags`, `weenieClassId`, `weenieHeaderFlags`, `iconId`, `iconOverlayId`, `iconUnderlayId`, `modelTableId`, `soundTableId`, `motionTableId`, `currentMotionState`, `animationFrameId`, `physicsTableId`, `physicsDescriptionFlag`, `spellId`, `playScript`, `defaultScript`)
VALUES (1216, 2097176, 1216, 20, 100668115, NULL, NULL, 33555088, NULL, NULL, NULL, 101, NULL, 163841, NULL, NULL, NULL);

INSERT INTO `ace_object_properties_string` (`aceObjectId`, `strPropertyId`, `propertyValue`)
VALUES (1216, 1, 'Broken Sign');

INSERT INTO `ace_object_properties_int` (`aceObjectId`, `intPropertyId`, `propertyValue`)
VALUES (1216, 1, 128);

INSERT INTO `ace_object_properties_int` (`aceObjectId`, `intPropertyId`, `propertyValue`)
VALUES (1216, 5, 9000);

INSERT INTO `ace_object_properties_int` (`aceObjectId`, `intPropertyId`, `propertyValue`)
VALUES (1216, 16, 1);

INSERT INTO `ace_object_properties_int` (`aceObjectId`, `intPropertyId`, `propertyValue`)
VALUES (1216, 19, 125);

INSERT INTO `ace_object_properties_int` (`aceObjectId`, `intPropertyId`, `propertyValue`)
VALUES (1216, 93, 1048);

INSERT INTO ace_weenie_class (`weenieClassId`, `weenieClassDescription`)
VALUES (5080, 'yanshinorthoutpostsign');

INSERT INTO `ace_object` (`aceObjectId`, `aceObjectDescriptionFlags`, `weenieClassId`, `weenieHeaderFlags`, `iconId`, `iconOverlayId`, `iconUnderlayId`, `modelTableId`, `soundTableId`, `motionTableId`, `currentMotionState`, `animationFrameId`, `physicsTableId`, `physicsDescriptionFlag`, `spellId`, `playScript`, `defaultScript`)
VALUES (5080, 2097176, 5080, 20, 100668115, NULL, NULL, 33555088, NULL, NULL, NULL, 101, NULL, 163841, NULL, NULL, NULL);

INSERT INTO `ace_object_properties_string` (`aceObjectId`, `strPropertyId`, `propertyValue`)
VALUES (5080, 1, 'North Yanshi Outpost');

INSERT INTO `ace_object_properties_int` (`aceObjectId`, `intPropertyId`, `propertyValue`)
VALUES (5080, 1, 128);

INSERT INTO `ace_object_properties_int` (`aceObjectId`, `intPropertyId`, `propertyValue`)
VALUES (5080, 5, 9000);

INSERT INTO `ace_object_properties_int` (`aceObjectId`, `intPropertyId`, `propertyValue`)
VALUES (5080, 16, 1);

INSERT INTO `ace_object_properties_int` (`aceObjectId`, `intPropertyId`, `propertyValue`)
VALUES (5080, 19, 125);

INSERT INTO `ace_object_properties_int` (`aceObjectId`, `intPropertyId`, `propertyValue`)
VALUES (5080, 93, 24);

INSERT INTO ace_weenie_class (`weenieClassId`, `weenieClassDescription`)
VALUES (1269, 'banditcastleprisonsign');

INSERT INTO `ace_object` (`aceObjectId`, `aceObjectDescriptionFlags`, `weenieClassId`, `weenieHeaderFlags`, `iconId`, `iconOverlayId`, `iconUnderlayId`, `modelTableId`, `soundTableId`, `motionTableId`, `currentMotionState`, `animationFrameId`, `physicsTableId`, `physicsDescriptionFlag`, `spellId`, `playScript`, `defaultScript`)
VALUES (1269, 2097176, 1269, 20, 100668115, NULL, NULL, 33555088, NULL, NULL, NULL, 101, NULL, 163841, NULL, NULL, NULL);

INSERT INTO `ace_object_properties_string` (`aceObjectId`, `strPropertyId`, `propertyValue`)
VALUES (1269, 1, 'Bandit Castle Prison Sign');

INSERT INTO `ace_object_properties_int` (`aceObjectId`, `intPropertyId`, `propertyValue`)
VALUES (1269, 1, 128);

INSERT INTO `ace_object_properties_int` (`aceObjectId`, `intPropertyId`, `propertyValue`)
VALUES (1269, 5, 9000);

INSERT INTO `ace_object_properties_int` (`aceObjectId`, `intPropertyId`, `propertyValue`)
VALUES (1269, 16, 1);

INSERT INTO `ace_object_properties_int` (`aceObjectId`, `intPropertyId`, `propertyValue`)
VALUES (1269, 19, 125);

INSERT INTO `ace_object_properties_int` (`aceObjectId`, `intPropertyId`, `propertyValue`)
VALUES (1269, 93, 1048);

INSERT INTO ace_weenie_class (`weenieClassId`, `weenieClassDescription`)
VALUES (5069, 'holtburgwestoutpostsign');

INSERT INTO `ace_object` (`aceObjectId`, `aceObjectDescriptionFlags`, `weenieClassId`, `weenieHeaderFlags`, `iconId`, `iconOverlayId`, `iconUnderlayId`, `modelTableId`, `soundTableId`, `motionTableId`, `currentMotionState`, `animationFrameId`, `physicsTableId`, `physicsDescriptionFlag`, `spellId`, `playScript`, `defaultScript`)
VALUES (5069, 2097176, 5069, 20, 100668115, NULL, NULL, 33555088, NULL, NULL, NULL, 101, NULL, 163841, NULL, NULL, NULL);

INSERT INTO `ace_object_properties_string` (`aceObjectId`, `strPropertyId`, `propertyValue`)
VALUES (5069, 1, 'West Holtburg Outpost');

INSERT INTO `ace_object_properties_int` (`aceObjectId`, `intPropertyId`, `propertyValue`)
VALUES (5069, 1, 128);

INSERT INTO `ace_object_properties_int` (`aceObjectId`, `intPropertyId`, `propertyValue`)
VALUES (5069, 5, 9000);

INSERT INTO `ace_object_properties_int` (`aceObjectId`, `intPropertyId`, `propertyValue`)
VALUES (5069, 16, 1);

INSERT INTO `ace_object_properties_int` (`aceObjectId`, `intPropertyId`, `propertyValue`)
VALUES (5069, 19, 125);

INSERT INTO `ace_object_properties_int` (`aceObjectId`, `intPropertyId`, `propertyValue`)
VALUES (5069, 93, 24);

INSERT INTO ace_weenie_class (`weenieClassId`, `weenieClassDescription`)
VALUES (4113, 'ratwarningsign');

INSERT INTO `ace_object` (`aceObjectId`, `aceObjectDescriptionFlags`, `weenieClassId`, `weenieHeaderFlags`, `iconId`, `iconOverlayId`, `iconUnderlayId`, `modelTableId`, `soundTableId`, `motionTableId`, `currentMotionState`, `animationFrameId`, `physicsTableId`, `physicsDescriptionFlag`, `spellId`, `playScript`, `defaultScript`)
VALUES (4113, 2097176, 4113, 20, 100668115, NULL, NULL, 33555088, NULL, NULL, NULL, 101, NULL, 163845, NULL, NULL, NULL);

INSERT INTO `ace_object_properties_string` (`aceObjectId`, `strPropertyId`, `propertyValue`)
VALUES (4113, 1, 'Warning Sign');

INSERT INTO `ace_object_properties_int` (`aceObjectId`, `intPropertyId`, `propertyValue`)
VALUES (4113, 1, 128);

INSERT INTO `ace_object_properties_int` (`aceObjectId`, `intPropertyId`, `propertyValue`)
VALUES (4113, 5, 9000);

INSERT INTO `ace_object_properties_int` (`aceObjectId`, `intPropertyId`, `propertyValue`)
VALUES (4113, 16, 1);

INSERT INTO `ace_object_properties_int` (`aceObjectId`, `intPropertyId`, `propertyValue`)
VALUES (4113, 19, 130);

INSERT INTO `ace_object_properties_int` (`aceObjectId`, `intPropertyId`, `propertyValue`)
VALUES (4113, 93, 1048);

INSERT INTO ace_weenie_class (`weenieClassId`, `weenieClassDescription`)
VALUES (5077, 'samsurnorthwestoutpostsign');

INSERT INTO `ace_object` (`aceObjectId`, `aceObjectDescriptionFlags`, `weenieClassId`, `weenieHeaderFlags`, `iconId`, `iconOverlayId`, `iconUnderlayId`, `modelTableId`, `soundTableId`, `motionTableId`, `currentMotionState`, `animationFrameId`, `physicsTableId`, `physicsDescriptionFlag`, `spellId`, `playScript`, `defaultScript`)
VALUES (5077, 2097176, 5077, 20, 100668115, NULL, NULL, 33555088, NULL, NULL, NULL, 101, NULL, 163841, NULL, NULL, NULL);

INSERT INTO `ace_object_properties_string` (`aceObjectId`, `strPropertyId`, `propertyValue`)
VALUES (5077, 1, 'Northwest Samsur Outpost');

INSERT INTO `ace_object_properties_int` (`aceObjectId`, `intPropertyId`, `propertyValue`)
VALUES (5077, 1, 128);

INSERT INTO `ace_object_properties_int` (`aceObjectId`, `intPropertyId`, `propertyValue`)
VALUES (5077, 5, 9000);

INSERT INTO `ace_object_properties_int` (`aceObjectId`, `intPropertyId`, `propertyValue`)
VALUES (5077, 16, 1);

INSERT INTO `ace_object_properties_int` (`aceObjectId`, `intPropertyId`, `propertyValue`)
VALUES (5077, 19, 125);

INSERT INTO `ace_object_properties_int` (`aceObjectId`, `intPropertyId`, `propertyValue`)
VALUES (5077, 93, 24);

INSERT INTO ace_weenie_class (`weenieClassId`, `weenieClassDescription`)
VALUES (5076, 'samsureastoutpostsign');

INSERT INTO `ace_object` (`aceObjectId`, `aceObjectDescriptionFlags`, `weenieClassId`, `weenieHeaderFlags`, `iconId`, `iconOverlayId`, `iconUnderlayId`, `modelTableId`, `soundTableId`, `motionTableId`, `currentMotionState`, `animationFrameId`, `physicsTableId`, `physicsDescriptionFlag`, `spellId`, `playScript`, `defaultScript`)
VALUES (5076, 2097176, 5076, 20, 100668115, NULL, NULL, 33555088, NULL, NULL, NULL, 101, NULL, 163841, NULL, NULL, NULL);

INSERT INTO `ace_object_properties_string` (`aceObjectId`, `strPropertyId`, `propertyValue`)
VALUES (5076, 1, 'East Samsur Outpost');

INSERT INTO `ace_object_properties_int` (`aceObjectId`, `intPropertyId`, `propertyValue`)
VALUES (5076, 1, 128);

INSERT INTO `ace_object_properties_int` (`aceObjectId`, `intPropertyId`, `propertyValue`)
VALUES (5076, 5, 9000);

INSERT INTO `ace_object_properties_int` (`aceObjectId`, `intPropertyId`, `propertyValue`)
VALUES (5076, 16, 1);

INSERT INTO `ace_object_properties_int` (`aceObjectId`, `intPropertyId`, `propertyValue`)
VALUES (5076, 19, 125);

INSERT INTO `ace_object_properties_int` (`aceObjectId`, `intPropertyId`, `propertyValue`)
VALUES (5076, 93, 24);

INSERT INTO ace_weenie_class (`weenieClassId`, `weenieClassDescription`)
VALUES (5073, 'nantonorthoutpostsign');

INSERT INTO `ace_object` (`aceObjectId`, `aceObjectDescriptionFlags`, `weenieClassId`, `weenieHeaderFlags`, `iconId`, `iconOverlayId`, `iconUnderlayId`, `modelTableId`, `soundTableId`, `motionTableId`, `currentMotionState`, `animationFrameId`, `physicsTableId`, `physicsDescriptionFlag`, `spellId`, `playScript`, `defaultScript`)
VALUES (5073, 2097176, 5073, 20, 100668115, NULL, NULL, 33555088, NULL, NULL, NULL, 101, NULL, 163841, NULL, NULL, NULL);

INSERT INTO `ace_object_properties_string` (`aceObjectId`, `strPropertyId`, `propertyValue`)
VALUES (5073, 1, 'North Nanto Outpost');

INSERT INTO `ace_object_properties_int` (`aceObjectId`, `intPropertyId`, `propertyValue`)
VALUES (5073, 1, 128);

INSERT INTO `ace_object_properties_int` (`aceObjectId`, `intPropertyId`, `propertyValue`)
VALUES (5073, 5, 9000);

INSERT INTO `ace_object_properties_int` (`aceObjectId`, `intPropertyId`, `propertyValue`)
VALUES (5073, 16, 1);

INSERT INTO `ace_object_properties_int` (`aceObjectId`, `intPropertyId`, `propertyValue`)
VALUES (5073, 19, 125);

INSERT INTO `ace_object_properties_int` (`aceObjectId`, `intPropertyId`, `propertyValue`)
VALUES (5073, 93, 24);

INSERT INTO ace_weenie_class (`weenieClassId`, `weenieClassDescription`)
VALUES (5078, 'shoushisoutheastoutpostsign');

INSERT INTO `ace_object` (`aceObjectId`, `aceObjectDescriptionFlags`, `weenieClassId`, `weenieHeaderFlags`, `iconId`, `iconOverlayId`, `iconUnderlayId`, `modelTableId`, `soundTableId`, `motionTableId`, `currentMotionState`, `animationFrameId`, `physicsTableId`, `physicsDescriptionFlag`, `spellId`, `playScript`, `defaultScript`)
VALUES (5078, 2097176, 5078, 20, 100668115, NULL, NULL, 33555088, NULL, NULL, NULL, 101, NULL, 163841, NULL, NULL, NULL);

INSERT INTO `ace_object_properties_string` (`aceObjectId`, `strPropertyId`, `propertyValue`)
VALUES (5078, 1, 'Southeast Shoushi Outpost');

INSERT INTO `ace_object_properties_int` (`aceObjectId`, `intPropertyId`, `propertyValue`)
VALUES (5078, 1, 128);

INSERT INTO `ace_object_properties_int` (`aceObjectId`, `intPropertyId`, `propertyValue`)
VALUES (5078, 5, 9000);

INSERT INTO `ace_object_properties_int` (`aceObjectId`, `intPropertyId`, `propertyValue`)
VALUES (5078, 16, 1);

INSERT INTO `ace_object_properties_int` (`aceObjectId`, `intPropertyId`, `propertyValue`)
VALUES (5078, 19, 125);

INSERT INTO `ace_object_properties_int` (`aceObjectId`, `intPropertyId`, `propertyValue`)
VALUES (5078, 93, 24);

INSERT INTO ace_weenie_class (`weenieClassId`, `weenieClassDescription`)
VALUES (5070, 'lytelthorpeeastoutpostsign');

INSERT INTO `ace_object` (`aceObjectId`, `aceObjectDescriptionFlags`, `weenieClassId`, `weenieHeaderFlags`, `iconId`, `iconOverlayId`, `iconUnderlayId`, `modelTableId`, `soundTableId`, `motionTableId`, `currentMotionState`, `animationFrameId`, `physicsTableId`, `physicsDescriptionFlag`, `spellId`, `playScript`, `defaultScript`)
VALUES (5070, 2097176, 5070, 20, 100668115, NULL, NULL, 33555088, NULL, NULL, NULL, 101, NULL, 163841, NULL, NULL, NULL);

INSERT INTO `ace_object_properties_string` (`aceObjectId`, `strPropertyId`, `propertyValue`)
VALUES (5070, 1, 'East Lytelthorpe Outpost');

INSERT INTO `ace_object_properties_int` (`aceObjectId`, `intPropertyId`, `propertyValue`)
VALUES (5070, 1, 128);

INSERT INTO `ace_object_properties_int` (`aceObjectId`, `intPropertyId`, `propertyValue`)
VALUES (5070, 5, 9000);

INSERT INTO `ace_object_properties_int` (`aceObjectId`, `intPropertyId`, `propertyValue`)
VALUES (5070, 16, 1);

INSERT INTO `ace_object_properties_int` (`aceObjectId`, `intPropertyId`, `propertyValue`)
VALUES (5070, 19, 125);

INSERT INTO `ace_object_properties_int` (`aceObjectId`, `intPropertyId`, `propertyValue`)
VALUES (5070, 93, 24);

INSERT INTO ace_weenie_class (`weenieClassId`, `weenieClassDescription`)
VALUES (5071, 'lytelthorpewestoutpostsign');

INSERT INTO `ace_object` (`aceObjectId`, `aceObjectDescriptionFlags`, `weenieClassId`, `weenieHeaderFlags`, `iconId`, `iconOverlayId`, `iconUnderlayId`, `modelTableId`, `soundTableId`, `motionTableId`, `currentMotionState`, `animationFrameId`, `physicsTableId`, `physicsDescriptionFlag`, `spellId`, `playScript`, `defaultScript`)
VALUES (5071, 2097176, 5071, 20, 100668115, NULL, NULL, 33555088, NULL, NULL, NULL, 101, NULL, 163841, NULL, NULL, NULL);

INSERT INTO `ace_object_properties_string` (`aceObjectId`, `strPropertyId`, `propertyValue`)
VALUES (5071, 1, 'West Lytelthorpe Outpost');

INSERT INTO `ace_object_properties_int` (`aceObjectId`, `intPropertyId`, `propertyValue`)
VALUES (5071, 1, 128);

INSERT INTO `ace_object_properties_int` (`aceObjectId`, `intPropertyId`, `propertyValue`)
VALUES (5071, 5, 9000);

INSERT INTO `ace_object_properties_int` (`aceObjectId`, `intPropertyId`, `propertyValue`)
VALUES (5071, 16, 1);

INSERT INTO `ace_object_properties_int` (`aceObjectId`, `intPropertyId`, `propertyValue`)
VALUES (5071, 19, 125);

INSERT INTO `ace_object_properties_int` (`aceObjectId`, `intPropertyId`, `propertyValue`)
VALUES (5071, 93, 24);

INSERT INTO ace_weenie_class (`weenieClassId`, `weenieClassDescription`)
VALUES (5673, 'lethesign');

INSERT INTO `ace_object` (`aceObjectId`, `aceObjectDescriptionFlags`, `weenieClassId`, `weenieHeaderFlags`, `iconId`, `iconOverlayId`, `iconUnderlayId`, `modelTableId`, `soundTableId`, `motionTableId`, `currentMotionState`, `animationFrameId`, `physicsTableId`, `physicsDescriptionFlag`, `spellId`, `playScript`, `defaultScript`)
VALUES (5673, 2097176, 5673, 20, 100668115, NULL, NULL, 33555088, NULL, NULL, NULL, 101, NULL, 163841, NULL, NULL, NULL);

INSERT INTO `ace_object_properties_string` (`aceObjectId`, `strPropertyId`, `propertyValue`)
VALUES (5673, 1, 'Charred Sign');

INSERT INTO `ace_object_properties_int` (`aceObjectId`, `intPropertyId`, `propertyValue`)
VALUES (5673, 1, 128);

INSERT INTO `ace_object_properties_int` (`aceObjectId`, `intPropertyId`, `propertyValue`)
VALUES (5673, 5, 9000);

INSERT INTO `ace_object_properties_int` (`aceObjectId`, `intPropertyId`, `propertyValue`)
VALUES (5673, 16, 1);

INSERT INTO `ace_object_properties_int` (`aceObjectId`, `intPropertyId`, `propertyValue`)
VALUES (5673, 19, 125);

INSERT INTO `ace_object_properties_int` (`aceObjectId`, `intPropertyId`, `propertyValue`)
VALUES (5673, 93, 1048);

INSERT INTO ace_weenie_class (`weenieClassId`, `weenieClassDescription`)
VALUES (8597, 'froretimmysign');

INSERT INTO `ace_object` (`aceObjectId`, `aceObjectDescriptionFlags`, `weenieClassId`, `weenieHeaderFlags`, `iconId`, `iconOverlayId`, `iconUnderlayId`, `modelTableId`, `soundTableId`, `motionTableId`, `currentMotionState`, `animationFrameId`, `physicsTableId`, `physicsDescriptionFlag`, `spellId`, `playScript`, `defaultScript`)
VALUES (8597, 2097176, 8597, 20, 100668115, NULL, NULL, 33555088, NULL, NULL, NULL, 101, NULL, 163841, NULL, NULL, NULL);

INSERT INTO `ace_object_properties_string` (`aceObjectId`, `strPropertyId`, `propertyValue`)
VALUES (8597, 1, 'Dereth Exploration Society Notice');

INSERT INTO `ace_object_properties_int` (`aceObjectId`, `intPropertyId`, `propertyValue`)
VALUES (8597, 1, 128);

INSERT INTO `ace_object_properties_int` (`aceObjectId`, `intPropertyId`, `propertyValue`)
VALUES (8597, 5, 9000);

INSERT INTO `ace_object_properties_int` (`aceObjectId`, `intPropertyId`, `propertyValue`)
VALUES (8597, 16, 1);

INSERT INTO `ace_object_properties_int` (`aceObjectId`, `intPropertyId`, `propertyValue`)
VALUES (8597, 19, 125);

INSERT INTO `ace_object_properties_int` (`aceObjectId`, `intPropertyId`, `propertyValue`)
VALUES (8597, 93, 1048);

INSERT INTO ace_weenie_class (`weenieClassId`, `weenieClassDescription`)
VALUES (4505, 'lintavernsign');

INSERT INTO `ace_object` (`aceObjectId`, `aceObjectDescriptionFlags`, `weenieClassId`, `weenieHeaderFlags`, `iconId`, `iconOverlayId`, `iconUnderlayId`, `modelTableId`, `soundTableId`, `motionTableId`, `currentMotionState`, `animationFrameId`, `physicsTableId`, `physicsDescriptionFlag`, `spellId`, `playScript`, `defaultScript`)
VALUES (4505, 2097176, 4505, 20, 100668115, NULL, NULL, 33555594, NULL, NULL, NULL, NULL, NULL, 32773, NULL, NULL, NULL);

INSERT INTO `ace_object_properties_string` (`aceObjectId`, `strPropertyId`, `propertyValue`)
VALUES (4505, 1, 'The Pine and Fir');

INSERT INTO `ace_object_properties_int` (`aceObjectId`, `intPropertyId`, `propertyValue`)
VALUES (4505, 1, 128);

INSERT INTO `ace_object_properties_int` (`aceObjectId`, `intPropertyId`, `propertyValue`)
VALUES (4505, 5, 9000);

INSERT INTO `ace_object_properties_int` (`aceObjectId`, `intPropertyId`, `propertyValue`)
VALUES (4505, 16, 1);

INSERT INTO `ace_object_properties_int` (`aceObjectId`, `intPropertyId`, `propertyValue`)
VALUES (4505, 19, 125);

INSERT INTO `ace_object_properties_int` (`aceObjectId`, `intPropertyId`, `propertyValue`)
VALUES (4505, 93, 66584);

INSERT INTO `ace_object_texture_map_change` (`aceObjectId`, `index`, `oldId`, `newId`)
VALUES (4505, 0, 83891180, 83891184);

INSERT INTO `ace_object_animation_change` (`aceObjectId`, `index`, `animationId`)
VALUES (4505, 0, 16782236);

INSERT INTO ace_weenie_class (`weenieClassId`, `weenieClassDescription`)
VALUES (5042, 'redoubtsign');

INSERT INTO `ace_object` (`aceObjectId`, `aceObjectDescriptionFlags`, `weenieClassId`, `weenieHeaderFlags`, `iconId`, `iconOverlayId`, `iconUnderlayId`, `modelTableId`, `soundTableId`, `motionTableId`, `currentMotionState`, `animationFrameId`, `physicsTableId`, `physicsDescriptionFlag`, `spellId`, `playScript`, `defaultScript`)
VALUES (5042, 2097176, 5042, 20, 100668115, NULL, NULL, 33555088, NULL, NULL, NULL, 101, NULL, 163841, NULL, NULL, NULL);

INSERT INTO `ace_object_properties_string` (`aceObjectId`, `strPropertyId`, `propertyValue`)
VALUES (5042, 1, 'Historical Marker');

INSERT INTO `ace_object_properties_int` (`aceObjectId`, `intPropertyId`, `propertyValue`)
VALUES (5042, 1, 128);

INSERT INTO `ace_object_properties_int` (`aceObjectId`, `intPropertyId`, `propertyValue`)
VALUES (5042, 5, 9000);

INSERT INTO `ace_object_properties_int` (`aceObjectId`, `intPropertyId`, `propertyValue`)
VALUES (5042, 16, 1);

INSERT INTO `ace_object_properties_int` (`aceObjectId`, `intPropertyId`, `propertyValue`)
VALUES (5042, 19, 125);

INSERT INTO `ace_object_properties_int` (`aceObjectId`, `intPropertyId`, `propertyValue`)
VALUES (5042, 93, 1048);

INSERT INTO ace_weenie_class (`weenieClassId`, `weenieClassDescription`)
VALUES (5082, 'yaraqeastoutpostsign');

INSERT INTO `ace_object` (`aceObjectId`, `aceObjectDescriptionFlags`, `weenieClassId`, `weenieHeaderFlags`, `iconId`, `iconOverlayId`, `iconUnderlayId`, `modelTableId`, `soundTableId`, `motionTableId`, `currentMotionState`, `animationFrameId`, `physicsTableId`, `physicsDescriptionFlag`, `spellId`, `playScript`, `defaultScript`)
VALUES (5082, 2097176, 5082, 20, 100668115, NULL, NULL, 33555088, NULL, NULL, NULL, 101, NULL, 163841, NULL, NULL, NULL);

INSERT INTO `ace_object_properties_string` (`aceObjectId`, `strPropertyId`, `propertyValue`)
VALUES (5082, 1, 'East Yaraq Outpost');

INSERT INTO `ace_object_properties_int` (`aceObjectId`, `intPropertyId`, `propertyValue`)
VALUES (5082, 1, 128);

INSERT INTO `ace_object_properties_int` (`aceObjectId`, `intPropertyId`, `propertyValue`)
VALUES (5082, 5, 9000);

INSERT INTO `ace_object_properties_int` (`aceObjectId`, `intPropertyId`, `propertyValue`)
VALUES (5082, 16, 1);

INSERT INTO `ace_object_properties_int` (`aceObjectId`, `intPropertyId`, `propertyValue`)
VALUES (5082, 19, 125);

INSERT INTO `ace_object_properties_int` (`aceObjectId`, `intPropertyId`, `propertyValue`)
VALUES (5082, 93, 24);

INSERT INTO ace_weenie_class (`weenieClassId`, `weenieClassDescription`)
VALUES (5067, 'alarqaswestoutpostsign');

INSERT INTO `ace_object` (`aceObjectId`, `aceObjectDescriptionFlags`, `weenieClassId`, `weenieHeaderFlags`, `iconId`, `iconOverlayId`, `iconUnderlayId`, `modelTableId`, `soundTableId`, `motionTableId`, `currentMotionState`, `animationFrameId`, `physicsTableId`, `physicsDescriptionFlag`, `spellId`, `playScript`, `defaultScript`)
VALUES (5067, 2097176, 5067, 20, 100668115, NULL, NULL, 33555088, NULL, NULL, NULL, 101, NULL, 163841, NULL, NULL, NULL);

INSERT INTO `ace_object_properties_string` (`aceObjectId`, `strPropertyId`, `propertyValue`)
VALUES (5067, 1, 'West Al-Arqas Outpost');

INSERT INTO `ace_object_properties_int` (`aceObjectId`, `intPropertyId`, `propertyValue`)
VALUES (5067, 1, 128);

INSERT INTO `ace_object_properties_int` (`aceObjectId`, `intPropertyId`, `propertyValue`)
VALUES (5067, 5, 9000);

INSERT INTO `ace_object_properties_int` (`aceObjectId`, `intPropertyId`, `propertyValue`)
VALUES (5067, 16, 1);

INSERT INTO `ace_object_properties_int` (`aceObjectId`, `intPropertyId`, `propertyValue`)
VALUES (5067, 19, 125);

INSERT INTO `ace_object_properties_int` (`aceObjectId`, `intPropertyId`, `propertyValue`)
VALUES (5067, 93, 24);

INSERT INTO ace_weenie_class (`weenieClassId`, `weenieClassDescription`)
VALUES (5083, 'yaraqnorthoutpostsign');

INSERT INTO `ace_object` (`aceObjectId`, `aceObjectDescriptionFlags`, `weenieClassId`, `weenieHeaderFlags`, `iconId`, `iconOverlayId`, `iconUnderlayId`, `modelTableId`, `soundTableId`, `motionTableId`, `currentMotionState`, `animationFrameId`, `physicsTableId`, `physicsDescriptionFlag`, `spellId`, `playScript`, `defaultScript`)
VALUES (5083, 2097176, 5083, 20, 100668115, NULL, NULL, 33555088, NULL, NULL, NULL, 101, NULL, 163841, NULL, NULL, NULL);

INSERT INTO `ace_object_properties_string` (`aceObjectId`, `strPropertyId`, `propertyValue`)
VALUES (5083, 1, 'North Yaraq Outpost');

INSERT INTO `ace_object_properties_int` (`aceObjectId`, `intPropertyId`, `propertyValue`)
VALUES (5083, 1, 128);

INSERT INTO `ace_object_properties_int` (`aceObjectId`, `intPropertyId`, `propertyValue`)
VALUES (5083, 5, 9000);

INSERT INTO `ace_object_properties_int` (`aceObjectId`, `intPropertyId`, `propertyValue`)
VALUES (5083, 16, 1);

INSERT INTO `ace_object_properties_int` (`aceObjectId`, `intPropertyId`, `propertyValue`)
VALUES (5083, 19, 125);

INSERT INTO `ace_object_properties_int` (`aceObjectId`, `intPropertyId`, `propertyValue`)
VALUES (5083, 93, 24);

INSERT INTO ace_weenie_class (`weenieClassId`, `weenieClassDescription`)
VALUES (5081, 'yanshisouthoutpostsign');

INSERT INTO `ace_object` (`aceObjectId`, `aceObjectDescriptionFlags`, `weenieClassId`, `weenieHeaderFlags`, `iconId`, `iconOverlayId`, `iconUnderlayId`, `modelTableId`, `soundTableId`, `motionTableId`, `currentMotionState`, `animationFrameId`, `physicsTableId`, `physicsDescriptionFlag`, `spellId`, `playScript`, `defaultScript`)
VALUES (5081, 2097176, 5081, 20, 100668115, NULL, NULL, 33555088, NULL, NULL, NULL, 101, NULL, 163841, NULL, NULL, NULL);

INSERT INTO `ace_object_properties_string` (`aceObjectId`, `strPropertyId`, `propertyValue`)
VALUES (5081, 1, 'South Yanshi Outpost');

INSERT INTO `ace_object_properties_int` (`aceObjectId`, `intPropertyId`, `propertyValue`)
VALUES (5081, 1, 128);

INSERT INTO `ace_object_properties_int` (`aceObjectId`, `intPropertyId`, `propertyValue`)
VALUES (5081, 5, 9000);

INSERT INTO `ace_object_properties_int` (`aceObjectId`, `intPropertyId`, `propertyValue`)
VALUES (5081, 16, 1);

INSERT INTO `ace_object_properties_int` (`aceObjectId`, `intPropertyId`, `propertyValue`)
VALUES (5081, 19, 125);

INSERT INTO `ace_object_properties_int` (`aceObjectId`, `intPropertyId`, `propertyValue`)
VALUES (5081, 93, 24);

INSERT INTO ace_weenie_class (`weenieClassId`, `weenieClassDescription`)
VALUES (5072, 'nantoeastoutpostsign');

INSERT INTO `ace_object` (`aceObjectId`, `aceObjectDescriptionFlags`, `weenieClassId`, `weenieHeaderFlags`, `iconId`, `iconOverlayId`, `iconUnderlayId`, `modelTableId`, `soundTableId`, `motionTableId`, `currentMotionState`, `animationFrameId`, `physicsTableId`, `physicsDescriptionFlag`, `spellId`, `playScript`, `defaultScript`)
VALUES (5072, 2097176, 5072, 20, 100668115, NULL, NULL, 33555088, NULL, NULL, NULL, 101, NULL, 163841, NULL, NULL, NULL);

INSERT INTO `ace_object_properties_string` (`aceObjectId`, `strPropertyId`, `propertyValue`)
VALUES (5072, 1, 'East Nanto Outpost');

INSERT INTO `ace_object_properties_int` (`aceObjectId`, `intPropertyId`, `propertyValue`)
VALUES (5072, 1, 128);

INSERT INTO `ace_object_properties_int` (`aceObjectId`, `intPropertyId`, `propertyValue`)
VALUES (5072, 5, 9000);

INSERT INTO `ace_object_properties_int` (`aceObjectId`, `intPropertyId`, `propertyValue`)
VALUES (5072, 16, 1);

INSERT INTO `ace_object_properties_int` (`aceObjectId`, `intPropertyId`, `propertyValue`)
VALUES (5072, 19, 125);

INSERT INTO `ace_object_properties_int` (`aceObjectId`, `intPropertyId`, `propertyValue`)
VALUES (5072, 93, 24);

INSERT INTO ace_weenie_class (`weenieClassId`, `weenieClassDescription`)
VALUES (20644, 'precarioussojournwarningsign');

INSERT INTO `ace_object` (`aceObjectId`, `aceObjectDescriptionFlags`, `weenieClassId`, `weenieHeaderFlags`, `iconId`, `iconOverlayId`, `iconUnderlayId`, `modelTableId`, `soundTableId`, `motionTableId`, `currentMotionState`, `animationFrameId`, `physicsTableId`, `physicsDescriptionFlag`, `spellId`, `playScript`, `defaultScript`)
VALUES (20644, 2097176, 20644, 20, 100668115, NULL, NULL, 33555088, NULL, NULL, NULL, 101, NULL, 163841, NULL, NULL, NULL);

INSERT INTO `ace_object_properties_string` (`aceObjectId`, `strPropertyId`, `propertyValue`)
VALUES (20644, 1, 'Warning');

INSERT INTO `ace_object_properties_int` (`aceObjectId`, `intPropertyId`, `propertyValue`)
VALUES (20644, 1, 128);

INSERT INTO `ace_object_properties_int` (`aceObjectId`, `intPropertyId`, `propertyValue`)
VALUES (20644, 5, 9000);

INSERT INTO `ace_object_properties_int` (`aceObjectId`, `intPropertyId`, `propertyValue`)
VALUES (20644, 16, 1);

INSERT INTO `ace_object_properties_int` (`aceObjectId`, `intPropertyId`, `propertyValue`)
VALUES (20644, 19, 125);

INSERT INTO `ace_object_properties_int` (`aceObjectId`, `intPropertyId`, `propertyValue`)
VALUES (20644, 93, 1048);

INSERT INTO ace_weenie_class (`weenieClassId`, `weenieClassDescription`)
VALUES (4892, 'distillerysign');

INSERT INTO `ace_object` (`aceObjectId`, `aceObjectDescriptionFlags`, `weenieClassId`, `weenieHeaderFlags`, `iconId`, `iconOverlayId`, `iconUnderlayId`, `modelTableId`, `soundTableId`, `motionTableId`, `currentMotionState`, `animationFrameId`, `physicsTableId`, `physicsDescriptionFlag`, `spellId`, `playScript`, `defaultScript`)
VALUES (4892, 2097176, 4892, 20, 100668115, NULL, NULL, 33555088, NULL, NULL, NULL, 101, NULL, 163841, NULL, NULL, NULL);

INSERT INTO `ace_object_properties_string` (`aceObjectId`, `strPropertyId`, `propertyValue`)
VALUES (4892, 1, 'Note from Aleval');

INSERT INTO `ace_object_properties_int` (`aceObjectId`, `intPropertyId`, `propertyValue`)
VALUES (4892, 1, 128);

INSERT INTO `ace_object_properties_int` (`aceObjectId`, `intPropertyId`, `propertyValue`)
VALUES (4892, 5, 9000);

INSERT INTO `ace_object_properties_int` (`aceObjectId`, `intPropertyId`, `propertyValue`)
VALUES (4892, 16, 1);

INSERT INTO `ace_object_properties_int` (`aceObjectId`, `intPropertyId`, `propertyValue`)
VALUES (4892, 19, 125);

INSERT INTO `ace_object_properties_int` (`aceObjectId`, `intPropertyId`, `propertyValue`)
VALUES (4892, 93, 1048);

INSERT INTO ace_weenie_class (`weenieClassId`, `weenieClassDescription`)
VALUES (5066, 'alarqasnorthoutpostsign');

INSERT INTO `ace_object` (`aceObjectId`, `aceObjectDescriptionFlags`, `weenieClassId`, `weenieHeaderFlags`, `iconId`, `iconOverlayId`, `iconUnderlayId`, `modelTableId`, `soundTableId`, `motionTableId`, `currentMotionState`, `animationFrameId`, `physicsTableId`, `physicsDescriptionFlag`, `spellId`, `playScript`, `defaultScript`)
VALUES (5066, 2097176, 5066, 20, 100668115, NULL, NULL, 33555088, NULL, NULL, NULL, 101, NULL, 163841, NULL, NULL, NULL);

INSERT INTO `ace_object_properties_string` (`aceObjectId`, `strPropertyId`, `propertyValue`)
VALUES (5066, 1, 'Al-Arqas North Outpost ');

INSERT INTO `ace_object_properties_int` (`aceObjectId`, `intPropertyId`, `propertyValue`)
VALUES (5066, 1, 128);

INSERT INTO `ace_object_properties_int` (`aceObjectId`, `intPropertyId`, `propertyValue`)
VALUES (5066, 5, 9000);

INSERT INTO `ace_object_properties_int` (`aceObjectId`, `intPropertyId`, `propertyValue`)
VALUES (5066, 16, 1);

INSERT INTO `ace_object_properties_int` (`aceObjectId`, `intPropertyId`, `propertyValue`)
VALUES (5066, 19, 125);

INSERT INTO `ace_object_properties_int` (`aceObjectId`, `intPropertyId`, `propertyValue`)
VALUES (5066, 93, 24);

