INSERT INTO ace_weenie_class (`weenieClassId`, `weenieClassDescription`)
VALUES (43065, 'ace43065-portaltotownnetwork');

INSERT INTO `ace_object` (`aceObjectId`, `aceObjectDescriptionFlags`, `weenieClassId`, `weenieHeaderFlags`, `iconId`, `iconOverlayId`, `iconUnderlayId`, `modelTableId`, `soundTableId`, `motionTableId`, `currentMotionState`, `animationFrameId`, `physicsTableId`, `physicsDescriptionFlag`, `spellId`, `playScript`, `defaultScript`)
VALUES (43065, 8388656, 43065, 262164, 100667499, NULL, NULL, 33554867, NULL, 150994947, 'AAA9AAAAAAA=', NULL, NULL, 98307, NULL, NULL, NULL);

INSERT INTO `ace_object_properties_string` (`aceObjectId`, `strPropertyId`, `propertyValue`)
VALUES (43065, 1, 'Portal to Town Network');

INSERT INTO `ace_object_properties_int` (`aceObjectId`, `intPropertyId`, `propertyValue`)
VALUES (43065, 1, 65536)
     , (43065, 133, 4)
     , (43065, 16, 32)
     , (43065, 93, 3084);

INSERT INTO `ace_object_properties_double` (`aceObjectId`, `dblPropertyId`, `propertyValue`)
VALUES (43065, 54, -0.1);

INSERT INTO `ace_object_properties_bool` (`aceObjectId`, `boolPropertyId`, `propertyValue`)
VALUES (43065, 13, True)
     , (43065, 12, True)
     , (43065, 14, True)
     , (43065, 15, True);

INSERT INTO ace_weenie_class (`weenieClassId`, `weenieClassDescription`)
VALUES (43067, 'ace43067-portaltotownnetwork');

INSERT INTO `ace_object` (`aceObjectId`, `aceObjectDescriptionFlags`, `weenieClassId`, `weenieHeaderFlags`, `iconId`, `iconOverlayId`, `iconUnderlayId`, `modelTableId`, `soundTableId`, `motionTableId`, `currentMotionState`, `animationFrameId`, `physicsTableId`, `physicsDescriptionFlag`, `spellId`, `playScript`, `defaultScript`)
VALUES (43067, 8388656, 43067, 262164, 100667499, NULL, NULL, 33554867, NULL, 150994947, 'AAA9AAAAAAA=', NULL, NULL, 98307, NULL, NULL, NULL);

INSERT INTO `ace_object_properties_string` (`aceObjectId`, `strPropertyId`, `propertyValue`)
VALUES (43067, 1, 'Portal to Town Network');

INSERT INTO `ace_object_properties_int` (`aceObjectId`, `intPropertyId`, `propertyValue`)
VALUES (43067, 1, 65536)
     , (43067, 133, 4)
     , (43067, 16, 32)
     , (43067, 93, 3084);

INSERT INTO `ace_object_properties_double` (`aceObjectId`, `dblPropertyId`, `propertyValue`)
VALUES (43067, 54, -0.1);

INSERT INTO `ace_object_properties_bool` (`aceObjectId`, `boolPropertyId`, `propertyValue`)
VALUES (43067, 13, True)
     , (43067, 12, True)
     , (43067, 14, True)
     , (43067, 15, True);

INSERT INTO ace_weenie_class (`weenieClassId`, `weenieClassDescription`)
VALUES (42852, 'ace42852-portaltotownnetwork');

INSERT INTO `ace_object` (`aceObjectId`, `aceObjectDescriptionFlags`, `weenieClassId`, `weenieHeaderFlags`, `iconId`, `iconOverlayId`, `iconUnderlayId`, `modelTableId`, `soundTableId`, `motionTableId`, `currentMotionState`, `animationFrameId`, `physicsTableId`, `physicsDescriptionFlag`, `spellId`, `playScript`, `defaultScript`)
VALUES (42852, 8388656, 42852, 262164, 100667499, NULL, NULL, 33554867, NULL, 150994947, 'AAA9AAAAAAA=', NULL, NULL, 98307, NULL, NULL, NULL);

INSERT INTO `ace_object_properties_string` (`aceObjectId`, `strPropertyId`, `propertyValue`)
VALUES (42852, 1, 'Portal to Town Network');

INSERT INTO `ace_object_properties_int` (`aceObjectId`, `intPropertyId`, `propertyValue`)
VALUES (42852, 1, 65536)
     , (42852, 133, 4)
     , (42852, 16, 32)
     , (42852, 93, 3084);

INSERT INTO `ace_object_properties_double` (`aceObjectId`, `dblPropertyId`, `propertyValue`)
VALUES (42852, 54, -0.1);

INSERT INTO `ace_object_properties_bool` (`aceObjectId`, `boolPropertyId`, `propertyValue`)
VALUES (42852, 13, True)
     , (42852, 12, True)
     , (42852, 14, True)
     , (42852, 15, True);

INSERT INTO ace_weenie_class (`weenieClassId`, `weenieClassDescription`)
VALUES (43066, 'ace43066-portaltotownnetwork');

INSERT INTO `ace_object` (`aceObjectId`, `aceObjectDescriptionFlags`, `weenieClassId`, `weenieHeaderFlags`, `iconId`, `iconOverlayId`, `iconUnderlayId`, `modelTableId`, `soundTableId`, `motionTableId`, `currentMotionState`, `animationFrameId`, `physicsTableId`, `physicsDescriptionFlag`, `spellId`, `playScript`, `defaultScript`)
VALUES (43066, 8388656, 43066, 262164, 100667499, NULL, NULL, 33554867, NULL, 150994947, 'AAA9AAAAAAA=', NULL, NULL, 98307, NULL, NULL, NULL);

INSERT INTO `ace_object_properties_string` (`aceObjectId`, `strPropertyId`, `propertyValue`)
VALUES (43066, 1, 'Portal to Town Network');

INSERT INTO `ace_object_properties_int` (`aceObjectId`, `intPropertyId`, `propertyValue`)
VALUES (43066, 1, 65536)
     , (43066, 133, 4)
     , (43066, 16, 32)
     , (43066, 93, 3084);

INSERT INTO `ace_object_properties_double` (`aceObjectId`, `dblPropertyId`, `propertyValue`)
VALUES (43066, 54, -0.1);

INSERT INTO `ace_object_properties_bool` (`aceObjectId`, `boolPropertyId`, `propertyValue`)
VALUES (43066, 13, True)
     , (43066, 12, True)
     , (43066, 14, True)
     , (43066, 15, True);

