INSERT INTO ace_weenie_class (`weenieClassId`, `weenieClassDescription`)
VALUES (8328, 'peascarabiron');

INSERT INTO `ace_object` (`aceObjectId`, `aceObjectDescriptionFlags`, `weenieClassId`, `weenieHeaderFlags`, `iconId`, `iconOverlayId`, `iconUnderlayId`, `modelTableId`, `soundTableId`, `motionTableId`, `currentMotionState`, `animationFrameId`, `physicsTableId`, `physicsDescriptionFlag`, `spellId`, `playScript`, `defaultScript`)
VALUES (8328, 2125848, 8328, 16, 100671082, NULL, NULL, 33555211, 536870932, NULL, NULL, 101, 872415275, 137345, NULL, NULL, NULL);

INSERT INTO `ace_object_properties_string` (`aceObjectId`, `strPropertyId`, `propertyValue`)
VALUES (8328, 1, 'Iron Pea');

INSERT INTO `ace_object_properties_int` (`aceObjectId`, `intPropertyId`, `propertyValue`)
VALUES (8328, 1, 4096);

INSERT INTO `ace_object_properties_int` (`aceObjectId`, `intPropertyId`, `propertyValue`)
VALUES (8328, 3, 67111919);

INSERT INTO `ace_object_properties_int` (`aceObjectId`, `intPropertyId`, `propertyValue`)
VALUES (8328, 5, 20);

INSERT INTO `ace_object_properties_int` (`aceObjectId`, `intPropertyId`, `propertyValue`)
VALUES (8328, 11, 100);

INSERT INTO `ace_object_properties_int` (`aceObjectId`, `intPropertyId`, `propertyValue`)
VALUES (8328, 12, 2);

INSERT INTO `ace_object_properties_int` (`aceObjectId`, `intPropertyId`, `propertyValue`)
VALUES (8328, 16, 1);

INSERT INTO `ace_object_properties_int` (`aceObjectId`, `intPropertyId`, `propertyValue`)
VALUES (8328, 19, 5000);

INSERT INTO `ace_object_properties_double` (`aceObjectId`, `dblPropertyId`, `propertyValue`)
VALUES (8328, 39, 0.33);

INSERT INTO `ace_object_properties_int` (`aceObjectId`, `intPropertyId`, `propertyValue`)
VALUES (8328, 93, 1044);

INSERT INTO `ace_object_properties_bool` (`aceObjectId`, `boolPropertyId`, `propertyValue`)
VALUES (8328, 13, True);

INSERT INTO `ace_object_properties_bool` (`aceObjectId`, `boolPropertyId`, `propertyValue`)
VALUES (8328, 11, True);

INSERT INTO `ace_object_properties_bool` (`aceObjectId`, `boolPropertyId`, `propertyValue`)
VALUES (8328, 14, True);

INSERT INTO `ace_object_palette_change` (`aceObjectId`, `subPaletteId`, `offset`, `length`)
VALUES (8328, 67111927, 0, 0);

INSERT INTO `ace_object_texture_map_change` (`aceObjectId`, `index`, `oldId`, `newId`)
VALUES (8328, 0, 83890047, 83890047);

INSERT INTO `ace_object_animation_change` (`aceObjectId`, `index`, `animationId`)
VALUES (8328, 0, 16780734);

INSERT INTO ace_weenie_class (`weenieClassId`, `weenieClassDescription`)
VALUES (689, 'scarabiron');

INSERT INTO `ace_object` (`aceObjectId`, `aceObjectDescriptionFlags`, `weenieClassId`, `weenieHeaderFlags`, `iconId`, `iconOverlayId`, `iconUnderlayId`, `modelTableId`, `soundTableId`, `motionTableId`, `currentMotionState`, `animationFrameId`, `physicsTableId`, `physicsDescriptionFlag`, `spellId`, `playScript`, `defaultScript`)
VALUES (689, 270561304, 689, 16, 100668390, NULL, NULL, 33555211, 536870932, NULL, NULL, 101, 872415275, 137217, NULL, NULL, NULL);

INSERT INTO `ace_object_properties_string` (`aceObjectId`, `strPropertyId`, `propertyValue`)
VALUES (689, 1, 'Iron Scarab');

INSERT INTO `ace_object_properties_int` (`aceObjectId`, `intPropertyId`, `propertyValue`)
VALUES (689, 1, 4096);

INSERT INTO `ace_object_properties_int` (`aceObjectId`, `intPropertyId`, `propertyValue`)
VALUES (689, 3, 67111919);

INSERT INTO `ace_object_properties_int` (`aceObjectId`, `intPropertyId`, `propertyValue`)
VALUES (689, 5, 120);

INSERT INTO `ace_object_properties_int` (`aceObjectId`, `intPropertyId`, `propertyValue`)
VALUES (689, 151, 2);

INSERT INTO `ace_object_properties_int` (`aceObjectId`, `intPropertyId`, `propertyValue`)
VALUES (689, 11, 100);

INSERT INTO `ace_object_properties_int` (`aceObjectId`, `intPropertyId`, `propertyValue`)
VALUES (689, 12, 30);

INSERT INTO `ace_object_properties_int` (`aceObjectId`, `intPropertyId`, `propertyValue`)
VALUES (689, 16, 1);

INSERT INTO `ace_object_properties_int` (`aceObjectId`, `intPropertyId`, `propertyValue`)
VALUES (689, 19, 1500);

INSERT INTO `ace_object_properties_int` (`aceObjectId`, `intPropertyId`, `propertyValue`)
VALUES (689, 93, 1044);

INSERT INTO `ace_object_properties_bool` (`aceObjectId`, `boolPropertyId`, `propertyValue`)
VALUES (689, 13, True);

INSERT INTO `ace_object_properties_bool` (`aceObjectId`, `boolPropertyId`, `propertyValue`)
VALUES (689, 11, True);

INSERT INTO `ace_object_properties_bool` (`aceObjectId`, `boolPropertyId`, `propertyValue`)
VALUES (689, 14, True);

INSERT INTO `ace_object_palette_change` (`aceObjectId`, `subPaletteId`, `offset`, `length`)
VALUES (689, 67111927, 0, 0);

INSERT INTO `ace_object_texture_map_change` (`aceObjectId`, `index`, `oldId`, `newId`)
VALUES (689, 0, 83890047, 83890047);

INSERT INTO `ace_object_animation_change` (`aceObjectId`, `index`, `animationId`)
VALUES (689, 0, 16780734);

INSERT INTO ace_weenie_class (`weenieClassId`, `weenieClassDescription`)
VALUES (690, 'scarabpyreal');

INSERT INTO `ace_object` (`aceObjectId`, `aceObjectDescriptionFlags`, `weenieClassId`, `weenieHeaderFlags`, `iconId`, `iconOverlayId`, `iconUnderlayId`, `modelTableId`, `soundTableId`, `motionTableId`, `currentMotionState`, `animationFrameId`, `physicsTableId`, `physicsDescriptionFlag`, `spellId`, `playScript`, `defaultScript`)
VALUES (690, 270561304, 690, 16, 100668392, NULL, NULL, 33555211, 536870932, NULL, NULL, 101, 872415275, 137217, NULL, NULL, NULL);

INSERT INTO `ace_object_properties_string` (`aceObjectId`, `strPropertyId`, `propertyValue`)
VALUES (690, 1, 'Pyreal Scarab');

INSERT INTO `ace_object_properties_int` (`aceObjectId`, `intPropertyId`, `propertyValue`)
VALUES (690, 1, 4096);

INSERT INTO `ace_object_properties_int` (`aceObjectId`, `intPropertyId`, `propertyValue`)
VALUES (690, 3, 67111919);

INSERT INTO `ace_object_properties_int` (`aceObjectId`, `intPropertyId`, `propertyValue`)
VALUES (690, 5, 80);

INSERT INTO `ace_object_properties_int` (`aceObjectId`, `intPropertyId`, `propertyValue`)
VALUES (690, 151, 2);

INSERT INTO `ace_object_properties_int` (`aceObjectId`, `intPropertyId`, `propertyValue`)
VALUES (690, 11, 100);

INSERT INTO `ace_object_properties_int` (`aceObjectId`, `intPropertyId`, `propertyValue`)
VALUES (690, 12, 20);

INSERT INTO `ace_object_properties_int` (`aceObjectId`, `intPropertyId`, `propertyValue`)
VALUES (690, 16, 1);

INSERT INTO `ace_object_properties_int` (`aceObjectId`, `intPropertyId`, `propertyValue`)
VALUES (690, 19, 20000);

INSERT INTO `ace_object_properties_int` (`aceObjectId`, `intPropertyId`, `propertyValue`)
VALUES (690, 93, 1044);

INSERT INTO `ace_object_properties_bool` (`aceObjectId`, `boolPropertyId`, `propertyValue`)
VALUES (690, 13, True);

INSERT INTO `ace_object_properties_bool` (`aceObjectId`, `boolPropertyId`, `propertyValue`)
VALUES (690, 11, True);

INSERT INTO `ace_object_properties_bool` (`aceObjectId`, `boolPropertyId`, `propertyValue`)
VALUES (690, 14, True);

INSERT INTO `ace_object_palette_change` (`aceObjectId`, `subPaletteId`, `offset`, `length`)
VALUES (690, 67111921, 0, 0);

INSERT INTO `ace_object_texture_map_change` (`aceObjectId`, `index`, `oldId`, `newId`)
VALUES (690, 0, 83890047, 83890047);

INSERT INTO `ace_object_animation_change` (`aceObjectId`, `index`, `animationId`)
VALUES (690, 0, 16780734);

INSERT INTO ace_weenie_class (`weenieClassId`, `weenieClassDescription`)
VALUES (8331, 'peascarabsilver');

INSERT INTO `ace_object` (`aceObjectId`, `aceObjectDescriptionFlags`, `weenieClassId`, `weenieHeaderFlags`, `iconId`, `iconOverlayId`, `iconUnderlayId`, `modelTableId`, `soundTableId`, `motionTableId`, `currentMotionState`, `animationFrameId`, `physicsTableId`, `physicsDescriptionFlag`, `spellId`, `playScript`, `defaultScript`)
VALUES (8331, 2125848, 8331, 16, 100671085, NULL, NULL, 33555211, 536870932, NULL, NULL, 101, 872415275, 137345, NULL, NULL, NULL);

INSERT INTO `ace_object_properties_string` (`aceObjectId`, `strPropertyId`, `propertyValue`)
VALUES (8331, 1, 'Silver Pea');

INSERT INTO `ace_object_properties_int` (`aceObjectId`, `intPropertyId`, `propertyValue`)
VALUES (8331, 1, 4096);

INSERT INTO `ace_object_properties_int` (`aceObjectId`, `intPropertyId`, `propertyValue`)
VALUES (8331, 3, 67111919);

INSERT INTO `ace_object_properties_int` (`aceObjectId`, `intPropertyId`, `propertyValue`)
VALUES (8331, 5, 870);

INSERT INTO `ace_object_properties_int` (`aceObjectId`, `intPropertyId`, `propertyValue`)
VALUES (8331, 11, 100);

INSERT INTO `ace_object_properties_int` (`aceObjectId`, `intPropertyId`, `propertyValue`)
VALUES (8331, 12, 87);

INSERT INTO `ace_object_properties_int` (`aceObjectId`, `intPropertyId`, `propertyValue`)
VALUES (8331, 16, 1);

INSERT INTO `ace_object_properties_int` (`aceObjectId`, `intPropertyId`, `propertyValue`)
VALUES (8331, 19, 1087500);

INSERT INTO `ace_object_properties_double` (`aceObjectId`, `dblPropertyId`, `propertyValue`)
VALUES (8331, 39, 0.33);

INSERT INTO `ace_object_properties_int` (`aceObjectId`, `intPropertyId`, `propertyValue`)
VALUES (8331, 93, 1044);

INSERT INTO `ace_object_properties_bool` (`aceObjectId`, `boolPropertyId`, `propertyValue`)
VALUES (8331, 13, True);

INSERT INTO `ace_object_properties_bool` (`aceObjectId`, `boolPropertyId`, `propertyValue`)
VALUES (8331, 11, True);

INSERT INTO `ace_object_properties_bool` (`aceObjectId`, `boolPropertyId`, `propertyValue`)
VALUES (8331, 14, True);

INSERT INTO `ace_object_palette_change` (`aceObjectId`, `subPaletteId`, `offset`, `length`)
VALUES (8331, 67111922, 0, 0);

INSERT INTO `ace_object_texture_map_change` (`aceObjectId`, `index`, `oldId`, `newId`)
VALUES (8331, 0, 83890047, 83890047);

INSERT INTO `ace_object_animation_change` (`aceObjectId`, `index`, `animationId`)
VALUES (8331, 0, 16780734);

INSERT INTO ace_weenie_class (`weenieClassId`, `weenieClassDescription`)
VALUES (686, 'scarabcopper');

INSERT INTO `ace_object` (`aceObjectId`, `aceObjectDescriptionFlags`, `weenieClassId`, `weenieHeaderFlags`, `iconId`, `iconOverlayId`, `iconUnderlayId`, `modelTableId`, `soundTableId`, `motionTableId`, `currentMotionState`, `animationFrameId`, `physicsTableId`, `physicsDescriptionFlag`, `spellId`, `playScript`, `defaultScript`)
VALUES (686, 270561304, 686, 16, 100668388, NULL, NULL, 33555211, 536870932, NULL, NULL, 101, 872415275, 137217, NULL, NULL, NULL);

INSERT INTO `ace_object_properties_string` (`aceObjectId`, `strPropertyId`, `propertyValue`)
VALUES (686, 1, 'Copper Scarab');

INSERT INTO `ace_object_properties_int` (`aceObjectId`, `intPropertyId`, `propertyValue`)
VALUES (686, 1, 4096);

INSERT INTO `ace_object_properties_int` (`aceObjectId`, `intPropertyId`, `propertyValue`)
VALUES (686, 3, 67111919);

INSERT INTO `ace_object_properties_int` (`aceObjectId`, `intPropertyId`, `propertyValue`)
VALUES (686, 5, 96);

INSERT INTO `ace_object_properties_int` (`aceObjectId`, `intPropertyId`, `propertyValue`)
VALUES (686, 151, 2);

INSERT INTO `ace_object_properties_int` (`aceObjectId`, `intPropertyId`, `propertyValue`)
VALUES (686, 11, 100);

INSERT INTO `ace_object_properties_int` (`aceObjectId`, `intPropertyId`, `propertyValue`)
VALUES (686, 12, 24);

INSERT INTO `ace_object_properties_int` (`aceObjectId`, `intPropertyId`, `propertyValue`)
VALUES (686, 16, 1);

INSERT INTO `ace_object_properties_int` (`aceObjectId`, `intPropertyId`, `propertyValue`)
VALUES (686, 19, 2400);

INSERT INTO `ace_object_properties_int` (`aceObjectId`, `intPropertyId`, `propertyValue`)
VALUES (686, 93, 1044);

INSERT INTO `ace_object_properties_bool` (`aceObjectId`, `boolPropertyId`, `propertyValue`)
VALUES (686, 13, True);

INSERT INTO `ace_object_properties_bool` (`aceObjectId`, `boolPropertyId`, `propertyValue`)
VALUES (686, 11, True);

INSERT INTO `ace_object_properties_bool` (`aceObjectId`, `boolPropertyId`, `propertyValue`)
VALUES (686, 14, True);

INSERT INTO `ace_object_palette_change` (`aceObjectId`, `subPaletteId`, `offset`, `length`)
VALUES (686, 67111918, 0, 0);

INSERT INTO `ace_object_texture_map_change` (`aceObjectId`, `index`, `oldId`, `newId`)
VALUES (686, 0, 83890047, 83890047);

INSERT INTO `ace_object_animation_change` (`aceObjectId`, `index`, `animationId`)
VALUES (686, 0, 16780734);

INSERT INTO ace_weenie_class (`weenieClassId`, `weenieClassDescription`)
VALUES (687, 'scarabgold');

INSERT INTO `ace_object` (`aceObjectId`, `aceObjectDescriptionFlags`, `weenieClassId`, `weenieHeaderFlags`, `iconId`, `iconOverlayId`, `iconUnderlayId`, `modelTableId`, `soundTableId`, `motionTableId`, `currentMotionState`, `animationFrameId`, `physicsTableId`, `physicsDescriptionFlag`, `spellId`, `playScript`, `defaultScript`)
VALUES (687, 270561304, 687, 16, 100668389, NULL, NULL, 33555211, 536870932, NULL, NULL, 101, 872415275, 137217, NULL, NULL, NULL);

INSERT INTO `ace_object_properties_string` (`aceObjectId`, `strPropertyId`, `propertyValue`)
VALUES (687, 1, 'Gold Scarab');

INSERT INTO `ace_object_properties_int` (`aceObjectId`, `intPropertyId`, `propertyValue`)
VALUES (687, 1, 4096);

INSERT INTO `ace_object_properties_int` (`aceObjectId`, `intPropertyId`, `propertyValue`)
VALUES (687, 3, 67111919);

INSERT INTO `ace_object_properties_int` (`aceObjectId`, `intPropertyId`, `propertyValue`)
VALUES (687, 5, 80);

INSERT INTO `ace_object_properties_int` (`aceObjectId`, `intPropertyId`, `propertyValue`)
VALUES (687, 151, 2);

INSERT INTO `ace_object_properties_int` (`aceObjectId`, `intPropertyId`, `propertyValue`)
VALUES (687, 11, 100);

INSERT INTO `ace_object_properties_int` (`aceObjectId`, `intPropertyId`, `propertyValue`)
VALUES (687, 12, 20);

INSERT INTO `ace_object_properties_int` (`aceObjectId`, `intPropertyId`, `propertyValue`)
VALUES (687, 16, 1);

INSERT INTO `ace_object_properties_int` (`aceObjectId`, `intPropertyId`, `propertyValue`)
VALUES (687, 19, 10000);

INSERT INTO `ace_object_properties_int` (`aceObjectId`, `intPropertyId`, `propertyValue`)
VALUES (687, 93, 1044);

INSERT INTO `ace_object_properties_bool` (`aceObjectId`, `boolPropertyId`, `propertyValue`)
VALUES (687, 13, True);

INSERT INTO `ace_object_properties_bool` (`aceObjectId`, `boolPropertyId`, `propertyValue`)
VALUES (687, 11, True);

INSERT INTO `ace_object_properties_bool` (`aceObjectId`, `boolPropertyId`, `propertyValue`)
VALUES (687, 14, True);

INSERT INTO `ace_object_palette_change` (`aceObjectId`, `subPaletteId`, `offset`, `length`)
VALUES (687, 67111920, 0, 0);

INSERT INTO `ace_object_texture_map_change` (`aceObjectId`, `index`, `oldId`, `newId`)
VALUES (687, 0, 83890047, 83890047);

INSERT INTO `ace_object_animation_change` (`aceObjectId`, `index`, `animationId`)
VALUES (687, 0, 16780734);

INSERT INTO ace_weenie_class (`weenieClassId`, `weenieClassDescription`)
VALUES (8327, 'peascarabgold');

INSERT INTO `ace_object` (`aceObjectId`, `aceObjectDescriptionFlags`, `weenieClassId`, `weenieHeaderFlags`, `iconId`, `iconOverlayId`, `iconUnderlayId`, `modelTableId`, `soundTableId`, `motionTableId`, `currentMotionState`, `animationFrameId`, `physicsTableId`, `physicsDescriptionFlag`, `spellId`, `playScript`, `defaultScript`)
VALUES (8327, 2125848, 8327, 16, 100671081, NULL, NULL, 33555211, 536870932, NULL, NULL, 101, 872415275, 137345, NULL, NULL, NULL);

INSERT INTO `ace_object_properties_string` (`aceObjectId`, `strPropertyId`, `propertyValue`)
VALUES (8327, 1, 'Gold Pea');

INSERT INTO `ace_object_properties_int` (`aceObjectId`, `intPropertyId`, `propertyValue`)
VALUES (8327, 1, 4096);

INSERT INTO `ace_object_properties_int` (`aceObjectId`, `intPropertyId`, `propertyValue`)
VALUES (8327, 3, 67111919);

INSERT INTO `ace_object_properties_int` (`aceObjectId`, `intPropertyId`, `propertyValue`)
VALUES (8327, 5, 240);

INSERT INTO `ace_object_properties_int` (`aceObjectId`, `intPropertyId`, `propertyValue`)
VALUES (8327, 11, 100);

INSERT INTO `ace_object_properties_int` (`aceObjectId`, `intPropertyId`, `propertyValue`)
VALUES (8327, 12, 24);

INSERT INTO `ace_object_properties_int` (`aceObjectId`, `intPropertyId`, `propertyValue`)
VALUES (8327, 16, 1);

INSERT INTO `ace_object_properties_int` (`aceObjectId`, `intPropertyId`, `propertyValue`)
VALUES (8327, 19, 600000);

INSERT INTO `ace_object_properties_double` (`aceObjectId`, `dblPropertyId`, `propertyValue`)
VALUES (8327, 39, 0.33);

INSERT INTO `ace_object_properties_int` (`aceObjectId`, `intPropertyId`, `propertyValue`)
VALUES (8327, 93, 1044);

INSERT INTO `ace_object_properties_bool` (`aceObjectId`, `boolPropertyId`, `propertyValue`)
VALUES (8327, 13, True);

INSERT INTO `ace_object_properties_bool` (`aceObjectId`, `boolPropertyId`, `propertyValue`)
VALUES (8327, 11, True);

INSERT INTO `ace_object_properties_bool` (`aceObjectId`, `boolPropertyId`, `propertyValue`)
VALUES (8327, 14, True);

INSERT INTO `ace_object_palette_change` (`aceObjectId`, `subPaletteId`, `offset`, `length`)
VALUES (8327, 67111920, 0, 0);

INSERT INTO `ace_object_texture_map_change` (`aceObjectId`, `index`, `oldId`, `newId`)
VALUES (8327, 0, 83890047, 83890047);

INSERT INTO `ace_object_animation_change` (`aceObjectId`, `index`, `animationId`)
VALUES (8327, 0, 16780734);

INSERT INTO ace_weenie_class (`weenieClassId`, `weenieClassDescription`)
VALUES (8897, 'scarabplatinum');

INSERT INTO `ace_object` (`aceObjectId`, `aceObjectDescriptionFlags`, `weenieClassId`, `weenieHeaderFlags`, `iconId`, `iconOverlayId`, `iconUnderlayId`, `modelTableId`, `soundTableId`, `motionTableId`, `currentMotionState`, `animationFrameId`, `physicsTableId`, `physicsDescriptionFlag`, `spellId`, `playScript`, `defaultScript`)
VALUES (8897, 270561304, 8897, 16, 100671329, NULL, NULL, 33555211, 536870932, NULL, NULL, 101, 872415275, 137217, NULL, NULL, NULL);

INSERT INTO `ace_object_properties_string` (`aceObjectId`, `strPropertyId`, `propertyValue`)
VALUES (8897, 1, 'Platinum Scarab');

INSERT INTO `ace_object_properties_int` (`aceObjectId`, `intPropertyId`, `propertyValue`)
VALUES (8897, 1, 4096);

INSERT INTO `ace_object_properties_int` (`aceObjectId`, `intPropertyId`, `propertyValue`)
VALUES (8897, 3, 67111919);

INSERT INTO `ace_object_properties_int` (`aceObjectId`, `intPropertyId`, `propertyValue`)
VALUES (8897, 5, 80);

INSERT INTO `ace_object_properties_int` (`aceObjectId`, `intPropertyId`, `propertyValue`)
VALUES (8897, 151, 2);

INSERT INTO `ace_object_properties_int` (`aceObjectId`, `intPropertyId`, `propertyValue`)
VALUES (8897, 11, 100);

INSERT INTO `ace_object_properties_int` (`aceObjectId`, `intPropertyId`, `propertyValue`)
VALUES (8897, 12, 20);

INSERT INTO `ace_object_properties_int` (`aceObjectId`, `intPropertyId`, `propertyValue`)
VALUES (8897, 16, 1);

INSERT INTO `ace_object_properties_int` (`aceObjectId`, `intPropertyId`, `propertyValue`)
VALUES (8897, 19, 200000);

INSERT INTO `ace_object_properties_int` (`aceObjectId`, `intPropertyId`, `propertyValue`)
VALUES (8897, 93, 1044);

INSERT INTO `ace_object_properties_bool` (`aceObjectId`, `boolPropertyId`, `propertyValue`)
VALUES (8897, 13, True);

INSERT INTO `ace_object_properties_bool` (`aceObjectId`, `boolPropertyId`, `propertyValue`)
VALUES (8897, 11, True);

INSERT INTO `ace_object_properties_bool` (`aceObjectId`, `boolPropertyId`, `propertyValue`)
VALUES (8897, 14, True);

INSERT INTO `ace_object_palette_change` (`aceObjectId`, `subPaletteId`, `offset`, `length`)
VALUES (8897, 67111925, 0, 0);

INSERT INTO `ace_object_texture_map_change` (`aceObjectId`, `index`, `oldId`, `newId`)
VALUES (8897, 0, 83890047, 83890047);

INSERT INTO `ace_object_animation_change` (`aceObjectId`, `index`, `animationId`)
VALUES (8897, 0, 16780734);

INSERT INTO ace_weenie_class (`weenieClassId`, `weenieClassDescription`)
VALUES (20631, 'taperprismatic');

INSERT INTO `ace_object` (`aceObjectId`, `aceObjectDescriptionFlags`, `weenieClassId`, `weenieHeaderFlags`, `iconId`, `iconOverlayId`, `iconUnderlayId`, `modelTableId`, `soundTableId`, `motionTableId`, `currentMotionState`, `animationFrameId`, `physicsTableId`, `physicsDescriptionFlag`, `spellId`, `playScript`, `defaultScript`)
VALUES (20631, 2125848, 20631, 16, 100673066, NULL, NULL, 33555445, 536870932, NULL, NULL, 101, 872415275, 137217, NULL, NULL, NULL);

INSERT INTO `ace_object_properties_string` (`aceObjectId`, `strPropertyId`, `propertyValue`)
VALUES (20631, 1, 'Prismatic Taper');

INSERT INTO `ace_object_properties_int` (`aceObjectId`, `intPropertyId`, `propertyValue`)
VALUES (20631, 1, 4096);

INSERT INTO `ace_object_properties_int` (`aceObjectId`, `intPropertyId`, `propertyValue`)
VALUES (20631, 5, 6000);

INSERT INTO `ace_object_properties_int` (`aceObjectId`, `intPropertyId`, `propertyValue`)
VALUES (20631, 11, 1000);

INSERT INTO `ace_object_properties_int` (`aceObjectId`, `intPropertyId`, `propertyValue`)
VALUES (20631, 12, 1000);

INSERT INTO `ace_object_properties_int` (`aceObjectId`, `intPropertyId`, `propertyValue`)
VALUES (20631, 16, 1);

INSERT INTO `ace_object_properties_int` (`aceObjectId`, `intPropertyId`, `propertyValue`)
VALUES (20631, 19, 22000);

INSERT INTO `ace_object_properties_int` (`aceObjectId`, `intPropertyId`, `propertyValue`)
VALUES (20631, 93, 1044);

INSERT INTO `ace_object_properties_bool` (`aceObjectId`, `boolPropertyId`, `propertyValue`)
VALUES (20631, 13, True);

INSERT INTO `ace_object_properties_bool` (`aceObjectId`, `boolPropertyId`, `propertyValue`)
VALUES (20631, 11, True);

INSERT INTO `ace_object_properties_bool` (`aceObjectId`, `boolPropertyId`, `propertyValue`)
VALUES (20631, 14, True);

INSERT INTO `ace_object_texture_map_change` (`aceObjectId`, `index`, `oldId`, `newId`)
VALUES (20631, 0, 83890928, 83892492);

INSERT INTO `ace_object_animation_change` (`aceObjectId`, `index`, `animationId`)
VALUES (20631, 0, 16781612);

INSERT INTO ace_weenie_class (`weenieClassId`, `weenieClassDescription`)
VALUES (691, 'scarablead');

INSERT INTO `ace_object` (`aceObjectId`, `aceObjectDescriptionFlags`, `weenieClassId`, `weenieHeaderFlags`, `iconId`, `iconOverlayId`, `iconUnderlayId`, `modelTableId`, `soundTableId`, `motionTableId`, `currentMotionState`, `animationFrameId`, `physicsTableId`, `physicsDescriptionFlag`, `spellId`, `playScript`, `defaultScript`)
VALUES (691, 270561304, 691, 16, 100668391, NULL, NULL, 33555211, 536870932, NULL, NULL, 101, 872415275, 137217, NULL, NULL, NULL);

INSERT INTO `ace_object_properties_string` (`aceObjectId`, `strPropertyId`, `propertyValue`)
VALUES (691, 1, 'Lead Scarab');

INSERT INTO `ace_object_properties_int` (`aceObjectId`, `intPropertyId`, `propertyValue`)
VALUES (691, 1, 4096);

INSERT INTO `ace_object_properties_int` (`aceObjectId`, `intPropertyId`, `propertyValue`)
VALUES (691, 3, 67111919);

INSERT INTO `ace_object_properties_int` (`aceObjectId`, `intPropertyId`, `propertyValue`)
VALUES (691, 5, 100);

INSERT INTO `ace_object_properties_int` (`aceObjectId`, `intPropertyId`, `propertyValue`)
VALUES (691, 151, 2);

INSERT INTO `ace_object_properties_int` (`aceObjectId`, `intPropertyId`, `propertyValue`)
VALUES (691, 11, 100);

INSERT INTO `ace_object_properties_int` (`aceObjectId`, `intPropertyId`, `propertyValue`)
VALUES (691, 12, 25);

INSERT INTO `ace_object_properties_int` (`aceObjectId`, `intPropertyId`, `propertyValue`)
VALUES (691, 16, 1);

INSERT INTO `ace_object_properties_int` (`aceObjectId`, `intPropertyId`, `propertyValue`)
VALUES (691, 19, 250);

INSERT INTO `ace_object_properties_int` (`aceObjectId`, `intPropertyId`, `propertyValue`)
VALUES (691, 93, 1044);

INSERT INTO `ace_object_properties_bool` (`aceObjectId`, `boolPropertyId`, `propertyValue`)
VALUES (691, 13, True);

INSERT INTO `ace_object_properties_bool` (`aceObjectId`, `boolPropertyId`, `propertyValue`)
VALUES (691, 11, True);

INSERT INTO `ace_object_properties_bool` (`aceObjectId`, `boolPropertyId`, `propertyValue`)
VALUES (691, 14, True);

INSERT INTO `ace_object_palette_change` (`aceObjectId`, `subPaletteId`, `offset`, `length`)
VALUES (691, 67111919, 0, 0);

INSERT INTO `ace_object_texture_map_change` (`aceObjectId`, `index`, `oldId`, `newId`)
VALUES (691, 0, 83890047, 83890047);

INSERT INTO `ace_object_animation_change` (`aceObjectId`, `index`, `animationId`)
VALUES (691, 0, 16780734);

INSERT INTO ace_weenie_class (`weenieClassId`, `weenieClassDescription`)
VALUES (37155, 'ace37155-manascarab');

INSERT INTO `ace_object` (`aceObjectId`, `aceObjectDescriptionFlags`, `weenieClassId`, `weenieHeaderFlags`, `iconId`, `iconOverlayId`, `iconUnderlayId`, `modelTableId`, `soundTableId`, `motionTableId`, `currentMotionState`, `animationFrameId`, `physicsTableId`, `physicsDescriptionFlag`, `spellId`, `playScript`, `defaultScript`)
VALUES (37155, 270561432, 37155, 16, 100689829, NULL, NULL, 33555211, 536870932, NULL, NULL, 101, 872415275, 137217, NULL, NULL, NULL);

INSERT INTO `ace_object_properties_string` (`aceObjectId`, `strPropertyId`, `propertyValue`)
VALUES (37155, 1, 'Mana Scarab');

INSERT INTO `ace_object_properties_int` (`aceObjectId`, `intPropertyId`, `propertyValue`)
VALUES (37155, 1, 4096);

INSERT INTO `ace_object_properties_int` (`aceObjectId`, `intPropertyId`, `propertyValue`)
VALUES (37155, 5, 72);

INSERT INTO `ace_object_properties_int` (`aceObjectId`, `intPropertyId`, `propertyValue`)
VALUES (37155, 18, 8);

INSERT INTO `ace_object_properties_int` (`aceObjectId`, `intPropertyId`, `propertyValue`)
VALUES (37155, 151, 2);

INSERT INTO `ace_object_properties_int` (`aceObjectId`, `intPropertyId`, `propertyValue`)
VALUES (37155, 11, 100);

INSERT INTO `ace_object_properties_int` (`aceObjectId`, `intPropertyId`, `propertyValue`)
VALUES (37155, 12, 18);

INSERT INTO `ace_object_properties_int` (`aceObjectId`, `intPropertyId`, `propertyValue`)
VALUES (37155, 16, 1);

INSERT INTO `ace_object_properties_int` (`aceObjectId`, `intPropertyId`, `propertyValue`)
VALUES (37155, 19, 270000);

INSERT INTO `ace_object_properties_int` (`aceObjectId`, `intPropertyId`, `propertyValue`)
VALUES (37155, 93, 1044);

INSERT INTO `ace_object_properties_bool` (`aceObjectId`, `boolPropertyId`, `propertyValue`)
VALUES (37155, 13, True);

INSERT INTO `ace_object_properties_bool` (`aceObjectId`, `boolPropertyId`, `propertyValue`)
VALUES (37155, 11, True);

INSERT INTO `ace_object_properties_bool` (`aceObjectId`, `boolPropertyId`, `propertyValue`)
VALUES (37155, 14, True);

INSERT INTO `ace_object_texture_map_change` (`aceObjectId`, `index`, `oldId`, `newId`)
VALUES (37155, 0, 83890047, 83890047);

INSERT INTO `ace_object_animation_change` (`aceObjectId`, `index`, `animationId`)
VALUES (37155, 0, 16780734);

INSERT INTO ace_weenie_class (`weenieClassId`, `weenieClassDescription`)
VALUES (8326, 'peascarabcopper');

INSERT INTO `ace_object` (`aceObjectId`, `aceObjectDescriptionFlags`, `weenieClassId`, `weenieHeaderFlags`, `iconId`, `iconOverlayId`, `iconUnderlayId`, `modelTableId`, `soundTableId`, `motionTableId`, `currentMotionState`, `animationFrameId`, `physicsTableId`, `physicsDescriptionFlag`, `spellId`, `playScript`, `defaultScript`)
VALUES (8326, 2125848, 8326, 16, 100671079, NULL, NULL, 33555211, 536870932, NULL, NULL, 101, 872415275, 137345, NULL, NULL, NULL);

INSERT INTO `ace_object_properties_string` (`aceObjectId`, `strPropertyId`, `propertyValue`)
VALUES (8326, 1, 'Copper Pea');

INSERT INTO `ace_object_properties_int` (`aceObjectId`, `intPropertyId`, `propertyValue`)
VALUES (8326, 1, 4096);

INSERT INTO `ace_object_properties_int` (`aceObjectId`, `intPropertyId`, `propertyValue`)
VALUES (8326, 3, 67111919);

INSERT INTO `ace_object_properties_int` (`aceObjectId`, `intPropertyId`, `propertyValue`)
VALUES (8326, 5, 250);

INSERT INTO `ace_object_properties_int` (`aceObjectId`, `intPropertyId`, `propertyValue`)
VALUES (8326, 11, 100);

INSERT INTO `ace_object_properties_int` (`aceObjectId`, `intPropertyId`, `propertyValue`)
VALUES (8326, 12, 25);

INSERT INTO `ace_object_properties_int` (`aceObjectId`, `intPropertyId`, `propertyValue`)
VALUES (8326, 16, 1);

INSERT INTO `ace_object_properties_int` (`aceObjectId`, `intPropertyId`, `propertyValue`)
VALUES (8326, 19, 125000);

INSERT INTO `ace_object_properties_double` (`aceObjectId`, `dblPropertyId`, `propertyValue`)
VALUES (8326, 39, 0.33);

INSERT INTO `ace_object_properties_int` (`aceObjectId`, `intPropertyId`, `propertyValue`)
VALUES (8326, 93, 1044);

INSERT INTO `ace_object_properties_bool` (`aceObjectId`, `boolPropertyId`, `propertyValue`)
VALUES (8326, 13, True);

INSERT INTO `ace_object_properties_bool` (`aceObjectId`, `boolPropertyId`, `propertyValue`)
VALUES (8326, 11, True);

INSERT INTO `ace_object_properties_bool` (`aceObjectId`, `boolPropertyId`, `propertyValue`)
VALUES (8326, 14, True);

INSERT INTO `ace_object_palette_change` (`aceObjectId`, `subPaletteId`, `offset`, `length`)
VALUES (8326, 67111918, 0, 0);

INSERT INTO `ace_object_texture_map_change` (`aceObjectId`, `index`, `oldId`, `newId`)
VALUES (8326, 0, 83890047, 83890047);

INSERT INTO `ace_object_animation_change` (`aceObjectId`, `index`, `animationId`)
VALUES (8326, 0, 16780734);

INSERT INTO ace_weenie_class (`weenieClassId`, `weenieClassDescription`)
VALUES (688, 'scarabsilver');

INSERT INTO `ace_object` (`aceObjectId`, `aceObjectDescriptionFlags`, `weenieClassId`, `weenieHeaderFlags`, `iconId`, `iconOverlayId`, `iconUnderlayId`, `modelTableId`, `soundTableId`, `motionTableId`, `currentMotionState`, `animationFrameId`, `physicsTableId`, `physicsDescriptionFlag`, `spellId`, `playScript`, `defaultScript`)
VALUES (688, 270561304, 688, 16, 100668393, NULL, NULL, 33555211, 536870932, NULL, NULL, 101, 872415275, 137217, NULL, NULL, NULL);

INSERT INTO `ace_object_properties_string` (`aceObjectId`, `strPropertyId`, `propertyValue`)
VALUES (688, 1, 'Silver Scarab');

INSERT INTO `ace_object_properties_int` (`aceObjectId`, `intPropertyId`, `propertyValue`)
VALUES (688, 1, 4096);

INSERT INTO `ace_object_properties_int` (`aceObjectId`, `intPropertyId`, `propertyValue`)
VALUES (688, 3, 67111919);

INSERT INTO `ace_object_properties_int` (`aceObjectId`, `intPropertyId`, `propertyValue`)
VALUES (688, 5, 120);

INSERT INTO `ace_object_properties_int` (`aceObjectId`, `intPropertyId`, `propertyValue`)
VALUES (688, 151, 2);

INSERT INTO `ace_object_properties_int` (`aceObjectId`, `intPropertyId`, `propertyValue`)
VALUES (688, 11, 100);

INSERT INTO `ace_object_properties_int` (`aceObjectId`, `intPropertyId`, `propertyValue`)
VALUES (688, 12, 30);

INSERT INTO `ace_object_properties_int` (`aceObjectId`, `intPropertyId`, `propertyValue`)
VALUES (688, 16, 1);

INSERT INTO `ace_object_properties_int` (`aceObjectId`, `intPropertyId`, `propertyValue`)
VALUES (688, 19, 7500);

INSERT INTO `ace_object_properties_int` (`aceObjectId`, `intPropertyId`, `propertyValue`)
VALUES (688, 93, 1044);

INSERT INTO `ace_object_properties_bool` (`aceObjectId`, `boolPropertyId`, `propertyValue`)
VALUES (688, 13, True);

INSERT INTO `ace_object_properties_bool` (`aceObjectId`, `boolPropertyId`, `propertyValue`)
VALUES (688, 11, True);

INSERT INTO `ace_object_properties_bool` (`aceObjectId`, `boolPropertyId`, `propertyValue`)
VALUES (688, 14, True);

INSERT INTO `ace_object_palette_change` (`aceObjectId`, `subPaletteId`, `offset`, `length`)
VALUES (688, 67111922, 0, 0);

INSERT INTO `ace_object_texture_map_change` (`aceObjectId`, `index`, `oldId`, `newId`)
VALUES (688, 0, 83890047, 83890047);

INSERT INTO `ace_object_animation_change` (`aceObjectId`, `index`, `animationId`)
VALUES (688, 0, 16780734);

INSERT INTO ace_weenie_class (`weenieClassId`, `weenieClassDescription`)
VALUES (7299, 'scarabdiamond');

INSERT INTO `ace_object` (`aceObjectId`, `aceObjectDescriptionFlags`, `weenieClassId`, `weenieHeaderFlags`, `iconId`, `iconOverlayId`, `iconUnderlayId`, `modelTableId`, `soundTableId`, `motionTableId`, `currentMotionState`, `animationFrameId`, `physicsTableId`, `physicsDescriptionFlag`, `spellId`, `playScript`, `defaultScript`)
VALUES (7299, 270561304, 7299, 16, 100670697, NULL, NULL, 33555211, 536870932, NULL, NULL, 101, 872415275, 137217, NULL, NULL, NULL);

INSERT INTO `ace_object_properties_string` (`aceObjectId`, `strPropertyId`, `propertyValue`)
VALUES (7299, 1, 'Diamond Scarab');

INSERT INTO `ace_object_properties_int` (`aceObjectId`, `intPropertyId`, `propertyValue`)
VALUES (7299, 1, 4096);

INSERT INTO `ace_object_properties_int` (`aceObjectId`, `intPropertyId`, `propertyValue`)
VALUES (7299, 3, 67111919);

INSERT INTO `ace_object_properties_int` (`aceObjectId`, `intPropertyId`, `propertyValue`)
VALUES (7299, 5, 52);

INSERT INTO `ace_object_properties_int` (`aceObjectId`, `intPropertyId`, `propertyValue`)
VALUES (7299, 151, 2);

INSERT INTO `ace_object_properties_int` (`aceObjectId`, `intPropertyId`, `propertyValue`)
VALUES (7299, 11, 100);

INSERT INTO `ace_object_properties_int` (`aceObjectId`, `intPropertyId`, `propertyValue`)
VALUES (7299, 12, 13);

INSERT INTO `ace_object_properties_int` (`aceObjectId`, `intPropertyId`, `propertyValue`)
VALUES (7299, 16, 1);

INSERT INTO `ace_object_properties_int` (`aceObjectId`, `intPropertyId`, `propertyValue`)
VALUES (7299, 19, 1300);

INSERT INTO `ace_object_properties_int` (`aceObjectId`, `intPropertyId`, `propertyValue`)
VALUES (7299, 93, 1044);

INSERT INTO `ace_object_properties_bool` (`aceObjectId`, `boolPropertyId`, `propertyValue`)
VALUES (7299, 13, True);

INSERT INTO `ace_object_properties_bool` (`aceObjectId`, `boolPropertyId`, `propertyValue`)
VALUES (7299, 11, True);

INSERT INTO `ace_object_properties_bool` (`aceObjectId`, `boolPropertyId`, `propertyValue`)
VALUES (7299, 14, True);

INSERT INTO `ace_object_palette_change` (`aceObjectId`, `subPaletteId`, `offset`, `length`)
VALUES (7299, 67111924, 0, 0);

INSERT INTO `ace_object_texture_map_change` (`aceObjectId`, `index`, `oldId`, `newId`)
VALUES (7299, 0, 83890047, 83890047);

INSERT INTO `ace_object_animation_change` (`aceObjectId`, `index`, `animationId`)
VALUES (7299, 0, 16780734);

INSERT INTO ace_weenie_class (`weenieClassId`, `weenieClassDescription`)
VALUES (7581, 'alchemchorizite');

INSERT INTO `ace_object` (`aceObjectId`, `aceObjectDescriptionFlags`, `weenieClassId`, `weenieHeaderFlags`, `iconId`, `iconOverlayId`, `iconUnderlayId`, `modelTableId`, `soundTableId`, `motionTableId`, `currentMotionState`, `animationFrameId`, `physicsTableId`, `physicsDescriptionFlag`, `spellId`, `playScript`, `defaultScript`)
VALUES (7581, 2125849, 7581, 16, 100670735, NULL, NULL, 33555209, 536870932, NULL, NULL, 101, 872415275, 137217, NULL, NULL, NULL);

INSERT INTO `ace_object_properties_string` (`aceObjectId`, `strPropertyId`, `propertyValue`)
VALUES (7581, 1, 'Chorizite');

INSERT INTO `ace_object_properties_int` (`aceObjectId`, `intPropertyId`, `propertyValue`)
VALUES (7581, 1, 4096);

INSERT INTO `ace_object_properties_int` (`aceObjectId`, `intPropertyId`, `propertyValue`)
VALUES (7581, 3, 67111919);

INSERT INTO `ace_object_properties_int` (`aceObjectId`, `intPropertyId`, `propertyValue`)
VALUES (7581, 5, 132);

INSERT INTO `ace_object_properties_int` (`aceObjectId`, `intPropertyId`, `propertyValue`)
VALUES (7581, 11, 100);

INSERT INTO `ace_object_properties_int` (`aceObjectId`, `intPropertyId`, `propertyValue`)
VALUES (7581, 12, 33);

INSERT INTO `ace_object_properties_int` (`aceObjectId`, `intPropertyId`, `propertyValue`)
VALUES (7581, 16, 1);

INSERT INTO `ace_object_properties_int` (`aceObjectId`, `intPropertyId`, `propertyValue`)
VALUES (7581, 19, 165);

INSERT INTO `ace_object_properties_string` (`aceObjectId`, `strPropertyId`, `propertyValue`)
VALUES (7581, 20, 'Chorizite Potions');

INSERT INTO `ace_object_properties_int` (`aceObjectId`, `intPropertyId`, `propertyValue`)
VALUES (7581, 93, 1044);

INSERT INTO `ace_object_properties_bool` (`aceObjectId`, `boolPropertyId`, `propertyValue`)
VALUES (7581, 13, True);

INSERT INTO `ace_object_properties_bool` (`aceObjectId`, `boolPropertyId`, `propertyValue`)
VALUES (7581, 11, True);

INSERT INTO `ace_object_properties_bool` (`aceObjectId`, `boolPropertyId`, `propertyValue`)
VALUES (7581, 14, True);

INSERT INTO `ace_object_palette_change` (`aceObjectId`, `subPaletteId`, `offset`, `length`)
VALUES (7581, 67111925, 0, 0);

INSERT INTO `ace_object_texture_map_change` (`aceObjectId`, `index`, `oldId`, `newId`)
VALUES (7581, 0, 83890051, 83890051);

INSERT INTO `ace_object_animation_change` (`aceObjectId`, `index`, `animationId`)
VALUES (7581, 0, 16780684);

INSERT INTO ace_weenie_class (`weenieClassId`, `weenieClassDescription`)
VALUES (776, 'mugwort');

INSERT INTO `ace_object` (`aceObjectId`, `aceObjectDescriptionFlags`, `weenieClassId`, `weenieHeaderFlags`, `iconId`, `iconOverlayId`, `iconUnderlayId`, `modelTableId`, `soundTableId`, `motionTableId`, `currentMotionState`, `animationFrameId`, `physicsTableId`, `physicsDescriptionFlag`, `spellId`, `playScript`, `defaultScript`)
VALUES (776, 2109465, 776, 16, 100668428, NULL, NULL, 33554817, 536870932, NULL, NULL, 101, 872415275, 170113, NULL, NULL, NULL);

INSERT INTO `ace_object_properties_string` (`aceObjectId`, `strPropertyId`, `propertyValue`)
VALUES (776, 1, 'Mugwort');

INSERT INTO `ace_object_properties_int` (`aceObjectId`, `intPropertyId`, `propertyValue`)
VALUES (776, 1, 4096);

INSERT INTO `ace_object_properties_int` (`aceObjectId`, `intPropertyId`, `propertyValue`)
VALUES (776, 3, 67111919);

INSERT INTO `ace_object_properties_int` (`aceObjectId`, `intPropertyId`, `propertyValue`)
VALUES (776, 5, 4);

INSERT INTO `ace_object_properties_int` (`aceObjectId`, `intPropertyId`, `propertyValue`)
VALUES (776, 11, 100);

INSERT INTO `ace_object_properties_int` (`aceObjectId`, `intPropertyId`, `propertyValue`)
VALUES (776, 12, 1);

INSERT INTO `ace_object_properties_int` (`aceObjectId`, `intPropertyId`, `propertyValue`)
VALUES (776, 16, 1);

INSERT INTO `ace_object_properties_int` (`aceObjectId`, `intPropertyId`, `propertyValue`)
VALUES (776, 19, 10);

INSERT INTO `ace_object_properties_string` (`aceObjectId`, `strPropertyId`, `propertyValue`)
VALUES (776, 20, 'Sacks of Mugwort');

INSERT INTO `ace_object_properties_double` (`aceObjectId`, `dblPropertyId`, `propertyValue`)
VALUES (776, 39, 0.4);

INSERT INTO `ace_object_properties_int` (`aceObjectId`, `intPropertyId`, `propertyValue`)
VALUES (776, 93, 1044);

INSERT INTO `ace_object_properties_bool` (`aceObjectId`, `boolPropertyId`, `propertyValue`)
VALUES (776, 13, True);

INSERT INTO `ace_object_properties_bool` (`aceObjectId`, `boolPropertyId`, `propertyValue`)
VALUES (776, 11, True);

INSERT INTO `ace_object_properties_bool` (`aceObjectId`, `boolPropertyId`, `propertyValue`)
VALUES (776, 14, True);

INSERT INTO `ace_object_palette_change` (`aceObjectId`, `subPaletteId`, `offset`, `length`)
VALUES (776, 67111920, 0, 0);

INSERT INTO `ace_object_texture_map_change` (`aceObjectId`, `index`, `oldId`, `newId`)
VALUES (776, 0, 83890064, 83889696);

INSERT INTO `ace_object_animation_change` (`aceObjectId`, `index`, `animationId`)
VALUES (776, 0, 16777882);

INSERT INTO ace_weenie_class (`weenieClassId`, `weenieClassDescription`)
VALUES (8329, 'peascarablead');

INSERT INTO `ace_object` (`aceObjectId`, `aceObjectDescriptionFlags`, `weenieClassId`, `weenieHeaderFlags`, `iconId`, `iconOverlayId`, `iconUnderlayId`, `modelTableId`, `soundTableId`, `motionTableId`, `currentMotionState`, `animationFrameId`, `physicsTableId`, `physicsDescriptionFlag`, `spellId`, `playScript`, `defaultScript`)
VALUES (8329, 2125848, 8329, 16, 100671083, NULL, NULL, 33555211, 536870932, NULL, NULL, 101, 872415275, 137345, NULL, NULL, NULL);

INSERT INTO `ace_object_properties_string` (`aceObjectId`, `strPropertyId`, `propertyValue`)
VALUES (8329, 1, 'Lead Pea');

INSERT INTO `ace_object_properties_int` (`aceObjectId`, `intPropertyId`, `propertyValue`)
VALUES (8329, 1, 4096);

INSERT INTO `ace_object_properties_int` (`aceObjectId`, `intPropertyId`, `propertyValue`)
VALUES (8329, 3, 67111919);

INSERT INTO `ace_object_properties_int` (`aceObjectId`, `intPropertyId`, `propertyValue`)
VALUES (8329, 5, 10);

INSERT INTO `ace_object_properties_int` (`aceObjectId`, `intPropertyId`, `propertyValue`)
VALUES (8329, 11, 100);

INSERT INTO `ace_object_properties_int` (`aceObjectId`, `intPropertyId`, `propertyValue`)
VALUES (8329, 12, 1);

INSERT INTO `ace_object_properties_int` (`aceObjectId`, `intPropertyId`, `propertyValue`)
VALUES (8329, 16, 1);

INSERT INTO `ace_object_properties_int` (`aceObjectId`, `intPropertyId`, `propertyValue`)
VALUES (8329, 19, 500);

INSERT INTO `ace_object_properties_double` (`aceObjectId`, `dblPropertyId`, `propertyValue`)
VALUES (8329, 39, 0.33);

INSERT INTO `ace_object_properties_int` (`aceObjectId`, `intPropertyId`, `propertyValue`)
VALUES (8329, 93, 1044);

INSERT INTO `ace_object_properties_bool` (`aceObjectId`, `boolPropertyId`, `propertyValue`)
VALUES (8329, 13, True);

INSERT INTO `ace_object_properties_bool` (`aceObjectId`, `boolPropertyId`, `propertyValue`)
VALUES (8329, 11, True);

INSERT INTO `ace_object_properties_bool` (`aceObjectId`, `boolPropertyId`, `propertyValue`)
VALUES (8329, 14, True);

INSERT INTO `ace_object_palette_change` (`aceObjectId`, `subPaletteId`, `offset`, `length`)
VALUES (8329, 67111919, 0, 0);

INSERT INTO `ace_object_texture_map_change` (`aceObjectId`, `index`, `oldId`, `newId`)
VALUES (8329, 0, 83890047, 83890047);

INSERT INTO `ace_object_animation_change` (`aceObjectId`, `index`, `animationId`)
VALUES (8329, 0, 16780734);

INSERT INTO ace_weenie_class (`weenieClassId`, `weenieClassDescription`)
VALUES (752, 'yewtalisman');

INSERT INTO `ace_object` (`aceObjectId`, `aceObjectDescriptionFlags`, `weenieClassId`, `weenieHeaderFlags`, `iconId`, `iconOverlayId`, `iconUnderlayId`, `modelTableId`, `soundTableId`, `motionTableId`, `currentMotionState`, `animationFrameId`, `physicsTableId`, `physicsDescriptionFlag`, `spellId`, `playScript`, `defaultScript`)
VALUES (752, 2125848, 752, 16, 100669707, NULL, NULL, 33555207, 536870932, NULL, NULL, 101, 872415275, 137217, NULL, NULL, NULL);

INSERT INTO `ace_object_properties_string` (`aceObjectId`, `strPropertyId`, `propertyValue`)
VALUES (752, 1, 'Yew Talisman');

INSERT INTO `ace_object_properties_int` (`aceObjectId`, `intPropertyId`, `propertyValue`)
VALUES (752, 1, 4096);

INSERT INTO `ace_object_properties_int` (`aceObjectId`, `intPropertyId`, `propertyValue`)
VALUES (752, 3, 67111919);

INSERT INTO `ace_object_properties_int` (`aceObjectId`, `intPropertyId`, `propertyValue`)
VALUES (752, 5, 24);

INSERT INTO `ace_object_properties_int` (`aceObjectId`, `intPropertyId`, `propertyValue`)
VALUES (752, 11, 100);

INSERT INTO `ace_object_properties_int` (`aceObjectId`, `intPropertyId`, `propertyValue`)
VALUES (752, 12, 6);

INSERT INTO `ace_object_properties_int` (`aceObjectId`, `intPropertyId`, `propertyValue`)
VALUES (752, 16, 1);

INSERT INTO `ace_object_properties_int` (`aceObjectId`, `intPropertyId`, `propertyValue`)
VALUES (752, 19, 30);

INSERT INTO `ace_object_properties_int` (`aceObjectId`, `intPropertyId`, `propertyValue`)
VALUES (752, 93, 1044);

INSERT INTO `ace_object_properties_bool` (`aceObjectId`, `boolPropertyId`, `propertyValue`)
VALUES (752, 13, True);

INSERT INTO `ace_object_properties_bool` (`aceObjectId`, `boolPropertyId`, `propertyValue`)
VALUES (752, 11, True);

INSERT INTO `ace_object_properties_bool` (`aceObjectId`, `boolPropertyId`, `propertyValue`)
VALUES (752, 14, True);

INSERT INTO `ace_object_palette_change` (`aceObjectId`, `subPaletteId`, `offset`, `length`)
VALUES (752, 67111923, 0, 0);

INSERT INTO `ace_object_texture_map_change` (`aceObjectId`, `index`, `oldId`, `newId`)
VALUES (752, 0, 83890069, 83890069);

INSERT INTO `ace_object_animation_change` (`aceObjectId`, `index`, `animationId`)
VALUES (752, 0, 16780687);

INSERT INTO ace_weenie_class (`weenieClassId`, `weenieClassDescription`)
VALUES (627, 'aldertalisman');

INSERT INTO `ace_object` (`aceObjectId`, `aceObjectDescriptionFlags`, `weenieClassId`, `weenieHeaderFlags`, `iconId`, `iconOverlayId`, `iconUnderlayId`, `modelTableId`, `soundTableId`, `motionTableId`, `currentMotionState`, `animationFrameId`, `physicsTableId`, `physicsDescriptionFlag`, `spellId`, `playScript`, `defaultScript`)
VALUES (627, 2125848, 627, 16, 100668396, NULL, NULL, 33555207, 536870932, NULL, NULL, 101, 872415275, 137217, NULL, NULL, NULL);

INSERT INTO `ace_object_properties_string` (`aceObjectId`, `strPropertyId`, `propertyValue`)
VALUES (627, 1, 'Alder Talisman');

INSERT INTO `ace_object_properties_int` (`aceObjectId`, `intPropertyId`, `propertyValue`)
VALUES (627, 1, 4096);

INSERT INTO `ace_object_properties_int` (`aceObjectId`, `intPropertyId`, `propertyValue`)
VALUES (627, 3, 67111919);

INSERT INTO `ace_object_properties_int` (`aceObjectId`, `intPropertyId`, `propertyValue`)
VALUES (627, 5, 96);

INSERT INTO `ace_object_properties_int` (`aceObjectId`, `intPropertyId`, `propertyValue`)
VALUES (627, 11, 100);

INSERT INTO `ace_object_properties_int` (`aceObjectId`, `intPropertyId`, `propertyValue`)
VALUES (627, 12, 24);

INSERT INTO `ace_object_properties_int` (`aceObjectId`, `intPropertyId`, `propertyValue`)
VALUES (627, 16, 1);

INSERT INTO `ace_object_properties_int` (`aceObjectId`, `intPropertyId`, `propertyValue`)
VALUES (627, 19, 120);

INSERT INTO `ace_object_properties_int` (`aceObjectId`, `intPropertyId`, `propertyValue`)
VALUES (627, 93, 1044);

INSERT INTO `ace_object_properties_bool` (`aceObjectId`, `boolPropertyId`, `propertyValue`)
VALUES (627, 13, True);

INSERT INTO `ace_object_properties_bool` (`aceObjectId`, `boolPropertyId`, `propertyValue`)
VALUES (627, 11, True);

INSERT INTO `ace_object_properties_bool` (`aceObjectId`, `boolPropertyId`, `propertyValue`)
VALUES (627, 14, True);

INSERT INTO `ace_object_palette_change` (`aceObjectId`, `subPaletteId`, `offset`, `length`)
VALUES (627, 67111918, 0, 0);

INSERT INTO `ace_object_texture_map_change` (`aceObjectId`, `index`, `oldId`, `newId`)
VALUES (627, 0, 83890069, 83890069);

INSERT INTO `ace_object_animation_change` (`aceObjectId`, `index`, `animationId`)
VALUES (627, 0, 16780687);

INSERT INTO ace_weenie_class (`weenieClassId`, `weenieClassDescription`)
VALUES (741, 'birchtalisman');

INSERT INTO `ace_object` (`aceObjectId`, `aceObjectDescriptionFlags`, `weenieClassId`, `weenieHeaderFlags`, `iconId`, `iconOverlayId`, `iconUnderlayId`, `modelTableId`, `soundTableId`, `motionTableId`, `currentMotionState`, `animationFrameId`, `physicsTableId`, `physicsDescriptionFlag`, `spellId`, `playScript`, `defaultScript`)
VALUES (741, 2125848, 741, 16, 100669712, NULL, NULL, 33555207, 536870932, NULL, NULL, 101, 872415275, 137217, NULL, NULL, NULL);

INSERT INTO `ace_object_properties_string` (`aceObjectId`, `strPropertyId`, `propertyValue`)
VALUES (741, 1, 'Birch Talisman');

INSERT INTO `ace_object_properties_int` (`aceObjectId`, `intPropertyId`, `propertyValue`)
VALUES (741, 1, 4096);

INSERT INTO `ace_object_properties_int` (`aceObjectId`, `intPropertyId`, `propertyValue`)
VALUES (741, 3, 67111919);

INSERT INTO `ace_object_properties_int` (`aceObjectId`, `intPropertyId`, `propertyValue`)
VALUES (741, 5, 20);

INSERT INTO `ace_object_properties_int` (`aceObjectId`, `intPropertyId`, `propertyValue`)
VALUES (741, 11, 100);

INSERT INTO `ace_object_properties_int` (`aceObjectId`, `intPropertyId`, `propertyValue`)
VALUES (741, 12, 5);

INSERT INTO `ace_object_properties_int` (`aceObjectId`, `intPropertyId`, `propertyValue`)
VALUES (741, 16, 1);

INSERT INTO `ace_object_properties_int` (`aceObjectId`, `intPropertyId`, `propertyValue`)
VALUES (741, 19, 25);

INSERT INTO `ace_object_properties_int` (`aceObjectId`, `intPropertyId`, `propertyValue`)
VALUES (741, 93, 1044);

INSERT INTO `ace_object_properties_bool` (`aceObjectId`, `boolPropertyId`, `propertyValue`)
VALUES (741, 13, True);

INSERT INTO `ace_object_properties_bool` (`aceObjectId`, `boolPropertyId`, `propertyValue`)
VALUES (741, 11, True);

INSERT INTO `ace_object_properties_bool` (`aceObjectId`, `boolPropertyId`, `propertyValue`)
VALUES (741, 14, True);

INSERT INTO `ace_object_palette_change` (`aceObjectId`, `subPaletteId`, `offset`, `length`)
VALUES (741, 67111927, 0, 0);

INSERT INTO `ace_object_texture_map_change` (`aceObjectId`, `index`, `oldId`, `newId`)
VALUES (741, 0, 83890069, 83890069);

INSERT INTO `ace_object_animation_change` (`aceObjectId`, `index`, `animationId`)
VALUES (741, 0, 16780687);

INSERT INTO ace_weenie_class (`weenieClassId`, `weenieClassDescription`)
VALUES (751, 'willowtalisman');

INSERT INTO `ace_object` (`aceObjectId`, `aceObjectDescriptionFlags`, `weenieClassId`, `weenieHeaderFlags`, `iconId`, `iconOverlayId`, `iconUnderlayId`, `modelTableId`, `soundTableId`, `motionTableId`, `currentMotionState`, `animationFrameId`, `physicsTableId`, `physicsDescriptionFlag`, `spellId`, `playScript`, `defaultScript`)
VALUES (751, 2125848, 751, 16, 100668400, NULL, NULL, 33555207, 536870932, NULL, NULL, 101, 872415275, 137217, NULL, NULL, NULL);

INSERT INTO `ace_object_properties_string` (`aceObjectId`, `strPropertyId`, `propertyValue`)
VALUES (751, 1, 'Willow Talisman');

INSERT INTO `ace_object_properties_int` (`aceObjectId`, `intPropertyId`, `propertyValue`)
VALUES (751, 1, 4096);

INSERT INTO `ace_object_properties_int` (`aceObjectId`, `intPropertyId`, `propertyValue`)
VALUES (751, 3, 67111919);

INSERT INTO `ace_object_properties_int` (`aceObjectId`, `intPropertyId`, `propertyValue`)
VALUES (751, 5, 16);

INSERT INTO `ace_object_properties_int` (`aceObjectId`, `intPropertyId`, `propertyValue`)
VALUES (751, 11, 100);

INSERT INTO `ace_object_properties_int` (`aceObjectId`, `intPropertyId`, `propertyValue`)
VALUES (751, 12, 4);

INSERT INTO `ace_object_properties_int` (`aceObjectId`, `intPropertyId`, `propertyValue`)
VALUES (751, 16, 1);

INSERT INTO `ace_object_properties_int` (`aceObjectId`, `intPropertyId`, `propertyValue`)
VALUES (751, 19, 20);

INSERT INTO `ace_object_properties_int` (`aceObjectId`, `intPropertyId`, `propertyValue`)
VALUES (751, 93, 1044);

INSERT INTO `ace_object_properties_bool` (`aceObjectId`, `boolPropertyId`, `propertyValue`)
VALUES (751, 13, True);

INSERT INTO `ace_object_properties_bool` (`aceObjectId`, `boolPropertyId`, `propertyValue`)
VALUES (751, 11, True);

INSERT INTO `ace_object_properties_bool` (`aceObjectId`, `boolPropertyId`, `propertyValue`)
VALUES (751, 14, True);

INSERT INTO `ace_object_palette_change` (`aceObjectId`, `subPaletteId`, `offset`, `length`)
VALUES (751, 67111922, 0, 0);

INSERT INTO `ace_object_texture_map_change` (`aceObjectId`, `index`, `oldId`, `newId`)
VALUES (751, 0, 83890069, 83890069);

INSERT INTO `ace_object_animation_change` (`aceObjectId`, `index`, `animationId`)
VALUES (751, 0, 16780687);

INSERT INTO ace_weenie_class (`weenieClassId`, `weenieClassDescription`)
VALUES (743, 'cedartalisman');

INSERT INTO `ace_object` (`aceObjectId`, `aceObjectDescriptionFlags`, `weenieClassId`, `weenieHeaderFlags`, `iconId`, `iconOverlayId`, `iconUnderlayId`, `modelTableId`, `soundTableId`, `motionTableId`, `currentMotionState`, `animationFrameId`, `physicsTableId`, `physicsDescriptionFlag`, `spellId`, `playScript`, `defaultScript`)
VALUES (743, 2125848, 743, 16, 100669711, NULL, NULL, 33555207, 536870932, NULL, NULL, 101, 872415275, 137217, NULL, NULL, NULL);

INSERT INTO `ace_object_properties_string` (`aceObjectId`, `strPropertyId`, `propertyValue`)
VALUES (743, 1, 'Cedar Talisman');

INSERT INTO `ace_object_properties_int` (`aceObjectId`, `intPropertyId`, `propertyValue`)
VALUES (743, 1, 4096);

INSERT INTO `ace_object_properties_int` (`aceObjectId`, `intPropertyId`, `propertyValue`)
VALUES (743, 3, 67111919);

INSERT INTO `ace_object_properties_int` (`aceObjectId`, `intPropertyId`, `propertyValue`)
VALUES (743, 5, 24);

INSERT INTO `ace_object_properties_int` (`aceObjectId`, `intPropertyId`, `propertyValue`)
VALUES (743, 11, 100);

INSERT INTO `ace_object_properties_int` (`aceObjectId`, `intPropertyId`, `propertyValue`)
VALUES (743, 12, 6);

INSERT INTO `ace_object_properties_int` (`aceObjectId`, `intPropertyId`, `propertyValue`)
VALUES (743, 16, 1);

INSERT INTO `ace_object_properties_int` (`aceObjectId`, `intPropertyId`, `propertyValue`)
VALUES (743, 19, 30);

INSERT INTO `ace_object_properties_int` (`aceObjectId`, `intPropertyId`, `propertyValue`)
VALUES (743, 93, 1044);

INSERT INTO `ace_object_properties_bool` (`aceObjectId`, `boolPropertyId`, `propertyValue`)
VALUES (743, 13, True);

INSERT INTO `ace_object_properties_bool` (`aceObjectId`, `boolPropertyId`, `propertyValue`)
VALUES (743, 11, True);

INSERT INTO `ace_object_properties_bool` (`aceObjectId`, `boolPropertyId`, `propertyValue`)
VALUES (743, 14, True);

INSERT INTO `ace_object_palette_change` (`aceObjectId`, `subPaletteId`, `offset`, `length`)
VALUES (743, 67111918, 0, 0);

INSERT INTO `ace_object_texture_map_change` (`aceObjectId`, `index`, `oldId`, `newId`)
VALUES (743, 0, 83890069, 83890069);

INSERT INTO `ace_object_animation_change` (`aceObjectId`, `index`, `animationId`)
VALUES (743, 0, 16780687);

INSERT INTO ace_weenie_class (`weenieClassId`, `weenieClassDescription`)
VALUES (746, 'hazeltalisman');

INSERT INTO `ace_object` (`aceObjectId`, `aceObjectDescriptionFlags`, `weenieClassId`, `weenieHeaderFlags`, `iconId`, `iconOverlayId`, `iconUnderlayId`, `modelTableId`, `soundTableId`, `motionTableId`, `currentMotionState`, `animationFrameId`, `physicsTableId`, `physicsDescriptionFlag`, `spellId`, `playScript`, `defaultScript`)
VALUES (746, 2125848, 746, 16, 100668395, NULL, NULL, 33555207, 536870932, NULL, NULL, 101, 872415275, 137217, NULL, NULL, NULL);

INSERT INTO `ace_object_properties_string` (`aceObjectId`, `strPropertyId`, `propertyValue`)
VALUES (746, 1, 'Hazel Talisman');

INSERT INTO `ace_object_properties_int` (`aceObjectId`, `intPropertyId`, `propertyValue`)
VALUES (746, 1, 4096);

INSERT INTO `ace_object_properties_int` (`aceObjectId`, `intPropertyId`, `propertyValue`)
VALUES (746, 3, 67111919);

INSERT INTO `ace_object_properties_int` (`aceObjectId`, `intPropertyId`, `propertyValue`)
VALUES (746, 5, 20);

INSERT INTO `ace_object_properties_int` (`aceObjectId`, `intPropertyId`, `propertyValue`)
VALUES (746, 11, 100);

INSERT INTO `ace_object_properties_int` (`aceObjectId`, `intPropertyId`, `propertyValue`)
VALUES (746, 12, 5);

INSERT INTO `ace_object_properties_int` (`aceObjectId`, `intPropertyId`, `propertyValue`)
VALUES (746, 16, 1);

INSERT INTO `ace_object_properties_int` (`aceObjectId`, `intPropertyId`, `propertyValue`)
VALUES (746, 19, 25);

INSERT INTO `ace_object_properties_int` (`aceObjectId`, `intPropertyId`, `propertyValue`)
VALUES (746, 93, 1044);

INSERT INTO `ace_object_properties_bool` (`aceObjectId`, `boolPropertyId`, `propertyValue`)
VALUES (746, 13, True);

INSERT INTO `ace_object_properties_bool` (`aceObjectId`, `boolPropertyId`, `propertyValue`)
VALUES (746, 11, True);

INSERT INTO `ace_object_properties_bool` (`aceObjectId`, `boolPropertyId`, `propertyValue`)
VALUES (746, 14, True);

INSERT INTO `ace_object_palette_change` (`aceObjectId`, `subPaletteId`, `offset`, `length`)
VALUES (746, 67111920, 0, 0);

INSERT INTO `ace_object_texture_map_change` (`aceObjectId`, `index`, `oldId`, `newId`)
VALUES (746, 0, 83890069, 83890069);

INSERT INTO `ace_object_animation_change` (`aceObjectId`, `index`, `animationId`)
VALUES (746, 0, 16780687);

INSERT INTO ace_weenie_class (`weenieClassId`, `weenieClassDescription`)
VALUES (750, 'rowantalisman');

INSERT INTO `ace_object` (`aceObjectId`, `aceObjectDescriptionFlags`, `weenieClassId`, `weenieHeaderFlags`, `iconId`, `iconOverlayId`, `iconUnderlayId`, `modelTableId`, `soundTableId`, `motionTableId`, `currentMotionState`, `animationFrameId`, `physicsTableId`, `physicsDescriptionFlag`, `spellId`, `playScript`, `defaultScript`)
VALUES (750, 2125848, 750, 16, 100669706, NULL, NULL, 33555207, 536870932, NULL, NULL, 101, 872415275, 137217, NULL, NULL, NULL);

INSERT INTO `ace_object_properties_string` (`aceObjectId`, `strPropertyId`, `propertyValue`)
VALUES (750, 1, 'Rowan Talisman');

INSERT INTO `ace_object_properties_int` (`aceObjectId`, `intPropertyId`, `propertyValue`)
VALUES (750, 1, 4096);

INSERT INTO `ace_object_properties_int` (`aceObjectId`, `intPropertyId`, `propertyValue`)
VALUES (750, 3, 67111919);

INSERT INTO `ace_object_properties_int` (`aceObjectId`, `intPropertyId`, `propertyValue`)
VALUES (750, 5, 20);

INSERT INTO `ace_object_properties_int` (`aceObjectId`, `intPropertyId`, `propertyValue`)
VALUES (750, 11, 100);

INSERT INTO `ace_object_properties_int` (`aceObjectId`, `intPropertyId`, `propertyValue`)
VALUES (750, 12, 5);

INSERT INTO `ace_object_properties_int` (`aceObjectId`, `intPropertyId`, `propertyValue`)
VALUES (750, 16, 1);

INSERT INTO `ace_object_properties_int` (`aceObjectId`, `intPropertyId`, `propertyValue`)
VALUES (750, 19, 25);

INSERT INTO `ace_object_properties_int` (`aceObjectId`, `intPropertyId`, `propertyValue`)
VALUES (750, 93, 1044);

INSERT INTO `ace_object_properties_bool` (`aceObjectId`, `boolPropertyId`, `propertyValue`)
VALUES (750, 13, True);

INSERT INTO `ace_object_properties_bool` (`aceObjectId`, `boolPropertyId`, `propertyValue`)
VALUES (750, 11, True);

INSERT INTO `ace_object_properties_bool` (`aceObjectId`, `boolPropertyId`, `propertyValue`)
VALUES (750, 14, True);

INSERT INTO `ace_object_palette_change` (`aceObjectId`, `subPaletteId`, `offset`, `length`)
VALUES (750, 67111919, 0, 0);

INSERT INTO `ace_object_texture_map_change` (`aceObjectId`, `index`, `oldId`, `newId`)
VALUES (750, 0, 83890069, 83890069);

INSERT INTO `ace_object_animation_change` (`aceObjectId`, `index`, `animationId`)
VALUES (750, 0, 16780687);

INSERT INTO ace_weenie_class (`weenieClassId`, `weenieClassDescription`)
VALUES (740, 'ashwoodtalisman');

INSERT INTO `ace_object` (`aceObjectId`, `aceObjectDescriptionFlags`, `weenieClassId`, `weenieHeaderFlags`, `iconId`, `iconOverlayId`, `iconUnderlayId`, `modelTableId`, `soundTableId`, `motionTableId`, `currentMotionState`, `animationFrameId`, `physicsTableId`, `physicsDescriptionFlag`, `spellId`, `playScript`, `defaultScript`)
VALUES (740, 2125848, 740, 16, 100668399, NULL, NULL, 33555207, 536870932, NULL, NULL, 101, 872415275, 137217, NULL, NULL, NULL);

INSERT INTO `ace_object_properties_string` (`aceObjectId`, `strPropertyId`, `propertyValue`)
VALUES (740, 1, 'Ashwood Talisman');

INSERT INTO `ace_object_properties_int` (`aceObjectId`, `intPropertyId`, `propertyValue`)
VALUES (740, 1, 4096);

INSERT INTO `ace_object_properties_int` (`aceObjectId`, `intPropertyId`, `propertyValue`)
VALUES (740, 3, 67111919);

INSERT INTO `ace_object_properties_int` (`aceObjectId`, `intPropertyId`, `propertyValue`)
VALUES (740, 5, 20);

INSERT INTO `ace_object_properties_int` (`aceObjectId`, `intPropertyId`, `propertyValue`)
VALUES (740, 11, 100);

INSERT INTO `ace_object_properties_int` (`aceObjectId`, `intPropertyId`, `propertyValue`)
VALUES (740, 12, 5);

INSERT INTO `ace_object_properties_int` (`aceObjectId`, `intPropertyId`, `propertyValue`)
VALUES (740, 16, 1);

INSERT INTO `ace_object_properties_int` (`aceObjectId`, `intPropertyId`, `propertyValue`)
VALUES (740, 19, 25);

INSERT INTO `ace_object_properties_int` (`aceObjectId`, `intPropertyId`, `propertyValue`)
VALUES (740, 93, 1044);

INSERT INTO `ace_object_properties_bool` (`aceObjectId`, `boolPropertyId`, `propertyValue`)
VALUES (740, 13, True);

INSERT INTO `ace_object_properties_bool` (`aceObjectId`, `boolPropertyId`, `propertyValue`)
VALUES (740, 11, True);

INSERT INTO `ace_object_properties_bool` (`aceObjectId`, `boolPropertyId`, `propertyValue`)
VALUES (740, 14, True);

INSERT INTO `ace_object_palette_change` (`aceObjectId`, `subPaletteId`, `offset`, `length`)
VALUES (740, 67111927, 0, 0);

INSERT INTO `ace_object_texture_map_change` (`aceObjectId`, `index`, `oldId`, `newId`)
VALUES (740, 0, 83890069, 83890069);

INSERT INTO `ace_object_animation_change` (`aceObjectId`, `index`, `animationId`)
VALUES (740, 0, 16780687);

INSERT INTO ace_weenie_class (`weenieClassId`, `weenieClassDescription`)
VALUES (764, 'alchemvitriol');

INSERT INTO `ace_object` (`aceObjectId`, `aceObjectDescriptionFlags`, `weenieClassId`, `weenieHeaderFlags`, `iconId`, `iconOverlayId`, `iconUnderlayId`, `modelTableId`, `soundTableId`, `motionTableId`, `currentMotionState`, `animationFrameId`, `physicsTableId`, `physicsDescriptionFlag`, `spellId`, `playScript`, `defaultScript`)
VALUES (764, 2125849, 764, 16, 100669714, NULL, NULL, 33555209, 536870932, NULL, NULL, 101, 872415275, 137217, NULL, NULL, NULL);

INSERT INTO `ace_object_properties_string` (`aceObjectId`, `strPropertyId`, `propertyValue`)
VALUES (764, 1, 'Vitriol');

INSERT INTO `ace_object_properties_int` (`aceObjectId`, `intPropertyId`, `propertyValue`)
VALUES (764, 1, 4096);

INSERT INTO `ace_object_properties_int` (`aceObjectId`, `intPropertyId`, `propertyValue`)
VALUES (764, 3, 67111919);

INSERT INTO `ace_object_properties_int` (`aceObjectId`, `intPropertyId`, `propertyValue`)
VALUES (764, 5, 40);

INSERT INTO `ace_object_properties_int` (`aceObjectId`, `intPropertyId`, `propertyValue`)
VALUES (764, 11, 100);

INSERT INTO `ace_object_properties_int` (`aceObjectId`, `intPropertyId`, `propertyValue`)
VALUES (764, 12, 10);

INSERT INTO `ace_object_properties_int` (`aceObjectId`, `intPropertyId`, `propertyValue`)
VALUES (764, 16, 1);

INSERT INTO `ace_object_properties_int` (`aceObjectId`, `intPropertyId`, `propertyValue`)
VALUES (764, 19, 50);

INSERT INTO `ace_object_properties_string` (`aceObjectId`, `strPropertyId`, `propertyValue`)
VALUES (764, 20, 'Vitriol Potions');

INSERT INTO `ace_object_properties_int` (`aceObjectId`, `intPropertyId`, `propertyValue`)
VALUES (764, 93, 1044);

INSERT INTO `ace_object_properties_bool` (`aceObjectId`, `boolPropertyId`, `propertyValue`)
VALUES (764, 13, True);

INSERT INTO `ace_object_properties_bool` (`aceObjectId`, `boolPropertyId`, `propertyValue`)
VALUES (764, 11, True);

INSERT INTO `ace_object_properties_bool` (`aceObjectId`, `boolPropertyId`, `propertyValue`)
VALUES (764, 14, True);

INSERT INTO `ace_object_palette_change` (`aceObjectId`, `subPaletteId`, `offset`, `length`)
VALUES (764, 67111924, 0, 0);

INSERT INTO `ace_object_texture_map_change` (`aceObjectId`, `index`, `oldId`, `newId`)
VALUES (764, 0, 83890051, 83890051);

INSERT INTO `ace_object_animation_change` (`aceObjectId`, `index`, `animationId`)
VALUES (764, 0, 16780684);

INSERT INTO ace_weenie_class (`weenieClassId`, `weenieClassDescription`)
VALUES (763, 'alchemverdigris');

INSERT INTO `ace_object` (`aceObjectId`, `aceObjectDescriptionFlags`, `weenieClassId`, `weenieHeaderFlags`, `iconId`, `iconOverlayId`, `iconUnderlayId`, `modelTableId`, `soundTableId`, `motionTableId`, `currentMotionState`, `animationFrameId`, `physicsTableId`, `physicsDescriptionFlag`, `spellId`, `playScript`, `defaultScript`)
VALUES (763, 2125849, 763, 16, 100668369, NULL, NULL, 33555209, 536870932, NULL, NULL, 101, 872415275, 137217, NULL, NULL, NULL);

INSERT INTO `ace_object_properties_string` (`aceObjectId`, `strPropertyId`, `propertyValue`)
VALUES (763, 1, 'Verdigris');

INSERT INTO `ace_object_properties_int` (`aceObjectId`, `intPropertyId`, `propertyValue`)
VALUES (763, 1, 4096);

INSERT INTO `ace_object_properties_int` (`aceObjectId`, `intPropertyId`, `propertyValue`)
VALUES (763, 3, 67111919);

INSERT INTO `ace_object_properties_int` (`aceObjectId`, `intPropertyId`, `propertyValue`)
VALUES (763, 5, 40);

INSERT INTO `ace_object_properties_int` (`aceObjectId`, `intPropertyId`, `propertyValue`)
VALUES (763, 11, 100);

INSERT INTO `ace_object_properties_int` (`aceObjectId`, `intPropertyId`, `propertyValue`)
VALUES (763, 12, 10);

INSERT INTO `ace_object_properties_int` (`aceObjectId`, `intPropertyId`, `propertyValue`)
VALUES (763, 16, 1);

INSERT INTO `ace_object_properties_int` (`aceObjectId`, `intPropertyId`, `propertyValue`)
VALUES (763, 19, 50);

INSERT INTO `ace_object_properties_string` (`aceObjectId`, `strPropertyId`, `propertyValue`)
VALUES (763, 20, 'Verdigris Potions');

INSERT INTO `ace_object_properties_int` (`aceObjectId`, `intPropertyId`, `propertyValue`)
VALUES (763, 93, 1044);

INSERT INTO `ace_object_properties_bool` (`aceObjectId`, `boolPropertyId`, `propertyValue`)
VALUES (763, 13, True);

INSERT INTO `ace_object_properties_bool` (`aceObjectId`, `boolPropertyId`, `propertyValue`)
VALUES (763, 11, True);

INSERT INTO `ace_object_properties_bool` (`aceObjectId`, `boolPropertyId`, `propertyValue`)
VALUES (763, 14, True);

INSERT INTO `ace_object_palette_change` (`aceObjectId`, `subPaletteId`, `offset`, `length`)
VALUES (763, 67111924, 0, 0);

INSERT INTO `ace_object_texture_map_change` (`aceObjectId`, `index`, `oldId`, `newId`)
VALUES (763, 0, 83890051, 83890051);

INSERT INTO `ace_object_animation_change` (`aceObjectId`, `index`, `animationId`)
VALUES (763, 0, 16780684);

INSERT INTO ace_weenie_class (`weenieClassId`, `weenieClassDescription`)
VALUES (762, 'alchemturpeth');

INSERT INTO `ace_object` (`aceObjectId`, `aceObjectDescriptionFlags`, `weenieClassId`, `weenieHeaderFlags`, `iconId`, `iconOverlayId`, `iconUnderlayId`, `modelTableId`, `soundTableId`, `motionTableId`, `currentMotionState`, `animationFrameId`, `physicsTableId`, `physicsDescriptionFlag`, `spellId`, `playScript`, `defaultScript`)
VALUES (762, 2125849, 762, 16, 100669699, NULL, NULL, 33555209, 536870932, NULL, NULL, 101, 872415275, 137217, NULL, NULL, NULL);

INSERT INTO `ace_object_properties_string` (`aceObjectId`, `strPropertyId`, `propertyValue`)
VALUES (762, 1, 'Turpeth');

INSERT INTO `ace_object_properties_int` (`aceObjectId`, `intPropertyId`, `propertyValue`)
VALUES (762, 1, 4096);

INSERT INTO `ace_object_properties_int` (`aceObjectId`, `intPropertyId`, `propertyValue`)
VALUES (762, 3, 67111919);

INSERT INTO `ace_object_properties_int` (`aceObjectId`, `intPropertyId`, `propertyValue`)
VALUES (762, 5, 44);

INSERT INTO `ace_object_properties_int` (`aceObjectId`, `intPropertyId`, `propertyValue`)
VALUES (762, 11, 100);

INSERT INTO `ace_object_properties_int` (`aceObjectId`, `intPropertyId`, `propertyValue`)
VALUES (762, 12, 11);

INSERT INTO `ace_object_properties_int` (`aceObjectId`, `intPropertyId`, `propertyValue`)
VALUES (762, 16, 1);

INSERT INTO `ace_object_properties_int` (`aceObjectId`, `intPropertyId`, `propertyValue`)
VALUES (762, 19, 55);

INSERT INTO `ace_object_properties_string` (`aceObjectId`, `strPropertyId`, `propertyValue`)
VALUES (762, 20, 'Turpeth Potions');

INSERT INTO `ace_object_properties_int` (`aceObjectId`, `intPropertyId`, `propertyValue`)
VALUES (762, 93, 1044);

INSERT INTO `ace_object_properties_bool` (`aceObjectId`, `boolPropertyId`, `propertyValue`)
VALUES (762, 13, True);

INSERT INTO `ace_object_properties_bool` (`aceObjectId`, `boolPropertyId`, `propertyValue`)
VALUES (762, 11, True);

INSERT INTO `ace_object_properties_bool` (`aceObjectId`, `boolPropertyId`, `propertyValue`)
VALUES (762, 14, True);

INSERT INTO `ace_object_palette_change` (`aceObjectId`, `subPaletteId`, `offset`, `length`)
VALUES (762, 67111920, 0, 0);

INSERT INTO `ace_object_texture_map_change` (`aceObjectId`, `index`, `oldId`, `newId`)
VALUES (762, 0, 83890051, 83890051);

INSERT INTO `ace_object_animation_change` (`aceObjectId`, `index`, `animationId`)
VALUES (762, 0, 16780684);

INSERT INTO ace_weenie_class (`weenieClassId`, `weenieClassDescription`)
VALUES (760, 'alchemrealgar');

INSERT INTO `ace_object` (`aceObjectId`, `aceObjectDescriptionFlags`, `weenieClassId`, `weenieHeaderFlags`, `iconId`, `iconOverlayId`, `iconUnderlayId`, `modelTableId`, `soundTableId`, `motionTableId`, `currentMotionState`, `animationFrameId`, `physicsTableId`, `physicsDescriptionFlag`, `spellId`, `playScript`, `defaultScript`)
VALUES (760, 2125849, 760, 16, 100669713, NULL, NULL, 33555209, 536870932, NULL, NULL, 101, 872415275, 137217, NULL, NULL, NULL);

INSERT INTO `ace_object_properties_string` (`aceObjectId`, `strPropertyId`, `propertyValue`)
VALUES (760, 1, 'Realgar');

INSERT INTO `ace_object_properties_int` (`aceObjectId`, `intPropertyId`, `propertyValue`)
VALUES (760, 1, 4096);

INSERT INTO `ace_object_properties_int` (`aceObjectId`, `intPropertyId`, `propertyValue`)
VALUES (760, 3, 67111919);

INSERT INTO `ace_object_properties_int` (`aceObjectId`, `intPropertyId`, `propertyValue`)
VALUES (760, 5, 40);

INSERT INTO `ace_object_properties_int` (`aceObjectId`, `intPropertyId`, `propertyValue`)
VALUES (760, 11, 100);

INSERT INTO `ace_object_properties_int` (`aceObjectId`, `intPropertyId`, `propertyValue`)
VALUES (760, 12, 10);

INSERT INTO `ace_object_properties_int` (`aceObjectId`, `intPropertyId`, `propertyValue`)
VALUES (760, 16, 1);

INSERT INTO `ace_object_properties_int` (`aceObjectId`, `intPropertyId`, `propertyValue`)
VALUES (760, 19, 50);

INSERT INTO `ace_object_properties_string` (`aceObjectId`, `strPropertyId`, `propertyValue`)
VALUES (760, 20, 'Realgar Potions');

INSERT INTO `ace_object_properties_int` (`aceObjectId`, `intPropertyId`, `propertyValue`)
VALUES (760, 93, 1044);

INSERT INTO `ace_object_properties_bool` (`aceObjectId`, `boolPropertyId`, `propertyValue`)
VALUES (760, 13, True);

INSERT INTO `ace_object_properties_bool` (`aceObjectId`, `boolPropertyId`, `propertyValue`)
VALUES (760, 11, True);

INSERT INTO `ace_object_properties_bool` (`aceObjectId`, `boolPropertyId`, `propertyValue`)
VALUES (760, 14, True);

INSERT INTO `ace_object_palette_change` (`aceObjectId`, `subPaletteId`, `offset`, `length`)
VALUES (760, 67111922, 0, 0);

INSERT INTO `ace_object_texture_map_change` (`aceObjectId`, `index`, `oldId`, `newId`)
VALUES (760, 0, 83890051, 83890051);

INSERT INTO `ace_object_animation_change` (`aceObjectId`, `index`, `animationId`)
VALUES (760, 0, 16780684);

INSERT INTO ace_weenie_class (`weenieClassId`, `weenieClassDescription`)
VALUES (756, 'alchemcobalt');

INSERT INTO `ace_object` (`aceObjectId`, `aceObjectDescriptionFlags`, `weenieClassId`, `weenieHeaderFlags`, `iconId`, `iconOverlayId`, `iconUnderlayId`, `modelTableId`, `soundTableId`, `motionTableId`, `currentMotionState`, `animationFrameId`, `physicsTableId`, `physicsDescriptionFlag`, `spellId`, `playScript`, `defaultScript`)
VALUES (756, 2125849, 756, 16, 100668368, NULL, NULL, 33555209, 536870932, NULL, NULL, 101, 872415275, 137217, NULL, NULL, NULL);

INSERT INTO `ace_object_properties_string` (`aceObjectId`, `strPropertyId`, `propertyValue`)
VALUES (756, 1, 'Cobalt');

INSERT INTO `ace_object_properties_int` (`aceObjectId`, `intPropertyId`, `propertyValue`)
VALUES (756, 1, 4096);

INSERT INTO `ace_object_properties_int` (`aceObjectId`, `intPropertyId`, `propertyValue`)
VALUES (756, 3, 67111919);

INSERT INTO `ace_object_properties_int` (`aceObjectId`, `intPropertyId`, `propertyValue`)
VALUES (756, 5, 36);

INSERT INTO `ace_object_properties_int` (`aceObjectId`, `intPropertyId`, `propertyValue`)
VALUES (756, 11, 100);

INSERT INTO `ace_object_properties_int` (`aceObjectId`, `intPropertyId`, `propertyValue`)
VALUES (756, 12, 9);

INSERT INTO `ace_object_properties_int` (`aceObjectId`, `intPropertyId`, `propertyValue`)
VALUES (756, 16, 1);

INSERT INTO `ace_object_properties_int` (`aceObjectId`, `intPropertyId`, `propertyValue`)
VALUES (756, 19, 45);

INSERT INTO `ace_object_properties_string` (`aceObjectId`, `strPropertyId`, `propertyValue`)
VALUES (756, 20, 'Cobalt Potions');

INSERT INTO `ace_object_properties_int` (`aceObjectId`, `intPropertyId`, `propertyValue`)
VALUES (756, 93, 1044);

INSERT INTO `ace_object_properties_bool` (`aceObjectId`, `boolPropertyId`, `propertyValue`)
VALUES (756, 13, True);

INSERT INTO `ace_object_properties_bool` (`aceObjectId`, `boolPropertyId`, `propertyValue`)
VALUES (756, 11, True);

INSERT INTO `ace_object_properties_bool` (`aceObjectId`, `boolPropertyId`, `propertyValue`)
VALUES (756, 14, True);

INSERT INTO `ace_object_palette_change` (`aceObjectId`, `subPaletteId`, `offset`, `length`)
VALUES (756, 67111919, 0, 0);

INSERT INTO `ace_object_texture_map_change` (`aceObjectId`, `index`, `oldId`, `newId`)
VALUES (756, 0, 83890051, 83890051);

INSERT INTO `ace_object_animation_change` (`aceObjectId`, `index`, `animationId`)
VALUES (756, 0, 16780684);

INSERT INTO ace_weenie_class (`weenieClassId`, `weenieClassDescription`)
VALUES (759, 'alchemquicksilver');

INSERT INTO `ace_object` (`aceObjectId`, `aceObjectDescriptionFlags`, `weenieClassId`, `weenieHeaderFlags`, `iconId`, `iconOverlayId`, `iconUnderlayId`, `modelTableId`, `soundTableId`, `motionTableId`, `currentMotionState`, `animationFrameId`, `physicsTableId`, `physicsDescriptionFlag`, `spellId`, `playScript`, `defaultScript`)
VALUES (759, 2125849, 759, 16, 100668370, NULL, NULL, 33555209, 536870932, NULL, NULL, 101, 872415275, 137217, NULL, NULL, NULL);

INSERT INTO `ace_object_properties_string` (`aceObjectId`, `strPropertyId`, `propertyValue`)
VALUES (759, 1, 'Quicksilver');

INSERT INTO `ace_object_properties_int` (`aceObjectId`, `intPropertyId`, `propertyValue`)
VALUES (759, 1, 4096);

INSERT INTO `ace_object_properties_int` (`aceObjectId`, `intPropertyId`, `propertyValue`)
VALUES (759, 3, 67111919);

INSERT INTO `ace_object_properties_int` (`aceObjectId`, `intPropertyId`, `propertyValue`)
VALUES (759, 5, 24);

INSERT INTO `ace_object_properties_int` (`aceObjectId`, `intPropertyId`, `propertyValue`)
VALUES (759, 11, 100);

INSERT INTO `ace_object_properties_int` (`aceObjectId`, `intPropertyId`, `propertyValue`)
VALUES (759, 12, 6);

INSERT INTO `ace_object_properties_int` (`aceObjectId`, `intPropertyId`, `propertyValue`)
VALUES (759, 16, 1);

INSERT INTO `ace_object_properties_int` (`aceObjectId`, `intPropertyId`, `propertyValue`)
VALUES (759, 19, 30);

INSERT INTO `ace_object_properties_string` (`aceObjectId`, `strPropertyId`, `propertyValue`)
VALUES (759, 20, 'Quicksilver Potions');

INSERT INTO `ace_object_properties_int` (`aceObjectId`, `intPropertyId`, `propertyValue`)
VALUES (759, 93, 1044);

INSERT INTO `ace_object_properties_bool` (`aceObjectId`, `boolPropertyId`, `propertyValue`)
VALUES (759, 13, True);

INSERT INTO `ace_object_properties_bool` (`aceObjectId`, `boolPropertyId`, `propertyValue`)
VALUES (759, 11, True);

INSERT INTO `ace_object_properties_bool` (`aceObjectId`, `boolPropertyId`, `propertyValue`)
VALUES (759, 14, True);

INSERT INTO `ace_object_palette_change` (`aceObjectId`, `subPaletteId`, `offset`, `length`)
VALUES (759, 67111921, 0, 0);

INSERT INTO `ace_object_texture_map_change` (`aceObjectId`, `index`, `oldId`, `newId`)
VALUES (759, 0, 83890051, 83890051);

INSERT INTO `ace_object_animation_change` (`aceObjectId`, `index`, `animationId`)
VALUES (759, 0, 16780684);

INSERT INTO ace_weenie_class (`weenieClassId`, `weenieClassDescription`)
VALUES (757, 'alchemcolcothar');

INSERT INTO `ace_object` (`aceObjectId`, `aceObjectDescriptionFlags`, `weenieClassId`, `weenieHeaderFlags`, `iconId`, `iconOverlayId`, `iconUnderlayId`, `modelTableId`, `soundTableId`, `motionTableId`, `currentMotionState`, `animationFrameId`, `physicsTableId`, `physicsDescriptionFlag`, `spellId`, `playScript`, `defaultScript`)
VALUES (757, 2125849, 757, 16, 100669701, NULL, NULL, 33555209, 536870932, NULL, NULL, 101, 872415275, 137217, NULL, NULL, NULL);

INSERT INTO `ace_object_properties_string` (`aceObjectId`, `strPropertyId`, `propertyValue`)
VALUES (757, 1, 'Colcothar');

INSERT INTO `ace_object_properties_int` (`aceObjectId`, `intPropertyId`, `propertyValue`)
VALUES (757, 1, 4096);

INSERT INTO `ace_object_properties_int` (`aceObjectId`, `intPropertyId`, `propertyValue`)
VALUES (757, 3, 67111919);

INSERT INTO `ace_object_properties_int` (`aceObjectId`, `intPropertyId`, `propertyValue`)
VALUES (757, 5, 108);

INSERT INTO `ace_object_properties_int` (`aceObjectId`, `intPropertyId`, `propertyValue`)
VALUES (757, 11, 100);

INSERT INTO `ace_object_properties_int` (`aceObjectId`, `intPropertyId`, `propertyValue`)
VALUES (757, 12, 27);

INSERT INTO `ace_object_properties_int` (`aceObjectId`, `intPropertyId`, `propertyValue`)
VALUES (757, 16, 1);

INSERT INTO `ace_object_properties_int` (`aceObjectId`, `intPropertyId`, `propertyValue`)
VALUES (757, 19, 135);

INSERT INTO `ace_object_properties_string` (`aceObjectId`, `strPropertyId`, `propertyValue`)
VALUES (757, 20, 'Colcothar Potions');

INSERT INTO `ace_object_properties_int` (`aceObjectId`, `intPropertyId`, `propertyValue`)
VALUES (757, 93, 1044);

INSERT INTO `ace_object_properties_bool` (`aceObjectId`, `boolPropertyId`, `propertyValue`)
VALUES (757, 13, True);

INSERT INTO `ace_object_properties_bool` (`aceObjectId`, `boolPropertyId`, `propertyValue`)
VALUES (757, 11, True);

INSERT INTO `ace_object_properties_bool` (`aceObjectId`, `boolPropertyId`, `propertyValue`)
VALUES (757, 14, True);

INSERT INTO `ace_object_palette_change` (`aceObjectId`, `subPaletteId`, `offset`, `length`)
VALUES (757, 67111922, 0, 0);

INSERT INTO `ace_object_texture_map_change` (`aceObjectId`, `index`, `oldId`, `newId`)
VALUES (757, 0, 83890051, 83890051);

INSERT INTO `ace_object_animation_change` (`aceObjectId`, `index`, `animationId`)
VALUES (757, 0, 16780684);

INSERT INTO ace_weenie_class (`weenieClassId`, `weenieClassDescription`)
VALUES (753, 'alchembrimstone');

INSERT INTO `ace_object` (`aceObjectId`, `aceObjectDescriptionFlags`, `weenieClassId`, `weenieHeaderFlags`, `iconId`, `iconOverlayId`, `iconUnderlayId`, `modelTableId`, `soundTableId`, `motionTableId`, `currentMotionState`, `animationFrameId`, `physicsTableId`, `physicsDescriptionFlag`, `spellId`, `playScript`, `defaultScript`)
VALUES (753, 2125849, 753, 16, 100668375, NULL, NULL, 33555209, 536870932, NULL, NULL, 101, 872415275, 137217, NULL, NULL, NULL);

INSERT INTO `ace_object_properties_string` (`aceObjectId`, `strPropertyId`, `propertyValue`)
VALUES (753, 1, 'Brimstone');

INSERT INTO `ace_object_properties_int` (`aceObjectId`, `intPropertyId`, `propertyValue`)
VALUES (753, 1, 4096);

INSERT INTO `ace_object_properties_int` (`aceObjectId`, `intPropertyId`, `propertyValue`)
VALUES (753, 3, 67111919);

INSERT INTO `ace_object_properties_int` (`aceObjectId`, `intPropertyId`, `propertyValue`)
VALUES (753, 5, 40);

INSERT INTO `ace_object_properties_int` (`aceObjectId`, `intPropertyId`, `propertyValue`)
VALUES (753, 11, 100);

INSERT INTO `ace_object_properties_int` (`aceObjectId`, `intPropertyId`, `propertyValue`)
VALUES (753, 12, 10);

INSERT INTO `ace_object_properties_int` (`aceObjectId`, `intPropertyId`, `propertyValue`)
VALUES (753, 16, 1);

INSERT INTO `ace_object_properties_int` (`aceObjectId`, `intPropertyId`, `propertyValue`)
VALUES (753, 19, 50);

INSERT INTO `ace_object_properties_string` (`aceObjectId`, `strPropertyId`, `propertyValue`)
VALUES (753, 20, 'Brimstone Potions');

INSERT INTO `ace_object_properties_int` (`aceObjectId`, `intPropertyId`, `propertyValue`)
VALUES (753, 93, 1044);

INSERT INTO `ace_object_properties_bool` (`aceObjectId`, `boolPropertyId`, `propertyValue`)
VALUES (753, 13, True);

INSERT INTO `ace_object_properties_bool` (`aceObjectId`, `boolPropertyId`, `propertyValue`)
VALUES (753, 11, True);

INSERT INTO `ace_object_properties_bool` (`aceObjectId`, `boolPropertyId`, `propertyValue`)
VALUES (753, 14, True);

INSERT INTO `ace_object_palette_change` (`aceObjectId`, `subPaletteId`, `offset`, `length`)
VALUES (753, 67111920, 0, 0);

INSERT INTO `ace_object_texture_map_change` (`aceObjectId`, `index`, `oldId`, `newId`)
VALUES (753, 0, 83890051, 83890051);

INSERT INTO `ace_object_animation_change` (`aceObjectId`, `index`, `animationId`)
VALUES (753, 0, 16780684);

INSERT INTO ace_weenie_class (`weenieClassId`, `weenieClassDescription`)
VALUES (758, 'alchemgypsum');

INSERT INTO `ace_object` (`aceObjectId`, `aceObjectDescriptionFlags`, `weenieClassId`, `weenieHeaderFlags`, `iconId`, `iconOverlayId`, `iconUnderlayId`, `modelTableId`, `soundTableId`, `motionTableId`, `currentMotionState`, `animationFrameId`, `physicsTableId`, `physicsDescriptionFlag`, `spellId`, `playScript`, `defaultScript`)
VALUES (758, 2125849, 758, 16, 100669698, NULL, NULL, 33555209, 536870932, NULL, NULL, 101, 872415275, 137217, NULL, NULL, NULL);

INSERT INTO `ace_object_properties_string` (`aceObjectId`, `strPropertyId`, `propertyValue`)
VALUES (758, 1, 'Gypsum');

INSERT INTO `ace_object_properties_int` (`aceObjectId`, `intPropertyId`, `propertyValue`)
VALUES (758, 1, 4096);

INSERT INTO `ace_object_properties_int` (`aceObjectId`, `intPropertyId`, `propertyValue`)
VALUES (758, 3, 67111919);

INSERT INTO `ace_object_properties_int` (`aceObjectId`, `intPropertyId`, `propertyValue`)
VALUES (758, 5, 36);

INSERT INTO `ace_object_properties_int` (`aceObjectId`, `intPropertyId`, `propertyValue`)
VALUES (758, 11, 100);

INSERT INTO `ace_object_properties_int` (`aceObjectId`, `intPropertyId`, `propertyValue`)
VALUES (758, 12, 9);

INSERT INTO `ace_object_properties_int` (`aceObjectId`, `intPropertyId`, `propertyValue`)
VALUES (758, 16, 1);

INSERT INTO `ace_object_properties_int` (`aceObjectId`, `intPropertyId`, `propertyValue`)
VALUES (758, 19, 45);

INSERT INTO `ace_object_properties_string` (`aceObjectId`, `strPropertyId`, `propertyValue`)
VALUES (758, 20, 'Gypsum Potions');

INSERT INTO `ace_object_properties_int` (`aceObjectId`, `intPropertyId`, `propertyValue`)
VALUES (758, 93, 1044);

INSERT INTO `ace_object_properties_bool` (`aceObjectId`, `boolPropertyId`, `propertyValue`)
VALUES (758, 13, True);

INSERT INTO `ace_object_properties_bool` (`aceObjectId`, `boolPropertyId`, `propertyValue`)
VALUES (758, 11, True);

INSERT INTO `ace_object_properties_bool` (`aceObjectId`, `boolPropertyId`, `propertyValue`)
VALUES (758, 14, True);

INSERT INTO `ace_object_palette_change` (`aceObjectId`, `subPaletteId`, `offset`, `length`)
VALUES (758, 67111927, 0, 0);

INSERT INTO `ace_object_texture_map_change` (`aceObjectId`, `index`, `oldId`, `newId`)
VALUES (758, 0, 83890051, 83890051);

INSERT INTO `ace_object_animation_change` (`aceObjectId`, `index`, `animationId`)
VALUES (758, 0, 16780684);

INSERT INTO ace_weenie_class (`weenieClassId`, `weenieClassDescription`)
VALUES (783, 'amber');

INSERT INTO `ace_object` (`aceObjectId`, `aceObjectDescriptionFlags`, `weenieClassId`, `weenieHeaderFlags`, `iconId`, `iconOverlayId`, `iconUnderlayId`, `modelTableId`, `soundTableId`, `motionTableId`, `currentMotionState`, `animationFrameId`, `physicsTableId`, `physicsDescriptionFlag`, `spellId`, `playScript`, `defaultScript`)
VALUES (783, 2125849, 783, 16, 100668383, NULL, NULL, 33555208, 536870932, NULL, NULL, 101, 872415275, 137217, NULL, NULL, NULL);

INSERT INTO `ace_object_properties_string` (`aceObjectId`, `strPropertyId`, `propertyValue`)
VALUES (783, 1, 'Powdered Amber');

INSERT INTO `ace_object_properties_int` (`aceObjectId`, `intPropertyId`, `propertyValue`)
VALUES (783, 1, 4096);

INSERT INTO `ace_object_properties_int` (`aceObjectId`, `intPropertyId`, `propertyValue`)
VALUES (783, 3, 67111919);

INSERT INTO `ace_object_properties_int` (`aceObjectId`, `intPropertyId`, `propertyValue`)
VALUES (783, 5, 104);

INSERT INTO `ace_object_properties_int` (`aceObjectId`, `intPropertyId`, `propertyValue`)
VALUES (783, 11, 100);

INSERT INTO `ace_object_properties_int` (`aceObjectId`, `intPropertyId`, `propertyValue`)
VALUES (783, 12, 26);

INSERT INTO `ace_object_properties_int` (`aceObjectId`, `intPropertyId`, `propertyValue`)
VALUES (783, 16, 1);

INSERT INTO `ace_object_properties_int` (`aceObjectId`, `intPropertyId`, `propertyValue`)
VALUES (783, 19, 130);

INSERT INTO `ace_object_properties_string` (`aceObjectId`, `strPropertyId`, `propertyValue`)
VALUES (783, 20, 'Powdered Ambers');

INSERT INTO `ace_object_properties_int` (`aceObjectId`, `intPropertyId`, `propertyValue`)
VALUES (783, 93, 1044);

INSERT INTO `ace_object_properties_bool` (`aceObjectId`, `boolPropertyId`, `propertyValue`)
VALUES (783, 13, True);

INSERT INTO `ace_object_properties_bool` (`aceObjectId`, `boolPropertyId`, `propertyValue`)
VALUES (783, 11, True);

INSERT INTO `ace_object_properties_bool` (`aceObjectId`, `boolPropertyId`, `propertyValue`)
VALUES (783, 14, True);

INSERT INTO `ace_object_palette_change` (`aceObjectId`, `subPaletteId`, `offset`, `length`)
VALUES (783, 67111920, 0, 0);

INSERT INTO `ace_object_texture_map_change` (`aceObjectId`, `index`, `oldId`, `newId`)
VALUES (783, 0, 83890080, 83890080);

INSERT INTO `ace_object_animation_change` (`aceObjectId`, `index`, `animationId`)
VALUES (783, 0, 16780681);

INSERT INTO ace_weenie_class (`weenieClassId`, `weenieClassDescription`)
VALUES (790, 'onyx');

INSERT INTO `ace_object` (`aceObjectId`, `aceObjectDescriptionFlags`, `weenieClassId`, `weenieHeaderFlags`, `iconId`, `iconOverlayId`, `iconUnderlayId`, `modelTableId`, `soundTableId`, `motionTableId`, `currentMotionState`, `animationFrameId`, `physicsTableId`, `physicsDescriptionFlag`, `spellId`, `playScript`, `defaultScript`)
VALUES (790, 2125849, 790, 16, 100668376, NULL, NULL, 33555208, 536870932, NULL, NULL, 101, 872415275, 137217, NULL, NULL, NULL);

INSERT INTO `ace_object_properties_string` (`aceObjectId`, `strPropertyId`, `propertyValue`)
VALUES (790, 1, 'Powdered Onyx');

INSERT INTO `ace_object_properties_int` (`aceObjectId`, `intPropertyId`, `propertyValue`)
VALUES (790, 1, 4096);

INSERT INTO `ace_object_properties_int` (`aceObjectId`, `intPropertyId`, `propertyValue`)
VALUES (790, 3, 67111919);

INSERT INTO `ace_object_properties_int` (`aceObjectId`, `intPropertyId`, `propertyValue`)
VALUES (790, 5, 56);

INSERT INTO `ace_object_properties_int` (`aceObjectId`, `intPropertyId`, `propertyValue`)
VALUES (790, 11, 100);

INSERT INTO `ace_object_properties_int` (`aceObjectId`, `intPropertyId`, `propertyValue`)
VALUES (790, 12, 14);

INSERT INTO `ace_object_properties_int` (`aceObjectId`, `intPropertyId`, `propertyValue`)
VALUES (790, 16, 1);

INSERT INTO `ace_object_properties_int` (`aceObjectId`, `intPropertyId`, `propertyValue`)
VALUES (790, 19, 70);

INSERT INTO `ace_object_properties_string` (`aceObjectId`, `strPropertyId`, `propertyValue`)
VALUES (790, 20, 'Powdered Onyx');

INSERT INTO `ace_object_properties_int` (`aceObjectId`, `intPropertyId`, `propertyValue`)
VALUES (790, 93, 1044);

INSERT INTO `ace_object_properties_bool` (`aceObjectId`, `boolPropertyId`, `propertyValue`)
VALUES (790, 13, True);

INSERT INTO `ace_object_properties_bool` (`aceObjectId`, `boolPropertyId`, `propertyValue`)
VALUES (790, 11, True);

INSERT INTO `ace_object_properties_bool` (`aceObjectId`, `boolPropertyId`, `propertyValue`)
VALUES (790, 14, True);

INSERT INTO `ace_object_palette_change` (`aceObjectId`, `subPaletteId`, `offset`, `length`)
VALUES (790, 67111918, 0, 0);

INSERT INTO `ace_object_texture_map_change` (`aceObjectId`, `index`, `oldId`, `newId`)
VALUES (790, 0, 83890080, 83890080);

INSERT INTO `ace_object_animation_change` (`aceObjectId`, `index`, `animationId`)
VALUES (790, 0, 16780681);

INSERT INTO ace_weenie_class (`weenieClassId`, `weenieClassDescription`)
VALUES (788, 'malachite');

INSERT INTO `ace_object` (`aceObjectId`, `aceObjectDescriptionFlags`, `weenieClassId`, `weenieHeaderFlags`, `iconId`, `iconOverlayId`, `iconUnderlayId`, `modelTableId`, `soundTableId`, `motionTableId`, `currentMotionState`, `animationFrameId`, `physicsTableId`, `physicsDescriptionFlag`, `spellId`, `playScript`, `defaultScript`)
VALUES (788, 2125849, 788, 16, 100669704, NULL, NULL, 33555208, 536870932, NULL, NULL, 101, 872415275, 137217, NULL, NULL, NULL);

INSERT INTO `ace_object_properties_string` (`aceObjectId`, `strPropertyId`, `propertyValue`)
VALUES (788, 1, 'Powdered Malachite');

INSERT INTO `ace_object_properties_int` (`aceObjectId`, `intPropertyId`, `propertyValue`)
VALUES (788, 1, 4096);

INSERT INTO `ace_object_properties_int` (`aceObjectId`, `intPropertyId`, `propertyValue`)
VALUES (788, 3, 67111919);

INSERT INTO `ace_object_properties_int` (`aceObjectId`, `intPropertyId`, `propertyValue`)
VALUES (788, 5, 28);

INSERT INTO `ace_object_properties_int` (`aceObjectId`, `intPropertyId`, `propertyValue`)
VALUES (788, 11, 100);

INSERT INTO `ace_object_properties_int` (`aceObjectId`, `intPropertyId`, `propertyValue`)
VALUES (788, 12, 7);

INSERT INTO `ace_object_properties_int` (`aceObjectId`, `intPropertyId`, `propertyValue`)
VALUES (788, 16, 1);

INSERT INTO `ace_object_properties_int` (`aceObjectId`, `intPropertyId`, `propertyValue`)
VALUES (788, 19, 35);

INSERT INTO `ace_object_properties_string` (`aceObjectId`, `strPropertyId`, `propertyValue`)
VALUES (788, 20, 'Powdered Malachites');

INSERT INTO `ace_object_properties_int` (`aceObjectId`, `intPropertyId`, `propertyValue`)
VALUES (788, 93, 1044);

INSERT INTO `ace_object_properties_bool` (`aceObjectId`, `boolPropertyId`, `propertyValue`)
VALUES (788, 13, True);

INSERT INTO `ace_object_properties_bool` (`aceObjectId`, `boolPropertyId`, `propertyValue`)
VALUES (788, 11, True);

INSERT INTO `ace_object_properties_bool` (`aceObjectId`, `boolPropertyId`, `propertyValue`)
VALUES (788, 14, True);

INSERT INTO `ace_object_palette_change` (`aceObjectId`, `subPaletteId`, `offset`, `length`)
VALUES (788, 67111924, 0, 0);

INSERT INTO `ace_object_texture_map_change` (`aceObjectId`, `index`, `oldId`, `newId`)
VALUES (788, 0, 83890080, 83890080);

INSERT INTO `ace_object_animation_change` (`aceObjectId`, `index`, `animationId`)
VALUES (788, 0, 16780681);

INSERT INTO ace_weenie_class (`weenieClassId`, `weenieClassDescription`)
VALUES (1647, 'taperindigo');

INSERT INTO `ace_object` (`aceObjectId`, `aceObjectDescriptionFlags`, `weenieClassId`, `weenieHeaderFlags`, `iconId`, `iconOverlayId`, `iconUnderlayId`, `modelTableId`, `soundTableId`, `motionTableId`, `currentMotionState`, `animationFrameId`, `physicsTableId`, `physicsDescriptionFlag`, `spellId`, `playScript`, `defaultScript`)
VALUES (1647, 2125848, 1647, 16, 100668323, NULL, NULL, 33555445, 536870932, NULL, NULL, 101, 872415275, 137217, NULL, NULL, NULL);

INSERT INTO `ace_object_properties_string` (`aceObjectId`, `strPropertyId`, `propertyValue`)
VALUES (1647, 1, 'Indigo Taper');

INSERT INTO `ace_object_properties_int` (`aceObjectId`, `intPropertyId`, `propertyValue`)
VALUES (1647, 1, 4096);

INSERT INTO `ace_object_properties_int` (`aceObjectId`, `intPropertyId`, `propertyValue`)
VALUES (1647, 5, 12);

INSERT INTO `ace_object_properties_int` (`aceObjectId`, `intPropertyId`, `propertyValue`)
VALUES (1647, 11, 100);

INSERT INTO `ace_object_properties_int` (`aceObjectId`, `intPropertyId`, `propertyValue`)
VALUES (1647, 12, 3);

INSERT INTO `ace_object_properties_int` (`aceObjectId`, `intPropertyId`, `propertyValue`)
VALUES (1647, 16, 1);

INSERT INTO `ace_object_properties_int` (`aceObjectId`, `intPropertyId`, `propertyValue`)
VALUES (1647, 19, 75);

INSERT INTO `ace_object_properties_int` (`aceObjectId`, `intPropertyId`, `propertyValue`)
VALUES (1647, 93, 1044);

INSERT INTO `ace_object_properties_bool` (`aceObjectId`, `boolPropertyId`, `propertyValue`)
VALUES (1647, 13, True);

INSERT INTO `ace_object_properties_bool` (`aceObjectId`, `boolPropertyId`, `propertyValue`)
VALUES (1647, 11, True);

INSERT INTO `ace_object_properties_bool` (`aceObjectId`, `boolPropertyId`, `propertyValue`)
VALUES (1647, 14, True);

INSERT INTO `ace_object_texture_map_change` (`aceObjectId`, `index`, `oldId`, `newId`)
VALUES (1647, 0, 83890928, 83890935);

INSERT INTO `ace_object_animation_change` (`aceObjectId`, `index`, `animationId`)
VALUES (1647, 0, 16781612);

INSERT INTO ace_weenie_class (`weenieClassId`, `weenieClassDescription`)
VALUES (1650, 'taperred');

INSERT INTO `ace_object` (`aceObjectId`, `aceObjectDescriptionFlags`, `weenieClassId`, `weenieHeaderFlags`, `iconId`, `iconOverlayId`, `iconUnderlayId`, `modelTableId`, `soundTableId`, `motionTableId`, `currentMotionState`, `animationFrameId`, `physicsTableId`, `physicsDescriptionFlag`, `spellId`, `playScript`, `defaultScript`)
VALUES (1650, 2125848, 1650, 16, 100668326, NULL, NULL, 33555445, 536870932, NULL, NULL, 101, 872415275, 137217, NULL, NULL, NULL);

INSERT INTO `ace_object_properties_string` (`aceObjectId`, `strPropertyId`, `propertyValue`)
VALUES (1650, 1, 'Red Taper');

INSERT INTO `ace_object_properties_int` (`aceObjectId`, `intPropertyId`, `propertyValue`)
VALUES (1650, 1, 4096);

INSERT INTO `ace_object_properties_int` (`aceObjectId`, `intPropertyId`, `propertyValue`)
VALUES (1650, 5, 12);

INSERT INTO `ace_object_properties_int` (`aceObjectId`, `intPropertyId`, `propertyValue`)
VALUES (1650, 11, 100);

INSERT INTO `ace_object_properties_int` (`aceObjectId`, `intPropertyId`, `propertyValue`)
VALUES (1650, 12, 3);

INSERT INTO `ace_object_properties_int` (`aceObjectId`, `intPropertyId`, `propertyValue`)
VALUES (1650, 16, 1);

INSERT INTO `ace_object_properties_int` (`aceObjectId`, `intPropertyId`, `propertyValue`)
VALUES (1650, 19, 75);

INSERT INTO `ace_object_properties_int` (`aceObjectId`, `intPropertyId`, `propertyValue`)
VALUES (1650, 93, 1044);

INSERT INTO `ace_object_properties_bool` (`aceObjectId`, `boolPropertyId`, `propertyValue`)
VALUES (1650, 13, True);

INSERT INTO `ace_object_properties_bool` (`aceObjectId`, `boolPropertyId`, `propertyValue`)
VALUES (1650, 11, True);

INSERT INTO `ace_object_properties_bool` (`aceObjectId`, `boolPropertyId`, `propertyValue`)
VALUES (1650, 14, True);

INSERT INTO `ace_object_texture_map_change` (`aceObjectId`, `index`, `oldId`, `newId`)
VALUES (1650, 0, 83890928, 83890931);

INSERT INTO `ace_object_animation_change` (`aceObjectId`, `index`, `animationId`)
VALUES (1650, 0, 16781612);

INSERT INTO ace_weenie_class (`weenieClassId`, `weenieClassDescription`)
VALUES (1653, 'taperyellow');

INSERT INTO `ace_object` (`aceObjectId`, `aceObjectDescriptionFlags`, `weenieClassId`, `weenieHeaderFlags`, `iconId`, `iconOverlayId`, `iconUnderlayId`, `modelTableId`, `soundTableId`, `motionTableId`, `currentMotionState`, `animationFrameId`, `physicsTableId`, `physicsDescriptionFlag`, `spellId`, `playScript`, `defaultScript`)
VALUES (1653, 2125848, 1653, 16, 100668329, NULL, NULL, 33555445, 536870932, NULL, NULL, 101, 872415275, 137217, NULL, NULL, NULL);

INSERT INTO `ace_object_properties_string` (`aceObjectId`, `strPropertyId`, `propertyValue`)
VALUES (1653, 1, 'Yellow Taper');

INSERT INTO `ace_object_properties_int` (`aceObjectId`, `intPropertyId`, `propertyValue`)
VALUES (1653, 1, 4096);

INSERT INTO `ace_object_properties_int` (`aceObjectId`, `intPropertyId`, `propertyValue`)
VALUES (1653, 5, 12);

INSERT INTO `ace_object_properties_int` (`aceObjectId`, `intPropertyId`, `propertyValue`)
VALUES (1653, 11, 100);

INSERT INTO `ace_object_properties_int` (`aceObjectId`, `intPropertyId`, `propertyValue`)
VALUES (1653, 12, 3);

INSERT INTO `ace_object_properties_int` (`aceObjectId`, `intPropertyId`, `propertyValue`)
VALUES (1653, 16, 1);

INSERT INTO `ace_object_properties_int` (`aceObjectId`, `intPropertyId`, `propertyValue`)
VALUES (1653, 19, 75);

INSERT INTO `ace_object_properties_int` (`aceObjectId`, `intPropertyId`, `propertyValue`)
VALUES (1653, 93, 1044);

INSERT INTO `ace_object_properties_bool` (`aceObjectId`, `boolPropertyId`, `propertyValue`)
VALUES (1653, 13, True);

INSERT INTO `ace_object_properties_bool` (`aceObjectId`, `boolPropertyId`, `propertyValue`)
VALUES (1653, 11, True);

INSERT INTO `ace_object_properties_bool` (`aceObjectId`, `boolPropertyId`, `propertyValue`)
VALUES (1653, 14, True);

INSERT INTO `ace_object_texture_map_change` (`aceObjectId`, `index`, `oldId`, `newId`)
VALUES (1653, 0, 83890928, 83890926);

INSERT INTO `ace_object_animation_change` (`aceObjectId`, `index`, `animationId`)
VALUES (1653, 0, 16781612);

INSERT INTO ace_weenie_class (`weenieClassId`, `weenieClassDescription`)
VALUES (1643, 'taperblue');

INSERT INTO `ace_object` (`aceObjectId`, `aceObjectDescriptionFlags`, `weenieClassId`, `weenieHeaderFlags`, `iconId`, `iconOverlayId`, `iconUnderlayId`, `modelTableId`, `soundTableId`, `motionTableId`, `currentMotionState`, `animationFrameId`, `physicsTableId`, `physicsDescriptionFlag`, `spellId`, `playScript`, `defaultScript`)
VALUES (1643, 2125848, 1643, 16, 100668318, NULL, NULL, 33555445, 536870932, NULL, NULL, 101, 872415275, 137217, NULL, NULL, NULL);

INSERT INTO `ace_object_properties_string` (`aceObjectId`, `strPropertyId`, `propertyValue`)
VALUES (1643, 1, 'Blue Taper');

INSERT INTO `ace_object_properties_int` (`aceObjectId`, `intPropertyId`, `propertyValue`)
VALUES (1643, 1, 4096);

INSERT INTO `ace_object_properties_int` (`aceObjectId`, `intPropertyId`, `propertyValue`)
VALUES (1643, 5, 8);

INSERT INTO `ace_object_properties_int` (`aceObjectId`, `intPropertyId`, `propertyValue`)
VALUES (1643, 11, 100);

INSERT INTO `ace_object_properties_int` (`aceObjectId`, `intPropertyId`, `propertyValue`)
VALUES (1643, 12, 2);

INSERT INTO `ace_object_properties_int` (`aceObjectId`, `intPropertyId`, `propertyValue`)
VALUES (1643, 16, 1);

INSERT INTO `ace_object_properties_int` (`aceObjectId`, `intPropertyId`, `propertyValue`)
VALUES (1643, 19, 50);

INSERT INTO `ace_object_properties_int` (`aceObjectId`, `intPropertyId`, `propertyValue`)
VALUES (1643, 93, 1044);

INSERT INTO `ace_object_properties_bool` (`aceObjectId`, `boolPropertyId`, `propertyValue`)
VALUES (1643, 13, True);

INSERT INTO `ace_object_properties_bool` (`aceObjectId`, `boolPropertyId`, `propertyValue`)
VALUES (1643, 11, True);

INSERT INTO `ace_object_properties_bool` (`aceObjectId`, `boolPropertyId`, `propertyValue`)
VALUES (1643, 14, True);

INSERT INTO `ace_object_texture_map_change` (`aceObjectId`, `index`, `oldId`, `newId`)
VALUES (1643, 0, 83890928, 83890928);

INSERT INTO `ace_object_animation_change` (`aceObjectId`, `index`, `animationId`)
VALUES (1643, 0, 16781612);

INSERT INTO ace_weenie_class (`weenieClassId`, `weenieClassDescription`)
VALUES (1652, 'taperwhite');

INSERT INTO `ace_object` (`aceObjectId`, `aceObjectDescriptionFlags`, `weenieClassId`, `weenieHeaderFlags`, `iconId`, `iconOverlayId`, `iconUnderlayId`, `modelTableId`, `soundTableId`, `motionTableId`, `currentMotionState`, `animationFrameId`, `physicsTableId`, `physicsDescriptionFlag`, `spellId`, `playScript`, `defaultScript`)
VALUES (1652, 2125848, 1652, 16, 100668328, NULL, NULL, 33555445, 536870932, NULL, NULL, 101, 872415275, 137217, NULL, NULL, NULL);

INSERT INTO `ace_object_properties_string` (`aceObjectId`, `strPropertyId`, `propertyValue`)
VALUES (1652, 1, 'White Taper');

INSERT INTO `ace_object_properties_int` (`aceObjectId`, `intPropertyId`, `propertyValue`)
VALUES (1652, 1, 4096);

INSERT INTO `ace_object_properties_int` (`aceObjectId`, `intPropertyId`, `propertyValue`)
VALUES (1652, 5, 12);

INSERT INTO `ace_object_properties_int` (`aceObjectId`, `intPropertyId`, `propertyValue`)
VALUES (1652, 11, 100);

INSERT INTO `ace_object_properties_int` (`aceObjectId`, `intPropertyId`, `propertyValue`)
VALUES (1652, 12, 3);

INSERT INTO `ace_object_properties_int` (`aceObjectId`, `intPropertyId`, `propertyValue`)
VALUES (1652, 16, 1);

INSERT INTO `ace_object_properties_int` (`aceObjectId`, `intPropertyId`, `propertyValue`)
VALUES (1652, 19, 75);

INSERT INTO `ace_object_properties_int` (`aceObjectId`, `intPropertyId`, `propertyValue`)
VALUES (1652, 93, 1044);

INSERT INTO `ace_object_properties_bool` (`aceObjectId`, `boolPropertyId`, `propertyValue`)
VALUES (1652, 13, True);

INSERT INTO `ace_object_properties_bool` (`aceObjectId`, `boolPropertyId`, `propertyValue`)
VALUES (1652, 11, True);

INSERT INTO `ace_object_properties_bool` (`aceObjectId`, `boolPropertyId`, `propertyValue`)
VALUES (1652, 14, True);

INSERT INTO `ace_object_texture_map_change` (`aceObjectId`, `index`, `oldId`, `newId`)
VALUES (1652, 0, 83890928, 83890932);

INSERT INTO `ace_object_animation_change` (`aceObjectId`, `index`, `animationId`)
VALUES (1652, 0, 16781612);

INSERT INTO ace_weenie_class (`weenieClassId`, `weenieClassDescription`)
VALUES (1645, 'tapergreen');

INSERT INTO `ace_object` (`aceObjectId`, `aceObjectDescriptionFlags`, `weenieClassId`, `weenieHeaderFlags`, `iconId`, `iconOverlayId`, `iconUnderlayId`, `modelTableId`, `soundTableId`, `motionTableId`, `currentMotionState`, `animationFrameId`, `physicsTableId`, `physicsDescriptionFlag`, `spellId`, `playScript`, `defaultScript`)
VALUES (1645, 2125848, 1645, 16, 100668321, NULL, NULL, 33555445, 536870932, NULL, NULL, 101, 872415275, 137217, NULL, NULL, NULL);

INSERT INTO `ace_object_properties_string` (`aceObjectId`, `strPropertyId`, `propertyValue`)
VALUES (1645, 1, 'Green Taper');

INSERT INTO `ace_object_properties_int` (`aceObjectId`, `intPropertyId`, `propertyValue`)
VALUES (1645, 1, 4096);

INSERT INTO `ace_object_properties_int` (`aceObjectId`, `intPropertyId`, `propertyValue`)
VALUES (1645, 5, 12);

INSERT INTO `ace_object_properties_int` (`aceObjectId`, `intPropertyId`, `propertyValue`)
VALUES (1645, 11, 100);

INSERT INTO `ace_object_properties_int` (`aceObjectId`, `intPropertyId`, `propertyValue`)
VALUES (1645, 12, 3);

INSERT INTO `ace_object_properties_int` (`aceObjectId`, `intPropertyId`, `propertyValue`)
VALUES (1645, 16, 1);

INSERT INTO `ace_object_properties_int` (`aceObjectId`, `intPropertyId`, `propertyValue`)
VALUES (1645, 19, 75);

INSERT INTO `ace_object_properties_int` (`aceObjectId`, `intPropertyId`, `propertyValue`)
VALUES (1645, 93, 1044);

INSERT INTO `ace_object_properties_bool` (`aceObjectId`, `boolPropertyId`, `propertyValue`)
VALUES (1645, 13, True);

INSERT INTO `ace_object_properties_bool` (`aceObjectId`, `boolPropertyId`, `propertyValue`)
VALUES (1645, 11, True);

INSERT INTO `ace_object_properties_bool` (`aceObjectId`, `boolPropertyId`, `propertyValue`)
VALUES (1645, 14, True);

INSERT INTO `ace_object_texture_map_change` (`aceObjectId`, `index`, `oldId`, `newId`)
VALUES (1645, 0, 83890928, 83890934);

INSERT INTO `ace_object_animation_change` (`aceObjectId`, `index`, `animationId`)
VALUES (1645, 0, 16781612);

INSERT INTO ace_weenie_class (`weenieClassId`, `weenieClassDescription`)
VALUES (1648, 'taperorange');

INSERT INTO `ace_object` (`aceObjectId`, `aceObjectDescriptionFlags`, `weenieClassId`, `weenieHeaderFlags`, `iconId`, `iconOverlayId`, `iconUnderlayId`, `modelTableId`, `soundTableId`, `motionTableId`, `currentMotionState`, `animationFrameId`, `physicsTableId`, `physicsDescriptionFlag`, `spellId`, `playScript`, `defaultScript`)
VALUES (1648, 2125848, 1648, 16, 100668324, NULL, NULL, 33555445, 536870932, NULL, NULL, 101, 872415275, 137217, NULL, NULL, NULL);

INSERT INTO `ace_object_properties_string` (`aceObjectId`, `strPropertyId`, `propertyValue`)
VALUES (1648, 1, 'Orange Taper');

INSERT INTO `ace_object_properties_int` (`aceObjectId`, `intPropertyId`, `propertyValue`)
VALUES (1648, 1, 4096);

INSERT INTO `ace_object_properties_int` (`aceObjectId`, `intPropertyId`, `propertyValue`)
VALUES (1648, 5, 12);

INSERT INTO `ace_object_properties_int` (`aceObjectId`, `intPropertyId`, `propertyValue`)
VALUES (1648, 11, 100);

INSERT INTO `ace_object_properties_int` (`aceObjectId`, `intPropertyId`, `propertyValue`)
VALUES (1648, 12, 3);

INSERT INTO `ace_object_properties_int` (`aceObjectId`, `intPropertyId`, `propertyValue`)
VALUES (1648, 16, 1);

INSERT INTO `ace_object_properties_int` (`aceObjectId`, `intPropertyId`, `propertyValue`)
VALUES (1648, 19, 75);

INSERT INTO `ace_object_properties_int` (`aceObjectId`, `intPropertyId`, `propertyValue`)
VALUES (1648, 93, 1044);

INSERT INTO `ace_object_properties_bool` (`aceObjectId`, `boolPropertyId`, `propertyValue`)
VALUES (1648, 13, True);

INSERT INTO `ace_object_properties_bool` (`aceObjectId`, `boolPropertyId`, `propertyValue`)
VALUES (1648, 11, True);

INSERT INTO `ace_object_properties_bool` (`aceObjectId`, `boolPropertyId`, `propertyValue`)
VALUES (1648, 14, True);

INSERT INTO `ace_object_texture_map_change` (`aceObjectId`, `index`, `oldId`, `newId`)
VALUES (1648, 0, 83890928, 83890936);

INSERT INTO `ace_object_animation_change` (`aceObjectId`, `index`, `animationId`)
VALUES (1648, 0, 16781612);

INSERT INTO ace_weenie_class (`weenieClassId`, `weenieClassDescription`)
VALUES (1651, 'taperviolet');

INSERT INTO `ace_object` (`aceObjectId`, `aceObjectDescriptionFlags`, `weenieClassId`, `weenieHeaderFlags`, `iconId`, `iconOverlayId`, `iconUnderlayId`, `modelTableId`, `soundTableId`, `motionTableId`, `currentMotionState`, `animationFrameId`, `physicsTableId`, `physicsDescriptionFlag`, `spellId`, `playScript`, `defaultScript`)
VALUES (1651, 2125848, 1651, 16, 100668327, NULL, NULL, 33555445, 536870932, NULL, NULL, 101, 872415275, 137217, NULL, NULL, NULL);

INSERT INTO `ace_object_properties_string` (`aceObjectId`, `strPropertyId`, `propertyValue`)
VALUES (1651, 1, 'Violet Taper');

INSERT INTO `ace_object_properties_int` (`aceObjectId`, `intPropertyId`, `propertyValue`)
VALUES (1651, 1, 4096);

INSERT INTO `ace_object_properties_int` (`aceObjectId`, `intPropertyId`, `propertyValue`)
VALUES (1651, 5, 12);

INSERT INTO `ace_object_properties_int` (`aceObjectId`, `intPropertyId`, `propertyValue`)
VALUES (1651, 11, 100);

INSERT INTO `ace_object_properties_int` (`aceObjectId`, `intPropertyId`, `propertyValue`)
VALUES (1651, 12, 3);

INSERT INTO `ace_object_properties_int` (`aceObjectId`, `intPropertyId`, `propertyValue`)
VALUES (1651, 16, 1);

INSERT INTO `ace_object_properties_int` (`aceObjectId`, `intPropertyId`, `propertyValue`)
VALUES (1651, 19, 75);

INSERT INTO `ace_object_properties_int` (`aceObjectId`, `intPropertyId`, `propertyValue`)
VALUES (1651, 93, 1044);

INSERT INTO `ace_object_properties_bool` (`aceObjectId`, `boolPropertyId`, `propertyValue`)
VALUES (1651, 13, True);

INSERT INTO `ace_object_properties_bool` (`aceObjectId`, `boolPropertyId`, `propertyValue`)
VALUES (1651, 11, True);

INSERT INTO `ace_object_properties_bool` (`aceObjectId`, `boolPropertyId`, `propertyValue`)
VALUES (1651, 14, True);

INSERT INTO `ace_object_texture_map_change` (`aceObjectId`, `index`, `oldId`, `newId`)
VALUES (1651, 0, 83890928, 83890927);

INSERT INTO `ace_object_animation_change` (`aceObjectId`, `index`, `animationId`)
VALUES (1651, 0, 16781612);

INSERT INTO ace_weenie_class (`weenieClassId`, `weenieClassDescription`)
VALUES (1649, 'taperpink');

INSERT INTO `ace_object` (`aceObjectId`, `aceObjectDescriptionFlags`, `weenieClassId`, `weenieHeaderFlags`, `iconId`, `iconOverlayId`, `iconUnderlayId`, `modelTableId`, `soundTableId`, `motionTableId`, `currentMotionState`, `animationFrameId`, `physicsTableId`, `physicsDescriptionFlag`, `spellId`, `playScript`, `defaultScript`)
VALUES (1649, 2125848, 1649, 16, 100668325, NULL, NULL, 33555445, 536870932, NULL, NULL, 101, 872415275, 137217, NULL, NULL, NULL);

INSERT INTO `ace_object_properties_string` (`aceObjectId`, `strPropertyId`, `propertyValue`)
VALUES (1649, 1, 'Pink Taper');

INSERT INTO `ace_object_properties_int` (`aceObjectId`, `intPropertyId`, `propertyValue`)
VALUES (1649, 1, 4096);

INSERT INTO `ace_object_properties_int` (`aceObjectId`, `intPropertyId`, `propertyValue`)
VALUES (1649, 5, 12);

INSERT INTO `ace_object_properties_int` (`aceObjectId`, `intPropertyId`, `propertyValue`)
VALUES (1649, 11, 100);

INSERT INTO `ace_object_properties_int` (`aceObjectId`, `intPropertyId`, `propertyValue`)
VALUES (1649, 12, 3);

INSERT INTO `ace_object_properties_int` (`aceObjectId`, `intPropertyId`, `propertyValue`)
VALUES (1649, 16, 1);

INSERT INTO `ace_object_properties_int` (`aceObjectId`, `intPropertyId`, `propertyValue`)
VALUES (1649, 19, 75);

INSERT INTO `ace_object_properties_int` (`aceObjectId`, `intPropertyId`, `propertyValue`)
VALUES (1649, 93, 1044);

INSERT INTO `ace_object_properties_bool` (`aceObjectId`, `boolPropertyId`, `propertyValue`)
VALUES (1649, 13, True);

INSERT INTO `ace_object_properties_bool` (`aceObjectId`, `boolPropertyId`, `propertyValue`)
VALUES (1649, 11, True);

INSERT INTO `ace_object_properties_bool` (`aceObjectId`, `boolPropertyId`, `propertyValue`)
VALUES (1649, 14, True);

INSERT INTO `ace_object_texture_map_change` (`aceObjectId`, `index`, `oldId`, `newId`)
VALUES (1649, 0, 83890928, 83890937);

INSERT INTO `ace_object_animation_change` (`aceObjectId`, `index`, `animationId`)
VALUES (1649, 0, 16781612);

INSERT INTO ace_weenie_class (`weenieClassId`, `weenieClassDescription`)
VALUES (1654, 'taperturquoise');

INSERT INTO `ace_object` (`aceObjectId`, `aceObjectDescriptionFlags`, `weenieClassId`, `weenieHeaderFlags`, `iconId`, `iconOverlayId`, `iconUnderlayId`, `modelTableId`, `soundTableId`, `motionTableId`, `currentMotionState`, `animationFrameId`, `physicsTableId`, `physicsDescriptionFlag`, `spellId`, `playScript`, `defaultScript`)
VALUES (1654, 2125848, 1654, 16, 100668319, NULL, NULL, 33555445, 536870932, NULL, NULL, 101, 872415275, 137217, NULL, NULL, NULL);

INSERT INTO `ace_object_properties_string` (`aceObjectId`, `strPropertyId`, `propertyValue`)
VALUES (1654, 1, 'Turquoise Taper');

INSERT INTO `ace_object_properties_int` (`aceObjectId`, `intPropertyId`, `propertyValue`)
VALUES (1654, 1, 4096);

INSERT INTO `ace_object_properties_int` (`aceObjectId`, `intPropertyId`, `propertyValue`)
VALUES (1654, 5, 8);

INSERT INTO `ace_object_properties_int` (`aceObjectId`, `intPropertyId`, `propertyValue`)
VALUES (1654, 11, 100);

INSERT INTO `ace_object_properties_int` (`aceObjectId`, `intPropertyId`, `propertyValue`)
VALUES (1654, 12, 2);

INSERT INTO `ace_object_properties_int` (`aceObjectId`, `intPropertyId`, `propertyValue`)
VALUES (1654, 16, 1);

INSERT INTO `ace_object_properties_int` (`aceObjectId`, `intPropertyId`, `propertyValue`)
VALUES (1654, 19, 50);

INSERT INTO `ace_object_properties_int` (`aceObjectId`, `intPropertyId`, `propertyValue`)
VALUES (1654, 93, 1044);

INSERT INTO `ace_object_properties_bool` (`aceObjectId`, `boolPropertyId`, `propertyValue`)
VALUES (1654, 13, True);

INSERT INTO `ace_object_properties_bool` (`aceObjectId`, `boolPropertyId`, `propertyValue`)
VALUES (1654, 11, True);

INSERT INTO `ace_object_properties_bool` (`aceObjectId`, `boolPropertyId`, `propertyValue`)
VALUES (1654, 14, True);

INSERT INTO `ace_object_texture_map_change` (`aceObjectId`, `index`, `oldId`, `newId`)
VALUES (1654, 0, 83890928, 83890930);

INSERT INTO `ace_object_animation_change` (`aceObjectId`, `index`, `animationId`)
VALUES (1654, 0, 16781612);

INSERT INTO ace_weenie_class (`weenieClassId`, `weenieClassDescription`)
VALUES (1646, 'tapergrey');

INSERT INTO `ace_object` (`aceObjectId`, `aceObjectDescriptionFlags`, `weenieClassId`, `weenieHeaderFlags`, `iconId`, `iconOverlayId`, `iconUnderlayId`, `modelTableId`, `soundTableId`, `motionTableId`, `currentMotionState`, `animationFrameId`, `physicsTableId`, `physicsDescriptionFlag`, `spellId`, `playScript`, `defaultScript`)
VALUES (1646, 2125848, 1646, 16, 100668322, NULL, NULL, 33555445, 536870932, NULL, NULL, 101, 872415275, 137217, NULL, NULL, NULL);

INSERT INTO `ace_object_properties_string` (`aceObjectId`, `strPropertyId`, `propertyValue`)
VALUES (1646, 1, 'Grey Taper');

INSERT INTO `ace_object_properties_int` (`aceObjectId`, `intPropertyId`, `propertyValue`)
VALUES (1646, 1, 4096);

INSERT INTO `ace_object_properties_int` (`aceObjectId`, `intPropertyId`, `propertyValue`)
VALUES (1646, 5, 12);

INSERT INTO `ace_object_properties_int` (`aceObjectId`, `intPropertyId`, `propertyValue`)
VALUES (1646, 11, 100);

INSERT INTO `ace_object_properties_int` (`aceObjectId`, `intPropertyId`, `propertyValue`)
VALUES (1646, 12, 3);

INSERT INTO `ace_object_properties_int` (`aceObjectId`, `intPropertyId`, `propertyValue`)
VALUES (1646, 16, 1);

INSERT INTO `ace_object_properties_int` (`aceObjectId`, `intPropertyId`, `propertyValue`)
VALUES (1646, 19, 75);

INSERT INTO `ace_object_properties_int` (`aceObjectId`, `intPropertyId`, `propertyValue`)
VALUES (1646, 93, 1044);

INSERT INTO `ace_object_properties_bool` (`aceObjectId`, `boolPropertyId`, `propertyValue`)
VALUES (1646, 13, True);

INSERT INTO `ace_object_properties_bool` (`aceObjectId`, `boolPropertyId`, `propertyValue`)
VALUES (1646, 11, True);

INSERT INTO `ace_object_properties_bool` (`aceObjectId`, `boolPropertyId`, `propertyValue`)
VALUES (1646, 14, True);

INSERT INTO `ace_object_texture_map_change` (`aceObjectId`, `index`, `oldId`, `newId`)
VALUES (1646, 0, 83890928, 83890929);

INSERT INTO `ace_object_animation_change` (`aceObjectId`, `index`, `animationId`)
VALUES (1646, 0, 16781612);

INSERT INTO ace_weenie_class (`weenieClassId`, `weenieClassDescription`)
VALUES (1644, 'taperbrown');

INSERT INTO `ace_object` (`aceObjectId`, `aceObjectDescriptionFlags`, `weenieClassId`, `weenieHeaderFlags`, `iconId`, `iconOverlayId`, `iconUnderlayId`, `modelTableId`, `soundTableId`, `motionTableId`, `currentMotionState`, `animationFrameId`, `physicsTableId`, `physicsDescriptionFlag`, `spellId`, `playScript`, `defaultScript`)
VALUES (1644, 2125848, 1644, 16, 100668320, NULL, NULL, 33555445, 536870932, NULL, NULL, 101, 872415275, 137217, NULL, NULL, NULL);

INSERT INTO `ace_object_properties_string` (`aceObjectId`, `strPropertyId`, `propertyValue`)
VALUES (1644, 1, 'Brown Taper');

INSERT INTO `ace_object_properties_int` (`aceObjectId`, `intPropertyId`, `propertyValue`)
VALUES (1644, 1, 4096);

INSERT INTO `ace_object_properties_int` (`aceObjectId`, `intPropertyId`, `propertyValue`)
VALUES (1644, 5, 12);

INSERT INTO `ace_object_properties_int` (`aceObjectId`, `intPropertyId`, `propertyValue`)
VALUES (1644, 11, 100);

INSERT INTO `ace_object_properties_int` (`aceObjectId`, `intPropertyId`, `propertyValue`)
VALUES (1644, 12, 3);

INSERT INTO `ace_object_properties_int` (`aceObjectId`, `intPropertyId`, `propertyValue`)
VALUES (1644, 16, 1);

INSERT INTO `ace_object_properties_int` (`aceObjectId`, `intPropertyId`, `propertyValue`)
VALUES (1644, 19, 75);

INSERT INTO `ace_object_properties_int` (`aceObjectId`, `intPropertyId`, `propertyValue`)
VALUES (1644, 93, 1044);

INSERT INTO `ace_object_properties_bool` (`aceObjectId`, `boolPropertyId`, `propertyValue`)
VALUES (1644, 13, True);

INSERT INTO `ace_object_properties_bool` (`aceObjectId`, `boolPropertyId`, `propertyValue`)
VALUES (1644, 11, True);

INSERT INTO `ace_object_properties_bool` (`aceObjectId`, `boolPropertyId`, `propertyValue`)
VALUES (1644, 14, True);

INSERT INTO `ace_object_texture_map_change` (`aceObjectId`, `index`, `oldId`, `newId`)
VALUES (1644, 0, 83890928, 83890933);

INSERT INTO `ace_object_animation_change` (`aceObjectId`, `index`, `animationId`)
VALUES (1644, 0, 16781612);

INSERT INTO ace_weenie_class (`weenieClassId`, `weenieClassDescription`)
VALUES (772, 'hawthorn');

INSERT INTO `ace_object` (`aceObjectId`, `aceObjectDescriptionFlags`, `weenieClassId`, `weenieHeaderFlags`, `iconId`, `iconOverlayId`, `iconUnderlayId`, `modelTableId`, `soundTableId`, `motionTableId`, `currentMotionState`, `animationFrameId`, `physicsTableId`, `physicsDescriptionFlag`, `spellId`, `playScript`, `defaultScript`)
VALUES (772, 2125849, 772, 16, 100668424, NULL, NULL, 33554817, 536870932, NULL, NULL, 101, 872415275, 137345, NULL, NULL, NULL);

INSERT INTO `ace_object_properties_string` (`aceObjectId`, `strPropertyId`, `propertyValue`)
VALUES (772, 1, 'Hawthorn');

INSERT INTO `ace_object_properties_int` (`aceObjectId`, `intPropertyId`, `propertyValue`)
VALUES (772, 1, 4096);

INSERT INTO `ace_object_properties_int` (`aceObjectId`, `intPropertyId`, `propertyValue`)
VALUES (772, 3, 67111919);

INSERT INTO `ace_object_properties_int` (`aceObjectId`, `intPropertyId`, `propertyValue`)
VALUES (772, 5, 112);

INSERT INTO `ace_object_properties_int` (`aceObjectId`, `intPropertyId`, `propertyValue`)
VALUES (772, 11, 100);

INSERT INTO `ace_object_properties_int` (`aceObjectId`, `intPropertyId`, `propertyValue`)
VALUES (772, 12, 28);

INSERT INTO `ace_object_properties_int` (`aceObjectId`, `intPropertyId`, `propertyValue`)
VALUES (772, 16, 1);

INSERT INTO `ace_object_properties_int` (`aceObjectId`, `intPropertyId`, `propertyValue`)
VALUES (772, 19, 280);

INSERT INTO `ace_object_properties_string` (`aceObjectId`, `strPropertyId`, `propertyValue`)
VALUES (772, 20, 'Sacks of Hawthorn');

INSERT INTO `ace_object_properties_double` (`aceObjectId`, `dblPropertyId`, `propertyValue`)
VALUES (772, 39, 0.4);

INSERT INTO `ace_object_properties_int` (`aceObjectId`, `intPropertyId`, `propertyValue`)
VALUES (772, 93, 1044);

INSERT INTO `ace_object_properties_bool` (`aceObjectId`, `boolPropertyId`, `propertyValue`)
VALUES (772, 13, True);

INSERT INTO `ace_object_properties_bool` (`aceObjectId`, `boolPropertyId`, `propertyValue`)
VALUES (772, 11, True);

INSERT INTO `ace_object_properties_bool` (`aceObjectId`, `boolPropertyId`, `propertyValue`)
VALUES (772, 14, True);

INSERT INTO `ace_object_palette_change` (`aceObjectId`, `subPaletteId`, `offset`, `length`)
VALUES (772, 67111920, 0, 0);

INSERT INTO `ace_object_texture_map_change` (`aceObjectId`, `index`, `oldId`, `newId`)
VALUES (772, 0, 83890064, 83889696);

INSERT INTO `ace_object_animation_change` (`aceObjectId`, `index`, `animationId`)
VALUES (772, 0, 16777882);

INSERT INTO ace_weenie_class (`weenieClassId`, `weenieClassDescription`)
VALUES (780, 'wormwood');

INSERT INTO `ace_object` (`aceObjectId`, `aceObjectDescriptionFlags`, `weenieClassId`, `weenieHeaderFlags`, `iconId`, `iconOverlayId`, `iconUnderlayId`, `modelTableId`, `soundTableId`, `motionTableId`, `currentMotionState`, `animationFrameId`, `physicsTableId`, `physicsDescriptionFlag`, `spellId`, `playScript`, `defaultScript`)
VALUES (780, 2125849, 780, 16, 100668432, NULL, NULL, 33554817, 536870932, NULL, NULL, 101, 872415275, 137345, NULL, NULL, NULL);

INSERT INTO `ace_object_properties_string` (`aceObjectId`, `strPropertyId`, `propertyValue`)
VALUES (780, 1, 'Wormwood');

INSERT INTO `ace_object_properties_int` (`aceObjectId`, `intPropertyId`, `propertyValue`)
VALUES (780, 1, 4096);

INSERT INTO `ace_object_properties_int` (`aceObjectId`, `intPropertyId`, `propertyValue`)
VALUES (780, 3, 67111919);

INSERT INTO `ace_object_properties_int` (`aceObjectId`, `intPropertyId`, `propertyValue`)
VALUES (780, 5, 84);

INSERT INTO `ace_object_properties_int` (`aceObjectId`, `intPropertyId`, `propertyValue`)
VALUES (780, 11, 100);

INSERT INTO `ace_object_properties_int` (`aceObjectId`, `intPropertyId`, `propertyValue`)
VALUES (780, 12, 21);

INSERT INTO `ace_object_properties_int` (`aceObjectId`, `intPropertyId`, `propertyValue`)
VALUES (780, 16, 1);

INSERT INTO `ace_object_properties_int` (`aceObjectId`, `intPropertyId`, `propertyValue`)
VALUES (780, 19, 210);

INSERT INTO `ace_object_properties_string` (`aceObjectId`, `strPropertyId`, `propertyValue`)
VALUES (780, 20, 'Sacks of Wormwood');

INSERT INTO `ace_object_properties_double` (`aceObjectId`, `dblPropertyId`, `propertyValue`)
VALUES (780, 39, 0.4);

INSERT INTO `ace_object_properties_int` (`aceObjectId`, `intPropertyId`, `propertyValue`)
VALUES (780, 93, 1044);

INSERT INTO `ace_object_properties_bool` (`aceObjectId`, `boolPropertyId`, `propertyValue`)
VALUES (780, 13, True);

INSERT INTO `ace_object_properties_bool` (`aceObjectId`, `boolPropertyId`, `propertyValue`)
VALUES (780, 11, True);

INSERT INTO `ace_object_properties_bool` (`aceObjectId`, `boolPropertyId`, `propertyValue`)
VALUES (780, 14, True);

INSERT INTO `ace_object_palette_change` (`aceObjectId`, `subPaletteId`, `offset`, `length`)
VALUES (780, 67111927, 0, 0);

INSERT INTO `ace_object_texture_map_change` (`aceObjectId`, `index`, `oldId`, `newId`)
VALUES (780, 0, 83890064, 83889696);

INSERT INTO `ace_object_animation_change` (`aceObjectId`, `index`, `animationId`)
VALUES (780, 0, 16777882);

INSERT INTO ace_weenie_class (`weenieClassId`, `weenieClassDescription`)
VALUES (774, 'hyssop');

INSERT INTO `ace_object` (`aceObjectId`, `aceObjectDescriptionFlags`, `weenieClassId`, `weenieHeaderFlags`, `iconId`, `iconOverlayId`, `iconUnderlayId`, `modelTableId`, `soundTableId`, `motionTableId`, `currentMotionState`, `animationFrameId`, `physicsTableId`, `physicsDescriptionFlag`, `spellId`, `playScript`, `defaultScript`)
VALUES (774, 2125849, 774, 16, 100668426, NULL, NULL, 33554817, 536870932, NULL, NULL, 101, 872415275, 137345, NULL, NULL, NULL);

INSERT INTO `ace_object_properties_string` (`aceObjectId`, `strPropertyId`, `propertyValue`)
VALUES (774, 1, 'Hyssop');

INSERT INTO `ace_object_properties_int` (`aceObjectId`, `intPropertyId`, `propertyValue`)
VALUES (774, 1, 4096);

INSERT INTO `ace_object_properties_int` (`aceObjectId`, `intPropertyId`, `propertyValue`)
VALUES (774, 3, 67111919);

INSERT INTO `ace_object_properties_int` (`aceObjectId`, `intPropertyId`, `propertyValue`)
VALUES (774, 5, 100);

INSERT INTO `ace_object_properties_int` (`aceObjectId`, `intPropertyId`, `propertyValue`)
VALUES (774, 11, 100);

INSERT INTO `ace_object_properties_int` (`aceObjectId`, `intPropertyId`, `propertyValue`)
VALUES (774, 12, 25);

INSERT INTO `ace_object_properties_int` (`aceObjectId`, `intPropertyId`, `propertyValue`)
VALUES (774, 16, 1);

INSERT INTO `ace_object_properties_int` (`aceObjectId`, `intPropertyId`, `propertyValue`)
VALUES (774, 19, 250);

INSERT INTO `ace_object_properties_string` (`aceObjectId`, `strPropertyId`, `propertyValue`)
VALUES (774, 20, 'Sacks of Hyssop');

INSERT INTO `ace_object_properties_double` (`aceObjectId`, `dblPropertyId`, `propertyValue`)
VALUES (774, 39, 0.4);

INSERT INTO `ace_object_properties_int` (`aceObjectId`, `intPropertyId`, `propertyValue`)
VALUES (774, 93, 1044);

INSERT INTO `ace_object_properties_bool` (`aceObjectId`, `boolPropertyId`, `propertyValue`)
VALUES (774, 13, True);

INSERT INTO `ace_object_properties_bool` (`aceObjectId`, `boolPropertyId`, `propertyValue`)
VALUES (774, 11, True);

INSERT INTO `ace_object_properties_bool` (`aceObjectId`, `boolPropertyId`, `propertyValue`)
VALUES (774, 14, True);

INSERT INTO `ace_object_palette_change` (`aceObjectId`, `subPaletteId`, `offset`, `length`)
VALUES (774, 67111927, 0, 0);

INSERT INTO `ace_object_texture_map_change` (`aceObjectId`, `index`, `oldId`, `newId`)
VALUES (774, 0, 83890064, 83889696);

INSERT INTO `ace_object_animation_change` (`aceObjectId`, `index`, `animationId`)
VALUES (774, 0, 16777882);

INSERT INTO ace_weenie_class (`weenieClassId`, `weenieClassDescription`)
VALUES (778, 'saffron');

INSERT INTO `ace_object` (`aceObjectId`, `aceObjectDescriptionFlags`, `weenieClassId`, `weenieHeaderFlags`, `iconId`, `iconOverlayId`, `iconUnderlayId`, `modelTableId`, `soundTableId`, `motionTableId`, `currentMotionState`, `animationFrameId`, `physicsTableId`, `physicsDescriptionFlag`, `spellId`, `playScript`, `defaultScript`)
VALUES (778, 2125849, 778, 16, 100668431, NULL, NULL, 33554817, 536870932, NULL, NULL, 101, 872415275, 137345, NULL, NULL, NULL);

INSERT INTO `ace_object_properties_string` (`aceObjectId`, `strPropertyId`, `propertyValue`)
VALUES (778, 1, 'Saffron');

INSERT INTO `ace_object_properties_int` (`aceObjectId`, `intPropertyId`, `propertyValue`)
VALUES (778, 1, 4096);

INSERT INTO `ace_object_properties_int` (`aceObjectId`, `intPropertyId`, `propertyValue`)
VALUES (778, 3, 67111919);

INSERT INTO `ace_object_properties_int` (`aceObjectId`, `intPropertyId`, `propertyValue`)
VALUES (778, 5, 96);

INSERT INTO `ace_object_properties_int` (`aceObjectId`, `intPropertyId`, `propertyValue`)
VALUES (778, 11, 100);

INSERT INTO `ace_object_properties_int` (`aceObjectId`, `intPropertyId`, `propertyValue`)
VALUES (778, 12, 24);

INSERT INTO `ace_object_properties_int` (`aceObjectId`, `intPropertyId`, `propertyValue`)
VALUES (778, 16, 1);

INSERT INTO `ace_object_properties_int` (`aceObjectId`, `intPropertyId`, `propertyValue`)
VALUES (778, 19, 240);

INSERT INTO `ace_object_properties_string` (`aceObjectId`, `strPropertyId`, `propertyValue`)
VALUES (778, 20, 'Sacks of Saffron');

INSERT INTO `ace_object_properties_double` (`aceObjectId`, `dblPropertyId`, `propertyValue`)
VALUES (778, 39, 0.4);

INSERT INTO `ace_object_properties_int` (`aceObjectId`, `intPropertyId`, `propertyValue`)
VALUES (778, 93, 1044);

INSERT INTO `ace_object_properties_bool` (`aceObjectId`, `boolPropertyId`, `propertyValue`)
VALUES (778, 13, True);

INSERT INTO `ace_object_properties_bool` (`aceObjectId`, `boolPropertyId`, `propertyValue`)
VALUES (778, 11, True);

INSERT INTO `ace_object_properties_bool` (`aceObjectId`, `boolPropertyId`, `propertyValue`)
VALUES (778, 14, True);

INSERT INTO `ace_object_palette_change` (`aceObjectId`, `subPaletteId`, `offset`, `length`)
VALUES (778, 67111922, 0, 0);

INSERT INTO `ace_object_texture_map_change` (`aceObjectId`, `index`, `oldId`, `newId`)
VALUES (778, 0, 83890064, 83889696);

INSERT INTO `ace_object_animation_change` (`aceObjectId`, `index`, `animationId`)
VALUES (778, 0, 16777882);

INSERT INTO ace_weenie_class (`weenieClassId`, `weenieClassDescription`)
VALUES (768, 'damiana');

INSERT INTO `ace_object` (`aceObjectId`, `aceObjectDescriptionFlags`, `weenieClassId`, `weenieHeaderFlags`, `iconId`, `iconOverlayId`, `iconUnderlayId`, `modelTableId`, `soundTableId`, `motionTableId`, `currentMotionState`, `animationFrameId`, `physicsTableId`, `physicsDescriptionFlag`, `spellId`, `playScript`, `defaultScript`)
VALUES (768, 2125849, 768, 16, 100668419, NULL, NULL, 33554817, 536870932, NULL, NULL, 101, 872415275, 137345, NULL, NULL, NULL);

INSERT INTO `ace_object_properties_string` (`aceObjectId`, `strPropertyId`, `propertyValue`)
VALUES (768, 1, 'Damiana');

INSERT INTO `ace_object_properties_int` (`aceObjectId`, `intPropertyId`, `propertyValue`)
VALUES (768, 1, 4096);

INSERT INTO `ace_object_properties_int` (`aceObjectId`, `intPropertyId`, `propertyValue`)
VALUES (768, 3, 67111919);

INSERT INTO `ace_object_properties_int` (`aceObjectId`, `intPropertyId`, `propertyValue`)
VALUES (768, 5, 72);

INSERT INTO `ace_object_properties_int` (`aceObjectId`, `intPropertyId`, `propertyValue`)
VALUES (768, 11, 100);

INSERT INTO `ace_object_properties_int` (`aceObjectId`, `intPropertyId`, `propertyValue`)
VALUES (768, 12, 18);

INSERT INTO `ace_object_properties_int` (`aceObjectId`, `intPropertyId`, `propertyValue`)
VALUES (768, 16, 1);

INSERT INTO `ace_object_properties_int` (`aceObjectId`, `intPropertyId`, `propertyValue`)
VALUES (768, 19, 180);

INSERT INTO `ace_object_properties_string` (`aceObjectId`, `strPropertyId`, `propertyValue`)
VALUES (768, 20, 'Sacks of Damiana');

INSERT INTO `ace_object_properties_double` (`aceObjectId`, `dblPropertyId`, `propertyValue`)
VALUES (768, 39, 0.4);

INSERT INTO `ace_object_properties_int` (`aceObjectId`, `intPropertyId`, `propertyValue`)
VALUES (768, 93, 1044);

INSERT INTO `ace_object_properties_bool` (`aceObjectId`, `boolPropertyId`, `propertyValue`)
VALUES (768, 13, True);

INSERT INTO `ace_object_properties_bool` (`aceObjectId`, `boolPropertyId`, `propertyValue`)
VALUES (768, 11, True);

INSERT INTO `ace_object_properties_bool` (`aceObjectId`, `boolPropertyId`, `propertyValue`)
VALUES (768, 14, True);

INSERT INTO `ace_object_palette_change` (`aceObjectId`, `subPaletteId`, `offset`, `length`)
VALUES (768, 67111922, 0, 0);

INSERT INTO `ace_object_texture_map_change` (`aceObjectId`, `index`, `oldId`, `newId`)
VALUES (768, 0, 83890064, 83889696);

INSERT INTO `ace_object_animation_change` (`aceObjectId`, `index`, `animationId`)
VALUES (768, 0, 16777882);

INSERT INTO ace_weenie_class (`weenieClassId`, `weenieClassDescription`)
VALUES (769, 'dragonsblood');

INSERT INTO `ace_object` (`aceObjectId`, `aceObjectDescriptionFlags`, `weenieClassId`, `weenieHeaderFlags`, `iconId`, `iconOverlayId`, `iconUnderlayId`, `modelTableId`, `soundTableId`, `motionTableId`, `currentMotionState`, `animationFrameId`, `physicsTableId`, `physicsDescriptionFlag`, `spellId`, `playScript`, `defaultScript`)
VALUES (769, 2125849, 769, 16, 100668420, NULL, NULL, 33554817, 536870932, NULL, NULL, 101, 872415275, 137345, NULL, NULL, NULL);

INSERT INTO `ace_object_properties_string` (`aceObjectId`, `strPropertyId`, `propertyValue`)
VALUES (769, 1, 'Dragonsblood');

INSERT INTO `ace_object_properties_int` (`aceObjectId`, `intPropertyId`, `propertyValue`)
VALUES (769, 1, 4096);

INSERT INTO `ace_object_properties_int` (`aceObjectId`, `intPropertyId`, `propertyValue`)
VALUES (769, 3, 67111919);

INSERT INTO `ace_object_properties_int` (`aceObjectId`, `intPropertyId`, `propertyValue`)
VALUES (769, 5, 20);

INSERT INTO `ace_object_properties_int` (`aceObjectId`, `intPropertyId`, `propertyValue`)
VALUES (769, 11, 100);

INSERT INTO `ace_object_properties_int` (`aceObjectId`, `intPropertyId`, `propertyValue`)
VALUES (769, 12, 5);

INSERT INTO `ace_object_properties_int` (`aceObjectId`, `intPropertyId`, `propertyValue`)
VALUES (769, 16, 1);

INSERT INTO `ace_object_properties_int` (`aceObjectId`, `intPropertyId`, `propertyValue`)
VALUES (769, 19, 50);

INSERT INTO `ace_object_properties_string` (`aceObjectId`, `strPropertyId`, `propertyValue`)
VALUES (769, 20, 'Sacks of Dragonsblood');

INSERT INTO `ace_object_properties_double` (`aceObjectId`, `dblPropertyId`, `propertyValue`)
VALUES (769, 39, 0.4);

INSERT INTO `ace_object_properties_int` (`aceObjectId`, `intPropertyId`, `propertyValue`)
VALUES (769, 93, 1044);

INSERT INTO `ace_object_properties_bool` (`aceObjectId`, `boolPropertyId`, `propertyValue`)
VALUES (769, 13, True);

INSERT INTO `ace_object_properties_bool` (`aceObjectId`, `boolPropertyId`, `propertyValue`)
VALUES (769, 11, True);

INSERT INTO `ace_object_properties_bool` (`aceObjectId`, `boolPropertyId`, `propertyValue`)
VALUES (769, 14, True);

INSERT INTO `ace_object_palette_change` (`aceObjectId`, `subPaletteId`, `offset`, `length`)
VALUES (769, 67111921, 0, 0);

INSERT INTO `ace_object_texture_map_change` (`aceObjectId`, `index`, `oldId`, `newId`)
VALUES (769, 0, 83890064, 83889696);

INSERT INTO `ace_object_animation_change` (`aceObjectId`, `index`, `animationId`)
VALUES (769, 0, 16777882);

INSERT INTO ace_weenie_class (`weenieClassId`, `weenieClassDescription`)
VALUES (767, 'comfrey');

INSERT INTO `ace_object` (`aceObjectId`, `aceObjectDescriptionFlags`, `weenieClassId`, `weenieHeaderFlags`, `iconId`, `iconOverlayId`, `iconUnderlayId`, `modelTableId`, `soundTableId`, `motionTableId`, `currentMotionState`, `animationFrameId`, `physicsTableId`, `physicsDescriptionFlag`, `spellId`, `playScript`, `defaultScript`)
VALUES (767, 2125849, 767, 16, 100668418, NULL, NULL, 33554817, 536870932, NULL, NULL, 101, 872415275, 137345, NULL, NULL, NULL);

INSERT INTO `ace_object_properties_string` (`aceObjectId`, `strPropertyId`, `propertyValue`)
VALUES (767, 1, 'Comfrey');

INSERT INTO `ace_object_properties_int` (`aceObjectId`, `intPropertyId`, `propertyValue`)
VALUES (767, 1, 4096);

INSERT INTO `ace_object_properties_int` (`aceObjectId`, `intPropertyId`, `propertyValue`)
VALUES (767, 3, 67111919);

INSERT INTO `ace_object_properties_int` (`aceObjectId`, `intPropertyId`, `propertyValue`)
VALUES (767, 5, 12);

INSERT INTO `ace_object_properties_int` (`aceObjectId`, `intPropertyId`, `propertyValue`)
VALUES (767, 11, 100);

INSERT INTO `ace_object_properties_int` (`aceObjectId`, `intPropertyId`, `propertyValue`)
VALUES (767, 12, 3);

INSERT INTO `ace_object_properties_int` (`aceObjectId`, `intPropertyId`, `propertyValue`)
VALUES (767, 16, 1);

INSERT INTO `ace_object_properties_int` (`aceObjectId`, `intPropertyId`, `propertyValue`)
VALUES (767, 19, 30);

INSERT INTO `ace_object_properties_string` (`aceObjectId`, `strPropertyId`, `propertyValue`)
VALUES (767, 20, 'Sacks of Comfrey');

INSERT INTO `ace_object_properties_double` (`aceObjectId`, `dblPropertyId`, `propertyValue`)
VALUES (767, 39, 0.4);

INSERT INTO `ace_object_properties_int` (`aceObjectId`, `intPropertyId`, `propertyValue`)
VALUES (767, 93, 1044);

INSERT INTO `ace_object_properties_bool` (`aceObjectId`, `boolPropertyId`, `propertyValue`)
VALUES (767, 13, True);

INSERT INTO `ace_object_properties_bool` (`aceObjectId`, `boolPropertyId`, `propertyValue`)
VALUES (767, 11, True);

INSERT INTO `ace_object_properties_bool` (`aceObjectId`, `boolPropertyId`, `propertyValue`)
VALUES (767, 14, True);

INSERT INTO `ace_object_palette_change` (`aceObjectId`, `subPaletteId`, `offset`, `length`)
VALUES (767, 67111927, 0, 0);

INSERT INTO `ace_object_texture_map_change` (`aceObjectId`, `index`, `oldId`, `newId`)
VALUES (767, 0, 83890064, 83889696);

INSERT INTO `ace_object_animation_change` (`aceObjectId`, `index`, `animationId`)
VALUES (767, 0, 16777882);

INSERT INTO ace_weenie_class (`weenieClassId`, `weenieClassDescription`)
VALUES (625, 'ginseng');

INSERT INTO `ace_object` (`aceObjectId`, `aceObjectDescriptionFlags`, `weenieClassId`, `weenieHeaderFlags`, `iconId`, `iconOverlayId`, `iconUnderlayId`, `modelTableId`, `soundTableId`, `motionTableId`, `currentMotionState`, `animationFrameId`, `physicsTableId`, `physicsDescriptionFlag`, `spellId`, `playScript`, `defaultScript`)
VALUES (625, 2125849, 625, 16, 100668423, NULL, NULL, 33554817, 536870932, NULL, NULL, 101, 872415275, 137345, NULL, NULL, NULL);

INSERT INTO `ace_object_properties_string` (`aceObjectId`, `strPropertyId`, `propertyValue`)
VALUES (625, 1, 'Ginseng');

INSERT INTO `ace_object_properties_int` (`aceObjectId`, `intPropertyId`, `propertyValue`)
VALUES (625, 1, 4096);

INSERT INTO `ace_object_properties_int` (`aceObjectId`, `intPropertyId`, `propertyValue`)
VALUES (625, 3, 67111919);

INSERT INTO `ace_object_properties_int` (`aceObjectId`, `intPropertyId`, `propertyValue`)
VALUES (625, 5, 336);

INSERT INTO `ace_object_properties_int` (`aceObjectId`, `intPropertyId`, `propertyValue`)
VALUES (625, 11, 100);

INSERT INTO `ace_object_properties_int` (`aceObjectId`, `intPropertyId`, `propertyValue`)
VALUES (625, 12, 84);

INSERT INTO `ace_object_properties_int` (`aceObjectId`, `intPropertyId`, `propertyValue`)
VALUES (625, 16, 1);

INSERT INTO `ace_object_properties_int` (`aceObjectId`, `intPropertyId`, `propertyValue`)
VALUES (625, 19, 840);

INSERT INTO `ace_object_properties_string` (`aceObjectId`, `strPropertyId`, `propertyValue`)
VALUES (625, 20, 'Sacks of Ginseng');

INSERT INTO `ace_object_properties_double` (`aceObjectId`, `dblPropertyId`, `propertyValue`)
VALUES (625, 39, 0.4);

INSERT INTO `ace_object_properties_int` (`aceObjectId`, `intPropertyId`, `propertyValue`)
VALUES (625, 93, 1044);

INSERT INTO `ace_object_properties_bool` (`aceObjectId`, `boolPropertyId`, `propertyValue`)
VALUES (625, 13, True);

INSERT INTO `ace_object_properties_bool` (`aceObjectId`, `boolPropertyId`, `propertyValue`)
VALUES (625, 11, True);

INSERT INTO `ace_object_properties_bool` (`aceObjectId`, `boolPropertyId`, `propertyValue`)
VALUES (625, 14, True);

INSERT INTO `ace_object_palette_change` (`aceObjectId`, `subPaletteId`, `offset`, `length`)
VALUES (625, 67111921, 0, 0);

INSERT INTO `ace_object_texture_map_change` (`aceObjectId`, `index`, `oldId`, `newId`)
VALUES (625, 0, 83890064, 83889696);

INSERT INTO `ace_object_animation_change` (`aceObjectId`, `index`, `animationId`)
VALUES (625, 0, 16777882);

INSERT INTO ace_weenie_class (`weenieClassId`, `weenieClassDescription`)
VALUES (785, 'bloodstone');

INSERT INTO `ace_object` (`aceObjectId`, `aceObjectDescriptionFlags`, `weenieClassId`, `weenieHeaderFlags`, `iconId`, `iconOverlayId`, `iconUnderlayId`, `modelTableId`, `soundTableId`, `motionTableId`, `currentMotionState`, `animationFrameId`, `physicsTableId`, `physicsDescriptionFlag`, `spellId`, `playScript`, `defaultScript`)
VALUES (785, 2125849, 785, 16, 100668379, NULL, NULL, 33555208, 536870932, NULL, NULL, 101, 872415275, 137217, NULL, NULL, NULL);

INSERT INTO `ace_object_properties_string` (`aceObjectId`, `strPropertyId`, `propertyValue`)
VALUES (785, 1, 'Powdered Bloodstone');

INSERT INTO `ace_object_properties_int` (`aceObjectId`, `intPropertyId`, `propertyValue`)
VALUES (785, 1, 4096);

INSERT INTO `ace_object_properties_int` (`aceObjectId`, `intPropertyId`, `propertyValue`)
VALUES (785, 3, 67111919);

INSERT INTO `ace_object_properties_int` (`aceObjectId`, `intPropertyId`, `propertyValue`)
VALUES (785, 5, 160);

INSERT INTO `ace_object_properties_int` (`aceObjectId`, `intPropertyId`, `propertyValue`)
VALUES (785, 11, 100);

INSERT INTO `ace_object_properties_int` (`aceObjectId`, `intPropertyId`, `propertyValue`)
VALUES (785, 12, 40);

INSERT INTO `ace_object_properties_int` (`aceObjectId`, `intPropertyId`, `propertyValue`)
VALUES (785, 16, 1);

INSERT INTO `ace_object_properties_int` (`aceObjectId`, `intPropertyId`, `propertyValue`)
VALUES (785, 19, 200);

INSERT INTO `ace_object_properties_string` (`aceObjectId`, `strPropertyId`, `propertyValue`)
VALUES (785, 20, 'Powdered Bloodstones');

INSERT INTO `ace_object_properties_int` (`aceObjectId`, `intPropertyId`, `propertyValue`)
VALUES (785, 93, 1044);

INSERT INTO `ace_object_properties_bool` (`aceObjectId`, `boolPropertyId`, `propertyValue`)
VALUES (785, 13, True);

INSERT INTO `ace_object_properties_bool` (`aceObjectId`, `boolPropertyId`, `propertyValue`)
VALUES (785, 11, True);

INSERT INTO `ace_object_properties_bool` (`aceObjectId`, `boolPropertyId`, `propertyValue`)
VALUES (785, 14, True);

INSERT INTO `ace_object_palette_change` (`aceObjectId`, `subPaletteId`, `offset`, `length`)
VALUES (785, 67111924, 0, 0);

INSERT INTO `ace_object_texture_map_change` (`aceObjectId`, `index`, `oldId`, `newId`)
VALUES (785, 0, 83890080, 83890080);

INSERT INTO `ace_object_animation_change` (`aceObjectId`, `index`, `animationId`)
VALUES (785, 0, 16780681);

INSERT INTO ace_weenie_class (`weenieClassId`, `weenieClassDescription`)
VALUES (781, 'yarrow');

INSERT INTO `ace_object` (`aceObjectId`, `aceObjectDescriptionFlags`, `weenieClassId`, `weenieHeaderFlags`, `iconId`, `iconOverlayId`, `iconUnderlayId`, `modelTableId`, `soundTableId`, `motionTableId`, `currentMotionState`, `animationFrameId`, `physicsTableId`, `physicsDescriptionFlag`, `spellId`, `playScript`, `defaultScript`)
VALUES (781, 2125849, 781, 16, 100668433, NULL, NULL, 33554817, 536870932, NULL, NULL, 101, 872415275, 137345, NULL, NULL, NULL);

INSERT INTO `ace_object_properties_string` (`aceObjectId`, `strPropertyId`, `propertyValue`)
VALUES (781, 1, 'Yarrow');

INSERT INTO `ace_object_properties_int` (`aceObjectId`, `intPropertyId`, `propertyValue`)
VALUES (781, 1, 4096);

INSERT INTO `ace_object_properties_int` (`aceObjectId`, `intPropertyId`, `propertyValue`)
VALUES (781, 3, 67111919);

INSERT INTO `ace_object_properties_int` (`aceObjectId`, `intPropertyId`, `propertyValue`)
VALUES (781, 5, 60);

INSERT INTO `ace_object_properties_int` (`aceObjectId`, `intPropertyId`, `propertyValue`)
VALUES (781, 11, 100);

INSERT INTO `ace_object_properties_int` (`aceObjectId`, `intPropertyId`, `propertyValue`)
VALUES (781, 12, 15);

INSERT INTO `ace_object_properties_int` (`aceObjectId`, `intPropertyId`, `propertyValue`)
VALUES (781, 16, 1);

INSERT INTO `ace_object_properties_int` (`aceObjectId`, `intPropertyId`, `propertyValue`)
VALUES (781, 19, 150);

INSERT INTO `ace_object_properties_string` (`aceObjectId`, `strPropertyId`, `propertyValue`)
VALUES (781, 20, 'Sacks of Yarrow');

INSERT INTO `ace_object_properties_double` (`aceObjectId`, `dblPropertyId`, `propertyValue`)
VALUES (781, 39, 0.4);

INSERT INTO `ace_object_properties_int` (`aceObjectId`, `intPropertyId`, `propertyValue`)
VALUES (781, 93, 1044);

INSERT INTO `ace_object_properties_bool` (`aceObjectId`, `boolPropertyId`, `propertyValue`)
VALUES (781, 13, True);

INSERT INTO `ace_object_properties_bool` (`aceObjectId`, `boolPropertyId`, `propertyValue`)
VALUES (781, 11, True);

INSERT INTO `ace_object_properties_bool` (`aceObjectId`, `boolPropertyId`, `propertyValue`)
VALUES (781, 14, True);

INSERT INTO `ace_object_palette_change` (`aceObjectId`, `subPaletteId`, `offset`, `length`)
VALUES (781, 67111919, 0, 0);

INSERT INTO `ace_object_texture_map_change` (`aceObjectId`, `index`, `oldId`, `newId`)
VALUES (781, 0, 83890064, 83889696);

INSERT INTO `ace_object_animation_change` (`aceObjectId`, `index`, `animationId`)
VALUES (781, 0, 16777882);

INSERT INTO ace_weenie_class (`weenieClassId`, `weenieClassDescription`)
VALUES (792, 'turquoise');

INSERT INTO `ace_object` (`aceObjectId`, `aceObjectDescriptionFlags`, `weenieClassId`, `weenieHeaderFlags`, `iconId`, `iconOverlayId`, `iconUnderlayId`, `modelTableId`, `soundTableId`, `motionTableId`, `currentMotionState`, `animationFrameId`, `physicsTableId`, `physicsDescriptionFlag`, `spellId`, `playScript`, `defaultScript`)
VALUES (792, 2125849, 792, 16, 100668378, NULL, NULL, 33555208, 536870932, NULL, NULL, 101, 872415275, 137217, NULL, NULL, NULL);

INSERT INTO `ace_object_properties_string` (`aceObjectId`, `strPropertyId`, `propertyValue`)
VALUES (792, 1, 'Powdered Turquoise');

INSERT INTO `ace_object_properties_int` (`aceObjectId`, `intPropertyId`, `propertyValue`)
VALUES (792, 1, 4096);

INSERT INTO `ace_object_properties_int` (`aceObjectId`, `intPropertyId`, `propertyValue`)
VALUES (792, 3, 67111919);

INSERT INTO `ace_object_properties_int` (`aceObjectId`, `intPropertyId`, `propertyValue`)
VALUES (792, 5, 160);

INSERT INTO `ace_object_properties_int` (`aceObjectId`, `intPropertyId`, `propertyValue`)
VALUES (792, 11, 100);

INSERT INTO `ace_object_properties_int` (`aceObjectId`, `intPropertyId`, `propertyValue`)
VALUES (792, 12, 40);

INSERT INTO `ace_object_properties_int` (`aceObjectId`, `intPropertyId`, `propertyValue`)
VALUES (792, 16, 1);

INSERT INTO `ace_object_properties_int` (`aceObjectId`, `intPropertyId`, `propertyValue`)
VALUES (792, 19, 200);

INSERT INTO `ace_object_properties_string` (`aceObjectId`, `strPropertyId`, `propertyValue`)
VALUES (792, 20, 'Powdered Turquoise');

INSERT INTO `ace_object_properties_int` (`aceObjectId`, `intPropertyId`, `propertyValue`)
VALUES (792, 93, 1044);

INSERT INTO `ace_object_properties_bool` (`aceObjectId`, `boolPropertyId`, `propertyValue`)
VALUES (792, 13, True);

INSERT INTO `ace_object_properties_bool` (`aceObjectId`, `boolPropertyId`, `propertyValue`)
VALUES (792, 11, True);

INSERT INTO `ace_object_properties_bool` (`aceObjectId`, `boolPropertyId`, `propertyValue`)
VALUES (792, 14, True);

INSERT INTO `ace_object_palette_change` (`aceObjectId`, `subPaletteId`, `offset`, `length`)
VALUES (792, 67111923, 0, 0);

INSERT INTO `ace_object_texture_map_change` (`aceObjectId`, `index`, `oldId`, `newId`)
VALUES (792, 0, 83890080, 83890080);

INSERT INTO `ace_object_animation_change` (`aceObjectId`, `index`, `animationId`)
VALUES (792, 0, 16780681);

INSERT INTO ace_weenie_class (`weenieClassId`, `weenieClassDescription`)
VALUES (748, 'oaktalisman');

INSERT INTO `ace_object` (`aceObjectId`, `aceObjectDescriptionFlags`, `weenieClassId`, `weenieHeaderFlags`, `iconId`, `iconOverlayId`, `iconUnderlayId`, `modelTableId`, `soundTableId`, `motionTableId`, `currentMotionState`, `animationFrameId`, `physicsTableId`, `physicsDescriptionFlag`, `spellId`, `playScript`, `defaultScript`)
VALUES (748, 2125848, 748, 16, 100668398, NULL, NULL, 33555207, 536870932, NULL, NULL, 101, 872415275, 137217, NULL, NULL, NULL);

INSERT INTO `ace_object_properties_string` (`aceObjectId`, `strPropertyId`, `propertyValue`)
VALUES (748, 1, 'Oak Talisman');

INSERT INTO `ace_object_properties_int` (`aceObjectId`, `intPropertyId`, `propertyValue`)
VALUES (748, 1, 4096);

INSERT INTO `ace_object_properties_int` (`aceObjectId`, `intPropertyId`, `propertyValue`)
VALUES (748, 3, 67111919);

INSERT INTO `ace_object_properties_int` (`aceObjectId`, `intPropertyId`, `propertyValue`)
VALUES (748, 5, 80);

INSERT INTO `ace_object_properties_int` (`aceObjectId`, `intPropertyId`, `propertyValue`)
VALUES (748, 11, 100);

INSERT INTO `ace_object_properties_int` (`aceObjectId`, `intPropertyId`, `propertyValue`)
VALUES (748, 12, 20);

INSERT INTO `ace_object_properties_int` (`aceObjectId`, `intPropertyId`, `propertyValue`)
VALUES (748, 16, 1);

INSERT INTO `ace_object_properties_int` (`aceObjectId`, `intPropertyId`, `propertyValue`)
VALUES (748, 19, 100);

INSERT INTO `ace_object_properties_int` (`aceObjectId`, `intPropertyId`, `propertyValue`)
VALUES (748, 93, 1044);

INSERT INTO `ace_object_properties_bool` (`aceObjectId`, `boolPropertyId`, `propertyValue`)
VALUES (748, 13, True);

INSERT INTO `ace_object_properties_bool` (`aceObjectId`, `boolPropertyId`, `propertyValue`)
VALUES (748, 11, True);

INSERT INTO `ace_object_properties_bool` (`aceObjectId`, `boolPropertyId`, `propertyValue`)
VALUES (748, 14, True);

INSERT INTO `ace_object_palette_change` (`aceObjectId`, `subPaletteId`, `offset`, `length`)
VALUES (748, 67111923, 0, 0);

INSERT INTO `ace_object_texture_map_change` (`aceObjectId`, `index`, `oldId`, `newId`)
VALUES (748, 0, 83890069, 83890069);

INSERT INTO `ace_object_animation_change` (`aceObjectId`, `index`, `animationId`)
VALUES (748, 0, 16780687);

INSERT INTO ace_weenie_class (`weenieClassId`, `weenieClassDescription`)
VALUES (782, 'agate');

INSERT INTO `ace_object` (`aceObjectId`, `aceObjectDescriptionFlags`, `weenieClassId`, `weenieHeaderFlags`, `iconId`, `iconOverlayId`, `iconUnderlayId`, `modelTableId`, `soundTableId`, `motionTableId`, `currentMotionState`, `animationFrameId`, `physicsTableId`, `physicsDescriptionFlag`, `spellId`, `playScript`, `defaultScript`)
VALUES (782, 2125849, 782, 16, 100668377, NULL, NULL, 33555208, 536870932, NULL, NULL, 101, 872415275, 137217, NULL, NULL, NULL);

INSERT INTO `ace_object_properties_string` (`aceObjectId`, `strPropertyId`, `propertyValue`)
VALUES (782, 1, 'Powdered Agate');

INSERT INTO `ace_object_properties_int` (`aceObjectId`, `intPropertyId`, `propertyValue`)
VALUES (782, 1, 4096);

INSERT INTO `ace_object_properties_int` (`aceObjectId`, `intPropertyId`, `propertyValue`)
VALUES (782, 3, 67111919);

INSERT INTO `ace_object_properties_int` (`aceObjectId`, `intPropertyId`, `propertyValue`)
VALUES (782, 5, 240);

INSERT INTO `ace_object_properties_int` (`aceObjectId`, `intPropertyId`, `propertyValue`)
VALUES (782, 11, 100);

INSERT INTO `ace_object_properties_int` (`aceObjectId`, `intPropertyId`, `propertyValue`)
VALUES (782, 12, 60);

INSERT INTO `ace_object_properties_int` (`aceObjectId`, `intPropertyId`, `propertyValue`)
VALUES (782, 16, 1);

INSERT INTO `ace_object_properties_int` (`aceObjectId`, `intPropertyId`, `propertyValue`)
VALUES (782, 19, 300);

INSERT INTO `ace_object_properties_string` (`aceObjectId`, `strPropertyId`, `propertyValue`)
VALUES (782, 20, 'Powdered Agates');

INSERT INTO `ace_object_properties_int` (`aceObjectId`, `intPropertyId`, `propertyValue`)
VALUES (782, 93, 1044);

INSERT INTO `ace_object_properties_bool` (`aceObjectId`, `boolPropertyId`, `propertyValue`)
VALUES (782, 13, True);

INSERT INTO `ace_object_properties_bool` (`aceObjectId`, `boolPropertyId`, `propertyValue`)
VALUES (782, 11, True);

INSERT INTO `ace_object_properties_bool` (`aceObjectId`, `boolPropertyId`, `propertyValue`)
VALUES (782, 14, True);

INSERT INTO `ace_object_palette_change` (`aceObjectId`, `subPaletteId`, `offset`, `length`)
VALUES (782, 67111919, 0, 0);

INSERT INTO `ace_object_texture_map_change` (`aceObjectId`, `index`, `oldId`, `newId`)
VALUES (782, 0, 83890080, 83890080);

INSERT INTO `ace_object_animation_change` (`aceObjectId`, `index`, `animationId`)
VALUES (782, 0, 16780681);

INSERT INTO ace_weenie_class (`weenieClassId`, `weenieClassDescription`)
VALUES (754, 'alchemcadmia');

INSERT INTO `ace_object` (`aceObjectId`, `aceObjectDescriptionFlags`, `weenieClassId`, `weenieHeaderFlags`, `iconId`, `iconOverlayId`, `iconUnderlayId`, `modelTableId`, `soundTableId`, `motionTableId`, `currentMotionState`, `animationFrameId`, `physicsTableId`, `physicsDescriptionFlag`, `spellId`, `playScript`, `defaultScript`)
VALUES (754, 2125849, 754, 16, 100668374, NULL, NULL, 33555209, 536870932, NULL, NULL, 101, 872415275, 137217, NULL, NULL, NULL);

INSERT INTO `ace_object_properties_string` (`aceObjectId`, `strPropertyId`, `propertyValue`)
VALUES (754, 1, 'Cadmia');

INSERT INTO `ace_object_properties_int` (`aceObjectId`, `intPropertyId`, `propertyValue`)
VALUES (754, 1, 4096);

INSERT INTO `ace_object_properties_int` (`aceObjectId`, `intPropertyId`, `propertyValue`)
VALUES (754, 3, 67111919);

INSERT INTO `ace_object_properties_int` (`aceObjectId`, `intPropertyId`, `propertyValue`)
VALUES (754, 5, 200);

INSERT INTO `ace_object_properties_int` (`aceObjectId`, `intPropertyId`, `propertyValue`)
VALUES (754, 11, 100);

INSERT INTO `ace_object_properties_int` (`aceObjectId`, `intPropertyId`, `propertyValue`)
VALUES (754, 12, 50);

INSERT INTO `ace_object_properties_int` (`aceObjectId`, `intPropertyId`, `propertyValue`)
VALUES (754, 16, 1);

INSERT INTO `ace_object_properties_int` (`aceObjectId`, `intPropertyId`, `propertyValue`)
VALUES (754, 19, 250);

INSERT INTO `ace_object_properties_string` (`aceObjectId`, `strPropertyId`, `propertyValue`)
VALUES (754, 20, 'Cadmia Potions');

INSERT INTO `ace_object_properties_int` (`aceObjectId`, `intPropertyId`, `propertyValue`)
VALUES (754, 93, 1044);

INSERT INTO `ace_object_properties_bool` (`aceObjectId`, `boolPropertyId`, `propertyValue`)
VALUES (754, 13, True);

INSERT INTO `ace_object_properties_bool` (`aceObjectId`, `boolPropertyId`, `propertyValue`)
VALUES (754, 11, True);

INSERT INTO `ace_object_properties_bool` (`aceObjectId`, `boolPropertyId`, `propertyValue`)
VALUES (754, 14, True);

INSERT INTO `ace_object_palette_change` (`aceObjectId`, `subPaletteId`, `offset`, `length`)
VALUES (754, 67111927, 0, 0);

INSERT INTO `ace_object_texture_map_change` (`aceObjectId`, `index`, `oldId`, `newId`)
VALUES (754, 0, 83890051, 83890051);

INSERT INTO `ace_object_animation_change` (`aceObjectId`, `index`, `animationId`)
VALUES (754, 0, 16780684);

INSERT INTO ace_weenie_class (`weenieClassId`, `weenieClassDescription`)
VALUES (777, 'myrrh');

INSERT INTO `ace_object` (`aceObjectId`, `aceObjectDescriptionFlags`, `weenieClassId`, `weenieHeaderFlags`, `iconId`, `iconOverlayId`, `iconUnderlayId`, `modelTableId`, `soundTableId`, `motionTableId`, `currentMotionState`, `animationFrameId`, `physicsTableId`, `physicsDescriptionFlag`, `spellId`, `playScript`, `defaultScript`)
VALUES (777, 2125849, 777, 16, 100668429, NULL, NULL, 33554817, 536870932, NULL, NULL, 101, 872415275, 137345, NULL, NULL, NULL);

INSERT INTO `ace_object_properties_string` (`aceObjectId`, `strPropertyId`, `propertyValue`)
VALUES (777, 1, 'Myrrh');

INSERT INTO `ace_object_properties_int` (`aceObjectId`, `intPropertyId`, `propertyValue`)
VALUES (777, 1, 4096);

INSERT INTO `ace_object_properties_int` (`aceObjectId`, `intPropertyId`, `propertyValue`)
VALUES (777, 3, 67111919);

INSERT INTO `ace_object_properties_int` (`aceObjectId`, `intPropertyId`, `propertyValue`)
VALUES (777, 5, 96);

INSERT INTO `ace_object_properties_int` (`aceObjectId`, `intPropertyId`, `propertyValue`)
VALUES (777, 11, 100);

INSERT INTO `ace_object_properties_int` (`aceObjectId`, `intPropertyId`, `propertyValue`)
VALUES (777, 12, 24);

INSERT INTO `ace_object_properties_int` (`aceObjectId`, `intPropertyId`, `propertyValue`)
VALUES (777, 16, 1);

INSERT INTO `ace_object_properties_int` (`aceObjectId`, `intPropertyId`, `propertyValue`)
VALUES (777, 19, 240);

INSERT INTO `ace_object_properties_string` (`aceObjectId`, `strPropertyId`, `propertyValue`)
VALUES (777, 20, 'Sacks of Myrrh');

INSERT INTO `ace_object_properties_double` (`aceObjectId`, `dblPropertyId`, `propertyValue`)
VALUES (777, 39, 0.4);

INSERT INTO `ace_object_properties_int` (`aceObjectId`, `intPropertyId`, `propertyValue`)
VALUES (777, 93, 1044);

INSERT INTO `ace_object_properties_bool` (`aceObjectId`, `boolPropertyId`, `propertyValue`)
VALUES (777, 13, True);

INSERT INTO `ace_object_properties_bool` (`aceObjectId`, `boolPropertyId`, `propertyValue`)
VALUES (777, 11, True);

INSERT INTO `ace_object_properties_bool` (`aceObjectId`, `boolPropertyId`, `propertyValue`)
VALUES (777, 14, True);

INSERT INTO `ace_object_palette_change` (`aceObjectId`, `subPaletteId`, `offset`, `length`)
VALUES (777, 67111921, 0, 0);

INSERT INTO `ace_object_texture_map_change` (`aceObjectId`, `index`, `oldId`, `newId`)
VALUES (777, 0, 83890064, 83889696);

INSERT INTO `ace_object_animation_change` (`aceObjectId`, `index`, `animationId`)
VALUES (777, 0, 16777882);

INSERT INTO ace_weenie_class (`weenieClassId`, `weenieClassDescription`)
VALUES (761, 'alchemstibnite');

INSERT INTO `ace_object` (`aceObjectId`, `aceObjectDescriptionFlags`, `weenieClassId`, `weenieHeaderFlags`, `iconId`, `iconOverlayId`, `iconUnderlayId`, `modelTableId`, `soundTableId`, `motionTableId`, `currentMotionState`, `animationFrameId`, `physicsTableId`, `physicsDescriptionFlag`, `spellId`, `playScript`, `defaultScript`)
VALUES (761, 2125849, 761, 16, 100669700, NULL, NULL, 33555209, 536870932, NULL, NULL, 101, 872415275, 137217, NULL, NULL, NULL);

INSERT INTO `ace_object_properties_string` (`aceObjectId`, `strPropertyId`, `propertyValue`)
VALUES (761, 1, 'Stibnite');

INSERT INTO `ace_object_properties_int` (`aceObjectId`, `intPropertyId`, `propertyValue`)
VALUES (761, 1, 4096);

INSERT INTO `ace_object_properties_int` (`aceObjectId`, `intPropertyId`, `propertyValue`)
VALUES (761, 3, 67111919);

INSERT INTO `ace_object_properties_int` (`aceObjectId`, `intPropertyId`, `propertyValue`)
VALUES (761, 5, 200);

INSERT INTO `ace_object_properties_int` (`aceObjectId`, `intPropertyId`, `propertyValue`)
VALUES (761, 11, 100);

INSERT INTO `ace_object_properties_int` (`aceObjectId`, `intPropertyId`, `propertyValue`)
VALUES (761, 12, 50);

INSERT INTO `ace_object_properties_int` (`aceObjectId`, `intPropertyId`, `propertyValue`)
VALUES (761, 16, 1);

INSERT INTO `ace_object_properties_int` (`aceObjectId`, `intPropertyId`, `propertyValue`)
VALUES (761, 19, 250);

INSERT INTO `ace_object_properties_string` (`aceObjectId`, `strPropertyId`, `propertyValue`)
VALUES (761, 20, 'Stibnite Potions');

INSERT INTO `ace_object_properties_int` (`aceObjectId`, `intPropertyId`, `propertyValue`)
VALUES (761, 93, 1044);

INSERT INTO `ace_object_properties_bool` (`aceObjectId`, `boolPropertyId`, `propertyValue`)
VALUES (761, 13, True);

INSERT INTO `ace_object_properties_bool` (`aceObjectId`, `boolPropertyId`, `propertyValue`)
VALUES (761, 11, True);

INSERT INTO `ace_object_properties_bool` (`aceObjectId`, `boolPropertyId`, `propertyValue`)
VALUES (761, 14, True);

INSERT INTO `ace_object_palette_change` (`aceObjectId`, `subPaletteId`, `offset`, `length`)
VALUES (761, 67111921, 0, 0);

INSERT INTO `ace_object_texture_map_change` (`aceObjectId`, `index`, `oldId`, `newId`)
VALUES (761, 0, 83890051, 83890051);

INSERT INTO `ace_object_animation_change` (`aceObjectId`, `index`, `animationId`)
VALUES (761, 0, 16780684);

INSERT INTO ace_weenie_class (`weenieClassId`, `weenieClassDescription`)
VALUES (755, 'alchemcinnabar');

INSERT INTO `ace_object` (`aceObjectId`, `aceObjectDescriptionFlags`, `weenieClassId`, `weenieHeaderFlags`, `iconId`, `iconOverlayId`, `iconUnderlayId`, `modelTableId`, `soundTableId`, `motionTableId`, `currentMotionState`, `animationFrameId`, `physicsTableId`, `physicsDescriptionFlag`, `spellId`, `playScript`, `defaultScript`)
VALUES (755, 2125849, 755, 16, 100668373, NULL, NULL, 33555209, 536870932, NULL, NULL, 101, 872415275, 137217, NULL, NULL, NULL);

INSERT INTO `ace_object_properties_string` (`aceObjectId`, `strPropertyId`, `propertyValue`)
VALUES (755, 1, 'Cinnabar');

INSERT INTO `ace_object_properties_int` (`aceObjectId`, `intPropertyId`, `propertyValue`)
VALUES (755, 1, 4096);

INSERT INTO `ace_object_properties_int` (`aceObjectId`, `intPropertyId`, `propertyValue`)
VALUES (755, 3, 67111919);

INSERT INTO `ace_object_properties_int` (`aceObjectId`, `intPropertyId`, `propertyValue`)
VALUES (755, 5, 400);

INSERT INTO `ace_object_properties_int` (`aceObjectId`, `intPropertyId`, `propertyValue`)
VALUES (755, 11, 100);

INSERT INTO `ace_object_properties_int` (`aceObjectId`, `intPropertyId`, `propertyValue`)
VALUES (755, 12, 100);

INSERT INTO `ace_object_properties_int` (`aceObjectId`, `intPropertyId`, `propertyValue`)
VALUES (755, 16, 1);

INSERT INTO `ace_object_properties_int` (`aceObjectId`, `intPropertyId`, `propertyValue`)
VALUES (755, 19, 500);

INSERT INTO `ace_object_properties_string` (`aceObjectId`, `strPropertyId`, `propertyValue`)
VALUES (755, 20, 'Cinnabar Potions');

INSERT INTO `ace_object_properties_int` (`aceObjectId`, `intPropertyId`, `propertyValue`)
VALUES (755, 93, 1044);

INSERT INTO `ace_object_properties_bool` (`aceObjectId`, `boolPropertyId`, `propertyValue`)
VALUES (755, 13, True);

INSERT INTO `ace_object_properties_bool` (`aceObjectId`, `boolPropertyId`, `propertyValue`)
VALUES (755, 11, True);

INSERT INTO `ace_object_properties_bool` (`aceObjectId`, `boolPropertyId`, `propertyValue`)
VALUES (755, 14, True);

INSERT INTO `ace_object_palette_change` (`aceObjectId`, `subPaletteId`, `offset`, `length`)
VALUES (755, 67111922, 0, 0);

INSERT INTO `ace_object_texture_map_change` (`aceObjectId`, `index`, `oldId`, `newId`)
VALUES (755, 0, 83890051, 83890051);

INSERT INTO `ace_object_animation_change` (`aceObjectId`, `index`, `animationId`)
VALUES (755, 0, 16780684);

INSERT INTO ace_weenie_class (`weenieClassId`, `weenieClassDescription`)
VALUES (626, 'hematite');

INSERT INTO `ace_object` (`aceObjectId`, `aceObjectDescriptionFlags`, `weenieClassId`, `weenieHeaderFlags`, `iconId`, `iconOverlayId`, `iconUnderlayId`, `modelTableId`, `soundTableId`, `motionTableId`, `currentMotionState`, `animationFrameId`, `physicsTableId`, `physicsDescriptionFlag`, `spellId`, `playScript`, `defaultScript`)
VALUES (626, 2125849, 626, 16, 100668381, NULL, NULL, 33555208, 536870932, NULL, NULL, 101, 872415275, 137217, NULL, NULL, NULL);

INSERT INTO `ace_object_properties_string` (`aceObjectId`, `strPropertyId`, `propertyValue`)
VALUES (626, 1, 'Powdered Hematite');

INSERT INTO `ace_object_properties_int` (`aceObjectId`, `intPropertyId`, `propertyValue`)
VALUES (626, 1, 4096);

INSERT INTO `ace_object_properties_int` (`aceObjectId`, `intPropertyId`, `propertyValue`)
VALUES (626, 3, 67111919);

INSERT INTO `ace_object_properties_int` (`aceObjectId`, `intPropertyId`, `propertyValue`)
VALUES (626, 5, 400);

INSERT INTO `ace_object_properties_int` (`aceObjectId`, `intPropertyId`, `propertyValue`)
VALUES (626, 11, 100);

INSERT INTO `ace_object_properties_int` (`aceObjectId`, `intPropertyId`, `propertyValue`)
VALUES (626, 12, 100);

INSERT INTO `ace_object_properties_int` (`aceObjectId`, `intPropertyId`, `propertyValue`)
VALUES (626, 16, 1);

INSERT INTO `ace_object_properties_int` (`aceObjectId`, `intPropertyId`, `propertyValue`)
VALUES (626, 19, 500);

INSERT INTO `ace_object_properties_string` (`aceObjectId`, `strPropertyId`, `propertyValue`)
VALUES (626, 20, 'Powdered Hematites');

INSERT INTO `ace_object_properties_int` (`aceObjectId`, `intPropertyId`, `propertyValue`)
VALUES (626, 93, 1044);

INSERT INTO `ace_object_properties_bool` (`aceObjectId`, `boolPropertyId`, `propertyValue`)
VALUES (626, 13, True);

INSERT INTO `ace_object_properties_bool` (`aceObjectId`, `boolPropertyId`, `propertyValue`)
VALUES (626, 11, True);

INSERT INTO `ace_object_properties_bool` (`aceObjectId`, `boolPropertyId`, `propertyValue`)
VALUES (626, 14, True);

INSERT INTO `ace_object_palette_change` (`aceObjectId`, `subPaletteId`, `offset`, `length`)
VALUES (626, 67111921, 0, 0);

INSERT INTO `ace_object_texture_map_change` (`aceObjectId`, `index`, `oldId`, `newId`)
VALUES (626, 0, 83890080, 83890080);

INSERT INTO `ace_object_animation_change` (`aceObjectId`, `index`, `animationId`)
VALUES (626, 0, 16780681);

INSERT INTO ace_weenie_class (`weenieClassId`, `weenieClassDescription`)
VALUES (775, 'mandrake');

INSERT INTO `ace_object` (`aceObjectId`, `aceObjectDescriptionFlags`, `weenieClassId`, `weenieHeaderFlags`, `iconId`, `iconOverlayId`, `iconUnderlayId`, `modelTableId`, `soundTableId`, `motionTableId`, `currentMotionState`, `animationFrameId`, `physicsTableId`, `physicsDescriptionFlag`, `spellId`, `playScript`, `defaultScript`)
VALUES (775, 2125849, 775, 16, 100668427, NULL, NULL, 33554817, 536870932, NULL, NULL, 101, 872415275, 137345, NULL, NULL, NULL);

INSERT INTO `ace_object_properties_string` (`aceObjectId`, `strPropertyId`, `propertyValue`)
VALUES (775, 1, 'Mandrake');

INSERT INTO `ace_object_properties_int` (`aceObjectId`, `intPropertyId`, `propertyValue`)
VALUES (775, 1, 4096);

INSERT INTO `ace_object_properties_int` (`aceObjectId`, `intPropertyId`, `propertyValue`)
VALUES (775, 3, 67111919);

INSERT INTO `ace_object_properties_int` (`aceObjectId`, `intPropertyId`, `propertyValue`)
VALUES (775, 5, 400);

INSERT INTO `ace_object_properties_int` (`aceObjectId`, `intPropertyId`, `propertyValue`)
VALUES (775, 11, 100);

INSERT INTO `ace_object_properties_int` (`aceObjectId`, `intPropertyId`, `propertyValue`)
VALUES (775, 12, 100);

INSERT INTO `ace_object_properties_int` (`aceObjectId`, `intPropertyId`, `propertyValue`)
VALUES (775, 16, 1);

INSERT INTO `ace_object_properties_int` (`aceObjectId`, `intPropertyId`, `propertyValue`)
VALUES (775, 19, 1000);

INSERT INTO `ace_object_properties_string` (`aceObjectId`, `strPropertyId`, `propertyValue`)
VALUES (775, 20, 'Sacks of Mandrake');

INSERT INTO `ace_object_properties_double` (`aceObjectId`, `dblPropertyId`, `propertyValue`)
VALUES (775, 39, 0.4);

INSERT INTO `ace_object_properties_int` (`aceObjectId`, `intPropertyId`, `propertyValue`)
VALUES (775, 93, 1044);

INSERT INTO `ace_object_properties_bool` (`aceObjectId`, `boolPropertyId`, `propertyValue`)
VALUES (775, 13, True);

INSERT INTO `ace_object_properties_bool` (`aceObjectId`, `boolPropertyId`, `propertyValue`)
VALUES (775, 11, True);

INSERT INTO `ace_object_properties_bool` (`aceObjectId`, `boolPropertyId`, `propertyValue`)
VALUES (775, 14, True);

INSERT INTO `ace_object_palette_change` (`aceObjectId`, `subPaletteId`, `offset`, `length`)
VALUES (775, 67111919, 0, 0);

INSERT INTO `ace_object_texture_map_change` (`aceObjectId`, `index`, `oldId`, `newId`)
VALUES (775, 0, 83890064, 83889696);

INSERT INTO `ace_object_animation_change` (`aceObjectId`, `index`, `animationId`)
VALUES (775, 0, 16777882);

INSERT INTO ace_weenie_class (`weenieClassId`, `weenieClassDescription`)
VALUES (744, 'ebonytalisman');

INSERT INTO `ace_object` (`aceObjectId`, `aceObjectDescriptionFlags`, `weenieClassId`, `weenieHeaderFlags`, `iconId`, `iconOverlayId`, `iconUnderlayId`, `modelTableId`, `soundTableId`, `motionTableId`, `currentMotionState`, `animationFrameId`, `physicsTableId`, `physicsDescriptionFlag`, `spellId`, `playScript`, `defaultScript`)
VALUES (744, 2125848, 744, 16, 100669709, NULL, NULL, 33555207, 536870932, NULL, NULL, 101, 872415275, 137217, NULL, NULL, NULL);

INSERT INTO `ace_object_properties_string` (`aceObjectId`, `strPropertyId`, `propertyValue`)
VALUES (744, 1, 'Ebony Talisman');

INSERT INTO `ace_object_properties_int` (`aceObjectId`, `intPropertyId`, `propertyValue`)
VALUES (744, 1, 4096);

INSERT INTO `ace_object_properties_int` (`aceObjectId`, `intPropertyId`, `propertyValue`)
VALUES (744, 3, 67111919);

INSERT INTO `ace_object_properties_int` (`aceObjectId`, `intPropertyId`, `propertyValue`)
VALUES (744, 5, 116);

INSERT INTO `ace_object_properties_int` (`aceObjectId`, `intPropertyId`, `propertyValue`)
VALUES (744, 11, 100);

INSERT INTO `ace_object_properties_int` (`aceObjectId`, `intPropertyId`, `propertyValue`)
VALUES (744, 12, 29);

INSERT INTO `ace_object_properties_int` (`aceObjectId`, `intPropertyId`, `propertyValue`)
VALUES (744, 16, 1);

INSERT INTO `ace_object_properties_int` (`aceObjectId`, `intPropertyId`, `propertyValue`)
VALUES (744, 19, 145);

INSERT INTO `ace_object_properties_int` (`aceObjectId`, `intPropertyId`, `propertyValue`)
VALUES (744, 93, 1044);

INSERT INTO `ace_object_properties_bool` (`aceObjectId`, `boolPropertyId`, `propertyValue`)
VALUES (744, 13, True);

INSERT INTO `ace_object_properties_bool` (`aceObjectId`, `boolPropertyId`, `propertyValue`)
VALUES (744, 11, True);

INSERT INTO `ace_object_properties_bool` (`aceObjectId`, `boolPropertyId`, `propertyValue`)
VALUES (744, 14, True);

INSERT INTO `ace_object_palette_change` (`aceObjectId`, `subPaletteId`, `offset`, `length`)
VALUES (744, 67111921, 0, 0);

INSERT INTO `ace_object_texture_map_change` (`aceObjectId`, `index`, `oldId`, `newId`)
VALUES (744, 0, 83890069, 83890069);

INSERT INTO `ace_object_animation_change` (`aceObjectId`, `index`, `animationId`)
VALUES (744, 0, 16780687);

INSERT INTO ace_weenie_class (`weenieClassId`, `weenieClassDescription`)
VALUES (742, 'blackthorntalisman');

INSERT INTO `ace_object` (`aceObjectId`, `aceObjectDescriptionFlags`, `weenieClassId`, `weenieHeaderFlags`, `iconId`, `iconOverlayId`, `iconUnderlayId`, `modelTableId`, `soundTableId`, `motionTableId`, `currentMotionState`, `animationFrameId`, `physicsTableId`, `physicsDescriptionFlag`, `spellId`, `playScript`, `defaultScript`)
VALUES (742, 2125848, 742, 16, 100668394, NULL, NULL, 33555207, 536870932, NULL, NULL, 101, 872415275, 137217, NULL, NULL, NULL);

INSERT INTO `ace_object_properties_string` (`aceObjectId`, `strPropertyId`, `propertyValue`)
VALUES (742, 1, 'Blackthorn Talisman');

INSERT INTO `ace_object_properties_int` (`aceObjectId`, `intPropertyId`, `propertyValue`)
VALUES (742, 1, 4096);

INSERT INTO `ace_object_properties_int` (`aceObjectId`, `intPropertyId`, `propertyValue`)
VALUES (742, 3, 67111919);

INSERT INTO `ace_object_properties_int` (`aceObjectId`, `intPropertyId`, `propertyValue`)
VALUES (742, 5, 80);

INSERT INTO `ace_object_properties_int` (`aceObjectId`, `intPropertyId`, `propertyValue`)
VALUES (742, 11, 100);

INSERT INTO `ace_object_properties_int` (`aceObjectId`, `intPropertyId`, `propertyValue`)
VALUES (742, 12, 20);

INSERT INTO `ace_object_properties_int` (`aceObjectId`, `intPropertyId`, `propertyValue`)
VALUES (742, 16, 1);

INSERT INTO `ace_object_properties_int` (`aceObjectId`, `intPropertyId`, `propertyValue`)
VALUES (742, 19, 100);

INSERT INTO `ace_object_properties_int` (`aceObjectId`, `intPropertyId`, `propertyValue`)
VALUES (742, 93, 1044);

INSERT INTO `ace_object_properties_bool` (`aceObjectId`, `boolPropertyId`, `propertyValue`)
VALUES (742, 13, True);

INSERT INTO `ace_object_properties_bool` (`aceObjectId`, `boolPropertyId`, `propertyValue`)
VALUES (742, 11, True);

INSERT INTO `ace_object_properties_bool` (`aceObjectId`, `boolPropertyId`, `propertyValue`)
VALUES (742, 14, True);

INSERT INTO `ace_object_palette_change` (`aceObjectId`, `subPaletteId`, `offset`, `length`)
VALUES (742, 67111919, 0, 0);

INSERT INTO `ace_object_texture_map_change` (`aceObjectId`, `index`, `oldId`, `newId`)
VALUES (742, 0, 83890069, 83890069);

INSERT INTO `ace_object_animation_change` (`aceObjectId`, `index`, `animationId`)
VALUES (742, 0, 16780687);

INSERT INTO ace_weenie_class (`weenieClassId`, `weenieClassDescription`)
VALUES (789, 'moonstone');

INSERT INTO `ace_object` (`aceObjectId`, `aceObjectDescriptionFlags`, `weenieClassId`, `weenieHeaderFlags`, `iconId`, `iconOverlayId`, `iconUnderlayId`, `modelTableId`, `soundTableId`, `motionTableId`, `currentMotionState`, `animationFrameId`, `physicsTableId`, `physicsDescriptionFlag`, `spellId`, `playScript`, `defaultScript`)
VALUES (789, 2125849, 789, 16, 100668386, NULL, NULL, 33555208, 536870932, NULL, NULL, 101, 872415275, 137217, NULL, NULL, NULL);

INSERT INTO `ace_object_properties_string` (`aceObjectId`, `strPropertyId`, `propertyValue`)
VALUES (789, 1, 'Powdered Moonstone');

INSERT INTO `ace_object_properties_int` (`aceObjectId`, `intPropertyId`, `propertyValue`)
VALUES (789, 1, 4096);

INSERT INTO `ace_object_properties_int` (`aceObjectId`, `intPropertyId`, `propertyValue`)
VALUES (789, 3, 67111919);

INSERT INTO `ace_object_properties_int` (`aceObjectId`, `intPropertyId`, `propertyValue`)
VALUES (789, 5, 200);

INSERT INTO `ace_object_properties_int` (`aceObjectId`, `intPropertyId`, `propertyValue`)
VALUES (789, 11, 100);

INSERT INTO `ace_object_properties_int` (`aceObjectId`, `intPropertyId`, `propertyValue`)
VALUES (789, 12, 50);

INSERT INTO `ace_object_properties_int` (`aceObjectId`, `intPropertyId`, `propertyValue`)
VALUES (789, 16, 1);

INSERT INTO `ace_object_properties_int` (`aceObjectId`, `intPropertyId`, `propertyValue`)
VALUES (789, 19, 250);

INSERT INTO `ace_object_properties_string` (`aceObjectId`, `strPropertyId`, `propertyValue`)
VALUES (789, 20, 'Powdered Moonstones');

INSERT INTO `ace_object_properties_int` (`aceObjectId`, `intPropertyId`, `propertyValue`)
VALUES (789, 93, 1044);

INSERT INTO `ace_object_properties_bool` (`aceObjectId`, `boolPropertyId`, `propertyValue`)
VALUES (789, 13, True);

INSERT INTO `ace_object_properties_bool` (`aceObjectId`, `boolPropertyId`, `propertyValue`)
VALUES (789, 11, True);

INSERT INTO `ace_object_properties_bool` (`aceObjectId`, `boolPropertyId`, `propertyValue`)
VALUES (789, 14, True);

INSERT INTO `ace_object_palette_change` (`aceObjectId`, `subPaletteId`, `offset`, `length`)
VALUES (789, 67111927, 0, 0);

INSERT INTO `ace_object_texture_map_change` (`aceObjectId`, `index`, `oldId`, `newId`)
VALUES (789, 0, 83890080, 83890080);

INSERT INTO `ace_object_animation_change` (`aceObjectId`, `index`, `animationId`)
VALUES (789, 0, 16780681);

INSERT INTO ace_weenie_class (`weenieClassId`, `weenieClassDescription`)
VALUES (749, 'poplartalisman');

INSERT INTO `ace_object` (`aceObjectId`, `aceObjectDescriptionFlags`, `weenieClassId`, `weenieHeaderFlags`, `iconId`, `iconOverlayId`, `iconUnderlayId`, `modelTableId`, `soundTableId`, `motionTableId`, `currentMotionState`, `animationFrameId`, `physicsTableId`, `physicsDescriptionFlag`, `spellId`, `playScript`, `defaultScript`)
VALUES (749, 2125848, 749, 16, 100669708, NULL, NULL, 33555207, 536870932, NULL, NULL, 101, 872415275, 137217, NULL, NULL, NULL);

INSERT INTO `ace_object_properties_string` (`aceObjectId`, `strPropertyId`, `propertyValue`)
VALUES (749, 1, 'Poplar Talisman');

INSERT INTO `ace_object_properties_int` (`aceObjectId`, `intPropertyId`, `propertyValue`)
VALUES (749, 1, 4096);

INSERT INTO `ace_object_properties_int` (`aceObjectId`, `intPropertyId`, `propertyValue`)
VALUES (749, 3, 67111919);

INSERT INTO `ace_object_properties_int` (`aceObjectId`, `intPropertyId`, `propertyValue`)
VALUES (749, 5, 80);

INSERT INTO `ace_object_properties_int` (`aceObjectId`, `intPropertyId`, `propertyValue`)
VALUES (749, 11, 100);

INSERT INTO `ace_object_properties_int` (`aceObjectId`, `intPropertyId`, `propertyValue`)
VALUES (749, 12, 20);

INSERT INTO `ace_object_properties_int` (`aceObjectId`, `intPropertyId`, `propertyValue`)
VALUES (749, 16, 1);

INSERT INTO `ace_object_properties_int` (`aceObjectId`, `intPropertyId`, `propertyValue`)
VALUES (749, 19, 100);

INSERT INTO `ace_object_properties_int` (`aceObjectId`, `intPropertyId`, `propertyValue`)
VALUES (749, 93, 1044);

INSERT INTO `ace_object_properties_bool` (`aceObjectId`, `boolPropertyId`, `propertyValue`)
VALUES (749, 13, True);

INSERT INTO `ace_object_properties_bool` (`aceObjectId`, `boolPropertyId`, `propertyValue`)
VALUES (749, 11, True);

INSERT INTO `ace_object_properties_bool` (`aceObjectId`, `boolPropertyId`, `propertyValue`)
VALUES (749, 14, True);

INSERT INTO `ace_object_palette_change` (`aceObjectId`, `subPaletteId`, `offset`, `length`)
VALUES (749, 67111920, 0, 0);

INSERT INTO `ace_object_texture_map_change` (`aceObjectId`, `index`, `oldId`, `newId`)
VALUES (749, 0, 83890069, 83890069);

INSERT INTO `ace_object_animation_change` (`aceObjectId`, `index`, `animationId`)
VALUES (749, 0, 16780687);

INSERT INTO ace_weenie_class (`weenieClassId`, `weenieClassDescription`)
VALUES (747, 'hemlocktalisman');

INSERT INTO `ace_object` (`aceObjectId`, `aceObjectDescriptionFlags`, `weenieClassId`, `weenieHeaderFlags`, `iconId`, `iconOverlayId`, `iconUnderlayId`, `modelTableId`, `soundTableId`, `motionTableId`, `currentMotionState`, `animationFrameId`, `physicsTableId`, `physicsDescriptionFlag`, `spellId`, `playScript`, `defaultScript`)
VALUES (747, 2125848, 747, 16, 100669710, NULL, NULL, 33555207, 536870932, NULL, NULL, 101, 872415275, 137217, NULL, NULL, NULL);

INSERT INTO `ace_object_properties_string` (`aceObjectId`, `strPropertyId`, `propertyValue`)
VALUES (747, 1, 'Hemlock Talisman');

INSERT INTO `ace_object_properties_int` (`aceObjectId`, `intPropertyId`, `propertyValue`)
VALUES (747, 1, 4096);

INSERT INTO `ace_object_properties_int` (`aceObjectId`, `intPropertyId`, `propertyValue`)
VALUES (747, 3, 67111919);

INSERT INTO `ace_object_properties_int` (`aceObjectId`, `intPropertyId`, `propertyValue`)
VALUES (747, 5, 80);

INSERT INTO `ace_object_properties_int` (`aceObjectId`, `intPropertyId`, `propertyValue`)
VALUES (747, 11, 100);

INSERT INTO `ace_object_properties_int` (`aceObjectId`, `intPropertyId`, `propertyValue`)
VALUES (747, 12, 20);

INSERT INTO `ace_object_properties_int` (`aceObjectId`, `intPropertyId`, `propertyValue`)
VALUES (747, 16, 1);

INSERT INTO `ace_object_properties_int` (`aceObjectId`, `intPropertyId`, `propertyValue`)
VALUES (747, 19, 100);

INSERT INTO `ace_object_properties_int` (`aceObjectId`, `intPropertyId`, `propertyValue`)
VALUES (747, 93, 1044);

INSERT INTO `ace_object_properties_bool` (`aceObjectId`, `boolPropertyId`, `propertyValue`)
VALUES (747, 13, True);

INSERT INTO `ace_object_properties_bool` (`aceObjectId`, `boolPropertyId`, `propertyValue`)
VALUES (747, 11, True);

INSERT INTO `ace_object_properties_bool` (`aceObjectId`, `boolPropertyId`, `propertyValue`)
VALUES (747, 14, True);

INSERT INTO `ace_object_palette_change` (`aceObjectId`, `subPaletteId`, `offset`, `length`)
VALUES (747, 67111921, 0, 0);

INSERT INTO `ace_object_texture_map_change` (`aceObjectId`, `index`, `oldId`, `newId`)
VALUES (747, 0, 83890069, 83890069);

INSERT INTO `ace_object_animation_change` (`aceObjectId`, `index`, `animationId`)
VALUES (747, 0, 16780687);

INSERT INTO ace_weenie_class (`weenieClassId`, `weenieClassDescription`)
VALUES (765, 'amaranth');

INSERT INTO `ace_object` (`aceObjectId`, `aceObjectDescriptionFlags`, `weenieClassId`, `weenieHeaderFlags`, `iconId`, `iconOverlayId`, `iconUnderlayId`, `modelTableId`, `soundTableId`, `motionTableId`, `currentMotionState`, `animationFrameId`, `physicsTableId`, `physicsDescriptionFlag`, `spellId`, `playScript`, `defaultScript`)
VALUES (765, 2109465, 765, 16, 100668417, NULL, NULL, 33554817, 536870932, NULL, NULL, 101, 872415275, 170113, NULL, NULL, NULL);

INSERT INTO `ace_object_properties_string` (`aceObjectId`, `strPropertyId`, `propertyValue`)
VALUES (765, 1, 'Amaranth');

INSERT INTO `ace_object_properties_int` (`aceObjectId`, `intPropertyId`, `propertyValue`)
VALUES (765, 1, 4096);

INSERT INTO `ace_object_properties_int` (`aceObjectId`, `intPropertyId`, `propertyValue`)
VALUES (765, 3, 67111919);

INSERT INTO `ace_object_properties_int` (`aceObjectId`, `intPropertyId`, `propertyValue`)
VALUES (765, 5, 4);

INSERT INTO `ace_object_properties_int` (`aceObjectId`, `intPropertyId`, `propertyValue`)
VALUES (765, 11, 100);

INSERT INTO `ace_object_properties_int` (`aceObjectId`, `intPropertyId`, `propertyValue`)
VALUES (765, 12, 1);

INSERT INTO `ace_object_properties_int` (`aceObjectId`, `intPropertyId`, `propertyValue`)
VALUES (765, 16, 1);

INSERT INTO `ace_object_properties_int` (`aceObjectId`, `intPropertyId`, `propertyValue`)
VALUES (765, 19, 10);

INSERT INTO `ace_object_properties_string` (`aceObjectId`, `strPropertyId`, `propertyValue`)
VALUES (765, 20, 'Sacks of Amaranth');

INSERT INTO `ace_object_properties_double` (`aceObjectId`, `dblPropertyId`, `propertyValue`)
VALUES (765, 39, 0.4);

INSERT INTO `ace_object_properties_int` (`aceObjectId`, `intPropertyId`, `propertyValue`)
VALUES (765, 93, 1044);

INSERT INTO `ace_object_properties_bool` (`aceObjectId`, `boolPropertyId`, `propertyValue`)
VALUES (765, 13, True);

INSERT INTO `ace_object_properties_bool` (`aceObjectId`, `boolPropertyId`, `propertyValue`)
VALUES (765, 11, True);

INSERT INTO `ace_object_properties_bool` (`aceObjectId`, `boolPropertyId`, `propertyValue`)
VALUES (765, 14, True);

INSERT INTO `ace_object_palette_change` (`aceObjectId`, `subPaletteId`, `offset`, `length`)
VALUES (765, 67111918, 0, 0);

INSERT INTO `ace_object_texture_map_change` (`aceObjectId`, `index`, `oldId`, `newId`)
VALUES (765, 0, 83890064, 83889696);

INSERT INTO `ace_object_animation_change` (`aceObjectId`, `index`, `animationId`)
VALUES (765, 0, 16777882);

INSERT INTO ace_weenie_class (`weenieClassId`, `weenieClassDescription`)
VALUES (770, 'eyebright');

INSERT INTO `ace_object` (`aceObjectId`, `aceObjectDescriptionFlags`, `weenieClassId`, `weenieHeaderFlags`, `iconId`, `iconOverlayId`, `iconUnderlayId`, `modelTableId`, `soundTableId`, `motionTableId`, `currentMotionState`, `animationFrameId`, `physicsTableId`, `physicsDescriptionFlag`, `spellId`, `playScript`, `defaultScript`)
VALUES (770, 2109465, 770, 16, 100668421, NULL, NULL, 33554817, 536870932, NULL, NULL, 101, 872415275, 170113, NULL, NULL, NULL);

INSERT INTO `ace_object_properties_string` (`aceObjectId`, `strPropertyId`, `propertyValue`)
VALUES (770, 1, 'Eyebright');

INSERT INTO `ace_object_properties_int` (`aceObjectId`, `intPropertyId`, `propertyValue`)
VALUES (770, 1, 4096);

INSERT INTO `ace_object_properties_int` (`aceObjectId`, `intPropertyId`, `propertyValue`)
VALUES (770, 3, 67111919);

INSERT INTO `ace_object_properties_int` (`aceObjectId`, `intPropertyId`, `propertyValue`)
VALUES (770, 5, 4);

INSERT INTO `ace_object_properties_int` (`aceObjectId`, `intPropertyId`, `propertyValue`)
VALUES (770, 11, 100);

INSERT INTO `ace_object_properties_int` (`aceObjectId`, `intPropertyId`, `propertyValue`)
VALUES (770, 12, 1);

INSERT INTO `ace_object_properties_int` (`aceObjectId`, `intPropertyId`, `propertyValue`)
VALUES (770, 16, 1);

INSERT INTO `ace_object_properties_int` (`aceObjectId`, `intPropertyId`, `propertyValue`)
VALUES (770, 19, 10);

INSERT INTO `ace_object_properties_string` (`aceObjectId`, `strPropertyId`, `propertyValue`)
VALUES (770, 20, 'Sacks of Eyebright');

INSERT INTO `ace_object_properties_double` (`aceObjectId`, `dblPropertyId`, `propertyValue`)
VALUES (770, 39, 0.4);

INSERT INTO `ace_object_properties_int` (`aceObjectId`, `intPropertyId`, `propertyValue`)
VALUES (770, 93, 1044);

INSERT INTO `ace_object_properties_bool` (`aceObjectId`, `boolPropertyId`, `propertyValue`)
VALUES (770, 13, True);

INSERT INTO `ace_object_properties_bool` (`aceObjectId`, `boolPropertyId`, `propertyValue`)
VALUES (770, 11, True);

INSERT INTO `ace_object_properties_bool` (`aceObjectId`, `boolPropertyId`, `propertyValue`)
VALUES (770, 14, True);

INSERT INTO `ace_object_palette_change` (`aceObjectId`, `subPaletteId`, `offset`, `length`)
VALUES (770, 67111918, 0, 0);

INSERT INTO `ace_object_texture_map_change` (`aceObjectId`, `index`, `oldId`, `newId`)
VALUES (770, 0, 83890064, 83889696);

INSERT INTO `ace_object_animation_change` (`aceObjectId`, `index`, `animationId`)
VALUES (770, 0, 16777882);

INSERT INTO ace_weenie_class (`weenieClassId`, `weenieClassDescription`)
VALUES (8330, 'peascarabpyreal');

INSERT INTO `ace_object` (`aceObjectId`, `aceObjectDescriptionFlags`, `weenieClassId`, `weenieHeaderFlags`, `iconId`, `iconOverlayId`, `iconUnderlayId`, `modelTableId`, `soundTableId`, `motionTableId`, `currentMotionState`, `animationFrameId`, `physicsTableId`, `physicsDescriptionFlag`, `spellId`, `playScript`, `defaultScript`)
VALUES (8330, 2125848, 8330, 16, 100671084, NULL, NULL, 33555211, 536870932, NULL, NULL, 101, 872415275, 137345, NULL, NULL, NULL);

INSERT INTO `ace_object_properties_string` (`aceObjectId`, `strPropertyId`, `propertyValue`)
VALUES (8330, 1, 'Pyreal Pea');

INSERT INTO `ace_object_properties_int` (`aceObjectId`, `intPropertyId`, `propertyValue`)
VALUES (8330, 1, 4096);

INSERT INTO `ace_object_properties_int` (`aceObjectId`, `intPropertyId`, `propertyValue`)
VALUES (8330, 3, 67111919);

INSERT INTO `ace_object_properties_int` (`aceObjectId`, `intPropertyId`, `propertyValue`)
VALUES (8330, 5, 680);

INSERT INTO `ace_object_properties_int` (`aceObjectId`, `intPropertyId`, `propertyValue`)
VALUES (8330, 11, 100);

INSERT INTO `ace_object_properties_int` (`aceObjectId`, `intPropertyId`, `propertyValue`)
VALUES (8330, 12, 68);

INSERT INTO `ace_object_properties_int` (`aceObjectId`, `intPropertyId`, `propertyValue`)
VALUES (8330, 16, 1);

INSERT INTO `ace_object_properties_int` (`aceObjectId`, `intPropertyId`, `propertyValue`)
VALUES (8330, 19, 3400000);

INSERT INTO `ace_object_properties_double` (`aceObjectId`, `dblPropertyId`, `propertyValue`)
VALUES (8330, 39, 0.33);

INSERT INTO `ace_object_properties_int` (`aceObjectId`, `intPropertyId`, `propertyValue`)
VALUES (8330, 93, 1044);

INSERT INTO `ace_object_properties_bool` (`aceObjectId`, `boolPropertyId`, `propertyValue`)
VALUES (8330, 13, True);

INSERT INTO `ace_object_properties_bool` (`aceObjectId`, `boolPropertyId`, `propertyValue`)
VALUES (8330, 11, True);

INSERT INTO `ace_object_properties_bool` (`aceObjectId`, `boolPropertyId`, `propertyValue`)
VALUES (8330, 14, True);

INSERT INTO `ace_object_palette_change` (`aceObjectId`, `subPaletteId`, `offset`, `length`)
VALUES (8330, 67111921, 0, 0);

INSERT INTO `ace_object_texture_map_change` (`aceObjectId`, `index`, `oldId`, `newId`)
VALUES (8330, 0, 83890047, 83890047);

INSERT INTO `ace_object_animation_change` (`aceObjectId`, `index`, `animationId`)
VALUES (8330, 0, 16780734);

INSERT INTO ace_weenie_class (`weenieClassId`, `weenieClassDescription`)
VALUES (766, 'bistort');

INSERT INTO `ace_object` (`aceObjectId`, `aceObjectDescriptionFlags`, `weenieClassId`, `weenieHeaderFlags`, `iconId`, `iconOverlayId`, `iconUnderlayId`, `modelTableId`, `soundTableId`, `motionTableId`, `currentMotionState`, `animationFrameId`, `physicsTableId`, `physicsDescriptionFlag`, `spellId`, `playScript`, `defaultScript`)
VALUES (766, 2125849, 766, 16, 100667399, NULL, NULL, 33554817, 536870932, NULL, NULL, 101, 872415275, 137345, NULL, NULL, NULL);

INSERT INTO `ace_object_properties_string` (`aceObjectId`, `strPropertyId`, `propertyValue`)
VALUES (766, 1, 'Bistort');

INSERT INTO `ace_object_properties_int` (`aceObjectId`, `intPropertyId`, `propertyValue`)
VALUES (766, 1, 4096);

INSERT INTO `ace_object_properties_int` (`aceObjectId`, `intPropertyId`, `propertyValue`)
VALUES (766, 3, 67111919);

INSERT INTO `ace_object_properties_int` (`aceObjectId`, `intPropertyId`, `propertyValue`)
VALUES (766, 5, 4);

INSERT INTO `ace_object_properties_int` (`aceObjectId`, `intPropertyId`, `propertyValue`)
VALUES (766, 11, 100);

INSERT INTO `ace_object_properties_int` (`aceObjectId`, `intPropertyId`, `propertyValue`)
VALUES (766, 12, 1);

INSERT INTO `ace_object_properties_int` (`aceObjectId`, `intPropertyId`, `propertyValue`)
VALUES (766, 16, 1);

INSERT INTO `ace_object_properties_int` (`aceObjectId`, `intPropertyId`, `propertyValue`)
VALUES (766, 19, 10);

INSERT INTO `ace_object_properties_string` (`aceObjectId`, `strPropertyId`, `propertyValue`)
VALUES (766, 20, 'Sacks of Bistort');

INSERT INTO `ace_object_properties_double` (`aceObjectId`, `dblPropertyId`, `propertyValue`)
VALUES (766, 39, 0.4);

INSERT INTO `ace_object_properties_int` (`aceObjectId`, `intPropertyId`, `propertyValue`)
VALUES (766, 93, 1044);

INSERT INTO `ace_object_properties_bool` (`aceObjectId`, `boolPropertyId`, `propertyValue`)
VALUES (766, 13, True);

INSERT INTO `ace_object_properties_bool` (`aceObjectId`, `boolPropertyId`, `propertyValue`)
VALUES (766, 11, True);

INSERT INTO `ace_object_properties_bool` (`aceObjectId`, `boolPropertyId`, `propertyValue`)
VALUES (766, 14, True);

INSERT INTO `ace_object_palette_change` (`aceObjectId`, `subPaletteId`, `offset`, `length`)
VALUES (766, 67111919, 0, 0);

INSERT INTO `ace_object_texture_map_change` (`aceObjectId`, `index`, `oldId`, `newId`)
VALUES (766, 0, 83890064, 83889696);

INSERT INTO `ace_object_animation_change` (`aceObjectId`, `index`, `animationId`)
VALUES (766, 0, 16777882);

INSERT INTO ace_weenie_class (`weenieClassId`, `weenieClassDescription`)
VALUES (8308, 'peaalchemquicksilver');

INSERT INTO `ace_object` (`aceObjectId`, `aceObjectDescriptionFlags`, `weenieClassId`, `weenieHeaderFlags`, `iconId`, `iconOverlayId`, `iconUnderlayId`, `modelTableId`, `soundTableId`, `motionTableId`, `currentMotionState`, `animationFrameId`, `physicsTableId`, `physicsDescriptionFlag`, `spellId`, `playScript`, `defaultScript`)
VALUES (8308, 2125848, 8308, 16, 100671060, NULL, NULL, 33555209, 536870932, NULL, NULL, 101, 872415275, 137345, NULL, NULL, NULL);

INSERT INTO `ace_object_properties_string` (`aceObjectId`, `strPropertyId`, `propertyValue`)
VALUES (8308, 1, 'Quicksilver Pea');

INSERT INTO `ace_object_properties_int` (`aceObjectId`, `intPropertyId`, `propertyValue`)
VALUES (8308, 1, 4096);

INSERT INTO `ace_object_properties_int` (`aceObjectId`, `intPropertyId`, `propertyValue`)
VALUES (8308, 3, 67111919);

INSERT INTO `ace_object_properties_int` (`aceObjectId`, `intPropertyId`, `propertyValue`)
VALUES (8308, 5, 280);

INSERT INTO `ace_object_properties_int` (`aceObjectId`, `intPropertyId`, `propertyValue`)
VALUES (8308, 11, 100);

INSERT INTO `ace_object_properties_int` (`aceObjectId`, `intPropertyId`, `propertyValue`)
VALUES (8308, 12, 28);

INSERT INTO `ace_object_properties_int` (`aceObjectId`, `intPropertyId`, `propertyValue`)
VALUES (8308, 16, 1);

INSERT INTO `ace_object_properties_int` (`aceObjectId`, `intPropertyId`, `propertyValue`)
VALUES (8308, 19, 17500);

INSERT INTO `ace_object_properties_double` (`aceObjectId`, `dblPropertyId`, `propertyValue`)
VALUES (8308, 39, 0.33);

INSERT INTO `ace_object_properties_int` (`aceObjectId`, `intPropertyId`, `propertyValue`)
VALUES (8308, 93, 1044);

INSERT INTO `ace_object_properties_bool` (`aceObjectId`, `boolPropertyId`, `propertyValue`)
VALUES (8308, 13, True);

INSERT INTO `ace_object_properties_bool` (`aceObjectId`, `boolPropertyId`, `propertyValue`)
VALUES (8308, 11, True);

INSERT INTO `ace_object_properties_bool` (`aceObjectId`, `boolPropertyId`, `propertyValue`)
VALUES (8308, 14, True);

INSERT INTO `ace_object_palette_change` (`aceObjectId`, `subPaletteId`, `offset`, `length`)
VALUES (8308, 67111921, 0, 0);

INSERT INTO `ace_object_texture_map_change` (`aceObjectId`, `index`, `oldId`, `newId`)
VALUES (8308, 0, 83890051, 83890051);

INSERT INTO `ace_object_animation_change` (`aceObjectId`, `index`, `animationId`)
VALUES (8308, 0, 16780684);

INSERT INTO ace_weenie_class (`weenieClassId`, `weenieClassDescription`)
VALUES (8313, 'peaalchemvitriol');

INSERT INTO `ace_object` (`aceObjectId`, `aceObjectDescriptionFlags`, `weenieClassId`, `weenieHeaderFlags`, `iconId`, `iconOverlayId`, `iconUnderlayId`, `modelTableId`, `soundTableId`, `motionTableId`, `currentMotionState`, `animationFrameId`, `physicsTableId`, `physicsDescriptionFlag`, `spellId`, `playScript`, `defaultScript`)
VALUES (8313, 2125848, 8313, 16, 100671037, NULL, NULL, 33555209, 536870932, NULL, NULL, 101, 872415275, 137345, NULL, NULL, NULL);

INSERT INTO `ace_object_properties_string` (`aceObjectId`, `strPropertyId`, `propertyValue`)
VALUES (8313, 1, 'Vitriol Pea');

INSERT INTO `ace_object_properties_int` (`aceObjectId`, `intPropertyId`, `propertyValue`)
VALUES (8313, 1, 4096);

INSERT INTO `ace_object_properties_int` (`aceObjectId`, `intPropertyId`, `propertyValue`)
VALUES (8313, 3, 67111919);

INSERT INTO `ace_object_properties_int` (`aceObjectId`, `intPropertyId`, `propertyValue`)
VALUES (8313, 5, 20);

INSERT INTO `ace_object_properties_int` (`aceObjectId`, `intPropertyId`, `propertyValue`)
VALUES (8313, 11, 100);

INSERT INTO `ace_object_properties_int` (`aceObjectId`, `intPropertyId`, `propertyValue`)
VALUES (8313, 12, 2);

INSERT INTO `ace_object_properties_int` (`aceObjectId`, `intPropertyId`, `propertyValue`)
VALUES (8313, 16, 1);

INSERT INTO `ace_object_properties_int` (`aceObjectId`, `intPropertyId`, `propertyValue`)
VALUES (8313, 19, 1250);

INSERT INTO `ace_object_properties_double` (`aceObjectId`, `dblPropertyId`, `propertyValue`)
VALUES (8313, 39, 0.33);

INSERT INTO `ace_object_properties_int` (`aceObjectId`, `intPropertyId`, `propertyValue`)
VALUES (8313, 93, 1044);

INSERT INTO `ace_object_properties_bool` (`aceObjectId`, `boolPropertyId`, `propertyValue`)
VALUES (8313, 13, True);

INSERT INTO `ace_object_properties_bool` (`aceObjectId`, `boolPropertyId`, `propertyValue`)
VALUES (8313, 11, True);

INSERT INTO `ace_object_properties_bool` (`aceObjectId`, `boolPropertyId`, `propertyValue`)
VALUES (8313, 14, True);

INSERT INTO `ace_object_palette_change` (`aceObjectId`, `subPaletteId`, `offset`, `length`)
VALUES (8313, 67111926, 0, 0);

INSERT INTO `ace_object_texture_map_change` (`aceObjectId`, `index`, `oldId`, `newId`)
VALUES (8313, 0, 83890051, 83890051);

INSERT INTO `ace_object_animation_change` (`aceObjectId`, `index`, `animationId`)
VALUES (8313, 0, 16780684);

INSERT INTO ace_weenie_class (`weenieClassId`, `weenieClassDescription`)
VALUES (8306, 'peaalchemcolcothar');

INSERT INTO `ace_object` (`aceObjectId`, `aceObjectDescriptionFlags`, `weenieClassId`, `weenieHeaderFlags`, `iconId`, `iconOverlayId`, `iconUnderlayId`, `modelTableId`, `soundTableId`, `motionTableId`, `currentMotionState`, `animationFrameId`, `physicsTableId`, `physicsDescriptionFlag`, `spellId`, `playScript`, `defaultScript`)
VALUES (8306, 2125848, 8306, 16, 100671039, NULL, NULL, 33555209, 536870932, NULL, NULL, 101, 872415275, 137345, NULL, NULL, NULL);

INSERT INTO `ace_object_properties_string` (`aceObjectId`, `strPropertyId`, `propertyValue`)
VALUES (8306, 1, 'Colcothar Pea');

INSERT INTO `ace_object_properties_int` (`aceObjectId`, `intPropertyId`, `propertyValue`)
VALUES (8306, 1, 4096);

INSERT INTO `ace_object_properties_int` (`aceObjectId`, `intPropertyId`, `propertyValue`)
VALUES (8306, 3, 67111919);

INSERT INTO `ace_object_properties_int` (`aceObjectId`, `intPropertyId`, `propertyValue`)
VALUES (8306, 5, 70);

INSERT INTO `ace_object_properties_int` (`aceObjectId`, `intPropertyId`, `propertyValue`)
VALUES (8306, 11, 100);

INSERT INTO `ace_object_properties_int` (`aceObjectId`, `intPropertyId`, `propertyValue`)
VALUES (8306, 12, 7);

INSERT INTO `ace_object_properties_int` (`aceObjectId`, `intPropertyId`, `propertyValue`)
VALUES (8306, 16, 1);

INSERT INTO `ace_object_properties_int` (`aceObjectId`, `intPropertyId`, `propertyValue`)
VALUES (8306, 19, 4375);

INSERT INTO `ace_object_properties_double` (`aceObjectId`, `dblPropertyId`, `propertyValue`)
VALUES (8306, 39, 0.33);

INSERT INTO `ace_object_properties_int` (`aceObjectId`, `intPropertyId`, `propertyValue`)
VALUES (8306, 93, 1044);

INSERT INTO `ace_object_properties_bool` (`aceObjectId`, `boolPropertyId`, `propertyValue`)
VALUES (8306, 13, True);

INSERT INTO `ace_object_properties_bool` (`aceObjectId`, `boolPropertyId`, `propertyValue`)
VALUES (8306, 11, True);

INSERT INTO `ace_object_properties_bool` (`aceObjectId`, `boolPropertyId`, `propertyValue`)
VALUES (8306, 14, True);

INSERT INTO `ace_object_palette_change` (`aceObjectId`, `subPaletteId`, `offset`, `length`)
VALUES (8306, 67111922, 0, 0);

INSERT INTO `ace_object_texture_map_change` (`aceObjectId`, `index`, `oldId`, `newId`)
VALUES (8306, 0, 83890051, 83890051);

INSERT INTO `ace_object_animation_change` (`aceObjectId`, `index`, `animationId`)
VALUES (8306, 0, 16780684);

INSERT INTO ace_weenie_class (`weenieClassId`, `weenieClassDescription`)
VALUES (8312, 'peaalchemverdigris');

INSERT INTO `ace_object` (`aceObjectId`, `aceObjectDescriptionFlags`, `weenieClassId`, `weenieHeaderFlags`, `iconId`, `iconOverlayId`, `iconUnderlayId`, `modelTableId`, `soundTableId`, `motionTableId`, `currentMotionState`, `animationFrameId`, `physicsTableId`, `physicsDescriptionFlag`, `spellId`, `playScript`, `defaultScript`)
VALUES (8312, 2125848, 8312, 16, 100671059, NULL, NULL, 33555209, 536870932, NULL, NULL, 101, 872415275, 137345, NULL, NULL, NULL);

INSERT INTO `ace_object_properties_string` (`aceObjectId`, `strPropertyId`, `propertyValue`)
VALUES (8312, 1, 'Verdigris Pea');

INSERT INTO `ace_object_properties_int` (`aceObjectId`, `intPropertyId`, `propertyValue`)
VALUES (8312, 1, 4096);

INSERT INTO `ace_object_properties_int` (`aceObjectId`, `intPropertyId`, `propertyValue`)
VALUES (8312, 3, 67111919);

INSERT INTO `ace_object_properties_int` (`aceObjectId`, `intPropertyId`, `propertyValue`)
VALUES (8312, 5, 10);

INSERT INTO `ace_object_properties_int` (`aceObjectId`, `intPropertyId`, `propertyValue`)
VALUES (8312, 11, 100);

INSERT INTO `ace_object_properties_int` (`aceObjectId`, `intPropertyId`, `propertyValue`)
VALUES (8312, 12, 1);

INSERT INTO `ace_object_properties_int` (`aceObjectId`, `intPropertyId`, `propertyValue`)
VALUES (8312, 16, 1);

INSERT INTO `ace_object_properties_int` (`aceObjectId`, `intPropertyId`, `propertyValue`)
VALUES (8312, 19, 625);

INSERT INTO `ace_object_properties_double` (`aceObjectId`, `dblPropertyId`, `propertyValue`)
VALUES (8312, 39, 0.33);

INSERT INTO `ace_object_properties_int` (`aceObjectId`, `intPropertyId`, `propertyValue`)
VALUES (8312, 93, 1044);

INSERT INTO `ace_object_properties_bool` (`aceObjectId`, `boolPropertyId`, `propertyValue`)
VALUES (8312, 13, True);

INSERT INTO `ace_object_properties_bool` (`aceObjectId`, `boolPropertyId`, `propertyValue`)
VALUES (8312, 11, True);

INSERT INTO `ace_object_properties_bool` (`aceObjectId`, `boolPropertyId`, `propertyValue`)
VALUES (8312, 14, True);

INSERT INTO `ace_object_palette_change` (`aceObjectId`, `subPaletteId`, `offset`, `length`)
VALUES (8312, 67111926, 0, 0);

INSERT INTO `ace_object_texture_map_change` (`aceObjectId`, `index`, `oldId`, `newId`)
VALUES (8312, 0, 83890051, 83890051);

INSERT INTO `ace_object_animation_change` (`aceObjectId`, `index`, `animationId`)
VALUES (8312, 0, 16780684);

INSERT INTO ace_weenie_class (`weenieClassId`, `weenieClassDescription`)
VALUES (8305, 'peaalchemcobalt');

INSERT INTO `ace_object` (`aceObjectId`, `aceObjectDescriptionFlags`, `weenieClassId`, `weenieHeaderFlags`, `iconId`, `iconOverlayId`, `iconUnderlayId`, `modelTableId`, `soundTableId`, `motionTableId`, `currentMotionState`, `animationFrameId`, `physicsTableId`, `physicsDescriptionFlag`, `spellId`, `playScript`, `defaultScript`)
VALUES (8305, 2125848, 8305, 16, 100671058, NULL, NULL, 33555209, 536870932, NULL, NULL, 101, 872415275, 137345, NULL, NULL, NULL);

INSERT INTO `ace_object_properties_string` (`aceObjectId`, `strPropertyId`, `propertyValue`)
VALUES (8305, 1, 'Cobalt Pea');

INSERT INTO `ace_object_properties_int` (`aceObjectId`, `intPropertyId`, `propertyValue`)
VALUES (8305, 1, 4096);

INSERT INTO `ace_object_properties_int` (`aceObjectId`, `intPropertyId`, `propertyValue`)
VALUES (8305, 3, 67111919);

INSERT INTO `ace_object_properties_int` (`aceObjectId`, `intPropertyId`, `propertyValue`)
VALUES (8305, 5, 10);

INSERT INTO `ace_object_properties_int` (`aceObjectId`, `intPropertyId`, `propertyValue`)
VALUES (8305, 11, 100);

INSERT INTO `ace_object_properties_int` (`aceObjectId`, `intPropertyId`, `propertyValue`)
VALUES (8305, 12, 1);

INSERT INTO `ace_object_properties_int` (`aceObjectId`, `intPropertyId`, `propertyValue`)
VALUES (8305, 16, 1);

INSERT INTO `ace_object_properties_int` (`aceObjectId`, `intPropertyId`, `propertyValue`)
VALUES (8305, 19, 625);

INSERT INTO `ace_object_properties_double` (`aceObjectId`, `dblPropertyId`, `propertyValue`)
VALUES (8305, 39, 0.33);

INSERT INTO `ace_object_properties_int` (`aceObjectId`, `intPropertyId`, `propertyValue`)
VALUES (8305, 93, 1044);

INSERT INTO `ace_object_properties_bool` (`aceObjectId`, `boolPropertyId`, `propertyValue`)
VALUES (8305, 13, True);

INSERT INTO `ace_object_properties_bool` (`aceObjectId`, `boolPropertyId`, `propertyValue`)
VALUES (8305, 11, True);

INSERT INTO `ace_object_properties_bool` (`aceObjectId`, `boolPropertyId`, `propertyValue`)
VALUES (8305, 14, True);

INSERT INTO `ace_object_palette_change` (`aceObjectId`, `subPaletteId`, `offset`, `length`)
VALUES (8305, 67111919, 0, 0);

INSERT INTO `ace_object_texture_map_change` (`aceObjectId`, `index`, `oldId`, `newId`)
VALUES (8305, 0, 83890051, 83890051);

INSERT INTO `ace_object_animation_change` (`aceObjectId`, `index`, `animationId`)
VALUES (8305, 0, 16780684);

INSERT INTO ace_weenie_class (`weenieClassId`, `weenieClassDescription`)
VALUES (8311, 'peaalchemturpeth');

INSERT INTO `ace_object` (`aceObjectId`, `aceObjectDescriptionFlags`, `weenieClassId`, `weenieHeaderFlags`, `iconId`, `iconOverlayId`, `iconUnderlayId`, `modelTableId`, `soundTableId`, `motionTableId`, `currentMotionState`, `animationFrameId`, `physicsTableId`, `physicsDescriptionFlag`, `spellId`, `playScript`, `defaultScript`)
VALUES (8311, 2125848, 8311, 16, 100671041, NULL, NULL, 33555209, 536870932, NULL, NULL, 101, 872415275, 137345, NULL, NULL, NULL);

INSERT INTO `ace_object_properties_string` (`aceObjectId`, `strPropertyId`, `propertyValue`)
VALUES (8311, 1, 'Turpeth Pea');

INSERT INTO `ace_object_properties_int` (`aceObjectId`, `intPropertyId`, `propertyValue`)
VALUES (8311, 1, 4096);

INSERT INTO `ace_object_properties_int` (`aceObjectId`, `intPropertyId`, `propertyValue`)
VALUES (8311, 3, 67111919);

INSERT INTO `ace_object_properties_int` (`aceObjectId`, `intPropertyId`, `propertyValue`)
VALUES (8311, 5, 10);

INSERT INTO `ace_object_properties_int` (`aceObjectId`, `intPropertyId`, `propertyValue`)
VALUES (8311, 11, 100);

INSERT INTO `ace_object_properties_int` (`aceObjectId`, `intPropertyId`, `propertyValue`)
VALUES (8311, 12, 1);

INSERT INTO `ace_object_properties_int` (`aceObjectId`, `intPropertyId`, `propertyValue`)
VALUES (8311, 16, 1);

INSERT INTO `ace_object_properties_int` (`aceObjectId`, `intPropertyId`, `propertyValue`)
VALUES (8311, 19, 625);

INSERT INTO `ace_object_properties_double` (`aceObjectId`, `dblPropertyId`, `propertyValue`)
VALUES (8311, 39, 0.33);

INSERT INTO `ace_object_properties_int` (`aceObjectId`, `intPropertyId`, `propertyValue`)
VALUES (8311, 93, 1044);

INSERT INTO `ace_object_properties_bool` (`aceObjectId`, `boolPropertyId`, `propertyValue`)
VALUES (8311, 13, True);

INSERT INTO `ace_object_properties_bool` (`aceObjectId`, `boolPropertyId`, `propertyValue`)
VALUES (8311, 11, True);

INSERT INTO `ace_object_properties_bool` (`aceObjectId`, `boolPropertyId`, `propertyValue`)
VALUES (8311, 14, True);

INSERT INTO `ace_object_palette_change` (`aceObjectId`, `subPaletteId`, `offset`, `length`)
VALUES (8311, 67111920, 0, 0);

INSERT INTO `ace_object_texture_map_change` (`aceObjectId`, `index`, `oldId`, `newId`)
VALUES (8311, 0, 83890051, 83890051);

INSERT INTO `ace_object_animation_change` (`aceObjectId`, `index`, `animationId`)
VALUES (8311, 0, 16780684);

INSERT INTO ace_weenie_class (`weenieClassId`, `weenieClassDescription`)
VALUES (8304, 'peaalchemcinnabar');

INSERT INTO `ace_object` (`aceObjectId`, `aceObjectDescriptionFlags`, `weenieClassId`, `weenieHeaderFlags`, `iconId`, `iconOverlayId`, `iconUnderlayId`, `modelTableId`, `soundTableId`, `motionTableId`, `currentMotionState`, `animationFrameId`, `physicsTableId`, `physicsDescriptionFlag`, `spellId`, `playScript`, `defaultScript`)
VALUES (8304, 2125848, 8304, 16, 100671063, NULL, NULL, 33555209, 536870932, NULL, NULL, 101, 872415275, 137345, NULL, NULL, NULL);

INSERT INTO `ace_object_properties_string` (`aceObjectId`, `strPropertyId`, `propertyValue`)
VALUES (8304, 1, 'Cinnabar Pea');

INSERT INTO `ace_object_properties_int` (`aceObjectId`, `intPropertyId`, `propertyValue`)
VALUES (8304, 1, 4096);

INSERT INTO `ace_object_properties_int` (`aceObjectId`, `intPropertyId`, `propertyValue`)
VALUES (8304, 3, 67111919);

INSERT INTO `ace_object_properties_int` (`aceObjectId`, `intPropertyId`, `propertyValue`)
VALUES (8304, 5, 10);

INSERT INTO `ace_object_properties_int` (`aceObjectId`, `intPropertyId`, `propertyValue`)
VALUES (8304, 11, 100);

INSERT INTO `ace_object_properties_int` (`aceObjectId`, `intPropertyId`, `propertyValue`)
VALUES (8304, 12, 1);

INSERT INTO `ace_object_properties_int` (`aceObjectId`, `intPropertyId`, `propertyValue`)
VALUES (8304, 16, 1);

INSERT INTO `ace_object_properties_int` (`aceObjectId`, `intPropertyId`, `propertyValue`)
VALUES (8304, 19, 625);

INSERT INTO `ace_object_properties_double` (`aceObjectId`, `dblPropertyId`, `propertyValue`)
VALUES (8304, 39, 0.33);

INSERT INTO `ace_object_properties_int` (`aceObjectId`, `intPropertyId`, `propertyValue`)
VALUES (8304, 93, 1044);

INSERT INTO `ace_object_properties_bool` (`aceObjectId`, `boolPropertyId`, `propertyValue`)
VALUES (8304, 13, True);

INSERT INTO `ace_object_properties_bool` (`aceObjectId`, `boolPropertyId`, `propertyValue`)
VALUES (8304, 11, True);

INSERT INTO `ace_object_properties_bool` (`aceObjectId`, `boolPropertyId`, `propertyValue`)
VALUES (8304, 14, True);

INSERT INTO `ace_object_palette_change` (`aceObjectId`, `subPaletteId`, `offset`, `length`)
VALUES (8304, 67111922, 0, 0);

INSERT INTO `ace_object_texture_map_change` (`aceObjectId`, `index`, `oldId`, `newId`)
VALUES (8304, 0, 83890051, 83890051);

INSERT INTO `ace_object_animation_change` (`aceObjectId`, `index`, `animationId`)
VALUES (8304, 0, 16780684);

INSERT INTO ace_weenie_class (`weenieClassId`, `weenieClassDescription`)
VALUES (8303, 'peaalchemcadmia');

INSERT INTO `ace_object` (`aceObjectId`, `aceObjectDescriptionFlags`, `weenieClassId`, `weenieHeaderFlags`, `iconId`, `iconOverlayId`, `iconUnderlayId`, `modelTableId`, `soundTableId`, `motionTableId`, `currentMotionState`, `animationFrameId`, `physicsTableId`, `physicsDescriptionFlag`, `spellId`, `playScript`, `defaultScript`)
VALUES (8303, 2125848, 8303, 16, 100671064, NULL, NULL, 33555209, 536870932, NULL, NULL, 101, 872415275, 137345, NULL, NULL, NULL);

INSERT INTO `ace_object_properties_string` (`aceObjectId`, `strPropertyId`, `propertyValue`)
VALUES (8303, 1, 'Cadmia Pea');

INSERT INTO `ace_object_properties_int` (`aceObjectId`, `intPropertyId`, `propertyValue`)
VALUES (8303, 1, 4096);

INSERT INTO `ace_object_properties_int` (`aceObjectId`, `intPropertyId`, `propertyValue`)
VALUES (8303, 3, 67111919);

INSERT INTO `ace_object_properties_int` (`aceObjectId`, `intPropertyId`, `propertyValue`)
VALUES (8303, 5, 10);

INSERT INTO `ace_object_properties_int` (`aceObjectId`, `intPropertyId`, `propertyValue`)
VALUES (8303, 11, 100);

INSERT INTO `ace_object_properties_int` (`aceObjectId`, `intPropertyId`, `propertyValue`)
VALUES (8303, 12, 1);

INSERT INTO `ace_object_properties_int` (`aceObjectId`, `intPropertyId`, `propertyValue`)
VALUES (8303, 16, 1);

INSERT INTO `ace_object_properties_int` (`aceObjectId`, `intPropertyId`, `propertyValue`)
VALUES (8303, 19, 625);

INSERT INTO `ace_object_properties_double` (`aceObjectId`, `dblPropertyId`, `propertyValue`)
VALUES (8303, 39, 0.33);

INSERT INTO `ace_object_properties_int` (`aceObjectId`, `intPropertyId`, `propertyValue`)
VALUES (8303, 93, 1044);

INSERT INTO `ace_object_properties_bool` (`aceObjectId`, `boolPropertyId`, `propertyValue`)
VALUES (8303, 13, True);

INSERT INTO `ace_object_properties_bool` (`aceObjectId`, `boolPropertyId`, `propertyValue`)
VALUES (8303, 11, True);

INSERT INTO `ace_object_properties_bool` (`aceObjectId`, `boolPropertyId`, `propertyValue`)
VALUES (8303, 14, True);

INSERT INTO `ace_object_palette_change` (`aceObjectId`, `subPaletteId`, `offset`, `length`)
VALUES (8303, 67111927, 0, 0);

INSERT INTO `ace_object_texture_map_change` (`aceObjectId`, `index`, `oldId`, `newId`)
VALUES (8303, 0, 83890051, 83890051);

INSERT INTO `ace_object_animation_change` (`aceObjectId`, `index`, `animationId`)
VALUES (8303, 0, 16780684);

INSERT INTO ace_weenie_class (`weenieClassId`, `weenieClassDescription`)
VALUES (8309, 'peaalchemrealgar');

INSERT INTO `ace_object` (`aceObjectId`, `aceObjectDescriptionFlags`, `weenieClassId`, `weenieHeaderFlags`, `iconId`, `iconOverlayId`, `iconUnderlayId`, `modelTableId`, `soundTableId`, `motionTableId`, `currentMotionState`, `animationFrameId`, `physicsTableId`, `physicsDescriptionFlag`, `spellId`, `playScript`, `defaultScript`)
VALUES (8309, 2125848, 8309, 16, 100671047, NULL, NULL, 33555209, 536870932, NULL, NULL, 101, 872415275, 137345, NULL, NULL, NULL);

INSERT INTO `ace_object_properties_string` (`aceObjectId`, `strPropertyId`, `propertyValue`)
VALUES (8309, 1, 'Realgar Pea');

INSERT INTO `ace_object_properties_int` (`aceObjectId`, `intPropertyId`, `propertyValue`)
VALUES (8309, 1, 4096);

INSERT INTO `ace_object_properties_int` (`aceObjectId`, `intPropertyId`, `propertyValue`)
VALUES (8309, 3, 67111919);

INSERT INTO `ace_object_properties_int` (`aceObjectId`, `intPropertyId`, `propertyValue`)
VALUES (8309, 5, 490);

INSERT INTO `ace_object_properties_int` (`aceObjectId`, `intPropertyId`, `propertyValue`)
VALUES (8309, 11, 100);

INSERT INTO `ace_object_properties_int` (`aceObjectId`, `intPropertyId`, `propertyValue`)
VALUES (8309, 12, 49);

INSERT INTO `ace_object_properties_int` (`aceObjectId`, `intPropertyId`, `propertyValue`)
VALUES (8309, 16, 1);

INSERT INTO `ace_object_properties_int` (`aceObjectId`, `intPropertyId`, `propertyValue`)
VALUES (8309, 19, 30625);

INSERT INTO `ace_object_properties_double` (`aceObjectId`, `dblPropertyId`, `propertyValue`)
VALUES (8309, 39, 0.33);

INSERT INTO `ace_object_properties_int` (`aceObjectId`, `intPropertyId`, `propertyValue`)
VALUES (8309, 93, 1044);

INSERT INTO `ace_object_properties_bool` (`aceObjectId`, `boolPropertyId`, `propertyValue`)
VALUES (8309, 13, True);

INSERT INTO `ace_object_properties_bool` (`aceObjectId`, `boolPropertyId`, `propertyValue`)
VALUES (8309, 11, True);

INSERT INTO `ace_object_properties_bool` (`aceObjectId`, `boolPropertyId`, `propertyValue`)
VALUES (8309, 14, True);

INSERT INTO `ace_object_palette_change` (`aceObjectId`, `subPaletteId`, `offset`, `length`)
VALUES (8309, 67111922, 0, 0);

INSERT INTO `ace_object_texture_map_change` (`aceObjectId`, `index`, `oldId`, `newId`)
VALUES (8309, 0, 83890051, 83890051);

INSERT INTO `ace_object_animation_change` (`aceObjectId`, `index`, `animationId`)
VALUES (8309, 0, 16780684);

INSERT INTO ace_weenie_class (`weenieClassId`, `weenieClassDescription`)
VALUES (8310, 'peaalchemstibnite');

INSERT INTO `ace_object` (`aceObjectId`, `aceObjectDescriptionFlags`, `weenieClassId`, `weenieHeaderFlags`, `iconId`, `iconOverlayId`, `iconUnderlayId`, `modelTableId`, `soundTableId`, `motionTableId`, `currentMotionState`, `animationFrameId`, `physicsTableId`, `physicsDescriptionFlag`, `spellId`, `playScript`, `defaultScript`)
VALUES (8310, 2125848, 8310, 16, 100671038, NULL, NULL, 33555209, 536870932, NULL, NULL, 101, 872415275, 137345, NULL, NULL, NULL);

INSERT INTO `ace_object_properties_string` (`aceObjectId`, `strPropertyId`, `propertyValue`)
VALUES (8310, 1, 'Stibnite Pea');

INSERT INTO `ace_object_properties_int` (`aceObjectId`, `intPropertyId`, `propertyValue`)
VALUES (8310, 1, 4096);

INSERT INTO `ace_object_properties_int` (`aceObjectId`, `intPropertyId`, `propertyValue`)
VALUES (8310, 3, 67111919);

INSERT INTO `ace_object_properties_int` (`aceObjectId`, `intPropertyId`, `propertyValue`)
VALUES (8310, 5, 320);

INSERT INTO `ace_object_properties_int` (`aceObjectId`, `intPropertyId`, `propertyValue`)
VALUES (8310, 11, 100);

INSERT INTO `ace_object_properties_int` (`aceObjectId`, `intPropertyId`, `propertyValue`)
VALUES (8310, 12, 32);

INSERT INTO `ace_object_properties_int` (`aceObjectId`, `intPropertyId`, `propertyValue`)
VALUES (8310, 16, 1);

INSERT INTO `ace_object_properties_int` (`aceObjectId`, `intPropertyId`, `propertyValue`)
VALUES (8310, 19, 20000);

INSERT INTO `ace_object_properties_double` (`aceObjectId`, `dblPropertyId`, `propertyValue`)
VALUES (8310, 39, 0.33);

INSERT INTO `ace_object_properties_int` (`aceObjectId`, `intPropertyId`, `propertyValue`)
VALUES (8310, 93, 1044);

INSERT INTO `ace_object_properties_bool` (`aceObjectId`, `boolPropertyId`, `propertyValue`)
VALUES (8310, 13, True);

INSERT INTO `ace_object_properties_bool` (`aceObjectId`, `boolPropertyId`, `propertyValue`)
VALUES (8310, 11, True);

INSERT INTO `ace_object_properties_bool` (`aceObjectId`, `boolPropertyId`, `propertyValue`)
VALUES (8310, 14, True);

INSERT INTO `ace_object_palette_change` (`aceObjectId`, `subPaletteId`, `offset`, `length`)
VALUES (8310, 67111921, 0, 0);

INSERT INTO `ace_object_texture_map_change` (`aceObjectId`, `index`, `oldId`, `newId`)
VALUES (8310, 0, 83890051, 83890051);

INSERT INTO `ace_object_animation_change` (`aceObjectId`, `index`, `animationId`)
VALUES (8310, 0, 16780684);

INSERT INTO ace_weenie_class (`weenieClassId`, `weenieClassDescription`)
VALUES (771, 'frankincense');

INSERT INTO `ace_object` (`aceObjectId`, `aceObjectDescriptionFlags`, `weenieClassId`, `weenieHeaderFlags`, `iconId`, `iconOverlayId`, `iconUnderlayId`, `modelTableId`, `soundTableId`, `motionTableId`, `currentMotionState`, `animationFrameId`, `physicsTableId`, `physicsDescriptionFlag`, `spellId`, `playScript`, `defaultScript`)
VALUES (771, 2109465, 771, 16, 100668422, NULL, NULL, 33554817, 536870932, NULL, NULL, 101, 872415275, 170113, NULL, NULL, NULL);

INSERT INTO `ace_object_properties_string` (`aceObjectId`, `strPropertyId`, `propertyValue`)
VALUES (771, 1, 'Frankincense');

INSERT INTO `ace_object_properties_int` (`aceObjectId`, `intPropertyId`, `propertyValue`)
VALUES (771, 1, 4096);

INSERT INTO `ace_object_properties_int` (`aceObjectId`, `intPropertyId`, `propertyValue`)
VALUES (771, 3, 67111919);

INSERT INTO `ace_object_properties_int` (`aceObjectId`, `intPropertyId`, `propertyValue`)
VALUES (771, 5, 4);

INSERT INTO `ace_object_properties_int` (`aceObjectId`, `intPropertyId`, `propertyValue`)
VALUES (771, 11, 100);

INSERT INTO `ace_object_properties_int` (`aceObjectId`, `intPropertyId`, `propertyValue`)
VALUES (771, 12, 1);

INSERT INTO `ace_object_properties_int` (`aceObjectId`, `intPropertyId`, `propertyValue`)
VALUES (771, 16, 1);

INSERT INTO `ace_object_properties_int` (`aceObjectId`, `intPropertyId`, `propertyValue`)
VALUES (771, 19, 10);

INSERT INTO `ace_object_properties_string` (`aceObjectId`, `strPropertyId`, `propertyValue`)
VALUES (771, 20, 'Sacks of Frankincense');

INSERT INTO `ace_object_properties_double` (`aceObjectId`, `dblPropertyId`, `propertyValue`)
VALUES (771, 39, 0.4);

INSERT INTO `ace_object_properties_int` (`aceObjectId`, `intPropertyId`, `propertyValue`)
VALUES (771, 93, 1044);

INSERT INTO `ace_object_properties_bool` (`aceObjectId`, `boolPropertyId`, `propertyValue`)
VALUES (771, 13, True);

INSERT INTO `ace_object_properties_bool` (`aceObjectId`, `boolPropertyId`, `propertyValue`)
VALUES (771, 11, True);

INSERT INTO `ace_object_properties_bool` (`aceObjectId`, `boolPropertyId`, `propertyValue`)
VALUES (771, 14, True);

INSERT INTO `ace_object_palette_change` (`aceObjectId`, `subPaletteId`, `offset`, `length`)
VALUES (771, 67111922, 0, 0);

INSERT INTO `ace_object_texture_map_change` (`aceObjectId`, `index`, `oldId`, `newId`)
VALUES (771, 0, 83890064, 83889696);

INSERT INTO `ace_object_animation_change` (`aceObjectId`, `index`, `animationId`)
VALUES (771, 0, 16777882);

INSERT INTO ace_weenie_class (`weenieClassId`, `weenieClassDescription`)
VALUES (784, 'azurite');

INSERT INTO `ace_object` (`aceObjectId`, `aceObjectDescriptionFlags`, `weenieClassId`, `weenieHeaderFlags`, `iconId`, `iconOverlayId`, `iconUnderlayId`, `modelTableId`, `soundTableId`, `motionTableId`, `currentMotionState`, `animationFrameId`, `physicsTableId`, `physicsDescriptionFlag`, `spellId`, `playScript`, `defaultScript`)
VALUES (784, 2125849, 784, 16, 100669703, NULL, NULL, 33555208, 536870932, NULL, NULL, 101, 872415275, 137217, NULL, NULL, NULL);

INSERT INTO `ace_object_properties_string` (`aceObjectId`, `strPropertyId`, `propertyValue`)
VALUES (784, 1, 'Powdered Azurite');

INSERT INTO `ace_object_properties_int` (`aceObjectId`, `intPropertyId`, `propertyValue`)
VALUES (784, 1, 4096);

INSERT INTO `ace_object_properties_int` (`aceObjectId`, `intPropertyId`, `propertyValue`)
VALUES (784, 3, 67111919);

INSERT INTO `ace_object_properties_int` (`aceObjectId`, `intPropertyId`, `propertyValue`)
VALUES (784, 5, 4);

INSERT INTO `ace_object_properties_int` (`aceObjectId`, `intPropertyId`, `propertyValue`)
VALUES (784, 11, 100);

INSERT INTO `ace_object_properties_int` (`aceObjectId`, `intPropertyId`, `propertyValue`)
VALUES (784, 12, 1);

INSERT INTO `ace_object_properties_int` (`aceObjectId`, `intPropertyId`, `propertyValue`)
VALUES (784, 16, 1);

INSERT INTO `ace_object_properties_int` (`aceObjectId`, `intPropertyId`, `propertyValue`)
VALUES (784, 19, 5);

INSERT INTO `ace_object_properties_string` (`aceObjectId`, `strPropertyId`, `propertyValue`)
VALUES (784, 20, 'Powdered Azurites');

INSERT INTO `ace_object_properties_int` (`aceObjectId`, `intPropertyId`, `propertyValue`)
VALUES (784, 93, 1044);

INSERT INTO `ace_object_properties_bool` (`aceObjectId`, `boolPropertyId`, `propertyValue`)
VALUES (784, 13, True);

INSERT INTO `ace_object_properties_bool` (`aceObjectId`, `boolPropertyId`, `propertyValue`)
VALUES (784, 11, True);

INSERT INTO `ace_object_properties_bool` (`aceObjectId`, `boolPropertyId`, `propertyValue`)
VALUES (784, 14, True);

INSERT INTO `ace_object_palette_change` (`aceObjectId`, `subPaletteId`, `offset`, `length`)
VALUES (784, 67111919, 0, 0);

INSERT INTO `ace_object_texture_map_change` (`aceObjectId`, `index`, `oldId`, `newId`)
VALUES (784, 0, 83890080, 83890080);

INSERT INTO `ace_object_animation_change` (`aceObjectId`, `index`, `animationId`)
VALUES (784, 0, 16780681);

INSERT INTO ace_weenie_class (`weenieClassId`, `weenieClassDescription`)
VALUES (8302, 'peaalchembrimstone');

INSERT INTO `ace_object` (`aceObjectId`, `aceObjectDescriptionFlags`, `weenieClassId`, `weenieHeaderFlags`, `iconId`, `iconOverlayId`, `iconUnderlayId`, `modelTableId`, `soundTableId`, `motionTableId`, `currentMotionState`, `animationFrameId`, `physicsTableId`, `physicsDescriptionFlag`, `spellId`, `playScript`, `defaultScript`)
VALUES (8302, 2125848, 8302, 16, 100671065, NULL, NULL, 33555209, 536870932, NULL, NULL, 101, 872415275, 137345, NULL, NULL, NULL);

INSERT INTO `ace_object_properties_string` (`aceObjectId`, `strPropertyId`, `propertyValue`)
VALUES (8302, 1, 'Brimstone Pea');

INSERT INTO `ace_object_properties_int` (`aceObjectId`, `intPropertyId`, `propertyValue`)
VALUES (8302, 1, 4096);

INSERT INTO `ace_object_properties_int` (`aceObjectId`, `intPropertyId`, `propertyValue`)
VALUES (8302, 3, 67111919);

INSERT INTO `ace_object_properties_int` (`aceObjectId`, `intPropertyId`, `propertyValue`)
VALUES (8302, 5, 480);

INSERT INTO `ace_object_properties_int` (`aceObjectId`, `intPropertyId`, `propertyValue`)
VALUES (8302, 11, 100);

INSERT INTO `ace_object_properties_int` (`aceObjectId`, `intPropertyId`, `propertyValue`)
VALUES (8302, 12, 48);

INSERT INTO `ace_object_properties_int` (`aceObjectId`, `intPropertyId`, `propertyValue`)
VALUES (8302, 16, 1);

INSERT INTO `ace_object_properties_int` (`aceObjectId`, `intPropertyId`, `propertyValue`)
VALUES (8302, 19, 30000);

INSERT INTO `ace_object_properties_double` (`aceObjectId`, `dblPropertyId`, `propertyValue`)
VALUES (8302, 39, 0.33);

INSERT INTO `ace_object_properties_int` (`aceObjectId`, `intPropertyId`, `propertyValue`)
VALUES (8302, 93, 1044);

INSERT INTO `ace_object_properties_bool` (`aceObjectId`, `boolPropertyId`, `propertyValue`)
VALUES (8302, 13, True);

INSERT INTO `ace_object_properties_bool` (`aceObjectId`, `boolPropertyId`, `propertyValue`)
VALUES (8302, 11, True);

INSERT INTO `ace_object_properties_bool` (`aceObjectId`, `boolPropertyId`, `propertyValue`)
VALUES (8302, 14, True);

INSERT INTO `ace_object_palette_change` (`aceObjectId`, `subPaletteId`, `offset`, `length`)
VALUES (8302, 67111920, 0, 0);

INSERT INTO `ace_object_texture_map_change` (`aceObjectId`, `index`, `oldId`, `newId`)
VALUES (8302, 0, 83890051, 83890051);

INSERT INTO `ace_object_animation_change` (`aceObjectId`, `index`, `animationId`)
VALUES (8302, 0, 16780684);

INSERT INTO ace_weenie_class (`weenieClassId`, `weenieClassDescription`)
VALUES (8307, 'peaalchemgypsum');

INSERT INTO `ace_object` (`aceObjectId`, `aceObjectDescriptionFlags`, `weenieClassId`, `weenieHeaderFlags`, `iconId`, `iconOverlayId`, `iconUnderlayId`, `modelTableId`, `soundTableId`, `motionTableId`, `currentMotionState`, `animationFrameId`, `physicsTableId`, `physicsDescriptionFlag`, `spellId`, `playScript`, `defaultScript`)
VALUES (8307, 2125848, 8307, 16, 100671040, NULL, NULL, 33555209, 536870932, NULL, NULL, 101, 872415275, 137345, NULL, NULL, NULL);

INSERT INTO `ace_object_properties_string` (`aceObjectId`, `strPropertyId`, `propertyValue`)
VALUES (8307, 1, 'Gypsum Pea');

INSERT INTO `ace_object_properties_int` (`aceObjectId`, `intPropertyId`, `propertyValue`)
VALUES (8307, 1, 4096);

INSERT INTO `ace_object_properties_int` (`aceObjectId`, `intPropertyId`, `propertyValue`)
VALUES (8307, 3, 67111919);

INSERT INTO `ace_object_properties_int` (`aceObjectId`, `intPropertyId`, `propertyValue`)
VALUES (8307, 5, 560);

INSERT INTO `ace_object_properties_int` (`aceObjectId`, `intPropertyId`, `propertyValue`)
VALUES (8307, 11, 100);

INSERT INTO `ace_object_properties_int` (`aceObjectId`, `intPropertyId`, `propertyValue`)
VALUES (8307, 12, 56);

INSERT INTO `ace_object_properties_int` (`aceObjectId`, `intPropertyId`, `propertyValue`)
VALUES (8307, 16, 1);

INSERT INTO `ace_object_properties_int` (`aceObjectId`, `intPropertyId`, `propertyValue`)
VALUES (8307, 19, 35000);

INSERT INTO `ace_object_properties_double` (`aceObjectId`, `dblPropertyId`, `propertyValue`)
VALUES (8307, 39, 0.33);

INSERT INTO `ace_object_properties_int` (`aceObjectId`, `intPropertyId`, `propertyValue`)
VALUES (8307, 93, 1044);

INSERT INTO `ace_object_properties_bool` (`aceObjectId`, `boolPropertyId`, `propertyValue`)
VALUES (8307, 13, True);

INSERT INTO `ace_object_properties_bool` (`aceObjectId`, `boolPropertyId`, `propertyValue`)
VALUES (8307, 11, True);

INSERT INTO `ace_object_properties_bool` (`aceObjectId`, `boolPropertyId`, `propertyValue`)
VALUES (8307, 14, True);

INSERT INTO `ace_object_palette_change` (`aceObjectId`, `subPaletteId`, `offset`, `length`)
VALUES (8307, 67111927, 0, 0);

INSERT INTO `ace_object_texture_map_change` (`aceObjectId`, `index`, `oldId`, `newId`)
VALUES (8307, 0, 83890051, 83890051);

INSERT INTO `ace_object_animation_change` (`aceObjectId`, `index`, `animationId`)
VALUES (8307, 0, 16780684);

INSERT INTO ace_weenie_class (`weenieClassId`, `weenieClassDescription`)
VALUES (791, 'quartz');

INSERT INTO `ace_object` (`aceObjectId`, `aceObjectDescriptionFlags`, `weenieClassId`, `weenieHeaderFlags`, `iconId`, `iconOverlayId`, `iconUnderlayId`, `modelTableId`, `soundTableId`, `motionTableId`, `currentMotionState`, `animationFrameId`, `physicsTableId`, `physicsDescriptionFlag`, `spellId`, `playScript`, `defaultScript`)
VALUES (791, 2109465, 791, 16, 100669705, NULL, NULL, 33555208, 536870932, NULL, NULL, 101, 872415275, 169985, NULL, NULL, NULL);

INSERT INTO `ace_object_properties_string` (`aceObjectId`, `strPropertyId`, `propertyValue`)
VALUES (791, 1, 'Powdered Quartz');

INSERT INTO `ace_object_properties_int` (`aceObjectId`, `intPropertyId`, `propertyValue`)
VALUES (791, 1, 4096);

INSERT INTO `ace_object_properties_int` (`aceObjectId`, `intPropertyId`, `propertyValue`)
VALUES (791, 3, 67111919);

INSERT INTO `ace_object_properties_int` (`aceObjectId`, `intPropertyId`, `propertyValue`)
VALUES (791, 5, 4);

INSERT INTO `ace_object_properties_int` (`aceObjectId`, `intPropertyId`, `propertyValue`)
VALUES (791, 11, 100);

INSERT INTO `ace_object_properties_int` (`aceObjectId`, `intPropertyId`, `propertyValue`)
VALUES (791, 12, 1);

INSERT INTO `ace_object_properties_int` (`aceObjectId`, `intPropertyId`, `propertyValue`)
VALUES (791, 16, 1);

INSERT INTO `ace_object_properties_int` (`aceObjectId`, `intPropertyId`, `propertyValue`)
VALUES (791, 19, 5);

INSERT INTO `ace_object_properties_string` (`aceObjectId`, `strPropertyId`, `propertyValue`)
VALUES (791, 20, 'Powdered Quartz');

INSERT INTO `ace_object_properties_int` (`aceObjectId`, `intPropertyId`, `propertyValue`)
VALUES (791, 93, 1044);

INSERT INTO `ace_object_properties_bool` (`aceObjectId`, `boolPropertyId`, `propertyValue`)
VALUES (791, 13, True);

INSERT INTO `ace_object_properties_bool` (`aceObjectId`, `boolPropertyId`, `propertyValue`)
VALUES (791, 11, True);

INSERT INTO `ace_object_properties_bool` (`aceObjectId`, `boolPropertyId`, `propertyValue`)
VALUES (791, 14, True);

INSERT INTO `ace_object_palette_change` (`aceObjectId`, `subPaletteId`, `offset`, `length`)
VALUES (791, 67111927, 0, 0);

INSERT INTO `ace_object_texture_map_change` (`aceObjectId`, `index`, `oldId`, `newId`)
VALUES (791, 0, 83890080, 83890080);

INSERT INTO `ace_object_animation_change` (`aceObjectId`, `index`, `animationId`)
VALUES (791, 0, 16780681);

INSERT INTO ace_weenie_class (`weenieClassId`, `weenieClassDescription`)
VALUES (773, 'henbane');

INSERT INTO `ace_object` (`aceObjectId`, `aceObjectDescriptionFlags`, `weenieClassId`, `weenieHeaderFlags`, `iconId`, `iconOverlayId`, `iconUnderlayId`, `modelTableId`, `soundTableId`, `motionTableId`, `currentMotionState`, `animationFrameId`, `physicsTableId`, `physicsDescriptionFlag`, `spellId`, `playScript`, `defaultScript`)
VALUES (773, 2125849, 773, 16, 100668425, NULL, NULL, 33554817, 536870932, NULL, NULL, 101, 872415275, 137345, NULL, NULL, NULL);

INSERT INTO `ace_object_properties_string` (`aceObjectId`, `strPropertyId`, `propertyValue`)
VALUES (773, 1, 'Henbane');

INSERT INTO `ace_object_properties_int` (`aceObjectId`, `intPropertyId`, `propertyValue`)
VALUES (773, 1, 4096);

INSERT INTO `ace_object_properties_int` (`aceObjectId`, `intPropertyId`, `propertyValue`)
VALUES (773, 3, 67111919);

INSERT INTO `ace_object_properties_int` (`aceObjectId`, `intPropertyId`, `propertyValue`)
VALUES (773, 5, 4);

INSERT INTO `ace_object_properties_int` (`aceObjectId`, `intPropertyId`, `propertyValue`)
VALUES (773, 11, 100);

INSERT INTO `ace_object_properties_int` (`aceObjectId`, `intPropertyId`, `propertyValue`)
VALUES (773, 12, 1);

INSERT INTO `ace_object_properties_int` (`aceObjectId`, `intPropertyId`, `propertyValue`)
VALUES (773, 16, 1);

INSERT INTO `ace_object_properties_int` (`aceObjectId`, `intPropertyId`, `propertyValue`)
VALUES (773, 19, 10);

INSERT INTO `ace_object_properties_string` (`aceObjectId`, `strPropertyId`, `propertyValue`)
VALUES (773, 20, 'Sacks of Henbane');

INSERT INTO `ace_object_properties_double` (`aceObjectId`, `dblPropertyId`, `propertyValue`)
VALUES (773, 39, 0.4);

INSERT INTO `ace_object_properties_int` (`aceObjectId`, `intPropertyId`, `propertyValue`)
VALUES (773, 93, 1044);

INSERT INTO `ace_object_properties_bool` (`aceObjectId`, `boolPropertyId`, `propertyValue`)
VALUES (773, 13, True);

INSERT INTO `ace_object_properties_bool` (`aceObjectId`, `boolPropertyId`, `propertyValue`)
VALUES (773, 11, True);

INSERT INTO `ace_object_properties_bool` (`aceObjectId`, `boolPropertyId`, `propertyValue`)
VALUES (773, 14, True);

INSERT INTO `ace_object_palette_change` (`aceObjectId`, `subPaletteId`, `offset`, `length`)
VALUES (773, 67111918, 0, 0);

INSERT INTO `ace_object_texture_map_change` (`aceObjectId`, `index`, `oldId`, `newId`)
VALUES (773, 0, 83890064, 83889696);

INSERT INTO `ace_object_animation_change` (`aceObjectId`, `index`, `animationId`)
VALUES (773, 0, 16777882);

INSERT INTO ace_weenie_class (`weenieClassId`, `weenieClassDescription`)
VALUES (786, 'carnelian');

INSERT INTO `ace_object` (`aceObjectId`, `aceObjectDescriptionFlags`, `weenieClassId`, `weenieHeaderFlags`, `iconId`, `iconOverlayId`, `iconUnderlayId`, `modelTableId`, `soundTableId`, `motionTableId`, `currentMotionState`, `animationFrameId`, `physicsTableId`, `physicsDescriptionFlag`, `spellId`, `playScript`, `defaultScript`)
VALUES (786, 2125849, 786, 16, 100668385, NULL, NULL, 33555208, 536870932, NULL, NULL, 101, 872415275, 137217, NULL, NULL, NULL);

INSERT INTO `ace_object_properties_string` (`aceObjectId`, `strPropertyId`, `propertyValue`)
VALUES (786, 1, 'Powdered Carnelian');

INSERT INTO `ace_object_properties_int` (`aceObjectId`, `intPropertyId`, `propertyValue`)
VALUES (786, 1, 4096);

INSERT INTO `ace_object_properties_int` (`aceObjectId`, `intPropertyId`, `propertyValue`)
VALUES (786, 3, 67111919);

INSERT INTO `ace_object_properties_int` (`aceObjectId`, `intPropertyId`, `propertyValue`)
VALUES (786, 5, 148);

INSERT INTO `ace_object_properties_int` (`aceObjectId`, `intPropertyId`, `propertyValue`)
VALUES (786, 11, 100);

INSERT INTO `ace_object_properties_int` (`aceObjectId`, `intPropertyId`, `propertyValue`)
VALUES (786, 12, 37);

INSERT INTO `ace_object_properties_int` (`aceObjectId`, `intPropertyId`, `propertyValue`)
VALUES (786, 16, 1);

INSERT INTO `ace_object_properties_int` (`aceObjectId`, `intPropertyId`, `propertyValue`)
VALUES (786, 19, 185);

INSERT INTO `ace_object_properties_string` (`aceObjectId`, `strPropertyId`, `propertyValue`)
VALUES (786, 20, 'Powdered Carnelians');

INSERT INTO `ace_object_properties_int` (`aceObjectId`, `intPropertyId`, `propertyValue`)
VALUES (786, 93, 1044);

INSERT INTO `ace_object_properties_bool` (`aceObjectId`, `boolPropertyId`, `propertyValue`)
VALUES (786, 13, True);

INSERT INTO `ace_object_properties_bool` (`aceObjectId`, `boolPropertyId`, `propertyValue`)
VALUES (786, 11, True);

INSERT INTO `ace_object_properties_bool` (`aceObjectId`, `boolPropertyId`, `propertyValue`)
VALUES (786, 14, True);

INSERT INTO `ace_object_palette_change` (`aceObjectId`, `subPaletteId`, `offset`, `length`)
VALUES (786, 67111922, 0, 0);

INSERT INTO `ace_object_texture_map_change` (`aceObjectId`, `index`, `oldId`, `newId`)
VALUES (786, 0, 83890080, 83890080);

INSERT INTO `ace_object_animation_change` (`aceObjectId`, `index`, `animationId`)
VALUES (786, 0, 16780681);

INSERT INTO ace_weenie_class (`weenieClassId`, `weenieClassDescription`)
VALUES (745, 'eldertalisman');

INSERT INTO `ace_object` (`aceObjectId`, `aceObjectDescriptionFlags`, `weenieClassId`, `weenieHeaderFlags`, `iconId`, `iconOverlayId`, `iconUnderlayId`, `modelTableId`, `soundTableId`, `motionTableId`, `currentMotionState`, `animationFrameId`, `physicsTableId`, `physicsDescriptionFlag`, `spellId`, `playScript`, `defaultScript`)
VALUES (745, 2125848, 745, 16, 100668397, NULL, NULL, 33555207, 536870932, NULL, NULL, 101, 872415275, 137217, NULL, NULL, NULL);

INSERT INTO `ace_object_properties_string` (`aceObjectId`, `strPropertyId`, `propertyValue`)
VALUES (745, 1, 'Elder Talisman');

INSERT INTO `ace_object_properties_int` (`aceObjectId`, `intPropertyId`, `propertyValue`)
VALUES (745, 1, 4096);

INSERT INTO `ace_object_properties_int` (`aceObjectId`, `intPropertyId`, `propertyValue`)
VALUES (745, 3, 67111919);

INSERT INTO `ace_object_properties_int` (`aceObjectId`, `intPropertyId`, `propertyValue`)
VALUES (745, 5, 112);

INSERT INTO `ace_object_properties_int` (`aceObjectId`, `intPropertyId`, `propertyValue`)
VALUES (745, 11, 100);

INSERT INTO `ace_object_properties_int` (`aceObjectId`, `intPropertyId`, `propertyValue`)
VALUES (745, 12, 28);

INSERT INTO `ace_object_properties_int` (`aceObjectId`, `intPropertyId`, `propertyValue`)
VALUES (745, 16, 1);

INSERT INTO `ace_object_properties_int` (`aceObjectId`, `intPropertyId`, `propertyValue`)
VALUES (745, 19, 140);

INSERT INTO `ace_object_properties_int` (`aceObjectId`, `intPropertyId`, `propertyValue`)
VALUES (745, 93, 1044);

INSERT INTO `ace_object_properties_bool` (`aceObjectId`, `boolPropertyId`, `propertyValue`)
VALUES (745, 13, True);

INSERT INTO `ace_object_properties_bool` (`aceObjectId`, `boolPropertyId`, `propertyValue`)
VALUES (745, 11, True);

INSERT INTO `ace_object_properties_bool` (`aceObjectId`, `boolPropertyId`, `propertyValue`)
VALUES (745, 14, True);

INSERT INTO `ace_object_palette_change` (`aceObjectId`, `subPaletteId`, `offset`, `length`)
VALUES (745, 67111921, 0, 0);

INSERT INTO `ace_object_texture_map_change` (`aceObjectId`, `index`, `oldId`, `newId`)
VALUES (745, 0, 83890069, 83890069);

INSERT INTO `ace_object_animation_change` (`aceObjectId`, `index`, `animationId`)
VALUES (745, 0, 16780687);

INSERT INTO ace_weenie_class (`weenieClassId`, `weenieClassDescription`)
VALUES (8345, 'peatalismanyew');

INSERT INTO `ace_object` (`aceObjectId`, `aceObjectDescriptionFlags`, `weenieClassId`, `weenieHeaderFlags`, `iconId`, `iconOverlayId`, `iconUnderlayId`, `modelTableId`, `soundTableId`, `motionTableId`, `currentMotionState`, `animationFrameId`, `physicsTableId`, `physicsDescriptionFlag`, `spellId`, `playScript`, `defaultScript`)
VALUES (8345, 2125848, 8345, 16, 100671095, NULL, NULL, 33555207, 536870932, NULL, NULL, 101, 872415275, 137345, NULL, NULL, NULL);

INSERT INTO `ace_object_properties_string` (`aceObjectId`, `strPropertyId`, `propertyValue`)
VALUES (8345, 1, 'Yew Pea');

INSERT INTO `ace_object_properties_int` (`aceObjectId`, `intPropertyId`, `propertyValue`)
VALUES (8345, 1, 4096);

INSERT INTO `ace_object_properties_int` (`aceObjectId`, `intPropertyId`, `propertyValue`)
VALUES (8345, 3, 67111919);

INSERT INTO `ace_object_properties_int` (`aceObjectId`, `intPropertyId`, `propertyValue`)
VALUES (8345, 5, 10);

INSERT INTO `ace_object_properties_int` (`aceObjectId`, `intPropertyId`, `propertyValue`)
VALUES (8345, 11, 100);

INSERT INTO `ace_object_properties_int` (`aceObjectId`, `intPropertyId`, `propertyValue`)
VALUES (8345, 12, 1);

INSERT INTO `ace_object_properties_int` (`aceObjectId`, `intPropertyId`, `propertyValue`)
VALUES (8345, 16, 1);

INSERT INTO `ace_object_properties_int` (`aceObjectId`, `intPropertyId`, `propertyValue`)
VALUES (8345, 19, 250);

INSERT INTO `ace_object_properties_double` (`aceObjectId`, `dblPropertyId`, `propertyValue`)
VALUES (8345, 39, 0.33);

INSERT INTO `ace_object_properties_int` (`aceObjectId`, `intPropertyId`, `propertyValue`)
VALUES (8345, 93, 1044);

INSERT INTO `ace_object_properties_bool` (`aceObjectId`, `boolPropertyId`, `propertyValue`)
VALUES (8345, 13, True);

INSERT INTO `ace_object_properties_bool` (`aceObjectId`, `boolPropertyId`, `propertyValue`)
VALUES (8345, 11, True);

INSERT INTO `ace_object_properties_bool` (`aceObjectId`, `boolPropertyId`, `propertyValue`)
VALUES (8345, 14, True);

INSERT INTO `ace_object_palette_change` (`aceObjectId`, `subPaletteId`, `offset`, `length`)
VALUES (8345, 67111923, 0, 0);

INSERT INTO `ace_object_texture_map_change` (`aceObjectId`, `index`, `oldId`, `newId`)
VALUES (8345, 0, 83890069, 83890069);

INSERT INTO `ace_object_animation_change` (`aceObjectId`, `index`, `animationId`)
VALUES (8345, 0, 16780687);

INSERT INTO ace_weenie_class (`weenieClassId`, `weenieClassDescription`)
VALUES (8325, 'peapowderturquoise');

INSERT INTO `ace_object` (`aceObjectId`, `aceObjectDescriptionFlags`, `weenieClassId`, `weenieHeaderFlags`, `iconId`, `iconOverlayId`, `iconUnderlayId`, `modelTableId`, `soundTableId`, `motionTableId`, `currentMotionState`, `animationFrameId`, `physicsTableId`, `physicsDescriptionFlag`, `spellId`, `playScript`, `defaultScript`)
VALUES (8325, 2125848, 8325, 16, 100671069, NULL, NULL, 33555208, 536870932, NULL, NULL, 101, 872415275, 137345, NULL, NULL, NULL);

INSERT INTO `ace_object_properties_string` (`aceObjectId`, `strPropertyId`, `propertyValue`)
VALUES (8325, 1, 'Powdered Turquoise Pea');

INSERT INTO `ace_object_properties_int` (`aceObjectId`, `intPropertyId`, `propertyValue`)
VALUES (8325, 1, 4096);

INSERT INTO `ace_object_properties_int` (`aceObjectId`, `intPropertyId`, `propertyValue`)
VALUES (8325, 3, 67111919);

INSERT INTO `ace_object_properties_int` (`aceObjectId`, `intPropertyId`, `propertyValue`)
VALUES (8325, 5, 10);

INSERT INTO `ace_object_properties_int` (`aceObjectId`, `intPropertyId`, `propertyValue`)
VALUES (8325, 11, 100);

INSERT INTO `ace_object_properties_int` (`aceObjectId`, `intPropertyId`, `propertyValue`)
VALUES (8325, 12, 1);

INSERT INTO `ace_object_properties_int` (`aceObjectId`, `intPropertyId`, `propertyValue`)
VALUES (8325, 16, 1);

INSERT INTO `ace_object_properties_int` (`aceObjectId`, `intPropertyId`, `propertyValue`)
VALUES (8325, 19, 625);

INSERT INTO `ace_object_properties_double` (`aceObjectId`, `dblPropertyId`, `propertyValue`)
VALUES (8325, 39, 0.33);

INSERT INTO `ace_object_properties_int` (`aceObjectId`, `intPropertyId`, `propertyValue`)
VALUES (8325, 93, 1044);

INSERT INTO `ace_object_properties_bool` (`aceObjectId`, `boolPropertyId`, `propertyValue`)
VALUES (8325, 13, True);

INSERT INTO `ace_object_properties_bool` (`aceObjectId`, `boolPropertyId`, `propertyValue`)
VALUES (8325, 11, True);

INSERT INTO `ace_object_properties_bool` (`aceObjectId`, `boolPropertyId`, `propertyValue`)
VALUES (8325, 14, True);

INSERT INTO `ace_object_palette_change` (`aceObjectId`, `subPaletteId`, `offset`, `length`)
VALUES (8325, 67111919, 0, 0);

INSERT INTO `ace_object_texture_map_change` (`aceObjectId`, `index`, `oldId`, `newId`)
VALUES (8325, 0, 83890080, 83890080);

INSERT INTO `ace_object_animation_change` (`aceObjectId`, `index`, `animationId`)
VALUES (8325, 0, 16780681);

INSERT INTO ace_weenie_class (`weenieClassId`, `weenieClassDescription`)
VALUES (8291, 'peaherbginseng');

INSERT INTO `ace_object` (`aceObjectId`, `aceObjectDescriptionFlags`, `weenieClassId`, `weenieHeaderFlags`, `iconId`, `iconOverlayId`, `iconUnderlayId`, `modelTableId`, `soundTableId`, `motionTableId`, `currentMotionState`, `animationFrameId`, `physicsTableId`, `physicsDescriptionFlag`, `spellId`, `playScript`, `defaultScript`)
VALUES (8291, 2125848, 8291, 16, 100671049, NULL, NULL, 33554817, 536870932, NULL, NULL, 101, 872415275, 137345, NULL, NULL, NULL);

INSERT INTO `ace_object_properties_string` (`aceObjectId`, `strPropertyId`, `propertyValue`)
VALUES (8291, 1, 'Ginseng Pea');

INSERT INTO `ace_object_properties_int` (`aceObjectId`, `intPropertyId`, `propertyValue`)
VALUES (8291, 1, 4096);

INSERT INTO `ace_object_properties_int` (`aceObjectId`, `intPropertyId`, `propertyValue`)
VALUES (8291, 5, 960);

INSERT INTO `ace_object_properties_int` (`aceObjectId`, `intPropertyId`, `propertyValue`)
VALUES (8291, 11, 100);

INSERT INTO `ace_object_properties_int` (`aceObjectId`, `intPropertyId`, `propertyValue`)
VALUES (8291, 12, 96);

INSERT INTO `ace_object_properties_int` (`aceObjectId`, `intPropertyId`, `propertyValue`)
VALUES (8291, 16, 1);

INSERT INTO `ace_object_properties_int` (`aceObjectId`, `intPropertyId`, `propertyValue`)
VALUES (8291, 19, 120000);

INSERT INTO `ace_object_properties_double` (`aceObjectId`, `dblPropertyId`, `propertyValue`)
VALUES (8291, 39, 0.33);

INSERT INTO `ace_object_properties_int` (`aceObjectId`, `intPropertyId`, `propertyValue`)
VALUES (8291, 93, 1044);

INSERT INTO `ace_object_properties_bool` (`aceObjectId`, `boolPropertyId`, `propertyValue`)
VALUES (8291, 13, True);

INSERT INTO `ace_object_properties_bool` (`aceObjectId`, `boolPropertyId`, `propertyValue`)
VALUES (8291, 11, True);

INSERT INTO `ace_object_properties_bool` (`aceObjectId`, `boolPropertyId`, `propertyValue`)
VALUES (8291, 14, True);

INSERT INTO `ace_object_texture_map_change` (`aceObjectId`, `index`, `oldId`, `newId`)
VALUES (8291, 0, 83890064, 83889696);

INSERT INTO `ace_object_animation_change` (`aceObjectId`, `index`, `animationId`)
VALUES (8291, 0, 16777882);

INSERT INTO ace_weenie_class (`weenieClassId`, `weenieClassDescription`)
VALUES (8353, 'peataperred');

INSERT INTO `ace_object` (`aceObjectId`, `aceObjectDescriptionFlags`, `weenieClassId`, `weenieHeaderFlags`, `iconId`, `iconOverlayId`, `iconUnderlayId`, `modelTableId`, `soundTableId`, `motionTableId`, `currentMotionState`, `animationFrameId`, `physicsTableId`, `physicsDescriptionFlag`, `spellId`, `playScript`, `defaultScript`)
VALUES (8353, 2125848, 8353, 16, 100671109, NULL, NULL, 33555445, 536870932, NULL, NULL, 101, 872415275, 137345, NULL, NULL, NULL);

INSERT INTO `ace_object_properties_string` (`aceObjectId`, `strPropertyId`, `propertyValue`)
VALUES (8353, 1, 'Red Pea');

INSERT INTO `ace_object_properties_int` (`aceObjectId`, `intPropertyId`, `propertyValue`)
VALUES (8353, 1, 4096);

INSERT INTO `ace_object_properties_int` (`aceObjectId`, `intPropertyId`, `propertyValue`)
VALUES (8353, 5, 10);

INSERT INTO `ace_object_properties_int` (`aceObjectId`, `intPropertyId`, `propertyValue`)
VALUES (8353, 11, 100);

INSERT INTO `ace_object_properties_int` (`aceObjectId`, `intPropertyId`, `propertyValue`)
VALUES (8353, 12, 1);

INSERT INTO `ace_object_properties_int` (`aceObjectId`, `intPropertyId`, `propertyValue`)
VALUES (8353, 16, 1);

INSERT INTO `ace_object_properties_int` (`aceObjectId`, `intPropertyId`, `propertyValue`)
VALUES (8353, 19, 3125);

INSERT INTO `ace_object_properties_double` (`aceObjectId`, `dblPropertyId`, `propertyValue`)
VALUES (8353, 39, 0.33);

INSERT INTO `ace_object_properties_int` (`aceObjectId`, `intPropertyId`, `propertyValue`)
VALUES (8353, 93, 1044);

INSERT INTO `ace_object_properties_bool` (`aceObjectId`, `boolPropertyId`, `propertyValue`)
VALUES (8353, 13, True);

INSERT INTO `ace_object_properties_bool` (`aceObjectId`, `boolPropertyId`, `propertyValue`)
VALUES (8353, 11, True);

INSERT INTO `ace_object_properties_bool` (`aceObjectId`, `boolPropertyId`, `propertyValue`)
VALUES (8353, 14, True);

INSERT INTO `ace_object_texture_map_change` (`aceObjectId`, `index`, `oldId`, `newId`)
VALUES (8353, 0, 83890928, 83890931);

INSERT INTO `ace_object_animation_change` (`aceObjectId`, `index`, `animationId`)
VALUES (8353, 0, 16781612);

INSERT INTO ace_weenie_class (`weenieClassId`, `weenieClassDescription`)
VALUES (8352, 'peataperpink');

INSERT INTO `ace_object` (`aceObjectId`, `aceObjectDescriptionFlags`, `weenieClassId`, `weenieHeaderFlags`, `iconId`, `iconOverlayId`, `iconUnderlayId`, `modelTableId`, `soundTableId`, `motionTableId`, `currentMotionState`, `animationFrameId`, `physicsTableId`, `physicsDescriptionFlag`, `spellId`, `playScript`, `defaultScript`)
VALUES (8352, 2125848, 8352, 16, 100671108, NULL, NULL, 33555445, 536870932, NULL, NULL, 101, 872415275, 137345, NULL, NULL, NULL);

INSERT INTO `ace_object_properties_string` (`aceObjectId`, `strPropertyId`, `propertyValue`)
VALUES (8352, 1, 'Pink Pea');

INSERT INTO `ace_object_properties_int` (`aceObjectId`, `intPropertyId`, `propertyValue`)
VALUES (8352, 1, 4096);

INSERT INTO `ace_object_properties_int` (`aceObjectId`, `intPropertyId`, `propertyValue`)
VALUES (8352, 5, 10);

INSERT INTO `ace_object_properties_int` (`aceObjectId`, `intPropertyId`, `propertyValue`)
VALUES (8352, 11, 100);

INSERT INTO `ace_object_properties_int` (`aceObjectId`, `intPropertyId`, `propertyValue`)
VALUES (8352, 12, 1);

INSERT INTO `ace_object_properties_int` (`aceObjectId`, `intPropertyId`, `propertyValue`)
VALUES (8352, 16, 1);

INSERT INTO `ace_object_properties_int` (`aceObjectId`, `intPropertyId`, `propertyValue`)
VALUES (8352, 19, 3125);

INSERT INTO `ace_object_properties_double` (`aceObjectId`, `dblPropertyId`, `propertyValue`)
VALUES (8352, 39, 0.33);

INSERT INTO `ace_object_properties_int` (`aceObjectId`, `intPropertyId`, `propertyValue`)
VALUES (8352, 93, 1044);

INSERT INTO `ace_object_properties_bool` (`aceObjectId`, `boolPropertyId`, `propertyValue`)
VALUES (8352, 13, True);

INSERT INTO `ace_object_properties_bool` (`aceObjectId`, `boolPropertyId`, `propertyValue`)
VALUES (8352, 11, True);

INSERT INTO `ace_object_properties_bool` (`aceObjectId`, `boolPropertyId`, `propertyValue`)
VALUES (8352, 14, True);

INSERT INTO `ace_object_texture_map_change` (`aceObjectId`, `index`, `oldId`, `newId`)
VALUES (8352, 0, 83890928, 83890937);

INSERT INTO `ace_object_animation_change` (`aceObjectId`, `index`, `animationId`)
VALUES (8352, 0, 16781612);

INSERT INTO ace_weenie_class (`weenieClassId`, `weenieClassDescription`)
VALUES (8295, 'peaherbmandrake');

INSERT INTO `ace_object` (`aceObjectId`, `aceObjectDescriptionFlags`, `weenieClassId`, `weenieHeaderFlags`, `iconId`, `iconOverlayId`, `iconUnderlayId`, `modelTableId`, `soundTableId`, `motionTableId`, `currentMotionState`, `animationFrameId`, `physicsTableId`, `physicsDescriptionFlag`, `spellId`, `playScript`, `defaultScript`)
VALUES (8295, 2125848, 8295, 16, 100671054, NULL, NULL, 33554817, 536870932, NULL, NULL, 101, 872415275, 137345, NULL, NULL, NULL);

INSERT INTO `ace_object_properties_string` (`aceObjectId`, `strPropertyId`, `propertyValue`)
VALUES (8295, 1, 'Mandrake Pea');

INSERT INTO `ace_object_properties_int` (`aceObjectId`, `intPropertyId`, `propertyValue`)
VALUES (8295, 1, 4096);

INSERT INTO `ace_object_properties_int` (`aceObjectId`, `intPropertyId`, `propertyValue`)
VALUES (8295, 5, 10);

INSERT INTO `ace_object_properties_int` (`aceObjectId`, `intPropertyId`, `propertyValue`)
VALUES (8295, 11, 100);

INSERT INTO `ace_object_properties_int` (`aceObjectId`, `intPropertyId`, `propertyValue`)
VALUES (8295, 12, 1);

INSERT INTO `ace_object_properties_int` (`aceObjectId`, `intPropertyId`, `propertyValue`)
VALUES (8295, 16, 1);

INSERT INTO `ace_object_properties_int` (`aceObjectId`, `intPropertyId`, `propertyValue`)
VALUES (8295, 19, 1250);

INSERT INTO `ace_object_properties_double` (`aceObjectId`, `dblPropertyId`, `propertyValue`)
VALUES (8295, 39, 0.33);

INSERT INTO `ace_object_properties_int` (`aceObjectId`, `intPropertyId`, `propertyValue`)
VALUES (8295, 93, 1044);

INSERT INTO `ace_object_properties_bool` (`aceObjectId`, `boolPropertyId`, `propertyValue`)
VALUES (8295, 13, True);

INSERT INTO `ace_object_properties_bool` (`aceObjectId`, `boolPropertyId`, `propertyValue`)
VALUES (8295, 11, True);

INSERT INTO `ace_object_properties_bool` (`aceObjectId`, `boolPropertyId`, `propertyValue`)
VALUES (8295, 14, True);

INSERT INTO `ace_object_texture_map_change` (`aceObjectId`, `index`, `oldId`, `newId`)
VALUES (8295, 0, 83890064, 83889696);

INSERT INTO `ace_object_animation_change` (`aceObjectId`, `index`, `animationId`)
VALUES (8295, 0, 16777882);

INSERT INTO ace_weenie_class (`weenieClassId`, `weenieClassDescription`)
VALUES (8355, 'peataperviolet');

INSERT INTO `ace_object` (`aceObjectId`, `aceObjectDescriptionFlags`, `weenieClassId`, `weenieHeaderFlags`, `iconId`, `iconOverlayId`, `iconUnderlayId`, `modelTableId`, `soundTableId`, `motionTableId`, `currentMotionState`, `animationFrameId`, `physicsTableId`, `physicsDescriptionFlag`, `spellId`, `playScript`, `defaultScript`)
VALUES (8355, 2125848, 8355, 16, 100671110, NULL, NULL, 33555445, 536870932, NULL, NULL, 101, 872415275, 137345, NULL, NULL, NULL);

INSERT INTO `ace_object_properties_string` (`aceObjectId`, `strPropertyId`, `propertyValue`)
VALUES (8355, 1, 'Violet Pea');

INSERT INTO `ace_object_properties_int` (`aceObjectId`, `intPropertyId`, `propertyValue`)
VALUES (8355, 1, 4096);

INSERT INTO `ace_object_properties_int` (`aceObjectId`, `intPropertyId`, `propertyValue`)
VALUES (8355, 5, 10);

INSERT INTO `ace_object_properties_int` (`aceObjectId`, `intPropertyId`, `propertyValue`)
VALUES (8355, 11, 100);

INSERT INTO `ace_object_properties_int` (`aceObjectId`, `intPropertyId`, `propertyValue`)
VALUES (8355, 12, 1);

INSERT INTO `ace_object_properties_int` (`aceObjectId`, `intPropertyId`, `propertyValue`)
VALUES (8355, 16, 1);

INSERT INTO `ace_object_properties_int` (`aceObjectId`, `intPropertyId`, `propertyValue`)
VALUES (8355, 19, 3125);

INSERT INTO `ace_object_properties_double` (`aceObjectId`, `dblPropertyId`, `propertyValue`)
VALUES (8355, 39, 0.33);

INSERT INTO `ace_object_properties_int` (`aceObjectId`, `intPropertyId`, `propertyValue`)
VALUES (8355, 93, 1044);

INSERT INTO `ace_object_properties_bool` (`aceObjectId`, `boolPropertyId`, `propertyValue`)
VALUES (8355, 13, True);

INSERT INTO `ace_object_properties_bool` (`aceObjectId`, `boolPropertyId`, `propertyValue`)
VALUES (8355, 11, True);

INSERT INTO `ace_object_properties_bool` (`aceObjectId`, `boolPropertyId`, `propertyValue`)
VALUES (8355, 14, True);

INSERT INTO `ace_object_texture_map_change` (`aceObjectId`, `index`, `oldId`, `newId`)
VALUES (8355, 0, 83890928, 83890927);

INSERT INTO `ace_object_animation_change` (`aceObjectId`, `index`, `animationId`)
VALUES (8355, 0, 16781612);

INSERT INTO ace_weenie_class (`weenieClassId`, `weenieClassDescription`)
VALUES (8333, 'peatalismanashwood');

INSERT INTO `ace_object` (`aceObjectId`, `aceObjectDescriptionFlags`, `weenieClassId`, `weenieHeaderFlags`, `iconId`, `iconOverlayId`, `iconUnderlayId`, `modelTableId`, `soundTableId`, `motionTableId`, `currentMotionState`, `animationFrameId`, `physicsTableId`, `physicsDescriptionFlag`, `spellId`, `playScript`, `defaultScript`)
VALUES (8333, 2125848, 8333, 16, 100671098, NULL, NULL, 33555207, 536870932, NULL, NULL, 101, 872415275, 137345, NULL, NULL, NULL);

INSERT INTO `ace_object_properties_string` (`aceObjectId`, `strPropertyId`, `propertyValue`)
VALUES (8333, 1, 'Ashwood Pea');

INSERT INTO `ace_object_properties_int` (`aceObjectId`, `intPropertyId`, `propertyValue`)
VALUES (8333, 1, 4096);

INSERT INTO `ace_object_properties_int` (`aceObjectId`, `intPropertyId`, `propertyValue`)
VALUES (8333, 3, 67111919);

INSERT INTO `ace_object_properties_int` (`aceObjectId`, `intPropertyId`, `propertyValue`)
VALUES (8333, 5, 10);

INSERT INTO `ace_object_properties_int` (`aceObjectId`, `intPropertyId`, `propertyValue`)
VALUES (8333, 11, 100);

INSERT INTO `ace_object_properties_int` (`aceObjectId`, `intPropertyId`, `propertyValue`)
VALUES (8333, 12, 1);

INSERT INTO `ace_object_properties_int` (`aceObjectId`, `intPropertyId`, `propertyValue`)
VALUES (8333, 16, 1);

INSERT INTO `ace_object_properties_int` (`aceObjectId`, `intPropertyId`, `propertyValue`)
VALUES (8333, 19, 250);

INSERT INTO `ace_object_properties_double` (`aceObjectId`, `dblPropertyId`, `propertyValue`)
VALUES (8333, 39, 0.33);

INSERT INTO `ace_object_properties_int` (`aceObjectId`, `intPropertyId`, `propertyValue`)
VALUES (8333, 93, 1044);

INSERT INTO `ace_object_properties_bool` (`aceObjectId`, `boolPropertyId`, `propertyValue`)
VALUES (8333, 13, True);

INSERT INTO `ace_object_properties_bool` (`aceObjectId`, `boolPropertyId`, `propertyValue`)
VALUES (8333, 11, True);

INSERT INTO `ace_object_properties_bool` (`aceObjectId`, `boolPropertyId`, `propertyValue`)
VALUES (8333, 14, True);

INSERT INTO `ace_object_palette_change` (`aceObjectId`, `subPaletteId`, `offset`, `length`)
VALUES (8333, 67111927, 0, 0);

INSERT INTO `ace_object_texture_map_change` (`aceObjectId`, `index`, `oldId`, `newId`)
VALUES (8333, 0, 83890069, 83890069);

INSERT INTO `ace_object_animation_change` (`aceObjectId`, `index`, `animationId`)
VALUES (8333, 0, 16780687);

INSERT INTO ace_weenie_class (`weenieClassId`, `weenieClassDescription`)
VALUES (8332, 'peatalismanalder');

INSERT INTO `ace_object` (`aceObjectId`, `aceObjectDescriptionFlags`, `weenieClassId`, `weenieHeaderFlags`, `iconId`, `iconOverlayId`, `iconUnderlayId`, `modelTableId`, `soundTableId`, `motionTableId`, `currentMotionState`, `animationFrameId`, `physicsTableId`, `physicsDescriptionFlag`, `spellId`, `playScript`, `defaultScript`)
VALUES (8332, 2125848, 8332, 16, 100671091, NULL, NULL, 33555207, 536870932, NULL, NULL, 101, 872415275, 137345, NULL, NULL, NULL);

INSERT INTO `ace_object_properties_string` (`aceObjectId`, `strPropertyId`, `propertyValue`)
VALUES (8332, 1, 'Alder Pea');

INSERT INTO `ace_object_properties_int` (`aceObjectId`, `intPropertyId`, `propertyValue`)
VALUES (8332, 1, 4096);

INSERT INTO `ace_object_properties_int` (`aceObjectId`, `intPropertyId`, `propertyValue`)
VALUES (8332, 3, 67111919);

INSERT INTO `ace_object_properties_int` (`aceObjectId`, `intPropertyId`, `propertyValue`)
VALUES (8332, 5, 10);

INSERT INTO `ace_object_properties_int` (`aceObjectId`, `intPropertyId`, `propertyValue`)
VALUES (8332, 11, 100);

INSERT INTO `ace_object_properties_int` (`aceObjectId`, `intPropertyId`, `propertyValue`)
VALUES (8332, 12, 1);

INSERT INTO `ace_object_properties_int` (`aceObjectId`, `intPropertyId`, `propertyValue`)
VALUES (8332, 16, 1);

INSERT INTO `ace_object_properties_int` (`aceObjectId`, `intPropertyId`, `propertyValue`)
VALUES (8332, 19, 250);

INSERT INTO `ace_object_properties_double` (`aceObjectId`, `dblPropertyId`, `propertyValue`)
VALUES (8332, 39, 0.33);

INSERT INTO `ace_object_properties_int` (`aceObjectId`, `intPropertyId`, `propertyValue`)
VALUES (8332, 93, 1044);

INSERT INTO `ace_object_properties_bool` (`aceObjectId`, `boolPropertyId`, `propertyValue`)
VALUES (8332, 13, True);

INSERT INTO `ace_object_properties_bool` (`aceObjectId`, `boolPropertyId`, `propertyValue`)
VALUES (8332, 11, True);

INSERT INTO `ace_object_properties_bool` (`aceObjectId`, `boolPropertyId`, `propertyValue`)
VALUES (8332, 14, True);

INSERT INTO `ace_object_palette_change` (`aceObjectId`, `subPaletteId`, `offset`, `length`)
VALUES (8332, 67111918, 0, 0);

INSERT INTO `ace_object_texture_map_change` (`aceObjectId`, `index`, `oldId`, `newId`)
VALUES (8332, 0, 83890069, 83890069);

INSERT INTO `ace_object_animation_change` (`aceObjectId`, `index`, `animationId`)
VALUES (8332, 0, 16780687);

INSERT INTO ace_weenie_class (`weenieClassId`, `weenieClassDescription`)
VALUES (8348, 'peatapergreen');

INSERT INTO `ace_object` (`aceObjectId`, `aceObjectDescriptionFlags`, `weenieClassId`, `weenieHeaderFlags`, `iconId`, `iconOverlayId`, `iconUnderlayId`, `modelTableId`, `soundTableId`, `motionTableId`, `currentMotionState`, `animationFrameId`, `physicsTableId`, `physicsDescriptionFlag`, `spellId`, `playScript`, `defaultScript`)
VALUES (8348, 2125848, 8348, 16, 100671104, NULL, NULL, 33555445, 536870932, NULL, NULL, 101, 872415275, 137345, NULL, NULL, NULL);

INSERT INTO `ace_object_properties_string` (`aceObjectId`, `strPropertyId`, `propertyValue`)
VALUES (8348, 1, 'Green Pea');

INSERT INTO `ace_object_properties_int` (`aceObjectId`, `intPropertyId`, `propertyValue`)
VALUES (8348, 1, 4096);

INSERT INTO `ace_object_properties_int` (`aceObjectId`, `intPropertyId`, `propertyValue`)
VALUES (8348, 5, 10);

INSERT INTO `ace_object_properties_int` (`aceObjectId`, `intPropertyId`, `propertyValue`)
VALUES (8348, 11, 100);

INSERT INTO `ace_object_properties_int` (`aceObjectId`, `intPropertyId`, `propertyValue`)
VALUES (8348, 12, 1);

INSERT INTO `ace_object_properties_int` (`aceObjectId`, `intPropertyId`, `propertyValue`)
VALUES (8348, 16, 1);

INSERT INTO `ace_object_properties_int` (`aceObjectId`, `intPropertyId`, `propertyValue`)
VALUES (8348, 19, 3125);

INSERT INTO `ace_object_properties_double` (`aceObjectId`, `dblPropertyId`, `propertyValue`)
VALUES (8348, 39, 0.33);

INSERT INTO `ace_object_properties_int` (`aceObjectId`, `intPropertyId`, `propertyValue`)
VALUES (8348, 93, 1044);

INSERT INTO `ace_object_properties_bool` (`aceObjectId`, `boolPropertyId`, `propertyValue`)
VALUES (8348, 13, True);

INSERT INTO `ace_object_properties_bool` (`aceObjectId`, `boolPropertyId`, `propertyValue`)
VALUES (8348, 11, True);

INSERT INTO `ace_object_properties_bool` (`aceObjectId`, `boolPropertyId`, `propertyValue`)
VALUES (8348, 14, True);

INSERT INTO `ace_object_texture_map_change` (`aceObjectId`, `index`, `oldId`, `newId`)
VALUES (8348, 0, 83890928, 83890934);

INSERT INTO `ace_object_animation_change` (`aceObjectId`, `index`, `animationId`)
VALUES (8348, 0, 16781612);

INSERT INTO ace_weenie_class (`weenieClassId`, `weenieClassDescription`)
VALUES (8334, 'peatalismanbirch');

INSERT INTO `ace_object` (`aceObjectId`, `aceObjectDescriptionFlags`, `weenieClassId`, `weenieHeaderFlags`, `iconId`, `iconOverlayId`, `iconUnderlayId`, `modelTableId`, `soundTableId`, `motionTableId`, `currentMotionState`, `animationFrameId`, `physicsTableId`, `physicsDescriptionFlag`, `spellId`, `playScript`, `defaultScript`)
VALUES (8334, 2125848, 8334, 16, 100671097, NULL, NULL, 33555207, 536870932, NULL, NULL, 101, 872415275, 137345, NULL, NULL, NULL);

INSERT INTO `ace_object_properties_string` (`aceObjectId`, `strPropertyId`, `propertyValue`)
VALUES (8334, 1, 'Birch Pea');

INSERT INTO `ace_object_properties_int` (`aceObjectId`, `intPropertyId`, `propertyValue`)
VALUES (8334, 1, 4096);

INSERT INTO `ace_object_properties_int` (`aceObjectId`, `intPropertyId`, `propertyValue`)
VALUES (8334, 3, 67111919);

INSERT INTO `ace_object_properties_int` (`aceObjectId`, `intPropertyId`, `propertyValue`)
VALUES (8334, 5, 10);

INSERT INTO `ace_object_properties_int` (`aceObjectId`, `intPropertyId`, `propertyValue`)
VALUES (8334, 11, 100);

INSERT INTO `ace_object_properties_int` (`aceObjectId`, `intPropertyId`, `propertyValue`)
VALUES (8334, 12, 1);

INSERT INTO `ace_object_properties_int` (`aceObjectId`, `intPropertyId`, `propertyValue`)
VALUES (8334, 16, 1);

INSERT INTO `ace_object_properties_int` (`aceObjectId`, `intPropertyId`, `propertyValue`)
VALUES (8334, 19, 250);

INSERT INTO `ace_object_properties_double` (`aceObjectId`, `dblPropertyId`, `propertyValue`)
VALUES (8334, 39, 0.33);

INSERT INTO `ace_object_properties_int` (`aceObjectId`, `intPropertyId`, `propertyValue`)
VALUES (8334, 93, 1044);

INSERT INTO `ace_object_properties_bool` (`aceObjectId`, `boolPropertyId`, `propertyValue`)
VALUES (8334, 13, True);

INSERT INTO `ace_object_properties_bool` (`aceObjectId`, `boolPropertyId`, `propertyValue`)
VALUES (8334, 11, True);

INSERT INTO `ace_object_properties_bool` (`aceObjectId`, `boolPropertyId`, `propertyValue`)
VALUES (8334, 14, True);

INSERT INTO `ace_object_palette_change` (`aceObjectId`, `subPaletteId`, `offset`, `length`)
VALUES (8334, 67111927, 0, 0);

INSERT INTO `ace_object_texture_map_change` (`aceObjectId`, `index`, `oldId`, `newId`)
VALUES (8334, 0, 83890069, 83890069);

INSERT INTO `ace_object_animation_change` (`aceObjectId`, `index`, `animationId`)
VALUES (8334, 0, 16780687);

INSERT INTO ace_weenie_class (`weenieClassId`, `weenieClassDescription`)
VALUES (8284, 'peaherbamaranth');

INSERT INTO `ace_object` (`aceObjectId`, `aceObjectDescriptionFlags`, `weenieClassId`, `weenieHeaderFlags`, `iconId`, `iconOverlayId`, `iconUnderlayId`, `modelTableId`, `soundTableId`, `motionTableId`, `currentMotionState`, `animationFrameId`, `physicsTableId`, `physicsDescriptionFlag`, `spellId`, `playScript`, `defaultScript`)
VALUES (8284, 2125848, 8284, 16, 100671036, NULL, NULL, 33554817, 536870932, NULL, NULL, 101, 872415275, 137345, NULL, NULL, NULL);

INSERT INTO `ace_object_properties_string` (`aceObjectId`, `strPropertyId`, `propertyValue`)
VALUES (8284, 1, 'Amaranth Pea');

INSERT INTO `ace_object_properties_int` (`aceObjectId`, `intPropertyId`, `propertyValue`)
VALUES (8284, 1, 4096);

INSERT INTO `ace_object_properties_int` (`aceObjectId`, `intPropertyId`, `propertyValue`)
VALUES (8284, 5, 10);

INSERT INTO `ace_object_properties_int` (`aceObjectId`, `intPropertyId`, `propertyValue`)
VALUES (8284, 11, 100);

INSERT INTO `ace_object_properties_int` (`aceObjectId`, `intPropertyId`, `propertyValue`)
VALUES (8284, 12, 1);

INSERT INTO `ace_object_properties_int` (`aceObjectId`, `intPropertyId`, `propertyValue`)
VALUES (8284, 16, 1);

INSERT INTO `ace_object_properties_int` (`aceObjectId`, `intPropertyId`, `propertyValue`)
VALUES (8284, 19, 1250);

INSERT INTO `ace_object_properties_double` (`aceObjectId`, `dblPropertyId`, `propertyValue`)
VALUES (8284, 39, 0.33);

INSERT INTO `ace_object_properties_int` (`aceObjectId`, `intPropertyId`, `propertyValue`)
VALUES (8284, 93, 1044);

INSERT INTO `ace_object_properties_bool` (`aceObjectId`, `boolPropertyId`, `propertyValue`)
VALUES (8284, 13, True);

INSERT INTO `ace_object_properties_bool` (`aceObjectId`, `boolPropertyId`, `propertyValue`)
VALUES (8284, 11, True);

INSERT INTO `ace_object_properties_bool` (`aceObjectId`, `boolPropertyId`, `propertyValue`)
VALUES (8284, 14, True);

INSERT INTO `ace_object_texture_map_change` (`aceObjectId`, `index`, `oldId`, `newId`)
VALUES (8284, 0, 83890064, 83889696);

INSERT INTO `ace_object_animation_change` (`aceObjectId`, `index`, `animationId`)
VALUES (8284, 0, 16777882);

INSERT INTO ace_weenie_class (`weenieClassId`, `weenieClassDescription`)
VALUES (8323, 'peapowderonyx');

INSERT INTO `ace_object` (`aceObjectId`, `aceObjectDescriptionFlags`, `weenieClassId`, `weenieHeaderFlags`, `iconId`, `iconOverlayId`, `iconUnderlayId`, `modelTableId`, `soundTableId`, `motionTableId`, `currentMotionState`, `animationFrameId`, `physicsTableId`, `physicsDescriptionFlag`, `spellId`, `playScript`, `defaultScript`)
VALUES (8323, 2125848, 8323, 16, 100671067, NULL, NULL, 33555208, 536870932, NULL, NULL, 101, 872415275, 137345, NULL, NULL, NULL);

INSERT INTO `ace_object_properties_string` (`aceObjectId`, `strPropertyId`, `propertyValue`)
VALUES (8323, 1, 'Powdered Onyx Pea');

INSERT INTO `ace_object_properties_int` (`aceObjectId`, `intPropertyId`, `propertyValue`)
VALUES (8323, 1, 4096);

INSERT INTO `ace_object_properties_int` (`aceObjectId`, `intPropertyId`, `propertyValue`)
VALUES (8323, 3, 67111919);

INSERT INTO `ace_object_properties_int` (`aceObjectId`, `intPropertyId`, `propertyValue`)
VALUES (8323, 5, 10);

INSERT INTO `ace_object_properties_int` (`aceObjectId`, `intPropertyId`, `propertyValue`)
VALUES (8323, 11, 100);

INSERT INTO `ace_object_properties_int` (`aceObjectId`, `intPropertyId`, `propertyValue`)
VALUES (8323, 12, 1);

INSERT INTO `ace_object_properties_int` (`aceObjectId`, `intPropertyId`, `propertyValue`)
VALUES (8323, 16, 1);

INSERT INTO `ace_object_properties_int` (`aceObjectId`, `intPropertyId`, `propertyValue`)
VALUES (8323, 19, 625);

INSERT INTO `ace_object_properties_double` (`aceObjectId`, `dblPropertyId`, `propertyValue`)
VALUES (8323, 39, 0.33);

INSERT INTO `ace_object_properties_int` (`aceObjectId`, `intPropertyId`, `propertyValue`)
VALUES (8323, 93, 1044);

INSERT INTO `ace_object_properties_bool` (`aceObjectId`, `boolPropertyId`, `propertyValue`)
VALUES (8323, 13, True);

INSERT INTO `ace_object_properties_bool` (`aceObjectId`, `boolPropertyId`, `propertyValue`)
VALUES (8323, 11, True);

INSERT INTO `ace_object_properties_bool` (`aceObjectId`, `boolPropertyId`, `propertyValue`)
VALUES (8323, 14, True);

INSERT INTO `ace_object_palette_change` (`aceObjectId`, `subPaletteId`, `offset`, `length`)
VALUES (8323, 67111918, 0, 0);

INSERT INTO `ace_object_texture_map_change` (`aceObjectId`, `index`, `oldId`, `newId`)
VALUES (8323, 0, 83890080, 83890080);

INSERT INTO `ace_object_animation_change` (`aceObjectId`, `index`, `animationId`)
VALUES (8323, 0, 16780681);

INSERT INTO ace_weenie_class (`weenieClassId`, `weenieClassDescription`)
VALUES (8322, 'peapowdermoonstone');

INSERT INTO `ace_object` (`aceObjectId`, `aceObjectDescriptionFlags`, `weenieClassId`, `weenieHeaderFlags`, `iconId`, `iconOverlayId`, `iconUnderlayId`, `modelTableId`, `soundTableId`, `motionTableId`, `currentMotionState`, `animationFrameId`, `physicsTableId`, `physicsDescriptionFlag`, `spellId`, `playScript`, `defaultScript`)
VALUES (8322, 2125848, 8322, 16, 100671077, NULL, NULL, 33555208, 536870932, NULL, NULL, 101, 872415275, 137345, NULL, NULL, NULL);

INSERT INTO `ace_object_properties_string` (`aceObjectId`, `strPropertyId`, `propertyValue`)
VALUES (8322, 1, 'Powdered Moonstone Pea');

INSERT INTO `ace_object_properties_int` (`aceObjectId`, `intPropertyId`, `propertyValue`)
VALUES (8322, 1, 4096);

INSERT INTO `ace_object_properties_int` (`aceObjectId`, `intPropertyId`, `propertyValue`)
VALUES (8322, 3, 67111919);

INSERT INTO `ace_object_properties_int` (`aceObjectId`, `intPropertyId`, `propertyValue`)
VALUES (8322, 5, 10);

INSERT INTO `ace_object_properties_int` (`aceObjectId`, `intPropertyId`, `propertyValue`)
VALUES (8322, 11, 100);

INSERT INTO `ace_object_properties_int` (`aceObjectId`, `intPropertyId`, `propertyValue`)
VALUES (8322, 12, 1);

INSERT INTO `ace_object_properties_int` (`aceObjectId`, `intPropertyId`, `propertyValue`)
VALUES (8322, 16, 1);

INSERT INTO `ace_object_properties_int` (`aceObjectId`, `intPropertyId`, `propertyValue`)
VALUES (8322, 19, 625);

INSERT INTO `ace_object_properties_double` (`aceObjectId`, `dblPropertyId`, `propertyValue`)
VALUES (8322, 39, 0.33);

INSERT INTO `ace_object_properties_int` (`aceObjectId`, `intPropertyId`, `propertyValue`)
VALUES (8322, 93, 1044);

INSERT INTO `ace_object_properties_bool` (`aceObjectId`, `boolPropertyId`, `propertyValue`)
VALUES (8322, 13, True);

INSERT INTO `ace_object_properties_bool` (`aceObjectId`, `boolPropertyId`, `propertyValue`)
VALUES (8322, 11, True);

INSERT INTO `ace_object_properties_bool` (`aceObjectId`, `boolPropertyId`, `propertyValue`)
VALUES (8322, 14, True);

INSERT INTO `ace_object_palette_change` (`aceObjectId`, `subPaletteId`, `offset`, `length`)
VALUES (8322, 67111927, 0, 0);

INSERT INTO `ace_object_texture_map_change` (`aceObjectId`, `index`, `oldId`, `newId`)
VALUES (8322, 0, 83890080, 83890080);

INSERT INTO `ace_object_animation_change` (`aceObjectId`, `index`, `animationId`)
VALUES (8322, 0, 16780681);

INSERT INTO ace_weenie_class (`weenieClassId`, `weenieClassDescription`)
VALUES (8342, 'peatalismanpoplar');

INSERT INTO `ace_object` (`aceObjectId`, `aceObjectDescriptionFlags`, `weenieClassId`, `weenieHeaderFlags`, `iconId`, `iconOverlayId`, `iconUnderlayId`, `modelTableId`, `soundTableId`, `motionTableId`, `currentMotionState`, `animationFrameId`, `physicsTableId`, `physicsDescriptionFlag`, `spellId`, `playScript`, `defaultScript`)
VALUES (8342, 2125848, 8342, 16, 100671088, NULL, NULL, 33555207, 536870932, NULL, NULL, 101, 872415275, 137345, NULL, NULL, NULL);

INSERT INTO `ace_object_properties_string` (`aceObjectId`, `strPropertyId`, `propertyValue`)
VALUES (8342, 1, 'Poplar Pea');

INSERT INTO `ace_object_properties_int` (`aceObjectId`, `intPropertyId`, `propertyValue`)
VALUES (8342, 1, 4096);

INSERT INTO `ace_object_properties_int` (`aceObjectId`, `intPropertyId`, `propertyValue`)
VALUES (8342, 3, 67111919);

INSERT INTO `ace_object_properties_int` (`aceObjectId`, `intPropertyId`, `propertyValue`)
VALUES (8342, 5, 10);

INSERT INTO `ace_object_properties_int` (`aceObjectId`, `intPropertyId`, `propertyValue`)
VALUES (8342, 11, 100);

INSERT INTO `ace_object_properties_int` (`aceObjectId`, `intPropertyId`, `propertyValue`)
VALUES (8342, 12, 1);

INSERT INTO `ace_object_properties_int` (`aceObjectId`, `intPropertyId`, `propertyValue`)
VALUES (8342, 16, 1);

INSERT INTO `ace_object_properties_int` (`aceObjectId`, `intPropertyId`, `propertyValue`)
VALUES (8342, 19, 250);

INSERT INTO `ace_object_properties_double` (`aceObjectId`, `dblPropertyId`, `propertyValue`)
VALUES (8342, 39, 0.33);

INSERT INTO `ace_object_properties_int` (`aceObjectId`, `intPropertyId`, `propertyValue`)
VALUES (8342, 93, 1044);

INSERT INTO `ace_object_properties_bool` (`aceObjectId`, `boolPropertyId`, `propertyValue`)
VALUES (8342, 13, True);

INSERT INTO `ace_object_properties_bool` (`aceObjectId`, `boolPropertyId`, `propertyValue`)
VALUES (8342, 11, True);

INSERT INTO `ace_object_properties_bool` (`aceObjectId`, `boolPropertyId`, `propertyValue`)
VALUES (8342, 14, True);

INSERT INTO `ace_object_palette_change` (`aceObjectId`, `subPaletteId`, `offset`, `length`)
VALUES (8342, 67111920, 0, 0);

INSERT INTO `ace_object_texture_map_change` (`aceObjectId`, `index`, `oldId`, `newId`)
VALUES (8342, 0, 83890069, 83890069);

INSERT INTO `ace_object_animation_change` (`aceObjectId`, `index`, `animationId`)
VALUES (8342, 0, 16780687);

INSERT INTO ace_weenie_class (`weenieClassId`, `weenieClassDescription`)
VALUES (8288, 'peaherbdragonsblood');

INSERT INTO `ace_object` (`aceObjectId`, `aceObjectDescriptionFlags`, `weenieClassId`, `weenieHeaderFlags`, `iconId`, `iconOverlayId`, `iconUnderlayId`, `modelTableId`, `soundTableId`, `motionTableId`, `currentMotionState`, `animationFrameId`, `physicsTableId`, `physicsDescriptionFlag`, `spellId`, `playScript`, `defaultScript`)
VALUES (8288, 2125848, 8288, 16, 100671045, NULL, NULL, 33554817, 536870932, NULL, NULL, 101, 872415275, 137345, NULL, NULL, NULL);

INSERT INTO `ace_object_properties_string` (`aceObjectId`, `strPropertyId`, `propertyValue`)
VALUES (8288, 1, 'Dragonsblood Pea');

INSERT INTO `ace_object_properties_int` (`aceObjectId`, `intPropertyId`, `propertyValue`)
VALUES (8288, 1, 4096);

INSERT INTO `ace_object_properties_int` (`aceObjectId`, `intPropertyId`, `propertyValue`)
VALUES (8288, 5, 10);

INSERT INTO `ace_object_properties_int` (`aceObjectId`, `intPropertyId`, `propertyValue`)
VALUES (8288, 11, 100);

INSERT INTO `ace_object_properties_int` (`aceObjectId`, `intPropertyId`, `propertyValue`)
VALUES (8288, 12, 1);

INSERT INTO `ace_object_properties_int` (`aceObjectId`, `intPropertyId`, `propertyValue`)
VALUES (8288, 16, 1);

INSERT INTO `ace_object_properties_int` (`aceObjectId`, `intPropertyId`, `propertyValue`)
VALUES (8288, 19, 1250);

INSERT INTO `ace_object_properties_double` (`aceObjectId`, `dblPropertyId`, `propertyValue`)
VALUES (8288, 39, 0.33);

INSERT INTO `ace_object_properties_int` (`aceObjectId`, `intPropertyId`, `propertyValue`)
VALUES (8288, 93, 1044);

INSERT INTO `ace_object_properties_bool` (`aceObjectId`, `boolPropertyId`, `propertyValue`)
VALUES (8288, 13, True);

INSERT INTO `ace_object_properties_bool` (`aceObjectId`, `boolPropertyId`, `propertyValue`)
VALUES (8288, 11, True);

INSERT INTO `ace_object_properties_bool` (`aceObjectId`, `boolPropertyId`, `propertyValue`)
VALUES (8288, 14, True);

INSERT INTO `ace_object_texture_map_change` (`aceObjectId`, `index`, `oldId`, `newId`)
VALUES (8288, 0, 83890064, 83889696);

INSERT INTO `ace_object_animation_change` (`aceObjectId`, `index`, `animationId`)
VALUES (8288, 0, 16777882);

INSERT INTO ace_weenie_class (`weenieClassId`, `weenieClassDescription`)
VALUES (8349, 'peatapergrey');

INSERT INTO `ace_object` (`aceObjectId`, `aceObjectDescriptionFlags`, `weenieClassId`, `weenieHeaderFlags`, `iconId`, `iconOverlayId`, `iconUnderlayId`, `modelTableId`, `soundTableId`, `motionTableId`, `currentMotionState`, `animationFrameId`, `physicsTableId`, `physicsDescriptionFlag`, `spellId`, `playScript`, `defaultScript`)
VALUES (8349, 2125848, 8349, 16, 100671105, NULL, NULL, 33555445, 536870932, NULL, NULL, 101, 872415275, 137345, NULL, NULL, NULL);

INSERT INTO `ace_object_properties_string` (`aceObjectId`, `strPropertyId`, `propertyValue`)
VALUES (8349, 1, 'Grey Pea');

INSERT INTO `ace_object_properties_int` (`aceObjectId`, `intPropertyId`, `propertyValue`)
VALUES (8349, 1, 4096);

INSERT INTO `ace_object_properties_int` (`aceObjectId`, `intPropertyId`, `propertyValue`)
VALUES (8349, 5, 10);

INSERT INTO `ace_object_properties_int` (`aceObjectId`, `intPropertyId`, `propertyValue`)
VALUES (8349, 11, 100);

INSERT INTO `ace_object_properties_int` (`aceObjectId`, `intPropertyId`, `propertyValue`)
VALUES (8349, 12, 1);

INSERT INTO `ace_object_properties_int` (`aceObjectId`, `intPropertyId`, `propertyValue`)
VALUES (8349, 16, 1);

INSERT INTO `ace_object_properties_int` (`aceObjectId`, `intPropertyId`, `propertyValue`)
VALUES (8349, 19, 3125);

INSERT INTO `ace_object_properties_double` (`aceObjectId`, `dblPropertyId`, `propertyValue`)
VALUES (8349, 39, 0.33);

INSERT INTO `ace_object_properties_int` (`aceObjectId`, `intPropertyId`, `propertyValue`)
VALUES (8349, 93, 1044);

INSERT INTO `ace_object_properties_bool` (`aceObjectId`, `boolPropertyId`, `propertyValue`)
VALUES (8349, 13, True);

INSERT INTO `ace_object_properties_bool` (`aceObjectId`, `boolPropertyId`, `propertyValue`)
VALUES (8349, 11, True);

INSERT INTO `ace_object_properties_bool` (`aceObjectId`, `boolPropertyId`, `propertyValue`)
VALUES (8349, 14, True);

INSERT INTO `ace_object_texture_map_change` (`aceObjectId`, `index`, `oldId`, `newId`)
VALUES (8349, 0, 83890928, 83890929);

INSERT INTO `ace_object_animation_change` (`aceObjectId`, `index`, `animationId`)
VALUES (8349, 0, 16781612);

INSERT INTO ace_weenie_class (`weenieClassId`, `weenieClassDescription`)
VALUES (787, 'lapislazul');

INSERT INTO `ace_object` (`aceObjectId`, `aceObjectDescriptionFlags`, `weenieClassId`, `weenieHeaderFlags`, `iconId`, `iconOverlayId`, `iconUnderlayId`, `modelTableId`, `soundTableId`, `motionTableId`, `currentMotionState`, `animationFrameId`, `physicsTableId`, `physicsDescriptionFlag`, `spellId`, `playScript`, `defaultScript`)
VALUES (787, 2125849, 787, 16, 100669702, NULL, NULL, 33555208, 536870932, NULL, NULL, 101, 872415275, 137217, NULL, NULL, NULL);

INSERT INTO `ace_object_properties_string` (`aceObjectId`, `strPropertyId`, `propertyValue`)
VALUES (787, 1, 'Powdered Lapis Lazuli');

INSERT INTO `ace_object_properties_int` (`aceObjectId`, `intPropertyId`, `propertyValue`)
VALUES (787, 1, 4096);

INSERT INTO `ace_object_properties_int` (`aceObjectId`, `intPropertyId`, `propertyValue`)
VALUES (787, 3, 67111919);

INSERT INTO `ace_object_properties_int` (`aceObjectId`, `intPropertyId`, `propertyValue`)
VALUES (787, 5, 160);

INSERT INTO `ace_object_properties_int` (`aceObjectId`, `intPropertyId`, `propertyValue`)
VALUES (787, 11, 100);

INSERT INTO `ace_object_properties_int` (`aceObjectId`, `intPropertyId`, `propertyValue`)
VALUES (787, 12, 40);

INSERT INTO `ace_object_properties_int` (`aceObjectId`, `intPropertyId`, `propertyValue`)
VALUES (787, 16, 1);

INSERT INTO `ace_object_properties_int` (`aceObjectId`, `intPropertyId`, `propertyValue`)
VALUES (787, 19, 200);

INSERT INTO `ace_object_properties_string` (`aceObjectId`, `strPropertyId`, `propertyValue`)
VALUES (787, 20, 'Powdered Lapis Lazulis');

INSERT INTO `ace_object_properties_int` (`aceObjectId`, `intPropertyId`, `propertyValue`)
VALUES (787, 93, 1044);

INSERT INTO `ace_object_properties_bool` (`aceObjectId`, `boolPropertyId`, `propertyValue`)
VALUES (787, 13, True);

INSERT INTO `ace_object_properties_bool` (`aceObjectId`, `boolPropertyId`, `propertyValue`)
VALUES (787, 11, True);

INSERT INTO `ace_object_properties_bool` (`aceObjectId`, `boolPropertyId`, `propertyValue`)
VALUES (787, 14, True);

INSERT INTO `ace_object_palette_change` (`aceObjectId`, `subPaletteId`, `offset`, `length`)
VALUES (787, 67111919, 0, 0);

INSERT INTO `ace_object_texture_map_change` (`aceObjectId`, `index`, `oldId`, `newId`)
VALUES (787, 0, 83890080, 83890080);

INSERT INTO `ace_object_animation_change` (`aceObjectId`, `index`, `animationId`)
VALUES (787, 0, 16780681);

INSERT INTO ace_weenie_class (`weenieClassId`, `weenieClassDescription`)
VALUES (8301, 'peaherbyarrow');

INSERT INTO `ace_object` (`aceObjectId`, `aceObjectDescriptionFlags`, `weenieClassId`, `weenieHeaderFlags`, `iconId`, `iconOverlayId`, `iconUnderlayId`, `modelTableId`, `soundTableId`, `motionTableId`, `currentMotionState`, `animationFrameId`, `physicsTableId`, `physicsDescriptionFlag`, `spellId`, `playScript`, `defaultScript`)
VALUES (8301, 2125848, 8301, 16, 100671115, NULL, NULL, 33554817, 536870932, NULL, NULL, 101, 872415275, 137345, NULL, NULL, NULL);

INSERT INTO `ace_object_properties_string` (`aceObjectId`, `strPropertyId`, `propertyValue`)
VALUES (8301, 1, 'Yarrow Pea');

INSERT INTO `ace_object_properties_int` (`aceObjectId`, `intPropertyId`, `propertyValue`)
VALUES (8301, 1, 4096);

INSERT INTO `ace_object_properties_int` (`aceObjectId`, `intPropertyId`, `propertyValue`)
VALUES (8301, 5, 40);

INSERT INTO `ace_object_properties_int` (`aceObjectId`, `intPropertyId`, `propertyValue`)
VALUES (8301, 11, 100);

INSERT INTO `ace_object_properties_int` (`aceObjectId`, `intPropertyId`, `propertyValue`)
VALUES (8301, 12, 4);

INSERT INTO `ace_object_properties_int` (`aceObjectId`, `intPropertyId`, `propertyValue`)
VALUES (8301, 16, 1);

INSERT INTO `ace_object_properties_int` (`aceObjectId`, `intPropertyId`, `propertyValue`)
VALUES (8301, 19, 5000);

INSERT INTO `ace_object_properties_double` (`aceObjectId`, `dblPropertyId`, `propertyValue`)
VALUES (8301, 39, 0.33);

INSERT INTO `ace_object_properties_int` (`aceObjectId`, `intPropertyId`, `propertyValue`)
VALUES (8301, 93, 1044);

INSERT INTO `ace_object_properties_bool` (`aceObjectId`, `boolPropertyId`, `propertyValue`)
VALUES (8301, 13, True);

INSERT INTO `ace_object_properties_bool` (`aceObjectId`, `boolPropertyId`, `propertyValue`)
VALUES (8301, 11, True);

INSERT INTO `ace_object_properties_bool` (`aceObjectId`, `boolPropertyId`, `propertyValue`)
VALUES (8301, 14, True);

INSERT INTO `ace_object_texture_map_change` (`aceObjectId`, `index`, `oldId`, `newId`)
VALUES (8301, 0, 83890064, 83889696);

INSERT INTO `ace_object_animation_change` (`aceObjectId`, `index`, `animationId`)
VALUES (8301, 0, 16777882);

INSERT INTO ace_weenie_class (`weenieClassId`, `weenieClassDescription`)
VALUES (8335, 'peatalismanblackthorn');

INSERT INTO `ace_object` (`aceObjectId`, `aceObjectDescriptionFlags`, `weenieClassId`, `weenieHeaderFlags`, `iconId`, `iconOverlayId`, `iconUnderlayId`, `modelTableId`, `soundTableId`, `motionTableId`, `currentMotionState`, `animationFrameId`, `physicsTableId`, `physicsDescriptionFlag`, `spellId`, `playScript`, `defaultScript`)
VALUES (8335, 2125848, 8335, 16, 100671087, NULL, NULL, 33555207, 536870932, NULL, NULL, 101, 872415275, 137345, NULL, NULL, NULL);

INSERT INTO `ace_object_properties_string` (`aceObjectId`, `strPropertyId`, `propertyValue`)
VALUES (8335, 1, 'Blackthorn Pea');

INSERT INTO `ace_object_properties_int` (`aceObjectId`, `intPropertyId`, `propertyValue`)
VALUES (8335, 1, 4096);

INSERT INTO `ace_object_properties_int` (`aceObjectId`, `intPropertyId`, `propertyValue`)
VALUES (8335, 3, 67111919);

INSERT INTO `ace_object_properties_int` (`aceObjectId`, `intPropertyId`, `propertyValue`)
VALUES (8335, 5, 30);

INSERT INTO `ace_object_properties_int` (`aceObjectId`, `intPropertyId`, `propertyValue`)
VALUES (8335, 11, 100);

INSERT INTO `ace_object_properties_int` (`aceObjectId`, `intPropertyId`, `propertyValue`)
VALUES (8335, 12, 3);

INSERT INTO `ace_object_properties_int` (`aceObjectId`, `intPropertyId`, `propertyValue`)
VALUES (8335, 16, 1);

INSERT INTO `ace_object_properties_int` (`aceObjectId`, `intPropertyId`, `propertyValue`)
VALUES (8335, 19, 750);

INSERT INTO `ace_object_properties_double` (`aceObjectId`, `dblPropertyId`, `propertyValue`)
VALUES (8335, 39, 0.33);

INSERT INTO `ace_object_properties_int` (`aceObjectId`, `intPropertyId`, `propertyValue`)
VALUES (8335, 93, 1044);

INSERT INTO `ace_object_properties_bool` (`aceObjectId`, `boolPropertyId`, `propertyValue`)
VALUES (8335, 13, True);

INSERT INTO `ace_object_properties_bool` (`aceObjectId`, `boolPropertyId`, `propertyValue`)
VALUES (8335, 11, True);

INSERT INTO `ace_object_properties_bool` (`aceObjectId`, `boolPropertyId`, `propertyValue`)
VALUES (8335, 14, True);

INSERT INTO `ace_object_palette_change` (`aceObjectId`, `subPaletteId`, `offset`, `length`)
VALUES (8335, 67111919, 0, 0);

INSERT INTO `ace_object_texture_map_change` (`aceObjectId`, `index`, `oldId`, `newId`)
VALUES (8335, 0, 83890069, 83890069);

INSERT INTO `ace_object_animation_change` (`aceObjectId`, `index`, `animationId`)
VALUES (8335, 0, 16780687);

INSERT INTO ace_weenie_class (`weenieClassId`, `weenieClassDescription`)
VALUES (8340, 'peatalismanhemlock');

INSERT INTO `ace_object` (`aceObjectId`, `aceObjectDescriptionFlags`, `weenieClassId`, `weenieHeaderFlags`, `iconId`, `iconOverlayId`, `iconUnderlayId`, `modelTableId`, `soundTableId`, `motionTableId`, `currentMotionState`, `animationFrameId`, `physicsTableId`, `physicsDescriptionFlag`, `spellId`, `playScript`, `defaultScript`)
VALUES (8340, 2125848, 8340, 16, 100671093, NULL, NULL, 33555207, 536870932, NULL, NULL, 101, 872415275, 137345, NULL, NULL, NULL);

INSERT INTO `ace_object_properties_string` (`aceObjectId`, `strPropertyId`, `propertyValue`)
VALUES (8340, 1, 'Hemlock Pea');

INSERT INTO `ace_object_properties_int` (`aceObjectId`, `intPropertyId`, `propertyValue`)
VALUES (8340, 1, 4096);

INSERT INTO `ace_object_properties_int` (`aceObjectId`, `intPropertyId`, `propertyValue`)
VALUES (8340, 3, 67111919);

INSERT INTO `ace_object_properties_int` (`aceObjectId`, `intPropertyId`, `propertyValue`)
VALUES (8340, 5, 60);

INSERT INTO `ace_object_properties_int` (`aceObjectId`, `intPropertyId`, `propertyValue`)
VALUES (8340, 11, 100);

INSERT INTO `ace_object_properties_int` (`aceObjectId`, `intPropertyId`, `propertyValue`)
VALUES (8340, 12, 6);

INSERT INTO `ace_object_properties_int` (`aceObjectId`, `intPropertyId`, `propertyValue`)
VALUES (8340, 16, 1);

INSERT INTO `ace_object_properties_int` (`aceObjectId`, `intPropertyId`, `propertyValue`)
VALUES (8340, 19, 1500);

INSERT INTO `ace_object_properties_double` (`aceObjectId`, `dblPropertyId`, `propertyValue`)
VALUES (8340, 39, 0.33);

INSERT INTO `ace_object_properties_int` (`aceObjectId`, `intPropertyId`, `propertyValue`)
VALUES (8340, 93, 1044);

INSERT INTO `ace_object_properties_bool` (`aceObjectId`, `boolPropertyId`, `propertyValue`)
VALUES (8340, 13, True);

INSERT INTO `ace_object_properties_bool` (`aceObjectId`, `boolPropertyId`, `propertyValue`)
VALUES (8340, 11, True);

INSERT INTO `ace_object_properties_bool` (`aceObjectId`, `boolPropertyId`, `propertyValue`)
VALUES (8340, 14, True);

INSERT INTO `ace_object_palette_change` (`aceObjectId`, `subPaletteId`, `offset`, `length`)
VALUES (8340, 67111921, 0, 0);

INSERT INTO `ace_object_texture_map_change` (`aceObjectId`, `index`, `oldId`, `newId`)
VALUES (8340, 0, 83890069, 83890069);

INSERT INTO `ace_object_animation_change` (`aceObjectId`, `index`, `animationId`)
VALUES (8340, 0, 16780687);

INSERT INTO ace_weenie_class (`weenieClassId`, `weenieClassDescription`)
VALUES (8339, 'peatalismanhazel');

INSERT INTO `ace_object` (`aceObjectId`, `aceObjectDescriptionFlags`, `weenieClassId`, `weenieHeaderFlags`, `iconId`, `iconOverlayId`, `iconUnderlayId`, `modelTableId`, `soundTableId`, `motionTableId`, `currentMotionState`, `animationFrameId`, `physicsTableId`, `physicsDescriptionFlag`, `spellId`, `playScript`, `defaultScript`)
VALUES (8339, 2125848, 8339, 16, 100671089, NULL, NULL, 33555207, 536870932, NULL, NULL, 101, 872415275, 137345, NULL, NULL, NULL);

INSERT INTO `ace_object_properties_string` (`aceObjectId`, `strPropertyId`, `propertyValue`)
VALUES (8339, 1, 'Hazel Pea');

INSERT INTO `ace_object_properties_int` (`aceObjectId`, `intPropertyId`, `propertyValue`)
VALUES (8339, 1, 4096);

INSERT INTO `ace_object_properties_int` (`aceObjectId`, `intPropertyId`, `propertyValue`)
VALUES (8339, 5, 70);

INSERT INTO `ace_object_properties_int` (`aceObjectId`, `intPropertyId`, `propertyValue`)
VALUES (8339, 11, 100);

INSERT INTO `ace_object_properties_int` (`aceObjectId`, `intPropertyId`, `propertyValue`)
VALUES (8339, 12, 7);

INSERT INTO `ace_object_properties_int` (`aceObjectId`, `intPropertyId`, `propertyValue`)
VALUES (8339, 16, 1);

INSERT INTO `ace_object_properties_int` (`aceObjectId`, `intPropertyId`, `propertyValue`)
VALUES (8339, 19, 1750);

INSERT INTO `ace_object_properties_double` (`aceObjectId`, `dblPropertyId`, `propertyValue`)
VALUES (8339, 39, 0.33);

INSERT INTO `ace_object_properties_int` (`aceObjectId`, `intPropertyId`, `propertyValue`)
VALUES (8339, 93, 1044);

INSERT INTO `ace_object_properties_bool` (`aceObjectId`, `boolPropertyId`, `propertyValue`)
VALUES (8339, 13, True);

INSERT INTO `ace_object_properties_bool` (`aceObjectId`, `boolPropertyId`, `propertyValue`)
VALUES (8339, 11, True);

INSERT INTO `ace_object_properties_bool` (`aceObjectId`, `boolPropertyId`, `propertyValue`)
VALUES (8339, 14, True);

INSERT INTO `ace_object_texture_map_change` (`aceObjectId`, `index`, `oldId`, `newId`)
VALUES (8339, 0, 83890069, 83890069);

INSERT INTO `ace_object_animation_change` (`aceObjectId`, `index`, `animationId`)
VALUES (8339, 0, 16780687);

INSERT INTO ace_weenie_class (`weenieClassId`, `weenieClassDescription`)
VALUES (8338, 'peatalismanelder');

INSERT INTO `ace_object` (`aceObjectId`, `aceObjectDescriptionFlags`, `weenieClassId`, `weenieHeaderFlags`, `iconId`, `iconOverlayId`, `iconUnderlayId`, `modelTableId`, `soundTableId`, `motionTableId`, `currentMotionState`, `animationFrameId`, `physicsTableId`, `physicsDescriptionFlag`, `spellId`, `playScript`, `defaultScript`)
VALUES (8338, 2125848, 8338, 16, 100671094, NULL, NULL, 33555207, 536870932, NULL, NULL, 101, 872415275, 137345, NULL, NULL, NULL);

INSERT INTO `ace_object_properties_string` (`aceObjectId`, `strPropertyId`, `propertyValue`)
VALUES (8338, 1, 'Elder Pea');

INSERT INTO `ace_object_properties_int` (`aceObjectId`, `intPropertyId`, `propertyValue`)
VALUES (8338, 1, 4096);

INSERT INTO `ace_object_properties_int` (`aceObjectId`, `intPropertyId`, `propertyValue`)
VALUES (8338, 3, 67111919);

INSERT INTO `ace_object_properties_int` (`aceObjectId`, `intPropertyId`, `propertyValue`)
VALUES (8338, 5, 80);

INSERT INTO `ace_object_properties_int` (`aceObjectId`, `intPropertyId`, `propertyValue`)
VALUES (8338, 11, 100);

INSERT INTO `ace_object_properties_int` (`aceObjectId`, `intPropertyId`, `propertyValue`)
VALUES (8338, 12, 8);

INSERT INTO `ace_object_properties_int` (`aceObjectId`, `intPropertyId`, `propertyValue`)
VALUES (8338, 16, 1);

INSERT INTO `ace_object_properties_int` (`aceObjectId`, `intPropertyId`, `propertyValue`)
VALUES (8338, 19, 2000);

INSERT INTO `ace_object_properties_double` (`aceObjectId`, `dblPropertyId`, `propertyValue`)
VALUES (8338, 39, 0.33);

INSERT INTO `ace_object_properties_int` (`aceObjectId`, `intPropertyId`, `propertyValue`)
VALUES (8338, 93, 1044);

INSERT INTO `ace_object_properties_bool` (`aceObjectId`, `boolPropertyId`, `propertyValue`)
VALUES (8338, 13, True);

INSERT INTO `ace_object_properties_bool` (`aceObjectId`, `boolPropertyId`, `propertyValue`)
VALUES (8338, 11, True);

INSERT INTO `ace_object_properties_bool` (`aceObjectId`, `boolPropertyId`, `propertyValue`)
VALUES (8338, 14, True);

INSERT INTO `ace_object_palette_change` (`aceObjectId`, `subPaletteId`, `offset`, `length`)
VALUES (8338, 67111921, 0, 0);

INSERT INTO `ace_object_texture_map_change` (`aceObjectId`, `index`, `oldId`, `newId`)
VALUES (8338, 0, 83890069, 83890069);

INSERT INTO `ace_object_animation_change` (`aceObjectId`, `index`, `animationId`)
VALUES (8338, 0, 16780687);

INSERT INTO ace_weenie_class (`weenieClassId`, `weenieClassDescription`)
VALUES (8287, 'peaherbdamiana');

INSERT INTO `ace_object` (`aceObjectId`, `aceObjectDescriptionFlags`, `weenieClassId`, `weenieHeaderFlags`, `iconId`, `iconOverlayId`, `iconUnderlayId`, `modelTableId`, `soundTableId`, `motionTableId`, `currentMotionState`, `animationFrameId`, `physicsTableId`, `physicsDescriptionFlag`, `spellId`, `playScript`, `defaultScript`)
VALUES (8287, 2125848, 8287, 16, 100671044, NULL, NULL, 33554817, 536870932, NULL, NULL, 101, 872415275, 137345, NULL, NULL, NULL);

INSERT INTO `ace_object_properties_string` (`aceObjectId`, `strPropertyId`, `propertyValue`)
VALUES (8287, 1, 'Damiana Pea');

INSERT INTO `ace_object_properties_int` (`aceObjectId`, `intPropertyId`, `propertyValue`)
VALUES (8287, 1, 4096);

INSERT INTO `ace_object_properties_int` (`aceObjectId`, `intPropertyId`, `propertyValue`)
VALUES (8287, 5, 50);

INSERT INTO `ace_object_properties_int` (`aceObjectId`, `intPropertyId`, `propertyValue`)
VALUES (8287, 11, 100);

INSERT INTO `ace_object_properties_int` (`aceObjectId`, `intPropertyId`, `propertyValue`)
VALUES (8287, 12, 5);

INSERT INTO `ace_object_properties_int` (`aceObjectId`, `intPropertyId`, `propertyValue`)
VALUES (8287, 16, 1);

INSERT INTO `ace_object_properties_int` (`aceObjectId`, `intPropertyId`, `propertyValue`)
VALUES (8287, 19, 6250);

INSERT INTO `ace_object_properties_double` (`aceObjectId`, `dblPropertyId`, `propertyValue`)
VALUES (8287, 39, 0.33);

INSERT INTO `ace_object_properties_int` (`aceObjectId`, `intPropertyId`, `propertyValue`)
VALUES (8287, 93, 1044);

INSERT INTO `ace_object_properties_bool` (`aceObjectId`, `boolPropertyId`, `propertyValue`)
VALUES (8287, 13, True);

INSERT INTO `ace_object_properties_bool` (`aceObjectId`, `boolPropertyId`, `propertyValue`)
VALUES (8287, 11, True);

INSERT INTO `ace_object_properties_bool` (`aceObjectId`, `boolPropertyId`, `propertyValue`)
VALUES (8287, 14, True);

INSERT INTO `ace_object_texture_map_change` (`aceObjectId`, `index`, `oldId`, `newId`)
VALUES (8287, 0, 83890064, 83889696);

INSERT INTO `ace_object_animation_change` (`aceObjectId`, `index`, `animationId`)
VALUES (8287, 0, 16777882);

INSERT INTO ace_weenie_class (`weenieClassId`, `weenieClassDescription`)
VALUES (8337, 'peatalismanebony');

INSERT INTO `ace_object` (`aceObjectId`, `aceObjectDescriptionFlags`, `weenieClassId`, `weenieHeaderFlags`, `iconId`, `iconOverlayId`, `iconUnderlayId`, `modelTableId`, `soundTableId`, `motionTableId`, `currentMotionState`, `animationFrameId`, `physicsTableId`, `physicsDescriptionFlag`, `spellId`, `playScript`, `defaultScript`)
VALUES (8337, 2125848, 8337, 16, 100671092, NULL, NULL, 33555207, 536870932, NULL, NULL, 101, 872415275, 137345, NULL, NULL, NULL);

INSERT INTO `ace_object_properties_string` (`aceObjectId`, `strPropertyId`, `propertyValue`)
VALUES (8337, 1, 'Ebony Pea');

INSERT INTO `ace_object_properties_int` (`aceObjectId`, `intPropertyId`, `propertyValue`)
VALUES (8337, 1, 4096);

INSERT INTO `ace_object_properties_int` (`aceObjectId`, `intPropertyId`, `propertyValue`)
VALUES (8337, 3, 67111919);

INSERT INTO `ace_object_properties_int` (`aceObjectId`, `intPropertyId`, `propertyValue`)
VALUES (8337, 5, 50);

INSERT INTO `ace_object_properties_int` (`aceObjectId`, `intPropertyId`, `propertyValue`)
VALUES (8337, 11, 100);

INSERT INTO `ace_object_properties_int` (`aceObjectId`, `intPropertyId`, `propertyValue`)
VALUES (8337, 12, 5);

INSERT INTO `ace_object_properties_int` (`aceObjectId`, `intPropertyId`, `propertyValue`)
VALUES (8337, 16, 1);

INSERT INTO `ace_object_properties_int` (`aceObjectId`, `intPropertyId`, `propertyValue`)
VALUES (8337, 19, 1250);

INSERT INTO `ace_object_properties_double` (`aceObjectId`, `dblPropertyId`, `propertyValue`)
VALUES (8337, 39, 0.33);

INSERT INTO `ace_object_properties_int` (`aceObjectId`, `intPropertyId`, `propertyValue`)
VALUES (8337, 93, 1044);

INSERT INTO `ace_object_properties_bool` (`aceObjectId`, `boolPropertyId`, `propertyValue`)
VALUES (8337, 13, True);

INSERT INTO `ace_object_properties_bool` (`aceObjectId`, `boolPropertyId`, `propertyValue`)
VALUES (8337, 11, True);

INSERT INTO `ace_object_properties_bool` (`aceObjectId`, `boolPropertyId`, `propertyValue`)
VALUES (8337, 14, True);

INSERT INTO `ace_object_palette_change` (`aceObjectId`, `subPaletteId`, `offset`, `length`)
VALUES (8337, 67111921, 0, 0);

INSERT INTO `ace_object_texture_map_change` (`aceObjectId`, `index`, `oldId`, `newId`)
VALUES (8337, 0, 83890069, 83890069);

INSERT INTO `ace_object_animation_change` (`aceObjectId`, `index`, `animationId`)
VALUES (8337, 0, 16780687);

INSERT INTO ace_weenie_class (`weenieClassId`, `weenieClassDescription`)
VALUES (8341, 'peatalismanoak');

INSERT INTO `ace_object` (`aceObjectId`, `aceObjectDescriptionFlags`, `weenieClassId`, `weenieHeaderFlags`, `iconId`, `iconOverlayId`, `iconUnderlayId`, `modelTableId`, `soundTableId`, `motionTableId`, `currentMotionState`, `animationFrameId`, `physicsTableId`, `physicsDescriptionFlag`, `spellId`, `playScript`, `defaultScript`)
VALUES (8341, 2125848, 8341, 16, 100671096, NULL, NULL, 33555207, 536870932, NULL, NULL, 101, 872415275, 137345, NULL, NULL, NULL);

INSERT INTO `ace_object_properties_string` (`aceObjectId`, `strPropertyId`, `propertyValue`)
VALUES (8341, 1, 'Oak Pea');

INSERT INTO `ace_object_properties_int` (`aceObjectId`, `intPropertyId`, `propertyValue`)
VALUES (8341, 1, 4096);

INSERT INTO `ace_object_properties_int` (`aceObjectId`, `intPropertyId`, `propertyValue`)
VALUES (8341, 3, 67111919);

INSERT INTO `ace_object_properties_int` (`aceObjectId`, `intPropertyId`, `propertyValue`)
VALUES (8341, 5, 50);

INSERT INTO `ace_object_properties_int` (`aceObjectId`, `intPropertyId`, `propertyValue`)
VALUES (8341, 11, 100);

INSERT INTO `ace_object_properties_int` (`aceObjectId`, `intPropertyId`, `propertyValue`)
VALUES (8341, 12, 5);

INSERT INTO `ace_object_properties_int` (`aceObjectId`, `intPropertyId`, `propertyValue`)
VALUES (8341, 16, 1);

INSERT INTO `ace_object_properties_int` (`aceObjectId`, `intPropertyId`, `propertyValue`)
VALUES (8341, 19, 1250);

INSERT INTO `ace_object_properties_double` (`aceObjectId`, `dblPropertyId`, `propertyValue`)
VALUES (8341, 39, 0.33);

INSERT INTO `ace_object_properties_int` (`aceObjectId`, `intPropertyId`, `propertyValue`)
VALUES (8341, 93, 1044);

INSERT INTO `ace_object_properties_bool` (`aceObjectId`, `boolPropertyId`, `propertyValue`)
VALUES (8341, 13, True);

INSERT INTO `ace_object_properties_bool` (`aceObjectId`, `boolPropertyId`, `propertyValue`)
VALUES (8341, 11, True);

INSERT INTO `ace_object_properties_bool` (`aceObjectId`, `boolPropertyId`, `propertyValue`)
VALUES (8341, 14, True);

INSERT INTO `ace_object_palette_change` (`aceObjectId`, `subPaletteId`, `offset`, `length`)
VALUES (8341, 67111923, 0, 0);

INSERT INTO `ace_object_texture_map_change` (`aceObjectId`, `index`, `oldId`, `newId`)
VALUES (8341, 0, 83890069, 83890069);

INSERT INTO `ace_object_animation_change` (`aceObjectId`, `index`, `animationId`)
VALUES (8341, 0, 16780687);

INSERT INTO ace_weenie_class (`weenieClassId`, `weenieClassDescription`)
VALUES (8321, 'peapowdermalachite');

INSERT INTO `ace_object` (`aceObjectId`, `aceObjectDescriptionFlags`, `weenieClassId`, `weenieHeaderFlags`, `iconId`, `iconOverlayId`, `iconUnderlayId`, `modelTableId`, `soundTableId`, `motionTableId`, `currentMotionState`, `animationFrameId`, `physicsTableId`, `physicsDescriptionFlag`, `spellId`, `playScript`, `defaultScript`)
VALUES (8321, 2125848, 8321, 16, 100671075, NULL, NULL, 33555208, 536870932, NULL, NULL, 101, 872415275, 137345, NULL, NULL, NULL);

INSERT INTO `ace_object_properties_string` (`aceObjectId`, `strPropertyId`, `propertyValue`)
VALUES (8321, 1, 'Powdered Malachite Pea');

INSERT INTO `ace_object_properties_int` (`aceObjectId`, `intPropertyId`, `propertyValue`)
VALUES (8321, 1, 4096);

INSERT INTO `ace_object_properties_int` (`aceObjectId`, `intPropertyId`, `propertyValue`)
VALUES (8321, 3, 67111919);

INSERT INTO `ace_object_properties_int` (`aceObjectId`, `intPropertyId`, `propertyValue`)
VALUES (8321, 5, 40);

INSERT INTO `ace_object_properties_int` (`aceObjectId`, `intPropertyId`, `propertyValue`)
VALUES (8321, 11, 100);

INSERT INTO `ace_object_properties_int` (`aceObjectId`, `intPropertyId`, `propertyValue`)
VALUES (8321, 12, 4);

INSERT INTO `ace_object_properties_int` (`aceObjectId`, `intPropertyId`, `propertyValue`)
VALUES (8321, 16, 1);

INSERT INTO `ace_object_properties_int` (`aceObjectId`, `intPropertyId`, `propertyValue`)
VALUES (8321, 19, 2500);

INSERT INTO `ace_object_properties_double` (`aceObjectId`, `dblPropertyId`, `propertyValue`)
VALUES (8321, 39, 0.33);

INSERT INTO `ace_object_properties_int` (`aceObjectId`, `intPropertyId`, `propertyValue`)
VALUES (8321, 93, 1044);

INSERT INTO `ace_object_properties_bool` (`aceObjectId`, `boolPropertyId`, `propertyValue`)
VALUES (8321, 13, True);

INSERT INTO `ace_object_properties_bool` (`aceObjectId`, `boolPropertyId`, `propertyValue`)
VALUES (8321, 11, True);

INSERT INTO `ace_object_properties_bool` (`aceObjectId`, `boolPropertyId`, `propertyValue`)
VALUES (8321, 14, True);

INSERT INTO `ace_object_palette_change` (`aceObjectId`, `subPaletteId`, `offset`, `length`)
VALUES (8321, 67111926, 0, 0);

INSERT INTO `ace_object_texture_map_change` (`aceObjectId`, `index`, `oldId`, `newId`)
VALUES (8321, 0, 83890080, 83890080);

INSERT INTO `ace_object_animation_change` (`aceObjectId`, `index`, `animationId`)
VALUES (8321, 0, 16780681);

INSERT INTO ace_weenie_class (`weenieClassId`, `weenieClassDescription`)
VALUES (8316, 'peapowderazurite');

INSERT INTO `ace_object` (`aceObjectId`, `aceObjectDescriptionFlags`, `weenieClassId`, `weenieHeaderFlags`, `iconId`, `iconOverlayId`, `iconUnderlayId`, `modelTableId`, `soundTableId`, `motionTableId`, `currentMotionState`, `animationFrameId`, `physicsTableId`, `physicsDescriptionFlag`, `spellId`, `playScript`, `defaultScript`)
VALUES (8316, 2125848, 8316, 16, 100671066, NULL, NULL, 33555208, 536870932, NULL, NULL, 101, 872415275, 137345, NULL, NULL, NULL);

INSERT INTO `ace_object_properties_string` (`aceObjectId`, `strPropertyId`, `propertyValue`)
VALUES (8316, 1, 'Powdered Azurite Pea');

INSERT INTO `ace_object_properties_int` (`aceObjectId`, `intPropertyId`, `propertyValue`)
VALUES (8316, 1, 4096);

INSERT INTO `ace_object_properties_int` (`aceObjectId`, `intPropertyId`, `propertyValue`)
VALUES (8316, 3, 67111919);

INSERT INTO `ace_object_properties_int` (`aceObjectId`, `intPropertyId`, `propertyValue`)
VALUES (8316, 5, 50);

INSERT INTO `ace_object_properties_int` (`aceObjectId`, `intPropertyId`, `propertyValue`)
VALUES (8316, 11, 100);

INSERT INTO `ace_object_properties_int` (`aceObjectId`, `intPropertyId`, `propertyValue`)
VALUES (8316, 12, 5);

INSERT INTO `ace_object_properties_int` (`aceObjectId`, `intPropertyId`, `propertyValue`)
VALUES (8316, 16, 1);

INSERT INTO `ace_object_properties_int` (`aceObjectId`, `intPropertyId`, `propertyValue`)
VALUES (8316, 19, 3125);

INSERT INTO `ace_object_properties_double` (`aceObjectId`, `dblPropertyId`, `propertyValue`)
VALUES (8316, 39, 0.33);

INSERT INTO `ace_object_properties_int` (`aceObjectId`, `intPropertyId`, `propertyValue`)
VALUES (8316, 93, 1044);

INSERT INTO `ace_object_properties_bool` (`aceObjectId`, `boolPropertyId`, `propertyValue`)
VALUES (8316, 13, True);

INSERT INTO `ace_object_properties_bool` (`aceObjectId`, `boolPropertyId`, `propertyValue`)
VALUES (8316, 11, True);

INSERT INTO `ace_object_properties_bool` (`aceObjectId`, `boolPropertyId`, `propertyValue`)
VALUES (8316, 14, True);

INSERT INTO `ace_object_palette_change` (`aceObjectId`, `subPaletteId`, `offset`, `length`)
VALUES (8316, 67111919, 0, 0);

INSERT INTO `ace_object_texture_map_change` (`aceObjectId`, `index`, `oldId`, `newId`)
VALUES (8316, 0, 83890080, 83890080);

INSERT INTO `ace_object_animation_change` (`aceObjectId`, `index`, `animationId`)
VALUES (8316, 0, 16780681);

INSERT INTO ace_weenie_class (`weenieClassId`, `weenieClassDescription`)
VALUES (8318, 'peapowdercarnelian');

INSERT INTO `ace_object` (`aceObjectId`, `aceObjectDescriptionFlags`, `weenieClassId`, `weenieHeaderFlags`, `iconId`, `iconOverlayId`, `iconUnderlayId`, `modelTableId`, `soundTableId`, `motionTableId`, `currentMotionState`, `animationFrameId`, `physicsTableId`, `physicsDescriptionFlag`, `spellId`, `playScript`, `defaultScript`)
VALUES (8318, 2125848, 8318, 16, 100671073, NULL, NULL, 33555208, 536870932, NULL, NULL, 101, 872415275, 137345, NULL, NULL, NULL);

INSERT INTO `ace_object_properties_string` (`aceObjectId`, `strPropertyId`, `propertyValue`)
VALUES (8318, 1, 'Powdered Carnelian Pea');

INSERT INTO `ace_object_properties_int` (`aceObjectId`, `intPropertyId`, `propertyValue`)
VALUES (8318, 1, 4096);

INSERT INTO `ace_object_properties_int` (`aceObjectId`, `intPropertyId`, `propertyValue`)
VALUES (8318, 3, 67111919);

INSERT INTO `ace_object_properties_int` (`aceObjectId`, `intPropertyId`, `propertyValue`)
VALUES (8318, 5, 40);

INSERT INTO `ace_object_properties_int` (`aceObjectId`, `intPropertyId`, `propertyValue`)
VALUES (8318, 11, 100);

INSERT INTO `ace_object_properties_int` (`aceObjectId`, `intPropertyId`, `propertyValue`)
VALUES (8318, 12, 4);

INSERT INTO `ace_object_properties_int` (`aceObjectId`, `intPropertyId`, `propertyValue`)
VALUES (8318, 16, 1);

INSERT INTO `ace_object_properties_int` (`aceObjectId`, `intPropertyId`, `propertyValue`)
VALUES (8318, 19, 2500);

INSERT INTO `ace_object_properties_double` (`aceObjectId`, `dblPropertyId`, `propertyValue`)
VALUES (8318, 39, 0.33);

INSERT INTO `ace_object_properties_int` (`aceObjectId`, `intPropertyId`, `propertyValue`)
VALUES (8318, 93, 1044);

INSERT INTO `ace_object_properties_bool` (`aceObjectId`, `boolPropertyId`, `propertyValue`)
VALUES (8318, 13, True);

INSERT INTO `ace_object_properties_bool` (`aceObjectId`, `boolPropertyId`, `propertyValue`)
VALUES (8318, 11, True);

INSERT INTO `ace_object_properties_bool` (`aceObjectId`, `boolPropertyId`, `propertyValue`)
VALUES (8318, 14, True);

INSERT INTO `ace_object_palette_change` (`aceObjectId`, `subPaletteId`, `offset`, `length`)
VALUES (8318, 67111922, 0, 0);

INSERT INTO `ace_object_texture_map_change` (`aceObjectId`, `index`, `oldId`, `newId`)
VALUES (8318, 0, 83890080, 83890080);

INSERT INTO `ace_object_animation_change` (`aceObjectId`, `index`, `animationId`)
VALUES (8318, 0, 16780681);

INSERT INTO ace_weenie_class (`weenieClassId`, `weenieClassDescription`)
VALUES (8320, 'peapowderlapislazuli');

INSERT INTO `ace_object` (`aceObjectId`, `aceObjectDescriptionFlags`, `weenieClassId`, `weenieHeaderFlags`, `iconId`, `iconOverlayId`, `iconUnderlayId`, `modelTableId`, `soundTableId`, `motionTableId`, `currentMotionState`, `animationFrameId`, `physicsTableId`, `physicsDescriptionFlag`, `spellId`, `playScript`, `defaultScript`)
VALUES (8320, 2125848, 8320, 16, 100671074, NULL, NULL, 33555208, 536870932, NULL, NULL, 101, 872415275, 137345, NULL, NULL, NULL);

INSERT INTO `ace_object_properties_string` (`aceObjectId`, `strPropertyId`, `propertyValue`)
VALUES (8320, 1, 'Powdered Lapis Lazuli Pea');

INSERT INTO `ace_object_properties_int` (`aceObjectId`, `intPropertyId`, `propertyValue`)
VALUES (8320, 1, 4096);

INSERT INTO `ace_object_properties_int` (`aceObjectId`, `intPropertyId`, `propertyValue`)
VALUES (8320, 3, 67111919);

INSERT INTO `ace_object_properties_int` (`aceObjectId`, `intPropertyId`, `propertyValue`)
VALUES (8320, 5, 40);

INSERT INTO `ace_object_properties_int` (`aceObjectId`, `intPropertyId`, `propertyValue`)
VALUES (8320, 11, 100);

INSERT INTO `ace_object_properties_int` (`aceObjectId`, `intPropertyId`, `propertyValue`)
VALUES (8320, 12, 4);

INSERT INTO `ace_object_properties_int` (`aceObjectId`, `intPropertyId`, `propertyValue`)
VALUES (8320, 16, 1);

INSERT INTO `ace_object_properties_int` (`aceObjectId`, `intPropertyId`, `propertyValue`)
VALUES (8320, 19, 2500);

INSERT INTO `ace_object_properties_double` (`aceObjectId`, `dblPropertyId`, `propertyValue`)
VALUES (8320, 39, 0.33);

INSERT INTO `ace_object_properties_int` (`aceObjectId`, `intPropertyId`, `propertyValue`)
VALUES (8320, 93, 1044);

INSERT INTO `ace_object_properties_bool` (`aceObjectId`, `boolPropertyId`, `propertyValue`)
VALUES (8320, 13, True);

INSERT INTO `ace_object_properties_bool` (`aceObjectId`, `boolPropertyId`, `propertyValue`)
VALUES (8320, 11, True);

INSERT INTO `ace_object_properties_bool` (`aceObjectId`, `boolPropertyId`, `propertyValue`)
VALUES (8320, 14, True);

INSERT INTO `ace_object_palette_change` (`aceObjectId`, `subPaletteId`, `offset`, `length`)
VALUES (8320, 67111919, 0, 0);

INSERT INTO `ace_object_texture_map_change` (`aceObjectId`, `index`, `oldId`, `newId`)
VALUES (8320, 0, 83890080, 83890080);

INSERT INTO `ace_object_animation_change` (`aceObjectId`, `index`, `animationId`)
VALUES (8320, 0, 16780681);

INSERT INTO ace_weenie_class (`weenieClassId`, `weenieClassDescription`)
VALUES (8314, 'peapowderagate');

INSERT INTO `ace_object` (`aceObjectId`, `aceObjectDescriptionFlags`, `weenieClassId`, `weenieHeaderFlags`, `iconId`, `iconOverlayId`, `iconUnderlayId`, `modelTableId`, `soundTableId`, `motionTableId`, `currentMotionState`, `animationFrameId`, `physicsTableId`, `physicsDescriptionFlag`, `spellId`, `playScript`, `defaultScript`)
VALUES (8314, 2125848, 8314, 16, 100671068, NULL, NULL, 33555208, 536870932, NULL, NULL, 101, 872415275, 137345, NULL, NULL, NULL);

INSERT INTO `ace_object_properties_string` (`aceObjectId`, `strPropertyId`, `propertyValue`)
VALUES (8314, 1, 'Powdered Agate Pea');

INSERT INTO `ace_object_properties_int` (`aceObjectId`, `intPropertyId`, `propertyValue`)
VALUES (8314, 1, 4096);

INSERT INTO `ace_object_properties_int` (`aceObjectId`, `intPropertyId`, `propertyValue`)
VALUES (8314, 3, 67111919);

INSERT INTO `ace_object_properties_int` (`aceObjectId`, `intPropertyId`, `propertyValue`)
VALUES (8314, 5, 30);

INSERT INTO `ace_object_properties_int` (`aceObjectId`, `intPropertyId`, `propertyValue`)
VALUES (8314, 11, 100);

INSERT INTO `ace_object_properties_int` (`aceObjectId`, `intPropertyId`, `propertyValue`)
VALUES (8314, 12, 3);

INSERT INTO `ace_object_properties_int` (`aceObjectId`, `intPropertyId`, `propertyValue`)
VALUES (8314, 16, 1);

INSERT INTO `ace_object_properties_int` (`aceObjectId`, `intPropertyId`, `propertyValue`)
VALUES (8314, 19, 1875);

INSERT INTO `ace_object_properties_double` (`aceObjectId`, `dblPropertyId`, `propertyValue`)
VALUES (8314, 39, 0.33);

INSERT INTO `ace_object_properties_int` (`aceObjectId`, `intPropertyId`, `propertyValue`)
VALUES (8314, 93, 1044);

INSERT INTO `ace_object_properties_bool` (`aceObjectId`, `boolPropertyId`, `propertyValue`)
VALUES (8314, 13, True);

INSERT INTO `ace_object_properties_bool` (`aceObjectId`, `boolPropertyId`, `propertyValue`)
VALUES (8314, 11, True);

INSERT INTO `ace_object_properties_bool` (`aceObjectId`, `boolPropertyId`, `propertyValue`)
VALUES (8314, 14, True);

INSERT INTO `ace_object_palette_change` (`aceObjectId`, `subPaletteId`, `offset`, `length`)
VALUES (8314, 67111919, 0, 0);

INSERT INTO `ace_object_texture_map_change` (`aceObjectId`, `index`, `oldId`, `newId`)
VALUES (8314, 0, 83890080, 83890080);

INSERT INTO `ace_object_animation_change` (`aceObjectId`, `index`, `animationId`)
VALUES (8314, 0, 16780681);

INSERT INTO ace_weenie_class (`weenieClassId`, `weenieClassDescription`)
VALUES (8319, 'peapowderhematite');

INSERT INTO `ace_object` (`aceObjectId`, `aceObjectDescriptionFlags`, `weenieClassId`, `weenieHeaderFlags`, `iconId`, `iconOverlayId`, `iconUnderlayId`, `modelTableId`, `soundTableId`, `motionTableId`, `currentMotionState`, `animationFrameId`, `physicsTableId`, `physicsDescriptionFlag`, `spellId`, `playScript`, `defaultScript`)
VALUES (8319, 2125848, 8319, 16, 100671071, NULL, NULL, 33555208, 536870932, NULL, NULL, 101, 872415275, 137345, NULL, NULL, NULL);

INSERT INTO `ace_object_properties_string` (`aceObjectId`, `strPropertyId`, `propertyValue`)
VALUES (8319, 1, 'Powdered Hematite Pea');

INSERT INTO `ace_object_properties_int` (`aceObjectId`, `intPropertyId`, `propertyValue`)
VALUES (8319, 1, 4096);

INSERT INTO `ace_object_properties_int` (`aceObjectId`, `intPropertyId`, `propertyValue`)
VALUES (8319, 3, 67111919);

INSERT INTO `ace_object_properties_int` (`aceObjectId`, `intPropertyId`, `propertyValue`)
VALUES (8319, 5, 50);

INSERT INTO `ace_object_properties_int` (`aceObjectId`, `intPropertyId`, `propertyValue`)
VALUES (8319, 11, 100);

INSERT INTO `ace_object_properties_int` (`aceObjectId`, `intPropertyId`, `propertyValue`)
VALUES (8319, 12, 5);

INSERT INTO `ace_object_properties_int` (`aceObjectId`, `intPropertyId`, `propertyValue`)
VALUES (8319, 16, 1);

INSERT INTO `ace_object_properties_int` (`aceObjectId`, `intPropertyId`, `propertyValue`)
VALUES (8319, 19, 3125);

INSERT INTO `ace_object_properties_double` (`aceObjectId`, `dblPropertyId`, `propertyValue`)
VALUES (8319, 39, 0.33);

INSERT INTO `ace_object_properties_int` (`aceObjectId`, `intPropertyId`, `propertyValue`)
VALUES (8319, 93, 1044);

INSERT INTO `ace_object_properties_bool` (`aceObjectId`, `boolPropertyId`, `propertyValue`)
VALUES (8319, 13, True);

INSERT INTO `ace_object_properties_bool` (`aceObjectId`, `boolPropertyId`, `propertyValue`)
VALUES (8319, 11, True);

INSERT INTO `ace_object_properties_bool` (`aceObjectId`, `boolPropertyId`, `propertyValue`)
VALUES (8319, 14, True);

INSERT INTO `ace_object_palette_change` (`aceObjectId`, `subPaletteId`, `offset`, `length`)
VALUES (8319, 67111927, 0, 0);

INSERT INTO `ace_object_texture_map_change` (`aceObjectId`, `index`, `oldId`, `newId`)
VALUES (8319, 0, 83890080, 83890080);

INSERT INTO `ace_object_animation_change` (`aceObjectId`, `index`, `animationId`)
VALUES (8319, 0, 16780681);

INSERT INTO ace_weenie_class (`weenieClassId`, `weenieClassDescription`)
VALUES (8324, 'peapowderquartz');

INSERT INTO `ace_object` (`aceObjectId`, `aceObjectDescriptionFlags`, `weenieClassId`, `weenieHeaderFlags`, `iconId`, `iconOverlayId`, `iconUnderlayId`, `modelTableId`, `soundTableId`, `motionTableId`, `currentMotionState`, `animationFrameId`, `physicsTableId`, `physicsDescriptionFlag`, `spellId`, `playScript`, `defaultScript`)
VALUES (8324, 2125848, 8324, 16, 100671076, NULL, NULL, 33555208, 536870932, NULL, NULL, 101, 872415275, 137345, NULL, NULL, NULL);

INSERT INTO `ace_object_properties_string` (`aceObjectId`, `strPropertyId`, `propertyValue`)
VALUES (8324, 1, 'Powdered Quartz Pea');

INSERT INTO `ace_object_properties_int` (`aceObjectId`, `intPropertyId`, `propertyValue`)
VALUES (8324, 1, 4096);

INSERT INTO `ace_object_properties_int` (`aceObjectId`, `intPropertyId`, `propertyValue`)
VALUES (8324, 3, 67111919);

INSERT INTO `ace_object_properties_int` (`aceObjectId`, `intPropertyId`, `propertyValue`)
VALUES (8324, 5, 20);

INSERT INTO `ace_object_properties_int` (`aceObjectId`, `intPropertyId`, `propertyValue`)
VALUES (8324, 11, 100);

INSERT INTO `ace_object_properties_int` (`aceObjectId`, `intPropertyId`, `propertyValue`)
VALUES (8324, 12, 2);

INSERT INTO `ace_object_properties_int` (`aceObjectId`, `intPropertyId`, `propertyValue`)
VALUES (8324, 16, 1);

INSERT INTO `ace_object_properties_int` (`aceObjectId`, `intPropertyId`, `propertyValue`)
VALUES (8324, 19, 1250);

INSERT INTO `ace_object_properties_double` (`aceObjectId`, `dblPropertyId`, `propertyValue`)
VALUES (8324, 39, 0.33);

INSERT INTO `ace_object_properties_int` (`aceObjectId`, `intPropertyId`, `propertyValue`)
VALUES (8324, 93, 1044);

INSERT INTO `ace_object_properties_bool` (`aceObjectId`, `boolPropertyId`, `propertyValue`)
VALUES (8324, 13, True);

INSERT INTO `ace_object_properties_bool` (`aceObjectId`, `boolPropertyId`, `propertyValue`)
VALUES (8324, 11, True);

INSERT INTO `ace_object_properties_bool` (`aceObjectId`, `boolPropertyId`, `propertyValue`)
VALUES (8324, 14, True);

INSERT INTO `ace_object_palette_change` (`aceObjectId`, `subPaletteId`, `offset`, `length`)
VALUES (8324, 67111927, 0, 0);

INSERT INTO `ace_object_texture_map_change` (`aceObjectId`, `index`, `oldId`, `newId`)
VALUES (8324, 0, 83890080, 83890080);

INSERT INTO `ace_object_animation_change` (`aceObjectId`, `index`, `animationId`)
VALUES (8324, 0, 16780681);

INSERT INTO ace_weenie_class (`weenieClassId`, `weenieClassDescription`)
VALUES (8293, 'peaherbhenbane');

INSERT INTO `ace_object` (`aceObjectId`, `aceObjectDescriptionFlags`, `weenieClassId`, `weenieHeaderFlags`, `iconId`, `iconOverlayId`, `iconUnderlayId`, `modelTableId`, `soundTableId`, `motionTableId`, `currentMotionState`, `animationFrameId`, `physicsTableId`, `physicsDescriptionFlag`, `spellId`, `playScript`, `defaultScript`)
VALUES (8293, 2125848, 8293, 16, 100671051, NULL, NULL, 33554817, 536870932, NULL, NULL, 101, 872415275, 137345, NULL, NULL, NULL);

INSERT INTO `ace_object_properties_string` (`aceObjectId`, `strPropertyId`, `propertyValue`)
VALUES (8293, 1, 'Henbane Pea');

INSERT INTO `ace_object_properties_int` (`aceObjectId`, `intPropertyId`, `propertyValue`)
VALUES (8293, 1, 4096);

INSERT INTO `ace_object_properties_int` (`aceObjectId`, `intPropertyId`, `propertyValue`)
VALUES (8293, 5, 10);

INSERT INTO `ace_object_properties_int` (`aceObjectId`, `intPropertyId`, `propertyValue`)
VALUES (8293, 11, 100);

INSERT INTO `ace_object_properties_int` (`aceObjectId`, `intPropertyId`, `propertyValue`)
VALUES (8293, 12, 1);

INSERT INTO `ace_object_properties_int` (`aceObjectId`, `intPropertyId`, `propertyValue`)
VALUES (8293, 16, 1);

INSERT INTO `ace_object_properties_int` (`aceObjectId`, `intPropertyId`, `propertyValue`)
VALUES (8293, 19, 1250);

INSERT INTO `ace_object_properties_double` (`aceObjectId`, `dblPropertyId`, `propertyValue`)
VALUES (8293, 39, 0.33);

INSERT INTO `ace_object_properties_int` (`aceObjectId`, `intPropertyId`, `propertyValue`)
VALUES (8293, 93, 1044);

INSERT INTO `ace_object_properties_bool` (`aceObjectId`, `boolPropertyId`, `propertyValue`)
VALUES (8293, 13, True);

INSERT INTO `ace_object_properties_bool` (`aceObjectId`, `boolPropertyId`, `propertyValue`)
VALUES (8293, 11, True);

INSERT INTO `ace_object_properties_bool` (`aceObjectId`, `boolPropertyId`, `propertyValue`)
VALUES (8293, 14, True);

INSERT INTO `ace_object_texture_map_change` (`aceObjectId`, `index`, `oldId`, `newId`)
VALUES (8293, 0, 83890064, 83889696);

INSERT INTO `ace_object_animation_change` (`aceObjectId`, `index`, `animationId`)
VALUES (8293, 0, 16777882);

INSERT INTO ace_weenie_class (`weenieClassId`, `weenieClassDescription`)
VALUES (8336, 'peatalismancedar');

INSERT INTO `ace_object` (`aceObjectId`, `aceObjectDescriptionFlags`, `weenieClassId`, `weenieHeaderFlags`, `iconId`, `iconOverlayId`, `iconUnderlayId`, `modelTableId`, `soundTableId`, `motionTableId`, `currentMotionState`, `animationFrameId`, `physicsTableId`, `physicsDescriptionFlag`, `spellId`, `playScript`, `defaultScript`)
VALUES (8336, 2125848, 8336, 16, 100671090, NULL, NULL, 33555207, 536870932, NULL, NULL, 101, 872415275, 137345, NULL, NULL, NULL);

INSERT INTO `ace_object_properties_string` (`aceObjectId`, `strPropertyId`, `propertyValue`)
VALUES (8336, 1, 'Cedar Pea');

INSERT INTO `ace_object_properties_int` (`aceObjectId`, `intPropertyId`, `propertyValue`)
VALUES (8336, 1, 4096);

INSERT INTO `ace_object_properties_int` (`aceObjectId`, `intPropertyId`, `propertyValue`)
VALUES (8336, 3, 67111919);

INSERT INTO `ace_object_properties_int` (`aceObjectId`, `intPropertyId`, `propertyValue`)
VALUES (8336, 5, 20);

INSERT INTO `ace_object_properties_int` (`aceObjectId`, `intPropertyId`, `propertyValue`)
VALUES (8336, 11, 100);

INSERT INTO `ace_object_properties_int` (`aceObjectId`, `intPropertyId`, `propertyValue`)
VALUES (8336, 12, 2);

INSERT INTO `ace_object_properties_int` (`aceObjectId`, `intPropertyId`, `propertyValue`)
VALUES (8336, 16, 1);

INSERT INTO `ace_object_properties_int` (`aceObjectId`, `intPropertyId`, `propertyValue`)
VALUES (8336, 19, 500);

INSERT INTO `ace_object_properties_double` (`aceObjectId`, `dblPropertyId`, `propertyValue`)
VALUES (8336, 39, 0.33);

INSERT INTO `ace_object_properties_int` (`aceObjectId`, `intPropertyId`, `propertyValue`)
VALUES (8336, 93, 1044);

INSERT INTO `ace_object_properties_bool` (`aceObjectId`, `boolPropertyId`, `propertyValue`)
VALUES (8336, 13, True);

INSERT INTO `ace_object_properties_bool` (`aceObjectId`, `boolPropertyId`, `propertyValue`)
VALUES (8336, 11, True);

INSERT INTO `ace_object_properties_bool` (`aceObjectId`, `boolPropertyId`, `propertyValue`)
VALUES (8336, 14, True);

INSERT INTO `ace_object_palette_change` (`aceObjectId`, `subPaletteId`, `offset`, `length`)
VALUES (8336, 67111918, 0, 0);

INSERT INTO `ace_object_texture_map_change` (`aceObjectId`, `index`, `oldId`, `newId`)
VALUES (8336, 0, 83890069, 83890069);

INSERT INTO `ace_object_animation_change` (`aceObjectId`, `index`, `animationId`)
VALUES (8336, 0, 16780687);

INSERT INTO ace_weenie_class (`weenieClassId`, `weenieClassDescription`)
VALUES (8286, 'peaherbcomfrey');

INSERT INTO `ace_object` (`aceObjectId`, `aceObjectDescriptionFlags`, `weenieClassId`, `weenieHeaderFlags`, `iconId`, `iconOverlayId`, `iconUnderlayId`, `modelTableId`, `soundTableId`, `motionTableId`, `currentMotionState`, `animationFrameId`, `physicsTableId`, `physicsDescriptionFlag`, `spellId`, `playScript`, `defaultScript`)
VALUES (8286, 2125848, 8286, 16, 100671043, NULL, NULL, 33554817, 536870932, NULL, NULL, 101, 872415275, 137345, NULL, NULL, NULL);

INSERT INTO `ace_object_properties_string` (`aceObjectId`, `strPropertyId`, `propertyValue`)
VALUES (8286, 1, 'Comfrey Pea');

INSERT INTO `ace_object_properties_int` (`aceObjectId`, `intPropertyId`, `propertyValue`)
VALUES (8286, 1, 4096);

INSERT INTO `ace_object_properties_int` (`aceObjectId`, `intPropertyId`, `propertyValue`)
VALUES (8286, 5, 10);

INSERT INTO `ace_object_properties_int` (`aceObjectId`, `intPropertyId`, `propertyValue`)
VALUES (8286, 11, 100);

INSERT INTO `ace_object_properties_int` (`aceObjectId`, `intPropertyId`, `propertyValue`)
VALUES (8286, 12, 1);

INSERT INTO `ace_object_properties_int` (`aceObjectId`, `intPropertyId`, `propertyValue`)
VALUES (8286, 16, 1);

INSERT INTO `ace_object_properties_int` (`aceObjectId`, `intPropertyId`, `propertyValue`)
VALUES (8286, 19, 1250);

INSERT INTO `ace_object_properties_double` (`aceObjectId`, `dblPropertyId`, `propertyValue`)
VALUES (8286, 39, 0.33);

INSERT INTO `ace_object_properties_int` (`aceObjectId`, `intPropertyId`, `propertyValue`)
VALUES (8286, 93, 1044);

INSERT INTO `ace_object_properties_bool` (`aceObjectId`, `boolPropertyId`, `propertyValue`)
VALUES (8286, 13, True);

INSERT INTO `ace_object_properties_bool` (`aceObjectId`, `boolPropertyId`, `propertyValue`)
VALUES (8286, 11, True);

INSERT INTO `ace_object_properties_bool` (`aceObjectId`, `boolPropertyId`, `propertyValue`)
VALUES (8286, 14, True);

INSERT INTO `ace_object_texture_map_change` (`aceObjectId`, `index`, `oldId`, `newId`)
VALUES (8286, 0, 83890064, 83889696);

INSERT INTO `ace_object_animation_change` (`aceObjectId`, `index`, `animationId`)
VALUES (8286, 0, 16777882);

INSERT INTO ace_weenie_class (`weenieClassId`, `weenieClassDescription`)
VALUES (779, 'vervain');

INSERT INTO `ace_object` (`aceObjectId`, `aceObjectDescriptionFlags`, `weenieClassId`, `weenieHeaderFlags`, `iconId`, `iconOverlayId`, `iconUnderlayId`, `modelTableId`, `soundTableId`, `motionTableId`, `currentMotionState`, `animationFrameId`, `physicsTableId`, `physicsDescriptionFlag`, `spellId`, `playScript`, `defaultScript`)
VALUES (779, 2109465, 779, 16, 100668430, NULL, NULL, 33554817, 536870932, NULL, NULL, 101, 872415275, 170113, NULL, NULL, NULL);

INSERT INTO `ace_object_properties_string` (`aceObjectId`, `strPropertyId`, `propertyValue`)
VALUES (779, 1, 'Vervain');

INSERT INTO `ace_object_properties_int` (`aceObjectId`, `intPropertyId`, `propertyValue`)
VALUES (779, 1, 4096);

INSERT INTO `ace_object_properties_int` (`aceObjectId`, `intPropertyId`, `propertyValue`)
VALUES (779, 3, 67111919);

INSERT INTO `ace_object_properties_int` (`aceObjectId`, `intPropertyId`, `propertyValue`)
VALUES (779, 5, 4);

INSERT INTO `ace_object_properties_int` (`aceObjectId`, `intPropertyId`, `propertyValue`)
VALUES (779, 11, 100);

INSERT INTO `ace_object_properties_int` (`aceObjectId`, `intPropertyId`, `propertyValue`)
VALUES (779, 12, 1);

INSERT INTO `ace_object_properties_int` (`aceObjectId`, `intPropertyId`, `propertyValue`)
VALUES (779, 16, 1);

INSERT INTO `ace_object_properties_int` (`aceObjectId`, `intPropertyId`, `propertyValue`)
VALUES (779, 19, 10);

INSERT INTO `ace_object_properties_string` (`aceObjectId`, `strPropertyId`, `propertyValue`)
VALUES (779, 20, 'Sacks of Vervain');

INSERT INTO `ace_object_properties_double` (`aceObjectId`, `dblPropertyId`, `propertyValue`)
VALUES (779, 39, 0.4);

INSERT INTO `ace_object_properties_int` (`aceObjectId`, `intPropertyId`, `propertyValue`)
VALUES (779, 93, 1044);

INSERT INTO `ace_object_properties_bool` (`aceObjectId`, `boolPropertyId`, `propertyValue`)
VALUES (779, 13, True);

INSERT INTO `ace_object_properties_bool` (`aceObjectId`, `boolPropertyId`, `propertyValue`)
VALUES (779, 11, True);

INSERT INTO `ace_object_properties_bool` (`aceObjectId`, `boolPropertyId`, `propertyValue`)
VALUES (779, 14, True);

INSERT INTO `ace_object_palette_change` (`aceObjectId`, `subPaletteId`, `offset`, `length`)
VALUES (779, 67111920, 0, 0);

INSERT INTO `ace_object_texture_map_change` (`aceObjectId`, `index`, `oldId`, `newId`)
VALUES (779, 0, 83890064, 83889696);

INSERT INTO `ace_object_animation_change` (`aceObjectId`, `index`, `animationId`)
VALUES (779, 0, 16777882);

INSERT INTO ace_weenie_class (`weenieClassId`, `weenieClassDescription`)
VALUES (8356, 'peataperwhite');

INSERT INTO `ace_object` (`aceObjectId`, `aceObjectDescriptionFlags`, `weenieClassId`, `weenieHeaderFlags`, `iconId`, `iconOverlayId`, `iconUnderlayId`, `modelTableId`, `soundTableId`, `motionTableId`, `currentMotionState`, `animationFrameId`, `physicsTableId`, `physicsDescriptionFlag`, `spellId`, `playScript`, `defaultScript`)
VALUES (8356, 2125848, 8356, 16, 100671111, NULL, NULL, 33555445, 536870932, NULL, NULL, 101, 872415275, 137345, NULL, NULL, NULL);

INSERT INTO `ace_object_properties_string` (`aceObjectId`, `strPropertyId`, `propertyValue`)
VALUES (8356, 1, 'White Pea');

INSERT INTO `ace_object_properties_int` (`aceObjectId`, `intPropertyId`, `propertyValue`)
VALUES (8356, 1, 4096);

INSERT INTO `ace_object_properties_int` (`aceObjectId`, `intPropertyId`, `propertyValue`)
VALUES (8356, 5, 40);

INSERT INTO `ace_object_properties_int` (`aceObjectId`, `intPropertyId`, `propertyValue`)
VALUES (8356, 11, 100);

INSERT INTO `ace_object_properties_int` (`aceObjectId`, `intPropertyId`, `propertyValue`)
VALUES (8356, 12, 4);

INSERT INTO `ace_object_properties_int` (`aceObjectId`, `intPropertyId`, `propertyValue`)
VALUES (8356, 16, 1);

INSERT INTO `ace_object_properties_int` (`aceObjectId`, `intPropertyId`, `propertyValue`)
VALUES (8356, 19, 12500);

INSERT INTO `ace_object_properties_double` (`aceObjectId`, `dblPropertyId`, `propertyValue`)
VALUES (8356, 39, 0.33);

INSERT INTO `ace_object_properties_int` (`aceObjectId`, `intPropertyId`, `propertyValue`)
VALUES (8356, 93, 1044);

INSERT INTO `ace_object_properties_bool` (`aceObjectId`, `boolPropertyId`, `propertyValue`)
VALUES (8356, 13, True);

INSERT INTO `ace_object_properties_bool` (`aceObjectId`, `boolPropertyId`, `propertyValue`)
VALUES (8356, 11, True);

INSERT INTO `ace_object_properties_bool` (`aceObjectId`, `boolPropertyId`, `propertyValue`)
VALUES (8356, 14, True);

INSERT INTO `ace_object_texture_map_change` (`aceObjectId`, `index`, `oldId`, `newId`)
VALUES (8356, 0, 83890928, 83890932);

INSERT INTO `ace_object_animation_change` (`aceObjectId`, `index`, `animationId`)
VALUES (8356, 0, 16781612);

INSERT INTO ace_weenie_class (`weenieClassId`, `weenieClassDescription`)
VALUES (8357, 'peataperyellow');

INSERT INTO `ace_object` (`aceObjectId`, `aceObjectDescriptionFlags`, `weenieClassId`, `weenieHeaderFlags`, `iconId`, `iconOverlayId`, `iconUnderlayId`, `modelTableId`, `soundTableId`, `motionTableId`, `currentMotionState`, `animationFrameId`, `physicsTableId`, `physicsDescriptionFlag`, `spellId`, `playScript`, `defaultScript`)
VALUES (8357, 2125848, 8357, 16, 100671112, NULL, NULL, 33555445, 536870932, NULL, NULL, 101, 872415275, 137345, NULL, NULL, NULL);

INSERT INTO `ace_object_properties_string` (`aceObjectId`, `strPropertyId`, `propertyValue`)
VALUES (8357, 1, 'Yellow Pea');

INSERT INTO `ace_object_properties_int` (`aceObjectId`, `intPropertyId`, `propertyValue`)
VALUES (8357, 1, 4096);

INSERT INTO `ace_object_properties_int` (`aceObjectId`, `intPropertyId`, `propertyValue`)
VALUES (8357, 5, 50);

INSERT INTO `ace_object_properties_int` (`aceObjectId`, `intPropertyId`, `propertyValue`)
VALUES (8357, 11, 100);

INSERT INTO `ace_object_properties_int` (`aceObjectId`, `intPropertyId`, `propertyValue`)
VALUES (8357, 12, 5);

INSERT INTO `ace_object_properties_int` (`aceObjectId`, `intPropertyId`, `propertyValue`)
VALUES (8357, 16, 1);

INSERT INTO `ace_object_properties_int` (`aceObjectId`, `intPropertyId`, `propertyValue`)
VALUES (8357, 19, 15625);

INSERT INTO `ace_object_properties_double` (`aceObjectId`, `dblPropertyId`, `propertyValue`)
VALUES (8357, 39, 0.33);

INSERT INTO `ace_object_properties_int` (`aceObjectId`, `intPropertyId`, `propertyValue`)
VALUES (8357, 93, 1044);

INSERT INTO `ace_object_properties_bool` (`aceObjectId`, `boolPropertyId`, `propertyValue`)
VALUES (8357, 13, True);

INSERT INTO `ace_object_properties_bool` (`aceObjectId`, `boolPropertyId`, `propertyValue`)
VALUES (8357, 11, True);

INSERT INTO `ace_object_properties_bool` (`aceObjectId`, `boolPropertyId`, `propertyValue`)
VALUES (8357, 14, True);

INSERT INTO `ace_object_texture_map_change` (`aceObjectId`, `index`, `oldId`, `newId`)
VALUES (8357, 0, 83890928, 83890926);

INSERT INTO `ace_object_animation_change` (`aceObjectId`, `index`, `animationId`)
VALUES (8357, 0, 16781612);

INSERT INTO ace_weenie_class (`weenieClassId`, `weenieClassDescription`)
VALUES (8354, 'peataperturquoise');

INSERT INTO `ace_object` (`aceObjectId`, `aceObjectDescriptionFlags`, `weenieClassId`, `weenieHeaderFlags`, `iconId`, `iconOverlayId`, `iconUnderlayId`, `modelTableId`, `soundTableId`, `motionTableId`, `currentMotionState`, `animationFrameId`, `physicsTableId`, `physicsDescriptionFlag`, `spellId`, `playScript`, `defaultScript`)
VALUES (8354, 2125848, 8354, 16, 100671102, NULL, NULL, 33555445, 536870932, NULL, NULL, 101, 872415275, 137345, NULL, NULL, NULL);

INSERT INTO `ace_object_properties_string` (`aceObjectId`, `strPropertyId`, `propertyValue`)
VALUES (8354, 1, 'Turquoise Pea');

INSERT INTO `ace_object_properties_int` (`aceObjectId`, `intPropertyId`, `propertyValue`)
VALUES (8354, 1, 4096);

INSERT INTO `ace_object_properties_int` (`aceObjectId`, `intPropertyId`, `propertyValue`)
VALUES (8354, 5, 50);

INSERT INTO `ace_object_properties_int` (`aceObjectId`, `intPropertyId`, `propertyValue`)
VALUES (8354, 11, 100);

INSERT INTO `ace_object_properties_int` (`aceObjectId`, `intPropertyId`, `propertyValue`)
VALUES (8354, 12, 5);

INSERT INTO `ace_object_properties_int` (`aceObjectId`, `intPropertyId`, `propertyValue`)
VALUES (8354, 16, 1);

INSERT INTO `ace_object_properties_int` (`aceObjectId`, `intPropertyId`, `propertyValue`)
VALUES (8354, 19, 15625);

INSERT INTO `ace_object_properties_double` (`aceObjectId`, `dblPropertyId`, `propertyValue`)
VALUES (8354, 39, 0.33);

INSERT INTO `ace_object_properties_int` (`aceObjectId`, `intPropertyId`, `propertyValue`)
VALUES (8354, 93, 1044);

INSERT INTO `ace_object_properties_bool` (`aceObjectId`, `boolPropertyId`, `propertyValue`)
VALUES (8354, 13, True);

INSERT INTO `ace_object_properties_bool` (`aceObjectId`, `boolPropertyId`, `propertyValue`)
VALUES (8354, 11, True);

INSERT INTO `ace_object_properties_bool` (`aceObjectId`, `boolPropertyId`, `propertyValue`)
VALUES (8354, 14, True);

INSERT INTO `ace_object_texture_map_change` (`aceObjectId`, `index`, `oldId`, `newId`)
VALUES (8354, 0, 83890928, 83890930);

INSERT INTO `ace_object_animation_change` (`aceObjectId`, `index`, `animationId`)
VALUES (8354, 0, 16781612);

INSERT INTO ace_weenie_class (`weenieClassId`, `weenieClassDescription`)
VALUES (8346, 'peataperblue');

INSERT INTO `ace_object` (`aceObjectId`, `aceObjectDescriptionFlags`, `weenieClassId`, `weenieHeaderFlags`, `iconId`, `iconOverlayId`, `iconUnderlayId`, `modelTableId`, `soundTableId`, `motionTableId`, `currentMotionState`, `animationFrameId`, `physicsTableId`, `physicsDescriptionFlag`, `spellId`, `playScript`, `defaultScript`)
VALUES (8346, 2125848, 8346, 16, 100671101, NULL, NULL, 33555445, 536870932, NULL, NULL, 101, 872415275, 137345, NULL, NULL, NULL);

INSERT INTO `ace_object_properties_string` (`aceObjectId`, `strPropertyId`, `propertyValue`)
VALUES (8346, 1, 'Blue Pea');

INSERT INTO `ace_object_properties_int` (`aceObjectId`, `intPropertyId`, `propertyValue`)
VALUES (8346, 1, 4096);

INSERT INTO `ace_object_properties_int` (`aceObjectId`, `intPropertyId`, `propertyValue`)
VALUES (8346, 5, 40);

INSERT INTO `ace_object_properties_int` (`aceObjectId`, `intPropertyId`, `propertyValue`)
VALUES (8346, 11, 100);

INSERT INTO `ace_object_properties_int` (`aceObjectId`, `intPropertyId`, `propertyValue`)
VALUES (8346, 12, 4);

INSERT INTO `ace_object_properties_int` (`aceObjectId`, `intPropertyId`, `propertyValue`)
VALUES (8346, 16, 1);

INSERT INTO `ace_object_properties_int` (`aceObjectId`, `intPropertyId`, `propertyValue`)
VALUES (8346, 19, 12500);

INSERT INTO `ace_object_properties_double` (`aceObjectId`, `dblPropertyId`, `propertyValue`)
VALUES (8346, 39, 0.33);

INSERT INTO `ace_object_properties_int` (`aceObjectId`, `intPropertyId`, `propertyValue`)
VALUES (8346, 93, 1044);

INSERT INTO `ace_object_properties_bool` (`aceObjectId`, `boolPropertyId`, `propertyValue`)
VALUES (8346, 13, True);

INSERT INTO `ace_object_properties_bool` (`aceObjectId`, `boolPropertyId`, `propertyValue`)
VALUES (8346, 11, True);

INSERT INTO `ace_object_properties_bool` (`aceObjectId`, `boolPropertyId`, `propertyValue`)
VALUES (8346, 14, True);

INSERT INTO `ace_object_texture_map_change` (`aceObjectId`, `index`, `oldId`, `newId`)
VALUES (8346, 0, 83890928, 83890928);

INSERT INTO `ace_object_animation_change` (`aceObjectId`, `index`, `animationId`)
VALUES (8346, 0, 16781612);

INSERT INTO ace_weenie_class (`weenieClassId`, `weenieClassDescription`)
VALUES (8350, 'peataperindigo');

INSERT INTO `ace_object` (`aceObjectId`, `aceObjectDescriptionFlags`, `weenieClassId`, `weenieHeaderFlags`, `iconId`, `iconOverlayId`, `iconUnderlayId`, `modelTableId`, `soundTableId`, `motionTableId`, `currentMotionState`, `animationFrameId`, `physicsTableId`, `physicsDescriptionFlag`, `spellId`, `playScript`, `defaultScript`)
VALUES (8350, 2125848, 8350, 16, 100671106, NULL, NULL, 33555445, 536870932, NULL, NULL, 101, 872415275, 137345, NULL, NULL, NULL);

INSERT INTO `ace_object_properties_string` (`aceObjectId`, `strPropertyId`, `propertyValue`)
VALUES (8350, 1, 'Indigo Pea');

INSERT INTO `ace_object_properties_int` (`aceObjectId`, `intPropertyId`, `propertyValue`)
VALUES (8350, 1, 4096);

INSERT INTO `ace_object_properties_int` (`aceObjectId`, `intPropertyId`, `propertyValue`)
VALUES (8350, 5, 50);

INSERT INTO `ace_object_properties_int` (`aceObjectId`, `intPropertyId`, `propertyValue`)
VALUES (8350, 11, 100);

INSERT INTO `ace_object_properties_int` (`aceObjectId`, `intPropertyId`, `propertyValue`)
VALUES (8350, 12, 5);

INSERT INTO `ace_object_properties_int` (`aceObjectId`, `intPropertyId`, `propertyValue`)
VALUES (8350, 16, 1);

INSERT INTO `ace_object_properties_int` (`aceObjectId`, `intPropertyId`, `propertyValue`)
VALUES (8350, 19, 15625);

INSERT INTO `ace_object_properties_double` (`aceObjectId`, `dblPropertyId`, `propertyValue`)
VALUES (8350, 39, 0.33);

INSERT INTO `ace_object_properties_int` (`aceObjectId`, `intPropertyId`, `propertyValue`)
VALUES (8350, 93, 1044);

INSERT INTO `ace_object_properties_bool` (`aceObjectId`, `boolPropertyId`, `propertyValue`)
VALUES (8350, 13, True);

INSERT INTO `ace_object_properties_bool` (`aceObjectId`, `boolPropertyId`, `propertyValue`)
VALUES (8350, 11, True);

INSERT INTO `ace_object_properties_bool` (`aceObjectId`, `boolPropertyId`, `propertyValue`)
VALUES (8350, 14, True);

INSERT INTO `ace_object_texture_map_change` (`aceObjectId`, `index`, `oldId`, `newId`)
VALUES (8350, 0, 83890928, 83890935);

INSERT INTO `ace_object_animation_change` (`aceObjectId`, `index`, `animationId`)
VALUES (8350, 0, 16781612);

INSERT INTO ace_weenie_class (`weenieClassId`, `weenieClassDescription`)
VALUES (8351, 'peataperorange');

INSERT INTO `ace_object` (`aceObjectId`, `aceObjectDescriptionFlags`, `weenieClassId`, `weenieHeaderFlags`, `iconId`, `iconOverlayId`, `iconUnderlayId`, `modelTableId`, `soundTableId`, `motionTableId`, `currentMotionState`, `animationFrameId`, `physicsTableId`, `physicsDescriptionFlag`, `spellId`, `playScript`, `defaultScript`)
VALUES (8351, 2125848, 8351, 16, 100671107, NULL, NULL, 33555445, 536870932, NULL, NULL, 101, 872415275, 137345, NULL, NULL, NULL);

INSERT INTO `ace_object_properties_string` (`aceObjectId`, `strPropertyId`, `propertyValue`)
VALUES (8351, 1, 'Orange Pea');

INSERT INTO `ace_object_properties_int` (`aceObjectId`, `intPropertyId`, `propertyValue`)
VALUES (8351, 1, 4096);

INSERT INTO `ace_object_properties_int` (`aceObjectId`, `intPropertyId`, `propertyValue`)
VALUES (8351, 5, 40);

INSERT INTO `ace_object_properties_int` (`aceObjectId`, `intPropertyId`, `propertyValue`)
VALUES (8351, 11, 100);

INSERT INTO `ace_object_properties_int` (`aceObjectId`, `intPropertyId`, `propertyValue`)
VALUES (8351, 12, 4);

INSERT INTO `ace_object_properties_int` (`aceObjectId`, `intPropertyId`, `propertyValue`)
VALUES (8351, 16, 1);

INSERT INTO `ace_object_properties_int` (`aceObjectId`, `intPropertyId`, `propertyValue`)
VALUES (8351, 19, 12500);

INSERT INTO `ace_object_properties_double` (`aceObjectId`, `dblPropertyId`, `propertyValue`)
VALUES (8351, 39, 0.33);

INSERT INTO `ace_object_properties_int` (`aceObjectId`, `intPropertyId`, `propertyValue`)
VALUES (8351, 93, 1044);

INSERT INTO `ace_object_properties_bool` (`aceObjectId`, `boolPropertyId`, `propertyValue`)
VALUES (8351, 13, True);

INSERT INTO `ace_object_properties_bool` (`aceObjectId`, `boolPropertyId`, `propertyValue`)
VALUES (8351, 11, True);

INSERT INTO `ace_object_properties_bool` (`aceObjectId`, `boolPropertyId`, `propertyValue`)
VALUES (8351, 14, True);

INSERT INTO `ace_object_texture_map_change` (`aceObjectId`, `index`, `oldId`, `newId`)
VALUES (8351, 0, 83890928, 83890936);

INSERT INTO `ace_object_animation_change` (`aceObjectId`, `index`, `animationId`)
VALUES (8351, 0, 16781612);

INSERT INTO ace_weenie_class (`weenieClassId`, `weenieClassDescription`)
VALUES (8347, 'peataperbrown');

INSERT INTO `ace_object` (`aceObjectId`, `aceObjectDescriptionFlags`, `weenieClassId`, `weenieHeaderFlags`, `iconId`, `iconOverlayId`, `iconUnderlayId`, `modelTableId`, `soundTableId`, `motionTableId`, `currentMotionState`, `animationFrameId`, `physicsTableId`, `physicsDescriptionFlag`, `spellId`, `playScript`, `defaultScript`)
VALUES (8347, 2125848, 8347, 16, 100671103, NULL, NULL, 33555445, 536870932, NULL, NULL, 101, 872415275, 137345, NULL, NULL, NULL);

INSERT INTO `ace_object_properties_string` (`aceObjectId`, `strPropertyId`, `propertyValue`)
VALUES (8347, 1, 'Brown Pea');

INSERT INTO `ace_object_properties_int` (`aceObjectId`, `intPropertyId`, `propertyValue`)
VALUES (8347, 1, 4096);

INSERT INTO `ace_object_properties_int` (`aceObjectId`, `intPropertyId`, `propertyValue`)
VALUES (8347, 5, 50);

INSERT INTO `ace_object_properties_int` (`aceObjectId`, `intPropertyId`, `propertyValue`)
VALUES (8347, 11, 100);

INSERT INTO `ace_object_properties_int` (`aceObjectId`, `intPropertyId`, `propertyValue`)
VALUES (8347, 12, 5);

INSERT INTO `ace_object_properties_int` (`aceObjectId`, `intPropertyId`, `propertyValue`)
VALUES (8347, 16, 1);

INSERT INTO `ace_object_properties_int` (`aceObjectId`, `intPropertyId`, `propertyValue`)
VALUES (8347, 19, 15625);

INSERT INTO `ace_object_properties_double` (`aceObjectId`, `dblPropertyId`, `propertyValue`)
VALUES (8347, 39, 0.33);

INSERT INTO `ace_object_properties_int` (`aceObjectId`, `intPropertyId`, `propertyValue`)
VALUES (8347, 93, 1044);

INSERT INTO `ace_object_properties_bool` (`aceObjectId`, `boolPropertyId`, `propertyValue`)
VALUES (8347, 13, True);

INSERT INTO `ace_object_properties_bool` (`aceObjectId`, `boolPropertyId`, `propertyValue`)
VALUES (8347, 11, True);

INSERT INTO `ace_object_properties_bool` (`aceObjectId`, `boolPropertyId`, `propertyValue`)
VALUES (8347, 14, True);

INSERT INTO `ace_object_texture_map_change` (`aceObjectId`, `index`, `oldId`, `newId`)
VALUES (8347, 0, 83890928, 83890933);

INSERT INTO `ace_object_animation_change` (`aceObjectId`, `index`, `animationId`)
VALUES (8347, 0, 16781612);

INSERT INTO ace_weenie_class (`weenieClassId`, `weenieClassDescription`)
VALUES (8294, 'peaherbhyssop');

INSERT INTO `ace_object` (`aceObjectId`, `aceObjectDescriptionFlags`, `weenieClassId`, `weenieHeaderFlags`, `iconId`, `iconOverlayId`, `iconUnderlayId`, `modelTableId`, `soundTableId`, `motionTableId`, `currentMotionState`, `animationFrameId`, `physicsTableId`, `physicsDescriptionFlag`, `spellId`, `playScript`, `defaultScript`)
VALUES (8294, 2125848, 8294, 16, 100671052, NULL, NULL, 33554817, 536870932, NULL, NULL, 101, 872415275, 137345, NULL, NULL, NULL);

INSERT INTO `ace_object_properties_string` (`aceObjectId`, `strPropertyId`, `propertyValue`)
VALUES (8294, 1, 'Hyssop Pea');

INSERT INTO `ace_object_properties_int` (`aceObjectId`, `intPropertyId`, `propertyValue`)
VALUES (8294, 1, 4096);

INSERT INTO `ace_object_properties_int` (`aceObjectId`, `intPropertyId`, `propertyValue`)
VALUES (8294, 5, 50);

INSERT INTO `ace_object_properties_int` (`aceObjectId`, `intPropertyId`, `propertyValue`)
VALUES (8294, 11, 100);

INSERT INTO `ace_object_properties_int` (`aceObjectId`, `intPropertyId`, `propertyValue`)
VALUES (8294, 12, 5);

INSERT INTO `ace_object_properties_int` (`aceObjectId`, `intPropertyId`, `propertyValue`)
VALUES (8294, 16, 1);

INSERT INTO `ace_object_properties_int` (`aceObjectId`, `intPropertyId`, `propertyValue`)
VALUES (8294, 19, 6250);

INSERT INTO `ace_object_properties_double` (`aceObjectId`, `dblPropertyId`, `propertyValue`)
VALUES (8294, 39, 0.33);

INSERT INTO `ace_object_properties_int` (`aceObjectId`, `intPropertyId`, `propertyValue`)
VALUES (8294, 93, 1044);

INSERT INTO `ace_object_properties_bool` (`aceObjectId`, `boolPropertyId`, `propertyValue`)
VALUES (8294, 13, True);

INSERT INTO `ace_object_properties_bool` (`aceObjectId`, `boolPropertyId`, `propertyValue`)
VALUES (8294, 11, True);

INSERT INTO `ace_object_properties_bool` (`aceObjectId`, `boolPropertyId`, `propertyValue`)
VALUES (8294, 14, True);

INSERT INTO `ace_object_texture_map_change` (`aceObjectId`, `index`, `oldId`, `newId`)
VALUES (8294, 0, 83890064, 83889696);

INSERT INTO `ace_object_animation_change` (`aceObjectId`, `index`, `animationId`)
VALUES (8294, 0, 16777882);

INSERT INTO ace_weenie_class (`weenieClassId`, `weenieClassDescription`)
VALUES (8292, 'peaherbhawthorn');

INSERT INTO `ace_object` (`aceObjectId`, `aceObjectDescriptionFlags`, `weenieClassId`, `weenieHeaderFlags`, `iconId`, `iconOverlayId`, `iconUnderlayId`, `modelTableId`, `soundTableId`, `motionTableId`, `currentMotionState`, `animationFrameId`, `physicsTableId`, `physicsDescriptionFlag`, `spellId`, `playScript`, `defaultScript`)
VALUES (8292, 2125848, 8292, 16, 100671050, NULL, NULL, 33554817, 536870932, NULL, NULL, 101, 872415275, 137345, NULL, NULL, NULL);

INSERT INTO `ace_object_properties_string` (`aceObjectId`, `strPropertyId`, `propertyValue`)
VALUES (8292, 1, 'Hawthorn Pea');

INSERT INTO `ace_object_properties_int` (`aceObjectId`, `intPropertyId`, `propertyValue`)
VALUES (8292, 1, 4096);

INSERT INTO `ace_object_properties_int` (`aceObjectId`, `intPropertyId`, `propertyValue`)
VALUES (8292, 5, 50);

INSERT INTO `ace_object_properties_int` (`aceObjectId`, `intPropertyId`, `propertyValue`)
VALUES (8292, 11, 100);

INSERT INTO `ace_object_properties_int` (`aceObjectId`, `intPropertyId`, `propertyValue`)
VALUES (8292, 12, 5);

INSERT INTO `ace_object_properties_int` (`aceObjectId`, `intPropertyId`, `propertyValue`)
VALUES (8292, 16, 1);

INSERT INTO `ace_object_properties_int` (`aceObjectId`, `intPropertyId`, `propertyValue`)
VALUES (8292, 19, 6250);

INSERT INTO `ace_object_properties_double` (`aceObjectId`, `dblPropertyId`, `propertyValue`)
VALUES (8292, 39, 0.33);

INSERT INTO `ace_object_properties_int` (`aceObjectId`, `intPropertyId`, `propertyValue`)
VALUES (8292, 93, 1044);

INSERT INTO `ace_object_properties_bool` (`aceObjectId`, `boolPropertyId`, `propertyValue`)
VALUES (8292, 13, True);

INSERT INTO `ace_object_properties_bool` (`aceObjectId`, `boolPropertyId`, `propertyValue`)
VALUES (8292, 11, True);

INSERT INTO `ace_object_properties_bool` (`aceObjectId`, `boolPropertyId`, `propertyValue`)
VALUES (8292, 14, True);

INSERT INTO `ace_object_texture_map_change` (`aceObjectId`, `index`, `oldId`, `newId`)
VALUES (8292, 0, 83890064, 83889696);

INSERT INTO `ace_object_animation_change` (`aceObjectId`, `index`, `animationId`)
VALUES (8292, 0, 16777882);

INSERT INTO ace_weenie_class (`weenieClassId`, `weenieClassDescription`)
VALUES (8315, 'peapowderamber');

INSERT INTO `ace_object` (`aceObjectId`, `aceObjectDescriptionFlags`, `weenieClassId`, `weenieHeaderFlags`, `iconId`, `iconOverlayId`, `iconUnderlayId`, `modelTableId`, `soundTableId`, `motionTableId`, `currentMotionState`, `animationFrameId`, `physicsTableId`, `physicsDescriptionFlag`, `spellId`, `playScript`, `defaultScript`)
VALUES (8315, 2125848, 8315, 16, 100671072, NULL, NULL, 33555208, 536870932, NULL, NULL, 101, 872415275, 137345, NULL, NULL, NULL);

INSERT INTO `ace_object_properties_string` (`aceObjectId`, `strPropertyId`, `propertyValue`)
VALUES (8315, 1, 'Powdered Amber Pea');

INSERT INTO `ace_object_properties_int` (`aceObjectId`, `intPropertyId`, `propertyValue`)
VALUES (8315, 1, 4096);

INSERT INTO `ace_object_properties_int` (`aceObjectId`, `intPropertyId`, `propertyValue`)
VALUES (8315, 3, 67111919);

INSERT INTO `ace_object_properties_int` (`aceObjectId`, `intPropertyId`, `propertyValue`)
VALUES (8315, 5, 50);

INSERT INTO `ace_object_properties_int` (`aceObjectId`, `intPropertyId`, `propertyValue`)
VALUES (8315, 11, 100);

INSERT INTO `ace_object_properties_int` (`aceObjectId`, `intPropertyId`, `propertyValue`)
VALUES (8315, 12, 5);

INSERT INTO `ace_object_properties_int` (`aceObjectId`, `intPropertyId`, `propertyValue`)
VALUES (8315, 16, 1);

INSERT INTO `ace_object_properties_int` (`aceObjectId`, `intPropertyId`, `propertyValue`)
VALUES (8315, 19, 3125);

INSERT INTO `ace_object_properties_double` (`aceObjectId`, `dblPropertyId`, `propertyValue`)
VALUES (8315, 39, 0.33);

INSERT INTO `ace_object_properties_int` (`aceObjectId`, `intPropertyId`, `propertyValue`)
VALUES (8315, 93, 1044);

INSERT INTO `ace_object_properties_bool` (`aceObjectId`, `boolPropertyId`, `propertyValue`)
VALUES (8315, 13, True);

INSERT INTO `ace_object_properties_bool` (`aceObjectId`, `boolPropertyId`, `propertyValue`)
VALUES (8315, 11, True);

INSERT INTO `ace_object_properties_bool` (`aceObjectId`, `boolPropertyId`, `propertyValue`)
VALUES (8315, 14, True);

INSERT INTO `ace_object_palette_change` (`aceObjectId`, `subPaletteId`, `offset`, `length`)
VALUES (8315, 67111920, 0, 0);

INSERT INTO `ace_object_texture_map_change` (`aceObjectId`, `index`, `oldId`, `newId`)
VALUES (8315, 0, 83890080, 83890080);

INSERT INTO `ace_object_animation_change` (`aceObjectId`, `index`, `animationId`)
VALUES (8315, 0, 16780681);

INSERT INTO ace_weenie_class (`weenieClassId`, `weenieClassDescription`)
VALUES (8343, 'peatalismanrowan');

INSERT INTO `ace_object` (`aceObjectId`, `aceObjectDescriptionFlags`, `weenieClassId`, `weenieHeaderFlags`, `iconId`, `iconOverlayId`, `iconUnderlayId`, `modelTableId`, `soundTableId`, `motionTableId`, `currentMotionState`, `animationFrameId`, `physicsTableId`, `physicsDescriptionFlag`, `spellId`, `playScript`, `defaultScript`)
VALUES (8343, 2125848, 8343, 16, 100671086, NULL, NULL, 33555207, 536870932, NULL, NULL, 101, 872415275, 137345, NULL, NULL, NULL);

INSERT INTO `ace_object_properties_string` (`aceObjectId`, `strPropertyId`, `propertyValue`)
VALUES (8343, 1, 'Rowan Pea');

INSERT INTO `ace_object_properties_int` (`aceObjectId`, `intPropertyId`, `propertyValue`)
VALUES (8343, 1, 4096);

INSERT INTO `ace_object_properties_int` (`aceObjectId`, `intPropertyId`, `propertyValue`)
VALUES (8343, 3, 67111919);

INSERT INTO `ace_object_properties_int` (`aceObjectId`, `intPropertyId`, `propertyValue`)
VALUES (8343, 5, 50);

INSERT INTO `ace_object_properties_int` (`aceObjectId`, `intPropertyId`, `propertyValue`)
VALUES (8343, 11, 100);

INSERT INTO `ace_object_properties_int` (`aceObjectId`, `intPropertyId`, `propertyValue`)
VALUES (8343, 12, 5);

INSERT INTO `ace_object_properties_int` (`aceObjectId`, `intPropertyId`, `propertyValue`)
VALUES (8343, 16, 1);

INSERT INTO `ace_object_properties_int` (`aceObjectId`, `intPropertyId`, `propertyValue`)
VALUES (8343, 19, 1250);

INSERT INTO `ace_object_properties_double` (`aceObjectId`, `dblPropertyId`, `propertyValue`)
VALUES (8343, 39, 0.33);

INSERT INTO `ace_object_properties_int` (`aceObjectId`, `intPropertyId`, `propertyValue`)
VALUES (8343, 93, 1044);

INSERT INTO `ace_object_properties_bool` (`aceObjectId`, `boolPropertyId`, `propertyValue`)
VALUES (8343, 13, True);

INSERT INTO `ace_object_properties_bool` (`aceObjectId`, `boolPropertyId`, `propertyValue`)
VALUES (8343, 11, True);

INSERT INTO `ace_object_properties_bool` (`aceObjectId`, `boolPropertyId`, `propertyValue`)
VALUES (8343, 14, True);

INSERT INTO `ace_object_palette_change` (`aceObjectId`, `subPaletteId`, `offset`, `length`)
VALUES (8343, 67111919, 0, 0);

INSERT INTO `ace_object_texture_map_change` (`aceObjectId`, `index`, `oldId`, `newId`)
VALUES (8343, 0, 83890069, 83890069);

INSERT INTO `ace_object_animation_change` (`aceObjectId`, `index`, `animationId`)
VALUES (8343, 0, 16780687);

INSERT INTO ace_weenie_class (`weenieClassId`, `weenieClassDescription`)
VALUES (8285, 'peaherbbistort');

INSERT INTO `ace_object` (`aceObjectId`, `aceObjectDescriptionFlags`, `weenieClassId`, `weenieHeaderFlags`, `iconId`, `iconOverlayId`, `iconUnderlayId`, `modelTableId`, `soundTableId`, `motionTableId`, `currentMotionState`, `animationFrameId`, `physicsTableId`, `physicsDescriptionFlag`, `spellId`, `playScript`, `defaultScript`)
VALUES (8285, 2125848, 8285, 16, 100671053, NULL, NULL, 33554817, 536870932, NULL, NULL, 101, 872415275, 137345, NULL, NULL, NULL);

INSERT INTO `ace_object_properties_string` (`aceObjectId`, `strPropertyId`, `propertyValue`)
VALUES (8285, 1, 'Bistort Pea');

INSERT INTO `ace_object_properties_int` (`aceObjectId`, `intPropertyId`, `propertyValue`)
VALUES (8285, 1, 4096);

INSERT INTO `ace_object_properties_int` (`aceObjectId`, `intPropertyId`, `propertyValue`)
VALUES (8285, 5, 10);

INSERT INTO `ace_object_properties_int` (`aceObjectId`, `intPropertyId`, `propertyValue`)
VALUES (8285, 11, 100);

INSERT INTO `ace_object_properties_int` (`aceObjectId`, `intPropertyId`, `propertyValue`)
VALUES (8285, 12, 1);

INSERT INTO `ace_object_properties_int` (`aceObjectId`, `intPropertyId`, `propertyValue`)
VALUES (8285, 16, 1);

INSERT INTO `ace_object_properties_int` (`aceObjectId`, `intPropertyId`, `propertyValue`)
VALUES (8285, 19, 1250);

INSERT INTO `ace_object_properties_double` (`aceObjectId`, `dblPropertyId`, `propertyValue`)
VALUES (8285, 39, 0.33);

INSERT INTO `ace_object_properties_int` (`aceObjectId`, `intPropertyId`, `propertyValue`)
VALUES (8285, 93, 1044);

INSERT INTO `ace_object_properties_bool` (`aceObjectId`, `boolPropertyId`, `propertyValue`)
VALUES (8285, 13, True);

INSERT INTO `ace_object_properties_bool` (`aceObjectId`, `boolPropertyId`, `propertyValue`)
VALUES (8285, 11, True);

INSERT INTO `ace_object_properties_bool` (`aceObjectId`, `boolPropertyId`, `propertyValue`)
VALUES (8285, 14, True);

INSERT INTO `ace_object_texture_map_change` (`aceObjectId`, `index`, `oldId`, `newId`)
VALUES (8285, 0, 83890064, 83889696);

INSERT INTO `ace_object_animation_change` (`aceObjectId`, `index`, `animationId`)
VALUES (8285, 0, 16777882);

