INSERT INTO `base_ace_object` (`baseAceObjectId`, `name`, `typeId`, `paletteId`, `ammoType`, `blipColor`, `bitField`, `burden`, `combatUse`, `cooldownDuration`, `cooldownId`, `effects`, `containersCapacity`, `header`, `hookTypeId`, `iconId`, `iconOverlayId`, `iconUnderlayId`, `hookItemTypes`, `itemsCapacity`, `location`, `materialType`, `maxStackSize`, `maxStructure`, `radar`, `pscript`, `spellId`, `stackSize`, `structure`, `targetTypeId`, `usability`, `useRadius`, `validLocations`, `value`, `workmanship`, `animationFrameId`, `defaultScript`, `defaultScriptIntensity`, `elasticity`, `friction`, `locationId`, `modelTableId`, `objectScale`, `physicsBitField`, `physicsTableId`, `motionTableId`, `soundTableId`, `physicsState`, `translucency`, `currentMotionState`)
VALUES (19194, 'Nullified Statue of a Banderling', 8192, 67109303, 0, 0, 20, 1800, 0, 0, 0, 0, 0, 2097168, 0, 100667453, 0, 0, 0, 0, 0, 0, 0, 0, 0, 0, 0, 0, 0, 0, 1, 0, 0, 0, 0, 0, 0, 0, 0, 0, 0, 33554481, 3.5, 100483, 0, 150995161, 536871052, 1048, 0, 'AAA9AAAAAAA=');

INSERT INTO weenie_class (`weenieClassId`, `baseAceObjectId`)
VALUES (19194, 19194);

INSERT INTO `weenie_palette_changes` (`weenieClassId`, `subPaletteId`, `offset`, `length`)
VALUES (19194, 67113810, 0, 0);

INSERT INTO `base_ace_object` (`baseAceObjectId`, `name`, `typeId`, `paletteId`, `ammoType`, `blipColor`, `bitField`, `burden`, `combatUse`, `cooldownDuration`, `cooldownId`, `effects`, `containersCapacity`, `header`, `hookTypeId`, `iconId`, `iconOverlayId`, `iconUnderlayId`, `hookItemTypes`, `itemsCapacity`, `location`, `materialType`, `maxStackSize`, `maxStructure`, `radar`, `pscript`, `spellId`, `stackSize`, `structure`, `targetTypeId`, `usability`, `useRadius`, `validLocations`, `value`, `workmanship`, `animationFrameId`, `defaultScript`, `defaultScriptIntensity`, `elasticity`, `friction`, `locationId`, `modelTableId`, `objectScale`, `physicsBitField`, `physicsTableId`, `motionTableId`, `soundTableId`, `physicsState`, `translucency`, `currentMotionState`)
VALUES (19201, 'Nullified Statue of a Reedshark', 8192, 67109313, 0, 0, 20, 1800, 0, 0, 0, 0, 0, 2097168, 0, 100667939, 0, 0, 0, 0, 0, 0, 0, 0, 0, 0, 0, 0, 0, 0, 1, 0, 0, 0, 0, 0, 0, 0, 0, 0, 0, 33554489, 4, 100483, 0, 150995159, 536871052, 1048, 0, 'AAA9AAAAAAA=');

INSERT INTO weenie_class (`weenieClassId`, `baseAceObjectId`)
VALUES (19201, 19201);

INSERT INTO `weenie_palette_changes` (`weenieClassId`, `subPaletteId`, `offset`, `length`)
VALUES (19201, 67113802, 0, 0);

INSERT INTO `base_ace_object` (`baseAceObjectId`, `name`, `typeId`, `paletteId`, `ammoType`, `blipColor`, `bitField`, `burden`, `combatUse`, `cooldownDuration`, `cooldownId`, `effects`, `containersCapacity`, `header`, `hookTypeId`, `iconId`, `iconOverlayId`, `iconUnderlayId`, `hookItemTypes`, `itemsCapacity`, `location`, `materialType`, `maxStackSize`, `maxStructure`, `radar`, `pscript`, `spellId`, `stackSize`, `structure`, `targetTypeId`, `usability`, `useRadius`, `validLocations`, `value`, `workmanship`, `animationFrameId`, `defaultScript`, `defaultScriptIntensity`, `elasticity`, `friction`, `locationId`, `modelTableId`, `objectScale`, `physicsBitField`, `physicsTableId`, `motionTableId`, `soundTableId`, `physicsState`, `translucency`, `currentMotionState`)
VALUES (19197, 'Nullified Statue of a Golem', 8192, 67112775, 0, 0, 20, 1800, 0, 0, 0, 0, 0, 2097168, 0, 100667940, 0, 0, 0, 0, 0, 0, 0, 0, 0, 0, 0, 0, 0, 0, 1, 0, 0, 0, 0, 0, 0, 0, 0, 0, 0, 33556426, 3, 100483, 0, 150995163, 536871052, 1048, 0, 'AAA9AAAAAAA=');

INSERT INTO weenie_class (`weenieClassId`, `baseAceObjectId`)
VALUES (19197, 19197);

INSERT INTO `weenie_palette_changes` (`weenieClassId`, `subPaletteId`, `offset`, `length`)
VALUES (19197, 67113808, 0, 0);

INSERT INTO `base_ace_object` (`baseAceObjectId`, `name`, `typeId`, `paletteId`, `ammoType`, `blipColor`, `bitField`, `burden`, `combatUse`, `cooldownDuration`, `cooldownId`, `effects`, `containersCapacity`, `header`, `hookTypeId`, `iconId`, `iconOverlayId`, `iconUnderlayId`, `hookItemTypes`, `itemsCapacity`, `location`, `materialType`, `maxStackSize`, `maxStructure`, `radar`, `pscript`, `spellId`, `stackSize`, `structure`, `targetTypeId`, `usability`, `useRadius`, `validLocations`, `value`, `workmanship`, `animationFrameId`, `defaultScript`, `defaultScriptIntensity`, `elasticity`, `friction`, `locationId`, `modelTableId`, `objectScale`, `physicsBitField`, `physicsTableId`, `motionTableId`, `soundTableId`, `physicsState`, `translucency`, `currentMotionState`)
VALUES (21282, 'Destroyed Statue of a Reedshark', 8192, 67109313, 0, 0, 20, 1800, 0, 0, 0, 0, 0, 2097168, 0, 100667939, 0, 0, 0, 0, 0, 0, 0, 0, 0, 0, 0, 0, 0, 0, 1, 0, 0, 0, 0, 0, 0, 0, 0, 0, 0, 33554489, 4, 100483, 0, 150995216, 536871052, 1048, 0, 'AAA9AAAAAAA=');

INSERT INTO weenie_class (`weenieClassId`, `baseAceObjectId`)
VALUES (21282, 21282);

INSERT INTO `weenie_palette_changes` (`weenieClassId`, `subPaletteId`, `offset`, `length`)
VALUES (21282, 67113802, 0, 0);

INSERT INTO `base_ace_object` (`baseAceObjectId`, `name`, `typeId`, `paletteId`, `ammoType`, `blipColor`, `bitField`, `burden`, `combatUse`, `cooldownDuration`, `cooldownId`, `effects`, `containersCapacity`, `header`, `hookTypeId`, `iconId`, `iconOverlayId`, `iconUnderlayId`, `hookItemTypes`, `itemsCapacity`, `location`, `materialType`, `maxStackSize`, `maxStructure`, `radar`, `pscript`, `spellId`, `stackSize`, `structure`, `targetTypeId`, `usability`, `useRadius`, `validLocations`, `value`, `workmanship`, `animationFrameId`, `defaultScript`, `defaultScriptIntensity`, `elasticity`, `friction`, `locationId`, `modelTableId`, `objectScale`, `physicsBitField`, `physicsTableId`, `motionTableId`, `soundTableId`, `physicsState`, `translucency`, `currentMotionState`)
VALUES (19202, 'Nullified Statue of a Sclavus', 8192, 67111936, 0, 0, 20, 1800, 0, 0, 0, 0, 0, 2097168, 0, 100669120, 0, 0, 0, 0, 0, 0, 0, 0, 0, 0, 0, 0, 0, 0, 1, 0, 0, 0, 0, 0, 0, 0, 0, 0, 0, 33555608, 4, 100483, 0, 150995168, 536871052, 1048, 0, 'AAA9AAAAAAA=');

INSERT INTO weenie_class (`weenieClassId`, `baseAceObjectId`)
VALUES (19202, 19202);

INSERT INTO `weenie_palette_changes` (`weenieClassId`, `subPaletteId`, `offset`, `length`)
VALUES (19202, 67113813, 0, 0);

INSERT INTO `base_ace_object` (`baseAceObjectId`, `name`, `typeId`, `paletteId`, `ammoType`, `blipColor`, `bitField`, `burden`, `combatUse`, `cooldownDuration`, `cooldownId`, `effects`, `containersCapacity`, `header`, `hookTypeId`, `iconId`, `iconOverlayId`, `iconUnderlayId`, `hookItemTypes`, `itemsCapacity`, `location`, `materialType`, `maxStackSize`, `maxStructure`, `radar`, `pscript`, `spellId`, `stackSize`, `structure`, `targetTypeId`, `usability`, `useRadius`, `validLocations`, `value`, `workmanship`, `animationFrameId`, `defaultScript`, `defaultScriptIntensity`, `elasticity`, `friction`, `locationId`, `modelTableId`, `objectScale`, `physicsBitField`, `physicsTableId`, `motionTableId`, `soundTableId`, `physicsState`, `translucency`, `currentMotionState`)
VALUES (19203, 'Nullified Statue of a Shadow', 8192, 67108990, 0, 0, 20, 1800, 0, 0, 0, 0, 0, 2097168, 0, 100670397, 0, 0, 0, 0, 0, 0, 0, 0, 0, 0, 0, 0, 0, 0, 1, 0, 0, 0, 0, 0, 0, 0, 0, 0, 0, 33554433, 4, 100483, 0, 150995169, 536871052, 1048, 0, 'AAA9AAAAAAA=');

INSERT INTO weenie_class (`weenieClassId`, `baseAceObjectId`)
VALUES (19203, 19203);

INSERT INTO `weenie_palette_changes` (`weenieClassId`, `subPaletteId`, `offset`, `length`)
VALUES (19203, 67113866, 0, 0);

INSERT INTO `base_ace_object` (`baseAceObjectId`, `name`, `typeId`, `paletteId`, `ammoType`, `blipColor`, `bitField`, `burden`, `combatUse`, `cooldownDuration`, `cooldownId`, `effects`, `containersCapacity`, `header`, `hookTypeId`, `iconId`, `iconOverlayId`, `iconUnderlayId`, `hookItemTypes`, `itemsCapacity`, `location`, `materialType`, `maxStackSize`, `maxStructure`, `radar`, `pscript`, `spellId`, `stackSize`, `structure`, `targetTypeId`, `usability`, `useRadius`, `validLocations`, `value`, `workmanship`, `animationFrameId`, `defaultScript`, `defaultScriptIntensity`, `elasticity`, `friction`, `locationId`, `modelTableId`, `objectScale`, `physicsBitField`, `physicsTableId`, `motionTableId`, `soundTableId`, `physicsState`, `translucency`, `currentMotionState`)
VALUES (19195, 'Nullified Statue of Ben Ten', 8192, 67108990, 0, 0, 20, 1800, 0, 0, 0, 0, 0, 2097168, 0, 100667446, 0, 0, 0, 0, 0, 0, 0, 0, 0, 0, 0, 0, 0, 0, 1, 0, 0, 0, 0, 0, 0, 0, 0, 0, 0, 33554510, 4, 100483, 0, 150995175, 536871052, 1048, 0, 'AAA9AAAAAAA=');

INSERT INTO weenie_class (`weenieClassId`, `baseAceObjectId`)
VALUES (19195, 19195);

INSERT INTO `weenie_palette_changes` (`weenieClassId`, `subPaletteId`, `offset`, `length`)
VALUES (19195, 67113833, 0, 0);

INSERT INTO `weenie_texture_map_changes` (`weenieClassId`, `index`, `oldId`, `newId`)
VALUES (19195, 0, 83892345, 83892364)
     , (19195, 0, 83892344, 83892344)
     , (19195, 1, 83892352, 83892352)
     , (19195, 2, 83892351, 83892351)
     , (19195, 5, 83892352, 83892352)
     , (19195, 6, 83892351, 83892351)
     , (19195, 9, 83891974, 83892367)
     , (19195, 9, 83891968, 83892368)
     , (19195, 10, 83892347, 83892347)
     , (19195, 11, 83892346, 83892346)
     , (19195, 13, 83892347, 83892347)
     , (19195, 14, 83892346, 83892346)
     , (19195, 16, 83886668, 83890263)
     , (19195, 16, 83886684, 83890339)
     , (19195, 16, 83886837, 83890304);

INSERT INTO `weenie_animation_changes` (`weenieClassId`, `index`, `animationId`)
VALUES (19195, 0, 16783897)
     , (19195, 1, 16783885)
     , (19195, 2, 16783878)
     , (19195, 3, 16777708)
     , (19195, 4, 16777708)
     , (19195, 5, 16783889)
     , (19195, 6, 16783881)
     , (19195, 7, 16777708)
     , (19195, 8, 16777708)
     , (19195, 9, 16783714)
     , (19195, 10, 16783863)
     , (19195, 11, 16783855)
     , (19195, 13, 16783871)
     , (19195, 14, 16783855)
     , (19195, 16, 16783891);

INSERT INTO `base_ace_object` (`baseAceObjectId`, `name`, `typeId`, `paletteId`, `ammoType`, `blipColor`, `bitField`, `burden`, `combatUse`, `cooldownDuration`, `cooldownId`, `effects`, `containersCapacity`, `header`, `hookTypeId`, `iconId`, `iconOverlayId`, `iconUnderlayId`, `hookItemTypes`, `itemsCapacity`, `location`, `materialType`, `maxStackSize`, `maxStructure`, `radar`, `pscript`, `spellId`, `stackSize`, `structure`, `targetTypeId`, `usability`, `useRadius`, `validLocations`, `value`, `workmanship`, `animationFrameId`, `defaultScript`, `defaultScriptIntensity`, `elasticity`, `friction`, `locationId`, `modelTableId`, `objectScale`, `physicsBitField`, `physicsTableId`, `motionTableId`, `soundTableId`, `physicsState`, `translucency`, `currentMotionState`)
VALUES (19204, 'Nullified Statue of a Skeleton', 8192, 67116522, 0, 0, 20, 1800, 0, 0, 0, 0, 0, 2097168, 0, 100669124, 0, 0, 0, 0, 0, 0, 0, 0, 0, 0, 0, 0, 0, 0, 1, 0, 0, 0, 0, 0, 0, 0, 0, 0, 0, 33554521, 4, 100483, 0, 150995170, 536871052, 1048, 0, 'AAA9AAAAAAA=');

INSERT INTO weenie_class (`weenieClassId`, `baseAceObjectId`)
VALUES (19204, 19204);

INSERT INTO `weenie_palette_changes` (`weenieClassId`, `subPaletteId`, `offset`, `length`)
VALUES (19204, 67116534, 0, 0);

INSERT INTO `base_ace_object` (`baseAceObjectId`, `name`, `typeId`, `paletteId`, `ammoType`, `blipColor`, `bitField`, `burden`, `combatUse`, `cooldownDuration`, `cooldownId`, `effects`, `containersCapacity`, `header`, `hookTypeId`, `iconId`, `iconOverlayId`, `iconUnderlayId`, `hookItemTypes`, `itemsCapacity`, `location`, `materialType`, `maxStackSize`, `maxStructure`, `radar`, `pscript`, `spellId`, `stackSize`, `structure`, `targetTypeId`, `usability`, `useRadius`, `validLocations`, `value`, `workmanship`, `animationFrameId`, `defaultScript`, `defaultScriptIntensity`, `elasticity`, `friction`, `locationId`, `modelTableId`, `objectScale`, `physicsBitField`, `physicsTableId`, `motionTableId`, `soundTableId`, `physicsState`, `translucency`, `currentMotionState`)
VALUES (19196, 'Nullified Statue of a Drudge', 8192, 67112812, 0, 0, 20, 1800, 0, 0, 0, 0, 0, 2097168, 0, 100667445, 0, 0, 0, 0, 0, 0, 0, 0, 0, 0, 0, 0, 0, 0, 1, 0, 0, 0, 0, 0, 0, 0, 0, 0, 0, 33556445, 3.5, 100483, 0, 150995162, 536871052, 1048, 0, 'AAA9AAAAAAA=');

INSERT INTO weenie_class (`weenieClassId`, `baseAceObjectId`)
VALUES (19196, 19196);

INSERT INTO `weenie_palette_changes` (`weenieClassId`, `subPaletteId`, `offset`, `length`)
VALUES (19196, 67113809, 0, 0);

INSERT INTO `weenie_texture_map_changes` (`weenieClassId`, `index`, `oldId`, `newId`)
VALUES (19196, 1, 83892459, 83892460)
     , (19196, 1, 83892457, 83892458);

INSERT INTO `weenie_animation_changes` (`weenieClassId`, `index`, `animationId`)
VALUES (19196, 1, 16784273);

INSERT INTO `base_ace_object` (`baseAceObjectId`, `name`, `typeId`, `paletteId`, `ammoType`, `blipColor`, `bitField`, `burden`, `combatUse`, `cooldownDuration`, `cooldownId`, `effects`, `containersCapacity`, `header`, `hookTypeId`, `iconId`, `iconOverlayId`, `iconUnderlayId`, `hookItemTypes`, `itemsCapacity`, `location`, `materialType`, `maxStackSize`, `maxStructure`, `radar`, `pscript`, `spellId`, `stackSize`, `structure`, `targetTypeId`, `usability`, `useRadius`, `validLocations`, `value`, `workmanship`, `animationFrameId`, `defaultScript`, `defaultScriptIntensity`, `elasticity`, `friction`, `locationId`, `modelTableId`, `objectScale`, `physicsBitField`, `physicsTableId`, `motionTableId`, `soundTableId`, `physicsState`, `translucency`, `currentMotionState`)
VALUES (19206, 'Nullified Statue of a Tumerok', 8192, 67116625, 0, 0, 20, 1800, 0, 0, 0, 0, 0, 2097168, 0, 100667452, 0, 0, 0, 0, 0, 0, 0, 0, 0, 0, 0, 0, 0, 0, 1, 0, 0, 0, 0, 0, 0, 0, 0, 0, 0, 33559553, 4, 100483, 0, 150995171, 536871052, 1048, 0, 'AAA9AAAAAAA=');

INSERT INTO weenie_class (`weenieClassId`, `baseAceObjectId`)
VALUES (19206, 19206);

INSERT INTO `weenie_palette_changes` (`weenieClassId`, `subPaletteId`, `offset`, `length`)
VALUES (19206, 67116656, 0, 0);

INSERT INTO `base_ace_object` (`baseAceObjectId`, `name`, `typeId`, `paletteId`, `ammoType`, `blipColor`, `bitField`, `burden`, `combatUse`, `cooldownDuration`, `cooldownId`, `effects`, `containersCapacity`, `header`, `hookTypeId`, `iconId`, `iconOverlayId`, `iconUnderlayId`, `hookItemTypes`, `itemsCapacity`, `location`, `materialType`, `maxStackSize`, `maxStructure`, `radar`, `pscript`, `spellId`, `stackSize`, `structure`, `targetTypeId`, `usability`, `useRadius`, `validLocations`, `value`, `workmanship`, `animationFrameId`, `defaultScript`, `defaultScriptIntensity`, `elasticity`, `friction`, `locationId`, `modelTableId`, `objectScale`, `physicsBitField`, `physicsTableId`, `motionTableId`, `soundTableId`, `physicsState`, `translucency`, `currentMotionState`)
VALUES (19205, 'Nullified Statue of Thorsten Cragstone', 8192, 67108990, 0, 0, 20, 1800, 0, 0, 0, 0, 0, 2097168, 0, 100667446, 0, 0, 0, 0, 0, 0, 0, 0, 0, 0, 0, 0, 0, 0, 1, 0, 0, 0, 0, 0, 0, 0, 0, 0, 0, 33554433, 4, 100483, 0, 150995176, 536871052, 1048, 0, 'AAA9AAAAAAA=');

INSERT INTO weenie_class (`weenieClassId`, `baseAceObjectId`)
VALUES (19205, 19205);

INSERT INTO `weenie_palette_changes` (`weenieClassId`, `subPaletteId`, `offset`, `length`)
VALUES (19205, 67113806, 0, 0);

INSERT INTO `weenie_texture_map_changes` (`weenieClassId`, `index`, `oldId`, `newId`)
VALUES (19205, 9, 83887061, 83886692)
     , (19205, 9, 83887060, 83886776)
     , (19205, 0, 83889072, 83886815)
     , (19205, 0, 83889342, 83886816)
     , (19205, 10, 83886796, 83886809)
     , (19205, 13, 83886796, 83886809)
     , (19205, 11, 83886788, 83886797)
     , (19205, 14, 83886788, 83886797)
     , (19205, 5, 83887064, 83886800)
     , (19205, 1, 83887064, 83886800)
     , (19205, 6, 83887066, 83886799)
     , (19205, 2, 83887066, 83886799)
     , (19205, 3, 83889344, 83887054)
     , (19205, 7, 83889344, 83887054)
     , (19205, 4, 83887068, 83887054)
     , (19205, 8, 83887068, 83887054)
     , (19205, 12, 83887059, 83889343)
     , (19205, 15, 83887059, 83889343)
     , (19205, 16, 83886668, 83890503)
     , (19205, 16, 83886684, 83890636)
     , (19205, 16, 83886837, 83890547);

INSERT INTO `weenie_animation_changes` (`weenieClassId`, `index`, `animationId`)
VALUES (19205, 9, 16781837)
     , (19205, 0, 16781842)
     , (19205, 10, 16781829)
     , (19205, 13, 16781828)
     , (19205, 11, 16781812)
     , (19205, 14, 16781813)
     , (19205, 5, 16781846)
     , (19205, 1, 16781845)
     , (19205, 6, 16781843)
     , (19205, 2, 16781844)
     , (19205, 3, 16777292)
     , (19205, 7, 16777296)
     , (19205, 4, 16781816)
     , (19205, 8, 16781817)
     , (19205, 12, 16777334)
     , (19205, 15, 16777335)
     , (19205, 16, 16778313);

INSERT INTO `base_ace_object` (`baseAceObjectId`, `name`, `typeId`, `paletteId`, `ammoType`, `blipColor`, `bitField`, `burden`, `combatUse`, `cooldownDuration`, `cooldownId`, `effects`, `containersCapacity`, `header`, `hookTypeId`, `iconId`, `iconOverlayId`, `iconUnderlayId`, `hookItemTypes`, `itemsCapacity`, `location`, `materialType`, `maxStackSize`, `maxStructure`, `radar`, `pscript`, `spellId`, `stackSize`, `structure`, `targetTypeId`, `usability`, `useRadius`, `validLocations`, `value`, `workmanship`, `animationFrameId`, `defaultScript`, `defaultScriptIntensity`, `elasticity`, `friction`, `locationId`, `modelTableId`, `objectScale`, `physicsBitField`, `physicsTableId`, `motionTableId`, `soundTableId`, `physicsState`, `translucency`, `currentMotionState`)
VALUES (19200, 'Nullified Statue of a Mosswart', 8192, 67113400, 0, 0, 20, 1800, 0, 0, 0, 0, 0, 2097168, 0, 100667449, 0, 0, 0, 0, 0, 0, 0, 0, 0, 0, 0, 0, 0, 0, 1, 0, 0, 0, 0, 0, 0, 0, 0, 0, 0, 33557327, 3.5, 100483, 0, 150995166, 536871052, 1048, 0, 'AAA9AAAAAAA=');

INSERT INTO weenie_class (`weenieClassId`, `baseAceObjectId`)
VALUES (19200, 19200);

INSERT INTO `weenie_palette_changes` (`weenieClassId`, `subPaletteId`, `offset`, `length`)
VALUES (19200, 67113805, 0, 0);

INSERT INTO `weenie_texture_map_changes` (`weenieClassId`, `index`, `oldId`, `newId`)
VALUES (19200, 0, 83893769, 83893769)
     , (19200, 1, 83893768, 83893778)
     , (19200, 2, 83893766, 83893775)
     , (19200, 3, 83893766, 83893775)
     , (19200, 4, 83893766, 83893775)
     , (19200, 5, 83893766, 83893775)
     , (19200, 6, 83893766, 83893775)
     , (19200, 7, 83893766, 83893775)
     , (19200, 8, 83893767, 83893767)
     , (19200, 9, 83893768, 83893778)
     , (19200, 10, 83893766, 83893775)
     , (19200, 11, 83893767, 83893767)
     , (19200, 12, 83893768, 83893778)
     , (19200, 13, 83893766, 83893775)
     , (19200, 14, 83893766, 83893775)
     , (19200, 15, 83893766, 83893775)
     , (19200, 16, 83893766, 83893775);

INSERT INTO `weenie_animation_changes` (`weenieClassId`, `index`, `animationId`)
VALUES (19200, 0, 16787248)
     , (19200, 1, 16787249)
     , (19200, 2, 16787261)
     , (19200, 3, 16787254)
     , (19200, 4, 16787250)
     , (19200, 5, 16787259)
     , (19200, 6, 16787255)
     , (19200, 7, 16787253)
     , (19200, 8, 16787260)
     , (19200, 9, 16787262)
     , (19200, 10, 16787252)
     , (19200, 11, 16787258)
     , (19200, 12, 16787263)
     , (19200, 13, 16787251)
     , (19200, 14, 16787247)
     , (19200, 15, 16787257)
     , (19200, 16, 16787256);

INSERT INTO `base_ace_object` (`baseAceObjectId`, `name`, `typeId`, `paletteId`, `ammoType`, `blipColor`, `bitField`, `burden`, `combatUse`, `cooldownDuration`, `cooldownId`, `effects`, `containersCapacity`, `header`, `hookTypeId`, `iconId`, `iconOverlayId`, `iconUnderlayId`, `hookItemTypes`, `itemsCapacity`, `location`, `materialType`, `maxStackSize`, `maxStructure`, `radar`, `pscript`, `spellId`, `stackSize`, `structure`, `targetTypeId`, `usability`, `useRadius`, `validLocations`, `value`, `workmanship`, `animationFrameId`, `defaultScript`, `defaultScriptIntensity`, `elasticity`, `friction`, `locationId`, `modelTableId`, `objectScale`, `physicsBitField`, `physicsTableId`, `motionTableId`, `soundTableId`, `physicsState`, `translucency`, `currentMotionState`)
VALUES (19198, 'Nullified Statue of a Grievver', 8192, 67112927, 0, 0, 20, 1800, 0, 0, 0, 0, 0, 2097168, 0, 100670960, 0, 0, 0, 0, 0, 0, 0, 0, 0, 0, 0, 0, 0, 0, 1, 0, 0, 0, 0, 0, 0, 0, 0, 0, 0, 33556698, 2, 100483, 0, 150995164, 536871052, 1048, 0, 'AAA9AAAAAAA=');

INSERT INTO weenie_class (`weenieClassId`, `baseAceObjectId`)
VALUES (19198, 19198);

INSERT INTO `weenie_palette_changes` (`weenieClassId`, `subPaletteId`, `offset`, `length`)
VALUES (19198, 67113814, 0, 0);

INSERT INTO `base_ace_object` (`baseAceObjectId`, `name`, `typeId`, `paletteId`, `ammoType`, `blipColor`, `bitField`, `burden`, `combatUse`, `cooldownDuration`, `cooldownId`, `effects`, `containersCapacity`, `header`, `hookTypeId`, `iconId`, `iconOverlayId`, `iconUnderlayId`, `hookItemTypes`, `itemsCapacity`, `location`, `materialType`, `maxStackSize`, `maxStructure`, `radar`, `pscript`, `spellId`, `stackSize`, `structure`, `targetTypeId`, `usability`, `useRadius`, `validLocations`, `value`, `workmanship`, `animationFrameId`, `defaultScript`, `defaultScriptIntensity`, `elasticity`, `friction`, `locationId`, `modelTableId`, `objectScale`, `physicsBitField`, `physicsTableId`, `motionTableId`, `soundTableId`, `physicsState`, `translucency`, `currentMotionState`)
VALUES (19199, 'Nullified Statue of a Gromnie', 8192, 67109307, 0, 0, 20, 1800, 0, 0, 0, 0, 0, 2097168, 0, 100667938, 0, 0, 0, 0, 0, 0, 0, 0, 0, 0, 0, 0, 0, 0, 1, 0, 0, 0, 0, 0, 0, 0, 0, 0, 0, 33554487, 3, 100483, 0, 150995165, 536871052, 1048, 0, 'AAA9AAAAAAA=');

INSERT INTO weenie_class (`weenieClassId`, `baseAceObjectId`)
VALUES (19199, 19199);

INSERT INTO `weenie_palette_changes` (`weenieClassId`, `subPaletteId`, `offset`, `length`)
VALUES (19199, 67113812, 0, 0);

INSERT INTO `base_ace_object` (`baseAceObjectId`, `name`, `typeId`, `paletteId`, `ammoType`, `blipColor`, `bitField`, `burden`, `combatUse`, `cooldownDuration`, `cooldownId`, `effects`, `containersCapacity`, `header`, `hookTypeId`, `iconId`, `iconOverlayId`, `iconUnderlayId`, `hookItemTypes`, `itemsCapacity`, `location`, `materialType`, `maxStackSize`, `maxStructure`, `radar`, `pscript`, `spellId`, `stackSize`, `structure`, `targetTypeId`, `usability`, `useRadius`, `validLocations`, `value`, `workmanship`, `animationFrameId`, `defaultScript`, `defaultScriptIntensity`, `elasticity`, `friction`, `locationId`, `modelTableId`, `objectScale`, `physicsBitField`, `physicsTableId`, `motionTableId`, `soundTableId`, `physicsState`, `translucency`, `currentMotionState`)
VALUES (19208, 'Nullified Statue of a Zharalim', 8192, 67108990, 0, 0, 20, 1800, 0, 0, 0, 0, 0, 2097168, 0, 100667446, 0, 0, 0, 0, 0, 0, 0, 0, 0, 0, 0, 0, 0, 0, 1, 0, 0, 0, 0, 0, 0, 0, 0, 0, 0, 33554433, 4, 100483, 0, 150995174, 536871052, 1048, 0, 'AAA9AAAAAAA=');

INSERT INTO weenie_class (`weenieClassId`, `baseAceObjectId`)
VALUES (19208, 19208);

INSERT INTO `weenie_palette_changes` (`weenieClassId`, `subPaletteId`, `offset`, `length`)
VALUES (19208, 67113844, 0, 0);

INSERT INTO `weenie_texture_map_changes` (`weenieClassId`, `index`, `oldId`, `newId`)
VALUES (19208, 0, 83892345, 83894047)
     , (19208, 0, 83892344, 83894047)
     , (19208, 1, 83892352, 83894040)
     , (19208, 2, 83892351, 83894041)
     , (19208, 5, 83892352, 83894040)
     , (19208, 6, 83892351, 83894041)
     , (19208, 3, 83889344, 83894036)
     , (19208, 4, 83887068, 83894037)
     , (19208, 7, 83889344, 83894036)
     , (19208, 8, 83887068, 83894037)
     , (19208, 9, 83887061, 83894043)
     , (19208, 9, 83887060, 83894046)
     , (19208, 10, 83892347, 83894038)
     , (19208, 11, 83892346, 83894045)
     , (19208, 13, 83892347, 83894038)
     , (19208, 14, 83892346, 83894045)
     , (19208, 12, 83887059, 83894050)
     , (19208, 15, 83887059, 83894050)
     , (19208, 16, 83893921, 83894067);

INSERT INTO `weenie_animation_changes` (`weenieClassId`, `index`, `animationId`)
VALUES (19208, 0, 16783894)
     , (19208, 1, 16783912)
     , (19208, 2, 16783918)
     , (19208, 5, 16783916)
     , (19208, 6, 16783920)
     , (19208, 3, 16777292)
     , (19208, 4, 16777291)
     , (19208, 7, 16777296)
     , (19208, 8, 16777298)
     , (19208, 9, 16781837)
     , (19208, 10, 16783863)
     , (19208, 11, 16783855)
     , (19208, 13, 16783871)
     , (19208, 14, 16783855)
     , (19208, 12, 16777334)
     , (19208, 15, 16777335)
     , (19208, 16, 16787671);

INSERT INTO `base_ace_object` (`baseAceObjectId`, `name`, `typeId`, `paletteId`, `ammoType`, `blipColor`, `bitField`, `burden`, `combatUse`, `cooldownDuration`, `cooldownId`, `effects`, `containersCapacity`, `header`, `hookTypeId`, `iconId`, `iconOverlayId`, `iconUnderlayId`, `hookItemTypes`, `itemsCapacity`, `location`, `materialType`, `maxStackSize`, `maxStructure`, `radar`, `pscript`, `spellId`, `stackSize`, `structure`, `targetTypeId`, `usability`, `useRadius`, `validLocations`, `value`, `workmanship`, `animationFrameId`, `defaultScript`, `defaultScriptIntensity`, `elasticity`, `friction`, `locationId`, `modelTableId`, `objectScale`, `physicsBitField`, `physicsTableId`, `motionTableId`, `soundTableId`, `physicsState`, `translucency`, `currentMotionState`)
VALUES (19207, 'Nullified Statue of a Virindi', 8192, 67111346, 0, 0, 20, 1800, 0, 0, 0, 0, 0, 2097168, 0, 100667943, 0, 0, 0, 0, 0, 0, 0, 0, 0, 0, 0, 0, 0, 0, 1, 0, 0, 0, 0, 0, 0, 0, 0, 0, 0, 33554497, 4, 100483, 0, 150995173, 536871052, 1048, 0, 'AAA9AAAAAAA=');

INSERT INTO weenie_class (`weenieClassId`, `baseAceObjectId`)
VALUES (19207, 19207);

INSERT INTO `weenie_palette_changes` (`weenieClassId`, `subPaletteId`, `offset`, `length`)
VALUES (19207, 67113828, 0, 0);

INSERT INTO `weenie_texture_map_changes` (`weenieClassId`, `index`, `oldId`, `newId`)
VALUES (19207, 9, 83890028, 83890027);

INSERT INTO `weenie_animation_changes` (`weenieClassId`, `index`, `animationId`)
VALUES (19207, 9, 16780702);

INSERT INTO `base_ace_object` (`baseAceObjectId`, `name`, `typeId`, `paletteId`, `ammoType`, `blipColor`, `bitField`, `burden`, `combatUse`, `cooldownDuration`, `cooldownId`, `effects`, `containersCapacity`, `header`, `hookTypeId`, `iconId`, `iconOverlayId`, `iconUnderlayId`, `hookItemTypes`, `itemsCapacity`, `location`, `materialType`, `maxStackSize`, `maxStructure`, `radar`, `pscript`, `spellId`, `stackSize`, `structure`, `targetTypeId`, `usability`, `useRadius`, `validLocations`, `value`, `workmanship`, `animationFrameId`, `defaultScript`, `defaultScriptIntensity`, `elasticity`, `friction`, `locationId`, `modelTableId`, `objectScale`, `physicsBitField`, `physicsTableId`, `motionTableId`, `soundTableId`, `physicsState`, `translucency`, `currentMotionState`)
VALUES (11638, 'Statue', 8192, 0, 0, 8, 148, 9000, 0, 0, 0, 0, 0, 11534384, 0, 100670208, 0, 0, 0, 0, 0, 0, 0, 0, 4, 0, 0, 0, 0, 0, 1, 4, 0, 0, 0, 0, 0, 0, 0, 0, 0, 33557075, 5, 32897, 0, 0, 0, 1048, 0, '0');

INSERT INTO weenie_class (`weenieClassId`, `baseAceObjectId`)
VALUES (11638, 11638);

