REPLACE INTO `ace_object_properties_int` (`aceObjectId`, `intPropertyId`, `propertyValue`)
VALUES (2094620679, 74, 0)
     , (2094620679, 75, 0)
     , (2094620679, 76, 100000);

REPLACE INTO `ace_object_properties_double` (`aceObjectId`, `dblPropertyId`, `propertyValue`)
VALUES (2094620679, 37, 0.5)
     , (2094620679, 38, 0.001);

REPLACE INTO `ace_object_properties_bool` (`aceObjectId`, `boolPropertyId`, `propertyValue`)
VALUES (2094620679, 39, True);

REPLACE INTO `ace_object_properties_int` (`aceObjectId`, `intPropertyId`, `propertyValue`)
VALUES (2016968709, 74, 0)
     , (2016968709, 75, 0)
     , (2016968709, 76, 100000);

REPLACE INTO `ace_object_properties_double` (`aceObjectId`, `dblPropertyId`, `propertyValue`)
VALUES (2016968709, 37, 0.5)
     , (2016968709, 38, 0.001);

REPLACE INTO `ace_object_properties_bool` (`aceObjectId`, `boolPropertyId`, `propertyValue`)
VALUES (2016968709, 39, True);

REPLACE INTO `ace_object_properties_int` (`aceObjectId`, `intPropertyId`, `propertyValue`)
VALUES (2072080388, 74, 0)
     , (2072080388, 75, 0)
     , (2072080388, 76, 100000);

REPLACE INTO `ace_object_properties_double` (`aceObjectId`, `dblPropertyId`, `propertyValue`)
VALUES (2072080388, 37, 0.5)
     , (2072080388, 38, 0.001);

REPLACE INTO `ace_object_properties_bool` (`aceObjectId`, `boolPropertyId`, `propertyValue`)
VALUES (2072080388, 39, True);

REPLACE INTO `ace_object_properties_int` (`aceObjectId`, `intPropertyId`, `propertyValue`)
VALUES (2033496175, 74, 0)
     , (2033496175, 75, 0)
     , (2033496175, 76, 100000);

REPLACE INTO `ace_object_properties_double` (`aceObjectId`, `dblPropertyId`, `propertyValue`)
VALUES (2033496175, 37, 0.9)
     , (2033496175, 38, 1);

REPLACE INTO `ace_object_properties_bool` (`aceObjectId`, `boolPropertyId`, `propertyValue`)
VALUES (2033496175, 39, True);

