INSERT INTO ace_weenie_class (`weenieClassId`, `weenieClassDescription`)
VALUES (5864, 'monolithfrore1');

INSERT INTO `ace_object` (`aceObjectId`, `aceObjectDescriptionFlags`, `weenieClassId`, `weenieHeaderFlags`, `currentMotionState`, `physicsDescriptionFlag`)
VALUES (5864, 20, 5864, 2097214, 'AAA9AAIAAAAMAAAA', 104451);

INSERT INTO `ace_object_properties_string` (`aceObjectId`, `strPropertyId`, `propertyValue`)
VALUES (5864, 1, 'Standing Stone');

INSERT INTO `ace_object_properties_did` (`aceObjectId`, `didPropertyId`, `propertyValue`)
VALUES (5864, 8, 100670227)
     , (5864, 1, 33555229)
     , (5864, 3, 536870932)
     , (5864, 2, 150994948)
     , (5864, 22, 872415275);

INSERT INTO `ace_object_properties_int` (`aceObjectId`, `intPropertyId`, `propertyValue`)
VALUES (5864, 1, 512)
     , (5864, 5, 9025)
     , (5864, 7, 10)
     , (5864, 6, 120)
     , (5864, 16, 48)
     , (5864, 19, 2500)
     , (5864, 93, 66584);

INSERT INTO `ace_object_properties_double` (`aceObjectId`, `dblPropertyId`, `propertyValue`)
VALUES (5864, 54, 1);

INSERT INTO `ace_object_properties_bool` (`aceObjectId`, `boolPropertyId`, `propertyValue`)
VALUES (5864, 12, True)
     , (5864, 11, True)
     , (5864, 14, True)
     , (5864, 19, True)
     , (5864, 1, True);

INSERT INTO ace_weenie_class (`weenieClassId`, `weenieClassDescription`)
VALUES (5865, 'monolithfrore2');

INSERT INTO `ace_object` (`aceObjectId`, `aceObjectDescriptionFlags`, `weenieClassId`, `weenieHeaderFlags`, `currentMotionState`, `physicsDescriptionFlag`)
VALUES (5865, 21, 5865, 2097214, NULL, 38917);

INSERT INTO `ace_object_properties_string` (`aceObjectId`, `strPropertyId`, `propertyValue`)
VALUES (5865, 1, 'Standing Stone');

INSERT INTO `ace_object_properties_did` (`aceObjectId`, `didPropertyId`, `propertyValue`)
VALUES (5865, 8, 100670227)
     , (5865, 1, 33555229)
     , (5865, 3, 536870932)
     , (5865, 22, 872415275);

INSERT INTO `ace_object_properties_int` (`aceObjectId`, `intPropertyId`, `propertyValue`)
VALUES (5865, 1, 512)
     , (5865, 5, 9025)
     , (5865, 7, 10)
     , (5865, 6, 120)
     , (5865, 16, 48)
     , (5865, 19, 2500)
     , (5865, 93, 66584);

INSERT INTO `ace_object_properties_double` (`aceObjectId`, `dblPropertyId`, `propertyValue`)
VALUES (5865, 54, 1);

INSERT INTO `ace_object_properties_bool` (`aceObjectId`, `boolPropertyId`, `propertyValue`)
VALUES (5865, 12, True)
     , (5865, 11, True)
     , (5865, 14, True)
     , (5865, 19, True)
     , (5865, 1, True);

INSERT INTO ace_weenie_class (`weenieClassId`, `weenieClassDescription`)
VALUES (5866, 'monolithfrore3');

INSERT INTO `ace_object` (`aceObjectId`, `aceObjectDescriptionFlags`, `weenieClassId`, `weenieHeaderFlags`, `currentMotionState`, `physicsDescriptionFlag`)
VALUES (5866, 21, 5866, 2097214, NULL, 38913);

INSERT INTO `ace_object_properties_string` (`aceObjectId`, `strPropertyId`, `propertyValue`)
VALUES (5866, 1, 'Standing Stone');

INSERT INTO `ace_object_properties_did` (`aceObjectId`, `didPropertyId`, `propertyValue`)
VALUES (5866, 8, 100670227)
     , (5866, 1, 33555229)
     , (5866, 3, 536870932)
     , (5866, 22, 872415275);

INSERT INTO `ace_object_properties_int` (`aceObjectId`, `intPropertyId`, `propertyValue`)
VALUES (5866, 1, 512)
     , (5866, 5, 9025)
     , (5866, 7, 10)
     , (5866, 6, 120)
     , (5866, 16, 48)
     , (5866, 19, 2500)
     , (5866, 93, 66584);

INSERT INTO `ace_object_properties_double` (`aceObjectId`, `dblPropertyId`, `propertyValue`)
VALUES (5866, 54, 1);

INSERT INTO `ace_object_properties_bool` (`aceObjectId`, `boolPropertyId`, `propertyValue`)
VALUES (5866, 12, True)
     , (5866, 11, True)
     , (5866, 14, True)
     , (5866, 19, True)
     , (5866, 1, True);

