INSERT INTO ace_weenie_class (`weenieClassId`, `weenieClassDescription`)
VALUES (35736, 'ace35736-corpse');

INSERT INTO `ace_object` (`aceObjectId`, `aceObjectDescriptionFlags`, `weenieClassId`, `weenieHeaderFlags`, `weenieHeaderFlags2`, `currentMotionState`, `physicsDescriptionFlag`)
VALUES (35736, 21, 35736, 2097206, NULL, NULL, 38913);

INSERT INTO `ace_object_properties_string` (`aceObjectId`, `strPropertyId`, `propertyValue`)
VALUES (35736, 1, 'Corpse');

INSERT INTO `ace_object_properties_did` (`aceObjectId`, `didPropertyId`, `propertyValue`)
VALUES (35736, 8, 100667504)
     , (35736, 1, 33556721)
     , (35736, 3, 536870932)
     , (35736, 22, 872415275);

INSERT INTO `ace_object_properties_int` (`aceObjectId`, `intPropertyId`, `propertyValue`)
VALUES (35736, 1, 512)
     , (35736, 5, 3020)
     , (35736, 7, 10)
     , (35736, 6, 120)
     , (35736, 16, 48)
     , (35736, 93, 1052)
     , (35736, 9007, 21);

INSERT INTO `ace_object_properties_double` (`aceObjectId`, `dblPropertyId`, `propertyValue`)
VALUES (35736, 54, 1);

INSERT INTO `ace_object_properties_bool` (`aceObjectId`, `boolPropertyId`, `propertyValue`)
VALUES (35736, 13, True)
     , (35736, 12, True)
     , (35736, 11, True)
     , (35736, 14, True)
     , (35736, 19, True)
     , (35736, 1, True);

INSERT INTO `ace_object_texture_map_change` (`aceObjectId`, `index`, `oldId`, `newId`)
VALUES (35736, 0, 83897561, 83897706)
     , (35736, 0, 83897560, 83897707)
     , (35736, 1, 83897559, 83897708)
     , (35736, 2, 83897553, 83897709)
     , (35736, 3, 83897554, 83897710)
     , (35736, 4, 83897555, 83897711)
     , (35736, 5, 83897559, 83897708)
     , (35736, 6, 83897553, 83897709)
     , (35736, 7, 83897554, 83897710)
     , (35736, 8, 83897555, 83897711)
     , (35736, 9, 83897557, 83897712)
     , (35736, 9, 83897556, 83897713)
     , (35736, 10, 83897558, 83897714)
     , (35736, 11, 83897553, 83897709)
     , (35736, 12, 83894660, 83887059)
     , (35736, 13, 83897558, 83897714)
     , (35736, 14, 83897553, 83897709)
     , (35736, 15, 83894660, 83887059);

INSERT INTO `ace_object_animation_change` (`aceObjectId`, `index`, `animationId`)
VALUES (35736, 0, 16793218)
     , (35736, 1, 16793219)
     , (35736, 2, 16793198)
     , (35736, 3, 16793199)
     , (35736, 4, 16793200)
     , (35736, 5, 16793220)
     , (35736, 6, 16793201)
     , (35736, 7, 16793202)
     , (35736, 8, 16793203)
     , (35736, 9, 16793208)
     , (35736, 10, 16793209)
     , (35736, 11, 16793210)
     , (35736, 12, 16789332)
     , (35736, 13, 16793211)
     , (35736, 14, 16793212)
     , (35736, 15, 16789333)
     , (35736, 16, 16789283);

INSERT INTO ace_weenie_class (`weenieClassId`, `weenieClassDescription`)
VALUES (29472, 'corpseoswaldpatsy1');

INSERT INTO `ace_object` (`aceObjectId`, `aceObjectDescriptionFlags`, `weenieClassId`, `weenieHeaderFlags`, `weenieHeaderFlags2`, `currentMotionState`, `physicsDescriptionFlag`)
VALUES (29472, 21, 29472, 2097206, NULL, NULL, 38913);

INSERT INTO `ace_object_properties_string` (`aceObjectId`, `strPropertyId`, `propertyValue`)
VALUES (29472, 1, 'Corpse');

INSERT INTO `ace_object_properties_did` (`aceObjectId`, `didPropertyId`, `propertyValue`)
VALUES (29472, 8, 100667504)
     , (29472, 1, 33555323)
     , (29472, 3, 536870932)
     , (29472, 22, 872415275);

INSERT INTO `ace_object_properties_int` (`aceObjectId`, `intPropertyId`, `propertyValue`)
VALUES (29472, 1, 512)
     , (29472, 5, 3005)
     , (29472, 7, 10)
     , (29472, 6, 120)
     , (29472, 16, 48)
     , (29472, 93, 1048)
     , (29472, 9007, 21);

INSERT INTO `ace_object_properties_double` (`aceObjectId`, `dblPropertyId`, `propertyValue`)
VALUES (29472, 54, 1);

INSERT INTO `ace_object_properties_bool` (`aceObjectId`, `boolPropertyId`, `propertyValue`)
VALUES (29472, 12, True)
     , (29472, 11, True)
     , (29472, 14, True)
     , (29472, 19, True)
     , (29472, 1, True);

INSERT INTO ace_weenie_class (`weenieClassId`, `weenieClassDescription`)
VALUES (29473, 'corpseoswaldpatsy2');

INSERT INTO `ace_object` (`aceObjectId`, `aceObjectDescriptionFlags`, `weenieClassId`, `weenieHeaderFlags`, `weenieHeaderFlags2`, `currentMotionState`, `physicsDescriptionFlag`)
VALUES (29473, 21, 29473, 2097206, NULL, NULL, 38913);

INSERT INTO `ace_object_properties_string` (`aceObjectId`, `strPropertyId`, `propertyValue`)
VALUES (29473, 1, 'Corpse');

INSERT INTO `ace_object_properties_did` (`aceObjectId`, `didPropertyId`, `propertyValue`)
VALUES (29473, 8, 100667504)
     , (29473, 1, 33555323)
     , (29473, 3, 536870932)
     , (29473, 22, 872415275);

INSERT INTO `ace_object_properties_int` (`aceObjectId`, `intPropertyId`, `propertyValue`)
VALUES (29473, 1, 512)
     , (29473, 5, 3005)
     , (29473, 7, 10)
     , (29473, 6, 120)
     , (29473, 16, 48)
     , (29473, 93, 1048)
     , (29473, 9007, 21);

INSERT INTO `ace_object_properties_double` (`aceObjectId`, `dblPropertyId`, `propertyValue`)
VALUES (29473, 54, 1);

INSERT INTO `ace_object_properties_bool` (`aceObjectId`, `boolPropertyId`, `propertyValue`)
VALUES (29473, 12, True)
     , (29473, 11, True)
     , (29473, 14, True)
     , (29473, 19, True)
     , (29473, 1, True);

INSERT INTO ace_weenie_class (`weenieClassId`, `weenieClassDescription`)
VALUES (29471, 'corpseknightprisonguard');

INSERT INTO `ace_object` (`aceObjectId`, `aceObjectDescriptionFlags`, `weenieClassId`, `weenieHeaderFlags`, `weenieHeaderFlags2`, `currentMotionState`, `physicsDescriptionFlag`)
VALUES (29471, 21, 29471, 2097206, NULL, NULL, 38913);

INSERT INTO `ace_object_properties_string` (`aceObjectId`, `strPropertyId`, `propertyValue`)
VALUES (29471, 1, 'Prison Guard''s Corpse');

INSERT INTO `ace_object_properties_did` (`aceObjectId`, `didPropertyId`, `propertyValue`)
VALUES (29471, 8, 100667504)
     , (29471, 1, 33555323)
     , (29471, 3, 536870932)
     , (29471, 22, 872415275);

INSERT INTO `ace_object_properties_int` (`aceObjectId`, `intPropertyId`, `propertyValue`)
VALUES (29471, 1, 512)
     , (29471, 5, 3005)
     , (29471, 7, 10)
     , (29471, 6, 120)
     , (29471, 16, 48)
     , (29471, 93, 1048)
     , (29471, 9007, 21);

INSERT INTO `ace_object_properties_double` (`aceObjectId`, `dblPropertyId`, `propertyValue`)
VALUES (29471, 54, 1);

INSERT INTO `ace_object_properties_bool` (`aceObjectId`, `boolPropertyId`, `propertyValue`)
VALUES (29471, 12, True)
     , (29471, 11, True)
     , (29471, 14, True)
     , (29471, 19, True)
     , (29471, 1, True);

INSERT INTO ace_weenie_class (`weenieClassId`, `weenieClassDescription`)
VALUES (1211, 'thievesdenshady');

INSERT INTO `ace_object` (`aceObjectId`, `aceObjectDescriptionFlags`, `weenieClassId`, `weenieHeaderFlags`, `weenieHeaderFlags2`, `currentMotionState`, `physicsDescriptionFlag`)
VALUES (1211, 21, 1211, 2097206, NULL, NULL, 39041);

INSERT INTO `ace_object_properties_string` (`aceObjectId`, `strPropertyId`, `propertyValue`)
VALUES (1211, 1, 'Corpse of Gertarh');

INSERT INTO `ace_object_properties_did` (`aceObjectId`, `didPropertyId`, `propertyValue`)
VALUES (1211, 8, 100667453)
     , (1211, 1, 33556552)
     , (1211, 3, 536870917)
     , (1211, 22, 872415275);

INSERT INTO `ace_object_properties_int` (`aceObjectId`, `intPropertyId`, `propertyValue`)
VALUES (1211, 1, 512)
     , (1211, 5, 3025)
     , (1211, 7, 10)
     , (1211, 6, 120)
     , (1211, 16, 48)
     , (1211, 93, 1048)
     , (1211, 9007, 21);

INSERT INTO `ace_object_properties_double` (`aceObjectId`, `dblPropertyId`, `propertyValue`)
VALUES (1211, 54, 1)
     , (1211, 39, 1.5);

INSERT INTO `ace_object_properties_bool` (`aceObjectId`, `boolPropertyId`, `propertyValue`)
VALUES (1211, 12, True)
     , (1211, 11, True)
     , (1211, 14, True)
     , (1211, 19, True)
     , (1211, 1, True);

INSERT INTO ace_weenie_class (`weenieClassId`, `weenieClassDescription`)
VALUES (1217, 'undeadcorpse');

INSERT INTO `ace_object` (`aceObjectId`, `aceObjectDescriptionFlags`, `weenieClassId`, `weenieHeaderFlags`, `weenieHeaderFlags2`, `currentMotionState`, `physicsDescriptionFlag`)
VALUES (1217, 21, 1217, 2097206, NULL, NULL, 38913);

INSERT INTO `ace_object_properties_string` (`aceObjectId`, `strPropertyId`, `propertyValue`)
VALUES (1217, 1, 'Corpse');

INSERT INTO `ace_object_properties_did` (`aceObjectId`, `didPropertyId`, `propertyValue`)
VALUES (1217, 8, 100667504)
     , (1217, 1, 33555322)
     , (1217, 3, 536870932)
     , (1217, 22, 872415275);

INSERT INTO `ace_object_properties_int` (`aceObjectId`, `intPropertyId`, `propertyValue`)
VALUES (1217, 1, 512)
     , (1217, 5, 3080)
     , (1217, 7, 10)
     , (1217, 6, 120)
     , (1217, 16, 48)
     , (1217, 93, 1048)
     , (1217, 9007, 21);

INSERT INTO `ace_object_properties_double` (`aceObjectId`, `dblPropertyId`, `propertyValue`)
VALUES (1217, 54, 1);

INSERT INTO `ace_object_properties_bool` (`aceObjectId`, `boolPropertyId`, `propertyValue`)
VALUES (1217, 12, True)
     , (1217, 11, True)
     , (1217, 14, True)
     , (1217, 19, True)
     , (1217, 1, True);

INSERT INTO ace_weenie_class (`weenieClassId`, `weenieClassDescription`)
VALUES (32928, 'ace32928-rabbithutch');

INSERT INTO `ace_object` (`aceObjectId`, `aceObjectDescriptionFlags`, `weenieClassId`, `weenieHeaderFlags`, `weenieHeaderFlags2`, `currentMotionState`, `physicsDescriptionFlag`)
VALUES (32928, 20, 32928, 2097214, NULL, 'AAA9AAIAAAAMAAAA', 104579);

INSERT INTO `ace_object_properties_string` (`aceObjectId`, `strPropertyId`, `propertyValue`)
VALUES (32928, 1, 'Rabbit Hutch');

INSERT INTO `ace_object_properties_did` (`aceObjectId`, `didPropertyId`, `propertyValue`)
VALUES (32928, 8, 100688868)
     , (32928, 1, 33555471)
     , (32928, 3, 536870945)
     , (32928, 2, 150994980)
     , (32928, 22, 872415275);

INSERT INTO `ace_object_properties_int` (`aceObjectId`, `intPropertyId`, `propertyValue`)
VALUES (32928, 1, 512)
     , (32928, 5, 9315)
     , (32928, 7, 10)
     , (32928, 6, 120)
     , (32928, 16, 48)
     , (32928, 19, 2500)
     , (32928, 93, 1048)
     , (32928, 9007, 21);

INSERT INTO `ace_object_properties_double` (`aceObjectId`, `dblPropertyId`, `propertyValue`)
VALUES (32928, 54, 2)
     , (32928, 39, 0.6);

INSERT INTO `ace_object_properties_bool` (`aceObjectId`, `boolPropertyId`, `propertyValue`)
VALUES (32928, 12, True)
     , (32928, 11, True)
     , (32928, 14, True)
     , (32928, 19, True)
     , (32928, 1, True);

INSERT INTO ace_weenie_class (`weenieClassId`, `weenieClassDescription`)
VALUES (9000, 'chestlosthope');

INSERT INTO `ace_object` (`aceObjectId`, `aceObjectDescriptionFlags`, `weenieClassId`, `weenieHeaderFlags`, `weenieHeaderFlags2`, `currentMotionState`, `physicsDescriptionFlag`)
VALUES (9000, 21, 9000, 2097206, NULL, NULL, 38913);

INSERT INTO `ace_object_properties_string` (`aceObjectId`, `strPropertyId`, `propertyValue`)
VALUES (9000, 1, 'Remnants of Ilservian');

INSERT INTO `ace_object_properties_did` (`aceObjectId`, `didPropertyId`, `propertyValue`)
VALUES (9000, 8, 100667504)
     , (9000, 1, 33556950)
     , (9000, 3, 536870932)
     , (9000, 22, 872415275)
     , (9000, 6, 67110722);

INSERT INTO `ace_object_properties_int` (`aceObjectId`, `intPropertyId`, `propertyValue`)
VALUES (9000, 1, 512)
     , (9000, 5, 5000)
     , (9000, 7, 10)
     , (9000, 6, 120)
     , (9000, 16, 48)
     , (9000, 93, 66584)
     , (9000, 9007, 21);

INSERT INTO `ace_object_properties_double` (`aceObjectId`, `dblPropertyId`, `propertyValue`)
VALUES (9000, 54, 1);

INSERT INTO `ace_object_properties_bool` (`aceObjectId`, `boolPropertyId`, `propertyValue`)
VALUES (9000, 12, True)
     , (9000, 11, True)
     , (9000, 14, True)
     , (9000, 19, True)
     , (9000, 1, True);

INSERT INTO `ace_object_palette_change` (`aceObjectId`, `subPaletteId`, `offset`, `length`)
VALUES (9000, 67113040, 0, 0);

INSERT INTO `ace_object_texture_map_change` (`aceObjectId`, `index`, `oldId`, `newId`)
VALUES (9000, 16, 83889159, 83892984);

INSERT INTO `ace_object_animation_change` (`aceObjectId`, `index`, `animationId`)
VALUES (9000, 16, 16779246);

INSERT INTO ace_weenie_class (`weenieClassId`, `weenieClassDescription`)
VALUES (43518, 'ace43518-corpse');

INSERT INTO `ace_object` (`aceObjectId`, `aceObjectDescriptionFlags`, `weenieClassId`, `weenieHeaderFlags`, `weenieHeaderFlags2`, `currentMotionState`, `physicsDescriptionFlag`)
VALUES (43518, 21, 43518, 2097206, NULL, NULL, 38913);

INSERT INTO `ace_object_properties_string` (`aceObjectId`, `strPropertyId`, `propertyValue`)
VALUES (43518, 1, 'Corpse');

INSERT INTO `ace_object_properties_did` (`aceObjectId`, `didPropertyId`, `propertyValue`)
VALUES (43518, 8, 100667504)
     , (43518, 1, 33556617)
     , (43518, 3, 536870932)
     , (43518, 22, 872415275);

INSERT INTO `ace_object_properties_int` (`aceObjectId`, `intPropertyId`, `propertyValue`)
VALUES (43518, 1, 512)
     , (43518, 5, 3050)
     , (43518, 7, 10)
     , (43518, 6, 120)
     , (43518, 16, 48)
     , (43518, 93, 1052)
     , (43518, 9007, 21);

INSERT INTO `ace_object_properties_double` (`aceObjectId`, `dblPropertyId`, `propertyValue`)
VALUES (43518, 54, 1);

INSERT INTO `ace_object_properties_bool` (`aceObjectId`, `boolPropertyId`, `propertyValue`)
VALUES (43518, 13, True)
     , (43518, 12, True)
     , (43518, 11, True)
     , (43518, 14, True)
     , (43518, 19, True)
     , (43518, 1, True);

INSERT INTO ace_weenie_class (`weenieClassId`, `weenieClassDescription`)
VALUES (23922, 'cheststorageulgrimring');

INSERT INTO `ace_object` (`aceObjectId`, `aceObjectDescriptionFlags`, `weenieClassId`, `weenieHeaderFlags`, `weenieHeaderFlags2`, `currentMotionState`, `physicsDescriptionFlag`)
VALUES (23922, 21, 23922, 2097214, NULL, 'AAA9AAIAAAAMAAAA', 104455);

INSERT INTO `ace_object_properties_string` (`aceObjectId`, `strPropertyId`, `propertyValue`)
VALUES (23922, 1, 'Lock Box');

INSERT INTO `ace_object_properties_did` (`aceObjectId`, `didPropertyId`, `propertyValue`)
VALUES (23922, 8, 100671885)
     , (23922, 1, 33557119)
     , (23922, 3, 536870945)
     , (23922, 2, 150994948)
     , (23922, 22, 872415275);

INSERT INTO `ace_object_properties_int` (`aceObjectId`, `intPropertyId`, `propertyValue`)
VALUES (23922, 1, 512)
     , (23922, 5, 3015)
     , (23922, 7, 10)
     , (23922, 6, 120)
     , (23922, 16, 48)
     , (23922, 19, 600)
     , (23922, 93, 1048)
     , (23922, 9007, 21);

INSERT INTO `ace_object_properties_double` (`aceObjectId`, `dblPropertyId`, `propertyValue`)
VALUES (23922, 54, 1);

INSERT INTO `ace_object_properties_bool` (`aceObjectId`, `boolPropertyId`, `propertyValue`)
VALUES (23922, 12, True)
     , (23922, 11, True)
     , (23922, 14, True)
     , (23922, 19, True)
     , (23922, 1, True);

INSERT INTO ace_weenie_class (`weenieClassId`, `weenieClassDescription`)
VALUES (5499, 'pooloflethe');

INSERT INTO `ace_object` (`aceObjectId`, `aceObjectDescriptionFlags`, `weenieClassId`, `weenieHeaderFlags`, `weenieHeaderFlags2`, `currentMotionState`, `physicsDescriptionFlag`)
VALUES (5499, 21, 5499, 2097214, NULL, NULL, 169985);

INSERT INTO `ace_object_properties_string` (`aceObjectId`, `strPropertyId`, `propertyValue`)
VALUES (5499, 1, 'Pool of Lethe');

INSERT INTO `ace_object_properties_did` (`aceObjectId`, `didPropertyId`, `propertyValue`)
VALUES (5499, 8, 100668107)
     , (5499, 1, 33554711)
     , (5499, 3, 536870932)
     , (5499, 22, 872415275);

INSERT INTO `ace_object_properties_int` (`aceObjectId`, `intPropertyId`, `propertyValue`)
VALUES (5499, 53, 101)
     , (5499, 1, 512)
     , (5499, 5, 9050)
     , (5499, 7, 10)
     , (5499, 6, 120)
     , (5499, 16, 48)
     , (5499, 19, 2500)
     , (5499, 93, 66584)
     , (5499, 9007, 21);

INSERT INTO `ace_object_properties_double` (`aceObjectId`, `dblPropertyId`, `propertyValue`)
VALUES (5499, 54, 1);

INSERT INTO `ace_object_properties_bool` (`aceObjectId`, `boolPropertyId`, `propertyValue`)
VALUES (5499, 12, True)
     , (5499, 11, True)
     , (5499, 14, True)
     , (5499, 19, True)
     , (5499, 1, True);

INSERT INTO ace_weenie_class (`weenieClassId`, `weenieClassDescription`)
VALUES (146, 'coffin');

INSERT INTO `ace_object` (`aceObjectId`, `aceObjectDescriptionFlags`, `weenieClassId`, `weenieHeaderFlags`, `weenieHeaderFlags2`, `currentMotionState`, `physicsDescriptionFlag`)
VALUES (146, 21, 146, 2097214, NULL, 'AAA9AAIAAAAMAAAA', 104451);

INSERT INTO `ace_object_properties_string` (`aceObjectId`, `strPropertyId`, `propertyValue`)
VALUES (146, 1, 'Coffin');

INSERT INTO `ace_object_properties_did` (`aceObjectId`, `didPropertyId`, `propertyValue`)
VALUES (146, 8, 100667426)
     , (146, 1, 33554638)
     , (146, 3, 536870950)
     , (146, 2, 150994980)
     , (146, 22, 872415275);

INSERT INTO `ace_object_properties_int` (`aceObjectId`, `intPropertyId`, `propertyValue`)
VALUES (146, 1, 512)
     , (146, 5, 6000)
     , (146, 7, 10)
     , (146, 6, 120)
     , (146, 16, 48)
     , (146, 19, 200)
     , (146, 93, 1048)
     , (146, 9007, 21);

INSERT INTO `ace_object_properties_double` (`aceObjectId`, `dblPropertyId`, `propertyValue`)
VALUES (146, 54, 1);

INSERT INTO `ace_object_properties_bool` (`aceObjectId`, `boolPropertyId`, `propertyValue`)
VALUES (146, 12, True)
     , (146, 11, True)
     , (146, 14, True)
     , (146, 19, True)
     , (146, 1, True);

INSERT INTO ace_weenie_class (`weenieClassId`, `weenieClassDescription`)
VALUES (9104, 'chestsasalia');

INSERT INTO `ace_object` (`aceObjectId`, `aceObjectDescriptionFlags`, `weenieClassId`, `weenieHeaderFlags`, `weenieHeaderFlags2`, `currentMotionState`, `physicsDescriptionFlag`)
VALUES (9104, 20, 9104, 2097214, NULL, 'AAA9AAIAAAAMAAAA', 104451);

INSERT INTO `ace_object_properties_string` (`aceObjectId`, `strPropertyId`, `propertyValue`)
VALUES (9104, 1, 'Trunk');

INSERT INTO `ace_object_properties_did` (`aceObjectId`, `didPropertyId`, `propertyValue`)
VALUES (9104, 8, 100667424)
     , (9104, 1, 33554556)
     , (9104, 3, 536870945)
     , (9104, 2, 150994948)
     , (9104, 22, 872415275);

INSERT INTO `ace_object_properties_int` (`aceObjectId`, `intPropertyId`, `propertyValue`)
VALUES (9104, 1, 512)
     , (9104, 5, 6200)
     , (9104, 7, 10)
     , (9104, 6, 120)
     , (9104, 16, 48)
     , (9104, 19, 200)
     , (9104, 93, 1048)
     , (9104, 9007, 21);

INSERT INTO `ace_object_properties_double` (`aceObjectId`, `dblPropertyId`, `propertyValue`)
VALUES (9104, 54, 1);

INSERT INTO `ace_object_properties_bool` (`aceObjectId`, `boolPropertyId`, `propertyValue`)
VALUES (9104, 12, True)
     , (9104, 11, True)
     , (9104, 14, True)
     , (9104, 19, True)
     , (9104, 1, True);

INSERT INTO ace_weenie_class (`weenieClassId`, `weenieClassDescription`)
VALUES (8050, 'rottingshadowcorpsefemale2');

INSERT INTO `ace_object` (`aceObjectId`, `aceObjectDescriptionFlags`, `weenieClassId`, `weenieHeaderFlags`, `weenieHeaderFlags2`, `currentMotionState`, `physicsDescriptionFlag`)
VALUES (8050, 21, 8050, 2097206, NULL, NULL, 301057);

INSERT INTO `ace_object_properties_string` (`aceObjectId`, `strPropertyId`, `propertyValue`)
VALUES (8050, 1, 'Corpse');

INSERT INTO `ace_object_properties_did` (`aceObjectId`, `didPropertyId`, `propertyValue`)
VALUES (8050, 8, 100667504)
     , (8050, 1, 33556719)
     , (8050, 3, 536870932)
     , (8050, 22, 872415275)
     , (8050, 6, 67108990);

INSERT INTO `ace_object_properties_int` (`aceObjectId`, `intPropertyId`, `propertyValue`)
VALUES (8050, 1, 512)
     , (8050, 5, 3250)
     , (8050, 7, 10)
     , (8050, 6, 120)
     , (8050, 16, 48)
     , (8050, 93, 1052)
     , (8050, 9007, 21);

INSERT INTO `ace_object_properties_double` (`aceObjectId`, `dblPropertyId`, `propertyValue`)
VALUES (8050, 54, 1)
     , (8050, 76, 0.5);

INSERT INTO `ace_object_properties_bool` (`aceObjectId`, `boolPropertyId`, `propertyValue`)
VALUES (8050, 13, True)
     , (8050, 12, True)
     , (8050, 11, True)
     , (8050, 14, True)
     , (8050, 19, True)
     , (8050, 1, True);

INSERT INTO `ace_object_palette_change` (`aceObjectId`, `subPaletteId`, `offset`, `length`)
VALUES (8050, 67112860, 0, 0);

INSERT INTO ace_weenie_class (`weenieClassId`, `weenieClassDescription`)
VALUES (8046, 'rottingshadowcorpsemale1');

INSERT INTO `ace_object` (`aceObjectId`, `aceObjectDescriptionFlags`, `weenieClassId`, `weenieHeaderFlags`, `weenieHeaderFlags2`, `currentMotionState`, `physicsDescriptionFlag`)
VALUES (8046, 21, 8046, 2097206, NULL, NULL, 301057);

INSERT INTO `ace_object_properties_string` (`aceObjectId`, `strPropertyId`, `propertyValue`)
VALUES (8046, 1, 'Corpse');

INSERT INTO `ace_object_properties_did` (`aceObjectId`, `didPropertyId`, `propertyValue`)
VALUES (8046, 8, 100667504)
     , (8046, 1, 33556721)
     , (8046, 3, 536870932)
     , (8046, 22, 872415275)
     , (8046, 6, 67108990);

INSERT INTO `ace_object_properties_int` (`aceObjectId`, `intPropertyId`, `propertyValue`)
VALUES (8046, 1, 512)
     , (8046, 5, 3694)
     , (8046, 7, 10)
     , (8046, 6, 120)
     , (8046, 16, 48)
     , (8046, 93, 1052)
     , (8046, 9007, 21);

INSERT INTO `ace_object_properties_double` (`aceObjectId`, `dblPropertyId`, `propertyValue`)
VALUES (8046, 54, 1)
     , (8046, 76, 0.5);

INSERT INTO `ace_object_properties_bool` (`aceObjectId`, `boolPropertyId`, `propertyValue`)
VALUES (8046, 13, True)
     , (8046, 12, True)
     , (8046, 11, True)
     , (8046, 14, True)
     , (8046, 19, True)
     , (8046, 1, True);

INSERT INTO `ace_object_palette_change` (`aceObjectId`, `subPaletteId`, `offset`, `length`)
VALUES (8046, 67112860, 0, 0);

INSERT INTO ace_weenie_class (`weenieClassId`, `weenieClassDescription`)
VALUES (8047, 'rottingshadowcorpsemale2');

INSERT INTO `ace_object` (`aceObjectId`, `aceObjectDescriptionFlags`, `weenieClassId`, `weenieHeaderFlags`, `weenieHeaderFlags2`, `currentMotionState`, `physicsDescriptionFlag`)
VALUES (8047, 21, 8047, 2097206, NULL, NULL, 301057);

INSERT INTO `ace_object_properties_string` (`aceObjectId`, `strPropertyId`, `propertyValue`)
VALUES (8047, 1, 'Corpse');

INSERT INTO `ace_object_properties_did` (`aceObjectId`, `didPropertyId`, `propertyValue`)
VALUES (8047, 8, 100667504)
     , (8047, 1, 33556720)
     , (8047, 3, 536870932)
     , (8047, 22, 872415275)
     , (8047, 6, 67108990);

INSERT INTO `ace_object_properties_int` (`aceObjectId`, `intPropertyId`, `propertyValue`)
VALUES (8047, 1, 512)
     , (8047, 5, 3120)
     , (8047, 7, 10)
     , (8047, 6, 120)
     , (8047, 16, 48)
     , (8047, 93, 1052)
     , (8047, 9007, 21);

INSERT INTO `ace_object_properties_double` (`aceObjectId`, `dblPropertyId`, `propertyValue`)
VALUES (8047, 54, 1)
     , (8047, 76, 0.5);

INSERT INTO `ace_object_properties_bool` (`aceObjectId`, `boolPropertyId`, `propertyValue`)
VALUES (8047, 13, True)
     , (8047, 12, True)
     , (8047, 11, True)
     , (8047, 14, True)
     , (8047, 19, True)
     , (8047, 1, True);

INSERT INTO `ace_object_palette_change` (`aceObjectId`, `subPaletteId`, `offset`, `length`)
VALUES (8047, 67112860, 0, 0);

INSERT INTO ace_weenie_class (`weenieClassId`, `weenieClassDescription`)
VALUES (8048, 'rottingshadowcorpsemale3');

INSERT INTO `ace_object` (`aceObjectId`, `aceObjectDescriptionFlags`, `weenieClassId`, `weenieHeaderFlags`, `weenieHeaderFlags2`, `currentMotionState`, `physicsDescriptionFlag`)
VALUES (8048, 21, 8048, 2097206, NULL, NULL, 301057);

INSERT INTO `ace_object_properties_string` (`aceObjectId`, `strPropertyId`, `propertyValue`)
VALUES (8048, 1, 'Corpse');

INSERT INTO `ace_object_properties_did` (`aceObjectId`, `didPropertyId`, `propertyValue`)
VALUES (8048, 8, 100667504)
     , (8048, 1, 33556722)
     , (8048, 3, 536870932)
     , (8048, 22, 872415275)
     , (8048, 6, 67108990);

INSERT INTO `ace_object_properties_int` (`aceObjectId`, `intPropertyId`, `propertyValue`)
VALUES (8048, 1, 512)
     , (8048, 5, 3040)
     , (8048, 7, 10)
     , (8048, 6, 120)
     , (8048, 16, 48)
     , (8048, 93, 1052)
     , (8048, 9007, 21);

INSERT INTO `ace_object_properties_double` (`aceObjectId`, `dblPropertyId`, `propertyValue`)
VALUES (8048, 54, 1)
     , (8048, 76, 0.5);

INSERT INTO `ace_object_properties_bool` (`aceObjectId`, `boolPropertyId`, `propertyValue`)
VALUES (8048, 13, True)
     , (8048, 12, True)
     , (8048, 11, True)
     , (8048, 14, True)
     , (8048, 19, True)
     , (8048, 1, True);

INSERT INTO `ace_object_palette_change` (`aceObjectId`, `subPaletteId`, `offset`, `length`)
VALUES (8048, 67112860, 0, 0);

INSERT INTO ace_weenie_class (`weenieClassId`, `weenieClassDescription`)
VALUES (8051, 'rottingshadowcorpsefemale3');

INSERT INTO `ace_object` (`aceObjectId`, `aceObjectDescriptionFlags`, `weenieClassId`, `weenieHeaderFlags`, `weenieHeaderFlags2`, `currentMotionState`, `physicsDescriptionFlag`)
VALUES (8051, 21, 8051, 2097206, NULL, NULL, 301057);

INSERT INTO `ace_object_properties_string` (`aceObjectId`, `strPropertyId`, `propertyValue`)
VALUES (8051, 1, 'Corpse');

INSERT INTO `ace_object_properties_did` (`aceObjectId`, `didPropertyId`, `propertyValue`)
VALUES (8051, 8, 100667504)
     , (8051, 1, 33556718)
     , (8051, 3, 536870932)
     , (8051, 22, 872415275)
     , (8051, 6, 67108990);

INSERT INTO `ace_object_properties_int` (`aceObjectId`, `intPropertyId`, `propertyValue`)
VALUES (8051, 1, 512)
     , (8051, 5, 4286)
     , (8051, 7, 10)
     , (8051, 6, 120)
     , (8051, 16, 48)
     , (8051, 93, 1052)
     , (8051, 9007, 21);

INSERT INTO `ace_object_properties_double` (`aceObjectId`, `dblPropertyId`, `propertyValue`)
VALUES (8051, 54, 1)
     , (8051, 76, 0.5);

INSERT INTO `ace_object_properties_bool` (`aceObjectId`, `boolPropertyId`, `propertyValue`)
VALUES (8051, 13, True)
     , (8051, 12, True)
     , (8051, 11, True)
     , (8051, 14, True)
     , (8051, 19, True)
     , (8051, 1, True);

INSERT INTO `ace_object_palette_change` (`aceObjectId`, `subPaletteId`, `offset`, `length`)
VALUES (8051, 67112860, 0, 0);

INSERT INTO ace_weenie_class (`weenieClassId`, `weenieClassDescription`)
VALUES (8049, 'rottingshadowcorpsefemale1');

INSERT INTO `ace_object` (`aceObjectId`, `aceObjectDescriptionFlags`, `weenieClassId`, `weenieHeaderFlags`, `weenieHeaderFlags2`, `currentMotionState`, `physicsDescriptionFlag`)
VALUES (8049, 21, 8049, 2097206, NULL, NULL, 301057);

INSERT INTO `ace_object_properties_string` (`aceObjectId`, `strPropertyId`, `propertyValue`)
VALUES (8049, 1, 'Corpse');

INSERT INTO `ace_object_properties_did` (`aceObjectId`, `didPropertyId`, `propertyValue`)
VALUES (8049, 8, 100667504)
     , (8049, 1, 33556717)
     , (8049, 3, 536870932)
     , (8049, 22, 872415275)
     , (8049, 6, 67108990);

INSERT INTO `ace_object_properties_int` (`aceObjectId`, `intPropertyId`, `propertyValue`)
VALUES (8049, 1, 512)
     , (8049, 5, 3340)
     , (8049, 7, 10)
     , (8049, 6, 120)
     , (8049, 16, 48)
     , (8049, 93, 1052)
     , (8049, 9007, 21);

INSERT INTO `ace_object_properties_double` (`aceObjectId`, `dblPropertyId`, `propertyValue`)
VALUES (8049, 54, 1)
     , (8049, 76, 0.5);

INSERT INTO `ace_object_properties_bool` (`aceObjectId`, `boolPropertyId`, `propertyValue`)
VALUES (8049, 13, True)
     , (8049, 12, True)
     , (8049, 11, True)
     , (8049, 14, True)
     , (8049, 19, True)
     , (8049, 1, True);

INSERT INTO `ace_object_palette_change` (`aceObjectId`, `subPaletteId`, `offset`, `length`)
VALUES (8049, 67112860, 0, 0);

INSERT INTO ace_weenie_class (`weenieClassId`, `weenieClassDescription`)
VALUES (36641, 'ace36641-corpseofphlynt');

INSERT INTO `ace_object` (`aceObjectId`, `aceObjectDescriptionFlags`, `weenieClassId`, `weenieHeaderFlags`, `weenieHeaderFlags2`, `currentMotionState`, `physicsDescriptionFlag`)
VALUES (36641, 21, 36641, 2097206, NULL, NULL, 38913);

INSERT INTO `ace_object_properties_string` (`aceObjectId`, `strPropertyId`, `propertyValue`)
VALUES (36641, 1, 'Corpse of Phlynt');

INSERT INTO `ace_object_properties_did` (`aceObjectId`, `didPropertyId`, `propertyValue`)
VALUES (36641, 8, 100674808)
     , (36641, 1, 33558429)
     , (36641, 3, 536870932)
     , (36641, 22, 872415275);

INSERT INTO `ace_object_properties_int` (`aceObjectId`, `intPropertyId`, `propertyValue`)
VALUES (36641, 1, 512)
     , (36641, 5, 3015)
     , (36641, 7, 10)
     , (36641, 6, 120)
     , (36641, 16, 48)
     , (36641, 93, 1052)
     , (36641, 9007, 21);

INSERT INTO `ace_object_properties_double` (`aceObjectId`, `dblPropertyId`, `propertyValue`)
VALUES (36641, 54, 2);

INSERT INTO `ace_object_properties_bool` (`aceObjectId`, `boolPropertyId`, `propertyValue`)
VALUES (36641, 13, True)
     , (36641, 12, True)
     , (36641, 11, True)
     , (36641, 14, True)
     , (36641, 19, True)
     , (36641, 1, True);

INSERT INTO ace_weenie_class (`weenieClassId`, `weenieClassDescription`)
VALUES (27281, 'chestorphanageyaruldi');

INSERT INTO `ace_object` (`aceObjectId`, `aceObjectDescriptionFlags`, `weenieClassId`, `weenieHeaderFlags`, `weenieHeaderFlags2`, `currentMotionState`, `physicsDescriptionFlag`)
VALUES (27281, 20, 27281, 2097214, NULL, 'AAA9AAIAAAAMAAAA', 104451);

INSERT INTO `ace_object_properties_string` (`aceObjectId`, `strPropertyId`, `propertyValue`)
VALUES (27281, 1, 'Yaruldi''s Hoard');

INSERT INTO `ace_object_properties_did` (`aceObjectId`, `didPropertyId`, `propertyValue`)
VALUES (27281, 8, 100676401)
     , (27281, 1, 33558675)
     , (27281, 3, 536870950)
     , (27281, 2, 150995247)
     , (27281, 22, 872415275);

INSERT INTO `ace_object_properties_int` (`aceObjectId`, `intPropertyId`, `propertyValue`)
VALUES (27281, 1, 512)
     , (27281, 5, 10871)
     , (27281, 7, 10)
     , (27281, 6, 120)
     , (27281, 16, 48)
     , (27281, 19, 2500)
     , (27281, 93, 1048)
     , (27281, 9007, 21);

INSERT INTO `ace_object_properties_double` (`aceObjectId`, `dblPropertyId`, `propertyValue`)
VALUES (27281, 54, 1);

INSERT INTO `ace_object_properties_bool` (`aceObjectId`, `boolPropertyId`, `propertyValue`)
VALUES (27281, 12, True)
     , (27281, 11, True)
     , (27281, 14, True)
     , (27281, 19, True)
     , (27281, 1, True);

INSERT INTO ace_weenie_class (`weenieClassId`, `weenieClassDescription`)
VALUES (31986, 'ace31986-xikminrusreserve');

INSERT INTO `ace_object` (`aceObjectId`, `aceObjectDescriptionFlags`, `weenieClassId`, `weenieHeaderFlags`, `weenieHeaderFlags2`, `currentMotionState`, `physicsDescriptionFlag`)
VALUES (31986, 20, 31986, 2097214, NULL, 'AAA9AAIAAAAMAAAA', 104579);

INSERT INTO `ace_object_properties_string` (`aceObjectId`, `strPropertyId`, `propertyValue`)
VALUES (31986, 1, 'Xik Minru''s Reserve');

INSERT INTO `ace_object_properties_did` (`aceObjectId`, `didPropertyId`, `propertyValue`)
VALUES (31986, 8, 100667424)
     , (31986, 1, 33554556)
     , (31986, 3, 536870945)
     , (31986, 2, 150994948)
     , (31986, 22, 872415275);

INSERT INTO `ace_object_properties_int` (`aceObjectId`, `intPropertyId`, `propertyValue`)
VALUES (31986, 1, 512)
     , (31986, 5, 11907)
     , (31986, 7, 10)
     , (31986, 6, 120)
     , (31986, 16, 48)
     , (31986, 19, 2500)
     , (31986, 93, 1048)
     , (31986, 9007, 21);

INSERT INTO `ace_object_properties_double` (`aceObjectId`, `dblPropertyId`, `propertyValue`)
VALUES (31986, 54, 1)
     , (31986, 39, 3);

INSERT INTO `ace_object_properties_bool` (`aceObjectId`, `boolPropertyId`, `propertyValue`)
VALUES (31986, 12, True)
     , (31986, 11, True)
     , (31986, 14, True)
     , (31986, 19, True)
     , (31986, 1, True);

INSERT INTO ace_weenie_class (`weenieClassId`, `weenieClassDescription`)
VALUES (15757, 'corpselania');

INSERT INTO `ace_object` (`aceObjectId`, `aceObjectDescriptionFlags`, `weenieClassId`, `weenieHeaderFlags`, `weenieHeaderFlags2`, `currentMotionState`, `physicsDescriptionFlag`)
VALUES (15757, 21, 15757, 2097206, NULL, NULL, 38917);

INSERT INTO `ace_object_properties_string` (`aceObjectId`, `strPropertyId`, `propertyValue`)
VALUES (15757, 1, 'The skeleton of Lania Cartoth');

INSERT INTO `ace_object_properties_did` (`aceObjectId`, `didPropertyId`, `propertyValue`)
VALUES (15757, 8, 100667504)
     , (15757, 1, 33555405)
     , (15757, 3, 536870932)
     , (15757, 22, 872415275);

INSERT INTO `ace_object_properties_int` (`aceObjectId`, `intPropertyId`, `propertyValue`)
VALUES (15757, 1, 512)
     , (15757, 5, 3025)
     , (15757, 7, 10)
     , (15757, 6, 120)
     , (15757, 16, 48)
     , (15757, 93, 1048)
     , (15757, 9007, 21);

INSERT INTO `ace_object_properties_double` (`aceObjectId`, `dblPropertyId`, `propertyValue`)
VALUES (15757, 54, 1);

INSERT INTO `ace_object_properties_bool` (`aceObjectId`, `boolPropertyId`, `propertyValue`)
VALUES (15757, 12, True)
     , (15757, 11, True)
     , (15757, 14, True)
     , (15757, 19, True)
     , (15757, 1, True);

INSERT INTO ace_weenie_class (`weenieClassId`, `weenieClassDescription`)
VALUES (51420, 'ace51420-bookcase');

INSERT INTO `ace_object` (`aceObjectId`, `aceObjectDescriptionFlags`, `weenieClassId`, `weenieHeaderFlags`, `weenieHeaderFlags2`, `currentMotionState`, `physicsDescriptionFlag`)
VALUES (51420, 21, 51420, 2097202, NULL, NULL, 169985);

INSERT INTO `ace_object_properties_string` (`aceObjectId`, `strPropertyId`, `propertyValue`)
VALUES (51420, 1, 'Bookcase');

INSERT INTO `ace_object_properties_did` (`aceObjectId`, `didPropertyId`, `propertyValue`)
VALUES (51420, 8, 100668246)
     , (51420, 1, 33554819)
     , (51420, 3, 536870932)
     , (51420, 22, 872415275);

INSERT INTO `ace_object_properties_int` (`aceObjectId`, `intPropertyId`, `propertyValue`)
VALUES (51420, 53, 101)
     , (51420, 1, 512)
     , (51420, 5, 1350)
     , (51420, 6, 11)
     , (51420, 16, 48)
     , (51420, 93, 66576)
     , (51420, 9007, 21);

INSERT INTO `ace_object_properties_double` (`aceObjectId`, `dblPropertyId`, `propertyValue`)
VALUES (51420, 54, 1);

INSERT INTO `ace_object_properties_bool` (`aceObjectId`, `boolPropertyId`, `propertyValue`)
VALUES (51420, 11, True)
     , (51420, 14, True)
     , (51420, 19, True)
     , (51420, 1, True);

INSERT INTO ace_weenie_class (`weenieClassId`, `weenieClassDescription`)
VALUES (51421, 'ace51421-bookcase');

INSERT INTO `ace_object` (`aceObjectId`, `aceObjectDescriptionFlags`, `weenieClassId`, `weenieHeaderFlags`, `weenieHeaderFlags2`, `currentMotionState`, `physicsDescriptionFlag`)
VALUES (51421, 21, 51421, 2097202, NULL, NULL, 169985);

INSERT INTO `ace_object_properties_string` (`aceObjectId`, `strPropertyId`, `propertyValue`)
VALUES (51421, 1, 'Bookcase');

INSERT INTO `ace_object_properties_did` (`aceObjectId`, `didPropertyId`, `propertyValue`)
VALUES (51421, 8, 100668246)
     , (51421, 1, 33554819)
     , (51421, 3, 536870932)
     , (51421, 22, 872415275);

INSERT INTO `ace_object_properties_int` (`aceObjectId`, `intPropertyId`, `propertyValue`)
VALUES (51421, 53, 101)
     , (51421, 1, 512)
     , (51421, 5, 1350)
     , (51421, 6, 11)
     , (51421, 16, 48)
     , (51421, 93, 66576)
     , (51421, 9007, 21);

INSERT INTO `ace_object_properties_double` (`aceObjectId`, `dblPropertyId`, `propertyValue`)
VALUES (51421, 54, 1);

INSERT INTO `ace_object_properties_bool` (`aceObjectId`, `boolPropertyId`, `propertyValue`)
VALUES (51421, 11, True)
     , (51421, 14, True)
     , (51421, 19, True)
     , (51421, 1, True);

INSERT INTO ace_weenie_class (`weenieClassId`, `weenieClassDescription`)
VALUES (34261, 'ace34261-corpseofaineabesu');

INSERT INTO `ace_object` (`aceObjectId`, `aceObjectDescriptionFlags`, `weenieClassId`, `weenieHeaderFlags`, `weenieHeaderFlags2`, `currentMotionState`, `physicsDescriptionFlag`)
VALUES (34261, 21, 34261, 2097206, NULL, 'AAA9AAAAAAA=', 104451);

INSERT INTO `ace_object_properties_string` (`aceObjectId`, `strPropertyId`, `propertyValue`)
VALUES (34261, 1, 'Corpse of Ainea Besu');

INSERT INTO `ace_object_properties_did` (`aceObjectId`, `didPropertyId`, `propertyValue`)
VALUES (34261, 8, 100667504)
     , (34261, 1, 33554510)
     , (34261, 3, 536871106)
     , (34261, 2, 150995360)
     , (34261, 22, 872415342)
     , (34261, 6, 67108990);

INSERT INTO `ace_object_properties_int` (`aceObjectId`, `intPropertyId`, `propertyValue`)
VALUES (34261, 1, 512)
     , (34261, 5, 3030)
     , (34261, 7, 10)
     , (34261, 6, 120)
     , (34261, 16, 48)
     , (34261, 93, 1052)
     , (34261, 9007, 21);

INSERT INTO `ace_object_properties_double` (`aceObjectId`, `dblPropertyId`, `propertyValue`)
VALUES (34261, 54, 1);

INSERT INTO `ace_object_properties_bool` (`aceObjectId`, `boolPropertyId`, `propertyValue`)
VALUES (34261, 13, True)
     , (34261, 12, True)
     , (34261, 11, True)
     , (34261, 14, True)
     , (34261, 19, True)
     , (34261, 1, True);

INSERT INTO `ace_object_palette_change` (`aceObjectId`, `subPaletteId`, `offset`, `length`)
VALUES (34261, 67110008, 136, 16)
     , (34261, 67110008, 80, 12)
     , (34261, 67110008, 174, 66)
     , (34261, 67110350, 92, 4)
     , (34261, 67110350, 152, 8)
     , (34261, 67113265, 72, 8);

INSERT INTO `ace_object_texture_map_change` (`aceObjectId`, `index`, `oldId`, `newId`)
VALUES (34261, 13, 83886796, 83889770)
     , (34261, 10, 83886796, 83889770)
     , (34261, 14, 83886788, 83889767)
     , (34261, 11, 83886788, 83889767)
     , (34261, 9, 83887070, 83886778)
     , (34261, 9, 83887062, 83886776)
     , (34261, 0, 83892762, 83892762)
     , (34261, 0, 83892761, 83892761)
     , (34261, 12, 83887059, 83892762)
     , (34261, 15, 83887059, 83892762)
     , (34261, 0, 83886523, 83886523)
     , (34261, 0, 83886522, 83886522)
     , (34261, 5, 83886536, 83886536)
     , (34261, 1, 83886536, 83886536)
     , (34261, 6, 83887066, 83886530)
     , (34261, 2, 83887066, 83886530)
     , (34261, 3, 83889344, 83892762)
     , (34261, 4, 83887068, 83886522)
     , (34261, 7, 83889344, 83892762)
     , (34261, 8, 83887068, 83886522);

INSERT INTO `ace_object_animation_change` (`aceObjectId`, `index`, `animationId`)
VALUES (34261, 13, 16781879)
     , (34261, 10, 16781878)
     , (34261, 14, 16781888)
     , (34261, 11, 16781889)
     , (34261, 9, 16778425)
     , (34261, 12, 16777304)
     , (34261, 15, 16777307)
     , (34261, 0, 16783841)
     , (34261, 5, 16783849)
     , (34261, 1, 16783847)
     , (34261, 6, 16781895)
     , (34261, 2, 16781892)
     , (34261, 3, 16777292)
     , (34261, 4, 16777291)
     , (34261, 7, 16777296)
     , (34261, 8, 16777298);

INSERT INTO ace_weenie_class (`weenieClassId`, `weenieClassDescription`)
VALUES (5360, 'corpsebloatedabmim');

INSERT INTO `ace_object` (`aceObjectId`, `aceObjectDescriptionFlags`, `weenieClassId`, `weenieHeaderFlags`, `weenieHeaderFlags2`, `currentMotionState`, `physicsDescriptionFlag`)
VALUES (5360, 21, 5360, 2097206, NULL, NULL, 38917);

INSERT INTO `ace_object_properties_string` (`aceObjectId`, `strPropertyId`, `propertyValue`)
VALUES (5360, 1, 'Corpse of Abmim ibn Ibsar');

INSERT INTO `ace_object_properties_did` (`aceObjectId`, `didPropertyId`, `propertyValue`)
VALUES (5360, 8, 100667504)
     , (5360, 1, 33555323)
     , (5360, 3, 536870932)
     , (5360, 22, 872415275);

INSERT INTO `ace_object_properties_int` (`aceObjectId`, `intPropertyId`, `propertyValue`)
VALUES (5360, 1, 512)
     , (5360, 5, 3180)
     , (5360, 7, 10)
     , (5360, 6, 120)
     , (5360, 16, 48)
     , (5360, 93, 1048)
     , (5360, 9007, 21);

INSERT INTO `ace_object_properties_double` (`aceObjectId`, `dblPropertyId`, `propertyValue`)
VALUES (5360, 54, 1);

INSERT INTO `ace_object_properties_bool` (`aceObjectId`, `boolPropertyId`, `propertyValue`)
VALUES (5360, 12, True)
     , (5360, 11, True)
     , (5360, 14, True)
     , (5360, 19, True)
     , (5360, 1, True);

INSERT INTO ace_weenie_class (`weenieClassId`, `weenieClassDescription`)
VALUES (29079, 'chestthrungushumid1');

INSERT INTO `ace_object` (`aceObjectId`, `aceObjectDescriptionFlags`, `weenieClassId`, `weenieHeaderFlags`, `weenieHeaderFlags2`, `currentMotionState`, `physicsDescriptionFlag`)
VALUES (29079, 21, 29079, 2097214, NULL, 'AAA9AAIAAAAMAAAA', 104451);

INSERT INTO `ace_object_properties_string` (`aceObjectId`, `strPropertyId`, `propertyValue`)
VALUES (29079, 1, 'An old chest');

INSERT INTO `ace_object_properties_did` (`aceObjectId`, `didPropertyId`, `propertyValue`)
VALUES (29079, 8, 100667426)
     , (29079, 1, 33554556)
     , (29079, 3, 536870945)
     , (29079, 2, 150994948)
     , (29079, 22, 872415275);

INSERT INTO `ace_object_properties_int` (`aceObjectId`, `intPropertyId`, `propertyValue`)
VALUES (29079, 1, 512)
     , (29079, 5, 6250)
     , (29079, 7, 10)
     , (29079, 6, 120)
     , (29079, 16, 48)
     , (29079, 19, 200)
     , (29079, 93, 1048)
     , (29079, 9007, 21);

INSERT INTO `ace_object_properties_double` (`aceObjectId`, `dblPropertyId`, `propertyValue`)
VALUES (29079, 54, 1);

INSERT INTO `ace_object_properties_bool` (`aceObjectId`, `boolPropertyId`, `propertyValue`)
VALUES (29079, 12, True)
     , (29079, 11, True)
     , (29079, 14, True)
     , (29079, 19, True)
     , (29079, 1, True);

INSERT INTO ace_weenie_class (`weenieClassId`, `weenieClassDescription`)
VALUES (29080, 'chestthrungushumid2');

INSERT INTO `ace_object` (`aceObjectId`, `aceObjectDescriptionFlags`, `weenieClassId`, `weenieHeaderFlags`, `weenieHeaderFlags2`, `currentMotionState`, `physicsDescriptionFlag`)
VALUES (29080, 21, 29080, 2097214, NULL, 'AAA9AAIAAAAMAAAA', 104451);

INSERT INTO `ace_object_properties_string` (`aceObjectId`, `strPropertyId`, `propertyValue`)
VALUES (29080, 1, 'An old chest');

INSERT INTO `ace_object_properties_did` (`aceObjectId`, `didPropertyId`, `propertyValue`)
VALUES (29080, 8, 100667426)
     , (29080, 1, 33554556)
     , (29080, 3, 536870945)
     , (29080, 2, 150994948)
     , (29080, 22, 872415275);

INSERT INTO `ace_object_properties_int` (`aceObjectId`, `intPropertyId`, `propertyValue`)
VALUES (29080, 1, 512)
     , (29080, 5, 6250)
     , (29080, 7, 10)
     , (29080, 6, 120)
     , (29080, 16, 48)
     , (29080, 19, 200)
     , (29080, 93, 1048)
     , (29080, 9007, 21);

INSERT INTO `ace_object_properties_double` (`aceObjectId`, `dblPropertyId`, `propertyValue`)
VALUES (29080, 54, 1);

INSERT INTO `ace_object_properties_bool` (`aceObjectId`, `boolPropertyId`, `propertyValue`)
VALUES (29080, 12, True)
     , (29080, 11, True)
     , (29080, 14, True)
     , (29080, 19, True)
     , (29080, 1, True);

INSERT INTO ace_weenie_class (`weenieClassId`, `weenieClassDescription`)
VALUES (29083, 'chestthrungusmoist1');

INSERT INTO `ace_object` (`aceObjectId`, `aceObjectDescriptionFlags`, `weenieClassId`, `weenieHeaderFlags`, `weenieHeaderFlags2`, `currentMotionState`, `physicsDescriptionFlag`)
VALUES (29083, 21, 29083, 2097214, NULL, 'AAA9AAIAAAAMAAAA', 104451);

INSERT INTO `ace_object_properties_string` (`aceObjectId`, `strPropertyId`, `propertyValue`)
VALUES (29083, 1, 'An old chest');

INSERT INTO `ace_object_properties_did` (`aceObjectId`, `didPropertyId`, `propertyValue`)
VALUES (29083, 8, 100667426)
     , (29083, 1, 33554556)
     , (29083, 3, 536870945)
     , (29083, 2, 150994948)
     , (29083, 22, 872415275);

INSERT INTO `ace_object_properties_int` (`aceObjectId`, `intPropertyId`, `propertyValue`)
VALUES (29083, 1, 512)
     , (29083, 5, 6250)
     , (29083, 7, 10)
     , (29083, 6, 120)
     , (29083, 16, 48)
     , (29083, 19, 200)
     , (29083, 93, 1048)
     , (29083, 9007, 21);

INSERT INTO `ace_object_properties_double` (`aceObjectId`, `dblPropertyId`, `propertyValue`)
VALUES (29083, 54, 1);

INSERT INTO `ace_object_properties_bool` (`aceObjectId`, `boolPropertyId`, `propertyValue`)
VALUES (29083, 12, True)
     , (29083, 11, True)
     , (29083, 14, True)
     , (29083, 19, True)
     , (29083, 1, True);

INSERT INTO ace_weenie_class (`weenieClassId`, `weenieClassDescription`)
VALUES (29084, 'chestthrungusmoist2');

INSERT INTO `ace_object` (`aceObjectId`, `aceObjectDescriptionFlags`, `weenieClassId`, `weenieHeaderFlags`, `weenieHeaderFlags2`, `currentMotionState`, `physicsDescriptionFlag`)
VALUES (29084, 21, 29084, 2097214, NULL, 'AAA9AAIAAAAMAAAA', 104451);

INSERT INTO `ace_object_properties_string` (`aceObjectId`, `strPropertyId`, `propertyValue`)
VALUES (29084, 1, 'An old chest');

INSERT INTO `ace_object_properties_did` (`aceObjectId`, `didPropertyId`, `propertyValue`)
VALUES (29084, 8, 100667426)
     , (29084, 1, 33554556)
     , (29084, 3, 536870945)
     , (29084, 2, 150994948)
     , (29084, 22, 872415275);

INSERT INTO `ace_object_properties_int` (`aceObjectId`, `intPropertyId`, `propertyValue`)
VALUES (29084, 1, 512)
     , (29084, 5, 6250)
     , (29084, 7, 10)
     , (29084, 6, 120)
     , (29084, 16, 48)
     , (29084, 19, 200)
     , (29084, 93, 1048)
     , (29084, 9007, 21);

INSERT INTO `ace_object_properties_double` (`aceObjectId`, `dblPropertyId`, `propertyValue`)
VALUES (29084, 54, 1);

INSERT INTO `ace_object_properties_bool` (`aceObjectId`, `boolPropertyId`, `propertyValue`)
VALUES (29084, 12, True)
     , (29084, 11, True)
     , (29084, 14, True)
     , (29084, 19, True)
     , (29084, 1, True);

INSERT INTO ace_weenie_class (`weenieClassId`, `weenieClassDescription`)
VALUES (29082, 'chestthrungussteaming2');

INSERT INTO `ace_object` (`aceObjectId`, `aceObjectDescriptionFlags`, `weenieClassId`, `weenieHeaderFlags`, `weenieHeaderFlags2`, `currentMotionState`, `physicsDescriptionFlag`)
VALUES (29082, 21, 29082, 2097214, NULL, 'AAA9AAIAAAAMAAAA', 104451);

INSERT INTO `ace_object_properties_string` (`aceObjectId`, `strPropertyId`, `propertyValue`)
VALUES (29082, 1, 'An old chest');

INSERT INTO `ace_object_properties_did` (`aceObjectId`, `didPropertyId`, `propertyValue`)
VALUES (29082, 8, 100667426)
     , (29082, 1, 33554556)
     , (29082, 3, 536870945)
     , (29082, 2, 150994948)
     , (29082, 22, 872415275);

INSERT INTO `ace_object_properties_int` (`aceObjectId`, `intPropertyId`, `propertyValue`)
VALUES (29082, 1, 512)
     , (29082, 5, 6250)
     , (29082, 7, 10)
     , (29082, 6, 120)
     , (29082, 16, 48)
     , (29082, 19, 200)
     , (29082, 93, 1048)
     , (29082, 9007, 21);

INSERT INTO `ace_object_properties_double` (`aceObjectId`, `dblPropertyId`, `propertyValue`)
VALUES (29082, 54, 1);

INSERT INTO `ace_object_properties_bool` (`aceObjectId`, `boolPropertyId`, `propertyValue`)
VALUES (29082, 12, True)
     , (29082, 11, True)
     , (29082, 14, True)
     , (29082, 19, True)
     , (29082, 1, True);

INSERT INTO ace_weenie_class (`weenieClassId`, `weenieClassDescription`)
VALUES (29081, 'chestthrungussteaming1');

INSERT INTO `ace_object` (`aceObjectId`, `aceObjectDescriptionFlags`, `weenieClassId`, `weenieHeaderFlags`, `weenieHeaderFlags2`, `currentMotionState`, `physicsDescriptionFlag`)
VALUES (29081, 21, 29081, 2097214, NULL, 'AAA9AAIAAAAMAAAA', 104451);

INSERT INTO `ace_object_properties_string` (`aceObjectId`, `strPropertyId`, `propertyValue`)
VALUES (29081, 1, 'An old chest');

INSERT INTO `ace_object_properties_did` (`aceObjectId`, `didPropertyId`, `propertyValue`)
VALUES (29081, 8, 100667426)
     , (29081, 1, 33554556)
     , (29081, 3, 536870945)
     , (29081, 2, 150994948)
     , (29081, 22, 872415275);

INSERT INTO `ace_object_properties_int` (`aceObjectId`, `intPropertyId`, `propertyValue`)
VALUES (29081, 1, 512)
     , (29081, 5, 6250)
     , (29081, 7, 10)
     , (29081, 6, 120)
     , (29081, 16, 48)
     , (29081, 19, 200)
     , (29081, 93, 1048)
     , (29081, 9007, 21);

INSERT INTO `ace_object_properties_double` (`aceObjectId`, `dblPropertyId`, `propertyValue`)
VALUES (29081, 54, 1);

INSERT INTO `ace_object_properties_bool` (`aceObjectId`, `boolPropertyId`, `propertyValue`)
VALUES (29081, 12, True)
     , (29081, 11, True)
     , (29081, 14, True)
     , (29081, 19, True)
     , (29081, 1, True);

INSERT INTO ace_weenie_class (`weenieClassId`, `weenieClassDescription`)
VALUES (29077, 'chestthrungussultry1');

INSERT INTO `ace_object` (`aceObjectId`, `aceObjectDescriptionFlags`, `weenieClassId`, `weenieHeaderFlags`, `weenieHeaderFlags2`, `currentMotionState`, `physicsDescriptionFlag`)
VALUES (29077, 21, 29077, 2097214, NULL, 'AAA9AAIAAAAMAAAA', 104451);

INSERT INTO `ace_object_properties_string` (`aceObjectId`, `strPropertyId`, `propertyValue`)
VALUES (29077, 1, 'An old chest');

INSERT INTO `ace_object_properties_did` (`aceObjectId`, `didPropertyId`, `propertyValue`)
VALUES (29077, 8, 100667426)
     , (29077, 1, 33554556)
     , (29077, 3, 536870945)
     , (29077, 2, 150994948)
     , (29077, 22, 872415275);

INSERT INTO `ace_object_properties_int` (`aceObjectId`, `intPropertyId`, `propertyValue`)
VALUES (29077, 1, 512)
     , (29077, 5, 6250)
     , (29077, 7, 10)
     , (29077, 6, 120)
     , (29077, 16, 48)
     , (29077, 19, 200)
     , (29077, 93, 1048)
     , (29077, 9007, 21);

INSERT INTO `ace_object_properties_double` (`aceObjectId`, `dblPropertyId`, `propertyValue`)
VALUES (29077, 54, 1);

INSERT INTO `ace_object_properties_bool` (`aceObjectId`, `boolPropertyId`, `propertyValue`)
VALUES (29077, 12, True)
     , (29077, 11, True)
     , (29077, 14, True)
     , (29077, 19, True)
     , (29077, 1, True);

INSERT INTO ace_weenie_class (`weenieClassId`, `weenieClassDescription`)
VALUES (29078, 'chestthrungussultry2');

INSERT INTO `ace_object` (`aceObjectId`, `aceObjectDescriptionFlags`, `weenieClassId`, `weenieHeaderFlags`, `weenieHeaderFlags2`, `currentMotionState`, `physicsDescriptionFlag`)
VALUES (29078, 21, 29078, 2097214, NULL, 'AAA9AAIAAAAMAAAA', 104451);

INSERT INTO `ace_object_properties_string` (`aceObjectId`, `strPropertyId`, `propertyValue`)
VALUES (29078, 1, 'An old chest');

INSERT INTO `ace_object_properties_did` (`aceObjectId`, `didPropertyId`, `propertyValue`)
VALUES (29078, 8, 100667426)
     , (29078, 1, 33554556)
     , (29078, 3, 536870945)
     , (29078, 2, 150994948)
     , (29078, 22, 872415275);

INSERT INTO `ace_object_properties_int` (`aceObjectId`, `intPropertyId`, `propertyValue`)
VALUES (29078, 1, 512)
     , (29078, 5, 6250)
     , (29078, 7, 10)
     , (29078, 6, 120)
     , (29078, 16, 48)
     , (29078, 19, 200)
     , (29078, 93, 1048)
     , (29078, 9007, 21);

INSERT INTO `ace_object_properties_double` (`aceObjectId`, `dblPropertyId`, `propertyValue`)
VALUES (29078, 54, 1);

INSERT INTO `ace_object_properties_bool` (`aceObjectId`, `boolPropertyId`, `propertyValue`)
VALUES (29078, 12, True)
     , (29078, 11, True)
     , (29078, 14, True)
     , (29078, 19, True)
     , (29078, 1, True);

