INSERT INTO ace_weenie_class (`weenieClassId`, `weenieClassDescription`)
VALUES (632, 'healingkitpeerless');

INSERT INTO `ace_object` (`aceObjectId`, `aceObjectDescriptionFlags`, `weenieClassId`, `weenieHeaderFlags`, `currentMotionState`, `physicsDescriptionFlag`)
VALUES (632, 2640920, 632, 65554, NULL, 131073);

INSERT INTO `ace_object_properties_string` (`aceObjectId`, `strPropertyId`, `propertyValue`)
VALUES (632, 1, 'Peerless Healing Kit');

INSERT INTO `ace_object_properties_did` (`aceObjectId`, `didPropertyId`, `propertyValue`)
VALUES (632, 8, 100676339)
     , (632, 1, 33555194);

INSERT INTO `ace_object_properties_int` (`aceObjectId`, `intPropertyId`, `propertyValue`)
VALUES (632, 53, 101)
     , (632, 1, 128)
     , (632, 5, 50)
     , (632, 91, 40)
     , (632, 92, 40)
     , (632, 94, 16)
     , (632, 16, 2228232)
     , (632, 19, 1000)
     , (632, 93, 1044);

INSERT INTO `ace_object_properties_bool` (`aceObjectId`, `boolPropertyId`, `propertyValue`)
VALUES (632, 13, True)
     , (632, 11, True)
     , (632, 14, True);

INSERT INTO ace_weenie_class (`weenieClassId`, `weenieClassDescription`)
VALUES (628, 'healingkitcrude');

INSERT INTO `ace_object` (`aceObjectId`, `aceObjectDescriptionFlags`, `weenieClassId`, `weenieHeaderFlags`, `currentMotionState`, `physicsDescriptionFlag`)
VALUES (628, 2640920, 628, 65554, NULL, 131073);

INSERT INTO `ace_object_properties_string` (`aceObjectId`, `strPropertyId`, `propertyValue`)
VALUES (628, 1, 'Handy Healing Kit');

INSERT INTO `ace_object_properties_did` (`aceObjectId`, `didPropertyId`, `propertyValue`)
VALUES (628, 8, 100676335)
     , (628, 1, 33555194);

INSERT INTO `ace_object_properties_int` (`aceObjectId`, `intPropertyId`, `propertyValue`)
VALUES (628, 53, 101)
     , (628, 1, 128)
     , (628, 5, 50)
     , (628, 91, 20)
     , (628, 92, 20)
     , (628, 94, 16)
     , (628, 16, 2228232)
     , (628, 19, 10)
     , (628, 93, 1044);

INSERT INTO `ace_object_properties_bool` (`aceObjectId`, `boolPropertyId`, `propertyValue`)
VALUES (628, 13, True)
     , (628, 11, True)
     , (628, 14, True);

INSERT INTO ace_weenie_class (`weenieClassId`, `weenieClassDescription`)
VALUES (9229, 'healingkittreated');

INSERT INTO `ace_object` (`aceObjectId`, `aceObjectDescriptionFlags`, `weenieClassId`, `weenieHeaderFlags`, `currentMotionState`, `physicsDescriptionFlag`)
VALUES (9229, 2640920, 9229, 65554, NULL, 131073);

INSERT INTO `ace_object_properties_string` (`aceObjectId`, `strPropertyId`, `propertyValue`)
VALUES (9229, 1, 'Treated Healing Kit');

INSERT INTO `ace_object_properties_did` (`aceObjectId`, `didPropertyId`, `propertyValue`)
VALUES (9229, 8, 100676325)
     , (9229, 1, 33555194);

INSERT INTO `ace_object_properties_int` (`aceObjectId`, `intPropertyId`, `propertyValue`)
VALUES (9229, 53, 101)
     , (9229, 1, 128)
     , (9229, 5, 50)
     , (9229, 91, 50)
     , (9229, 92, 50)
     , (9229, 94, 16)
     , (9229, 16, 2228232)
     , (9229, 19, 2000)
     , (9229, 93, 1044);

INSERT INTO `ace_object_properties_bool` (`aceObjectId`, `boolPropertyId`, `propertyValue`)
VALUES (9229, 13, True)
     , (9229, 11, True)
     , (9229, 14, True);

INSERT INTO ace_weenie_class (`weenieClassId`, `weenieClassDescription`)
VALUES (27671, 'healingkitrenegade');

INSERT INTO `ace_object` (`aceObjectId`, `aceObjectDescriptionFlags`, `weenieClassId`, `weenieHeaderFlags`, `currentMotionState`, `physicsDescriptionFlag`)
VALUES (27671, 2640920, 27671, 65554, NULL, 131073);

INSERT INTO `ace_object_properties_string` (`aceObjectId`, `strPropertyId`, `propertyValue`)
VALUES (27671, 1, 'Renegade Herbal Kit');

INSERT INTO `ace_object_properties_did` (`aceObjectId`, `didPropertyId`, `propertyValue`)
VALUES (27671, 8, 100676523)
     , (27671, 1, 33555194);

INSERT INTO `ace_object_properties_int` (`aceObjectId`, `intPropertyId`, `propertyValue`)
VALUES (27671, 53, 101)
     , (27671, 1, 128)
     , (27671, 5, 65)
     , (27671, 91, 50)
     , (27671, 92, 50)
     , (27671, 94, 16)
     , (27671, 16, 2228232)
     , (27671, 19, 1000)
     , (27671, 93, 1044);

INSERT INTO `ace_object_properties_bool` (`aceObjectId`, `boolPropertyId`, `propertyValue`)
VALUES (27671, 13, True)
     , (27671, 11, True)
     , (27671, 14, True);

INSERT INTO ace_weenie_class (`weenieClassId`, `weenieClassDescription`)
VALUES (630, 'healingkitgood');

INSERT INTO `ace_object` (`aceObjectId`, `aceObjectDescriptionFlags`, `weenieClassId`, `weenieHeaderFlags`, `currentMotionState`, `physicsDescriptionFlag`)
VALUES (630, 2640920, 630, 65554, NULL, 131073);

INSERT INTO `ace_object_properties_string` (`aceObjectId`, `strPropertyId`, `propertyValue`)
VALUES (630, 1, 'Gifted Healing Kit');

INSERT INTO `ace_object_properties_did` (`aceObjectId`, `didPropertyId`, `propertyValue`)
VALUES (630, 8, 100676337)
     , (630, 1, 33555194);

INSERT INTO `ace_object_properties_int` (`aceObjectId`, `intPropertyId`, `propertyValue`)
VALUES (630, 53, 101)
     , (630, 1, 128)
     , (630, 5, 50)
     , (630, 91, 30)
     , (630, 92, 30)
     , (630, 94, 16)
     , (630, 16, 2228232)
     , (630, 19, 120)
     , (630, 93, 1044);

INSERT INTO `ace_object_properties_bool` (`aceObjectId`, `boolPropertyId`, `propertyValue`)
VALUES (630, 13, True)
     , (630, 11, True)
     , (630, 14, True);

INSERT INTO ace_weenie_class (`weenieClassId`, `weenieClassDescription`)
VALUES (22449, 'healingkitplentiful');

INSERT INTO `ace_object` (`aceObjectId`, `aceObjectDescriptionFlags`, `weenieClassId`, `weenieHeaderFlags`, `currentMotionState`, `physicsDescriptionFlag`)
VALUES (22449, 2640920, 22449, 65554, NULL, 131073);

INSERT INTO `ace_object_properties_string` (`aceObjectId`, `strPropertyId`, `propertyValue`)
VALUES (22449, 1, 'Plentiful Healing Kit');

INSERT INTO `ace_object_properties_did` (`aceObjectId`, `didPropertyId`, `propertyValue`)
VALUES (22449, 8, 100673800)
     , (22449, 1, 33555194);

INSERT INTO `ace_object_properties_int` (`aceObjectId`, `intPropertyId`, `propertyValue`)
VALUES (22449, 53, 101)
     , (22449, 1, 128)
     , (22449, 5, 50)
     , (22449, 91, 100)
     , (22449, 92, 100)
     , (22449, 94, 16)
     , (22449, 16, 2228232)
     , (22449, 19, 3000)
     , (22449, 93, 1044);

INSERT INTO `ace_object_properties_bool` (`aceObjectId`, `boolPropertyId`, `propertyValue`)
VALUES (22449, 13, True)
     , (22449, 11, True)
     , (22449, 14, True);

INSERT INTO `ace_object_texture_map_change` (`aceObjectId`, `index`, `oldId`, `newId`)
VALUES (22449, 0, 83889681, 83894377)
     , (22449, 0, 83889682, 83894378);

INSERT INTO `ace_object_animation_change` (`aceObjectId`, `index`, `animationId`)
VALUES (22449, 0, 16779994);

INSERT INTO ace_weenie_class (`weenieClassId`, `weenieClassDescription`)
VALUES (631, 'healingkitexcellent');

INSERT INTO `ace_object` (`aceObjectId`, `aceObjectDescriptionFlags`, `weenieClassId`, `weenieHeaderFlags`, `currentMotionState`, `physicsDescriptionFlag`)
VALUES (631, 2640920, 631, 65554, NULL, 131073);

INSERT INTO `ace_object_properties_string` (`aceObjectId`, `strPropertyId`, `propertyValue`)
VALUES (631, 1, 'Excellent Healing Kit');

INSERT INTO `ace_object_properties_did` (`aceObjectId`, `didPropertyId`, `propertyValue`)
VALUES (631, 8, 100676338)
     , (631, 1, 33555194);

INSERT INTO `ace_object_properties_int` (`aceObjectId`, `intPropertyId`, `propertyValue`)
VALUES (631, 53, 101)
     , (631, 1, 128)
     , (631, 5, 50)
     , (631, 91, 35)
     , (631, 92, 35)
     , (631, 94, 16)
     , (631, 16, 2228232)
     , (631, 19, 500)
     , (631, 93, 1044);

INSERT INTO `ace_object_properties_bool` (`aceObjectId`, `boolPropertyId`, `propertyValue`)
VALUES (631, 13, True)
     , (631, 11, True)
     , (631, 14, True);

INSERT INTO ace_weenie_class (`weenieClassId`, `weenieClassDescription`)
VALUES (629, 'healingkitplain');

INSERT INTO `ace_object` (`aceObjectId`, `aceObjectDescriptionFlags`, `weenieClassId`, `weenieHeaderFlags`, `currentMotionState`, `physicsDescriptionFlag`)
VALUES (629, 2640920, 629, 65554, NULL, 131073);

INSERT INTO `ace_object_properties_string` (`aceObjectId`, `strPropertyId`, `propertyValue`)
VALUES (629, 1, 'Adept Healing Kit');

INSERT INTO `ace_object_properties_did` (`aceObjectId`, `didPropertyId`, `propertyValue`)
VALUES (629, 8, 100676336)
     , (629, 1, 33555194);

INSERT INTO `ace_object_properties_int` (`aceObjectId`, `intPropertyId`, `propertyValue`)
VALUES (629, 53, 101)
     , (629, 1, 128)
     , (629, 5, 50)
     , (629, 91, 25)
     , (629, 92, 25)
     , (629, 94, 16)
     , (629, 16, 2228232)
     , (629, 19, 50)
     , (629, 93, 1044);

INSERT INTO `ace_object_properties_bool` (`aceObjectId`, `boolPropertyId`, `propertyValue`)
VALUES (629, 13, True)
     , (629, 11, True)
     , (629, 14, True);

INSERT INTO ace_weenie_class (`weenieClassId`, `weenieClassDescription`)
VALUES (44714, 'ace44714-greaterstaminakit');

INSERT INTO `ace_object` (`aceObjectId`, `aceObjectDescriptionFlags`, `weenieClassId`, `weenieHeaderFlags`, `currentMotionState`, `physicsDescriptionFlag`)
VALUES (44714, 2624536, 44714, 65554, NULL, 163841);

INSERT INTO `ace_object_properties_string` (`aceObjectId`, `strPropertyId`, `propertyValue`)
VALUES (44714, 1, 'Greater Stamina Kit');

INSERT INTO `ace_object_properties_did` (`aceObjectId`, `didPropertyId`, `propertyValue`)
VALUES (44714, 8, 100692115)
     , (44714, 1, 33555194);

INSERT INTO `ace_object_properties_int` (`aceObjectId`, `intPropertyId`, `propertyValue`)
VALUES (44714, 53, 101)
     , (44714, 1, 128)
     , (44714, 5, 200)
     , (44714, 91, 50)
     , (44714, 92, 50)
     , (44714, 94, 16)
     , (44714, 16, 2228232)
     , (44714, 19, 3000)
     , (44714, 93, 1044);

INSERT INTO `ace_object_properties_bool` (`aceObjectId`, `boolPropertyId`, `propertyValue`)
VALUES (44714, 13, True)
     , (44714, 11, True)
     , (44714, 14, True);

INSERT INTO `ace_object_texture_map_change` (`aceObjectId`, `index`, `oldId`, `newId`)
VALUES (44714, 0, 83889681, 83894377)
     , (44714, 0, 83889682, 83894378);

INSERT INTO `ace_object_animation_change` (`aceObjectId`, `index`, `animationId`)
VALUES (44714, 0, 16779994);

INSERT INTO ace_weenie_class (`weenieClassId`, `weenieClassDescription`)
VALUES (44712, 'ace44712-greatermanakit');

INSERT INTO `ace_object` (`aceObjectId`, `aceObjectDescriptionFlags`, `weenieClassId`, `weenieHeaderFlags`, `currentMotionState`, `physicsDescriptionFlag`)
VALUES (44712, 2640920, 44712, 65554, NULL, 131073);

INSERT INTO `ace_object_properties_string` (`aceObjectId`, `strPropertyId`, `propertyValue`)
VALUES (44712, 1, 'Greater Mana Kit');

INSERT INTO `ace_object_properties_did` (`aceObjectId`, `didPropertyId`, `propertyValue`)
VALUES (44712, 8, 100692113)
     , (44712, 1, 33555194);

INSERT INTO `ace_object_properties_int` (`aceObjectId`, `intPropertyId`, `propertyValue`)
VALUES (44712, 53, 101)
     , (44712, 1, 128)
     , (44712, 5, 200)
     , (44712, 91, 50)
     , (44712, 92, 50)
     , (44712, 94, 16)
     , (44712, 16, 2228232)
     , (44712, 19, 3000)
     , (44712, 93, 1044);

INSERT INTO `ace_object_properties_bool` (`aceObjectId`, `boolPropertyId`, `propertyValue`)
VALUES (44712, 13, True)
     , (44712, 11, True)
     , (44712, 14, True);

INSERT INTO `ace_object_texture_map_change` (`aceObjectId`, `index`, `oldId`, `newId`)
VALUES (44712, 0, 83889681, 83894377)
     , (44712, 0, 83889682, 83894378);

INSERT INTO `ace_object_animation_change` (`aceObjectId`, `index`, `animationId`)
VALUES (44712, 0, 16779994);

INSERT INTO ace_weenie_class (`weenieClassId`, `weenieClassDescription`)
VALUES (43479, 'ace43479-lightinfusedhealingkit');

INSERT INTO `ace_object` (`aceObjectId`, `aceObjectDescriptionFlags`, `weenieClassId`, `weenieHeaderFlags`, `currentMotionState`, `physicsDescriptionFlag`)
VALUES (43479, 2641040, 43479, 67174418, NULL, 131073);

INSERT INTO `ace_object_properties_string` (`aceObjectId`, `strPropertyId`, `propertyValue`)
VALUES (43479, 1, 'Light Infused Healing Kit');

INSERT INTO `ace_object_properties_did` (`aceObjectId`, `didPropertyId`, `propertyValue`)
VALUES (43479, 8, 100676325)
     , (43479, 52, 100691593)
     , (43479, 1, 33555194);

INSERT INTO `ace_object_properties_int` (`aceObjectId`, `intPropertyId`, `propertyValue`)
VALUES (43479, 53, 101)
     , (43479, 1, 128)
     , (43479, 5, 50)
     , (43479, 18, 1)
     , (43479, 91, 30)
     , (43479, 92, 30)
     , (43479, 94, 16)
     , (43479, 16, 2228232)
     , (43479, 93, 1044);

INSERT INTO `ace_object_properties_bool` (`aceObjectId`, `boolPropertyId`, `propertyValue`)
VALUES (43479, 13, True)
     , (43479, 11, True)
     , (43479, 14, True);

INSERT INTO ace_weenie_class (`weenieClassId`, `weenieClassDescription`)
VALUES (13233, 'healingkitacademy');

INSERT INTO `ace_object` (`aceObjectId`, `aceObjectDescriptionFlags`, `weenieClassId`, `weenieHeaderFlags`, `currentMotionState`, `physicsDescriptionFlag`)
VALUES (13233, 2640920, 13233, 65554, NULL, 131073);

INSERT INTO `ace_object_properties_string` (`aceObjectId`, `strPropertyId`, `propertyValue`)
VALUES (13233, 1, 'Plain Healing Kit');

INSERT INTO `ace_object_properties_did` (`aceObjectId`, `didPropertyId`, `propertyValue`)
VALUES (13233, 8, 100668228)
     , (13233, 1, 33555194);

INSERT INTO `ace_object_properties_int` (`aceObjectId`, `intPropertyId`, `propertyValue`)
VALUES (13233, 53, 101)
     , (13233, 1, 128)
     , (13233, 5, 50)
     , (13233, 91, 20)
     , (13233, 92, 20)
     , (13233, 94, 16)
     , (13233, 16, 2228232)
     , (13233, 19, 50)
     , (13233, 93, 1044);

INSERT INTO `ace_object_properties_bool` (`aceObjectId`, `boolPropertyId`, `propertyValue`)
VALUES (13233, 13, True)
     , (13233, 11, True)
     , (13233, 14, True);

INSERT INTO ace_weenie_class (`weenieClassId`, `weenieClassDescription`)
VALUES (44711, 'ace44711-lesserstaminakit');

INSERT INTO `ace_object` (`aceObjectId`, `aceObjectDescriptionFlags`, `weenieClassId`, `weenieHeaderFlags`, `currentMotionState`, `physicsDescriptionFlag`)
VALUES (44711, 2640920, 44711, 65554, NULL, 131073);

INSERT INTO `ace_object_properties_string` (`aceObjectId`, `strPropertyId`, `propertyValue`)
VALUES (44711, 1, 'Lesser Stamina Kit');

INSERT INTO `ace_object_properties_did` (`aceObjectId`, `didPropertyId`, `propertyValue`)
VALUES (44711, 8, 100692116)
     , (44711, 1, 33555194);

INSERT INTO `ace_object_properties_int` (`aceObjectId`, `intPropertyId`, `propertyValue`)
VALUES (44711, 53, 101)
     , (44711, 1, 128)
     , (44711, 5, 150)
     , (44711, 91, 50)
     , (44711, 92, 15)
     , (44711, 94, 16)
     , (44711, 16, 2228232)
     , (44711, 19, 300)
     , (44711, 93, 1044);

INSERT INTO `ace_object_properties_bool` (`aceObjectId`, `boolPropertyId`, `propertyValue`)
VALUES (44711, 13, True)
     , (44711, 11, True)
     , (44711, 14, True);

INSERT INTO ace_weenie_class (`weenieClassId`, `weenieClassDescription`)
VALUES (52737, 'ace52737-gauntlethealthkit');

INSERT INTO `ace_object` (`aceObjectId`, `aceObjectDescriptionFlags`, `weenieClassId`, `weenieHeaderFlags`, `currentMotionState`, `physicsDescriptionFlag`)
VALUES (52737, 2641048, 52737, 65554, NULL, 131073);

INSERT INTO `ace_object_properties_string` (`aceObjectId`, `strPropertyId`, `propertyValue`)
VALUES (52737, 1, 'Gauntlet Health Kit');

INSERT INTO `ace_object_properties_did` (`aceObjectId`, `didPropertyId`, `propertyValue`)
VALUES (52737, 8, 100693307)
     , (52737, 1, 33555194);

INSERT INTO `ace_object_properties_int` (`aceObjectId`, `intPropertyId`, `propertyValue`)
VALUES (52737, 53, 101)
     , (52737, 1, 128)
     , (52737, 5, 50)
     , (52737, 18, 4)
     , (52737, 91, 100)
     , (52737, 92, 48)
     , (52737, 94, 16)
     , (52737, 16, 2228232)
     , (52737, 19, 1)
     , (52737, 93, 1044);

INSERT INTO `ace_object_properties_bool` (`aceObjectId`, `boolPropertyId`, `propertyValue`)
VALUES (52737, 13, True)
     , (52737, 11, True)
     , (52737, 14, True);

INSERT INTO `ace_object_texture_map_change` (`aceObjectId`, `index`, `oldId`, `newId`)
VALUES (52737, 0, 83889681, 83894377)
     , (52737, 0, 83889682, 83894378);

INSERT INTO `ace_object_animation_change` (`aceObjectId`, `index`, `animationId`)
VALUES (52737, 0, 16779994);

INSERT INTO ace_weenie_class (`weenieClassId`, `weenieClassDescription`)
VALUES (30250, 'healingkitrarevolatilehealth');

INSERT INTO `ace_object` (`aceObjectId`, `aceObjectDescriptionFlags`, `weenieClassId`, `weenieHeaderFlags`, `currentMotionState`, `physicsDescriptionFlag`)
VALUES (30250, 271076368, 30250, 67174418, NULL, 131073);

INSERT INTO `ace_object_properties_string` (`aceObjectId`, `strPropertyId`, `propertyValue`)
VALUES (30250, 1, 'Medicated Health Kit');

INSERT INTO `ace_object_properties_did` (`aceObjectId`, `didPropertyId`, `propertyValue`)
VALUES (30250, 8, 100686702)
     , (30250, 52, 100686604)
     , (30250, 1, 33555194);

INSERT INTO `ace_object_properties_int` (`aceObjectId`, `intPropertyId`, `propertyValue`)
VALUES (30250, 53, 101)
     , (30250, 1, 128)
     , (30250, 5, 5)
     , (30250, 151, 2)
     , (30250, 91, 25)
     , (30250, 92, 25)
     , (30250, 94, 16)
     , (30250, 16, 2228232)
     , (30250, 93, 1044);

INSERT INTO `ace_object_properties_bool` (`aceObjectId`, `boolPropertyId`, `propertyValue`)
VALUES (30250, 13, True)
     , (30250, 11, True)
     , (30250, 14, True);

INSERT INTO `ace_object_texture_map_change` (`aceObjectId`, `index`, `oldId`, `newId`)
VALUES (30250, 0, 83889681, 83894377)
     , (30250, 0, 83889682, 83894378);

INSERT INTO `ace_object_animation_change` (`aceObjectId`, `index`, `animationId`)
VALUES (30250, 0, 16779994);

INSERT INTO ace_weenie_class (`weenieClassId`, `weenieClassDescription`)
VALUES (44713, 'ace44713-lessermanakit');

INSERT INTO `ace_object` (`aceObjectId`, `aceObjectDescriptionFlags`, `weenieClassId`, `weenieHeaderFlags`, `currentMotionState`, `physicsDescriptionFlag`)
VALUES (44713, 2640920, 44713, 65554, NULL, 131073);

INSERT INTO `ace_object_properties_string` (`aceObjectId`, `strPropertyId`, `propertyValue`)
VALUES (44713, 1, 'Lesser Mana Kit');

INSERT INTO `ace_object_properties_did` (`aceObjectId`, `didPropertyId`, `propertyValue`)
VALUES (44713, 8, 100692114)
     , (44713, 1, 33555194);

INSERT INTO `ace_object_properties_int` (`aceObjectId`, `intPropertyId`, `propertyValue`)
VALUES (44713, 53, 101)
     , (44713, 1, 128)
     , (44713, 5, 150)
     , (44713, 91, 50)
     , (44713, 92, 50)
     , (44713, 94, 16)
     , (44713, 16, 2228232)
     , (44713, 19, 1000)
     , (44713, 93, 1044);

INSERT INTO `ace_object_properties_bool` (`aceObjectId`, `boolPropertyId`, `propertyValue`)
VALUES (44713, 13, True)
     , (44713, 11, True)
     , (44713, 14, True);

INSERT INTO ace_weenie_class (`weenieClassId`, `weenieClassDescription`)
VALUES (30252, 'healingkitrarevolatilestamina');

INSERT INTO `ace_object` (`aceObjectId`, `aceObjectDescriptionFlags`, `weenieClassId`, `weenieHeaderFlags`, `currentMotionState`, `physicsDescriptionFlag`)
VALUES (30252, 271076368, 30252, 67174418, NULL, 131073);

INSERT INTO `ace_object_properties_string` (`aceObjectId`, `strPropertyId`, `propertyValue`)
VALUES (30252, 1, 'Medicated Stamina Kit');

INSERT INTO `ace_object_properties_did` (`aceObjectId`, `didPropertyId`, `propertyValue`)
VALUES (30252, 8, 100686704)
     , (30252, 52, 100686604)
     , (30252, 1, 33555194);

INSERT INTO `ace_object_properties_int` (`aceObjectId`, `intPropertyId`, `propertyValue`)
VALUES (30252, 53, 101)
     , (30252, 1, 128)
     , (30252, 5, 5)
     , (30252, 151, 2)
     , (30252, 91, 25)
     , (30252, 92, 25)
     , (30252, 94, 16)
     , (30252, 16, 2228232)
     , (30252, 93, 1044);

INSERT INTO `ace_object_properties_bool` (`aceObjectId`, `boolPropertyId`, `propertyValue`)
VALUES (30252, 13, True)
     , (30252, 11, True)
     , (30252, 14, True);

INSERT INTO `ace_object_texture_map_change` (`aceObjectId`, `index`, `oldId`, `newId`)
VALUES (30252, 0, 83889681, 83894377)
     , (30252, 0, 83889682, 83894378);

INSERT INTO `ace_object_animation_change` (`aceObjectId`, `index`, `animationId`)
VALUES (30252, 0, 16779994);

INSERT INTO ace_weenie_class (`weenieClassId`, `weenieClassDescription`)
VALUES (43701, 'ace43701-olthoifibroushealingtissue');

INSERT INTO `ace_object` (`aceObjectId`, `aceObjectDescriptionFlags`, `weenieClassId`, `weenieHeaderFlags`, `currentMotionState`, `physicsDescriptionFlag`)
VALUES (43701, 271076376, 43701, 67174418, NULL, 131073);

INSERT INTO `ace_object_properties_string` (`aceObjectId`, `strPropertyId`, `propertyValue`)
VALUES (43701, 1, 'Olthoi Fibrous Healing Tissue');

INSERT INTO `ace_object_properties_did` (`aceObjectId`, `didPropertyId`, `propertyValue`)
VALUES (43701, 8, 100691638)
     , (43701, 52, 100686604)
     , (43701, 1, 33555194);

INSERT INTO `ace_object_properties_int` (`aceObjectId`, `intPropertyId`, `propertyValue`)
VALUES (43701, 53, 101)
     , (43701, 1, 128)
     , (43701, 5, 5)
     , (43701, 151, 2)
     , (43701, 91, 100)
     , (43701, 92, 100)
     , (43701, 94, 16)
     , (43701, 16, 2228232)
     , (43701, 19, 1)
     , (43701, 93, 1044);

INSERT INTO `ace_object_properties_bool` (`aceObjectId`, `boolPropertyId`, `propertyValue`)
VALUES (43701, 13, True)
     , (43701, 11, True)
     , (43701, 14, True);

INSERT INTO `ace_object_texture_map_change` (`aceObjectId`, `index`, `oldId`, `newId`)
VALUES (43701, 0, 83889681, 83894377)
     , (43701, 0, 83889682, 83894378);

INSERT INTO `ace_object_animation_change` (`aceObjectId`, `index`, `animationId`)
VALUES (43701, 0, 16779994);

INSERT INTO ace_weenie_class (`weenieClassId`, `weenieClassDescription`)
VALUES (30251, 'healingkitrarevolatilemana');

INSERT INTO `ace_object` (`aceObjectId`, `aceObjectDescriptionFlags`, `weenieClassId`, `weenieHeaderFlags`, `currentMotionState`, `physicsDescriptionFlag`)
VALUES (30251, 271076368, 30251, 67174418, NULL, 131073);

INSERT INTO `ace_object_properties_string` (`aceObjectId`, `strPropertyId`, `propertyValue`)
VALUES (30251, 1, 'Medicated Mana Kit');

INSERT INTO `ace_object_properties_did` (`aceObjectId`, `didPropertyId`, `propertyValue`)
VALUES (30251, 8, 100686703)
     , (30251, 52, 100686604)
     , (30251, 1, 33555194);

INSERT INTO `ace_object_properties_int` (`aceObjectId`, `intPropertyId`, `propertyValue`)
VALUES (30251, 53, 101)
     , (30251, 1, 128)
     , (30251, 5, 5)
     , (30251, 151, 2)
     , (30251, 91, 25)
     , (30251, 92, 25)
     , (30251, 94, 16)
     , (30251, 16, 2228232)
     , (30251, 93, 1044);

INSERT INTO `ace_object_properties_bool` (`aceObjectId`, `boolPropertyId`, `propertyValue`)
VALUES (30251, 13, True)
     , (30251, 11, True)
     , (30251, 14, True);

INSERT INTO `ace_object_texture_map_change` (`aceObjectId`, `index`, `oldId`, `newId`)
VALUES (30251, 0, 83889681, 83894377)
     , (30251, 0, 83889682, 83894378);

INSERT INTO `ace_object_animation_change` (`aceObjectId`, `index`, `animationId`)
VALUES (30251, 0, 16779994);

INSERT INTO ace_weenie_class (`weenieClassId`, `weenieClassDescription`)
VALUES (52739, 'ace52739-gauntletstaminakit');

INSERT INTO `ace_object` (`aceObjectId`, `aceObjectDescriptionFlags`, `weenieClassId`, `weenieHeaderFlags`, `currentMotionState`, `physicsDescriptionFlag`)
VALUES (52739, 2624664, 52739, 65554, NULL, 163841);

INSERT INTO `ace_object_properties_string` (`aceObjectId`, `strPropertyId`, `propertyValue`)
VALUES (52739, 1, 'Gauntlet Stamina Kit');

INSERT INTO `ace_object_properties_did` (`aceObjectId`, `didPropertyId`, `propertyValue`)
VALUES (52739, 8, 100693309)
     , (52739, 1, 33555194);

INSERT INTO `ace_object_properties_int` (`aceObjectId`, `intPropertyId`, `propertyValue`)
VALUES (52739, 53, 101)
     , (52739, 1, 128)
     , (52739, 5, 50)
     , (52739, 18, 16)
     , (52739, 91, 100)
     , (52739, 92, 100)
     , (52739, 94, 16)
     , (52739, 16, 2228232)
     , (52739, 19, 3)
     , (52739, 93, 1044);

INSERT INTO `ace_object_properties_bool` (`aceObjectId`, `boolPropertyId`, `propertyValue`)
VALUES (52739, 13, True)
     , (52739, 11, True)
     , (52739, 14, True);

INSERT INTO `ace_object_texture_map_change` (`aceObjectId`, `index`, `oldId`, `newId`)
VALUES (52739, 0, 83889681, 83894377)
     , (52739, 0, 83889682, 83894378);

INSERT INTO `ace_object_animation_change` (`aceObjectId`, `index`, `animationId`)
VALUES (52739, 0, 16779994);

