INSERT INTO ace_weenie_class (`weenieClassId`, `weenieClassDescription`)
VALUES (509, 'lifestone');

INSERT INTO `ace_object` (`aceObjectId`, `aceObjectDescriptionFlags`, `weenieClassId`, `weenieHeaderFlags`, `currentMotionState`, `physicsDescriptionFlag`)
VALUES (509, 16404, 509, 9437232, 'AAA9AAAAAAA=', 100355);

INSERT INTO `ace_object_properties_string` (`aceObjectId`, `strPropertyId`, `propertyValue`)
VALUES (509, 1, 'Life Stone');

INSERT INTO `ace_object_properties_did` (`aceObjectId`, `didPropertyId`, `propertyValue`)
VALUES (509, 8, 100668245)
     , (509, 1, 33555182)
     , (509, 3, 536870932)
     , (509, 2, 150994982);

INSERT INTO `ace_object_properties_int` (`aceObjectId`, `intPropertyId`, `propertyValue`)
VALUES (509, 1, 268435456)
     , (509, 95, 1)
     , (509, 133, 4)
     , (509, 16, 32)
     , (509, 93, 1040);

INSERT INTO `ace_object_properties_double` (`aceObjectId`, `dblPropertyId`, `propertyValue`)
VALUES (509, 54, 2);

INSERT INTO `ace_object_properties_bool` (`aceObjectId`, `boolPropertyId`, `propertyValue`)
VALUES (509, 11, True)
     , (509, 14, True);

INSERT INTO ace_weenie_class (`weenieClassId`, `weenieClassDescription`)
VALUES (23618, 'lifestonenew');

INSERT INTO `ace_object` (`aceObjectId`, `aceObjectDescriptionFlags`, `weenieClassId`, `weenieHeaderFlags`, `currentMotionState`, `physicsDescriptionFlag`)
VALUES (23618, 16404, 23618, 9437232, 'AAA9AAAAAAA=', 100355);

INSERT INTO `ace_object_properties_string` (`aceObjectId`, `strPropertyId`, `propertyValue`)
VALUES (23618, 1, 'Life Stone');

INSERT INTO `ace_object_properties_did` (`aceObjectId`, `didPropertyId`, `propertyValue`)
VALUES (23618, 8, 100668245)
     , (23618, 1, 33558189)
     , (23618, 3, 536870932)
     , (23618, 2, 150995232);

INSERT INTO `ace_object_properties_int` (`aceObjectId`, `intPropertyId`, `propertyValue`)
VALUES (23618, 1, 268435456)
     , (23618, 95, 1)
     , (23618, 133, 4)
     , (23618, 16, 32)
     , (23618, 93, 1040);

INSERT INTO `ace_object_properties_double` (`aceObjectId`, `dblPropertyId`, `propertyValue`)
VALUES (23618, 54, 2);

INSERT INTO `ace_object_properties_bool` (`aceObjectId`, `boolPropertyId`, `propertyValue`)
VALUES (23618, 11, True)
     , (23618, 14, True);

INSERT INTO ace_weenie_class (`weenieClassId`, `weenieClassDescription`)
VALUES (27096, 'lifestonelugian');

INSERT INTO `ace_object` (`aceObjectId`, `aceObjectDescriptionFlags`, `weenieClassId`, `weenieHeaderFlags`, `currentMotionState`, `physicsDescriptionFlag`)
VALUES (27096, 16404, 27096, 9437232, 'AAA9AAAAAAA=', 100355);

INSERT INTO `ace_object_properties_string` (`aceObjectId`, `strPropertyId`, `propertyValue`)
VALUES (27096, 1, 'Lugian Lifestone');

INSERT INTO `ace_object_properties_did` (`aceObjectId`, `didPropertyId`, `propertyValue`)
VALUES (27096, 8, 100675939)
     , (27096, 1, 33558653)
     , (27096, 3, 536870932)
     , (27096, 2, 150995280);

INSERT INTO `ace_object_properties_int` (`aceObjectId`, `intPropertyId`, `propertyValue`)
VALUES (27096, 1, 268435456)
     , (27096, 95, 1)
     , (27096, 133, 4)
     , (27096, 16, 32)
     , (27096, 93, 1040);

INSERT INTO `ace_object_properties_double` (`aceObjectId`, `dblPropertyId`, `propertyValue`)
VALUES (27096, 54, 2);

INSERT INTO `ace_object_properties_bool` (`aceObjectId`, `boolPropertyId`, `propertyValue`)
VALUES (27096, 11, True)
     , (27096, 14, True);

INSERT INTO ace_weenie_class (`weenieClassId`, `weenieClassDescription`)
VALUES (37165, 'ace37165-manafoci');

INSERT INTO `ace_object` (`aceObjectId`, `aceObjectDescriptionFlags`, `weenieClassId`, `weenieHeaderFlags`, `currentMotionState`, `physicsDescriptionFlag`)
VALUES (37165, 20, 37165, 8388624, 'AAA9AAAAAAA=', 100355);

INSERT INTO `ace_object_properties_string` (`aceObjectId`, `strPropertyId`, `propertyValue`)
VALUES (37165, 1, 'Mana Foci');

INSERT INTO `ace_object_properties_did` (`aceObjectId`, `didPropertyId`, `propertyValue`)
VALUES (37165, 8, 100668245)
     , (37165, 1, 33558189)
     , (37165, 3, 536870932)
     , (37165, 2, 150995232);

INSERT INTO `ace_object_properties_int` (`aceObjectId`, `intPropertyId`, `propertyValue`)
VALUES (37165, 1, 268435456)
     , (37165, 133, 1)
     , (37165, 16, 1)
     , (37165, 93, 1040);

INSERT INTO `ace_object_properties_bool` (`aceObjectId`, `boolPropertyId`, `propertyValue`)
VALUES (37165, 11, True)
     , (37165, 14, True);

INSERT INTO ace_weenie_class (`weenieClassId`, `weenieClassDescription`)
VALUES (38054, 'ace38054-eldrytchwebbanner');

INSERT INTO `ace_object` (`aceObjectId`, `aceObjectDescriptionFlags`, `weenieClassId`, `weenieHeaderFlags`, `currentMotionState`, `physicsDescriptionFlag`)
VALUES (38054, 20, 38054, 8388624, NULL, 34817);

INSERT INTO `ace_object_properties_string` (`aceObjectId`, `strPropertyId`, `propertyValue`)
VALUES (38054, 1, 'Eldrytch Web Banner');

INSERT INTO `ace_object_properties_did` (`aceObjectId`, `didPropertyId`, `propertyValue`)
VALUES (38054, 8, 100689889)
     , (38054, 1, 33560563)
     , (38054, 3, 536870932);

INSERT INTO `ace_object_properties_int` (`aceObjectId`, `intPropertyId`, `propertyValue`)
VALUES (38054, 1, 268435456)
     , (38054, 133, 1)
     , (38054, 16, 1)
     , (38054, 93, 1040);

INSERT INTO `ace_object_properties_bool` (`aceObjectId`, `boolPropertyId`, `propertyValue`)
VALUES (38054, 11, True)
     , (38054, 14, True);

INSERT INTO ace_weenie_class (`weenieClassId`, `weenieClassDescription`)
VALUES (38055, 'ace38055-radiantbloodbanner');

INSERT INTO `ace_object` (`aceObjectId`, `aceObjectDescriptionFlags`, `weenieClassId`, `weenieHeaderFlags`, `currentMotionState`, `physicsDescriptionFlag`)
VALUES (38055, 20, 38055, 8388624, NULL, 34817);

INSERT INTO `ace_object_properties_string` (`aceObjectId`, `strPropertyId`, `propertyValue`)
VALUES (38055, 1, 'Radiant Blood Banner');

INSERT INTO `ace_object_properties_did` (`aceObjectId`, `didPropertyId`, `propertyValue`)
VALUES (38055, 8, 100689890)
     , (38055, 1, 33560564)
     , (38055, 3, 536870932);

INSERT INTO `ace_object_properties_int` (`aceObjectId`, `intPropertyId`, `propertyValue`)
VALUES (38055, 1, 268435456)
     , (38055, 133, 1)
     , (38055, 16, 1)
     , (38055, 93, 1040);

INSERT INTO `ace_object_properties_bool` (`aceObjectId`, `boolPropertyId`, `propertyValue`)
VALUES (38055, 11, True)
     , (38055, 14, True);

INSERT INTO ace_weenie_class (`weenieClassId`, `weenieClassDescription`)
VALUES (38053, 'ace38053-celestialhandbanner');

INSERT INTO `ace_object` (`aceObjectId`, `aceObjectDescriptionFlags`, `weenieClassId`, `weenieHeaderFlags`, `currentMotionState`, `physicsDescriptionFlag`)
VALUES (38053, 20, 38053, 8388624, NULL, 34817);

INSERT INTO `ace_object_properties_string` (`aceObjectId`, `strPropertyId`, `propertyValue`)
VALUES (38053, 1, 'Celestial Hand Banner');

INSERT INTO `ace_object_properties_did` (`aceObjectId`, `didPropertyId`, `propertyValue`)
VALUES (38053, 8, 100689888)
     , (38053, 1, 33560562)
     , (38053, 3, 536870932);

INSERT INTO `ace_object_properties_int` (`aceObjectId`, `intPropertyId`, `propertyValue`)
VALUES (38053, 1, 268435456)
     , (38053, 133, 1)
     , (38053, 16, 1)
     , (38053, 93, 1040);

INSERT INTO `ace_object_properties_bool` (`aceObjectId`, `boolPropertyId`, `propertyValue`)
VALUES (38053, 11, True)
     , (38053, 14, True);

INSERT INTO ace_weenie_class (`weenieClassId`, `weenieClassDescription`)
VALUES (24572, 'lifestonenewcandethkeep');

INSERT INTO `ace_object` (`aceObjectId`, `aceObjectDescriptionFlags`, `weenieClassId`, `weenieHeaderFlags`, `currentMotionState`, `physicsDescriptionFlag`)
VALUES (24572, 16404, 24572, 9437232, 'AAA9AAAAAAA=', 100355);

INSERT INTO `ace_object_properties_string` (`aceObjectId`, `strPropertyId`, `propertyValue`)
VALUES (24572, 1, 'Life Stone');

INSERT INTO `ace_object_properties_did` (`aceObjectId`, `didPropertyId`, `propertyValue`)
VALUES (24572, 8, 100668245)
     , (24572, 1, 33558189)
     , (24572, 3, 536870932)
     , (24572, 2, 150995232);

INSERT INTO `ace_object_properties_int` (`aceObjectId`, `intPropertyId`, `propertyValue`)
VALUES (24572, 1, 268435456)
     , (24572, 95, 1)
     , (24572, 133, 4)
     , (24572, 16, 32)
     , (24572, 93, 1040);

INSERT INTO `ace_object_properties_double` (`aceObjectId`, `dblPropertyId`, `propertyValue`)
VALUES (24572, 54, 2);

INSERT INTO `ace_object_properties_bool` (`aceObjectId`, `boolPropertyId`, `propertyValue`)
VALUES (24572, 11, True)
     , (24572, 14, True);

