INSERT INTO ace_weenie_class (`weenieClassId`, `weenieClassDescription`)
VALUES (269, 'buttonswitch');

INSERT INTO `ace_object` (`aceObjectId`, `aceObjectDescriptionFlags`, `weenieClassId`, `weenieHeaderFlags`, `weenieHeaderFlags2`, `currentMotionState`, `physicsDescriptionFlag`)
VALUES (269, 20, 269, 2097208, NULL, NULL, 163841);

INSERT INTO `ace_object_properties_string` (`aceObjectId`, `strPropertyId`, `propertyValue`)
VALUES (269, 1, 'Button');

INSERT INTO `ace_object_properties_did` (`aceObjectId`, `didPropertyId`, `propertyValue`)
VALUES (269, 8, 100667474)
     , (269, 1, 33554714);

INSERT INTO `ace_object_properties_int` (`aceObjectId`, `intPropertyId`, `propertyValue`)
VALUES (269, 53, 101)
     , (269, 1, 128)
     , (269, 5, 100)
     , (269, 16, 48)
     , (269, 19, 250)
     , (269, 93, 1032)
     , (269, 9007, 26);

INSERT INTO `ace_object_properties_double` (`aceObjectId`, `dblPropertyId`, `propertyValue`)
VALUES (269, 54, 2);

INSERT INTO `ace_object_properties_bool` (`aceObjectId`, `boolPropertyId`, `propertyValue`)
VALUES (269, 12, True)
     , (269, 14, True)
     , (269, 19, True)
     , (269, 1, True);

INSERT INTO ace_weenie_class (`weenieClassId`, `weenieClassDescription`)
VALUES (8420, 'buttonswitchsmall');

INSERT INTO `ace_object` (`aceObjectId`, `aceObjectDescriptionFlags`, `weenieClassId`, `weenieHeaderFlags`, `weenieHeaderFlags2`, `currentMotionState`, `physicsDescriptionFlag`)
VALUES (8420, 20, 8420, 2097208, NULL, NULL, 163973);

INSERT INTO `ace_object_properties_string` (`aceObjectId`, `strPropertyId`, `propertyValue`)
VALUES (8420, 1, 'Button');

INSERT INTO `ace_object_properties_did` (`aceObjectId`, `didPropertyId`, `propertyValue`)
VALUES (8420, 8, 100667474)
     , (8420, 1, 33554714);

INSERT INTO `ace_object_properties_int` (`aceObjectId`, `intPropertyId`, `propertyValue`)
VALUES (8420, 53, 101)
     , (8420, 1, 128)
     , (8420, 5, 5)
     , (8420, 16, 48)
     , (8420, 19, 10)
     , (8420, 93, 1032)
     , (8420, 9007, 26);

INSERT INTO `ace_object_properties_double` (`aceObjectId`, `dblPropertyId`, `propertyValue`)
VALUES (8420, 54, 1)
     , (8420, 39, 0.8);

INSERT INTO `ace_object_properties_bool` (`aceObjectId`, `boolPropertyId`, `propertyValue`)
VALUES (8420, 12, True)
     , (8420, 14, True)
     , (8420, 19, True)
     , (8420, 1, True);

INSERT INTO ace_weenie_class (`weenieClassId`, `weenieClassDescription`)
VALUES (8419, 'buttonswitchmini');

INSERT INTO `ace_object` (`aceObjectId`, `aceObjectDescriptionFlags`, `weenieClassId`, `weenieHeaderFlags`, `weenieHeaderFlags2`, `currentMotionState`, `physicsDescriptionFlag`)
VALUES (8419, 20, 8419, 2097208, NULL, NULL, 163973);

INSERT INTO `ace_object_properties_string` (`aceObjectId`, `strPropertyId`, `propertyValue`)
VALUES (8419, 1, 'Button');

INSERT INTO `ace_object_properties_did` (`aceObjectId`, `didPropertyId`, `propertyValue`)
VALUES (8419, 8, 100667474)
     , (8419, 1, 33554714);

INSERT INTO `ace_object_properties_int` (`aceObjectId`, `intPropertyId`, `propertyValue`)
VALUES (8419, 53, 101)
     , (8419, 1, 128)
     , (8419, 5, 5)
     , (8419, 16, 48)
     , (8419, 19, 10)
     , (8419, 93, 1032)
     , (8419, 9007, 26);

INSERT INTO `ace_object_properties_double` (`aceObjectId`, `dblPropertyId`, `propertyValue`)
VALUES (8419, 54, 1)
     , (8419, 39, 0.3);

INSERT INTO `ace_object_properties_bool` (`aceObjectId`, `boolPropertyId`, `propertyValue`)
VALUES (8419, 12, True)
     , (8419, 14, True)
     , (8419, 19, True)
     , (8419, 1, True);

