/* Weenie - PortalsDestroyed - Destroyed Portal to Tou-Tou (4568) */
DELETE FROM ace_weenie_class WHERE weenieClassId = 4568;

INSERT INTO ace_weenie_class (`weenieClassId`, `weenieClassDescription`)
VALUES (4568, 'portaltoutou');

INSERT INTO `ace_object` (`aceObjectId`, `aceObjectDescriptionFlags`, `weenieClassId`, `weenieHeaderFlags`, `weenieHeaderFlags2`, `currentMotionState`, `physicsDescriptionFlag`)
VALUES (4568, 262164, 4568, 48, NULL, 'AAA9AAAAAAA=', 98307);

INSERT INTO `ace_object_properties_string` (`aceObjectId`, `strPropertyId`, `propertyValue`)
VALUES (4568, 1, 'Destroyed Portal to Tou-Tou');

INSERT INTO `ace_object_properties_did` (`aceObjectId`, `didPropertyId`, `propertyValue`)
VALUES (4568, 8, 100667499)
     , (4568, 1, 33561060)
     , (4568, 2, 150995314);

INSERT INTO `ace_object_properties_int` (`aceObjectId`, `intPropertyId`, `propertyValue`)
VALUES (4568, 1, 65536)
     , (4568, 16, 1)
     , (4568, 93, 3092)
     , (4568, 9007, 7);

INSERT INTO `ace_object_properties_double` (`aceObjectId`, `dblPropertyId`, `propertyValue`)
VALUES (4568, 54, -0.1);

INSERT INTO `ace_object_properties_bool` (`aceObjectId`, `boolPropertyId`, `propertyValue`)
VALUES (4568, 13, True)
     , (4568, 11, True)
     , (4568, 14, True)
     , (4568, 15, True)
     , (4568, 19, True)
     , (4568, 1, True);

/* Weenie - PortalsDestroyed - Destroyed Portal to Khayyaban (4572) */
DELETE FROM ace_weenie_class WHERE weenieClassId = 4572;

INSERT INTO ace_weenie_class (`weenieClassId`, `weenieClassDescription`)
VALUES (4572, 'portalkhayyaban');

INSERT INTO `ace_object` (`aceObjectId`, `aceObjectDescriptionFlags`, `weenieClassId`, `weenieHeaderFlags`, `weenieHeaderFlags2`, `currentMotionState`, `physicsDescriptionFlag`)
VALUES (4572, 262164, 4572, 48, NULL, 'AAA9AAAAAAA=', 98307);

INSERT INTO `ace_object_properties_string` (`aceObjectId`, `strPropertyId`, `propertyValue`)
VALUES (4572, 1, 'Destroyed Portal to Khayyaban');

INSERT INTO `ace_object_properties_did` (`aceObjectId`, `didPropertyId`, `propertyValue`)
VALUES (4572, 8, 100667499)
     , (4572, 1, 33561060)
     , (4572, 2, 150995314);

INSERT INTO `ace_object_properties_int` (`aceObjectId`, `intPropertyId`, `propertyValue`)
VALUES (4572, 1, 65536)
     , (4572, 16, 1)
     , (4572, 93, 3092)
     , (4572, 9007, 7);

INSERT INTO `ace_object_properties_double` (`aceObjectId`, `dblPropertyId`, `propertyValue`)
VALUES (4572, 54, -0.1);

INSERT INTO `ace_object_properties_bool` (`aceObjectId`, `boolPropertyId`, `propertyValue`)
VALUES (4572, 13, True)
     , (4572, 11, True)
     , (4572, 14, True)
     , (4572, 15, True)
     , (4572, 19, True)
     , (4572, 1, True);

/* Weenie - PortalsDestroyed - Destroyed Portal to Greenspire (11954) */
DELETE FROM ace_weenie_class WHERE weenieClassId = 11954;

INSERT INTO ace_weenie_class (`weenieClassId`, `weenieClassDescription`)
VALUES (11954, 'portalgreenspire-xp');

INSERT INTO `ace_object` (`aceObjectId`, `aceObjectDescriptionFlags`, `weenieClassId`, `weenieHeaderFlags`, `weenieHeaderFlags2`, `currentMotionState`, `physicsDescriptionFlag`)
VALUES (11954, 262164, 11954, 48, NULL, 'AAA9AAAAAAA=', 98307);

INSERT INTO `ace_object_properties_string` (`aceObjectId`, `strPropertyId`, `propertyValue`)
VALUES (11954, 1, 'Destroyed Portal to Greenspire');

INSERT INTO `ace_object_properties_did` (`aceObjectId`, `didPropertyId`, `propertyValue`)
VALUES (11954, 8, 100667499)
     , (11954, 1, 33561060)
     , (11954, 2, 150995314);

INSERT INTO `ace_object_properties_int` (`aceObjectId`, `intPropertyId`, `propertyValue`)
VALUES (11954, 1, 65536)
     , (11954, 16, 1)
     , (11954, 93, 3092)
     , (11954, 9007, 7);

INSERT INTO `ace_object_properties_double` (`aceObjectId`, `dblPropertyId`, `propertyValue`)
VALUES (11954, 54, -0.1);

INSERT INTO `ace_object_properties_bool` (`aceObjectId`, `boolPropertyId`, `propertyValue`)
VALUES (11954, 13, True)
     , (11954, 11, True)
     , (11954, 14, True)
     , (11954, 15, True)
     , (11954, 19, True)
     , (11954, 1, True);

/* Weenie - PortalsDestroyed - Destroyed Portal to Sanamar (28709) */
DELETE FROM ace_weenie_class WHERE weenieClassId = 28709;

INSERT INTO ace_weenie_class (`weenieClassId`, `weenieClassDescription`)
VALUES (28709, 'portalsanamar');

INSERT INTO `ace_object` (`aceObjectId`, `aceObjectDescriptionFlags`, `weenieClassId`, `weenieHeaderFlags`, `weenieHeaderFlags2`, `currentMotionState`, `physicsDescriptionFlag`)
VALUES (28709, 262164, 28709, 48, NULL, 'AAA9AAAAAAA=', 98307);

INSERT INTO `ace_object_properties_string` (`aceObjectId`, `strPropertyId`, `propertyValue`)
VALUES (28709, 1, 'Destroyed Portal to Sanamar');

INSERT INTO `ace_object_properties_did` (`aceObjectId`, `didPropertyId`, `propertyValue`)
VALUES (28709, 8, 100667499)
     , (28709, 1, 33561060)
     , (28709, 2, 150995314);

INSERT INTO `ace_object_properties_int` (`aceObjectId`, `intPropertyId`, `propertyValue`)
VALUES (28709, 1, 65536)
     , (28709, 16, 1)
     , (28709, 93, 3092)
     , (28709, 9007, 7);

INSERT INTO `ace_object_properties_double` (`aceObjectId`, `dblPropertyId`, `propertyValue`)
VALUES (28709, 54, -0.1);

INSERT INTO `ace_object_properties_bool` (`aceObjectId`, `boolPropertyId`, `propertyValue`)
VALUES (28709, 13, True)
     , (28709, 11, True)
     , (28709, 14, True)
     , (28709, 15, True)
     , (28709, 19, True)
     , (28709, 1, True);

/* Weenie - PortalsDestroyed - Destroyed Al-Jalima Portal (5486) */
DELETE FROM ace_weenie_class WHERE weenieClassId = 5486;

INSERT INTO ace_weenie_class (`weenieClassId`, `weenieClassDescription`)
VALUES (5486, 'portalaljalima');

INSERT INTO `ace_object` (`aceObjectId`, `aceObjectDescriptionFlags`, `weenieClassId`, `weenieHeaderFlags`, `weenieHeaderFlags2`, `currentMotionState`, `physicsDescriptionFlag`)
VALUES (5486, 262164, 5486, 48, NULL, 'AAA9AAAAAAA=', 98307);

INSERT INTO `ace_object_properties_string` (`aceObjectId`, `strPropertyId`, `propertyValue`)
VALUES (5486, 1, 'Destroyed Al-Jalima Portal');

INSERT INTO `ace_object_properties_did` (`aceObjectId`, `didPropertyId`, `propertyValue`)
VALUES (5486, 8, 100667499)
     , (5486, 1, 33561060)
     , (5486, 2, 150995314);

INSERT INTO `ace_object_properties_int` (`aceObjectId`, `intPropertyId`, `propertyValue`)
VALUES (5486, 1, 65536)
     , (5486, 16, 1)
     , (5486, 93, 3092)
     , (5486, 9007, 7);

INSERT INTO `ace_object_properties_double` (`aceObjectId`, `dblPropertyId`, `propertyValue`)
VALUES (5486, 54, -0.1);

INSERT INTO `ace_object_properties_bool` (`aceObjectId`, `boolPropertyId`, `propertyValue`)
VALUES (5486, 13, True)
     , (5486, 11, True)
     , (5486, 14, True)
     , (5486, 15, True)
     , (5486, 19, True)
     , (5486, 1, True);

/* Weenie - PortalsDestroyed - Destroyed Portal to Shoushi (1027) */
DELETE FROM ace_weenie_class WHERE weenieClassId = 1027;

INSERT INTO ace_weenie_class (`weenieClassId`, `weenieClassDescription`)
VALUES (1027, 'portalshoushi');

INSERT INTO `ace_object` (`aceObjectId`, `aceObjectDescriptionFlags`, `weenieClassId`, `weenieHeaderFlags`, `weenieHeaderFlags2`, `currentMotionState`, `physicsDescriptionFlag`)
VALUES (1027, 262164, 1027, 48, NULL, 'AAA9AAAAAAA=', 98307);

INSERT INTO `ace_object_properties_string` (`aceObjectId`, `strPropertyId`, `propertyValue`)
VALUES (1027, 1, 'Destroyed Portal to Shoushi');

INSERT INTO `ace_object_properties_did` (`aceObjectId`, `didPropertyId`, `propertyValue`)
VALUES (1027, 8, 100667499)
     , (1027, 1, 33561060)
     , (1027, 2, 150995314);

INSERT INTO `ace_object_properties_int` (`aceObjectId`, `intPropertyId`, `propertyValue`)
VALUES (1027, 1, 65536)
     , (1027, 16, 1)
     , (1027, 93, 3092)
     , (1027, 9007, 7);

INSERT INTO `ace_object_properties_double` (`aceObjectId`, `dblPropertyId`, `propertyValue`)
VALUES (1027, 54, -0.1);

INSERT INTO `ace_object_properties_bool` (`aceObjectId`, `boolPropertyId`, `propertyValue`)
VALUES (1027, 13, True)
     , (1027, 11, True)
     , (1027, 14, True)
     , (1027, 15, True)
     , (1027, 19, True)
     , (1027, 1, True);

/* Weenie - PortalsDestroyed - Destroyed Portal to Holtburg (1020) */
DELETE FROM ace_weenie_class WHERE weenieClassId = 1020;

INSERT INTO ace_weenie_class (`weenieClassId`, `weenieClassDescription`)
VALUES (1020, 'portalholtburg');

INSERT INTO `ace_object` (`aceObjectId`, `aceObjectDescriptionFlags`, `weenieClassId`, `weenieHeaderFlags`, `weenieHeaderFlags2`, `currentMotionState`, `physicsDescriptionFlag`)
VALUES (1020, 262164, 1020, 48, NULL, 'AAA9AAAAAAA=', 98307);

INSERT INTO `ace_object_properties_string` (`aceObjectId`, `strPropertyId`, `propertyValue`)
VALUES (1020, 1, 'Destroyed Portal to Holtburg');

INSERT INTO `ace_object_properties_did` (`aceObjectId`, `didPropertyId`, `propertyValue`)
VALUES (1020, 8, 100667499)
     , (1020, 1, 33561060)
     , (1020, 2, 150995314);

INSERT INTO `ace_object_properties_int` (`aceObjectId`, `intPropertyId`, `propertyValue`)
VALUES (1020, 1, 65536)
     , (1020, 16, 1)
     , (1020, 93, 3092)
     , (1020, 9007, 7);

INSERT INTO `ace_object_properties_double` (`aceObjectId`, `dblPropertyId`, `propertyValue`)
VALUES (1020, 54, -0.1);

INSERT INTO `ace_object_properties_bool` (`aceObjectId`, `boolPropertyId`, `propertyValue`)
VALUES (1020, 13, True)
     , (1020, 11, True)
     , (1020, 14, True)
     , (1020, 15, True)
     , (1020, 19, True)
     , (1020, 1, True);

/* Weenie - PortalsDestroyed - Destroyed Portal to Yaraq (1030) */
DELETE FROM ace_weenie_class WHERE weenieClassId = 1030;

INSERT INTO ace_weenie_class (`weenieClassId`, `weenieClassDescription`)
VALUES (1030, 'portalyaraq');

INSERT INTO `ace_object` (`aceObjectId`, `aceObjectDescriptionFlags`, `weenieClassId`, `weenieHeaderFlags`, `weenieHeaderFlags2`, `currentMotionState`, `physicsDescriptionFlag`)
VALUES (1030, 262164, 1030, 48, NULL, 'AAA9AAAAAAA=', 98307);

INSERT INTO `ace_object_properties_string` (`aceObjectId`, `strPropertyId`, `propertyValue`)
VALUES (1030, 1, 'Destroyed Portal to Yaraq');

INSERT INTO `ace_object_properties_did` (`aceObjectId`, `didPropertyId`, `propertyValue`)
VALUES (1030, 8, 100667499)
     , (1030, 1, 33561060)
     , (1030, 2, 150995314);

INSERT INTO `ace_object_properties_int` (`aceObjectId`, `intPropertyId`, `propertyValue`)
VALUES (1030, 1, 65536)
     , (1030, 16, 1)
     , (1030, 93, 3092)
     , (1030, 9007, 7);

INSERT INTO `ace_object_properties_double` (`aceObjectId`, `dblPropertyId`, `propertyValue`)
VALUES (1030, 54, -0.1);

INSERT INTO `ace_object_properties_bool` (`aceObjectId`, `boolPropertyId`, `propertyValue`)
VALUES (1030, 13, True)
     , (1030, 11, True)
     , (1030, 14, True)
     , (1030, 15, True)
     , (1030, 19, True)
     , (1030, 1, True);

/* Weenie - PortalsDestroyed - Destroyed Portal to Westwatch (30384) */
DELETE FROM ace_weenie_class WHERE weenieClassId = 30384;

INSERT INTO ace_weenie_class (`weenieClassId`, `weenieClassDescription`)
VALUES (30384, 'portalhalaetanoutpostviawest');

INSERT INTO `ace_object` (`aceObjectId`, `aceObjectDescriptionFlags`, `weenieClassId`, `weenieHeaderFlags`, `weenieHeaderFlags2`, `currentMotionState`, `physicsDescriptionFlag`)
VALUES (30384, 262164, 30384, 48, NULL, 'AAA9AAAAAAA=', 98307);

INSERT INTO `ace_object_properties_string` (`aceObjectId`, `strPropertyId`, `propertyValue`)
VALUES (30384, 1, 'Destroyed Portal to Westwatch');

INSERT INTO `ace_object_properties_did` (`aceObjectId`, `didPropertyId`, `propertyValue`)
VALUES (30384, 8, 100667499)
     , (30384, 1, 33561060)
     , (30384, 2, 150995314);

INSERT INTO `ace_object_properties_int` (`aceObjectId`, `intPropertyId`, `propertyValue`)
VALUES (30384, 1, 65536)
     , (30384, 16, 1)
     , (30384, 93, 3092)
     , (30384, 9007, 7);

INSERT INTO `ace_object_properties_double` (`aceObjectId`, `dblPropertyId`, `propertyValue`)
VALUES (30384, 54, -0.1);

INSERT INTO `ace_object_properties_bool` (`aceObjectId`, `boolPropertyId`, `propertyValue`)
VALUES (30384, 13, True)
     , (30384, 11, True)
     , (30384, 14, True)
     , (30384, 15, True)
     , (30384, 19, True)
     , (30384, 1, True);

/* Weenie - PortalsDestroyed - Destroyed Portal to Eastwatch (30383) */
DELETE FROM ace_weenie_class WHERE weenieClassId = 30383;

INSERT INTO ace_weenie_class (`weenieClassId`, `weenieClassDescription`)
VALUES (30383, 'portalhalaetanoutpostviaeast');

INSERT INTO `ace_object` (`aceObjectId`, `aceObjectDescriptionFlags`, `weenieClassId`, `weenieHeaderFlags`, `weenieHeaderFlags2`, `currentMotionState`, `physicsDescriptionFlag`)
VALUES (30383, 262164, 30383, 48, NULL, 'AAA9AAAAAAA=', 98307);

INSERT INTO `ace_object_properties_string` (`aceObjectId`, `strPropertyId`, `propertyValue`)
VALUES (30383, 1, 'Destroyed Portal to Eastwatch');

INSERT INTO `ace_object_properties_did` (`aceObjectId`, `didPropertyId`, `propertyValue`)
VALUES (30383, 8, 100667499)
     , (30383, 1, 33561060)
     , (30383, 2, 150995314);

INSERT INTO `ace_object_properties_int` (`aceObjectId`, `intPropertyId`, `propertyValue`)
VALUES (30383, 1, 65536)
     , (30383, 16, 1)
     , (30383, 93, 3092)
     , (30383, 9007, 7);

INSERT INTO `ace_object_properties_double` (`aceObjectId`, `dblPropertyId`, `propertyValue`)
VALUES (30383, 54, -0.1);

INSERT INTO `ace_object_properties_bool` (`aceObjectId`, `boolPropertyId`, `propertyValue`)
VALUES (30383, 13, True)
     , (30383, 11, True)
     , (30383, 14, True)
     , (30383, 15, True)
     , (30383, 19, True)
     , (30383, 1, True);

/* Weenie - PortalsDestroyed - Destroyed Portal to Redspire (11960) */
DELETE FROM ace_weenie_class WHERE weenieClassId = 11960;

INSERT INTO ace_weenie_class (`weenieClassId`, `weenieClassDescription`)
VALUES (11960, 'portalredspire-xp');

INSERT INTO `ace_object` (`aceObjectId`, `aceObjectDescriptionFlags`, `weenieClassId`, `weenieHeaderFlags`, `weenieHeaderFlags2`, `currentMotionState`, `physicsDescriptionFlag`)
VALUES (11960, 262164, 11960, 48, NULL, 'AAA9AAAAAAA=', 98307);

INSERT INTO `ace_object_properties_string` (`aceObjectId`, `strPropertyId`, `propertyValue`)
VALUES (11960, 1, 'Destroyed Portal to Redspire');

INSERT INTO `ace_object_properties_did` (`aceObjectId`, `didPropertyId`, `propertyValue`)
VALUES (11960, 8, 100667499)
     , (11960, 1, 33561060)
     , (11960, 2, 150995314);

INSERT INTO `ace_object_properties_int` (`aceObjectId`, `intPropertyId`, `propertyValue`)
VALUES (11960, 1, 65536)
     , (11960, 16, 1)
     , (11960, 93, 3092)
     , (11960, 9007, 7);

INSERT INTO `ace_object_properties_double` (`aceObjectId`, `dblPropertyId`, `propertyValue`)
VALUES (11960, 54, -0.1);

INSERT INTO `ace_object_properties_bool` (`aceObjectId`, `boolPropertyId`, `propertyValue`)
VALUES (11960, 13, True)
     , (11960, 11, True)
     , (11960, 14, True)
     , (11960, 15, True)
     , (11960, 19, True)
     , (11960, 1, True);

/* Weenie - PortalsDestroyed - Destroyed Ahurenga Portal (10982) */
DELETE FROM ace_weenie_class WHERE weenieClassId = 10982;

INSERT INTO ace_weenie_class (`weenieClassId`, `weenieClassDescription`)
VALUES (10982, 'portalahurenga-xp');

INSERT INTO `ace_object` (`aceObjectId`, `aceObjectDescriptionFlags`, `weenieClassId`, `weenieHeaderFlags`, `weenieHeaderFlags2`, `currentMotionState`, `physicsDescriptionFlag`)
VALUES (10982, 262164, 10982, 48, NULL, 'AAA9AAAAAAA=', 98307);

INSERT INTO `ace_object_properties_string` (`aceObjectId`, `strPropertyId`, `propertyValue`)
VALUES (10982, 1, 'Destroyed Ahurenga Portal');

INSERT INTO `ace_object_properties_did` (`aceObjectId`, `didPropertyId`, `propertyValue`)
VALUES (10982, 8, 100667499)
     , (10982, 1, 33561060)
     , (10982, 2, 150995314);

INSERT INTO `ace_object_properties_int` (`aceObjectId`, `intPropertyId`, `propertyValue`)
VALUES (10982, 1, 65536)
     , (10982, 16, 1)
     , (10982, 93, 3092)
     , (10982, 9007, 7);

INSERT INTO `ace_object_properties_double` (`aceObjectId`, `dblPropertyId`, `propertyValue`)
VALUES (10982, 54, -0.1);

INSERT INTO `ace_object_properties_bool` (`aceObjectId`, `boolPropertyId`, `propertyValue`)
VALUES (10982, 13, True)
     , (10982, 11, True)
     , (10982, 14, True)
     , (10982, 15, True)
     , (10982, 19, True)
     , (10982, 1, True);

/* Weenie - PortalsDestroyed - Destroyed Portal to Hebian-To (1018) */
DELETE FROM ace_weenie_class WHERE weenieClassId = 1018;

INSERT INTO ace_weenie_class (`weenieClassId`, `weenieClassDescription`)
VALUES (1018, 'portalhebianto');

INSERT INTO `ace_object` (`aceObjectId`, `aceObjectDescriptionFlags`, `weenieClassId`, `weenieHeaderFlags`, `weenieHeaderFlags2`, `currentMotionState`, `physicsDescriptionFlag`)
VALUES (1018, 262164, 1018, 48, NULL, 'AAA9AAAAAAA=', 98307);

INSERT INTO `ace_object_properties_string` (`aceObjectId`, `strPropertyId`, `propertyValue`)
VALUES (1018, 1, 'Destroyed Portal to Hebian-To');

INSERT INTO `ace_object_properties_did` (`aceObjectId`, `didPropertyId`, `propertyValue`)
VALUES (1018, 8, 100667499)
     , (1018, 1, 33561060)
     , (1018, 2, 150995314);

INSERT INTO `ace_object_properties_int` (`aceObjectId`, `intPropertyId`, `propertyValue`)
VALUES (1018, 1, 65536)
     , (1018, 16, 1)
     , (1018, 93, 3092)
     , (1018, 9007, 7);

INSERT INTO `ace_object_properties_double` (`aceObjectId`, `dblPropertyId`, `propertyValue`)
VALUES (1018, 54, -0.1);

INSERT INTO `ace_object_properties_bool` (`aceObjectId`, `boolPropertyId`, `propertyValue`)
VALUES (1018, 13, True)
     , (1018, 11, True)
     , (1018, 14, True)
     , (1018, 15, True)
     , (1018, 19, True)
     , (1018, 1, True);

/* Weenie - PortalsDestroyed - Destroyed Portal to Rithwic (1025) */
DELETE FROM ace_weenie_class WHERE weenieClassId = 1025;

INSERT INTO ace_weenie_class (`weenieClassId`, `weenieClassDescription`)
VALUES (1025, 'portalrithwic');

INSERT INTO `ace_object` (`aceObjectId`, `aceObjectDescriptionFlags`, `weenieClassId`, `weenieHeaderFlags`, `weenieHeaderFlags2`, `currentMotionState`, `physicsDescriptionFlag`)
VALUES (1025, 262164, 1025, 48, NULL, 'AAA9AAAAAAA=', 98307);

INSERT INTO `ace_object_properties_string` (`aceObjectId`, `strPropertyId`, `propertyValue`)
VALUES (1025, 1, 'Destroyed Portal to Rithwic');

INSERT INTO `ace_object_properties_did` (`aceObjectId`, `didPropertyId`, `propertyValue`)
VALUES (1025, 8, 100667499)
     , (1025, 1, 33561060)
     , (1025, 2, 150995314);

INSERT INTO `ace_object_properties_int` (`aceObjectId`, `intPropertyId`, `propertyValue`)
VALUES (1025, 1, 65536)
     , (1025, 16, 1)
     , (1025, 93, 3092)
     , (1025, 9007, 7);

INSERT INTO `ace_object_properties_double` (`aceObjectId`, `dblPropertyId`, `propertyValue`)
VALUES (1025, 54, -0.1);

INSERT INTO `ace_object_properties_bool` (`aceObjectId`, `boolPropertyId`, `propertyValue`)
VALUES (1025, 13, True)
     , (1025, 11, True)
     , (1025, 14, True)
     , (1025, 15, True)
     , (1025, 19, True)
     , (1025, 1, True);

/* Weenie - PortalsDestroyed - Destroyed Portal to Arwic (1013) */
DELETE FROM ace_weenie_class WHERE weenieClassId = 1013;

INSERT INTO ace_weenie_class (`weenieClassId`, `weenieClassDescription`)
VALUES (1013, 'portalarwic');

INSERT INTO `ace_object` (`aceObjectId`, `aceObjectDescriptionFlags`, `weenieClassId`, `weenieHeaderFlags`, `weenieHeaderFlags2`, `currentMotionState`, `physicsDescriptionFlag`)
VALUES (1013, 262164, 1013, 48, NULL, 'AAA9AAAAAAA=', 98307);

INSERT INTO `ace_object_properties_string` (`aceObjectId`, `strPropertyId`, `propertyValue`)
VALUES (1013, 1, 'Destroyed Portal to Arwic');

INSERT INTO `ace_object_properties_did` (`aceObjectId`, `didPropertyId`, `propertyValue`)
VALUES (1013, 8, 100667499)
     , (1013, 1, 33561060)
     , (1013, 2, 150995314);

INSERT INTO `ace_object_properties_int` (`aceObjectId`, `intPropertyId`, `propertyValue`)
VALUES (1013, 1, 65536)
     , (1013, 16, 1)
     , (1013, 93, 3092)
     , (1013, 9007, 7);

INSERT INTO `ace_object_properties_double` (`aceObjectId`, `dblPropertyId`, `propertyValue`)
VALUES (1013, 54, -0.1);

INSERT INTO `ace_object_properties_bool` (`aceObjectId`, `boolPropertyId`, `propertyValue`)
VALUES (1013, 13, True)
     , (1013, 11, True)
     , (1013, 14, True)
     , (1013, 15, True)
     , (1013, 19, True)
     , (1013, 1, True);

/* Weenie - PortalsDestroyed - Destroyed Portal to Cragstone (1014) */
DELETE FROM ace_weenie_class WHERE weenieClassId = 1014;

INSERT INTO ace_weenie_class (`weenieClassId`, `weenieClassDescription`)
VALUES (1014, 'portalcragstone');

INSERT INTO `ace_object` (`aceObjectId`, `aceObjectDescriptionFlags`, `weenieClassId`, `weenieHeaderFlags`, `weenieHeaderFlags2`, `currentMotionState`, `physicsDescriptionFlag`)
VALUES (1014, 262164, 1014, 48, NULL, 'AAA9AAAAAAA=', 98307);

INSERT INTO `ace_object_properties_string` (`aceObjectId`, `strPropertyId`, `propertyValue`)
VALUES (1014, 1, 'Destroyed Portal to Cragstone');

INSERT INTO `ace_object_properties_did` (`aceObjectId`, `didPropertyId`, `propertyValue`)
VALUES (1014, 8, 100667499)
     , (1014, 1, 33561060)
     , (1014, 2, 150995314);

INSERT INTO `ace_object_properties_int` (`aceObjectId`, `intPropertyId`, `propertyValue`)
VALUES (1014, 1, 65536)
     , (1014, 16, 1)
     , (1014, 93, 3092)
     , (1014, 9007, 7);

INSERT INTO `ace_object_properties_double` (`aceObjectId`, `dblPropertyId`, `propertyValue`)
VALUES (1014, 54, -0.1);

INSERT INTO `ace_object_properties_bool` (`aceObjectId`, `boolPropertyId`, `propertyValue`)
VALUES (1014, 13, True)
     , (1014, 11, True)
     , (1014, 14, True)
     , (1014, 15, True)
     , (1014, 19, True)
     , (1014, 1, True);

/* Weenie - PortalsDestroyed - Destroyed Lin Portal (4567) */
DELETE FROM ace_weenie_class WHERE weenieClassId = 4567;

INSERT INTO ace_weenie_class (`weenieClassId`, `weenieClassDescription`)
VALUES (4567, 'portallin');

INSERT INTO `ace_object` (`aceObjectId`, `aceObjectDescriptionFlags`, `weenieClassId`, `weenieHeaderFlags`, `weenieHeaderFlags2`, `currentMotionState`, `physicsDescriptionFlag`)
VALUES (4567, 262164, 4567, 48, NULL, 'AAA9AAAAAAA=', 98307);

INSERT INTO `ace_object_properties_string` (`aceObjectId`, `strPropertyId`, `propertyValue`)
VALUES (4567, 1, 'Destroyed Lin Portal');

INSERT INTO `ace_object_properties_did` (`aceObjectId`, `didPropertyId`, `propertyValue`)
VALUES (4567, 8, 100667499)
     , (4567, 1, 33561060)
     , (4567, 2, 150995314);

INSERT INTO `ace_object_properties_int` (`aceObjectId`, `intPropertyId`, `propertyValue`)
VALUES (4567, 1, 65536)
     , (4567, 16, 1)
     , (4567, 93, 3092)
     , (4567, 9007, 7);

INSERT INTO `ace_object_properties_double` (`aceObjectId`, `dblPropertyId`, `propertyValue`)
VALUES (4567, 54, -0.1);

INSERT INTO `ace_object_properties_bool` (`aceObjectId`, `boolPropertyId`, `propertyValue`)
VALUES (4567, 13, True)
     , (4567, 11, True)
     , (4567, 14, True)
     , (4567, 15, True)
     , (4567, 19, True)
     , (4567, 1, True);

/* Weenie - PortalsDestroyed - Destroyed Uziz Portal (4036) */
DELETE FROM ace_weenie_class WHERE weenieClassId = 4036;

INSERT INTO ace_weenie_class (`weenieClassId`, `weenieClassDescription`)
VALUES (4036, 'portaluziz');

INSERT INTO `ace_object` (`aceObjectId`, `aceObjectDescriptionFlags`, `weenieClassId`, `weenieHeaderFlags`, `weenieHeaderFlags2`, `currentMotionState`, `physicsDescriptionFlag`)
VALUES (4036, 262164, 4036, 48, NULL, 'AAA9AAAAAAA=', 98307);

INSERT INTO `ace_object_properties_string` (`aceObjectId`, `strPropertyId`, `propertyValue`)
VALUES (4036, 1, 'Destroyed Uziz Portal');

INSERT INTO `ace_object_properties_did` (`aceObjectId`, `didPropertyId`, `propertyValue`)
VALUES (4036, 8, 100667499)
     , (4036, 1, 33561060)
     , (4036, 2, 150995314);

INSERT INTO `ace_object_properties_int` (`aceObjectId`, `intPropertyId`, `propertyValue`)
VALUES (4036, 1, 65536)
     , (4036, 16, 1)
     , (4036, 93, 3092)
     , (4036, 9007, 7);

INSERT INTO `ace_object_properties_double` (`aceObjectId`, `dblPropertyId`, `propertyValue`)
VALUES (4036, 54, -0.1);

INSERT INTO `ace_object_properties_bool` (`aceObjectId`, `boolPropertyId`, `propertyValue`)
VALUES (4036, 13, True)
     , (4036, 11, True)
     , (4036, 14, True)
     , (4036, 15, True)
     , (4036, 19, True)
     , (4036, 1, True);

/* Weenie - PortalsDestroyed - Destroyed Baishi Portal (4037) */
DELETE FROM ace_weenie_class WHERE weenieClassId = 4037;

INSERT INTO ace_weenie_class (`weenieClassId`, `weenieClassDescription`)
VALUES (4037, 'portalbaishi');

INSERT INTO `ace_object` (`aceObjectId`, `aceObjectDescriptionFlags`, `weenieClassId`, `weenieHeaderFlags`, `weenieHeaderFlags2`, `currentMotionState`, `physicsDescriptionFlag`)
VALUES (4037, 262164, 4037, 48, NULL, 'AAA9AAAAAAA=', 98307);

INSERT INTO `ace_object_properties_string` (`aceObjectId`, `strPropertyId`, `propertyValue`)
VALUES (4037, 1, 'Destroyed Baishi Portal');

INSERT INTO `ace_object_properties_did` (`aceObjectId`, `didPropertyId`, `propertyValue`)
VALUES (4037, 8, 100667499)
     , (4037, 1, 33561060)
     , (4037, 2, 150995314);

INSERT INTO `ace_object_properties_int` (`aceObjectId`, `intPropertyId`, `propertyValue`)
VALUES (4037, 1, 65536)
     , (4037, 16, 1)
     , (4037, 93, 3092)
     , (4037, 9007, 7);

INSERT INTO `ace_object_properties_double` (`aceObjectId`, `dblPropertyId`, `propertyValue`)
VALUES (4037, 54, -0.1);

INSERT INTO `ace_object_properties_bool` (`aceObjectId`, `boolPropertyId`, `propertyValue`)
VALUES (4037, 13, True)
     , (4037, 11, True)
     , (4037, 14, True)
     , (4037, 15, True)
     , (4037, 19, True)
     , (4037, 1, True);

/* Weenie - PortalsDestroyed - Destroyed Qalaba'r Portal (1023) */
DELETE FROM ace_weenie_class WHERE weenieClassId = 1023;

INSERT INTO ace_weenie_class (`weenieClassId`, `weenieClassDescription`)
VALUES (1023, 'portalqalabar');

INSERT INTO `ace_object` (`aceObjectId`, `aceObjectDescriptionFlags`, `weenieClassId`, `weenieHeaderFlags`, `weenieHeaderFlags2`, `currentMotionState`, `physicsDescriptionFlag`)
VALUES (1023, 262164, 1023, 48, NULL, 'AAA9AAAAAAA=', 98307);

INSERT INTO `ace_object_properties_string` (`aceObjectId`, `strPropertyId`, `propertyValue`)
VALUES (1023, 1, 'Destroyed Qalaba''r Portal');

INSERT INTO `ace_object_properties_did` (`aceObjectId`, `didPropertyId`, `propertyValue`)
VALUES (1023, 8, 100667499)
     , (1023, 1, 33561060)
     , (1023, 2, 150995314);

INSERT INTO `ace_object_properties_int` (`aceObjectId`, `intPropertyId`, `propertyValue`)
VALUES (1023, 1, 65536)
     , (1023, 16, 1)
     , (1023, 93, 3092)
     , (1023, 9007, 7);

INSERT INTO `ace_object_properties_double` (`aceObjectId`, `dblPropertyId`, `propertyValue`)
VALUES (1023, 54, -0.1);

INSERT INTO `ace_object_properties_bool` (`aceObjectId`, `boolPropertyId`, `propertyValue`)
VALUES (1023, 13, True)
     , (1023, 11, True)
     , (1023, 14, True)
     , (1023, 15, True)
     , (1023, 19, True)
     , (1023, 1, True);

/* Weenie - PortalsDestroyed - Destroyed Portal to Zaikhal (1032) */
DELETE FROM ace_weenie_class WHERE weenieClassId = 1032;

INSERT INTO ace_weenie_class (`weenieClassId`, `weenieClassDescription`)
VALUES (1032, 'portalzaikhal');

INSERT INTO `ace_object` (`aceObjectId`, `aceObjectDescriptionFlags`, `weenieClassId`, `weenieHeaderFlags`, `weenieHeaderFlags2`, `currentMotionState`, `physicsDescriptionFlag`)
VALUES (1032, 262164, 1032, 48, NULL, 'AAA9AAAAAAA=', 98307);

INSERT INTO `ace_object_properties_string` (`aceObjectId`, `strPropertyId`, `propertyValue`)
VALUES (1032, 1, 'Destroyed Portal to Zaikhal');

INSERT INTO `ace_object_properties_did` (`aceObjectId`, `didPropertyId`, `propertyValue`)
VALUES (1032, 8, 100667499)
     , (1032, 1, 33561060)
     , (1032, 2, 150995314);

INSERT INTO `ace_object_properties_int` (`aceObjectId`, `intPropertyId`, `propertyValue`)
VALUES (1032, 1, 65536)
     , (1032, 16, 1)
     , (1032, 93, 3092)
     , (1032, 9007, 7);

INSERT INTO `ace_object_properties_double` (`aceObjectId`, `dblPropertyId`, `propertyValue`)
VALUES (1032, 54, -0.1);

INSERT INTO `ace_object_properties_bool` (`aceObjectId`, `boolPropertyId`, `propertyValue`)
VALUES (1032, 13, True)
     , (1032, 11, True)
     , (1032, 14, True)
     , (1032, 15, True)
     , (1032, 19, True)
     , (1032, 1, True);

/* Weenie - PortalsDestroyed - Destroyed Stonehold Portal (4044) */
DELETE FROM ace_weenie_class WHERE weenieClassId = 4044;

INSERT INTO ace_weenie_class (`weenieClassId`, `weenieClassDescription`)
VALUES (4044, 'portalstonehold');

INSERT INTO `ace_object` (`aceObjectId`, `aceObjectDescriptionFlags`, `weenieClassId`, `weenieHeaderFlags`, `weenieHeaderFlags2`, `currentMotionState`, `physicsDescriptionFlag`)
VALUES (4044, 262164, 4044, 48, NULL, 'AAA9AAAAAAA=', 98307);

INSERT INTO `ace_object_properties_string` (`aceObjectId`, `strPropertyId`, `propertyValue`)
VALUES (4044, 1, 'Destroyed Stonehold Portal');

INSERT INTO `ace_object_properties_did` (`aceObjectId`, `didPropertyId`, `propertyValue`)
VALUES (4044, 8, 100667499)
     , (4044, 1, 33561060)
     , (4044, 2, 150995314);

INSERT INTO `ace_object_properties_int` (`aceObjectId`, `intPropertyId`, `propertyValue`)
VALUES (4044, 1, 65536)
     , (4044, 16, 1)
     , (4044, 93, 3092)
     , (4044, 9007, 7);

INSERT INTO `ace_object_properties_double` (`aceObjectId`, `dblPropertyId`, `propertyValue`)
VALUES (4044, 54, -0.1);

INSERT INTO `ace_object_properties_bool` (`aceObjectId`, `boolPropertyId`, `propertyValue`)
VALUES (4044, 13, True)
     , (4044, 11, True)
     , (4044, 14, True)
     , (4044, 15, True)
     , (4044, 19, True)
     , (4044, 1, True);

/* Weenie - PortalsDestroyed - Destroyed Plateau Portal (4042) */
DELETE FROM ace_weenie_class WHERE weenieClassId = 4042;

INSERT INTO ace_weenie_class (`weenieClassId`, `weenieClassDescription`)
VALUES (4042, 'portalplateau');

INSERT INTO `ace_object` (`aceObjectId`, `aceObjectDescriptionFlags`, `weenieClassId`, `weenieHeaderFlags`, `weenieHeaderFlags2`, `currentMotionState`, `physicsDescriptionFlag`)
VALUES (4042, 262164, 4042, 48, NULL, 'AAA9AAAAAAA=', 98307);

INSERT INTO `ace_object_properties_string` (`aceObjectId`, `strPropertyId`, `propertyValue`)
VALUES (4042, 1, 'Destroyed Plateau Portal');

INSERT INTO `ace_object_properties_did` (`aceObjectId`, `didPropertyId`, `propertyValue`)
VALUES (4042, 8, 100667499)
     , (4042, 1, 33561060)
     , (4042, 2, 150995314);

INSERT INTO `ace_object_properties_int` (`aceObjectId`, `intPropertyId`, `propertyValue`)
VALUES (4042, 1, 65536)
     , (4042, 16, 1)
     , (4042, 93, 3092)
     , (4042, 9007, 7);

INSERT INTO `ace_object_properties_double` (`aceObjectId`, `dblPropertyId`, `propertyValue`)
VALUES (4042, 54, -0.1);

INSERT INTO `ace_object_properties_bool` (`aceObjectId`, `boolPropertyId`, `propertyValue`)
VALUES (4042, 13, True)
     , (4042, 11, True)
     , (4042, 14, True)
     , (4042, 15, True)
     , (4042, 19, True)
     , (4042, 1, True);

/* Weenie - PortalsDestroyed - Destroyed Sawato Portal (4043) */
DELETE FROM ace_weenie_class WHERE weenieClassId = 4043;

INSERT INTO ace_weenie_class (`weenieClassId`, `weenieClassDescription`)
VALUES (4043, 'portalsawato');

INSERT INTO `ace_object` (`aceObjectId`, `aceObjectDescriptionFlags`, `weenieClassId`, `weenieHeaderFlags`, `weenieHeaderFlags2`, `currentMotionState`, `physicsDescriptionFlag`)
VALUES (4043, 262164, 4043, 48, NULL, 'AAA9AAAAAAA=', 98307);

INSERT INTO `ace_object_properties_string` (`aceObjectId`, `strPropertyId`, `propertyValue`)
VALUES (4043, 1, 'Destroyed Sawato Portal');

INSERT INTO `ace_object_properties_did` (`aceObjectId`, `didPropertyId`, `propertyValue`)
VALUES (4043, 8, 100667499)
     , (4043, 1, 33561060)
     , (4043, 2, 150995314);

INSERT INTO `ace_object_properties_int` (`aceObjectId`, `intPropertyId`, `propertyValue`)
VALUES (4043, 1, 65536)
     , (4043, 16, 1)
     , (4043, 93, 3092)
     , (4043, 9007, 7);

INSERT INTO `ace_object_properties_double` (`aceObjectId`, `dblPropertyId`, `propertyValue`)
VALUES (4043, 54, -0.1);

INSERT INTO `ace_object_properties_bool` (`aceObjectId`, `boolPropertyId`, `propertyValue`)
VALUES (4043, 13, True)
     , (4043, 11, True)
     , (4043, 14, True)
     , (4043, 15, True)
     , (4043, 19, True)
     , (4043, 1, True);

/* Weenie - PortalsDestroyed - Destroyed Portal to Nanto (12160) */
DELETE FROM ace_weenie_class WHERE weenieClassId = 12160;

INSERT INTO ace_weenie_class (`weenieClassId`, `weenieClassDescription`)
VALUES (12160, 'portalnanto-xp');

INSERT INTO `ace_object` (`aceObjectId`, `aceObjectDescriptionFlags`, `weenieClassId`, `weenieHeaderFlags`, `weenieHeaderFlags2`, `currentMotionState`, `physicsDescriptionFlag`)
VALUES (12160, 262164, 12160, 48, NULL, 'AAA9AAAAAAA=', 98307);

INSERT INTO `ace_object_properties_string` (`aceObjectId`, `strPropertyId`, `propertyValue`)
VALUES (12160, 1, 'Destroyed Portal to Nanto');

INSERT INTO `ace_object_properties_did` (`aceObjectId`, `didPropertyId`, `propertyValue`)
VALUES (12160, 8, 100667499)
     , (12160, 1, 33561060)
     , (12160, 2, 150995314);

INSERT INTO `ace_object_properties_int` (`aceObjectId`, `intPropertyId`, `propertyValue`)
VALUES (12160, 1, 65536)
     , (12160, 16, 1)
     , (12160, 93, 3092)
     , (12160, 9007, 7);

INSERT INTO `ace_object_properties_double` (`aceObjectId`, `dblPropertyId`, `propertyValue`)
VALUES (12160, 54, -0.1);

INSERT INTO `ace_object_properties_bool` (`aceObjectId`, `boolPropertyId`, `propertyValue`)
VALUES (12160, 13, True)
     , (12160, 11, True)
     , (12160, 14, True)
     , (12160, 15, True)
     , (12160, 19, True)
     , (12160, 1, True);

/* Weenie - PortalsDestroyed - Destroyed Portal to Yanshi (1029) */
DELETE FROM ace_weenie_class WHERE weenieClassId = 1029;

INSERT INTO ace_weenie_class (`weenieClassId`, `weenieClassDescription`)
VALUES (1029, 'portalyanshi');

INSERT INTO `ace_object` (`aceObjectId`, `aceObjectDescriptionFlags`, `weenieClassId`, `weenieHeaderFlags`, `weenieHeaderFlags2`, `currentMotionState`, `physicsDescriptionFlag`)
VALUES (1029, 262164, 1029, 48, NULL, 'AAA9AAAAAAA=', 98307);

INSERT INTO `ace_object_properties_string` (`aceObjectId`, `strPropertyId`, `propertyValue`)
VALUES (1029, 1, 'Destroyed Portal to Yanshi');

INSERT INTO `ace_object_properties_did` (`aceObjectId`, `didPropertyId`, `propertyValue`)
VALUES (1029, 8, 100667499)
     , (1029, 1, 33561060)
     , (1029, 2, 150995314);

INSERT INTO `ace_object_properties_int` (`aceObjectId`, `intPropertyId`, `propertyValue`)
VALUES (1029, 1, 65536)
     , (1029, 16, 1)
     , (1029, 93, 3092)
     , (1029, 9007, 7);

INSERT INTO `ace_object_properties_double` (`aceObjectId`, `dblPropertyId`, `propertyValue`)
VALUES (1029, 54, -0.1);

INSERT INTO `ace_object_properties_bool` (`aceObjectId`, `boolPropertyId`, `propertyValue`)
VALUES (1029, 13, True)
     , (1029, 11, True)
     , (1029, 14, True)
     , (1029, 15, True)
     , (1029, 19, True)
     , (1029, 1, True);

/* Weenie - PortalsDestroyed - Destroyed Lytelthorpe Portal (4570) */
DELETE FROM ace_weenie_class WHERE weenieClassId = 4570;

INSERT INTO ace_weenie_class (`weenieClassId`, `weenieClassDescription`)
VALUES (4570, 'portallytelthorpe');

INSERT INTO `ace_object` (`aceObjectId`, `aceObjectDescriptionFlags`, `weenieClassId`, `weenieHeaderFlags`, `weenieHeaderFlags2`, `currentMotionState`, `physicsDescriptionFlag`)
VALUES (4570, 262164, 4570, 48, NULL, 'AAA9AAAAAAA=', 98307);

INSERT INTO `ace_object_properties_string` (`aceObjectId`, `strPropertyId`, `propertyValue`)
VALUES (4570, 1, 'Destroyed Lytelthorpe Portal');

INSERT INTO `ace_object_properties_did` (`aceObjectId`, `didPropertyId`, `propertyValue`)
VALUES (4570, 8, 100667499)
     , (4570, 1, 33561060)
     , (4570, 2, 150995314);

INSERT INTO `ace_object_properties_int` (`aceObjectId`, `intPropertyId`, `propertyValue`)
VALUES (4570, 1, 65536)
     , (4570, 16, 1)
     , (4570, 93, 3092)
     , (4570, 9007, 7);

INSERT INTO `ace_object_properties_double` (`aceObjectId`, `dblPropertyId`, `propertyValue`)
VALUES (4570, 54, -0.1);

INSERT INTO `ace_object_properties_bool` (`aceObjectId`, `boolPropertyId`, `propertyValue`)
VALUES (4570, 13, True)
     , (4570, 11, True)
     , (4570, 14, True)
     , (4570, 15, True)
     , (4570, 19, True)
     , (4570, 1, True);

/* Weenie - PortalsDestroyed - Destroyed Portal to Al-Arqas (4571) */
DELETE FROM ace_weenie_class WHERE weenieClassId = 4571;

INSERT INTO ace_weenie_class (`weenieClassId`, `weenieClassDescription`)
VALUES (4571, 'portalalarqas');

INSERT INTO `ace_object` (`aceObjectId`, `aceObjectDescriptionFlags`, `weenieClassId`, `weenieHeaderFlags`, `weenieHeaderFlags2`, `currentMotionState`, `physicsDescriptionFlag`)
VALUES (4571, 262164, 4571, 48, NULL, 'AAA9AAAAAAA=', 98307);

INSERT INTO `ace_object_properties_string` (`aceObjectId`, `strPropertyId`, `propertyValue`)
VALUES (4571, 1, 'Destroyed Portal to Al-Arqas');

INSERT INTO `ace_object_properties_did` (`aceObjectId`, `didPropertyId`, `propertyValue`)
VALUES (4571, 8, 100667499)
     , (4571, 1, 33561060)
     , (4571, 2, 150995314);

INSERT INTO `ace_object_properties_int` (`aceObjectId`, `intPropertyId`, `propertyValue`)
VALUES (4571, 1, 65536)
     , (4571, 16, 1)
     , (4571, 93, 3092)
     , (4571, 9007, 7);

INSERT INTO `ace_object_properties_double` (`aceObjectId`, `dblPropertyId`, `propertyValue`)
VALUES (4571, 54, -0.1);

INSERT INTO `ace_object_properties_bool` (`aceObjectId`, `boolPropertyId`, `propertyValue`)
VALUES (4571, 13, True)
     , (4571, 11, True)
     , (4571, 14, True)
     , (4571, 15, True)
     , (4571, 19, True)
     , (4571, 1, True);

/* Weenie - PortalsDestroyed - Destroyed Portal to Kryst (8554) */
DELETE FROM ace_weenie_class WHERE weenieClassId = 8554;

INSERT INTO ace_weenie_class (`weenieClassId`, `weenieClassDescription`)
VALUES (8554, 'portalkryst');

INSERT INTO `ace_object` (`aceObjectId`, `aceObjectDescriptionFlags`, `weenieClassId`, `weenieHeaderFlags`, `weenieHeaderFlags2`, `currentMotionState`, `physicsDescriptionFlag`)
VALUES (8554, 262164, 8554, 48, NULL, 'AAA9AAAAAAA=', 98307);

INSERT INTO `ace_object_properties_string` (`aceObjectId`, `strPropertyId`, `propertyValue`)
VALUES (8554, 1, 'Destroyed Portal to Kryst');

INSERT INTO `ace_object_properties_did` (`aceObjectId`, `didPropertyId`, `propertyValue`)
VALUES (8554, 8, 100667499)
     , (8554, 1, 33561060)
     , (8554, 2, 150995314);

INSERT INTO `ace_object_properties_int` (`aceObjectId`, `intPropertyId`, `propertyValue`)
VALUES (8554, 1, 65536)
     , (8554, 16, 1)
     , (8554, 93, 3092)
     , (8554, 9007, 7);

INSERT INTO `ace_object_properties_double` (`aceObjectId`, `dblPropertyId`, `propertyValue`)
VALUES (8554, 54, -0.1);

INSERT INTO `ace_object_properties_bool` (`aceObjectId`, `boolPropertyId`, `propertyValue`)
VALUES (8554, 13, True)
     , (8554, 11, True)
     , (8554, 14, True)
     , (8554, 15, True)
     , (8554, 19, True)
     , (8554, 1, True);

/* Weenie - PortalsDestroyed - Destroyed Portal to Samsur (1026) */
DELETE FROM ace_weenie_class WHERE weenieClassId = 1026;

INSERT INTO ace_weenie_class (`weenieClassId`, `weenieClassDescription`)
VALUES (1026, 'portalsamsur');

INSERT INTO `ace_object` (`aceObjectId`, `aceObjectDescriptionFlags`, `weenieClassId`, `weenieHeaderFlags`, `weenieHeaderFlags2`, `currentMotionState`, `physicsDescriptionFlag`)
VALUES (1026, 262164, 1026, 48, NULL, 'AAA9AAAAAAA=', 98307);

INSERT INTO `ace_object_properties_string` (`aceObjectId`, `strPropertyId`, `propertyValue`)
VALUES (1026, 1, 'Destroyed Portal to Samsur');

INSERT INTO `ace_object_properties_did` (`aceObjectId`, `didPropertyId`, `propertyValue`)
VALUES (1026, 8, 100667499)
     , (1026, 1, 33561060)
     , (1026, 2, 150995314);

INSERT INTO `ace_object_properties_int` (`aceObjectId`, `intPropertyId`, `propertyValue`)
VALUES (1026, 1, 65536)
     , (1026, 16, 1)
     , (1026, 93, 3092)
     , (1026, 9007, 7);

INSERT INTO `ace_object_properties_double` (`aceObjectId`, `dblPropertyId`, `propertyValue`)
VALUES (1026, 54, -0.1);

INSERT INTO `ace_object_properties_bool` (`aceObjectId`, `boolPropertyId`, `propertyValue`)
VALUES (1026, 13, True)
     , (1026, 11, True)
     , (1026, 14, True)
     , (1026, 15, True)
     , (1026, 19, True)
     , (1026, 1, True);

/* Weenie - PortalsDestroyed - Destroyed Portal to Bluespire (11953) */
DELETE FROM ace_weenie_class WHERE weenieClassId = 11953;

INSERT INTO ace_weenie_class (`weenieClassId`, `weenieClassDescription`)
VALUES (11953, 'portalbluespire-xp');

INSERT INTO `ace_object` (`aceObjectId`, `aceObjectDescriptionFlags`, `weenieClassId`, `weenieHeaderFlags`, `weenieHeaderFlags2`, `currentMotionState`, `physicsDescriptionFlag`)
VALUES (11953, 262164, 11953, 48, NULL, 'AAA9AAAAAAA=', 98307);

INSERT INTO `ace_object_properties_string` (`aceObjectId`, `strPropertyId`, `propertyValue`)
VALUES (11953, 1, 'Destroyed Portal to Bluespire');

INSERT INTO `ace_object_properties_did` (`aceObjectId`, `didPropertyId`, `propertyValue`)
VALUES (11953, 8, 100667499)
     , (11953, 1, 33561060)
     , (11953, 2, 150995314);

INSERT INTO `ace_object_properties_int` (`aceObjectId`, `intPropertyId`, `propertyValue`)
VALUES (11953, 1, 65536)
     , (11953, 16, 1)
     , (11953, 93, 3092)
     , (11953, 9007, 7);

INSERT INTO `ace_object_properties_double` (`aceObjectId`, `dblPropertyId`, `propertyValue`)
VALUES (11953, 54, -0.1);

INSERT INTO `ace_object_properties_bool` (`aceObjectId`, `boolPropertyId`, `propertyValue`)
VALUES (11953, 13, True)
     , (11953, 11, True)
     , (11953, 14, True)
     , (11953, 15, True)
     , (11953, 19, True)
     , (11953, 1, True);

/* Weenie - PortalsDestroyed - Destroyed Eastham Portal (1016) */
DELETE FROM ace_weenie_class WHERE weenieClassId = 1016;

INSERT INTO ace_weenie_class (`weenieClassId`, `weenieClassDescription`)
VALUES (1016, 'portaleastham');

INSERT INTO `ace_object` (`aceObjectId`, `aceObjectDescriptionFlags`, `weenieClassId`, `weenieHeaderFlags`, `weenieHeaderFlags2`, `currentMotionState`, `physicsDescriptionFlag`)
VALUES (1016, 262164, 1016, 48, NULL, 'AAA9AAAAAAA=', 98307);

INSERT INTO `ace_object_properties_string` (`aceObjectId`, `strPropertyId`, `propertyValue`)
VALUES (1016, 1, 'Destroyed Eastham Portal');

INSERT INTO `ace_object_properties_did` (`aceObjectId`, `didPropertyId`, `propertyValue`)
VALUES (1016, 8, 100667499)
     , (1016, 1, 33561060)
     , (1016, 2, 150995314);

INSERT INTO `ace_object_properties_int` (`aceObjectId`, `intPropertyId`, `propertyValue`)
VALUES (1016, 1, 65536)
     , (1016, 16, 1)
     , (1016, 93, 3092)
     , (1016, 9007, 7);

INSERT INTO `ace_object_properties_double` (`aceObjectId`, `dblPropertyId`, `propertyValue`)
VALUES (1016, 54, -0.1);

INSERT INTO `ace_object_properties_bool` (`aceObjectId`, `boolPropertyId`, `propertyValue`)
VALUES (1016, 13, True)
     , (1016, 11, True)
     , (1016, 14, True)
     , (1016, 15, True)
     , (1016, 19, True)
     , (1016, 1, True);

/* Weenie - PortalsDestroyed - Destroyed Tufa Portal (4038) */
DELETE FROM ace_weenie_class WHERE weenieClassId = 4038;

INSERT INTO ace_weenie_class (`weenieClassId`, `weenieClassDescription`)
VALUES (4038, 'portaltufa');

INSERT INTO `ace_object` (`aceObjectId`, `aceObjectDescriptionFlags`, `weenieClassId`, `weenieHeaderFlags`, `weenieHeaderFlags2`, `currentMotionState`, `physicsDescriptionFlag`)
VALUES (4038, 262164, 4038, 48, NULL, 'AAA9AAAAAAA=', 98307);

INSERT INTO `ace_object_properties_string` (`aceObjectId`, `strPropertyId`, `propertyValue`)
VALUES (4038, 1, 'Destroyed Tufa Portal');

INSERT INTO `ace_object_properties_did` (`aceObjectId`, `didPropertyId`, `propertyValue`)
VALUES (4038, 8, 100667499)
     , (4038, 1, 33561060)
     , (4038, 2, 150995314);

INSERT INTO `ace_object_properties_int` (`aceObjectId`, `intPropertyId`, `propertyValue`)
VALUES (4038, 1, 65536)
     , (4038, 16, 1)
     , (4038, 93, 3092)
     , (4038, 9007, 7);

INSERT INTO `ace_object_properties_double` (`aceObjectId`, `dblPropertyId`, `propertyValue`)
VALUES (4038, 54, -0.1);

INSERT INTO `ace_object_properties_bool` (`aceObjectId`, `boolPropertyId`, `propertyValue`)
VALUES (4038, 13, True)
     , (4038, 11, True)
     , (4038, 14, True)
     , (4038, 15, True)
     , (4038, 19, True)
     , (4038, 1, True);

/* Weenie - PortalsDestroyed - Destroyed Glenden Wood Portal (1017) */
DELETE FROM ace_weenie_class WHERE weenieClassId = 1017;

INSERT INTO ace_weenie_class (`weenieClassId`, `weenieClassDescription`)
VALUES (1017, 'portalglendenwood');

INSERT INTO `ace_object` (`aceObjectId`, `aceObjectDescriptionFlags`, `weenieClassId`, `weenieHeaderFlags`, `weenieHeaderFlags2`, `currentMotionState`, `physicsDescriptionFlag`)
VALUES (1017, 262164, 1017, 48, NULL, 'AAA9AAAAAAA=', 98307);

INSERT INTO `ace_object_properties_string` (`aceObjectId`, `strPropertyId`, `propertyValue`)
VALUES (1017, 1, 'Destroyed Glenden Wood Portal');

INSERT INTO `ace_object_properties_did` (`aceObjectId`, `didPropertyId`, `propertyValue`)
VALUES (1017, 8, 100667499)
     , (1017, 1, 33561060)
     , (1017, 2, 150995314);

INSERT INTO `ace_object_properties_int` (`aceObjectId`, `intPropertyId`, `propertyValue`)
VALUES (1017, 1, 65536)
     , (1017, 16, 1)
     , (1017, 93, 3092)
     , (1017, 9007, 7);

INSERT INTO `ace_object_properties_double` (`aceObjectId`, `dblPropertyId`, `propertyValue`)
VALUES (1017, 54, -0.1);

INSERT INTO `ace_object_properties_bool` (`aceObjectId`, `boolPropertyId`, `propertyValue`)
VALUES (1017, 13, True)
     , (1017, 11, True)
     , (1017, 14, True)
     , (1017, 15, True)
     , (1017, 19, True)
     , (1017, 1, True);

/* Weenie - PortalsDestroyed - Destroyed Portal to Neydisa Castle (6086) */
DELETE FROM ace_weenie_class WHERE weenieClassId = 6086;

INSERT INTO ace_weenie_class (`weenieClassId`, `weenieClassDescription`)
VALUES (6086, 'portalneydisacastle');

INSERT INTO `ace_object` (`aceObjectId`, `aceObjectDescriptionFlags`, `weenieClassId`, `weenieHeaderFlags`, `weenieHeaderFlags2`, `currentMotionState`, `physicsDescriptionFlag`)
VALUES (6086, 262164, 6086, 48, NULL, 'AAA9AAAAAAA=', 98307);

INSERT INTO `ace_object_properties_string` (`aceObjectId`, `strPropertyId`, `propertyValue`)
VALUES (6086, 1, 'Destroyed Portal to Neydisa Castle');

INSERT INTO `ace_object_properties_did` (`aceObjectId`, `didPropertyId`, `propertyValue`)
VALUES (6086, 8, 100667499)
     , (6086, 1, 33561060)
     , (6086, 2, 150995314);

INSERT INTO `ace_object_properties_int` (`aceObjectId`, `intPropertyId`, `propertyValue`)
VALUES (6086, 1, 65536)
     , (6086, 16, 1)
     , (6086, 93, 3092)
     , (6086, 9007, 7);

INSERT INTO `ace_object_properties_double` (`aceObjectId`, `dblPropertyId`, `propertyValue`)
VALUES (6086, 54, -0.1);

INSERT INTO `ace_object_properties_bool` (`aceObjectId`, `boolPropertyId`, `propertyValue`)
VALUES (6086, 13, True)
     , (6086, 11, True)
     , (6086, 14, True)
     , (6086, 15, True)
     , (6086, 19, True)
     , (6086, 1, True);

/* Weenie - PortalsDestroyed - Destroyed Portal to Xarabydun (26640) */
DELETE FROM ace_weenie_class WHERE weenieClassId = 26640;

INSERT INTO ace_weenie_class (`weenieClassId`, `weenieClassDescription`)
VALUES (26640, 'portalxarabydun');

INSERT INTO `ace_object` (`aceObjectId`, `aceObjectDescriptionFlags`, `weenieClassId`, `weenieHeaderFlags`, `weenieHeaderFlags2`, `currentMotionState`, `physicsDescriptionFlag`)
VALUES (26640, 262164, 26640, 48, NULL, 'AAA9AAAAAAA=', 98307);

INSERT INTO `ace_object_properties_string` (`aceObjectId`, `strPropertyId`, `propertyValue`)
VALUES (26640, 1, 'Destroyed Portal to Xarabydun');

INSERT INTO `ace_object_properties_did` (`aceObjectId`, `didPropertyId`, `propertyValue`)
VALUES (26640, 8, 100667499)
     , (26640, 1, 33561060)
     , (26640, 2, 150995314);

INSERT INTO `ace_object_properties_int` (`aceObjectId`, `intPropertyId`, `propertyValue`)
VALUES (26640, 1, 65536)
     , (26640, 16, 1)
     , (26640, 93, 3092)
     , (26640, 9007, 7);

INSERT INTO `ace_object_properties_double` (`aceObjectId`, `dblPropertyId`, `propertyValue`)
VALUES (26640, 54, -0.1);

INSERT INTO `ace_object_properties_bool` (`aceObjectId`, `boolPropertyId`, `propertyValue`)
VALUES (26640, 13, True)
     , (26640, 11, True)
     , (26640, 14, True)
     , (26640, 15, True)
     , (26640, 19, True)
     , (26640, 1, True);

/* Weenie - PortalsDestroyed - Destroyed Mayoi Portal (1022) */
DELETE FROM ace_weenie_class WHERE weenieClassId = 1022;

INSERT INTO ace_weenie_class (`weenieClassId`, `weenieClassDescription`)
VALUES (1022, 'portalmayoi');

INSERT INTO `ace_object` (`aceObjectId`, `aceObjectDescriptionFlags`, `weenieClassId`, `weenieHeaderFlags`, `weenieHeaderFlags2`, `currentMotionState`, `physicsDescriptionFlag`)
VALUES (1022, 262164, 1022, 48, NULL, 'AAA9AAAAAAA=', 98307);

INSERT INTO `ace_object_properties_string` (`aceObjectId`, `strPropertyId`, `propertyValue`)
VALUES (1022, 1, 'Destroyed Mayoi Portal');

INSERT INTO `ace_object_properties_did` (`aceObjectId`, `didPropertyId`, `propertyValue`)
VALUES (1022, 8, 100667499)
     , (1022, 1, 33561060)
     , (1022, 2, 150995314);

INSERT INTO `ace_object_properties_int` (`aceObjectId`, `intPropertyId`, `propertyValue`)
VALUES (1022, 1, 65536)
     , (1022, 16, 1)
     , (1022, 93, 3092)
     , (1022, 9007, 7);

INSERT INTO `ace_object_properties_double` (`aceObjectId`, `dblPropertyId`, `propertyValue`)
VALUES (1022, 54, -0.1);

INSERT INTO `ace_object_properties_bool` (`aceObjectId`, `boolPropertyId`, `propertyValue`)
VALUES (1022, 13, True)
     , (1022, 11, True)
     , (1022, 14, True)
     , (1022, 15, True)
     , (1022, 19, True)
     , (1022, 1, True);

