INSERT INTO ace_weenie_class (`weenieClassId`, `weenieClassDescription`)
VALUES (21053, 'materialhematite');

INSERT INTO `ace_object` (`aceObjectId`, `aceObjectDescriptionFlags`, `weenieClassId`, `weenieHeaderFlags`, `currentMotionState`, `physicsDescriptionFlag`)
VALUES (21053, 18, 21053, 3509091352, NULL, 137217);

INSERT INTO `ace_object_properties_string` (`aceObjectId`, `strPropertyId`, `propertyValue`)
VALUES (21053, 1, 'Salvage (26)');

INSERT INTO `ace_object_properties_did` (`aceObjectId`, `didPropertyId`, `propertyValue`)
VALUES (21053, 8, 100673214)
     , (21053, 50, 100673277)
     , (21053, 1, 33554817)
     , (21053, 3, 536870932)
     , (21053, 22, 872415275)
     , (21053, 6, 67111919);

INSERT INTO `ace_object_properties_int` (`aceObjectId`, `intPropertyId`, `propertyValue`)
VALUES (21053, 53, 101)
     , (21053, 1, 1073741824)
     , (21053, 5, 100)
     , (21053, 151, 9)
     , (21053, 131, 25)
     , (21053, 11, 1)
     , (21053, 91, 100)
     , (21053, 12, 1)
     , (21053, 92, 26)
     , (21053, 94, 8)
     , (21053, 16, 524296)
     , (21053, 19, 644)
     , (21053, 93, 1044);

INSERT INTO `ace_object_properties_bool` (`aceObjectId`, `boolPropertyId`, `propertyValue`)
VALUES (21053, 13, True)
     , (21053, 11, True)
     , (21053, 14, True);

INSERT INTO `ace_object_palette_change` (`aceObjectId`, `subPaletteId`, `offset`, `length`)
VALUES (21053, 67111918, 0, 0);

INSERT INTO `ace_object_texture_map_change` (`aceObjectId`, `index`, `oldId`, `newId`)
VALUES (21053, 0, 83890064, 83894153);

INSERT INTO `ace_object_animation_change` (`aceObjectId`, `index`, `animationId`)
VALUES (21053, 0, 16777882);

INSERT INTO ace_weenie_class (`weenieClassId`, `weenieClassDescription`)
VALUES (20993, 'materialsteel');

INSERT INTO `ace_object` (`aceObjectId`, `aceObjectDescriptionFlags`, `weenieClassId`, `weenieHeaderFlags`, `currentMotionState`, `physicsDescriptionFlag`)
VALUES (20993, 18, 20993, 3509091352, NULL, 137217);

INSERT INTO `ace_object_properties_string` (`aceObjectId`, `strPropertyId`, `propertyValue`)
VALUES (20993, 1, 'Salvage (39)');

INSERT INTO `ace_object_properties_did` (`aceObjectId`, `didPropertyId`, `propertyValue`)
VALUES (20993, 8, 100673219)
     , (20993, 50, 100673237)
     , (20993, 1, 33554817)
     , (20993, 3, 536870932)
     , (20993, 22, 872415275)
     , (20993, 6, 67111919);

INSERT INTO `ace_object_properties_int` (`aceObjectId`, `intPropertyId`, `propertyValue`)
VALUES (20993, 53, 101)
     , (20993, 1, 1073741824)
     , (20993, 5, 100)
     , (20993, 151, 9)
     , (20993, 131, 64)
     , (20993, 11, 1)
     , (20993, 91, 100)
     , (20993, 12, 1)
     , (20993, 92, 39)
     , (20993, 94, 6)
     , (20993, 16, 524296)
     , (20993, 19, 8406)
     , (20993, 93, 1044);

INSERT INTO `ace_object_properties_bool` (`aceObjectId`, `boolPropertyId`, `propertyValue`)
VALUES (20993, 13, True)
     , (20993, 11, True)
     , (20993, 14, True);

INSERT INTO `ace_object_palette_change` (`aceObjectId`, `subPaletteId`, `offset`, `length`)
VALUES (20993, 67111923, 0, 0);

INSERT INTO `ace_object_texture_map_change` (`aceObjectId`, `index`, `oldId`, `newId`)
VALUES (20993, 0, 83890064, 83894153);

INSERT INTO `ace_object_animation_change` (`aceObjectId`, `index`, `animationId`)
VALUES (20993, 0, 16777882);

INSERT INTO ace_weenie_class (`weenieClassId`, `weenieClassDescription`)
VALUES (29573, 'materialblackopal100');

INSERT INTO `ace_object` (`aceObjectId`, `aceObjectDescriptionFlags`, `weenieClassId`, `weenieHeaderFlags`, `currentMotionState`, `physicsDescriptionFlag`)
VALUES (29573, 18, 29573, 2435333144, NULL, 169985);

INSERT INTO `ace_object_properties_string` (`aceObjectId`, `strPropertyId`, `propertyValue`)
VALUES (29573, 1, 'Salvage');

INSERT INTO `ace_object_properties_did` (`aceObjectId`, `didPropertyId`, `propertyValue`)
VALUES (29573, 8, 100677153)
     , (29573, 1, 33554817)
     , (29573, 3, 536870932)
     , (29573, 22, 872415275)
     , (29573, 6, 67111919);

INSERT INTO `ace_object_properties_int` (`aceObjectId`, `intPropertyId`, `propertyValue`)
VALUES (29573, 53, 101)
     , (29573, 1, 1073741824)
     , (29573, 5, 100)
     , (29573, 151, 9)
     , (29573, 131, 16)
     , (29573, 11, 1)
     , (29573, 91, 100)
     , (29573, 12, 1)
     , (29573, 92, 100)
     , (29573, 94, 33025)
     , (29573, 16, 524296)
     , (29573, 19, 10)
     , (29573, 93, 1044);

INSERT INTO `ace_object_properties_bool` (`aceObjectId`, `boolPropertyId`, `propertyValue`)
VALUES (29573, 13, True)
     , (29573, 11, True)
     , (29573, 14, True);

INSERT INTO `ace_object_palette_change` (`aceObjectId`, `subPaletteId`, `offset`, `length`)
VALUES (29573, 67111918, 0, 0);

INSERT INTO `ace_object_texture_map_change` (`aceObjectId`, `index`, `oldId`, `newId`)
VALUES (29573, 0, 83890064, 83894153);

INSERT INTO `ace_object_animation_change` (`aceObjectId`, `index`, `animationId`)
VALUES (29573, 0, 16777882);

INSERT INTO ace_weenie_class (`weenieClassId`, `weenieClassDescription`)
VALUES (29582, 'materialsunstone100');

INSERT INTO `ace_object` (`aceObjectId`, `aceObjectDescriptionFlags`, `weenieClassId`, `weenieHeaderFlags`, `currentMotionState`, `physicsDescriptionFlag`)
VALUES (29582, 18, 29582, 2435333144, NULL, 169985);

INSERT INTO `ace_object_properties_string` (`aceObjectId`, `strPropertyId`, `propertyValue`)
VALUES (29582, 1, 'Salvage');

INSERT INTO `ace_object_properties_did` (`aceObjectId`, `didPropertyId`, `propertyValue`)
VALUES (29582, 8, 100677144)
     , (29582, 1, 33554817)
     , (29582, 3, 536870932)
     , (29582, 22, 872415275)
     , (29582, 6, 67111919);

INSERT INTO `ace_object_properties_int` (`aceObjectId`, `intPropertyId`, `propertyValue`)
VALUES (29582, 53, 101)
     , (29582, 1, 1073741824)
     , (29582, 5, 100)
     , (29582, 151, 9)
     , (29582, 131, 41)
     , (29582, 11, 1)
     , (29582, 91, 100)
     , (29582, 12, 1)
     , (29582, 92, 100)
     , (29582, 94, 257)
     , (29582, 16, 524296)
     , (29582, 19, 10)
     , (29582, 93, 1044);

INSERT INTO `ace_object_properties_bool` (`aceObjectId`, `boolPropertyId`, `propertyValue`)
VALUES (29582, 13, True)
     , (29582, 11, True)
     , (29582, 14, True);

INSERT INTO `ace_object_palette_change` (`aceObjectId`, `subPaletteId`, `offset`, `length`)
VALUES (29582, 67111918, 0, 0);

INSERT INTO `ace_object_texture_map_change` (`aceObjectId`, `index`, `oldId`, `newId`)
VALUES (29582, 0, 83890064, 83894153);

INSERT INTO `ace_object_animation_change` (`aceObjectId`, `index`, `animationId`)
VALUES (29582, 0, 16777882);

INSERT INTO ace_weenie_class (`weenieClassId`, `weenieClassDescription`)
VALUES (36574, 'ace36574-salvage');

INSERT INTO `ace_object` (`aceObjectId`, `aceObjectDescriptionFlags`, `weenieClassId`, `weenieHeaderFlags`, `currentMotionState`, `physicsDescriptionFlag`)
VALUES (36574, 18, 36574, 2435349528, NULL, 137217);

INSERT INTO `ace_object_properties_string` (`aceObjectId`, `strPropertyId`, `propertyValue`)
VALUES (36574, 1, 'Salvage');

INSERT INTO `ace_object_properties_did` (`aceObjectId`, `didPropertyId`, `propertyValue`)
VALUES (36574, 8, 100689666)
     , (36574, 1, 33554817)
     , (36574, 3, 536870932)
     , (36574, 22, 872415275)
     , (36574, 6, 67111919);

INSERT INTO `ace_object_properties_int` (`aceObjectId`, `intPropertyId`, `propertyValue`)
VALUES (36574, 53, 101)
     , (36574, 1, 1073741824)
     , (36574, 5, 100)
     , (36574, 151, 9)
     , (36574, 131, 33)
     , (36574, 11, 1)
     , (36574, 91, 100)
     , (36574, 12, 1)
     , (36574, 92, 100)
     , (36574, 94, 32768)
     , (36574, 16, 524296)
     , (36574, 19, 10)
     , (36574, 93, 1044);

INSERT INTO `ace_object_properties_bool` (`aceObjectId`, `boolPropertyId`, `propertyValue`)
VALUES (36574, 13, True)
     , (36574, 11, True)
     , (36574, 14, True);

INSERT INTO `ace_object_palette_change` (`aceObjectId`, `subPaletteId`, `offset`, `length`)
VALUES (36574, 67111918, 0, 0);

INSERT INTO `ace_object_texture_map_change` (`aceObjectId`, `index`, `oldId`, `newId`)
VALUES (36574, 0, 83890064, 83894153);

INSERT INTO `ace_object_animation_change` (`aceObjectId`, `index`, `animationId`)
VALUES (36574, 0, 16777882);

INSERT INTO ace_weenie_class (`weenieClassId`, `weenieClassDescription`)
VALUES (21065, 'materialopal');

INSERT INTO `ace_object` (`aceObjectId`, `aceObjectDescriptionFlags`, `weenieClassId`, `weenieHeaderFlags`, `currentMotionState`, `physicsDescriptionFlag`)
VALUES (21065, 18, 21065, 3509074968, NULL, 169985);

INSERT INTO `ace_object_properties_string` (`aceObjectId`, `strPropertyId`, `propertyValue`)
VALUES (21065, 1, 'Salvaged  (100)');

INSERT INTO `ace_object_properties_did` (`aceObjectId`, `didPropertyId`, `propertyValue`)
VALUES (21065, 8, 100673214)
     , (21065, 50, 100673288)
     , (21065, 1, 33554817)
     , (21065, 3, 536870932)
     , (21065, 22, 872415275)
     , (21065, 6, 67111919);

INSERT INTO `ace_object_properties_int` (`aceObjectId`, `intPropertyId`, `propertyValue`)
VALUES (21065, 53, 101)
     , (21065, 1, 1073741824)
     , (21065, 5, 100)
     , (21065, 151, 9)
     , (21065, 131, 33)
     , (21065, 11, 1)
     , (21065, 91, 100)
     , (21065, 12, 1)
     , (21065, 92, 100)
     , (21065, 94, 32768)
     , (21065, 16, 524296)
     , (21065, 19, 11296)
     , (21065, 93, 1044);

INSERT INTO `ace_object_properties_bool` (`aceObjectId`, `boolPropertyId`, `propertyValue`)
VALUES (21065, 13, True)
     , (21065, 11, True)
     , (21065, 14, True);

INSERT INTO `ace_object_palette_change` (`aceObjectId`, `subPaletteId`, `offset`, `length`)
VALUES (21065, 67111918, 0, 0);

INSERT INTO `ace_object_texture_map_change` (`aceObjectId`, `index`, `oldId`, `newId`)
VALUES (21065, 0, 83890064, 83894153);

INSERT INTO `ace_object_animation_change` (`aceObjectId`, `index`, `animationId`)
VALUES (21065, 0, 16777882);

INSERT INTO ace_weenie_class (`weenieClassId`, `weenieClassDescription`)
VALUES (21042, 'materialbrass');

INSERT INTO `ace_object` (`aceObjectId`, `aceObjectDescriptionFlags`, `weenieClassId`, `weenieHeaderFlags`, `currentMotionState`, `physicsDescriptionFlag`)
VALUES (21042, 18, 21042, 3509091352, NULL, 137217);

INSERT INTO `ace_object_properties_string` (`aceObjectId`, `strPropertyId`, `propertyValue`)
VALUES (21042, 1, 'Salvage (100)');

INSERT INTO `ace_object_properties_did` (`aceObjectId`, `didPropertyId`, `propertyValue`)
VALUES (21042, 8, 100673220)
     , (21042, 50, 100673225)
     , (21042, 1, 33554817)
     , (21042, 3, 536870932)
     , (21042, 22, 872415275)
     , (21042, 6, 67111919);

INSERT INTO `ace_object_properties_int` (`aceObjectId`, `intPropertyId`, `propertyValue`)
VALUES (21042, 53, 101)
     , (21042, 1, 1073741824)
     , (21042, 5, 100)
     , (21042, 151, 9)
     , (21042, 131, 57)
     , (21042, 11, 1)
     , (21042, 91, 100)
     , (21042, 12, 1)
     , (21042, 92, 100)
     , (21042, 94, 33025)
     , (21042, 16, 524296)
     , (21042, 19, 30318)
     , (21042, 93, 1044);

INSERT INTO `ace_object_properties_bool` (`aceObjectId`, `boolPropertyId`, `propertyValue`)
VALUES (21042, 13, True)
     , (21042, 11, True)
     , (21042, 14, True);

INSERT INTO `ace_object_palette_change` (`aceObjectId`, `subPaletteId`, `offset`, `length`)
VALUES (21042, 67111920, 0, 0);

INSERT INTO `ace_object_texture_map_change` (`aceObjectId`, `index`, `oldId`, `newId`)
VALUES (21042, 0, 83890064, 83894153);

INSERT INTO `ace_object_animation_change` (`aceObjectId`, `index`, `animationId`)
VALUES (21042, 0, 16777882);

INSERT INTO ace_weenie_class (`weenieClassId`, `weenieClassDescription`)
VALUES (33621, 'ace33621-salvage');

INSERT INTO `ace_object` (`aceObjectId`, `aceObjectDescriptionFlags`, `weenieClassId`, `weenieHeaderFlags`, `currentMotionState`, `physicsDescriptionFlag`)
VALUES (33621, 18, 33621, 2435349528, NULL, 137217);

INSERT INTO `ace_object_properties_string` (`aceObjectId`, `strPropertyId`, `propertyValue`)
VALUES (33621, 1, 'Salvage');

INSERT INTO `ace_object_properties_did` (`aceObjectId`, `didPropertyId`, `propertyValue`)
VALUES (33621, 8, 100677145)
     , (33621, 1, 33554817)
     , (33621, 3, 536870932)
     , (33621, 22, 872415275)
     , (33621, 6, 67111919);

INSERT INTO `ace_object_properties_int` (`aceObjectId`, `intPropertyId`, `propertyValue`)
VALUES (33621, 53, 101)
     , (33621, 1, 1073741824)
     , (33621, 5, 100)
     , (33621, 151, 9)
     , (33621, 131, 64)
     , (33621, 11, 1)
     , (33621, 91, 100)
     , (33621, 12, 1)
     , (33621, 92, 100)
     , (33621, 94, 6)
     , (33621, 16, 524296)
     , (33621, 19, 10)
     , (33621, 93, 1044);

INSERT INTO `ace_object_properties_bool` (`aceObjectId`, `boolPropertyId`, `propertyValue`)
VALUES (33621, 13, True)
     , (33621, 11, True)
     , (33621, 14, True);

INSERT INTO `ace_object_palette_change` (`aceObjectId`, `subPaletteId`, `offset`, `length`)
VALUES (33621, 67111923, 0, 0);

INSERT INTO `ace_object_texture_map_change` (`aceObjectId`, `index`, `oldId`, `newId`)
VALUES (33621, 0, 83890064, 83894153);

INSERT INTO `ace_object_animation_change` (`aceObjectId`, `index`, `animationId`)
VALUES (33621, 0, 16777882);

INSERT INTO ace_weenie_class (`weenieClassId`, `weenieClassDescription`)
VALUES (20986, 'materialiron');

INSERT INTO `ace_object` (`aceObjectId`, `aceObjectDescriptionFlags`, `weenieClassId`, `weenieHeaderFlags`, `currentMotionState`, `physicsDescriptionFlag`)
VALUES (20986, 18, 20986, 3509091352, NULL, 137217);

INSERT INTO `ace_object_properties_string` (`aceObjectId`, `strPropertyId`, `propertyValue`)
VALUES (20986, 1, 'Salvaged  (100)');

INSERT INTO `ace_object_properties_did` (`aceObjectId`, `didPropertyId`, `propertyValue`)
VALUES (20986, 8, 100673220)
     , (20986, 50, 100673230)
     , (20986, 1, 33554817)
     , (20986, 3, 536870932)
     , (20986, 22, 872415275)
     , (20986, 6, 67111919);

INSERT INTO `ace_object_properties_int` (`aceObjectId`, `intPropertyId`, `propertyValue`)
VALUES (20986, 53, 101)
     , (20986, 1, 1073741824)
     , (20986, 5, 100)
     , (20986, 151, 9)
     , (20986, 131, 61)
     , (20986, 11, 1)
     , (20986, 91, 100)
     , (20986, 12, 1)
     , (20986, 92, 100)
     , (20986, 94, 257)
     , (20986, 16, 524296)
     , (20986, 19, 32725)
     , (20986, 93, 1044);

INSERT INTO `ace_object_properties_bool` (`aceObjectId`, `boolPropertyId`, `propertyValue`)
VALUES (20986, 13, True)
     , (20986, 11, True)
     , (20986, 14, True);

INSERT INTO `ace_object_palette_change` (`aceObjectId`, `subPaletteId`, `offset`, `length`)
VALUES (20986, 67111920, 0, 0);

INSERT INTO `ace_object_texture_map_change` (`aceObjectId`, `index`, `oldId`, `newId`)
VALUES (20986, 0, 83890064, 83894153);

INSERT INTO `ace_object_animation_change` (`aceObjectId`, `index`, `animationId`)
VALUES (20986, 0, 16777882);

INSERT INTO ace_weenie_class (`weenieClassId`, `weenieClassDescription`)
VALUES (21037, 'materialaquamarine');

INSERT INTO `ace_object` (`aceObjectId`, `aceObjectDescriptionFlags`, `weenieClassId`, `weenieHeaderFlags`, `currentMotionState`, `physicsDescriptionFlag`)
VALUES (21037, 18, 21037, 3509074968, NULL, 169985);

INSERT INTO `ace_object_properties_string` (`aceObjectId`, `strPropertyId`, `propertyValue`)
VALUES (21037, 1, 'Salvage (97)');

INSERT INTO `ace_object_properties_did` (`aceObjectId`, `didPropertyId`, `propertyValue`)
VALUES (21037, 8, 100673220)
     , (21037, 50, 100673262)
     , (21037, 1, 33554817)
     , (21037, 3, 536870932)
     , (21037, 22, 872415275)
     , (21037, 6, 67111919);

INSERT INTO `ace_object_properties_int` (`aceObjectId`, `intPropertyId`, `propertyValue`)
VALUES (21037, 53, 101)
     , (21037, 1, 1073741824)
     , (21037, 5, 100)
     , (21037, 151, 9)
     , (21037, 131, 13)
     , (21037, 11, 1)
     , (21037, 91, 100)
     , (21037, 12, 1)
     , (21037, 92, 97)
     , (21037, 94, 33025)
     , (21037, 16, 524296)
     , (21037, 19, 16947)
     , (21037, 93, 1044);

INSERT INTO `ace_object_properties_bool` (`aceObjectId`, `boolPropertyId`, `propertyValue`)
VALUES (21037, 13, True)
     , (21037, 11, True)
     , (21037, 14, True);

INSERT INTO `ace_object_palette_change` (`aceObjectId`, `subPaletteId`, `offset`, `length`)
VALUES (21037, 67111920, 0, 0);

INSERT INTO `ace_object_texture_map_change` (`aceObjectId`, `index`, `oldId`, `newId`)
VALUES (21037, 0, 83890064, 83894153);

INSERT INTO `ace_object_animation_change` (`aceObjectId`, `index`, `animationId`)
VALUES (21037, 0, 16777882);

INSERT INTO ace_weenie_class (`weenieClassId`, `weenieClassDescription`)
VALUES (20988, 'materialmahogany');

INSERT INTO `ace_object` (`aceObjectId`, `aceObjectDescriptionFlags`, `weenieClassId`, `weenieHeaderFlags`, `currentMotionState`, `physicsDescriptionFlag`)
VALUES (20988, 18, 20988, 3509074968, NULL, 169985);

INSERT INTO `ace_object_properties_string` (`aceObjectId`, `strPropertyId`, `propertyValue`)
VALUES (20988, 1, 'Salvage (81)');

INSERT INTO `ace_object_properties_did` (`aceObjectId`, `didPropertyId`, `propertyValue`)
VALUES (20988, 8, 100673220)
     , (20988, 50, 100673232)
     , (20988, 1, 33554817)
     , (20988, 3, 536870932)
     , (20988, 22, 872415275)
     , (20988, 6, 67111919);

INSERT INTO `ace_object_properties_int` (`aceObjectId`, `intPropertyId`, `propertyValue`)
VALUES (20988, 53, 101)
     , (20988, 1, 1073741824)
     , (20988, 5, 100)
     , (20988, 151, 9)
     , (20988, 131, 74)
     , (20988, 11, 1)
     , (20988, 91, 100)
     , (20988, 12, 1)
     , (20988, 92, 81)
     , (20988, 94, 256)
     , (20988, 16, 524296)
     , (20988, 19, 7031)
     , (20988, 93, 1044);

INSERT INTO `ace_object_properties_bool` (`aceObjectId`, `boolPropertyId`, `propertyValue`)
VALUES (20988, 13, True)
     , (20988, 11, True)
     , (20988, 14, True);

INSERT INTO `ace_object_palette_change` (`aceObjectId`, `subPaletteId`, `offset`, `length`)
VALUES (20988, 67111920, 0, 0);

INSERT INTO `ace_object_texture_map_change` (`aceObjectId`, `index`, `oldId`, `newId`)
VALUES (20988, 0, 83890064, 83894153);

INSERT INTO `ace_object_animation_change` (`aceObjectId`, `index`, `animationId`)
VALUES (20988, 0, 16777882);

INSERT INTO ace_weenie_class (`weenieClassId`, `weenieClassDescription`)
VALUES (21056, 'materialjet');

INSERT INTO `ace_object` (`aceObjectId`, `aceObjectDescriptionFlags`, `weenieClassId`, `weenieHeaderFlags`, `currentMotionState`, `physicsDescriptionFlag`)
VALUES (21056, 18, 21056, 3509074968, NULL, 169985);

INSERT INTO `ace_object_properties_string` (`aceObjectId`, `strPropertyId`, `propertyValue`)
VALUES (21056, 1, 'Salvage (95)');

INSERT INTO `ace_object_properties_did` (`aceObjectId`, `didPropertyId`, `propertyValue`)
VALUES (21056, 8, 100673220)
     , (21056, 50, 100673280)
     , (21056, 1, 33554817)
     , (21056, 3, 536870932)
     , (21056, 22, 872415275)
     , (21056, 6, 67111919);

INSERT INTO `ace_object_properties_int` (`aceObjectId`, `intPropertyId`, `propertyValue`)
VALUES (21056, 53, 101)
     , (21056, 1, 1073741824)
     , (21056, 5, 100)
     , (21056, 151, 9)
     , (21056, 131, 27)
     , (21056, 11, 1)
     , (21056, 91, 100)
     , (21056, 12, 1)
     , (21056, 92, 95)
     , (21056, 94, 33025)
     , (21056, 16, 524296)
     , (21056, 19, 7078)
     , (21056, 93, 1044);

INSERT INTO `ace_object_properties_bool` (`aceObjectId`, `boolPropertyId`, `propertyValue`)
VALUES (21056, 13, True)
     , (21056, 11, True)
     , (21056, 14, True);

INSERT INTO `ace_object_palette_change` (`aceObjectId`, `subPaletteId`, `offset`, `length`)
VALUES (21056, 67111920, 0, 0);

INSERT INTO `ace_object_texture_map_change` (`aceObjectId`, `index`, `oldId`, `newId`)
VALUES (21056, 0, 83890064, 83894153);

INSERT INTO `ace_object_animation_change` (`aceObjectId`, `index`, `animationId`)
VALUES (21056, 0, 16777882);

INSERT INTO ace_weenie_class (`weenieClassId`, `weenieClassDescription`)
VALUES (21048, 'materialemerald');

INSERT INTO `ace_object` (`aceObjectId`, `aceObjectDescriptionFlags`, `weenieClassId`, `weenieHeaderFlags`, `currentMotionState`, `physicsDescriptionFlag`)
VALUES (21048, 18, 21048, 3509074968, NULL, 169985);

INSERT INTO `ace_object_properties_string` (`aceObjectId`, `strPropertyId`, `propertyValue`)
VALUES (21048, 1, 'Salvage (20)');

INSERT INTO `ace_object_properties_did` (`aceObjectId`, `didPropertyId`, `propertyValue`)
VALUES (21048, 8, 100673220)
     , (21048, 50, 100673272)
     , (21048, 1, 33554817)
     , (21048, 3, 536870932)
     , (21048, 22, 872415275)
     , (21048, 6, 67111919);

INSERT INTO `ace_object_properties_int` (`aceObjectId`, `intPropertyId`, `propertyValue`)
VALUES (21048, 53, 101)
     , (21048, 1, 1073741824)
     , (21048, 5, 100)
     , (21048, 151, 9)
     , (21048, 131, 21)
     , (21048, 11, 1)
     , (21048, 91, 100)
     , (21048, 12, 1)
     , (21048, 92, 20)
     , (21048, 94, 33025)
     , (21048, 16, 524296)
     , (21048, 19, 4935)
     , (21048, 93, 1044);

INSERT INTO `ace_object_properties_bool` (`aceObjectId`, `boolPropertyId`, `propertyValue`)
VALUES (21048, 13, True)
     , (21048, 11, True)
     , (21048, 14, True);

INSERT INTO `ace_object_palette_change` (`aceObjectId`, `subPaletteId`, `offset`, `length`)
VALUES (21048, 67111920, 0, 0);

INSERT INTO `ace_object_texture_map_change` (`aceObjectId`, `index`, `oldId`, `newId`)
VALUES (21048, 0, 83890064, 83894153);

INSERT INTO `ace_object_animation_change` (`aceObjectId`, `index`, `animationId`)
VALUES (21048, 0, 16777882);

INSERT INTO ace_weenie_class (`weenieClassId`, `weenieClassDescription`)
VALUES (21050, 'materialgreengarnet');

INSERT INTO `ace_object` (`aceObjectId`, `aceObjectDescriptionFlags`, `weenieClassId`, `weenieHeaderFlags`, `currentMotionState`, `physicsDescriptionFlag`)
VALUES (21050, 18, 21050, 3509074968, NULL, 169985);

INSERT INTO `ace_object_properties_string` (`aceObjectId`, `strPropertyId`, `propertyValue`)
VALUES (21050, 1, 'Salvage (14)');

INSERT INTO `ace_object_properties_did` (`aceObjectId`, `didPropertyId`, `propertyValue`)
VALUES (21050, 8, 100673214)
     , (21050, 50, 100673274)
     , (21050, 1, 33554817)
     , (21050, 3, 536870932)
     , (21050, 22, 872415275)
     , (21050, 6, 67111919);

INSERT INTO `ace_object_properties_int` (`aceObjectId`, `intPropertyId`, `propertyValue`)
VALUES (21050, 53, 101)
     , (21050, 1, 1073741824)
     , (21050, 5, 100)
     , (21050, 151, 9)
     , (21050, 131, 23)
     , (21050, 11, 1)
     , (21050, 91, 100)
     , (21050, 12, 1)
     , (21050, 92, 14)
     , (21050, 94, 32768)
     , (21050, 16, 524296)
     , (21050, 19, 4114)
     , (21050, 93, 1044);

INSERT INTO `ace_object_properties_bool` (`aceObjectId`, `boolPropertyId`, `propertyValue`)
VALUES (21050, 13, True)
     , (21050, 11, True)
     , (21050, 14, True);

INSERT INTO `ace_object_palette_change` (`aceObjectId`, `subPaletteId`, `offset`, `length`)
VALUES (21050, 67111918, 0, 0);

INSERT INTO `ace_object_texture_map_change` (`aceObjectId`, `index`, `oldId`, `newId`)
VALUES (21050, 0, 83890064, 83894153);

INSERT INTO `ace_object_animation_change` (`aceObjectId`, `index`, `animationId`)
VALUES (21050, 0, 16777882);

INSERT INTO ace_weenie_class (`weenieClassId`, `weenieClassDescription`)
VALUES (21046, 'materialdiamond');

INSERT INTO `ace_object` (`aceObjectId`, `aceObjectDescriptionFlags`, `weenieClassId`, `weenieHeaderFlags`, `currentMotionState`, `physicsDescriptionFlag`)
VALUES (21046, 18, 21046, 3509074968, NULL, 169985);

INSERT INTO `ace_object_properties_string` (`aceObjectId`, `strPropertyId`, `propertyValue`)
VALUES (21046, 1, 'Salvage (87)');

INSERT INTO `ace_object_properties_did` (`aceObjectId`, `didPropertyId`, `propertyValue`)
VALUES (21046, 8, 100673222)
     , (21046, 50, 100673270)
     , (21046, 1, 33554817)
     , (21046, 3, 536870932)
     , (21046, 22, 872415275)
     , (21046, 6, 67111919);

INSERT INTO `ace_object_properties_int` (`aceObjectId`, `intPropertyId`, `propertyValue`)
VALUES (21046, 53, 101)
     , (21046, 1, 1073741824)
     , (21046, 5, 100)
     , (21046, 151, 9)
     , (21046, 131, 20)
     , (21046, 11, 1)
     , (21046, 91, 100)
     , (21046, 12, 1)
     , (21046, 92, 87)
     , (21046, 94, 1140850688)
     , (21046, 16, 524296)
     , (21046, 19, 55020)
     , (21046, 93, 1044);

INSERT INTO `ace_object_properties_bool` (`aceObjectId`, `boolPropertyId`, `propertyValue`)
VALUES (21046, 13, True)
     , (21046, 11, True)
     , (21046, 14, True);

INSERT INTO `ace_object_palette_change` (`aceObjectId`, `subPaletteId`, `offset`, `length`)
VALUES (21046, 67111921, 0, 0);

INSERT INTO `ace_object_texture_map_change` (`aceObjectId`, `index`, `oldId`, `newId`)
VALUES (21046, 0, 83890064, 83894153);

INSERT INTO `ace_object_animation_change` (`aceObjectId`, `index`, `animationId`)
VALUES (21046, 0, 16777882);

INSERT INTO ace_weenie_class (`weenieClassId`, `weenieClassDescription`)
VALUES (21040, 'materialblackopal');

INSERT INTO `ace_object` (`aceObjectId`, `aceObjectDescriptionFlags`, `weenieClassId`, `weenieHeaderFlags`, `currentMotionState`, `physicsDescriptionFlag`)
VALUES (21040, 18, 21040, 3509074968, NULL, 169985);

INSERT INTO `ace_object_properties_string` (`aceObjectId`, `strPropertyId`, `propertyValue`)
VALUES (21040, 1, 'Salvage (82)');

INSERT INTO `ace_object_properties_did` (`aceObjectId`, `didPropertyId`, `propertyValue`)
VALUES (21040, 8, 100673214)
     , (21040, 50, 100673265)
     , (21040, 1, 33554817)
     , (21040, 3, 536870932)
     , (21040, 22, 872415275)
     , (21040, 6, 67111919);

INSERT INTO `ace_object_properties_int` (`aceObjectId`, `intPropertyId`, `propertyValue`)
VALUES (21040, 53, 101)
     , (21040, 1, 1073741824)
     , (21040, 5, 100)
     , (21040, 151, 9)
     , (21040, 131, 16)
     , (21040, 11, 1)
     , (21040, 91, 100)
     , (21040, 12, 1)
     , (21040, 92, 82)
     , (21040, 94, 33025)
     , (21040, 16, 524296)
     , (21040, 19, 24051)
     , (21040, 93, 1044);

INSERT INTO `ace_object_properties_bool` (`aceObjectId`, `boolPropertyId`, `propertyValue`)
VALUES (21040, 13, True)
     , (21040, 11, True)
     , (21040, 14, True);

INSERT INTO `ace_object_palette_change` (`aceObjectId`, `subPaletteId`, `offset`, `length`)
VALUES (21040, 67111918, 0, 0);

INSERT INTO `ace_object_texture_map_change` (`aceObjectId`, `index`, `oldId`, `newId`)
VALUES (21040, 0, 83890064, 83894153);

INSERT INTO `ace_object_animation_change` (`aceObjectId`, `index`, `animationId`)
VALUES (21040, 0, 16777882);

INSERT INTO ace_weenie_class (`weenieClassId`, `weenieClassDescription`)
VALUES (21068, 'materialpyreal');

INSERT INTO `ace_object` (`aceObjectId`, `aceObjectDescriptionFlags`, `weenieClassId`, `weenieHeaderFlags`, `currentMotionState`, `physicsDescriptionFlag`)
VALUES (21068, 18, 21068, 3509074968, NULL, 169985);

INSERT INTO `ace_object_properties_string` (`aceObjectId`, `strPropertyId`, `propertyValue`)
VALUES (21068, 1, 'Salvage (100)');

INSERT INTO `ace_object_properties_did` (`aceObjectId`, `didPropertyId`, `propertyValue`)
VALUES (21068, 8, 100673222)
     , (21068, 50, 100673291)
     , (21068, 1, 33554817)
     , (21068, 3, 536870932)
     , (21068, 22, 872415275)
     , (21068, 6, 67111919);

INSERT INTO `ace_object_properties_int` (`aceObjectId`, `intPropertyId`, `propertyValue`)
VALUES (21068, 53, 101)
     , (21068, 1, 1073741824)
     , (21068, 5, 100)
     , (21068, 151, 9)
     , (21068, 131, 62)
     , (21068, 11, 1)
     , (21068, 91, 100)
     , (21068, 12, 1)
     , (21068, 92, 100)
     , (21068, 94, 1140850688)
     , (21068, 16, 524296)
     , (21068, 19, 75000)
     , (21068, 93, 1044);

INSERT INTO `ace_object_properties_bool` (`aceObjectId`, `boolPropertyId`, `propertyValue`)
VALUES (21068, 13, True)
     , (21068, 11, True)
     , (21068, 14, True);

INSERT INTO `ace_object_palette_change` (`aceObjectId`, `subPaletteId`, `offset`, `length`)
VALUES (21068, 67111921, 0, 0);

INSERT INTO `ace_object_texture_map_change` (`aceObjectId`, `index`, `oldId`, `newId`)
VALUES (21068, 0, 83890064, 83894153);

INSERT INTO `ace_object_animation_change` (`aceObjectId`, `index`, `animationId`)
VALUES (21068, 0, 16777882);

INSERT INTO ace_weenie_class (`weenieClassId`, `weenieClassDescription`)
VALUES (21054, 'materialimperialtopaz');

INSERT INTO `ace_object` (`aceObjectId`, `aceObjectDescriptionFlags`, `weenieClassId`, `weenieHeaderFlags`, `currentMotionState`, `physicsDescriptionFlag`)
VALUES (21054, 18, 21054, 3509074968, NULL, 169985);

INSERT INTO `ace_object_properties_string` (`aceObjectId`, `strPropertyId`, `propertyValue`)
VALUES (21054, 1, 'Salvage (100)');

INSERT INTO `ace_object_properties_did` (`aceObjectId`, `didPropertyId`, `propertyValue`)
VALUES (21054, 8, 100673220)
     , (21054, 50, 100673278)
     , (21054, 1, 33554817)
     , (21054, 3, 536870932)
     , (21054, 22, 872415275)
     , (21054, 6, 67111919);

INSERT INTO `ace_object_properties_int` (`aceObjectId`, `intPropertyId`, `propertyValue`)
VALUES (21054, 53, 101)
     , (21054, 1, 1073741824)
     , (21054, 5, 100)
     , (21054, 151, 9)
     , (21054, 131, 26)
     , (21054, 11, 1)
     , (21054, 91, 100)
     , (21054, 12, 1)
     , (21054, 92, 100)
     , (21054, 94, 33025)
     , (21054, 16, 524296)
     , (21054, 19, 26302)
     , (21054, 93, 1044);

INSERT INTO `ace_object_properties_bool` (`aceObjectId`, `boolPropertyId`, `propertyValue`)
VALUES (21054, 13, True)
     , (21054, 11, True)
     , (21054, 14, True);

INSERT INTO `ace_object_palette_change` (`aceObjectId`, `subPaletteId`, `offset`, `length`)
VALUES (21054, 67111920, 0, 0);

INSERT INTO `ace_object_texture_map_change` (`aceObjectId`, `index`, `oldId`, `newId`)
VALUES (21054, 0, 83890064, 83894153);

INSERT INTO `ace_object_animation_change` (`aceObjectId`, `index`, `animationId`)
VALUES (21054, 0, 16777882);

INSERT INTO ace_weenie_class (`weenieClassId`, `weenieClassDescription`)
VALUES (21039, 'materialblackgarnet');

INSERT INTO `ace_object` (`aceObjectId`, `aceObjectDescriptionFlags`, `weenieClassId`, `weenieHeaderFlags`, `currentMotionState`, `physicsDescriptionFlag`)
VALUES (21039, 18, 21039, 3509074968, NULL, 169985);

INSERT INTO `ace_object_properties_string` (`aceObjectId`, `strPropertyId`, `propertyValue`)
VALUES (21039, 1, 'Salvage (31)');

INSERT INTO `ace_object_properties_did` (`aceObjectId`, `didPropertyId`, `propertyValue`)
VALUES (21039, 8, 100673220)
     , (21039, 50, 100673264)
     , (21039, 1, 33554817)
     , (21039, 3, 536870932)
     , (21039, 22, 872415275)
     , (21039, 6, 67111919);

INSERT INTO `ace_object_properties_int` (`aceObjectId`, `intPropertyId`, `propertyValue`)
VALUES (21039, 53, 101)
     , (21039, 1, 1073741824)
     , (21039, 5, 100)
     , (21039, 151, 9)
     , (21039, 131, 15)
     , (21039, 11, 1)
     , (21039, 91, 100)
     , (21039, 12, 1)
     , (21039, 92, 31)
     , (21039, 94, 33025)
     , (21039, 16, 524296)
     , (21039, 19, 2718)
     , (21039, 93, 1044);

INSERT INTO `ace_object_properties_bool` (`aceObjectId`, `boolPropertyId`, `propertyValue`)
VALUES (21039, 13, True)
     , (21039, 11, True)
     , (21039, 14, True);

INSERT INTO `ace_object_palette_change` (`aceObjectId`, `subPaletteId`, `offset`, `length`)
VALUES (21039, 67111920, 0, 0);

INSERT INTO `ace_object_texture_map_change` (`aceObjectId`, `index`, `oldId`, `newId`)
VALUES (21039, 0, 83890064, 83894153);

INSERT INTO `ace_object_animation_change` (`aceObjectId`, `index`, `animationId`)
VALUES (21039, 0, 16777882);

INSERT INTO ace_weenie_class (`weenieClassId`, `weenieClassDescription`)
VALUES (21069, 'materialredgarnet');

INSERT INTO `ace_object` (`aceObjectId`, `aceObjectDescriptionFlags`, `weenieClassId`, `weenieHeaderFlags`, `currentMotionState`, `physicsDescriptionFlag`)
VALUES (21069, 18, 21069, 3509074968, NULL, 169985);

INSERT INTO `ace_object_properties_string` (`aceObjectId`, `strPropertyId`, `propertyValue`)
VALUES (21069, 1, 'Salvage (82)');

INSERT INTO `ace_object_properties_did` (`aceObjectId`, `didPropertyId`, `propertyValue`)
VALUES (21069, 8, 100673220)
     , (21069, 50, 100673292)
     , (21069, 1, 33554817)
     , (21069, 3, 536870932)
     , (21069, 22, 872415275)
     , (21069, 6, 67111919);

INSERT INTO `ace_object_properties_int` (`aceObjectId`, `intPropertyId`, `propertyValue`)
VALUES (21069, 53, 101)
     , (21069, 1, 1073741824)
     , (21069, 5, 100)
     , (21069, 151, 9)
     , (21069, 131, 35)
     , (21069, 11, 1)
     , (21069, 91, 100)
     , (21069, 12, 1)
     , (21069, 92, 82)
     , (21069, 94, 33025)
     , (21069, 16, 524296)
     , (21069, 19, 16366)
     , (21069, 93, 1044);

INSERT INTO `ace_object_properties_bool` (`aceObjectId`, `boolPropertyId`, `propertyValue`)
VALUES (21069, 13, True)
     , (21069, 11, True)
     , (21069, 14, True);

INSERT INTO `ace_object_palette_change` (`aceObjectId`, `subPaletteId`, `offset`, `length`)
VALUES (21069, 67111920, 0, 0);

INSERT INTO `ace_object_texture_map_change` (`aceObjectId`, `index`, `oldId`, `newId`)
VALUES (21069, 0, 83890064, 83894153);

INSERT INTO `ace_object_animation_change` (`aceObjectId`, `index`, `animationId`)
VALUES (21069, 0, 16777882);

INSERT INTO ace_weenie_class (`weenieClassId`, `weenieClassDescription`)
VALUES (21086, 'materialwhitesapphire');

INSERT INTO `ace_object` (`aceObjectId`, `aceObjectDescriptionFlags`, `weenieClassId`, `weenieHeaderFlags`, `currentMotionState`, `physicsDescriptionFlag`)
VALUES (21086, 18, 21086, 3509074968, NULL, 169985);

INSERT INTO `ace_object_properties_string` (`aceObjectId`, `strPropertyId`, `propertyValue`)
VALUES (21086, 1, 'Salvage (91)');

INSERT INTO `ace_object_properties_did` (`aceObjectId`, `didPropertyId`, `propertyValue`)
VALUES (21086, 8, 100673220)
     , (21086, 50, 100673310)
     , (21086, 1, 33554817)
     , (21086, 3, 536870932)
     , (21086, 22, 872415275)
     , (21086, 6, 67111919);

INSERT INTO `ace_object_properties_int` (`aceObjectId`, `intPropertyId`, `propertyValue`)
VALUES (21086, 53, 101)
     , (21086, 1, 1073741824)
     , (21086, 5, 100)
     , (21086, 151, 9)
     , (21086, 131, 47)
     , (21086, 11, 1)
     , (21086, 91, 100)
     , (21086, 12, 1)
     , (21086, 92, 91)
     , (21086, 94, 33025)
     , (21086, 16, 524296)
     , (21086, 19, 19436)
     , (21086, 93, 1044);

INSERT INTO `ace_object_properties_bool` (`aceObjectId`, `boolPropertyId`, `propertyValue`)
VALUES (21086, 13, True)
     , (21086, 11, True)
     , (21086, 14, True);

INSERT INTO `ace_object_palette_change` (`aceObjectId`, `subPaletteId`, `offset`, `length`)
VALUES (21086, 67111920, 0, 0);

INSERT INTO `ace_object_texture_map_change` (`aceObjectId`, `index`, `oldId`, `newId`)
VALUES (21086, 0, 83890064, 83894153);

INSERT INTO `ace_object_animation_change` (`aceObjectId`, `index`, `animationId`)
VALUES (21086, 0, 16777882);

INSERT INTO ace_weenie_class (`weenieClassId`, `weenieClassDescription`)
VALUES (21059, 'materialleather');

INSERT INTO `ace_object` (`aceObjectId`, `aceObjectDescriptionFlags`, `weenieClassId`, `weenieHeaderFlags`, `currentMotionState`, `physicsDescriptionFlag`)
VALUES (21059, 18, 21059, 3509074968, NULL, 169985);

INSERT INTO `ace_object_properties_string` (`aceObjectId`, `strPropertyId`, `propertyValue`)
VALUES (21059, 1, 'Salvage (64)');

INSERT INTO `ace_object_properties_did` (`aceObjectId`, `didPropertyId`, `propertyValue`)
VALUES (21059, 8, 100673215)
     , (21059, 50, 100673283)
     , (21059, 1, 33554817)
     , (21059, 3, 536870932)
     , (21059, 22, 872415275)
     , (21059, 6, 67111919);

INSERT INTO `ace_object_properties_int` (`aceObjectId`, `intPropertyId`, `propertyValue`)
VALUES (21059, 53, 101)
     , (21059, 1, 1073741824)
     , (21059, 5, 100)
     , (21059, 151, 9)
     , (21059, 131, 52)
     , (21059, 11, 1)
     , (21059, 91, 100)
     , (21059, 12, 1)
     , (21059, 92, 64)
     , (21059, 94, 35215)
     , (21059, 16, 524296)
     , (21059, 19, 42273)
     , (21059, 93, 1044);

INSERT INTO `ace_object_properties_bool` (`aceObjectId`, `boolPropertyId`, `propertyValue`)
VALUES (21059, 13, True)
     , (21059, 11, True)
     , (21059, 14, True);

INSERT INTO `ace_object_palette_change` (`aceObjectId`, `subPaletteId`, `offset`, `length`)
VALUES (21059, 67111926, 0, 0);

INSERT INTO `ace_object_texture_map_change` (`aceObjectId`, `index`, `oldId`, `newId`)
VALUES (21059, 0, 83890064, 83894153);

INSERT INTO `ace_object_animation_change` (`aceObjectId`, `index`, `animationId`)
VALUES (21059, 0, 16777882);

INSERT INTO ace_weenie_class (`weenieClassId`, `weenieClassDescription`)
VALUES (21055, 'materialivory');

INSERT INTO `ace_object` (`aceObjectId`, `aceObjectDescriptionFlags`, `weenieClassId`, `weenieHeaderFlags`, `currentMotionState`, `physicsDescriptionFlag`)
VALUES (21055, 18, 21055, 3509074968, NULL, 169985);

INSERT INTO `ace_object_properties_string` (`aceObjectId`, `strPropertyId`, `propertyValue`)
VALUES (21055, 1, 'Salvage (100)');

INSERT INTO `ace_object_properties_did` (`aceObjectId`, `didPropertyId`, `propertyValue`)
VALUES (21055, 8, 100673215)
     , (21055, 50, 100673279)
     , (21055, 1, 33554817)
     , (21055, 3, 536870932)
     , (21055, 22, 872415275)
     , (21055, 6, 67111919);

INSERT INTO `ace_object_properties_int` (`aceObjectId`, `intPropertyId`, `propertyValue`)
VALUES (21055, 53, 101)
     , (21055, 1, 1073741824)
     , (21055, 5, 100)
     , (21055, 151, 9)
     , (21055, 131, 51)
     , (21055, 11, 1)
     , (21055, 91, 100)
     , (21055, 12, 1)
     , (21055, 92, 100)
     , (21055, 94, 35215)
     , (21055, 16, 524296)
     , (21055, 19, 70023)
     , (21055, 93, 1044);

INSERT INTO `ace_object_properties_bool` (`aceObjectId`, `boolPropertyId`, `propertyValue`)
VALUES (21055, 13, True)
     , (21055, 11, True)
     , (21055, 14, True);

INSERT INTO `ace_object_palette_change` (`aceObjectId`, `subPaletteId`, `offset`, `length`)
VALUES (21055, 67111926, 0, 0);

INSERT INTO `ace_object_texture_map_change` (`aceObjectId`, `index`, `oldId`, `newId`)
VALUES (21055, 0, 83890064, 83894153);

INSERT INTO `ace_object_animation_change` (`aceObjectId`, `index`, `animationId`)
VALUES (21055, 0, 16777882);

INSERT INTO ace_weenie_class (`weenieClassId`, `weenieClassDescription`)
VALUES (36570, 'ace36570-salvage');

INSERT INTO `ace_object` (`aceObjectId`, `aceObjectDescriptionFlags`, `weenieClassId`, `weenieHeaderFlags`, `currentMotionState`, `physicsDescriptionFlag`)
VALUES (36570, 18, 36570, 2435349528, NULL, 137217);

INSERT INTO `ace_object_properties_string` (`aceObjectId`, `strPropertyId`, `propertyValue`)
VALUES (36570, 1, 'Salvage');

INSERT INTO `ace_object_properties_did` (`aceObjectId`, `didPropertyId`, `propertyValue`)
VALUES (36570, 8, 100689649)
     , (36570, 1, 33554817)
     , (36570, 3, 536870932)
     , (36570, 22, 872415275)
     , (36570, 6, 67111919);

INSERT INTO `ace_object_properties_int` (`aceObjectId`, `intPropertyId`, `propertyValue`)
VALUES (36570, 53, 101)
     , (36570, 1, 1073741824)
     , (36570, 5, 100)
     , (36570, 151, 9)
     , (36570, 131, 57)
     , (36570, 11, 1)
     , (36570, 91, 100)
     , (36570, 12, 1)
     , (36570, 92, 100)
     , (36570, 94, 33025)
     , (36570, 16, 524296)
     , (36570, 19, 10)
     , (36570, 93, 1044);

INSERT INTO `ace_object_properties_bool` (`aceObjectId`, `boolPropertyId`, `propertyValue`)
VALUES (36570, 13, True)
     , (36570, 11, True)
     , (36570, 14, True);

INSERT INTO `ace_object_palette_change` (`aceObjectId`, `subPaletteId`, `offset`, `length`)
VALUES (36570, 67111920, 0, 0);

INSERT INTO `ace_object_texture_map_change` (`aceObjectId`, `index`, `oldId`, `newId`)
VALUES (36570, 0, 83890064, 83894153);

INSERT INTO `ace_object_animation_change` (`aceObjectId`, `index`, `animationId`)
VALUES (36570, 0, 16777882);

INSERT INTO ace_weenie_class (`weenieClassId`, `weenieClassDescription`)
VALUES (21076, 'materialsilk');

INSERT INTO `ace_object` (`aceObjectId`, `aceObjectDescriptionFlags`, `weenieClassId`, `weenieHeaderFlags`, `currentMotionState`, `physicsDescriptionFlag`)
VALUES (21076, 18, 21076, 3509074968, NULL, 169985);

INSERT INTO `ace_object_properties_string` (`aceObjectId`, `strPropertyId`, `propertyValue`)
VALUES (21076, 1, 'Salvaged  (100)');

INSERT INTO `ace_object_properties_did` (`aceObjectId`, `didPropertyId`, `propertyValue`)
VALUES (21076, 8, 100673217)
     , (21076, 50, 100673300)
     , (21076, 1, 33554817)
     , (21076, 3, 536870932)
     , (21076, 22, 872415275)
     , (21076, 6, 67111919);

INSERT INTO `ace_object_properties_int` (`aceObjectId`, `intPropertyId`, `propertyValue`)
VALUES (21076, 53, 101)
     , (21076, 1, 1073741824)
     , (21076, 5, 100)
     , (21076, 151, 9)
     , (21076, 131, 6)
     , (21076, 11, 1)
     , (21076, 91, 100)
     , (21076, 12, 1)
     , (21076, 92, 100)
     , (21076, 94, 33035)
     , (21076, 16, 524296)
     , (21076, 19, 25508)
     , (21076, 93, 1044);

INSERT INTO `ace_object_properties_bool` (`aceObjectId`, `boolPropertyId`, `propertyValue`)
VALUES (21076, 13, True)
     , (21076, 11, True)
     , (21076, 14, True);

INSERT INTO `ace_object_palette_change` (`aceObjectId`, `subPaletteId`, `offset`, `length`)
VALUES (21076, 67111922, 0, 0);

INSERT INTO `ace_object_texture_map_change` (`aceObjectId`, `index`, `oldId`, `newId`)
VALUES (21076, 0, 83890064, 83894153);

INSERT INTO `ace_object_animation_change` (`aceObjectId`, `index`, `animationId`)
VALUES (21076, 0, 16777882);

INSERT INTO ace_weenie_class (`weenieClassId`, `weenieClassDescription`)
VALUES (21049, 'materialfireopal');

INSERT INTO `ace_object` (`aceObjectId`, `aceObjectDescriptionFlags`, `weenieClassId`, `weenieHeaderFlags`, `currentMotionState`, `physicsDescriptionFlag`)
VALUES (21049, 18, 21049, 3509074968, NULL, 169985);

INSERT INTO `ace_object_properties_string` (`aceObjectId`, `strPropertyId`, `propertyValue`)
VALUES (21049, 1, 'Salvaged  (100)');

INSERT INTO `ace_object_properties_did` (`aceObjectId`, `didPropertyId`, `propertyValue`)
VALUES (21049, 8, 100673214)
     , (21049, 50, 100673273)
     , (21049, 1, 33554817)
     , (21049, 3, 536870932)
     , (21049, 22, 872415275)
     , (21049, 6, 67111919);

INSERT INTO `ace_object_properties_int` (`aceObjectId`, `intPropertyId`, `propertyValue`)
VALUES (21049, 53, 101)
     , (21049, 1, 1073741824)
     , (21049, 5, 100)
     , (21049, 151, 9)
     , (21049, 131, 22)
     , (21049, 11, 1)
     , (21049, 91, 100)
     , (21049, 12, 1)
     , (21049, 92, 100)
     , (21049, 94, 33025)
     , (21049, 16, 524296)
     , (21049, 19, 28250)
     , (21049, 93, 1044);

INSERT INTO `ace_object_properties_bool` (`aceObjectId`, `boolPropertyId`, `propertyValue`)
VALUES (21049, 13, True)
     , (21049, 11, True)
     , (21049, 14, True);

INSERT INTO `ace_object_palette_change` (`aceObjectId`, `subPaletteId`, `offset`, `length`)
VALUES (21049, 67111918, 0, 0);

INSERT INTO `ace_object_texture_map_change` (`aceObjectId`, `index`, `oldId`, `newId`)
VALUES (21049, 0, 83890064, 83894153);

INSERT INTO `ace_object_animation_change` (`aceObjectId`, `index`, `animationId`)
VALUES (21049, 0, 16777882);

INSERT INTO ace_weenie_class (`weenieClassId`, `weenieClassDescription`)
VALUES (21045, 'materialcopper');

INSERT INTO `ace_object` (`aceObjectId`, `aceObjectDescriptionFlags`, `weenieClassId`, `weenieHeaderFlags`, `currentMotionState`, `physicsDescriptionFlag`)
VALUES (21045, 18, 21045, 3509074968, NULL, 169985);

INSERT INTO `ace_object_properties_string` (`aceObjectId`, `strPropertyId`, `propertyValue`)
VALUES (21045, 1, 'Salvaged  (100)');

INSERT INTO `ace_object_properties_did` (`aceObjectId`, `didPropertyId`, `propertyValue`)
VALUES (21045, 8, 100673217)
     , (21045, 50, 100673269)
     , (21045, 1, 33554817)
     , (21045, 3, 536870932)
     , (21045, 22, 872415275)
     , (21045, 6, 67111919);

INSERT INTO `ace_object_properties_int` (`aceObjectId`, `intPropertyId`, `propertyValue`)
VALUES (21045, 53, 101)
     , (21045, 1, 1073741824)
     , (21045, 5, 100)
     , (21045, 151, 9)
     , (21045, 131, 59)
     , (21045, 11, 1)
     , (21045, 91, 100)
     , (21045, 12, 1)
     , (21045, 92, 100)
     , (21045, 94, 6)
     , (21045, 16, 524296)
     , (21045, 19, 36290)
     , (21045, 93, 1044);

INSERT INTO `ace_object_properties_bool` (`aceObjectId`, `boolPropertyId`, `propertyValue`)
VALUES (21045, 13, True)
     , (21045, 11, True)
     , (21045, 14, True);

INSERT INTO `ace_object_palette_change` (`aceObjectId`, `subPaletteId`, `offset`, `length`)
VALUES (21045, 67111922, 0, 0);

INSERT INTO `ace_object_texture_map_change` (`aceObjectId`, `index`, `oldId`, `newId`)
VALUES (21045, 0, 83890064, 83894153);

INSERT INTO `ace_object_animation_change` (`aceObjectId`, `index`, `animationId`)
VALUES (21045, 0, 16777882);

INSERT INTO ace_weenie_class (`weenieClassId`, `weenieClassDescription`)
VALUES (21079, 'materialsunstone');

INSERT INTO `ace_object` (`aceObjectId`, `aceObjectDescriptionFlags`, `weenieClassId`, `weenieHeaderFlags`, `currentMotionState`, `physicsDescriptionFlag`)
VALUES (21079, 18, 21079, 3509074968, NULL, 169985);

INSERT INTO `ace_object_properties_string` (`aceObjectId`, `strPropertyId`, `propertyValue`)
VALUES (21079, 1, 'Salvaged  (100)');

INSERT INTO `ace_object_properties_did` (`aceObjectId`, `didPropertyId`, `propertyValue`)
VALUES (21079, 8, 100673214)
     , (21079, 50, 100673303)
     , (21079, 1, 33554817)
     , (21079, 3, 536870932)
     , (21079, 22, 872415275)
     , (21079, 6, 67111919);

INSERT INTO `ace_object_properties_int` (`aceObjectId`, `intPropertyId`, `propertyValue`)
VALUES (21079, 53, 101)
     , (21079, 1, 1073741824)
     , (21079, 5, 100)
     , (21079, 151, 9)
     , (21079, 131, 41)
     , (21079, 11, 1)
     , (21079, 91, 100)
     , (21079, 12, 1)
     , (21079, 92, 100)
     , (21079, 94, 257)
     , (21079, 16, 524296)
     , (21079, 19, 32807)
     , (21079, 93, 1044);

INSERT INTO `ace_object_properties_bool` (`aceObjectId`, `boolPropertyId`, `propertyValue`)
VALUES (21079, 13, True)
     , (21079, 11, True)
     , (21079, 14, True);

INSERT INTO `ace_object_palette_change` (`aceObjectId`, `subPaletteId`, `offset`, `length`)
VALUES (21079, 67111918, 0, 0);

INSERT INTO `ace_object_texture_map_change` (`aceObjectId`, `index`, `oldId`, `newId`)
VALUES (21079, 0, 83890064, 83894153);

INSERT INTO `ace_object_animation_change` (`aceObjectId`, `index`, `animationId`)
VALUES (21079, 0, 16777882);

INSERT INTO ace_weenie_class (`weenieClassId`, `weenieClassDescription`)
VALUES (33620, 'ace33620-salvage');

INSERT INTO `ace_object` (`aceObjectId`, `aceObjectDescriptionFlags`, `weenieClassId`, `weenieHeaderFlags`, `currentMotionState`, `physicsDescriptionFlag`)
VALUES (33620, 18, 33620, 2435349528, NULL, 137217);

INSERT INTO `ace_object_properties_string` (`aceObjectId`, `strPropertyId`, `propertyValue`)
VALUES (33620, 1, 'Salvage');

INSERT INTO `ace_object_properties_did` (`aceObjectId`, `didPropertyId`, `propertyValue`)
VALUES (33620, 8, 100677150)
     , (33620, 1, 33554817)
     , (33620, 3, 536870932)
     , (33620, 22, 872415275)
     , (33620, 6, 67111919);

INSERT INTO `ace_object_properties_int` (`aceObjectId`, `intPropertyId`, `propertyValue`)
VALUES (33620, 53, 101)
     , (33620, 1, 1073741824)
     , (33620, 5, 100)
     , (33620, 151, 9)
     , (33620, 131, 67)
     , (33620, 11, 1)
     , (33620, 91, 100)
     , (33620, 12, 1)
     , (33620, 92, 100)
     , (33620, 94, 257)
     , (33620, 16, 524296)
     , (33620, 19, 10)
     , (33620, 93, 1044);

INSERT INTO `ace_object_properties_bool` (`aceObjectId`, `boolPropertyId`, `propertyValue`)
VALUES (33620, 13, True)
     , (33620, 11, True)
     , (33620, 14, True);

INSERT INTO `ace_object_palette_change` (`aceObjectId`, `subPaletteId`, `offset`, `length`)
VALUES (33620, 67111920, 0, 0);

INSERT INTO `ace_object_texture_map_change` (`aceObjectId`, `index`, `oldId`, `newId`)
VALUES (33620, 0, 83890064, 83894153);

INSERT INTO `ace_object_animation_change` (`aceObjectId`, `index`, `animationId`)
VALUES (33620, 0, 16777882);

INSERT INTO ace_weenie_class (`weenieClassId`, `weenieClassDescription`)
VALUES (35111, 'ace35111-alchemicmucor');

INSERT INTO `ace_object` (`aceObjectId`, `aceObjectDescriptionFlags`, `weenieClassId`, `weenieHeaderFlags`, `currentMotionState`, `physicsDescriptionFlag`)
VALUES (35111, 18, 35111, 2650128, NULL, 137217);

INSERT INTO `ace_object_properties_string` (`aceObjectId`, `strPropertyId`, `propertyValue`)
VALUES (35111, 1, 'Alchemic Mucor');

INSERT INTO `ace_object_properties_did` (`aceObjectId`, `didPropertyId`, `propertyValue`)
VALUES (35111, 8, 100689402)
     , (35111, 1, 33554602)
     , (35111, 3, 536870932)
     , (35111, 22, 872415275);

INSERT INTO `ace_object_properties_int` (`aceObjectId`, `intPropertyId`, `propertyValue`)
VALUES (35111, 53, 101)
     , (35111, 1, 1073741824)
     , (35111, 5, 50)
     , (35111, 11, 1)
     , (35111, 12, 1)
     , (35111, 94, 1073741824)
     , (35111, 16, 524296)
     , (35111, 93, 1044);

INSERT INTO `ace_object_properties_bool` (`aceObjectId`, `boolPropertyId`, `propertyValue`)
VALUES (35111, 13, True)
     , (35111, 11, True)
     , (35111, 14, True);

INSERT INTO ace_weenie_class (`weenieClassId`, `weenieClassDescription`)
VALUES (20985, 'materialgranite');

INSERT INTO `ace_object` (`aceObjectId`, `aceObjectDescriptionFlags`, `weenieClassId`, `weenieHeaderFlags`, `currentMotionState`, `physicsDescriptionFlag`)
VALUES (20985, 18, 20985, 3509091352, NULL, 137217);

INSERT INTO `ace_object_properties_string` (`aceObjectId`, `strPropertyId`, `propertyValue`)
VALUES (20985, 1, 'Salvaged  (100)');

INSERT INTO `ace_object_properties_did` (`aceObjectId`, `didPropertyId`, `propertyValue`)
VALUES (20985, 8, 100673220)
     , (20985, 50, 100673229)
     , (20985, 1, 33554817)
     , (20985, 3, 536870932)
     , (20985, 22, 872415275)
     , (20985, 6, 67111919);

INSERT INTO `ace_object_properties_int` (`aceObjectId`, `intPropertyId`, `propertyValue`)
VALUES (20985, 53, 101)
     , (20985, 1, 1073741824)
     , (20985, 5, 100)
     , (20985, 151, 9)
     , (20985, 131, 67)
     , (20985, 11, 1)
     , (20985, 91, 100)
     , (20985, 12, 1)
     , (20985, 92, 100)
     , (20985, 94, 257)
     , (20985, 16, 524296)
     , (20985, 19, 15521)
     , (20985, 93, 1044);

INSERT INTO `ace_object_properties_bool` (`aceObjectId`, `boolPropertyId`, `propertyValue`)
VALUES (20985, 13, True)
     , (20985, 11, True)
     , (20985, 14, True);

INSERT INTO `ace_object_palette_change` (`aceObjectId`, `subPaletteId`, `offset`, `length`)
VALUES (20985, 67111920, 0, 0);

INSERT INTO `ace_object_texture_map_change` (`aceObjectId`, `index`, `oldId`, `newId`)
VALUES (20985, 0, 83890064, 83894153);

INSERT INTO `ace_object_animation_change` (`aceObjectId`, `index`, `animationId`)
VALUES (20985, 0, 16777882);

INSERT INTO ace_weenie_class (`weenieClassId`, `weenieClassDescription`)
VALUES (21061, 'materialmarble');

INSERT INTO `ace_object` (`aceObjectId`, `aceObjectDescriptionFlags`, `weenieClassId`, `weenieHeaderFlags`, `currentMotionState`, `physicsDescriptionFlag`)
VALUES (21061, 18, 21061, 3509091352, NULL, 137217);

INSERT INTO `ace_object_properties_string` (`aceObjectId`, `strPropertyId`, `propertyValue`)
VALUES (21061, 1, 'Salvaged  (100)');

INSERT INTO `ace_object_properties_did` (`aceObjectId`, `didPropertyId`, `propertyValue`)
VALUES (21061, 8, 100673219)
     , (21061, 50, 100673233)
     , (21061, 1, 33554817)
     , (21061, 3, 536870932)
     , (21061, 22, 872415275)
     , (21061, 6, 67111919);

INSERT INTO `ace_object_properties_int` (`aceObjectId`, `intPropertyId`, `propertyValue`)
VALUES (21061, 53, 101)
     , (21061, 1, 1073741824)
     , (21061, 5, 100)
     , (21061, 151, 9)
     , (21061, 131, 68)
     , (21061, 11, 1)
     , (21061, 91, 100)
     , (21061, 12, 1)
     , (21061, 92, 100)
     , (21061, 94, 6)
     , (21061, 16, 524296)
     , (21061, 19, 33027)
     , (21061, 93, 1044);

INSERT INTO `ace_object_properties_bool` (`aceObjectId`, `boolPropertyId`, `propertyValue`)
VALUES (21061, 13, True)
     , (21061, 11, True)
     , (21061, 14, True);

INSERT INTO `ace_object_palette_change` (`aceObjectId`, `subPaletteId`, `offset`, `length`)
VALUES (21061, 67111923, 0, 0);

INSERT INTO `ace_object_texture_map_change` (`aceObjectId`, `index`, `oldId`, `newId`)
VALUES (21061, 0, 83890064, 83894153);

INSERT INTO `ace_object_animation_change` (`aceObjectId`, `index`, `animationId`)
VALUES (21061, 0, 16777882);

INSERT INTO ace_weenie_class (`weenieClassId`, `weenieClassDescription`)
VALUES (20991, 'materialreedsharkhide');

INSERT INTO `ace_object` (`aceObjectId`, `aceObjectDescriptionFlags`, `weenieClassId`, `weenieHeaderFlags`, `currentMotionState`, `physicsDescriptionFlag`)
VALUES (20991, 18, 20991, 3509091352, NULL, 137217);

INSERT INTO `ace_object_properties_string` (`aceObjectId`, `strPropertyId`, `propertyValue`)
VALUES (20991, 1, 'Salvaged Reedshark Hide (100)');

INSERT INTO `ace_object_properties_did` (`aceObjectId`, `didPropertyId`, `propertyValue`)
VALUES (20991, 8, 100673219)
     , (20991, 50, 100673236)
     , (20991, 1, 33554817)
     , (20991, 3, 536870932)
     , (20991, 22, 872415275)
     , (20991, 6, 67111919);

INSERT INTO `ace_object_properties_int` (`aceObjectId`, `intPropertyId`, `propertyValue`)
VALUES (20991, 53, 101)
     , (20991, 1, 1073741824)
     , (20991, 5, 100)
     , (20991, 151, 9)
     , (20991, 131, 55)
     , (20991, 11, 1)
     , (20991, 91, 100)
     , (20991, 12, 1)
     , (20991, 92, 100)
     , (20991, 94, 6)
     , (20991, 16, 524296)
     , (20991, 19, 33556)
     , (20991, 93, 1044);

INSERT INTO `ace_object_properties_bool` (`aceObjectId`, `boolPropertyId`, `propertyValue`)
VALUES (20991, 13, True)
     , (20991, 11, True)
     , (20991, 14, True);

INSERT INTO `ace_object_palette_change` (`aceObjectId`, `subPaletteId`, `offset`, `length`)
VALUES (20991, 67111923, 0, 0);

INSERT INTO `ace_object_texture_map_change` (`aceObjectId`, `index`, `oldId`, `newId`)
VALUES (20991, 0, 83890064, 83894153);

INSERT INTO `ace_object_animation_change` (`aceObjectId`, `index`, `animationId`)
VALUES (20991, 0, 16777882);

INSERT INTO ace_weenie_class (`weenieClassId`, `weenieClassDescription`)
VALUES (20981, 'materialarmoredillohide');

INSERT INTO `ace_object` (`aceObjectId`, `aceObjectDescriptionFlags`, `weenieClassId`, `weenieHeaderFlags`, `currentMotionState`, `physicsDescriptionFlag`)
VALUES (20981, 18, 20981, 3509091352, NULL, 137217);

INSERT INTO `ace_object_properties_string` (`aceObjectId`, `strPropertyId`, `propertyValue`)
VALUES (20981, 1, 'Salvaged  (100)');

INSERT INTO `ace_object_properties_did` (`aceObjectId`, `didPropertyId`, `propertyValue`)
VALUES (20981, 8, 100673219)
     , (20981, 50, 100673224)
     , (20981, 1, 33554817)
     , (20981, 3, 536870932)
     , (20981, 22, 872415275)
     , (20981, 6, 67111919);

INSERT INTO `ace_object_properties_int` (`aceObjectId`, `intPropertyId`, `propertyValue`)
VALUES (20981, 53, 101)
     , (20981, 1, 1073741824)
     , (20981, 5, 100)
     , (20981, 151, 9)
     , (20981, 131, 53)
     , (20981, 11, 1)
     , (20981, 91, 100)
     , (20981, 12, 1)
     , (20981, 92, 100)
     , (20981, 94, 6)
     , (20981, 16, 524296)
     , (20981, 19, 28701)
     , (20981, 93, 1044);

INSERT INTO `ace_object_properties_bool` (`aceObjectId`, `boolPropertyId`, `propertyValue`)
VALUES (20981, 13, True)
     , (20981, 11, True)
     , (20981, 14, True);

INSERT INTO `ace_object_palette_change` (`aceObjectId`, `subPaletteId`, `offset`, `length`)
VALUES (20981, 67111923, 0, 0);

INSERT INTO `ace_object_texture_map_change` (`aceObjectId`, `index`, `oldId`, `newId`)
VALUES (20981, 0, 83890064, 83894153);

INSERT INTO `ace_object_animation_change` (`aceObjectId`, `index`, `animationId`)
VALUES (20981, 0, 16777882);

INSERT INTO ace_weenie_class (`weenieClassId`, `weenieClassDescription`)
VALUES (20982, 'materialbronze');

INSERT INTO `ace_object` (`aceObjectId`, `aceObjectDescriptionFlags`, `weenieClassId`, `weenieHeaderFlags`, `currentMotionState`, `physicsDescriptionFlag`)
VALUES (20982, 18, 20982, 3509091352, NULL, 137217);

INSERT INTO `ace_object_properties_string` (`aceObjectId`, `strPropertyId`, `propertyValue`)
VALUES (20982, 1, 'Salvaged  (100)');

INSERT INTO `ace_object_properties_did` (`aceObjectId`, `didPropertyId`, `propertyValue`)
VALUES (20982, 8, 100673219)
     , (20982, 50, 100673226)
     , (20982, 1, 33554817)
     , (20982, 3, 536870932)
     , (20982, 22, 872415275)
     , (20982, 6, 67111919);

INSERT INTO `ace_object_properties_int` (`aceObjectId`, `intPropertyId`, `propertyValue`)
VALUES (20982, 53, 101)
     , (20982, 1, 1073741824)
     , (20982, 5, 100)
     , (20982, 151, 9)
     , (20982, 131, 58)
     , (20982, 11, 1)
     , (20982, 91, 100)
     , (20982, 12, 1)
     , (20982, 92, 100)
     , (20982, 94, 6)
     , (20982, 16, 524296)
     , (20982, 19, 35210)
     , (20982, 93, 1044);

INSERT INTO `ace_object_properties_bool` (`aceObjectId`, `boolPropertyId`, `propertyValue`)
VALUES (20982, 13, True)
     , (20982, 11, True)
     , (20982, 14, True);

INSERT INTO `ace_object_palette_change` (`aceObjectId`, `subPaletteId`, `offset`, `length`)
VALUES (20982, 67111923, 0, 0);

INSERT INTO `ace_object_texture_map_change` (`aceObjectId`, `index`, `oldId`, `newId`)
VALUES (20982, 0, 83890064, 83894153);

INSERT INTO `ace_object_animation_change` (`aceObjectId`, `index`, `animationId`)
VALUES (20982, 0, 16777882);

INSERT INTO ace_weenie_class (`weenieClassId`, `weenieClassDescription`)
VALUES (29578, 'materialjet100');

INSERT INTO `ace_object` (`aceObjectId`, `aceObjectDescriptionFlags`, `weenieClassId`, `weenieHeaderFlags`, `currentMotionState`, `physicsDescriptionFlag`)
VALUES (29578, 18, 29578, 2435349528, NULL, 137217);

INSERT INTO `ace_object_properties_string` (`aceObjectId`, `strPropertyId`, `propertyValue`)
VALUES (29578, 1, 'Salvage');

INSERT INTO `ace_object_properties_did` (`aceObjectId`, `didPropertyId`, `propertyValue`)
VALUES (29578, 8, 100677148)
     , (29578, 1, 33554817)
     , (29578, 3, 536870932)
     , (29578, 22, 872415275)
     , (29578, 6, 67111919);

INSERT INTO `ace_object_properties_int` (`aceObjectId`, `intPropertyId`, `propertyValue`)
VALUES (29578, 53, 101)
     , (29578, 1, 1073741824)
     , (29578, 5, 100)
     , (29578, 151, 9)
     , (29578, 131, 27)
     , (29578, 11, 1)
     , (29578, 91, 100)
     , (29578, 12, 1)
     , (29578, 92, 100)
     , (29578, 94, 33025)
     , (29578, 16, 524296)
     , (29578, 19, 10)
     , (29578, 93, 1044);

INSERT INTO `ace_object_properties_bool` (`aceObjectId`, `boolPropertyId`, `propertyValue`)
VALUES (29578, 13, True)
     , (29578, 11, True)
     , (29578, 14, True);

INSERT INTO `ace_object_palette_change` (`aceObjectId`, `subPaletteId`, `offset`, `length`)
VALUES (29578, 67111920, 0, 0);

INSERT INTO `ace_object_texture_map_change` (`aceObjectId`, `index`, `oldId`, `newId`)
VALUES (29578, 0, 83890064, 83894153);

INSERT INTO `ace_object_animation_change` (`aceObjectId`, `index`, `animationId`)
VALUES (29578, 0, 16777882);

INSERT INTO ace_weenie_class (`weenieClassId`, `weenieClassDescription`)
VALUES (29571, 'materialaquamarine100');

INSERT INTO `ace_object` (`aceObjectId`, `aceObjectDescriptionFlags`, `weenieClassId`, `weenieHeaderFlags`, `currentMotionState`, `physicsDescriptionFlag`)
VALUES (29571, 18, 29571, 2435349528, NULL, 137217);

INSERT INTO `ace_object_properties_string` (`aceObjectId`, `strPropertyId`, `propertyValue`)
VALUES (29571, 1, 'Salvage');

INSERT INTO `ace_object_properties_did` (`aceObjectId`, `didPropertyId`, `propertyValue`)
VALUES (29571, 8, 100677142)
     , (29571, 1, 33554817)
     , (29571, 3, 536870932)
     , (29571, 22, 872415275)
     , (29571, 6, 67111919);

INSERT INTO `ace_object_properties_int` (`aceObjectId`, `intPropertyId`, `propertyValue`)
VALUES (29571, 53, 101)
     , (29571, 1, 1073741824)
     , (29571, 5, 100)
     , (29571, 151, 9)
     , (29571, 131, 13)
     , (29571, 11, 1)
     , (29571, 91, 100)
     , (29571, 12, 1)
     , (29571, 92, 100)
     , (29571, 94, 33025)
     , (29571, 16, 524296)
     , (29571, 19, 10)
     , (29571, 93, 1044);

INSERT INTO `ace_object_properties_bool` (`aceObjectId`, `boolPropertyId`, `propertyValue`)
VALUES (29571, 13, True)
     , (29571, 11, True)
     , (29571, 14, True);

INSERT INTO `ace_object_palette_change` (`aceObjectId`, `subPaletteId`, `offset`, `length`)
VALUES (29571, 67111920, 0, 0);

INSERT INTO `ace_object_texture_map_change` (`aceObjectId`, `index`, `oldId`, `newId`)
VALUES (29571, 0, 83890064, 83894153);

INSERT INTO `ace_object_animation_change` (`aceObjectId`, `index`, `animationId`)
VALUES (29571, 0, 16777882);

INSERT INTO ace_weenie_class (`weenieClassId`, `weenieClassDescription`)
VALUES (21080, 'materialteak');

INSERT INTO `ace_object` (`aceObjectId`, `aceObjectDescriptionFlags`, `weenieClassId`, `weenieHeaderFlags`, `currentMotionState`, `physicsDescriptionFlag`)
VALUES (21080, 18, 21080, 3509091352, NULL, 137217);

INSERT INTO `ace_object_properties_string` (`aceObjectId`, `strPropertyId`, `propertyValue`)
VALUES (21080, 1, 'Salvaged  (100)');

INSERT INTO `ace_object_properties_did` (`aceObjectId`, `didPropertyId`, `propertyValue`)
VALUES (21080, 8, 100673217)
     , (21080, 50, 100673304)
     , (21080, 1, 33554817)
     , (21080, 3, 536870932)
     , (21080, 22, 872415275)
     , (21080, 6, 67111919);

INSERT INTO `ace_object_properties_int` (`aceObjectId`, `intPropertyId`, `propertyValue`)
VALUES (21080, 53, 101)
     , (21080, 1, 1073741824)
     , (21080, 5, 100)
     , (21080, 151, 9)
     , (21080, 131, 77)
     , (21080, 11, 1)
     , (21080, 91, 100)
     , (21080, 12, 1)
     , (21080, 92, 100)
     , (21080, 94, 35215)
     , (21080, 16, 524296)
     , (21080, 19, 28187)
     , (21080, 93, 1044);

INSERT INTO `ace_object_properties_bool` (`aceObjectId`, `boolPropertyId`, `propertyValue`)
VALUES (21080, 13, True)
     , (21080, 11, True)
     , (21080, 14, True);

INSERT INTO `ace_object_palette_change` (`aceObjectId`, `subPaletteId`, `offset`, `length`)
VALUES (21080, 67111922, 0, 0);

INSERT INTO `ace_object_texture_map_change` (`aceObjectId`, `index`, `oldId`, `newId`)
VALUES (21080, 0, 83890064, 83894153);

INSERT INTO `ace_object_animation_change` (`aceObjectId`, `index`, `animationId`)
VALUES (21080, 0, 16777882);

INSERT INTO ace_weenie_class (`weenieClassId`, `weenieClassDescription`)
VALUES (20994, 'materialvelvet');

INSERT INTO `ace_object` (`aceObjectId`, `aceObjectDescriptionFlags`, `weenieClassId`, `weenieHeaderFlags`, `currentMotionState`, `physicsDescriptionFlag`)
VALUES (20994, 18, 20994, 3509091352, NULL, 137217);

INSERT INTO `ace_object_properties_string` (`aceObjectId`, `strPropertyId`, `propertyValue`)
VALUES (20994, 1, 'Salvaged  (100)');

INSERT INTO `ace_object_properties_did` (`aceObjectId`, `didPropertyId`, `propertyValue`)
VALUES (20994, 8, 100673220)
     , (20994, 50, 100673238)
     , (20994, 1, 33554817)
     , (20994, 3, 536870932)
     , (20994, 22, 872415275)
     , (20994, 6, 67111919);

INSERT INTO `ace_object_properties_int` (`aceObjectId`, `intPropertyId`, `propertyValue`)
VALUES (20994, 53, 101)
     , (20994, 1, 1073741824)
     , (20994, 5, 100)
     , (20994, 151, 9)
     , (20994, 131, 7)
     , (20994, 11, 1)
     , (20994, 91, 100)
     , (20994, 12, 1)
     , (20994, 92, 100)
     , (20994, 94, 257)
     , (20994, 16, 524296)
     , (20994, 19, 27101)
     , (20994, 93, 1044);

INSERT INTO `ace_object_properties_bool` (`aceObjectId`, `boolPropertyId`, `propertyValue`)
VALUES (20994, 13, True)
     , (20994, 11, True)
     , (20994, 14, True);

INSERT INTO `ace_object_palette_change` (`aceObjectId`, `subPaletteId`, `offset`, `length`)
VALUES (20994, 67111920, 0, 0);

INSERT INTO `ace_object_texture_map_change` (`aceObjectId`, `index`, `oldId`, `newId`)
VALUES (20994, 0, 83890064, 83894153);

INSERT INTO `ace_object_animation_change` (`aceObjectId`, `index`, `animationId`)
VALUES (20994, 0, 16777882);

INSERT INTO ace_weenie_class (`weenieClassId`, `weenieClassDescription`)
VALUES (21047, 'materialebony');

INSERT INTO `ace_object` (`aceObjectId`, `aceObjectDescriptionFlags`, `weenieClassId`, `weenieHeaderFlags`, `currentMotionState`, `physicsDescriptionFlag`)
VALUES (21047, 18, 21047, 3509091352, NULL, 137217);

INSERT INTO `ace_object_properties_string` (`aceObjectId`, `strPropertyId`, `propertyValue`)
VALUES (21047, 1, 'Salvaged  (100)');

INSERT INTO `ace_object_properties_did` (`aceObjectId`, `didPropertyId`, `propertyValue`)
VALUES (21047, 8, 100673217)
     , (21047, 50, 100673271)
     , (21047, 1, 33554817)
     , (21047, 3, 536870932)
     , (21047, 22, 872415275)
     , (21047, 6, 67111919);

INSERT INTO `ace_object_properties_int` (`aceObjectId`, `intPropertyId`, `propertyValue`)
VALUES (21047, 53, 101)
     , (21047, 1, 1073741824)
     , (21047, 5, 100)
     , (21047, 151, 9)
     , (21047, 131, 73)
     , (21047, 11, 1)
     , (21047, 91, 100)
     , (21047, 12, 1)
     , (21047, 92, 100)
     , (21047, 94, 35215)
     , (21047, 16, 524296)
     , (21047, 19, 39714)
     , (21047, 93, 1044);

INSERT INTO `ace_object_properties_bool` (`aceObjectId`, `boolPropertyId`, `propertyValue`)
VALUES (21047, 13, True)
     , (21047, 11, True)
     , (21047, 14, True);

INSERT INTO `ace_object_palette_change` (`aceObjectId`, `subPaletteId`, `offset`, `length`)
VALUES (21047, 67111922, 0, 0);

INSERT INTO `ace_object_texture_map_change` (`aceObjectId`, `index`, `oldId`, `newId`)
VALUES (21047, 0, 83890064, 83894153);

INSERT INTO `ace_object_animation_change` (`aceObjectId`, `index`, `animationId`)
VALUES (21047, 0, 16777882);

INSERT INTO ace_weenie_class (`weenieClassId`, `weenieClassDescription`)
VALUES (29579, 'materialmahogany100');

INSERT INTO `ace_object` (`aceObjectId`, `aceObjectDescriptionFlags`, `weenieClassId`, `weenieHeaderFlags`, `currentMotionState`, `physicsDescriptionFlag`)
VALUES (29579, 18, 29579, 2435349528, NULL, 137217);

INSERT INTO `ace_object_properties_string` (`aceObjectId`, `strPropertyId`, `propertyValue`)
VALUES (29579, 1, 'Salvage');

INSERT INTO `ace_object_properties_did` (`aceObjectId`, `didPropertyId`, `propertyValue`)
VALUES (29579, 8, 100677147)
     , (29579, 1, 33554817)
     , (29579, 3, 536870932)
     , (29579, 22, 872415275)
     , (29579, 6, 67111919);

INSERT INTO `ace_object_properties_int` (`aceObjectId`, `intPropertyId`, `propertyValue`)
VALUES (29579, 53, 101)
     , (29579, 1, 1073741824)
     , (29579, 5, 100)
     , (29579, 151, 9)
     , (29579, 131, 74)
     , (29579, 11, 1)
     , (29579, 91, 100)
     , (29579, 12, 1)
     , (29579, 92, 100)
     , (29579, 94, 256)
     , (29579, 16, 524296)
     , (29579, 19, 10)
     , (29579, 93, 1044);

INSERT INTO `ace_object_properties_bool` (`aceObjectId`, `boolPropertyId`, `propertyValue`)
VALUES (29579, 13, True)
     , (29579, 11, True)
     , (29579, 14, True);

INSERT INTO `ace_object_palette_change` (`aceObjectId`, `subPaletteId`, `offset`, `length`)
VALUES (29579, 67111920, 0, 0);

INSERT INTO `ace_object_texture_map_change` (`aceObjectId`, `index`, `oldId`, `newId`)
VALUES (29579, 0, 83890064, 83894153);

INSERT INTO `ace_object_animation_change` (`aceObjectId`, `index`, `animationId`)
VALUES (29579, 0, 16777882);

INSERT INTO ace_weenie_class (`weenieClassId`, `weenieClassDescription`)
VALUES (20983, 'materialceramic');

INSERT INTO `ace_object` (`aceObjectId`, `aceObjectDescriptionFlags`, `weenieClassId`, `weenieHeaderFlags`, `currentMotionState`, `physicsDescriptionFlag`)
VALUES (20983, 18, 20983, 3509091352, NULL, 137217);

INSERT INTO `ace_object_properties_string` (`aceObjectId`, `strPropertyId`, `propertyValue`)
VALUES (20983, 1, 'Salvage (100)');

INSERT INTO `ace_object_properties_did` (`aceObjectId`, `didPropertyId`, `propertyValue`)
VALUES (20983, 8, 100673219)
     , (20983, 50, 100673227)
     , (20983, 1, 33554817)
     , (20983, 3, 536870932)
     , (20983, 22, 872415275)
     , (20983, 6, 67111919);

INSERT INTO `ace_object_properties_int` (`aceObjectId`, `intPropertyId`, `propertyValue`)
VALUES (20983, 53, 101)
     , (20983, 1, 1073741824)
     , (20983, 5, 100)
     , (20983, 151, 9)
     , (20983, 131, 1)
     , (20983, 11, 1)
     , (20983, 91, 100)
     , (20983, 12, 1)
     , (20983, 92, 100)
     , (20983, 94, 6)
     , (20983, 16, 524296)
     , (20983, 19, 44333)
     , (20983, 93, 1044);

INSERT INTO `ace_object_properties_bool` (`aceObjectId`, `boolPropertyId`, `propertyValue`)
VALUES (20983, 13, True)
     , (20983, 11, True)
     , (20983, 14, True);

INSERT INTO `ace_object_palette_change` (`aceObjectId`, `subPaletteId`, `offset`, `length`)
VALUES (20983, 67111923, 0, 0);

INSERT INTO `ace_object_texture_map_change` (`aceObjectId`, `index`, `oldId`, `newId`)
VALUES (20983, 0, 83890064, 83894153);

INSERT INTO `ace_object_animation_change` (`aceObjectId`, `index`, `animationId`)
VALUES (20983, 0, 16777882);

INSERT INTO ace_weenie_class (`weenieClassId`, `weenieClassDescription`)
VALUES (20980, 'materialalabaster');

INSERT INTO `ace_object` (`aceObjectId`, `aceObjectDescriptionFlags`, `weenieClassId`, `weenieHeaderFlags`, `currentMotionState`, `physicsDescriptionFlag`)
VALUES (20980, 18, 20980, 3509091352, NULL, 137217);

INSERT INTO `ace_object_properties_string` (`aceObjectId`, `strPropertyId`, `propertyValue`)
VALUES (20980, 1, 'Salvage (100)');

INSERT INTO `ace_object_properties_did` (`aceObjectId`, `didPropertyId`, `propertyValue`)
VALUES (20980, 8, 100673219)
     , (20980, 50, 100673223)
     , (20980, 1, 33554817)
     , (20980, 3, 536870932)
     , (20980, 22, 872415275)
     , (20980, 6, 67111919);

INSERT INTO `ace_object_properties_int` (`aceObjectId`, `intPropertyId`, `propertyValue`)
VALUES (20980, 53, 101)
     , (20980, 1, 1073741824)
     , (20980, 5, 100)
     , (20980, 151, 9)
     , (20980, 131, 66)
     , (20980, 11, 1)
     , (20980, 91, 100)
     , (20980, 12, 1)
     , (20980, 92, 100)
     , (20980, 94, 6)
     , (20980, 16, 524296)
     , (20980, 19, 61420)
     , (20980, 93, 1044);

INSERT INTO `ace_object_properties_bool` (`aceObjectId`, `boolPropertyId`, `propertyValue`)
VALUES (20980, 13, True)
     , (20980, 11, True)
     , (20980, 14, True);

INSERT INTO `ace_object_palette_change` (`aceObjectId`, `subPaletteId`, `offset`, `length`)
VALUES (20980, 67111923, 0, 0);

INSERT INTO `ace_object_texture_map_change` (`aceObjectId`, `index`, `oldId`, `newId`)
VALUES (20980, 0, 83890064, 83894153);

INSERT INTO `ace_object_animation_change` (`aceObjectId`, `index`, `animationId`)
VALUES (20980, 0, 16777882);

INSERT INTO ace_weenie_class (`weenieClassId`, `weenieClassDescription`)
VALUES (20995, 'materialwool');

INSERT INTO `ace_object` (`aceObjectId`, `aceObjectDescriptionFlags`, `weenieClassId`, `weenieHeaderFlags`, `currentMotionState`, `physicsDescriptionFlag`)
VALUES (20995, 18, 20995, 3509091352, NULL, 137217);

INSERT INTO `ace_object_properties_string` (`aceObjectId`, `strPropertyId`, `propertyValue`)
VALUES (20995, 1, 'Salvage (100)');

INSERT INTO `ace_object_properties_did` (`aceObjectId`, `didPropertyId`, `propertyValue`)
VALUES (20995, 8, 100673219)
     , (20995, 50, 100673239)
     , (20995, 1, 33554817)
     , (20995, 3, 536870932)
     , (20995, 22, 872415275)
     , (20995, 6, 67111919);

INSERT INTO `ace_object_properties_int` (`aceObjectId`, `intPropertyId`, `propertyValue`)
VALUES (20995, 53, 101)
     , (20995, 1, 1073741824)
     , (20995, 5, 100)
     , (20995, 151, 9)
     , (20995, 131, 8)
     , (20995, 11, 1)
     , (20995, 91, 100)
     , (20995, 12, 1)
     , (20995, 92, 100)
     , (20995, 94, 6)
     , (20995, 16, 524296)
     , (20995, 19, 45878)
     , (20995, 93, 1044);

INSERT INTO `ace_object_properties_bool` (`aceObjectId`, `boolPropertyId`, `propertyValue`)
VALUES (20995, 13, True)
     , (20995, 11, True)
     , (20995, 14, True);

INSERT INTO `ace_object_palette_change` (`aceObjectId`, `subPaletteId`, `offset`, `length`)
VALUES (20995, 67111923, 0, 0);

INSERT INTO `ace_object_texture_map_change` (`aceObjectId`, `index`, `oldId`, `newId`)
VALUES (20995, 0, 83890064, 83894153);

INSERT INTO `ace_object_animation_change` (`aceObjectId`, `index`, `animationId`)
VALUES (20995, 0, 16777882);

INSERT INTO ace_weenie_class (`weenieClassId`, `weenieClassDescription`)
VALUES (21089, 'materialzircon');

INSERT INTO `ace_object` (`aceObjectId`, `aceObjectDescriptionFlags`, `weenieClassId`, `weenieHeaderFlags`, `currentMotionState`, `physicsDescriptionFlag`)
VALUES (21089, 18, 21089, 3509091352, NULL, 137217);

INSERT INTO `ace_object_properties_string` (`aceObjectId`, `strPropertyId`, `propertyValue`)
VALUES (21089, 1, 'Salvage (100)');

INSERT INTO `ace_object_properties_did` (`aceObjectId`, `didPropertyId`, `propertyValue`)
VALUES (21089, 8, 100673219)
     , (21089, 50, 100673313)
     , (21089, 1, 33554817)
     , (21089, 3, 536870932)
     , (21089, 22, 872415275)
     , (21089, 6, 67111919);

INSERT INTO `ace_object_properties_int` (`aceObjectId`, `intPropertyId`, `propertyValue`)
VALUES (21089, 53, 101)
     , (21089, 1, 1073741824)
     , (21089, 5, 100)
     , (21089, 151, 9)
     , (21089, 131, 50)
     , (21089, 11, 1)
     , (21089, 91, 100)
     , (21089, 12, 1)
     , (21089, 92, 100)
     , (21089, 94, 6)
     , (21089, 16, 524296)
     , (21089, 19, 20521)
     , (21089, 93, 1044);

INSERT INTO `ace_object_properties_bool` (`aceObjectId`, `boolPropertyId`, `propertyValue`)
VALUES (21089, 13, True)
     , (21089, 11, True)
     , (21089, 14, True);

INSERT INTO `ace_object_palette_change` (`aceObjectId`, `subPaletteId`, `offset`, `length`)
VALUES (21089, 67111923, 0, 0);

INSERT INTO `ace_object_texture_map_change` (`aceObjectId`, `index`, `oldId`, `newId`)
VALUES (21089, 0, 83890064, 83894153);

INSERT INTO `ace_object_animation_change` (`aceObjectId`, `index`, `animationId`)
VALUES (21089, 0, 16777882);

INSERT INTO ace_weenie_class (`weenieClassId`, `weenieClassDescription`)
VALUES (29576, 'materialgranite100');

INSERT INTO `ace_object` (`aceObjectId`, `aceObjectDescriptionFlags`, `weenieClassId`, `weenieHeaderFlags`, `currentMotionState`, `physicsDescriptionFlag`)
VALUES (29576, 18, 29576, 2435349528, NULL, 137217);

INSERT INTO `ace_object_properties_string` (`aceObjectId`, `strPropertyId`, `propertyValue`)
VALUES (29576, 1, 'Salvage');

INSERT INTO `ace_object_properties_did` (`aceObjectId`, `didPropertyId`, `propertyValue`)
VALUES (29576, 8, 100677150)
     , (29576, 1, 33554817)
     , (29576, 3, 536870932)
     , (29576, 22, 872415275)
     , (29576, 6, 67111919);

INSERT INTO `ace_object_properties_int` (`aceObjectId`, `intPropertyId`, `propertyValue`)
VALUES (29576, 53, 101)
     , (29576, 1, 1073741824)
     , (29576, 5, 100)
     , (29576, 151, 9)
     , (29576, 131, 67)
     , (29576, 11, 1)
     , (29576, 91, 100)
     , (29576, 12, 1)
     , (29576, 92, 100)
     , (29576, 94, 257)
     , (29576, 16, 524296)
     , (29576, 19, 10)
     , (29576, 93, 1044);

INSERT INTO `ace_object_properties_bool` (`aceObjectId`, `boolPropertyId`, `propertyValue`)
VALUES (29576, 13, True)
     , (29576, 11, True)
     , (29576, 14, True);

INSERT INTO `ace_object_palette_change` (`aceObjectId`, `subPaletteId`, `offset`, `length`)
VALUES (29576, 67111920, 0, 0);

INSERT INTO `ace_object_texture_map_change` (`aceObjectId`, `index`, `oldId`, `newId`)
VALUES (29576, 0, 83890064, 83894153);

INSERT INTO `ace_object_animation_change` (`aceObjectId`, `index`, `animationId`)
VALUES (29576, 0, 16777882);

INSERT INTO ace_weenie_class (`weenieClassId`, `weenieClassDescription`)
VALUES (29580, 'materialredgarnet100');

INSERT INTO `ace_object` (`aceObjectId`, `aceObjectDescriptionFlags`, `weenieClassId`, `weenieHeaderFlags`, `currentMotionState`, `physicsDescriptionFlag`)
VALUES (29580, 18, 29580, 2435349528, NULL, 137217);

INSERT INTO `ace_object_properties_string` (`aceObjectId`, `strPropertyId`, `propertyValue`)
VALUES (29580, 1, 'Salvage');

INSERT INTO `ace_object_properties_did` (`aceObjectId`, `didPropertyId`, `propertyValue`)
VALUES (29580, 8, 100677146)
     , (29580, 1, 33554817)
     , (29580, 3, 536870932)
     , (29580, 22, 872415275)
     , (29580, 6, 67111919);

INSERT INTO `ace_object_properties_int` (`aceObjectId`, `intPropertyId`, `propertyValue`)
VALUES (29580, 53, 101)
     , (29580, 1, 1073741824)
     , (29580, 5, 100)
     , (29580, 151, 9)
     , (29580, 131, 35)
     , (29580, 11, 1)
     , (29580, 91, 100)
     , (29580, 12, 1)
     , (29580, 92, 100)
     , (29580, 94, 33025)
     , (29580, 16, 524296)
     , (29580, 19, 10)
     , (29580, 93, 1044);

INSERT INTO `ace_object_properties_bool` (`aceObjectId`, `boolPropertyId`, `propertyValue`)
VALUES (29580, 13, True)
     , (29580, 11, True)
     , (29580, 14, True);

INSERT INTO `ace_object_palette_change` (`aceObjectId`, `subPaletteId`, `offset`, `length`)
VALUES (29580, 67111920, 0, 0);

INSERT INTO `ace_object_texture_map_change` (`aceObjectId`, `index`, `oldId`, `newId`)
VALUES (29580, 0, 83890064, 83894153);

INSERT INTO `ace_object_animation_change` (`aceObjectId`, `index`, `animationId`)
VALUES (29580, 0, 16777882);

INSERT INTO ace_weenie_class (`weenieClassId`, `weenieClassDescription`)
VALUES (36572, 'ace36572-salvage');

INSERT INTO `ace_object` (`aceObjectId`, `aceObjectDescriptionFlags`, `weenieClassId`, `weenieHeaderFlags`, `currentMotionState`, `physicsDescriptionFlag`)
VALUES (36572, 18, 36572, 2435349528, NULL, 137217);

INSERT INTO `ace_object_properties_string` (`aceObjectId`, `strPropertyId`, `propertyValue`)
VALUES (36572, 1, 'Salvage');

INSERT INTO `ace_object_properties_did` (`aceObjectId`, `didPropertyId`, `propertyValue`)
VALUES (36572, 8, 100689651)
     , (36572, 1, 33554817)
     , (36572, 3, 536870932)
     , (36572, 22, 872415275)
     , (36572, 6, 67111919);

INSERT INTO `ace_object_properties_int` (`aceObjectId`, `intPropertyId`, `propertyValue`)
VALUES (36572, 53, 101)
     , (36572, 1, 1073741824)
     , (36572, 5, 100)
     , (36572, 151, 9)
     , (36572, 131, 61)
     , (36572, 11, 1)
     , (36572, 91, 100)
     , (36572, 12, 1)
     , (36572, 92, 100)
     , (36572, 94, 257)
     , (36572, 16, 524296)
     , (36572, 19, 10)
     , (36572, 93, 1044);

INSERT INTO `ace_object_properties_bool` (`aceObjectId`, `boolPropertyId`, `propertyValue`)
VALUES (36572, 13, True)
     , (36572, 11, True)
     , (36572, 14, True);

INSERT INTO `ace_object_palette_change` (`aceObjectId`, `subPaletteId`, `offset`, `length`)
VALUES (36572, 67111920, 0, 0);

INSERT INTO `ace_object_texture_map_change` (`aceObjectId`, `index`, `oldId`, `newId`)
VALUES (36572, 0, 83890064, 83894153);

INSERT INTO `ace_object_animation_change` (`aceObjectId`, `index`, `animationId`)
VALUES (36572, 0, 16777882);

INSERT INTO ace_weenie_class (`weenieClassId`, `weenieClassDescription`)
VALUES (21038, 'materialazurite');

INSERT INTO `ace_object` (`aceObjectId`, `aceObjectDescriptionFlags`, `weenieClassId`, `weenieHeaderFlags`, `currentMotionState`, `physicsDescriptionFlag`)
VALUES (21038, 18, 21038, 3509091352, NULL, 137217);

INSERT INTO `ace_object_properties_string` (`aceObjectId`, `strPropertyId`, `propertyValue`)
VALUES (21038, 1, 'Salvage (40)');

INSERT INTO `ace_object_properties_did` (`aceObjectId`, `didPropertyId`, `propertyValue`)
VALUES (21038, 8, 100673214)
     , (21038, 50, 100673263)
     , (21038, 1, 33554817)
     , (21038, 3, 536870932)
     , (21038, 22, 872415275)
     , (21038, 6, 67111919);

INSERT INTO `ace_object_properties_int` (`aceObjectId`, `intPropertyId`, `propertyValue`)
VALUES (21038, 53, 101)
     , (21038, 1, 1073741824)
     , (21038, 5, 100)
     , (21038, 151, 9)
     , (21038, 131, 14)
     , (21038, 11, 1)
     , (21038, 91, 100)
     , (21038, 12, 1)
     , (21038, 92, 40)
     , (21038, 94, 8)
     , (21038, 16, 524296)
     , (21038, 19, 1004)
     , (21038, 93, 1044);

INSERT INTO `ace_object_properties_bool` (`aceObjectId`, `boolPropertyId`, `propertyValue`)
VALUES (21038, 13, True)
     , (21038, 11, True)
     , (21038, 14, True);

INSERT INTO `ace_object_palette_change` (`aceObjectId`, `subPaletteId`, `offset`, `length`)
VALUES (21038, 67111918, 0, 0);

INSERT INTO `ace_object_texture_map_change` (`aceObjectId`, `index`, `oldId`, `newId`)
VALUES (21038, 0, 83890064, 83894153);

INSERT INTO `ace_object_animation_change` (`aceObjectId`, `index`, `animationId`)
VALUES (21038, 0, 16777882);

INSERT INTO ace_weenie_class (`weenieClassId`, `weenieClassDescription`)
VALUES (21060, 'materialmalachite');

INSERT INTO `ace_object` (`aceObjectId`, `aceObjectDescriptionFlags`, `weenieClassId`, `weenieHeaderFlags`, `currentMotionState`, `physicsDescriptionFlag`)
VALUES (21060, 18, 21060, 3509091352, NULL, 137217);

INSERT INTO `ace_object_properties_string` (`aceObjectId`, `strPropertyId`, `propertyValue`)
VALUES (21060, 1, 'Salvage (50)');

INSERT INTO `ace_object_properties_did` (`aceObjectId`, `didPropertyId`, `propertyValue`)
VALUES (21060, 8, 100673214)
     , (21060, 50, 100673284)
     , (21060, 1, 33554817)
     , (21060, 3, 536870932)
     , (21060, 22, 872415275)
     , (21060, 6, 67111919);

INSERT INTO `ace_object_properties_int` (`aceObjectId`, `intPropertyId`, `propertyValue`)
VALUES (21060, 53, 101)
     , (21060, 1, 1073741824)
     , (21060, 5, 100)
     , (21060, 151, 9)
     , (21060, 131, 30)
     , (21060, 11, 1)
     , (21060, 91, 100)
     , (21060, 12, 1)
     , (21060, 92, 50)
     , (21060, 94, 8)
     , (21060, 16, 524296)
     , (21060, 19, 6516)
     , (21060, 93, 1044);

INSERT INTO `ace_object_properties_bool` (`aceObjectId`, `boolPropertyId`, `propertyValue`)
VALUES (21060, 13, True)
     , (21060, 11, True)
     , (21060, 14, True);

INSERT INTO `ace_object_palette_change` (`aceObjectId`, `subPaletteId`, `offset`, `length`)
VALUES (21060, 67111918, 0, 0);

INSERT INTO `ace_object_texture_map_change` (`aceObjectId`, `index`, `oldId`, `newId`)
VALUES (21060, 0, 83890064, 83894153);

INSERT INTO `ace_object_animation_change` (`aceObjectId`, `index`, `animationId`)
VALUES (21060, 0, 16777882);

INSERT INTO ace_weenie_class (`weenieClassId`, `weenieClassDescription`)
VALUES (21073, 'materialsandstone');

INSERT INTO `ace_object` (`aceObjectId`, `aceObjectDescriptionFlags`, `weenieClassId`, `weenieHeaderFlags`, `currentMotionState`, `physicsDescriptionFlag`)
VALUES (21073, 18, 21073, 3509091352, NULL, 137217);

INSERT INTO `ace_object_properties_string` (`aceObjectId`, `strPropertyId`, `propertyValue`)
VALUES (21073, 1, 'Salvage (33)');

INSERT INTO `ace_object_properties_did` (`aceObjectId`, `didPropertyId`, `propertyValue`)
VALUES (21073, 8, 100673216)
     , (21073, 50, 100673296)
     , (21073, 1, 33554817)
     , (21073, 3, 536870932)
     , (21073, 22, 872415275)
     , (21073, 6, 67111919);

INSERT INTO `ace_object_properties_int` (`aceObjectId`, `intPropertyId`, `propertyValue`)
VALUES (21073, 53, 101)
     , (21073, 1, 1073741824)
     , (21073, 5, 100)
     , (21073, 151, 9)
     , (21073, 131, 70)
     , (21073, 11, 1)
     , (21073, 91, 100)
     , (21073, 12, 1)
     , (21073, 92, 33)
     , (21073, 94, 35215)
     , (21073, 16, 524296)
     , (21073, 19, 831)
     , (21073, 93, 1044);

INSERT INTO `ace_object_properties_bool` (`aceObjectId`, `boolPropertyId`, `propertyValue`)
VALUES (21073, 13, True)
     , (21073, 11, True)
     , (21073, 14, True);

INSERT INTO `ace_object_palette_change` (`aceObjectId`, `subPaletteId`, `offset`, `length`)
VALUES (21073, 67111919, 0, 0);

INSERT INTO `ace_object_texture_map_change` (`aceObjectId`, `index`, `oldId`, `newId`)
VALUES (21073, 0, 83890064, 83894153);

INSERT INTO `ace_object_animation_change` (`aceObjectId`, `index`, `animationId`)
VALUES (21073, 0, 16777882);

INSERT INTO ace_weenie_class (`weenieClassId`, `weenieClassDescription`)
VALUES (21052, 'materialgromniehide');

INSERT INTO `ace_object` (`aceObjectId`, `aceObjectDescriptionFlags`, `weenieClassId`, `weenieHeaderFlags`, `currentMotionState`, `physicsDescriptionFlag`)
VALUES (21052, 18, 21052, 3509091352, NULL, 137217);

INSERT INTO `ace_object_properties_string` (`aceObjectId`, `strPropertyId`, `propertyValue`)
VALUES (21052, 1, 'Salvage (100)');

INSERT INTO `ace_object_properties_did` (`aceObjectId`, `didPropertyId`, `propertyValue`)
VALUES (21052, 8, 100673222)
     , (21052, 50, 100673276)
     , (21052, 1, 33554817)
     , (21052, 3, 536870932)
     , (21052, 22, 872415275)
     , (21052, 6, 67111919);

INSERT INTO `ace_object_properties_int` (`aceObjectId`, `intPropertyId`, `propertyValue`)
VALUES (21052, 53, 101)
     , (21052, 1, 1073741824)
     , (21052, 5, 100)
     , (21052, 151, 9)
     , (21052, 131, 54)
     , (21052, 11, 1)
     , (21052, 91, 100)
     , (21052, 12, 1)
     , (21052, 92, 100)
     , (21052, 94, 1140850688)
     , (21052, 16, 524296)
     , (21052, 19, 75000)
     , (21052, 93, 1044);

INSERT INTO `ace_object_properties_bool` (`aceObjectId`, `boolPropertyId`, `propertyValue`)
VALUES (21052, 13, True)
     , (21052, 11, True)
     , (21052, 14, True);

INSERT INTO `ace_object_palette_change` (`aceObjectId`, `subPaletteId`, `offset`, `length`)
VALUES (21052, 67111921, 0, 0);

INSERT INTO `ace_object_texture_map_change` (`aceObjectId`, `index`, `oldId`, `newId`)
VALUES (21052, 0, 83890064, 83894153);

INSERT INTO `ace_object_animation_change` (`aceObjectId`, `index`, `animationId`)
VALUES (21052, 0, 16777882);

INSERT INTO ace_weenie_class (`weenieClassId`, `weenieClassDescription`)
VALUES (21072, 'materialruby');

INSERT INTO `ace_object` (`aceObjectId`, `aceObjectDescriptionFlags`, `weenieClassId`, `weenieHeaderFlags`, `currentMotionState`, `physicsDescriptionFlag`)
VALUES (21072, 18, 21072, 3509091352, NULL, 137217);

INSERT INTO `ace_object_properties_string` (`aceObjectId`, `strPropertyId`, `propertyValue`)
VALUES (21072, 1, 'Salvage (100)');

INSERT INTO `ace_object_properties_did` (`aceObjectId`, `didPropertyId`, `propertyValue`)
VALUES (21072, 8, 100673222)
     , (21072, 50, 100673295)
     , (21072, 1, 33554817)
     , (21072, 3, 536870932)
     , (21072, 22, 872415275)
     , (21072, 6, 67111919);

INSERT INTO `ace_object_properties_int` (`aceObjectId`, `intPropertyId`, `propertyValue`)
VALUES (21072, 53, 101)
     , (21072, 1, 1073741824)
     , (21072, 5, 100)
     , (21072, 151, 9)
     , (21072, 131, 38)
     , (21072, 11, 1)
     , (21072, 91, 100)
     , (21072, 12, 1)
     , (21072, 92, 100)
     , (21072, 94, 1140850688)
     , (21072, 16, 524296)
     , (21072, 19, 36585)
     , (21072, 93, 1044);

INSERT INTO `ace_object_properties_bool` (`aceObjectId`, `boolPropertyId`, `propertyValue`)
VALUES (21072, 13, True)
     , (21072, 11, True)
     , (21072, 14, True);

INSERT INTO `ace_object_palette_change` (`aceObjectId`, `subPaletteId`, `offset`, `length`)
VALUES (21072, 67111921, 0, 0);

INSERT INTO `ace_object_texture_map_change` (`aceObjectId`, `index`, `oldId`, `newId`)
VALUES (21072, 0, 83890064, 83894153);

INSERT INTO `ace_object_animation_change` (`aceObjectId`, `index`, `animationId`)
VALUES (21072, 0, 16777882);

INSERT INTO ace_weenie_class (`weenieClassId`, `weenieClassDescription`)
VALUES (41494, 'ace41494-majoritemtinkeringarmature');

INSERT INTO `ace_object` (`aceObjectId`, `aceObjectDescriptionFlags`, `weenieClassId`, `weenieHeaderFlags`, `currentMotionState`, `physicsDescriptionFlag`)
VALUES (41494, 67108882, 41494, 1344828440, NULL, 137217);

INSERT INTO `ace_object_properties_string` (`aceObjectId`, `strPropertyId`, `propertyValue`)
VALUES (41494, 1, 'Major Item Tinkering Armature');

INSERT INTO `ace_object_properties_did` (`aceObjectId`, `didPropertyId`, `propertyValue`)
VALUES (41494, 8, 100673216)
     , (41494, 50, 100673295)
     , (41494, 52, 100676441)
     , (41494, 1, 33554817)
     , (41494, 3, 536870932)
     , (41494, 22, 872415275)
     , (41494, 6, 67111919);

INSERT INTO `ace_object_properties_int` (`aceObjectId`, `intPropertyId`, `propertyValue`)
VALUES (41494, 53, 101)
     , (41494, 1, 1073741824)
     , (41494, 5, 100)
     , (41494, 151, 9)
     , (41494, 11, 1)
     , (41494, 12, 1)
     , (41494, 92, 100)
     , (41494, 94, 8)
     , (41494, 16, 524296)
     , (41494, 19, 10)
     , (41494, 93, 1044);

INSERT INTO `ace_object_properties_bool` (`aceObjectId`, `boolPropertyId`, `propertyValue`)
VALUES (41494, 13, True)
     , (41494, 11, True)
     , (41494, 14, True);

INSERT INTO `ace_object_palette_change` (`aceObjectId`, `subPaletteId`, `offset`, `length`)
VALUES (41494, 67111919, 0, 0);

INSERT INTO `ace_object_texture_map_change` (`aceObjectId`, `index`, `oldId`, `newId`)
VALUES (41494, 0, 83890064, 83894153);

INSERT INTO `ace_object_animation_change` (`aceObjectId`, `index`, `animationId`)
VALUES (41494, 0, 16777882);

INSERT INTO ace_weenie_class (`weenieClassId`, `weenieClassDescription`)
VALUES (41500, 'ace41500-moderateitemtinkeringarmature');

INSERT INTO `ace_object` (`aceObjectId`, `aceObjectDescriptionFlags`, `weenieClassId`, `weenieHeaderFlags`, `currentMotionState`, `physicsDescriptionFlag`)
VALUES (41500, 67108882, 41500, 1344828440, NULL, 137217);

INSERT INTO `ace_object_properties_string` (`aceObjectId`, `strPropertyId`, `propertyValue`)
VALUES (41500, 1, 'Moderate Item Tinkering Armature');

INSERT INTO `ace_object_properties_did` (`aceObjectId`, `didPropertyId`, `propertyValue`)
VALUES (41500, 8, 100673216)
     , (41500, 50, 100673270)
     , (41500, 52, 100676442)
     , (41500, 1, 33554817)
     , (41500, 3, 536870932)
     , (41500, 22, 872415275)
     , (41500, 6, 67111919);

INSERT INTO `ace_object_properties_int` (`aceObjectId`, `intPropertyId`, `propertyValue`)
VALUES (41500, 53, 101)
     , (41500, 1, 1073741824)
     , (41500, 5, 100)
     , (41500, 151, 9)
     , (41500, 11, 1)
     , (41500, 12, 1)
     , (41500, 92, 100)
     , (41500, 94, 8)
     , (41500, 16, 524296)
     , (41500, 19, 10)
     , (41500, 93, 1044);

INSERT INTO `ace_object_properties_bool` (`aceObjectId`, `boolPropertyId`, `propertyValue`)
VALUES (41500, 13, True)
     , (41500, 11, True)
     , (41500, 14, True);

INSERT INTO `ace_object_palette_change` (`aceObjectId`, `subPaletteId`, `offset`, `length`)
VALUES (41500, 67111919, 0, 0);

INSERT INTO `ace_object_texture_map_change` (`aceObjectId`, `index`, `oldId`, `newId`)
VALUES (41500, 0, 83890064, 83894153);

INSERT INTO `ace_object_animation_change` (`aceObjectId`, `index`, `animationId`)
VALUES (41500, 0, 16777882);

INSERT INTO ace_weenie_class (`weenieClassId`, `weenieClassDescription`)
VALUES (41506, 'ace41506-minoritemtinkeringarmature');

INSERT INTO `ace_object` (`aceObjectId`, `aceObjectDescriptionFlags`, `weenieClassId`, `weenieHeaderFlags`, `currentMotionState`, `physicsDescriptionFlag`)
VALUES (41506, 67108882, 41506, 1344828440, NULL, 137217);

INSERT INTO `ace_object_properties_string` (`aceObjectId`, `strPropertyId`, `propertyValue`)
VALUES (41506, 1, 'Minor Item Tinkering Armature');

INSERT INTO `ace_object_properties_did` (`aceObjectId`, `didPropertyId`, `propertyValue`)
VALUES (41506, 8, 100673216)
     , (41506, 50, 100673276)
     , (41506, 52, 100676437)
     , (41506, 1, 33554817)
     , (41506, 3, 536870932)
     , (41506, 22, 872415275)
     , (41506, 6, 67111919);

INSERT INTO `ace_object_properties_int` (`aceObjectId`, `intPropertyId`, `propertyValue`)
VALUES (41506, 53, 101)
     , (41506, 1, 1073741824)
     , (41506, 5, 100)
     , (41506, 151, 9)
     , (41506, 11, 1)
     , (41506, 12, 1)
     , (41506, 92, 100)
     , (41506, 94, 8)
     , (41506, 16, 524296)
     , (41506, 19, 10)
     , (41506, 93, 1044);

INSERT INTO `ace_object_properties_bool` (`aceObjectId`, `boolPropertyId`, `propertyValue`)
VALUES (41506, 13, True)
     , (41506, 11, True)
     , (41506, 14, True);

INSERT INTO `ace_object_palette_change` (`aceObjectId`, `subPaletteId`, `offset`, `length`)
VALUES (41506, 67111919, 0, 0);

INSERT INTO `ace_object_texture_map_change` (`aceObjectId`, `index`, `oldId`, `newId`)
VALUES (41506, 0, 83890064, 83894153);

INSERT INTO `ace_object_animation_change` (`aceObjectId`, `index`, `animationId`)
VALUES (41506, 0, 16777882);

INSERT INTO ace_weenie_class (`weenieClassId`, `weenieClassDescription`)
VALUES (21067, 'materialporcelain');

INSERT INTO `ace_object` (`aceObjectId`, `aceObjectDescriptionFlags`, `weenieClassId`, `weenieHeaderFlags`, `currentMotionState`, `physicsDescriptionFlag`)
VALUES (21067, 18, 21067, 3509091352, NULL, 137217);

INSERT INTO `ace_object_properties_string` (`aceObjectId`, `strPropertyId`, `propertyValue`)
VALUES (21067, 1, 'Salvage (28)');

INSERT INTO `ace_object_properties_did` (`aceObjectId`, `didPropertyId`, `propertyValue`)
VALUES (21067, 8, 100673217)
     , (21067, 50, 100673290)
     , (21067, 1, 33554817)
     , (21067, 3, 536870932)
     , (21067, 22, 872415275)
     , (21067, 6, 67111919);

INSERT INTO `ace_object_properties_int` (`aceObjectId`, `intPropertyId`, `propertyValue`)
VALUES (21067, 53, 101)
     , (21067, 1, 1073741824)
     , (21067, 5, 100)
     , (21067, 151, 9)
     , (21067, 131, 2)
     , (21067, 11, 1)
     , (21067, 91, 100)
     , (21067, 12, 1)
     , (21067, 92, 28)
     , (21067, 94, 35215)
     , (21067, 16, 524296)
     , (21067, 19, 5730)
     , (21067, 93, 1044);

INSERT INTO `ace_object_properties_bool` (`aceObjectId`, `boolPropertyId`, `propertyValue`)
VALUES (21067, 13, True)
     , (21067, 11, True)
     , (21067, 14, True);

INSERT INTO `ace_object_palette_change` (`aceObjectId`, `subPaletteId`, `offset`, `length`)
VALUES (21067, 67111922, 0, 0);

INSERT INTO `ace_object_texture_map_change` (`aceObjectId`, `index`, `oldId`, `newId`)
VALUES (21067, 0, 83890064, 83894153);

INSERT INTO `ace_object_animation_change` (`aceObjectId`, `index`, `animationId`)
VALUES (21067, 0, 16777882);

INSERT INTO ace_weenie_class (`weenieClassId`, `weenieClassDescription`)
VALUES (20992, 'materialsatin');

INSERT INTO `ace_object` (`aceObjectId`, `aceObjectDescriptionFlags`, `weenieClassId`, `weenieHeaderFlags`, `currentMotionState`, `physicsDescriptionFlag`)
VALUES (20992, 18, 20992, 3509091352, NULL, 137217);

INSERT INTO `ace_object_properties_string` (`aceObjectId`, `strPropertyId`, `propertyValue`)
VALUES (20992, 1, 'Salvage (66)');

INSERT INTO `ace_object_properties_did` (`aceObjectId`, `didPropertyId`, `propertyValue`)
VALUES (20992, 8, 100673217)
     , (20992, 50, 100673298)
     , (20992, 1, 33554817)
     , (20992, 3, 536870932)
     , (20992, 22, 872415275)
     , (20992, 6, 67111919);

INSERT INTO `ace_object_properties_int` (`aceObjectId`, `intPropertyId`, `propertyValue`)
VALUES (20992, 53, 101)
     , (20992, 1, 1073741824)
     , (20992, 5, 100)
     , (20992, 151, 9)
     , (20992, 131, 5)
     , (20992, 11, 1)
     , (20992, 91, 100)
     , (20992, 12, 1)
     , (20992, 92, 66)
     , (20992, 94, 35215)
     , (20992, 16, 524296)
     , (20992, 19, 17672)
     , (20992, 93, 1044);

INSERT INTO `ace_object_properties_bool` (`aceObjectId`, `boolPropertyId`, `propertyValue`)
VALUES (20992, 13, True)
     , (20992, 11, True)
     , (20992, 14, True);

INSERT INTO `ace_object_palette_change` (`aceObjectId`, `subPaletteId`, `offset`, `length`)
VALUES (20992, 67111922, 0, 0);

INSERT INTO `ace_object_texture_map_change` (`aceObjectId`, `index`, `oldId`, `newId`)
VALUES (20992, 0, 83890064, 83894153);

INSERT INTO `ace_object_animation_change` (`aceObjectId`, `index`, `animationId`)
VALUES (20992, 0, 16777882);

INSERT INTO ace_weenie_class (`weenieClassId`, `weenieClassDescription`)
VALUES (21074, 'materialsapphire');

INSERT INTO `ace_object` (`aceObjectId`, `aceObjectDescriptionFlags`, `weenieClassId`, `weenieHeaderFlags`, `currentMotionState`, `physicsDescriptionFlag`)
VALUES (21074, 18, 21074, 3509091352, NULL, 137217);

INSERT INTO `ace_object_properties_string` (`aceObjectId`, `strPropertyId`, `propertyValue`)
VALUES (21074, 1, 'Salvage (27)');

INSERT INTO `ace_object_properties_did` (`aceObjectId`, `didPropertyId`, `propertyValue`)
VALUES (21074, 8, 100673222)
     , (21074, 50, 100673297)
     , (21074, 1, 33554817)
     , (21074, 3, 536870932)
     , (21074, 22, 872415275)
     , (21074, 6, 67111919);

INSERT INTO `ace_object_properties_int` (`aceObjectId`, `intPropertyId`, `propertyValue`)
VALUES (21074, 53, 101)
     , (21074, 1, 1073741824)
     , (21074, 5, 100)
     , (21074, 151, 9)
     , (21074, 131, 39)
     , (21074, 11, 1)
     , (21074, 91, 100)
     , (21074, 12, 1)
     , (21074, 92, 27)
     , (21074, 94, 1140850688)
     , (21074, 16, 524296)
     , (21074, 19, 6200)
     , (21074, 93, 1044);

INSERT INTO `ace_object_properties_bool` (`aceObjectId`, `boolPropertyId`, `propertyValue`)
VALUES (21074, 13, True)
     , (21074, 11, True)
     , (21074, 14, True);

INSERT INTO `ace_object_palette_change` (`aceObjectId`, `subPaletteId`, `offset`, `length`)
VALUES (21074, 67111921, 0, 0);

INSERT INTO `ace_object_texture_map_change` (`aceObjectId`, `index`, `oldId`, `newId`)
VALUES (21074, 0, 83890064, 83894153);

INSERT INTO `ace_object_animation_change` (`aceObjectId`, `index`, `animationId`)
VALUES (21074, 0, 16777882);

INSERT INTO ace_weenie_class (`weenieClassId`, `weenieClassDescription`)
VALUES (21066, 'materialperidot');

INSERT INTO `ace_object` (`aceObjectId`, `aceObjectDescriptionFlags`, `weenieClassId`, `weenieHeaderFlags`, `currentMotionState`, `physicsDescriptionFlag`)
VALUES (21066, 18, 21066, 3509091352, NULL, 137217);

INSERT INTO `ace_object_properties_string` (`aceObjectId`, `strPropertyId`, `propertyValue`)
VALUES (21066, 1, 'Salvage (40)');

INSERT INTO `ace_object_properties_did` (`aceObjectId`, `didPropertyId`, `propertyValue`)
VALUES (21066, 8, 100673219)
     , (21066, 50, 100673289)
     , (21066, 1, 33554817)
     , (21066, 3, 536870932)
     , (21066, 22, 872415275)
     , (21066, 6, 67111919);

INSERT INTO `ace_object_properties_int` (`aceObjectId`, `intPropertyId`, `propertyValue`)
VALUES (21066, 53, 101)
     , (21066, 1, 1073741824)
     , (21066, 5, 100)
     , (21066, 151, 9)
     , (21066, 131, 34)
     , (21066, 11, 1)
     , (21066, 91, 100)
     , (21066, 12, 1)
     , (21066, 92, 40)
     , (21066, 94, 6)
     , (21066, 16, 524296)
     , (21066, 19, 5156)
     , (21066, 93, 1044);

INSERT INTO `ace_object_properties_bool` (`aceObjectId`, `boolPropertyId`, `propertyValue`)
VALUES (21066, 13, True)
     , (21066, 11, True)
     , (21066, 14, True);

INSERT INTO `ace_object_palette_change` (`aceObjectId`, `subPaletteId`, `offset`, `length`)
VALUES (21066, 67111923, 0, 0);

INSERT INTO `ace_object_texture_map_change` (`aceObjectId`, `index`, `oldId`, `newId`)
VALUES (21066, 0, 83890064, 83894153);

INSERT INTO `ace_object_animation_change` (`aceObjectId`, `index`, `animationId`)
VALUES (21066, 0, 16777882);

INSERT INTO ace_weenie_class (`weenieClassId`, `weenieClassDescription`)
VALUES (21088, 'materialyellowtopaz');

INSERT INTO `ace_object` (`aceObjectId`, `aceObjectDescriptionFlags`, `weenieClassId`, `weenieHeaderFlags`, `currentMotionState`, `physicsDescriptionFlag`)
VALUES (21088, 18, 21088, 3509091352, NULL, 137217);

INSERT INTO `ace_object_properties_string` (`aceObjectId`, `strPropertyId`, `propertyValue`)
VALUES (21088, 1, 'Salvage (16)');

INSERT INTO `ace_object_properties_did` (`aceObjectId`, `didPropertyId`, `propertyValue`)
VALUES (21088, 8, 100673219)
     , (21088, 50, 100673312)
     , (21088, 1, 33554817)
     , (21088, 3, 536870932)
     , (21088, 22, 872415275)
     , (21088, 6, 67111919);

INSERT INTO `ace_object_properties_int` (`aceObjectId`, `intPropertyId`, `propertyValue`)
VALUES (21088, 53, 101)
     , (21088, 1, 1073741824)
     , (21088, 5, 100)
     , (21088, 151, 9)
     , (21088, 131, 49)
     , (21088, 11, 1)
     , (21088, 91, 100)
     , (21088, 12, 1)
     , (21088, 92, 16)
     , (21088, 94, 6)
     , (21088, 16, 524296)
     , (21088, 19, 2848)
     , (21088, 93, 1044);

INSERT INTO `ace_object_properties_bool` (`aceObjectId`, `boolPropertyId`, `propertyValue`)
VALUES (21088, 13, True)
     , (21088, 11, True)
     , (21088, 14, True);

INSERT INTO `ace_object_palette_change` (`aceObjectId`, `subPaletteId`, `offset`, `length`)
VALUES (21088, 67111923, 0, 0);

INSERT INTO `ace_object_texture_map_change` (`aceObjectId`, `index`, `oldId`, `newId`)
VALUES (21088, 0, 83890064, 83894153);

INSERT INTO `ace_object_animation_change` (`aceObjectId`, `index`, `animationId`)
VALUES (21088, 0, 16777882);

INSERT INTO ace_weenie_class (`weenieClassId`, `weenieClassDescription`)
VALUES (21077, 'materialsilver');

INSERT INTO `ace_object` (`aceObjectId`, `aceObjectDescriptionFlags`, `weenieClassId`, `weenieHeaderFlags`, `currentMotionState`, `physicsDescriptionFlag`)
VALUES (21077, 18, 21077, 3509091352, NULL, 137217);

INSERT INTO `ace_object_properties_string` (`aceObjectId`, `strPropertyId`, `propertyValue`)
VALUES (21077, 1, 'Salvage (87)');

INSERT INTO `ace_object_properties_did` (`aceObjectId`, `didPropertyId`, `propertyValue`)
VALUES (21077, 8, 100673217)
     , (21077, 50, 100673301)
     , (21077, 1, 33554817)
     , (21077, 3, 536870932)
     , (21077, 22, 872415275)
     , (21077, 6, 67111919);

INSERT INTO `ace_object_properties_int` (`aceObjectId`, `intPropertyId`, `propertyValue`)
VALUES (21077, 53, 101)
     , (21077, 1, 1073741824)
     , (21077, 5, 100)
     , (21077, 151, 9)
     , (21077, 131, 63)
     , (21077, 11, 1)
     , (21077, 91, 100)
     , (21077, 12, 1)
     , (21077, 92, 87)
     , (21077, 94, 6)
     , (21077, 16, 524296)
     , (21077, 19, 31530)
     , (21077, 93, 1044);

INSERT INTO `ace_object_properties_bool` (`aceObjectId`, `boolPropertyId`, `propertyValue`)
VALUES (21077, 13, True)
     , (21077, 11, True)
     , (21077, 14, True);

INSERT INTO `ace_object_palette_change` (`aceObjectId`, `subPaletteId`, `offset`, `length`)
VALUES (21077, 67111922, 0, 0);

INSERT INTO `ace_object_texture_map_change` (`aceObjectId`, `index`, `oldId`, `newId`)
VALUES (21077, 0, 83890064, 83894153);

INSERT INTO `ace_object_animation_change` (`aceObjectId`, `index`, `animationId`)
VALUES (21077, 0, 16777882);

INSERT INTO ace_weenie_class (`weenieClassId`, `weenieClassDescription`)
VALUES (21063, 'materialobsidian');

INSERT INTO `ace_object` (`aceObjectId`, `aceObjectDescriptionFlags`, `weenieClassId`, `weenieHeaderFlags`, `currentMotionState`, `physicsDescriptionFlag`)
VALUES (21063, 18, 21063, 3508567064, NULL, 137217);

INSERT INTO `ace_object_properties_string` (`aceObjectId`, `strPropertyId`, `propertyValue`)
VALUES (21063, 1, 'Salvaged  (100)');

INSERT INTO `ace_object_properties_did` (`aceObjectId`, `didPropertyId`, `propertyValue`)
VALUES (21063, 8, 100673216)
     , (21063, 50, 100673286)
     , (21063, 1, 33554817)
     , (21063, 3, 536870932)
     , (21063, 22, 872415275)
     , (21063, 6, 67111919);

INSERT INTO `ace_object_properties_int` (`aceObjectId`, `intPropertyId`, `propertyValue`)
VALUES (21063, 53, 101)
     , (21063, 1, 1073741824)
     , (21063, 5, 100)
     , (21063, 151, 9)
     , (21063, 131, 69)
     , (21063, 11, 1)
     , (21063, 91, 100)
     , (21063, 12, 1)
     , (21063, 92, 100)
     , (21063, 16, 1)
     , (21063, 19, 20107)
     , (21063, 93, 1044);

INSERT INTO `ace_object_properties_bool` (`aceObjectId`, `boolPropertyId`, `propertyValue`)
VALUES (21063, 13, True)
     , (21063, 11, True)
     , (21063, 14, True);

INSERT INTO `ace_object_palette_change` (`aceObjectId`, `subPaletteId`, `offset`, `length`)
VALUES (21063, 67111919, 0, 0);

INSERT INTO `ace_object_texture_map_change` (`aceObjectId`, `index`, `oldId`, `newId`)
VALUES (21063, 0, 83890064, 83894153);

INSERT INTO `ace_object_animation_change` (`aceObjectId`, `index`, `animationId`)
VALUES (21063, 0, 16777882);

INSERT INTO ace_weenie_class (`weenieClassId`, `weenieClassDescription`)
VALUES (21087, 'materialyellowgarnet');

INSERT INTO `ace_object` (`aceObjectId`, `aceObjectDescriptionFlags`, `weenieClassId`, `weenieHeaderFlags`, `currentMotionState`, `physicsDescriptionFlag`)
VALUES (21087, 18, 21087, 3508567064, NULL, 137217);

INSERT INTO `ace_object_properties_string` (`aceObjectId`, `strPropertyId`, `propertyValue`)
VALUES (21087, 1, 'Salvaged  (100)');

INSERT INTO `ace_object_properties_did` (`aceObjectId`, `didPropertyId`, `propertyValue`)
VALUES (21087, 8, 100673216)
     , (21087, 50, 100673311)
     , (21087, 1, 33554817)
     , (21087, 3, 536870932)
     , (21087, 22, 872415275)
     , (21087, 6, 67111919);

INSERT INTO `ace_object_properties_int` (`aceObjectId`, `intPropertyId`, `propertyValue`)
VALUES (21087, 53, 101)
     , (21087, 1, 1073741824)
     , (21087, 5, 100)
     , (21087, 151, 9)
     , (21087, 131, 48)
     , (21087, 11, 1)
     , (21087, 91, 100)
     , (21087, 12, 1)
     , (21087, 92, 100)
     , (21087, 16, 1)
     , (21087, 19, 5371)
     , (21087, 93, 1044);

INSERT INTO `ace_object_properties_bool` (`aceObjectId`, `boolPropertyId`, `propertyValue`)
VALUES (21087, 13, True)
     , (21087, 11, True)
     , (21087, 14, True);

INSERT INTO `ace_object_palette_change` (`aceObjectId`, `subPaletteId`, `offset`, `length`)
VALUES (21087, 67111919, 0, 0);

INSERT INTO `ace_object_texture_map_change` (`aceObjectId`, `index`, `oldId`, `newId`)
VALUES (21087, 0, 83890064, 83894153);

INSERT INTO `ace_object_animation_change` (`aceObjectId`, `index`, `animationId`)
VALUES (21087, 0, 16777882);

INSERT INTO ace_weenie_class (`weenieClassId`, `weenieClassDescription`)
VALUES (21034, 'materialagate');

INSERT INTO `ace_object` (`aceObjectId`, `aceObjectDescriptionFlags`, `weenieClassId`, `weenieHeaderFlags`, `currentMotionState`, `physicsDescriptionFlag`)
VALUES (21034, 18, 21034, 3509091352, NULL, 137217);

INSERT INTO `ace_object_properties_string` (`aceObjectId`, `strPropertyId`, `propertyValue`)
VALUES (21034, 1, 'Salvaged  (100)');

INSERT INTO `ace_object_properties_did` (`aceObjectId`, `didPropertyId`, `propertyValue`)
VALUES (21034, 8, 100673214)
     , (21034, 50, 100673259)
     , (21034, 1, 33554817)
     , (21034, 3, 536870932)
     , (21034, 22, 872415275)
     , (21034, 6, 67111919);

INSERT INTO `ace_object_properties_int` (`aceObjectId`, `intPropertyId`, `propertyValue`)
VALUES (21034, 53, 101)
     , (21034, 1, 1073741824)
     , (21034, 5, 100)
     , (21034, 151, 9)
     , (21034, 131, 10)
     , (21034, 11, 1)
     , (21034, 91, 100)
     , (21034, 12, 1)
     , (21034, 92, 100)
     , (21034, 94, 8)
     , (21034, 16, 524296)
     , (21034, 19, 818)
     , (21034, 93, 1044);

INSERT INTO `ace_object_properties_bool` (`aceObjectId`, `boolPropertyId`, `propertyValue`)
VALUES (21034, 13, True)
     , (21034, 11, True)
     , (21034, 14, True);

INSERT INTO `ace_object_palette_change` (`aceObjectId`, `subPaletteId`, `offset`, `length`)
VALUES (21034, 67111918, 0, 0);

INSERT INTO `ace_object_texture_map_change` (`aceObjectId`, `index`, `oldId`, `newId`)
VALUES (21034, 0, 83890064, 83894153);

INSERT INTO `ace_object_animation_change` (`aceObjectId`, `index`, `animationId`)
VALUES (21034, 0, 16777882);

INSERT INTO ace_weenie_class (`weenieClassId`, `weenieClassDescription`)
VALUES (21043, 'materialcarnelian');

INSERT INTO `ace_object` (`aceObjectId`, `aceObjectDescriptionFlags`, `weenieClassId`, `weenieHeaderFlags`, `currentMotionState`, `physicsDescriptionFlag`)
VALUES (21043, 18, 21043, 3509091352, NULL, 137217);

INSERT INTO `ace_object_properties_string` (`aceObjectId`, `strPropertyId`, `propertyValue`)
VALUES (21043, 1, 'Salvaged  (100)');

INSERT INTO `ace_object_properties_did` (`aceObjectId`, `didPropertyId`, `propertyValue`)
VALUES (21043, 8, 100673214)
     , (21043, 50, 100673267)
     , (21043, 1, 33554817)
     , (21043, 3, 536870932)
     , (21043, 22, 872415275)
     , (21043, 6, 67111919);

INSERT INTO `ace_object_properties_int` (`aceObjectId`, `intPropertyId`, `propertyValue`)
VALUES (21043, 53, 101)
     , (21043, 1, 1073741824)
     , (21043, 5, 100)
     , (21043, 151, 9)
     , (21043, 131, 18)
     , (21043, 11, 1)
     , (21043, 91, 100)
     , (21043, 12, 1)
     , (21043, 92, 100)
     , (21043, 94, 8)
     , (21043, 16, 524296)
     , (21043, 19, 3371)
     , (21043, 93, 1044);

INSERT INTO `ace_object_properties_bool` (`aceObjectId`, `boolPropertyId`, `propertyValue`)
VALUES (21043, 13, True)
     , (21043, 11, True)
     , (21043, 14, True);

INSERT INTO `ace_object_palette_change` (`aceObjectId`, `subPaletteId`, `offset`, `length`)
VALUES (21043, 67111918, 0, 0);

INSERT INTO `ace_object_texture_map_change` (`aceObjectId`, `index`, `oldId`, `newId`)
VALUES (21043, 0, 83890064, 83894153);

INSERT INTO `ace_object_animation_change` (`aceObjectId`, `index`, `animationId`)
VALUES (21043, 0, 16777882);

INSERT INTO ace_weenie_class (`weenieClassId`, `weenieClassDescription`)
VALUES (21078, 'materialsmokyquartz');

INSERT INTO `ace_object` (`aceObjectId`, `aceObjectDescriptionFlags`, `weenieClassId`, `weenieHeaderFlags`, `currentMotionState`, `physicsDescriptionFlag`)
VALUES (21078, 18, 21078, 3509091352, NULL, 137217);

INSERT INTO `ace_object_properties_string` (`aceObjectId`, `strPropertyId`, `propertyValue`)
VALUES (21078, 1, 'Salvaged  (100)');

INSERT INTO `ace_object_properties_did` (`aceObjectId`, `didPropertyId`, `propertyValue`)
VALUES (21078, 8, 100673214)
     , (21078, 50, 100673302)
     , (21078, 1, 33554817)
     , (21078, 3, 536870932)
     , (21078, 22, 872415275)
     , (21078, 6, 67111919);

INSERT INTO `ace_object_properties_int` (`aceObjectId`, `intPropertyId`, `propertyValue`)
VALUES (21078, 53, 101)
     , (21078, 1, 1073741824)
     , (21078, 5, 100)
     , (21078, 151, 9)
     , (21078, 131, 40)
     , (21078, 11, 1)
     , (21078, 91, 100)
     , (21078, 12, 1)
     , (21078, 92, 100)
     , (21078, 94, 8)
     , (21078, 16, 524296)
     , (21078, 19, 3968)
     , (21078, 93, 1044);

INSERT INTO `ace_object_properties_bool` (`aceObjectId`, `boolPropertyId`, `propertyValue`)
VALUES (21078, 13, True)
     , (21078, 11, True)
     , (21078, 14, True);

INSERT INTO `ace_object_palette_change` (`aceObjectId`, `subPaletteId`, `offset`, `length`)
VALUES (21078, 67111918, 0, 0);

INSERT INTO `ace_object_texture_map_change` (`aceObjectId`, `index`, `oldId`, `newId`)
VALUES (21078, 0, 83890064, 83894153);

INSERT INTO `ace_object_animation_change` (`aceObjectId`, `index`, `animationId`)
VALUES (21078, 0, 16777882);

INSERT INTO ace_weenie_class (`weenieClassId`, `weenieClassDescription`)
VALUES (20984, 'materialgold');

INSERT INTO `ace_object` (`aceObjectId`, `aceObjectDescriptionFlags`, `weenieClassId`, `weenieHeaderFlags`, `currentMotionState`, `physicsDescriptionFlag`)
VALUES (20984, 18, 20984, 3509091352, NULL, 137217);

INSERT INTO `ace_object_properties_string` (`aceObjectId`, `strPropertyId`, `propertyValue`)
VALUES (20984, 1, 'Salvaged  (54)');

INSERT INTO `ace_object_properties_did` (`aceObjectId`, `didPropertyId`, `propertyValue`)
VALUES (20984, 8, 100673217)
     , (20984, 50, 100673228)
     , (20984, 1, 33554817)
     , (20984, 3, 536870932)
     , (20984, 22, 872415275)
     , (20984, 6, 67111919);

INSERT INTO `ace_object_properties_int` (`aceObjectId`, `intPropertyId`, `propertyValue`)
VALUES (20984, 53, 101)
     , (20984, 1, 1073741824)
     , (20984, 5, 100)
     , (20984, 151, 9)
     , (20984, 131, 60)
     , (20984, 11, 1)
     , (20984, 91, 100)
     , (20984, 12, 1)
     , (20984, 92, 54)
     , (20984, 94, 35215)
     , (20984, 16, 524296)
     , (20984, 19, 39536)
     , (20984, 93, 1044);

INSERT INTO `ace_object_properties_bool` (`aceObjectId`, `boolPropertyId`, `propertyValue`)
VALUES (20984, 13, True)
     , (20984, 11, True)
     , (20984, 14, True);

INSERT INTO `ace_object_palette_change` (`aceObjectId`, `subPaletteId`, `offset`, `length`)
VALUES (20984, 67111922, 0, 0);

INSERT INTO `ace_object_texture_map_change` (`aceObjectId`, `index`, `oldId`, `newId`)
VALUES (20984, 0, 83890064, 83894153);

INSERT INTO `ace_object_animation_change` (`aceObjectId`, `index`, `animationId`)
VALUES (20984, 0, 16777882);

INSERT INTO ace_weenie_class (`weenieClassId`, `weenieClassDescription`)
VALUES (21071, 'materialrosequartz');

INSERT INTO `ace_object` (`aceObjectId`, `aceObjectDescriptionFlags`, `weenieClassId`, `weenieHeaderFlags`, `currentMotionState`, `physicsDescriptionFlag`)
VALUES (21071, 18, 21071, 3509091352, NULL, 137217);

INSERT INTO `ace_object_properties_string` (`aceObjectId`, `strPropertyId`, `propertyValue`)
VALUES (21071, 1, 'Salvaged  (72)');

INSERT INTO `ace_object_properties_did` (`aceObjectId`, `didPropertyId`, `propertyValue`)
VALUES (21071, 8, 100673214)
     , (21071, 50, 100673294)
     , (21071, 1, 33554817)
     , (21071, 3, 536870932)
     , (21071, 22, 872415275)
     , (21071, 6, 67111919);

INSERT INTO `ace_object_properties_int` (`aceObjectId`, `intPropertyId`, `propertyValue`)
VALUES (21071, 53, 101)
     , (21071, 1, 1073741824)
     , (21071, 5, 100)
     , (21071, 151, 9)
     , (21071, 131, 37)
     , (21071, 11, 1)
     , (21071, 91, 100)
     , (21071, 12, 1)
     , (21071, 92, 72)
     , (21071, 94, 8)
     , (21071, 16, 524296)
     , (21071, 19, 5973)
     , (21071, 93, 1044);

INSERT INTO `ace_object_properties_bool` (`aceObjectId`, `boolPropertyId`, `propertyValue`)
VALUES (21071, 13, True)
     , (21071, 11, True)
     , (21071, 14, True);

INSERT INTO `ace_object_palette_change` (`aceObjectId`, `subPaletteId`, `offset`, `length`)
VALUES (21071, 67111918, 0, 0);

INSERT INTO `ace_object_texture_map_change` (`aceObjectId`, `index`, `oldId`, `newId`)
VALUES (21071, 0, 83890064, 83894153);

INSERT INTO `ace_object_animation_change` (`aceObjectId`, `index`, `animationId`)
VALUES (21071, 0, 16777882);

INSERT INTO ace_weenie_class (`weenieClassId`, `weenieClassDescription`)
VALUES (21057, 'materiallapislazuli');

INSERT INTO `ace_object` (`aceObjectId`, `aceObjectDescriptionFlags`, `weenieClassId`, `weenieHeaderFlags`, `currentMotionState`, `physicsDescriptionFlag`)
VALUES (21057, 18, 21057, 3509091352, NULL, 137217);

INSERT INTO `ace_object_properties_string` (`aceObjectId`, `strPropertyId`, `propertyValue`)
VALUES (21057, 1, 'Salvaged  (90)');

INSERT INTO `ace_object_properties_did` (`aceObjectId`, `didPropertyId`, `propertyValue`)
VALUES (21057, 8, 100673214)
     , (21057, 50, 100673281)
     , (21057, 1, 33554817)
     , (21057, 3, 536870932)
     , (21057, 22, 872415275)
     , (21057, 6, 67111919);

INSERT INTO `ace_object_properties_int` (`aceObjectId`, `intPropertyId`, `propertyValue`)
VALUES (21057, 53, 101)
     , (21057, 1, 1073741824)
     , (21057, 5, 100)
     , (21057, 151, 9)
     , (21057, 131, 28)
     , (21057, 11, 1)
     , (21057, 91, 100)
     , (21057, 12, 1)
     , (21057, 92, 90)
     , (21057, 94, 8)
     , (21057, 16, 524296)
     , (21057, 19, 2560)
     , (21057, 93, 1044);

INSERT INTO `ace_object_properties_bool` (`aceObjectId`, `boolPropertyId`, `propertyValue`)
VALUES (21057, 13, True)
     , (21057, 11, True)
     , (21057, 14, True);

INSERT INTO `ace_object_palette_change` (`aceObjectId`, `subPaletteId`, `offset`, `length`)
VALUES (21057, 67111918, 0, 0);

INSERT INTO `ace_object_texture_map_change` (`aceObjectId`, `index`, `oldId`, `newId`)
VALUES (21057, 0, 83890064, 83894153);

INSERT INTO `ace_object_animation_change` (`aceObjectId`, `index`, `animationId`)
VALUES (21057, 0, 16777882);

INSERT INTO ace_weenie_class (`weenieClassId`, `weenieClassDescription`)
VALUES (21041, 'materialbloodstone');

INSERT INTO `ace_object` (`aceObjectId`, `aceObjectDescriptionFlags`, `weenieClassId`, `weenieHeaderFlags`, `currentMotionState`, `physicsDescriptionFlag`)
VALUES (21041, 18, 21041, 3509091352, NULL, 137217);

INSERT INTO `ace_object_properties_string` (`aceObjectId`, `strPropertyId`, `propertyValue`)
VALUES (21041, 1, 'Salvaged  (52)');

INSERT INTO `ace_object_properties_did` (`aceObjectId`, `didPropertyId`, `propertyValue`)
VALUES (21041, 8, 100673214)
     , (21041, 50, 100673266)
     , (21041, 1, 33554817)
     , (21041, 3, 536870932)
     , (21041, 22, 872415275)
     , (21041, 6, 67111919);

INSERT INTO `ace_object_properties_int` (`aceObjectId`, `intPropertyId`, `propertyValue`)
VALUES (21041, 53, 101)
     , (21041, 1, 1073741824)
     , (21041, 5, 100)
     , (21041, 151, 9)
     , (21041, 131, 17)
     , (21041, 11, 1)
     , (21041, 91, 100)
     , (21041, 12, 1)
     , (21041, 92, 52)
     , (21041, 94, 8)
     , (21041, 16, 524296)
     , (21041, 19, 2986)
     , (21041, 93, 1044);

INSERT INTO `ace_object_properties_bool` (`aceObjectId`, `boolPropertyId`, `propertyValue`)
VALUES (21041, 13, True)
     , (21041, 11, True)
     , (21041, 14, True);

INSERT INTO `ace_object_palette_change` (`aceObjectId`, `subPaletteId`, `offset`, `length`)
VALUES (21041, 67111918, 0, 0);

INSERT INTO `ace_object_texture_map_change` (`aceObjectId`, `index`, `oldId`, `newId`)
VALUES (21041, 0, 83890064, 83894153);

INSERT INTO `ace_object_animation_change` (`aceObjectId`, `index`, `animationId`)
VALUES (21041, 0, 16777882);

INSERT INTO ace_weenie_class (`weenieClassId`, `weenieClassDescription`)
VALUES (21058, 'materiallavenderjade');

INSERT INTO `ace_object` (`aceObjectId`, `aceObjectDescriptionFlags`, `weenieClassId`, `weenieHeaderFlags`, `currentMotionState`, `physicsDescriptionFlag`)
VALUES (21058, 18, 21058, 3509091352, NULL, 137217);

INSERT INTO `ace_object_properties_string` (`aceObjectId`, `strPropertyId`, `propertyValue`)
VALUES (21058, 1, 'Salvaged  (31)');

INSERT INTO `ace_object_properties_did` (`aceObjectId`, `didPropertyId`, `propertyValue`)
VALUES (21058, 8, 100673214)
     , (21058, 50, 100673282)
     , (21058, 1, 33554817)
     , (21058, 3, 536870932)
     , (21058, 22, 872415275)
     , (21058, 6, 67111919);

INSERT INTO `ace_object_properties_int` (`aceObjectId`, `intPropertyId`, `propertyValue`)
VALUES (21058, 53, 101)
     , (21058, 1, 1073741824)
     , (21058, 5, 100)
     , (21058, 151, 9)
     , (21058, 131, 29)
     , (21058, 11, 1)
     , (21058, 91, 100)
     , (21058, 12, 1)
     , (21058, 92, 31)
     , (21058, 94, 8)
     , (21058, 16, 524296)
     , (21058, 19, 3584)
     , (21058, 93, 1044);

INSERT INTO `ace_object_properties_bool` (`aceObjectId`, `boolPropertyId`, `propertyValue`)
VALUES (21058, 13, True)
     , (21058, 11, True)
     , (21058, 14, True);

INSERT INTO `ace_object_palette_change` (`aceObjectId`, `subPaletteId`, `offset`, `length`)
VALUES (21058, 67111918, 0, 0);

INSERT INTO `ace_object_texture_map_change` (`aceObjectId`, `index`, `oldId`, `newId`)
VALUES (21058, 0, 83890064, 83894153);

INSERT INTO `ace_object_animation_change` (`aceObjectId`, `index`, `animationId`)
VALUES (21058, 0, 16777882);

INSERT INTO ace_weenie_class (`weenieClassId`, `weenieClassDescription`)
VALUES (21070, 'materialredjade');

INSERT INTO `ace_object` (`aceObjectId`, `aceObjectDescriptionFlags`, `weenieClassId`, `weenieHeaderFlags`, `currentMotionState`, `physicsDescriptionFlag`)
VALUES (21070, 18, 21070, 3509091352, NULL, 137217);

INSERT INTO `ace_object_properties_string` (`aceObjectId`, `strPropertyId`, `propertyValue`)
VALUES (21070, 1, 'Salvaged  (93)');

INSERT INTO `ace_object_properties_did` (`aceObjectId`, `didPropertyId`, `propertyValue`)
VALUES (21070, 8, 100673214)
     , (21070, 50, 100673293)
     , (21070, 1, 33554817)
     , (21070, 3, 536870932)
     , (21070, 22, 872415275)
     , (21070, 6, 67111919);

INSERT INTO `ace_object_properties_int` (`aceObjectId`, `intPropertyId`, `propertyValue`)
VALUES (21070, 53, 101)
     , (21070, 1, 1073741824)
     , (21070, 5, 100)
     , (21070, 151, 9)
     , (21070, 131, 36)
     , (21070, 11, 1)
     , (21070, 91, 100)
     , (21070, 12, 1)
     , (21070, 92, 93)
     , (21070, 94, 8)
     , (21070, 16, 524296)
     , (21070, 19, 8585)
     , (21070, 93, 1044);

INSERT INTO `ace_object_properties_bool` (`aceObjectId`, `boolPropertyId`, `propertyValue`)
VALUES (21070, 13, True)
     , (21070, 11, True)
     , (21070, 14, True);

INSERT INTO `ace_object_palette_change` (`aceObjectId`, `subPaletteId`, `offset`, `length`)
VALUES (21070, 67111918, 0, 0);

INSERT INTO `ace_object_texture_map_change` (`aceObjectId`, `index`, `oldId`, `newId`)
VALUES (21070, 0, 83890064, 83894153);

INSERT INTO `ace_object_animation_change` (`aceObjectId`, `index`, `animationId`)
VALUES (21070, 0, 16777882);

INSERT INTO ace_weenie_class (`weenieClassId`, `weenieClassDescription`)
VALUES (20987, 'materiallinen');

INSERT INTO `ace_object` (`aceObjectId`, `aceObjectDescriptionFlags`, `weenieClassId`, `weenieHeaderFlags`, `currentMotionState`, `physicsDescriptionFlag`)
VALUES (20987, 18, 20987, 3509091352, NULL, 137217);

INSERT INTO `ace_object_properties_string` (`aceObjectId`, `strPropertyId`, `propertyValue`)
VALUES (20987, 1, 'Salvaged  (98)');

INSERT INTO `ace_object_properties_did` (`aceObjectId`, `didPropertyId`, `propertyValue`)
VALUES (20987, 8, 100673217)
     , (20987, 50, 100673231)
     , (20987, 1, 33554817)
     , (20987, 3, 536870932)
     , (20987, 22, 872415275)
     , (20987, 6, 67111919);

INSERT INTO `ace_object_properties_int` (`aceObjectId`, `intPropertyId`, `propertyValue`)
VALUES (20987, 53, 101)
     , (20987, 1, 1073741824)
     , (20987, 5, 100)
     , (20987, 151, 9)
     , (20987, 131, 4)
     , (20987, 11, 1)
     , (20987, 91, 100)
     , (20987, 12, 1)
     , (20987, 92, 98)
     , (20987, 94, 35215)
     , (20987, 16, 524296)
     , (20987, 19, 10403)
     , (20987, 93, 1044);

INSERT INTO `ace_object_properties_bool` (`aceObjectId`, `boolPropertyId`, `propertyValue`)
VALUES (20987, 13, True)
     , (20987, 11, True)
     , (20987, 14, True);

INSERT INTO `ace_object_palette_change` (`aceObjectId`, `subPaletteId`, `offset`, `length`)
VALUES (20987, 67111922, 0, 0);

INSERT INTO `ace_object_texture_map_change` (`aceObjectId`, `index`, `oldId`, `newId`)
VALUES (20987, 0, 83890064, 83894153);

INSERT INTO `ace_object_animation_change` (`aceObjectId`, `index`, `animationId`)
VALUES (20987, 0, 16777882);

INSERT INTO ace_weenie_class (`weenieClassId`, `weenieClassDescription`)
VALUES (21044, 'materialcitrine');

INSERT INTO `ace_object` (`aceObjectId`, `aceObjectDescriptionFlags`, `weenieClassId`, `weenieHeaderFlags`, `currentMotionState`, `physicsDescriptionFlag`)
VALUES (21044, 18, 21044, 3509091352, NULL, 137217);

INSERT INTO `ace_object_properties_string` (`aceObjectId`, `strPropertyId`, `propertyValue`)
VALUES (21044, 1, 'Salvaged  (47)');

INSERT INTO `ace_object_properties_did` (`aceObjectId`, `didPropertyId`, `propertyValue`)
VALUES (21044, 8, 100673214)
     , (21044, 50, 100673268)
     , (21044, 1, 33554817)
     , (21044, 3, 536870932)
     , (21044, 22, 872415275)
     , (21044, 6, 67111919);

INSERT INTO `ace_object_properties_int` (`aceObjectId`, `intPropertyId`, `propertyValue`)
VALUES (21044, 53, 101)
     , (21044, 1, 1073741824)
     , (21044, 5, 100)
     , (21044, 151, 9)
     , (21044, 131, 19)
     , (21044, 11, 1)
     , (21044, 91, 100)
     , (21044, 12, 1)
     , (21044, 92, 47)
     , (21044, 94, 8)
     , (21044, 16, 524296)
     , (21044, 19, 2199)
     , (21044, 93, 1044);

INSERT INTO `ace_object_properties_bool` (`aceObjectId`, `boolPropertyId`, `propertyValue`)
VALUES (21044, 13, True)
     , (21044, 11, True)
     , (21044, 14, True);

INSERT INTO `ace_object_palette_change` (`aceObjectId`, `subPaletteId`, `offset`, `length`)
VALUES (21044, 67111918, 0, 0);

INSERT INTO `ace_object_texture_map_change` (`aceObjectId`, `index`, `oldId`, `newId`)
VALUES (21044, 0, 83890064, 83894153);

INSERT INTO `ace_object_animation_change` (`aceObjectId`, `index`, `animationId`)
VALUES (21044, 0, 16777882);

INSERT INTO ace_weenie_class (`weenieClassId`, `weenieClassDescription`)
VALUES (21062, 'materialmoonstone');

INSERT INTO `ace_object` (`aceObjectId`, `aceObjectDescriptionFlags`, `weenieClassId`, `weenieHeaderFlags`, `currentMotionState`, `physicsDescriptionFlag`)
VALUES (21062, 18, 21062, 3509091352, NULL, 137217);

INSERT INTO `ace_object_properties_string` (`aceObjectId`, `strPropertyId`, `propertyValue`)
VALUES (21062, 1, 'Salvaged  (55)');

INSERT INTO `ace_object_properties_did` (`aceObjectId`, `didPropertyId`, `propertyValue`)
VALUES (21062, 8, 100673217)
     , (21062, 50, 100673285)
     , (21062, 1, 33554817)
     , (21062, 3, 536870932)
     , (21062, 22, 872415275)
     , (21062, 6, 67111919);

INSERT INTO `ace_object_properties_int` (`aceObjectId`, `intPropertyId`, `propertyValue`)
VALUES (21062, 53, 101)
     , (21062, 1, 1073741824)
     , (21062, 5, 100)
     , (21062, 151, 9)
     , (21062, 131, 31)
     , (21062, 11, 1)
     , (21062, 91, 100)
     , (21062, 12, 1)
     , (21062, 92, 55)
     , (21062, 94, 35215)
     , (21062, 16, 524296)
     , (21062, 19, 5203)
     , (21062, 93, 1044);

INSERT INTO `ace_object_properties_bool` (`aceObjectId`, `boolPropertyId`, `propertyValue`)
VALUES (21062, 13, True)
     , (21062, 11, True)
     , (21062, 14, True);

INSERT INTO `ace_object_palette_change` (`aceObjectId`, `subPaletteId`, `offset`, `length`)
VALUES (21062, 67111922, 0, 0);

INSERT INTO `ace_object_texture_map_change` (`aceObjectId`, `index`, `oldId`, `newId`)
VALUES (21062, 0, 83890064, 83894153);

INSERT INTO `ace_object_animation_change` (`aceObjectId`, `index`, `animationId`)
VALUES (21062, 0, 16777882);

INSERT INTO ace_weenie_class (`weenieClassId`, `weenieClassDescription`)
VALUES (20990, 'materialpine');

INSERT INTO `ace_object` (`aceObjectId`, `aceObjectDescriptionFlags`, `weenieClassId`, `weenieHeaderFlags`, `currentMotionState`, `physicsDescriptionFlag`)
VALUES (20990, 18, 20990, 3509091352, NULL, 137217);

INSERT INTO `ace_object_properties_string` (`aceObjectId`, `strPropertyId`, `propertyValue`)
VALUES (20990, 1, 'Salvaged  (85)');

INSERT INTO `ace_object_properties_did` (`aceObjectId`, `didPropertyId`, `propertyValue`)
VALUES (20990, 8, 100673217)
     , (20990, 50, 100673235)
     , (20990, 1, 33554817)
     , (20990, 3, 536870932)
     , (20990, 22, 872415275)
     , (20990, 6, 67111919);

INSERT INTO `ace_object_properties_int` (`aceObjectId`, `intPropertyId`, `propertyValue`)
VALUES (20990, 53, 101)
     , (20990, 1, 1073741824)
     , (20990, 5, 100)
     , (20990, 151, 9)
     , (20990, 131, 76)
     , (20990, 11, 1)
     , (20990, 91, 100)
     , (20990, 12, 1)
     , (20990, 92, 85)
     , (20990, 94, 35215)
     , (20990, 16, 524296)
     , (20990, 19, 12707)
     , (20990, 93, 1044);

INSERT INTO `ace_object_properties_bool` (`aceObjectId`, `boolPropertyId`, `propertyValue`)
VALUES (20990, 13, True)
     , (20990, 11, True)
     , (20990, 14, True);

INSERT INTO `ace_object_palette_change` (`aceObjectId`, `subPaletteId`, `offset`, `length`)
VALUES (20990, 67111922, 0, 0);

INSERT INTO `ace_object_texture_map_change` (`aceObjectId`, `index`, `oldId`, `newId`)
VALUES (20990, 0, 83890064, 83894153);

INSERT INTO `ace_object_animation_change` (`aceObjectId`, `index`, `animationId`)
VALUES (20990, 0, 16777882);

INSERT INTO ace_weenie_class (`weenieClassId`, `weenieClassDescription`)
VALUES (29577, 'materialimperialtopaz100');

INSERT INTO `ace_object` (`aceObjectId`, `aceObjectDescriptionFlags`, `weenieClassId`, `weenieHeaderFlags`, `currentMotionState`, `physicsDescriptionFlag`)
VALUES (29577, 18, 29577, 2435349528, NULL, 137217);

INSERT INTO `ace_object_properties_string` (`aceObjectId`, `strPropertyId`, `propertyValue`)
VALUES (29577, 1, 'Salvage');

INSERT INTO `ace_object_properties_did` (`aceObjectId`, `didPropertyId`, `propertyValue`)
VALUES (29577, 8, 100677149)
     , (29577, 1, 33554817)
     , (29577, 3, 536870932)
     , (29577, 22, 872415275)
     , (29577, 6, 67111919);

INSERT INTO `ace_object_properties_int` (`aceObjectId`, `intPropertyId`, `propertyValue`)
VALUES (29577, 53, 101)
     , (29577, 1, 1073741824)
     , (29577, 5, 100)
     , (29577, 151, 9)
     , (29577, 131, 26)
     , (29577, 11, 1)
     , (29577, 91, 100)
     , (29577, 12, 1)
     , (29577, 92, 100)
     , (29577, 94, 33025)
     , (29577, 16, 524296)
     , (29577, 19, 10)
     , (29577, 93, 1044);

INSERT INTO `ace_object_properties_bool` (`aceObjectId`, `boolPropertyId`, `propertyValue`)
VALUES (29577, 13, True)
     , (29577, 11, True)
     , (29577, 14, True);

INSERT INTO `ace_object_palette_change` (`aceObjectId`, `subPaletteId`, `offset`, `length`)
VALUES (29577, 67111920, 0, 0);

INSERT INTO `ace_object_texture_map_change` (`aceObjectId`, `index`, `oldId`, `newId`)
VALUES (29577, 0, 83890064, 83894153);

INSERT INTO `ace_object_animation_change` (`aceObjectId`, `index`, `animationId`)
VALUES (29577, 0, 16777882);

INSERT INTO ace_weenie_class (`weenieClassId`, `weenieClassDescription`)
VALUES (41498, 'ace41498-moderateitemtinkeringarmature');

INSERT INTO `ace_object` (`aceObjectId`, `aceObjectDescriptionFlags`, `weenieClassId`, `weenieHeaderFlags`, `currentMotionState`, `physicsDescriptionFlag`)
VALUES (41498, 18, 41498, 1344829464, NULL, 137217);

INSERT INTO `ace_object_properties_string` (`aceObjectId`, `strPropertyId`, `propertyValue`)
VALUES (41498, 1, 'Moderate Item Tinkering Armature');

INSERT INTO `ace_object_properties_did` (`aceObjectId`, `didPropertyId`, `propertyValue`)
VALUES (41498, 8, 100673216)
     , (41498, 50, 100673276)
     , (41498, 1, 33554817)
     , (41498, 3, 536870932)
     , (41498, 22, 872415275)
     , (41498, 6, 67111919);

INSERT INTO `ace_object_properties_int` (`aceObjectId`, `intPropertyId`, `propertyValue`)
VALUES (41498, 53, 101)
     , (41498, 1, 1073741824)
     , (41498, 5, 100)
     , (41498, 151, 9)
     , (41498, 11, 1)
     , (41498, 91, 100)
     , (41498, 12, 1)
     , (41498, 94, 8)
     , (41498, 16, 524296)
     , (41498, 19, 10)
     , (41498, 93, 1044);

INSERT INTO `ace_object_properties_bool` (`aceObjectId`, `boolPropertyId`, `propertyValue`)
VALUES (41498, 13, True)
     , (41498, 11, True)
     , (41498, 14, True);

INSERT INTO `ace_object_palette_change` (`aceObjectId`, `subPaletteId`, `offset`, `length`)
VALUES (41498, 67111919, 0, 0);

INSERT INTO `ace_object_texture_map_change` (`aceObjectId`, `index`, `oldId`, `newId`)
VALUES (41498, 0, 83890064, 83894153);

INSERT INTO `ace_object_animation_change` (`aceObjectId`, `index`, `animationId`)
VALUES (41498, 0, 16777882);

INSERT INTO ace_weenie_class (`weenieClassId`, `weenieClassDescription`)
VALUES (41501, 'ace41501-minoritemtinkeringarmature');

INSERT INTO `ace_object` (`aceObjectId`, `aceObjectDescriptionFlags`, `weenieClassId`, `weenieHeaderFlags`, `currentMotionState`, `physicsDescriptionFlag`)
VALUES (41501, 67108882, 41501, 1344828440, NULL, 137217);

INSERT INTO `ace_object_properties_string` (`aceObjectId`, `strPropertyId`, `propertyValue`)
VALUES (41501, 1, 'Minor Item Tinkering Armature');

INSERT INTO `ace_object_properties_did` (`aceObjectId`, `didPropertyId`, `propertyValue`)
VALUES (41501, 8, 100673216)
     , (41501, 50, 100673270)
     , (41501, 52, 100676442)
     , (41501, 1, 33554817)
     , (41501, 3, 536870932)
     , (41501, 22, 872415275)
     , (41501, 6, 67111919);

INSERT INTO `ace_object_properties_int` (`aceObjectId`, `intPropertyId`, `propertyValue`)
VALUES (41501, 53, 101)
     , (41501, 1, 1073741824)
     , (41501, 5, 100)
     , (41501, 151, 9)
     , (41501, 11, 1)
     , (41501, 12, 1)
     , (41501, 92, 100)
     , (41501, 94, 8)
     , (41501, 16, 524296)
     , (41501, 19, 10)
     , (41501, 93, 1044);

INSERT INTO `ace_object_properties_bool` (`aceObjectId`, `boolPropertyId`, `propertyValue`)
VALUES (41501, 13, True)
     , (41501, 11, True)
     , (41501, 14, True);

INSERT INTO `ace_object_palette_change` (`aceObjectId`, `subPaletteId`, `offset`, `length`)
VALUES (41501, 67111919, 0, 0);

INSERT INTO `ace_object_texture_map_change` (`aceObjectId`, `index`, `oldId`, `newId`)
VALUES (41501, 0, 83890064, 83894153);

INSERT INTO `ace_object_animation_change` (`aceObjectId`, `index`, `animationId`)
VALUES (41501, 0, 16777882);

INSERT INTO ace_weenie_class (`weenieClassId`, `weenieClassDescription`)
VALUES (20989, 'materialoak');

INSERT INTO `ace_object` (`aceObjectId`, `aceObjectDescriptionFlags`, `weenieClassId`, `weenieHeaderFlags`, `currentMotionState`, `physicsDescriptionFlag`)
VALUES (20989, 18, 20989, 3509091352, NULL, 137217);

INSERT INTO `ace_object_properties_string` (`aceObjectId`, `strPropertyId`, `propertyValue`)
VALUES (20989, 1, 'Salvaged  (100)');

INSERT INTO `ace_object_properties_did` (`aceObjectId`, `didPropertyId`, `propertyValue`)
VALUES (20989, 8, 100673220)
     , (20989, 50, 100673234)
     , (20989, 1, 33554817)
     , (20989, 3, 536870932)
     , (20989, 22, 872415275)
     , (20989, 6, 67111919);

INSERT INTO `ace_object_properties_int` (`aceObjectId`, `intPropertyId`, `propertyValue`)
VALUES (20989, 53, 101)
     , (20989, 1, 1073741824)
     , (20989, 5, 100)
     , (20989, 151, 9)
     , (20989, 131, 75)
     , (20989, 11, 1)
     , (20989, 91, 100)
     , (20989, 12, 1)
     , (20989, 92, 100)
     , (20989, 94, 257)
     , (20989, 16, 524296)
     , (20989, 19, 13212)
     , (20989, 93, 1044);

INSERT INTO `ace_object_properties_bool` (`aceObjectId`, `boolPropertyId`, `propertyValue`)
VALUES (20989, 13, True)
     , (20989, 11, True)
     , (20989, 14, True);

INSERT INTO `ace_object_palette_change` (`aceObjectId`, `subPaletteId`, `offset`, `length`)
VALUES (20989, 67111920, 0, 0);

INSERT INTO `ace_object_texture_map_change` (`aceObjectId`, `index`, `oldId`, `newId`)
VALUES (20989, 0, 83890064, 83894153);

INSERT INTO `ace_object_animation_change` (`aceObjectId`, `index`, `animationId`)
VALUES (20989, 0, 16777882);

INSERT INTO ace_weenie_class (`weenieClassId`, `weenieClassDescription`)
VALUES (30260, 'materialwhitesapphire100');

INSERT INTO `ace_object` (`aceObjectId`, `aceObjectDescriptionFlags`, `weenieClassId`, `weenieHeaderFlags`, `currentMotionState`, `physicsDescriptionFlag`)
VALUES (30260, 18, 30260, 2435349528, NULL, 137217);

INSERT INTO `ace_object_properties_string` (`aceObjectId`, `strPropertyId`, `propertyValue`)
VALUES (30260, 1, 'Salvage');

INSERT INTO `ace_object_properties_did` (`aceObjectId`, `didPropertyId`, `propertyValue`)
VALUES (30260, 8, 100677143)
     , (30260, 1, 33554817)
     , (30260, 3, 536870932)
     , (30260, 22, 872415275)
     , (30260, 6, 67111919);

INSERT INTO `ace_object_properties_int` (`aceObjectId`, `intPropertyId`, `propertyValue`)
VALUES (30260, 53, 101)
     , (30260, 1, 1073741824)
     , (30260, 5, 100)
     , (30260, 151, 9)
     , (30260, 131, 47)
     , (30260, 11, 1)
     , (30260, 91, 100)
     , (30260, 12, 1)
     , (30260, 92, 100)
     , (30260, 94, 33025)
     , (30260, 16, 524296)
     , (30260, 19, 10)
     , (30260, 93, 1044);

INSERT INTO `ace_object_properties_bool` (`aceObjectId`, `boolPropertyId`, `propertyValue`)
VALUES (30260, 13, True)
     , (30260, 11, True)
     , (30260, 14, True);

INSERT INTO `ace_object_palette_change` (`aceObjectId`, `subPaletteId`, `offset`, `length`)
VALUES (30260, 67111918, 0, 0);

INSERT INTO `ace_object_texture_map_change` (`aceObjectId`, `index`, `oldId`, `newId`)
VALUES (30260, 0, 83890064, 83894153);

INSERT INTO `ace_object_animation_change` (`aceObjectId`, `index`, `animationId`)
VALUES (30260, 0, 16777882);

INSERT INTO ace_weenie_class (`weenieClassId`, `weenieClassDescription`)
VALUES (29574, 'materialemerald100');

INSERT INTO `ace_object` (`aceObjectId`, `aceObjectDescriptionFlags`, `weenieClassId`, `weenieHeaderFlags`, `currentMotionState`, `physicsDescriptionFlag`)
VALUES (29574, 18, 29574, 2435349528, NULL, 137217);

INSERT INTO `ace_object_properties_string` (`aceObjectId`, `strPropertyId`, `propertyValue`)
VALUES (29574, 1, 'Salvage');

INSERT INTO `ace_object_properties_did` (`aceObjectId`, `didPropertyId`, `propertyValue`)
VALUES (29574, 8, 100677152)
     , (29574, 1, 33554817)
     , (29574, 3, 536870932)
     , (29574, 22, 872415275)
     , (29574, 6, 67111919);

INSERT INTO `ace_object_properties_int` (`aceObjectId`, `intPropertyId`, `propertyValue`)
VALUES (29574, 53, 101)
     , (29574, 1, 1073741824)
     , (29574, 5, 100)
     , (29574, 151, 9)
     , (29574, 131, 21)
     , (29574, 11, 1)
     , (29574, 91, 100)
     , (29574, 12, 1)
     , (29574, 92, 100)
     , (29574, 94, 33025)
     , (29574, 16, 524296)
     , (29574, 19, 10)
     , (29574, 93, 1044);

INSERT INTO `ace_object_properties_bool` (`aceObjectId`, `boolPropertyId`, `propertyValue`)
VALUES (29574, 13, True)
     , (29574, 11, True)
     , (29574, 14, True);

INSERT INTO `ace_object_palette_change` (`aceObjectId`, `subPaletteId`, `offset`, `length`)
VALUES (29574, 67111920, 0, 0);

INSERT INTO `ace_object_texture_map_change` (`aceObjectId`, `index`, `oldId`, `newId`)
VALUES (29574, 0, 83890064, 83894153);

INSERT INTO `ace_object_animation_change` (`aceObjectId`, `index`, `animationId`)
VALUES (29574, 0, 16777882);

INSERT INTO ace_weenie_class (`weenieClassId`, `weenieClassDescription`)
VALUES (43946, 'ace43946-salvage');

INSERT INTO `ace_object` (`aceObjectId`, `aceObjectDescriptionFlags`, `weenieClassId`, `weenieHeaderFlags`, `currentMotionState`, `physicsDescriptionFlag`)
VALUES (43946, 18, 43946, 3509091352, NULL, 137217);

INSERT INTO `ace_object_properties_string` (`aceObjectId`, `strPropertyId`, `propertyValue`)
VALUES (43946, 1, 'Salvage');

INSERT INTO `ace_object_properties_did` (`aceObjectId`, `didPropertyId`, `propertyValue`)
VALUES (43946, 8, 100673216)
     , (43946, 50, 100673296)
     , (43946, 1, 33554817)
     , (43946, 3, 536870932)
     , (43946, 22, 872415275)
     , (43946, 6, 67111919);

INSERT INTO `ace_object_properties_int` (`aceObjectId`, `intPropertyId`, `propertyValue`)
VALUES (43946, 53, 101)
     , (43946, 1, 1073741824)
     , (43946, 5, 100)
     , (43946, 151, 9)
     , (43946, 131, 70)
     , (43946, 11, 1)
     , (43946, 91, 100)
     , (43946, 12, 1)
     , (43946, 92, 100)
     , (43946, 94, 35215)
     , (43946, 16, 524296)
     , (43946, 19, 20)
     , (43946, 93, 1044);

INSERT INTO `ace_object_properties_bool` (`aceObjectId`, `boolPropertyId`, `propertyValue`)
VALUES (43946, 13, True)
     , (43946, 11, True)
     , (43946, 14, True);

INSERT INTO `ace_object_palette_change` (`aceObjectId`, `subPaletteId`, `offset`, `length`)
VALUES (43946, 67111919, 0, 0);

INSERT INTO `ace_object_texture_map_change` (`aceObjectId`, `index`, `oldId`, `newId`)
VALUES (43946, 0, 83890064, 83894153);

INSERT INTO `ace_object_animation_change` (`aceObjectId`, `index`, `animationId`)
VALUES (43946, 0, 16777882);

INSERT INTO ace_weenie_class (`weenieClassId`, `weenieClassDescription`)
VALUES (29581, 'materialsteel100');

INSERT INTO `ace_object` (`aceObjectId`, `aceObjectDescriptionFlags`, `weenieClassId`, `weenieHeaderFlags`, `currentMotionState`, `physicsDescriptionFlag`)
VALUES (29581, 18, 29581, 2435349528, NULL, 137217);

INSERT INTO `ace_object_properties_string` (`aceObjectId`, `strPropertyId`, `propertyValue`)
VALUES (29581, 1, 'Salvage');

INSERT INTO `ace_object_properties_did` (`aceObjectId`, `didPropertyId`, `propertyValue`)
VALUES (29581, 8, 100677145)
     , (29581, 1, 33554817)
     , (29581, 3, 536870932)
     , (29581, 22, 872415275)
     , (29581, 6, 67111919);

INSERT INTO `ace_object_properties_int` (`aceObjectId`, `intPropertyId`, `propertyValue`)
VALUES (29581, 53, 101)
     , (29581, 1, 1073741824)
     , (29581, 5, 100)
     , (29581, 151, 9)
     , (29581, 131, 64)
     , (29581, 11, 1)
     , (29581, 91, 100)
     , (29581, 12, 1)
     , (29581, 92, 100)
     , (29581, 94, 6)
     , (29581, 16, 524296)
     , (29581, 19, 10)
     , (29581, 93, 1044);

INSERT INTO `ace_object_properties_bool` (`aceObjectId`, `boolPropertyId`, `propertyValue`)
VALUES (29581, 13, True)
     , (29581, 11, True)
     , (29581, 14, True);

INSERT INTO `ace_object_palette_change` (`aceObjectId`, `subPaletteId`, `offset`, `length`)
VALUES (29581, 67111923, 0, 0);

INSERT INTO `ace_object_texture_map_change` (`aceObjectId`, `index`, `oldId`, `newId`)
VALUES (29581, 0, 83890064, 83894153);

INSERT INTO `ace_object_animation_change` (`aceObjectId`, `index`, `animationId`)
VALUES (29581, 0, 16777882);

INSERT INTO ace_weenie_class (`weenieClassId`, `weenieClassDescription`)
VALUES (21051, 'materialgreenjade');

INSERT INTO `ace_object` (`aceObjectId`, `aceObjectDescriptionFlags`, `weenieClassId`, `weenieHeaderFlags`, `currentMotionState`, `physicsDescriptionFlag`)
VALUES (21051, 18, 21051, 3508567064, NULL, 137217);

INSERT INTO `ace_object_properties_string` (`aceObjectId`, `strPropertyId`, `propertyValue`)
VALUES (21051, 1, 'Salvaged  (3)');

INSERT INTO `ace_object_properties_did` (`aceObjectId`, `didPropertyId`, `propertyValue`)
VALUES (21051, 8, 100673216)
     , (21051, 50, 100673275)
     , (21051, 1, 33554817)
     , (21051, 3, 536870932)
     , (21051, 22, 872415275)
     , (21051, 6, 67111919);

INSERT INTO `ace_object_properties_int` (`aceObjectId`, `intPropertyId`, `propertyValue`)
VALUES (21051, 53, 101)
     , (21051, 1, 1073741824)
     , (21051, 5, 100)
     , (21051, 151, 9)
     , (21051, 131, 24)
     , (21051, 11, 1)
     , (21051, 91, 100)
     , (21051, 12, 1)
     , (21051, 92, 3)
     , (21051, 16, 1)
     , (21051, 19, 81)
     , (21051, 93, 1044);

INSERT INTO `ace_object_properties_bool` (`aceObjectId`, `boolPropertyId`, `propertyValue`)
VALUES (21051, 13, True)
     , (21051, 11, True)
     , (21051, 14, True);

INSERT INTO `ace_object_palette_change` (`aceObjectId`, `subPaletteId`, `offset`, `length`)
VALUES (21051, 67111919, 0, 0);

INSERT INTO `ace_object_texture_map_change` (`aceObjectId`, `index`, `oldId`, `newId`)
VALUES (21051, 0, 83890064, 83894153);

INSERT INTO `ace_object_animation_change` (`aceObjectId`, `index`, `animationId`)
VALUES (21051, 0, 16777882);

INSERT INTO ace_weenie_class (`weenieClassId`, `weenieClassDescription`)
VALUES (21081, 'materialtigereye');

INSERT INTO `ace_object` (`aceObjectId`, `aceObjectDescriptionFlags`, `weenieClassId`, `weenieHeaderFlags`, `currentMotionState`, `physicsDescriptionFlag`)
VALUES (21081, 18, 21081, 3508567064, NULL, 137217);

INSERT INTO `ace_object_properties_string` (`aceObjectId`, `strPropertyId`, `propertyValue`)
VALUES (21081, 1, 'Salvage (1)');

INSERT INTO `ace_object_properties_did` (`aceObjectId`, `didPropertyId`, `propertyValue`)
VALUES (21081, 8, 100673216)
     , (21081, 50, 100673305)
     , (21081, 1, 33554817)
     , (21081, 3, 536870932)
     , (21081, 22, 872415275)
     , (21081, 6, 67111919);

INSERT INTO `ace_object_properties_int` (`aceObjectId`, `intPropertyId`, `propertyValue`)
VALUES (21081, 53, 101)
     , (21081, 1, 1073741824)
     , (21081, 5, 100)
     , (21081, 151, 9)
     , (21081, 131, 42)
     , (21081, 11, 1)
     , (21081, 91, 100)
     , (21081, 12, 1)
     , (21081, 92, 1)
     , (21081, 16, 1)
     , (21081, 19, 8)
     , (21081, 93, 1044);

INSERT INTO `ace_object_properties_bool` (`aceObjectId`, `boolPropertyId`, `propertyValue`)
VALUES (21081, 13, True)
     , (21081, 11, True)
     , (21081, 14, True);

INSERT INTO `ace_object_palette_change` (`aceObjectId`, `subPaletteId`, `offset`, `length`)
VALUES (21081, 67111919, 0, 0);

INSERT INTO `ace_object_texture_map_change` (`aceObjectId`, `index`, `oldId`, `newId`)
VALUES (21081, 0, 83890064, 83894153);

INSERT INTO `ace_object_animation_change` (`aceObjectId`, `index`, `animationId`)
VALUES (21081, 0, 16777882);

INSERT INTO ace_weenie_class (`weenieClassId`, `weenieClassDescription`)
VALUES (21085, 'materialwhitequartz');

INSERT INTO `ace_object` (`aceObjectId`, `aceObjectDescriptionFlags`, `weenieClassId`, `weenieHeaderFlags`, `currentMotionState`, `physicsDescriptionFlag`)
VALUES (21085, 18, 21085, 3508567064, NULL, 137217);

INSERT INTO `ace_object_properties_string` (`aceObjectId`, `strPropertyId`, `propertyValue`)
VALUES (21085, 1, 'Salvage (1)');

INSERT INTO `ace_object_properties_did` (`aceObjectId`, `didPropertyId`, `propertyValue`)
VALUES (21085, 8, 100673216)
     , (21085, 50, 100673309)
     , (21085, 1, 33554817)
     , (21085, 3, 536870932)
     , (21085, 22, 872415275)
     , (21085, 6, 67111919);

INSERT INTO `ace_object_properties_int` (`aceObjectId`, `intPropertyId`, `propertyValue`)
VALUES (21085, 53, 101)
     , (21085, 1, 1073741824)
     , (21085, 5, 100)
     , (21085, 151, 9)
     , (21085, 131, 46)
     , (21085, 11, 1)
     , (21085, 91, 100)
     , (21085, 12, 1)
     , (21085, 92, 1)
     , (21085, 16, 1)
     , (21085, 19, 9)
     , (21085, 93, 1044);

INSERT INTO `ace_object_properties_bool` (`aceObjectId`, `boolPropertyId`, `propertyValue`)
VALUES (21085, 13, True)
     , (21085, 11, True)
     , (21085, 14, True);

INSERT INTO `ace_object_palette_change` (`aceObjectId`, `subPaletteId`, `offset`, `length`)
VALUES (21085, 67111919, 0, 0);

INSERT INTO `ace_object_texture_map_change` (`aceObjectId`, `index`, `oldId`, `newId`)
VALUES (21085, 0, 83890064, 83894153);

INSERT INTO `ace_object_animation_change` (`aceObjectId`, `index`, `animationId`)
VALUES (21085, 0, 16777882);

INSERT INTO ace_weenie_class (`weenieClassId`, `weenieClassDescription`)
VALUES (21083, 'materialturquoise');

INSERT INTO `ace_object` (`aceObjectId`, `aceObjectDescriptionFlags`, `weenieClassId`, `weenieHeaderFlags`, `currentMotionState`, `physicsDescriptionFlag`)
VALUES (21083, 18, 21083, 3508567064, NULL, 137217);

INSERT INTO `ace_object_properties_string` (`aceObjectId`, `strPropertyId`, `propertyValue`)
VALUES (21083, 1, 'Salvage (2)');

INSERT INTO `ace_object_properties_did` (`aceObjectId`, `didPropertyId`, `propertyValue`)
VALUES (21083, 8, 100673216)
     , (21083, 50, 100673307)
     , (21083, 1, 33554817)
     , (21083, 3, 536870932)
     , (21083, 22, 872415275)
     , (21083, 6, 67111919);

INSERT INTO `ace_object_properties_int` (`aceObjectId`, `intPropertyId`, `propertyValue`)
VALUES (21083, 53, 101)
     , (21083, 1, 1073741824)
     , (21083, 5, 100)
     , (21083, 151, 9)
     , (21083, 131, 44)
     , (21083, 11, 1)
     , (21083, 91, 100)
     , (21083, 12, 1)
     , (21083, 92, 2)
     , (21083, 16, 1)
     , (21083, 19, 32)
     , (21083, 93, 1044);

INSERT INTO `ace_object_properties_bool` (`aceObjectId`, `boolPropertyId`, `propertyValue`)
VALUES (21083, 13, True)
     , (21083, 11, True)
     , (21083, 14, True);

INSERT INTO `ace_object_palette_change` (`aceObjectId`, `subPaletteId`, `offset`, `length`)
VALUES (21083, 67111919, 0, 0);

INSERT INTO `ace_object_texture_map_change` (`aceObjectId`, `index`, `oldId`, `newId`)
VALUES (21083, 0, 83890064, 83894153);

INSERT INTO `ace_object_animation_change` (`aceObjectId`, `index`, `animationId`)
VALUES (21083, 0, 16777882);

INSERT INTO ace_weenie_class (`weenieClassId`, `weenieClassDescription`)
VALUES (29575, 'materialfireopal100');

INSERT INTO `ace_object` (`aceObjectId`, `aceObjectDescriptionFlags`, `weenieClassId`, `weenieHeaderFlags`, `currentMotionState`, `physicsDescriptionFlag`)
VALUES (29575, 18, 29575, 2435349528, NULL, 137217);

INSERT INTO `ace_object_properties_string` (`aceObjectId`, `strPropertyId`, `propertyValue`)
VALUES (29575, 1, 'Salvage');

INSERT INTO `ace_object_properties_did` (`aceObjectId`, `didPropertyId`, `propertyValue`)
VALUES (29575, 8, 100677151)
     , (29575, 1, 33554817)
     , (29575, 3, 536870932)
     , (29575, 22, 872415275)
     , (29575, 6, 67111919);

INSERT INTO `ace_object_properties_int` (`aceObjectId`, `intPropertyId`, `propertyValue`)
VALUES (29575, 53, 101)
     , (29575, 1, 1073741824)
     , (29575, 5, 100)
     , (29575, 151, 9)
     , (29575, 131, 22)
     , (29575, 11, 1)
     , (29575, 91, 100)
     , (29575, 12, 1)
     , (29575, 92, 100)
     , (29575, 94, 33025)
     , (29575, 16, 524296)
     , (29575, 19, 10)
     , (29575, 93, 1044);

INSERT INTO `ace_object_properties_bool` (`aceObjectId`, `boolPropertyId`, `propertyValue`)
VALUES (29575, 13, True)
     , (29575, 11, True)
     , (29575, 14, True);

INSERT INTO `ace_object_palette_change` (`aceObjectId`, `subPaletteId`, `offset`, `length`)
VALUES (29575, 67111918, 0, 0);

INSERT INTO `ace_object_texture_map_change` (`aceObjectId`, `index`, `oldId`, `newId`)
VALUES (29575, 0, 83890064, 83894153);

INSERT INTO `ace_object_animation_change` (`aceObjectId`, `index`, `animationId`)
VALUES (29575, 0, 16777882);

INSERT INTO ace_weenie_class (`weenieClassId`, `weenieClassDescription`)
VALUES (36573, 'ace36573-salvage');

INSERT INTO `ace_object` (`aceObjectId`, `aceObjectDescriptionFlags`, `weenieClassId`, `weenieHeaderFlags`, `currentMotionState`, `physicsDescriptionFlag`)
VALUES (36573, 18, 36573, 2435349528, NULL, 137217);

INSERT INTO `ace_object_properties_string` (`aceObjectId`, `strPropertyId`, `propertyValue`)
VALUES (36573, 1, 'Salvage');

INSERT INTO `ace_object_properties_did` (`aceObjectId`, `didPropertyId`, `propertyValue`)
VALUES (36573, 8, 100689652)
     , (36573, 1, 33554817)
     , (36573, 3, 536870932)
     , (36573, 22, 872415275)
     , (36573, 6, 67111919);

INSERT INTO `ace_object_properties_int` (`aceObjectId`, `intPropertyId`, `propertyValue`)
VALUES (36573, 53, 101)
     , (36573, 1, 1073741824)
     , (36573, 5, 100)
     , (36573, 151, 9)
     , (36573, 131, 7)
     , (36573, 11, 1)
     , (36573, 91, 100)
     , (36573, 12, 1)
     , (36573, 92, 100)
     , (36573, 94, 257)
     , (36573, 16, 524296)
     , (36573, 19, 10)
     , (36573, 93, 1044);

INSERT INTO `ace_object_properties_bool` (`aceObjectId`, `boolPropertyId`, `propertyValue`)
VALUES (36573, 13, True)
     , (36573, 11, True)
     , (36573, 14, True);

INSERT INTO `ace_object_palette_change` (`aceObjectId`, `subPaletteId`, `offset`, `length`)
VALUES (36573, 67111920, 0, 0);

INSERT INTO `ace_object_texture_map_change` (`aceObjectId`, `index`, `oldId`, `newId`)
VALUES (36573, 0, 83890064, 83894153);

INSERT INTO `ace_object_animation_change` (`aceObjectId`, `index`, `animationId`)
VALUES (36573, 0, 16777882);

INSERT INTO ace_weenie_class (`weenieClassId`, `weenieClassDescription`)
VALUES (36571, 'ace36571-salvage');

INSERT INTO `ace_object` (`aceObjectId`, `aceObjectDescriptionFlags`, `weenieClassId`, `weenieHeaderFlags`, `currentMotionState`, `physicsDescriptionFlag`)
VALUES (36571, 18, 36571, 2435349528, NULL, 137217);

INSERT INTO `ace_object_properties_string` (`aceObjectId`, `strPropertyId`, `propertyValue`)
VALUES (36571, 1, 'Salvage');

INSERT INTO `ace_object_properties_did` (`aceObjectId`, `didPropertyId`, `propertyValue`)
VALUES (36571, 8, 100689650)
     , (36571, 1, 33554817)
     , (36571, 3, 536870932)
     , (36571, 22, 872415275)
     , (36571, 6, 67111919);

INSERT INTO `ace_object_properties_int` (`aceObjectId`, `intPropertyId`, `propertyValue`)
VALUES (36571, 53, 101)
     , (36571, 1, 1073741824)
     , (36571, 5, 100)
     , (36571, 151, 9)
     , (36571, 131, 23)
     , (36571, 11, 1)
     , (36571, 91, 100)
     , (36571, 12, 1)
     , (36571, 92, 100)
     , (36571, 94, 32768)
     , (36571, 16, 524296)
     , (36571, 19, 10)
     , (36571, 93, 1044);

INSERT INTO `ace_object_properties_bool` (`aceObjectId`, `boolPropertyId`, `propertyValue`)
VALUES (36571, 13, True)
     , (36571, 11, True)
     , (36571, 14, True);

INSERT INTO `ace_object_palette_change` (`aceObjectId`, `subPaletteId`, `offset`, `length`)
VALUES (36571, 67111918, 0, 0);

INSERT INTO `ace_object_texture_map_change` (`aceObjectId`, `index`, `oldId`, `newId`)
VALUES (36571, 0, 83890064, 83894153);

INSERT INTO `ace_object_animation_change` (`aceObjectId`, `index`, `animationId`)
VALUES (36571, 0, 16777882);

INSERT INTO ace_weenie_class (`weenieClassId`, `weenieClassDescription`)
VALUES (29572, 'materialblackgarnet100');

INSERT INTO `ace_object` (`aceObjectId`, `aceObjectDescriptionFlags`, `weenieClassId`, `weenieHeaderFlags`, `currentMotionState`, `physicsDescriptionFlag`)
VALUES (29572, 18, 29572, 2435349528, NULL, 137217);

INSERT INTO `ace_object_properties_string` (`aceObjectId`, `strPropertyId`, `propertyValue`)
VALUES (29572, 1, 'Salvage');

INSERT INTO `ace_object_properties_did` (`aceObjectId`, `didPropertyId`, `propertyValue`)
VALUES (29572, 8, 100677154)
     , (29572, 1, 33554817)
     , (29572, 3, 536870932)
     , (29572, 22, 872415275)
     , (29572, 6, 67111919);

INSERT INTO `ace_object_properties_int` (`aceObjectId`, `intPropertyId`, `propertyValue`)
VALUES (29572, 53, 101)
     , (29572, 1, 1073741824)
     , (29572, 5, 100)
     , (29572, 151, 9)
     , (29572, 131, 15)
     , (29572, 11, 1)
     , (29572, 91, 100)
     , (29572, 12, 1)
     , (29572, 92, 100)
     , (29572, 94, 33025)
     , (29572, 16, 524296)
     , (29572, 19, 10)
     , (29572, 93, 1044);

INSERT INTO `ace_object_properties_bool` (`aceObjectId`, `boolPropertyId`, `propertyValue`)
VALUES (29572, 13, True)
     , (29572, 11, True)
     , (29572, 14, True);

INSERT INTO `ace_object_palette_change` (`aceObjectId`, `subPaletteId`, `offset`, `length`)
VALUES (29572, 67111920, 0, 0);

INSERT INTO `ace_object_texture_map_change` (`aceObjectId`, `index`, `oldId`, `newId`)
VALUES (29572, 0, 83890064, 83894153);

INSERT INTO `ace_object_animation_change` (`aceObjectId`, `index`, `animationId`)
VALUES (29572, 0, 16777882);

INSERT INTO ace_weenie_class (`weenieClassId`, `weenieClassDescription`)
VALUES (32937, 'ace32937-luckywhiterabbitsfoot');

INSERT INTO `ace_object` (`aceObjectId`, `aceObjectDescriptionFlags`, `weenieClassId`, `weenieHeaderFlags`, `currentMotionState`, `physicsDescriptionFlag`)
VALUES (32937, 18, 32937, 2650128, NULL, 137345);

INSERT INTO `ace_object_properties_string` (`aceObjectId`, `strPropertyId`, `propertyValue`)
VALUES (32937, 1, 'Lucky White Rabbit''s Foot');

INSERT INTO `ace_object_properties_did` (`aceObjectId`, `didPropertyId`, `propertyValue`)
VALUES (32937, 8, 100688852)
     , (32937, 1, 33554817)
     , (32937, 3, 536870932)
     , (32937, 22, 872415275);

INSERT INTO `ace_object_properties_int` (`aceObjectId`, `intPropertyId`, `propertyValue`)
VALUES (32937, 53, 101)
     , (32937, 1, 1073741824)
     , (32937, 5, 25)
     , (32937, 11, 1)
     , (32937, 12, 1)
     , (32937, 94, 257)
     , (32937, 16, 524296)
     , (32937, 93, 1044);

INSERT INTO `ace_object_properties_double` (`aceObjectId`, `dblPropertyId`, `propertyValue`)
VALUES (32937, 39, 0.5);

INSERT INTO `ace_object_properties_bool` (`aceObjectId`, `boolPropertyId`, `propertyValue`)
VALUES (32937, 13, True)
     , (32937, 11, True)
     , (32937, 14, True);

INSERT INTO ace_weenie_class (`weenieClassId`, `weenieClassDescription`)
VALUES (21035, 'materialamber');

INSERT INTO `ace_object` (`aceObjectId`, `aceObjectDescriptionFlags`, `weenieClassId`, `weenieHeaderFlags`, `currentMotionState`, `physicsDescriptionFlag`)
VALUES (21035, 18, 21035, 3509091352, NULL, 137217);

INSERT INTO `ace_object_properties_string` (`aceObjectId`, `strPropertyId`, `propertyValue`)
VALUES (21035, 1, 'Salvaged  (100)');

INSERT INTO `ace_object_properties_did` (`aceObjectId`, `didPropertyId`, `propertyValue`)
VALUES (21035, 8, 100673222)
     , (21035, 50, 100673260)
     , (21035, 1, 33554817)
     , (21035, 3, 536870932)
     , (21035, 22, 872415275)
     , (21035, 6, 67111919);

INSERT INTO `ace_object_properties_int` (`aceObjectId`, `intPropertyId`, `propertyValue`)
VALUES (21035, 53, 101)
     , (21035, 1, 1073741824)
     , (21035, 5, 100)
     , (21035, 151, 9)
     , (21035, 131, 11)
     , (21035, 11, 1)
     , (21035, 91, 100)
     , (21035, 12, 1)
     , (21035, 92, 100)
     , (21035, 94, 1140850688)
     , (21035, 16, 524296)
     , (21035, 19, 9248)
     , (21035, 93, 1044);

INSERT INTO `ace_object_properties_bool` (`aceObjectId`, `boolPropertyId`, `propertyValue`)
VALUES (21035, 13, True)
     , (21035, 11, True)
     , (21035, 14, True);

INSERT INTO `ace_object_palette_change` (`aceObjectId`, `subPaletteId`, `offset`, `length`)
VALUES (21035, 67111921, 0, 0);

INSERT INTO `ace_object_texture_map_change` (`aceObjectId`, `index`, `oldId`, `newId`)
VALUES (21035, 0, 83890064, 83894153);

INSERT INTO `ace_object_animation_change` (`aceObjectId`, `index`, `animationId`)
VALUES (21035, 0, 16777882);

INSERT INTO ace_weenie_class (`weenieClassId`, `weenieClassDescription`)
VALUES (21075, 'materialserpentine');

INSERT INTO `ace_object` (`aceObjectId`, `aceObjectDescriptionFlags`, `weenieClassId`, `weenieHeaderFlags`, `currentMotionState`, `physicsDescriptionFlag`)
VALUES (21075, 18, 21075, 3508567064, NULL, 137217);

INSERT INTO `ace_object_properties_string` (`aceObjectId`, `strPropertyId`, `propertyValue`)
VALUES (21075, 1, 'Salvage (5)');

INSERT INTO `ace_object_properties_did` (`aceObjectId`, `didPropertyId`, `propertyValue`)
VALUES (21075, 8, 100673216)
     , (21075, 50, 100673299)
     , (21075, 1, 33554817)
     , (21075, 3, 536870932)
     , (21075, 22, 872415275)
     , (21075, 6, 67111919);

INSERT INTO `ace_object_properties_int` (`aceObjectId`, `intPropertyId`, `propertyValue`)
VALUES (21075, 53, 101)
     , (21075, 1, 1073741824)
     , (21075, 5, 100)
     , (21075, 151, 9)
     , (21075, 131, 71)
     , (21075, 11, 1)
     , (21075, 91, 100)
     , (21075, 12, 1)
     , (21075, 92, 5)
     , (21075, 16, 1)
     , (21075, 19, 2024)
     , (21075, 93, 1044);

INSERT INTO `ace_object_properties_bool` (`aceObjectId`, `boolPropertyId`, `propertyValue`)
VALUES (21075, 13, True)
     , (21075, 11, True)
     , (21075, 14, True);

INSERT INTO `ace_object_palette_change` (`aceObjectId`, `subPaletteId`, `offset`, `length`)
VALUES (21075, 67111919, 0, 0);

INSERT INTO `ace_object_texture_map_change` (`aceObjectId`, `index`, `oldId`, `newId`)
VALUES (21075, 0, 83890064, 83894153);

INSERT INTO `ace_object_animation_change` (`aceObjectId`, `index`, `animationId`)
VALUES (21075, 0, 16777882);

INSERT INTO ace_weenie_class (`weenieClassId`, `weenieClassDescription`)
VALUES (41499, 'ace41499-majoritemtinkeringarmature');

INSERT INTO `ace_object` (`aceObjectId`, `aceObjectDescriptionFlags`, `weenieClassId`, `weenieHeaderFlags`, `currentMotionState`, `physicsDescriptionFlag`)
VALUES (41499, 67108882, 41499, 1344828440, NULL, 137217);

INSERT INTO `ace_object_properties_string` (`aceObjectId`, `strPropertyId`, `propertyValue`)
VALUES (41499, 1, 'Major Item Tinkering Armature');

INSERT INTO `ace_object_properties_did` (`aceObjectId`, `didPropertyId`, `propertyValue`)
VALUES (41499, 8, 100673216)
     , (41499, 50, 100673276)
     , (41499, 52, 100676437)
     , (41499, 1, 33554817)
     , (41499, 3, 536870932)
     , (41499, 22, 872415275)
     , (41499, 6, 67111919);

INSERT INTO `ace_object_properties_int` (`aceObjectId`, `intPropertyId`, `propertyValue`)
VALUES (41499, 53, 101)
     , (41499, 1, 1073741824)
     , (41499, 5, 100)
     , (41499, 151, 9)
     , (41499, 11, 1)
     , (41499, 12, 1)
     , (41499, 92, 100)
     , (41499, 94, 8)
     , (41499, 16, 524296)
     , (41499, 19, 10)
     , (41499, 93, 1044);

INSERT INTO `ace_object_properties_bool` (`aceObjectId`, `boolPropertyId`, `propertyValue`)
VALUES (41499, 13, True)
     , (41499, 11, True)
     , (41499, 14, True);

INSERT INTO `ace_object_palette_change` (`aceObjectId`, `subPaletteId`, `offset`, `length`)
VALUES (41499, 67111919, 0, 0);

INSERT INTO `ace_object_texture_map_change` (`aceObjectId`, `index`, `oldId`, `newId`)
VALUES (41499, 0, 83890064, 83894153);

INSERT INTO `ace_object_animation_change` (`aceObjectId`, `index`, `animationId`)
VALUES (41499, 0, 16777882);

INSERT INTO ace_weenie_class (`weenieClassId`, `weenieClassDescription`)
VALUES (41772, 'ace41772-salvage');

INSERT INTO `ace_object` (`aceObjectId`, `aceObjectDescriptionFlags`, `weenieClassId`, `weenieHeaderFlags`, `currentMotionState`, `physicsDescriptionFlag`)
VALUES (41772, 18, 41772, 3509091352, NULL, 137217);

INSERT INTO `ace_object_properties_string` (`aceObjectId`, `strPropertyId`, `propertyValue`)
VALUES (41772, 1, 'Salvage');

INSERT INTO `ace_object_properties_did` (`aceObjectId`, `didPropertyId`, `propertyValue`)
VALUES (41772, 8, 100673222)
     , (41772, 50, 100673291)
     , (41772, 1, 33554817)
     , (41772, 3, 536870932)
     , (41772, 22, 872415275)
     , (41772, 6, 67111919);

INSERT INTO `ace_object_properties_int` (`aceObjectId`, `intPropertyId`, `propertyValue`)
VALUES (41772, 53, 101)
     , (41772, 1, 1073741824)
     , (41772, 5, 100)
     , (41772, 151, 9)
     , (41772, 131, 62)
     , (41772, 11, 1)
     , (41772, 91, 100)
     , (41772, 12, 1)
     , (41772, 92, 100)
     , (41772, 94, 1140850688)
     , (41772, 16, 524296)
     , (41772, 19, 10)
     , (41772, 93, 1044);

INSERT INTO `ace_object_properties_bool` (`aceObjectId`, `boolPropertyId`, `propertyValue`)
VALUES (41772, 13, True)
     , (41772, 11, True)
     , (41772, 14, True);

INSERT INTO `ace_object_palette_change` (`aceObjectId`, `subPaletteId`, `offset`, `length`)
VALUES (41772, 67111921, 0, 0);

INSERT INTO `ace_object_texture_map_change` (`aceObjectId`, `index`, `oldId`, `newId`)
VALUES (41772, 0, 83890064, 83894153);

INSERT INTO `ace_object_animation_change` (`aceObjectId`, `index`, `animationId`)
VALUES (41772, 0, 16777882);

INSERT INTO ace_weenie_class (`weenieClassId`, `weenieClassDescription`)
VALUES (21064, 'materialonyx');

INSERT INTO `ace_object` (`aceObjectId`, `aceObjectDescriptionFlags`, `weenieClassId`, `weenieHeaderFlags`, `currentMotionState`, `physicsDescriptionFlag`)
VALUES (21064, 18, 21064, 3508567064, NULL, 137217);

INSERT INTO `ace_object_properties_string` (`aceObjectId`, `strPropertyId`, `propertyValue`)
VALUES (21064, 1, 'Salvage (2)');

INSERT INTO `ace_object_properties_did` (`aceObjectId`, `didPropertyId`, `propertyValue`)
VALUES (21064, 8, 100673216)
     , (21064, 50, 100673287)
     , (21064, 1, 33554817)
     , (21064, 3, 536870932)
     , (21064, 22, 872415275)
     , (21064, 6, 67111919);

INSERT INTO `ace_object_properties_int` (`aceObjectId`, `intPropertyId`, `propertyValue`)
VALUES (21064, 53, 101)
     , (21064, 1, 1073741824)
     , (21064, 5, 100)
     , (21064, 151, 9)
     , (21064, 131, 32)
     , (21064, 11, 1)
     , (21064, 91, 100)
     , (21064, 12, 1)
     , (21064, 92, 2)
     , (21064, 16, 1)
     , (21064, 19, 16)
     , (21064, 93, 1044);

INSERT INTO `ace_object_properties_bool` (`aceObjectId`, `boolPropertyId`, `propertyValue`)
VALUES (21064, 13, True)
     , (21064, 11, True)
     , (21064, 14, True);

INSERT INTO `ace_object_palette_change` (`aceObjectId`, `subPaletteId`, `offset`, `length`)
VALUES (21064, 67111919, 0, 0);

INSERT INTO `ace_object_texture_map_change` (`aceObjectId`, `index`, `oldId`, `newId`)
VALUES (21064, 0, 83890064, 83894153);

INSERT INTO `ace_object_animation_change` (`aceObjectId`, `index`, `animationId`)
VALUES (21064, 0, 16777882);

INSERT INTO ace_weenie_class (`weenieClassId`, `weenieClassDescription`)
VALUES (21084, 'materialwhitejade');

INSERT INTO `ace_object` (`aceObjectId`, `aceObjectDescriptionFlags`, `weenieClassId`, `weenieHeaderFlags`, `currentMotionState`, `physicsDescriptionFlag`)
VALUES (21084, 18, 21084, 3508567064, NULL, 137217);

INSERT INTO `ace_object_properties_string` (`aceObjectId`, `strPropertyId`, `propertyValue`)
VALUES (21084, 1, 'Salvage (4)');

INSERT INTO `ace_object_properties_did` (`aceObjectId`, `didPropertyId`, `propertyValue`)
VALUES (21084, 8, 100673216)
     , (21084, 50, 100673308)
     , (21084, 1, 33554817)
     , (21084, 3, 536870932)
     , (21084, 22, 872415275)
     , (21084, 6, 67111919);

INSERT INTO `ace_object_properties_int` (`aceObjectId`, `intPropertyId`, `propertyValue`)
VALUES (21084, 53, 101)
     , (21084, 1, 1073741824)
     , (21084, 5, 100)
     , (21084, 151, 9)
     , (21084, 131, 45)
     , (21084, 11, 1)
     , (21084, 91, 100)
     , (21084, 12, 1)
     , (21084, 92, 4)
     , (21084, 16, 1)
     , (21084, 19, 36)
     , (21084, 93, 1044);

INSERT INTO `ace_object_properties_bool` (`aceObjectId`, `boolPropertyId`, `propertyValue`)
VALUES (21084, 13, True)
     , (21084, 11, True)
     , (21084, 14, True);

INSERT INTO `ace_object_palette_change` (`aceObjectId`, `subPaletteId`, `offset`, `length`)
VALUES (21084, 67111919, 0, 0);

INSERT INTO `ace_object_texture_map_change` (`aceObjectId`, `index`, `oldId`, `newId`)
VALUES (21084, 0, 83890064, 83894153);

INSERT INTO `ace_object_animation_change` (`aceObjectId`, `index`, `animationId`)
VALUES (21084, 0, 16777882);

INSERT INTO ace_weenie_class (`weenieClassId`, `weenieClassDescription`)
VALUES (21036, 'materialamethyst');

INSERT INTO `ace_object` (`aceObjectId`, `aceObjectDescriptionFlags`, `weenieClassId`, `weenieHeaderFlags`, `currentMotionState`, `physicsDescriptionFlag`)
VALUES (21036, 18, 21036, 3508567064, NULL, 137217);

INSERT INTO `ace_object_properties_string` (`aceObjectId`, `strPropertyId`, `propertyValue`)
VALUES (21036, 1, 'Salvage (3)');

INSERT INTO `ace_object_properties_did` (`aceObjectId`, `didPropertyId`, `propertyValue`)
VALUES (21036, 8, 100673216)
     , (21036, 50, 100673261)
     , (21036, 1, 33554817)
     , (21036, 3, 536870932)
     , (21036, 22, 872415275)
     , (21036, 6, 67111919);

INSERT INTO `ace_object_properties_int` (`aceObjectId`, `intPropertyId`, `propertyValue`)
VALUES (21036, 53, 101)
     , (21036, 1, 1073741824)
     , (21036, 5, 100)
     , (21036, 151, 9)
     , (21036, 131, 12)
     , (21036, 11, 1)
     , (21036, 91, 100)
     , (21036, 12, 1)
     , (21036, 92, 3)
     , (21036, 16, 1)
     , (21036, 19, 21)
     , (21036, 93, 1044);

INSERT INTO `ace_object_properties_bool` (`aceObjectId`, `boolPropertyId`, `propertyValue`)
VALUES (21036, 13, True)
     , (21036, 11, True)
     , (21036, 14, True);

INSERT INTO `ace_object_palette_change` (`aceObjectId`, `subPaletteId`, `offset`, `length`)
VALUES (21036, 67111919, 0, 0);

INSERT INTO `ace_object_texture_map_change` (`aceObjectId`, `index`, `oldId`, `newId`)
VALUES (21036, 0, 83890064, 83894153);

INSERT INTO `ace_object_animation_change` (`aceObjectId`, `index`, `animationId`)
VALUES (21036, 0, 16777882);

INSERT INTO ace_weenie_class (`weenieClassId`, `weenieClassDescription`)
VALUES (41502, 'ace41502-majoritemtinkeringarmature');

INSERT INTO `ace_object` (`aceObjectId`, `aceObjectDescriptionFlags`, `weenieClassId`, `weenieHeaderFlags`, `currentMotionState`, `physicsDescriptionFlag`)
VALUES (41502, 67108882, 41502, 1344828440, NULL, 137217);

INSERT INTO `ace_object_properties_string` (`aceObjectId`, `strPropertyId`, `propertyValue`)
VALUES (41502, 1, 'Major Item Tinkering Armature');

INSERT INTO `ace_object_properties_did` (`aceObjectId`, `didPropertyId`, `propertyValue`)
VALUES (41502, 8, 100673216)
     , (41502, 50, 100673270)
     , (41502, 52, 100676442)
     , (41502, 1, 33554817)
     , (41502, 3, 536870932)
     , (41502, 22, 872415275)
     , (41502, 6, 67111919);

INSERT INTO `ace_object_properties_int` (`aceObjectId`, `intPropertyId`, `propertyValue`)
VALUES (41502, 53, 101)
     , (41502, 1, 1073741824)
     , (41502, 5, 100)
     , (41502, 151, 9)
     , (41502, 11, 1)
     , (41502, 12, 1)
     , (41502, 92, 100)
     , (41502, 94, 8)
     , (41502, 16, 524296)
     , (41502, 19, 10)
     , (41502, 93, 1044);

INSERT INTO `ace_object_properties_bool` (`aceObjectId`, `boolPropertyId`, `propertyValue`)
VALUES (41502, 13, True)
     , (41502, 11, True)
     , (41502, 14, True);

INSERT INTO `ace_object_palette_change` (`aceObjectId`, `subPaletteId`, `offset`, `length`)
VALUES (41502, 67111919, 0, 0);

INSERT INTO `ace_object_texture_map_change` (`aceObjectId`, `index`, `oldId`, `newId`)
VALUES (41502, 0, 83890064, 83894153);

INSERT INTO `ace_object_animation_change` (`aceObjectId`, `index`, `animationId`)
VALUES (41502, 0, 16777882);

INSERT INTO ace_weenie_class (`weenieClassId`, `weenieClassDescription`)
VALUES (41492, 'ace41492-moderateitemtinkeringarmature');

INSERT INTO `ace_object` (`aceObjectId`, `aceObjectDescriptionFlags`, `weenieClassId`, `weenieHeaderFlags`, `currentMotionState`, `physicsDescriptionFlag`)
VALUES (41492, 67108882, 41492, 1344828440, NULL, 137217);

INSERT INTO `ace_object_properties_string` (`aceObjectId`, `strPropertyId`, `propertyValue`)
VALUES (41492, 1, 'Moderate Item Tinkering Armature');

INSERT INTO `ace_object_properties_did` (`aceObjectId`, `didPropertyId`, `propertyValue`)
VALUES (41492, 8, 100673216)
     , (41492, 50, 100673295)
     , (41492, 52, 100676441)
     , (41492, 1, 33554817)
     , (41492, 3, 536870932)
     , (41492, 22, 872415275)
     , (41492, 6, 67111919);

INSERT INTO `ace_object_properties_int` (`aceObjectId`, `intPropertyId`, `propertyValue`)
VALUES (41492, 53, 101)
     , (41492, 1, 1073741824)
     , (41492, 5, 100)
     , (41492, 151, 9)
     , (41492, 11, 1)
     , (41492, 12, 1)
     , (41492, 92, 100)
     , (41492, 94, 8)
     , (41492, 16, 524296)
     , (41492, 19, 10)
     , (41492, 93, 1044);

INSERT INTO `ace_object_properties_bool` (`aceObjectId`, `boolPropertyId`, `propertyValue`)
VALUES (41492, 13, True)
     , (41492, 11, True)
     , (41492, 14, True);

INSERT INTO `ace_object_palette_change` (`aceObjectId`, `subPaletteId`, `offset`, `length`)
VALUES (41492, 67111919, 0, 0);

INSERT INTO `ace_object_texture_map_change` (`aceObjectId`, `index`, `oldId`, `newId`)
VALUES (41492, 0, 83890064, 83894153);

INSERT INTO `ace_object_animation_change` (`aceObjectId`, `index`, `animationId`)
VALUES (41492, 0, 16777882);

INSERT INTO ace_weenie_class (`weenieClassId`, `weenieClassDescription`)
VALUES (21082, 'materialtourmaline');

INSERT INTO `ace_object` (`aceObjectId`, `aceObjectDescriptionFlags`, `weenieClassId`, `weenieHeaderFlags`, `currentMotionState`, `physicsDescriptionFlag`)
VALUES (21082, 18, 21082, 3508567064, NULL, 137217);

INSERT INTO `ace_object_properties_string` (`aceObjectId`, `strPropertyId`, `propertyValue`)
VALUES (21082, 1, 'Salvaged  (5)');

INSERT INTO `ace_object_properties_did` (`aceObjectId`, `didPropertyId`, `propertyValue`)
VALUES (21082, 8, 100673216)
     , (21082, 50, 100673306)
     , (21082, 1, 33554817)
     , (21082, 3, 536870932)
     , (21082, 22, 872415275)
     , (21082, 6, 67111919);

INSERT INTO `ace_object_properties_int` (`aceObjectId`, `intPropertyId`, `propertyValue`)
VALUES (21082, 53, 101)
     , (21082, 1, 1073741824)
     , (21082, 5, 100)
     , (21082, 151, 9)
     , (21082, 131, 43)
     , (21082, 11, 1)
     , (21082, 91, 100)
     , (21082, 12, 1)
     , (21082, 92, 5)
     , (21082, 16, 1)
     , (21082, 19, 3451)
     , (21082, 93, 1044);

INSERT INTO `ace_object_properties_bool` (`aceObjectId`, `boolPropertyId`, `propertyValue`)
VALUES (21082, 13, True)
     , (21082, 11, True)
     , (21082, 14, True);

INSERT INTO `ace_object_palette_change` (`aceObjectId`, `subPaletteId`, `offset`, `length`)
VALUES (21082, 67111919, 0, 0);

INSERT INTO `ace_object_texture_map_change` (`aceObjectId`, `index`, `oldId`, `newId`)
VALUES (21082, 0, 83890064, 83894153);

INSERT INTO `ace_object_animation_change` (`aceObjectId`, `index`, `animationId`)
VALUES (21082, 0, 16777882);

