/* Weenie - UndefStatics - Prismatic Crystal (21196) */
DELETE FROM ace_weenie_class WHERE weenieClassId = 21196;

INSERT INTO ace_weenie_class (`weenieClassId`, `weenieClassDescription`)
VALUES (21196, 'lightningelementalhighcampgen');

INSERT INTO `ace_object` (`aceObjectId`, `aceObjectDescriptionFlags`, `weenieClassId`, `weenieHeaderFlags`, `weenieHeaderFlags2`, `currentMotionState`, `physicsDescriptionFlag`)
VALUES (21196, 148, 21196, 0, NULL, NULL, 163969);

INSERT INTO `ace_object_properties_string` (`aceObjectId`, `strPropertyId`, `propertyValue`)
VALUES (21196, 1, 'Prismatic Crystal');

INSERT INTO `ace_object_properties_did` (`aceObjectId`, `didPropertyId`, `propertyValue`)
VALUES (21196, 8, 100673212)
     , (21196, 1, 33557879);

INSERT INTO `ace_object_properties_int` (`aceObjectId`, `intPropertyId`, `propertyValue`)
VALUES (21196, 53, 101)
     , (21196, 1, 0)
     , (21196, 93, 1044)
     , (21196, 9007, 1);

INSERT INTO `ace_object_properties_double` (`aceObjectId`, `dblPropertyId`, `propertyValue`)
VALUES (21196, 39, 0.8);

INSERT INTO `ace_object_properties_bool` (`aceObjectId`, `boolPropertyId`, `propertyValue`)
VALUES (21196, 13, True)
     , (21196, 11, True)
     , (21196, 14, True)
     , (21196, 19, True)
     , (21196, 1, True)
     , (21196, 24, True);

/* Weenie - UndefStatics - Dark Sarcophagus (22215) */
DELETE FROM ace_weenie_class WHERE weenieClassId = 22215;

INSERT INTO ace_weenie_class (`weenieClassId`, `weenieClassDescription`)
VALUES (22215, 'mysterioussarcophagusgen');

INSERT INTO `ace_object` (`aceObjectId`, `aceObjectDescriptionFlags`, `weenieClassId`, `weenieHeaderFlags`, `weenieHeaderFlags2`, `currentMotionState`, `physicsDescriptionFlag`)
VALUES (22215, 148, 22215, 10485776, NULL, NULL, 163969);

INSERT INTO `ace_object_properties_string` (`aceObjectId`, `strPropertyId`, `propertyValue`)
VALUES (22215, 1, 'Dark Sarcophagus');

INSERT INTO `ace_object_properties_did` (`aceObjectId`, `didPropertyId`, `propertyValue`)
VALUES (22215, 8, 100668103)
     , (22215, 1, 33554638);

INSERT INTO `ace_object_properties_int` (`aceObjectId`, `intPropertyId`, `propertyValue`)
VALUES (22215, 53, 101)
     , (22215, 1, 0)
     , (22215, 5, 12000)
     , (22215, 133, 1)
     , (22215, 16, 1)
     , (22215, 93, 1040)
     , (22215, 9007, 1);

INSERT INTO `ace_object_properties_double` (`aceObjectId`, `dblPropertyId`, `propertyValue`)
VALUES (22215, 39, 3);

INSERT INTO `ace_object_properties_bool` (`aceObjectId`, `boolPropertyId`, `propertyValue`)
VALUES (22215, 11, True)
     , (22215, 14, True)
     , (22215, 19, True)
     , (22215, 1, True)
     , (22215, 24, True);

INSERT INTO `ace_object_texture_map_change` (`aceObjectId`, `index`, `oldId`, `newId`)
VALUES (22215, 0, 83889697, 83893818)
     , (22215, 1, 83889697, 83893818);

INSERT INTO `ace_object_animation_change` (`aceObjectId`, `index`, `animationId`)
VALUES (22215, 0, 16778667)
     , (22215, 1, 16778672);

/* Weenie - UndefStatics - Prismatic Crystal (21188) */
DELETE FROM ace_weenie_class WHERE weenieClassId = 21188;

INSERT INTO ace_weenie_class (`weenieClassId`, `weenieClassDescription`)
VALUES (21188, 'acidelementalhighcampgen');

INSERT INTO `ace_object` (`aceObjectId`, `aceObjectDescriptionFlags`, `weenieClassId`, `weenieHeaderFlags`, `weenieHeaderFlags2`, `currentMotionState`, `physicsDescriptionFlag`)
VALUES (21188, 148, 21188, 0, NULL, NULL, 163969);

INSERT INTO `ace_object_properties_string` (`aceObjectId`, `strPropertyId`, `propertyValue`)
VALUES (21188, 1, 'Prismatic Crystal');

INSERT INTO `ace_object_properties_did` (`aceObjectId`, `didPropertyId`, `propertyValue`)
VALUES (21188, 8, 100673212)
     , (21188, 1, 33557879);

INSERT INTO `ace_object_properties_int` (`aceObjectId`, `intPropertyId`, `propertyValue`)
VALUES (21188, 53, 101)
     , (21188, 1, 0)
     , (21188, 93, 1044)
     , (21188, 9007, 1);

INSERT INTO `ace_object_properties_double` (`aceObjectId`, `dblPropertyId`, `propertyValue`)
VALUES (21188, 39, 0.8);

INSERT INTO `ace_object_properties_bool` (`aceObjectId`, `boolPropertyId`, `propertyValue`)
VALUES (21188, 13, True)
     , (21188, 11, True)
     , (21188, 14, True)
     , (21188, 19, True)
     , (21188, 1, True)
     , (21188, 24, True);

/* Weenie - UndefStatics - Prismatic Crystal (21194) */
DELETE FROM ace_weenie_class WHERE weenieClassId = 21194;

INSERT INTO ace_weenie_class (`weenieClassId`, `weenieClassDescription`)
VALUES (21194, 'frostelementalhighcampgen');

INSERT INTO `ace_object` (`aceObjectId`, `aceObjectDescriptionFlags`, `weenieClassId`, `weenieHeaderFlags`, `weenieHeaderFlags2`, `currentMotionState`, `physicsDescriptionFlag`)
VALUES (21194, 148, 21194, 0, NULL, NULL, 163969);

INSERT INTO `ace_object_properties_string` (`aceObjectId`, `strPropertyId`, `propertyValue`)
VALUES (21194, 1, 'Prismatic Crystal');

INSERT INTO `ace_object_properties_did` (`aceObjectId`, `didPropertyId`, `propertyValue`)
VALUES (21194, 8, 100673212)
     , (21194, 1, 33557879);

INSERT INTO `ace_object_properties_int` (`aceObjectId`, `intPropertyId`, `propertyValue`)
VALUES (21194, 53, 101)
     , (21194, 1, 0)
     , (21194, 93, 1044)
     , (21194, 9007, 1);

INSERT INTO `ace_object_properties_double` (`aceObjectId`, `dblPropertyId`, `propertyValue`)
VALUES (21194, 39, 0.8);

INSERT INTO `ace_object_properties_bool` (`aceObjectId`, `boolPropertyId`, `propertyValue`)
VALUES (21194, 13, True)
     , (21194, 11, True)
     , (21194, 14, True)
     , (21194, 19, True)
     , (21194, 1, True)
     , (21194, 24, True);

