INSERT INTO `ace_object` (`aceObjectId`, `aceObjectDescriptionFlags`, `weenieClassId`, `weenieHeaderFlags`, `currentMotionState`, `physicsDescriptionFlag`)
VALUES (2095665256, 134217748, 27547, 9437232, 'AAA9AAAAAAA=', 100355);

INSERT INTO `ace_position` (`aceObjectId`, `positionType`, `landblockRaw`, `posX`, `posY`, `posZ`, `qW`, `qX`, `qY`, `qZ`)
VALUES (2095665256, 1, 3465871412, 158.128, 95.0613, 20, 0.8105913, 0, 0, -0.5856122);

INSERT INTO `ace_object_properties_string` (`aceObjectId`, `strPropertyId`, `propertyValue`)
VALUES (2095665256, 1, 'Bind Stone');

INSERT INTO `ace_object_properties_did` (`aceObjectId`, `didPropertyId`, `propertyValue`)
VALUES (2095665256, 8, 100671884)
     , (2095665256, 1, 33558700)
     , (2095665256, 3, 536870932)
     , (2095665256, 2, 150995296)
     , (2095665256, 6, 67113296);

INSERT INTO `ace_object_properties_int` (`aceObjectId`, `intPropertyId`, `propertyValue`)
VALUES (2095665256, 1, 268435456)
     , (2095665256, 95, 1)
     , (2095665256, 133, 4)
     , (2095665256, 16, 32)
     , (2095665256, 93, 1040);

INSERT INTO `ace_object_properties_double` (`aceObjectId`, `dblPropertyId`, `propertyValue`)
VALUES (2095665256, 54, 2);

INSERT INTO `ace_object_properties_bool` (`aceObjectId`, `boolPropertyId`, `propertyValue`)
VALUES (2095665256, 11, True)
     , (2095665256, 14, True);

INSERT INTO `ace_object_palette_change` (`aceObjectId`, `subPaletteId`, `offset`, `length`)
VALUES (2095665256, 67115144, 0, 0);

INSERT INTO `ace_object` (`aceObjectId`, `aceObjectDescriptionFlags`, `weenieClassId`, `weenieHeaderFlags`, `currentMotionState`, `physicsDescriptionFlag`)
VALUES (2136313870, 134217748, 27547, 9437232, 'AAA9AAAAAAA=', 100355);

INSERT INTO `ace_position` (`aceObjectId`, `positionType`, `landblockRaw`, `posX`, `posY`, `posZ`, `qW`, `qX`, `qY`, `qZ`)
VALUES (2136313870, 1, 4116250685, 181.569, 98.2403, 20, -0.6960897, 0, 0, -0.7179548);

INSERT INTO `ace_object_properties_string` (`aceObjectId`, `strPropertyId`, `propertyValue`)
VALUES (2136313870, 1, 'Bind Stone');

INSERT INTO `ace_object_properties_did` (`aceObjectId`, `didPropertyId`, `propertyValue`)
VALUES (2136313870, 8, 100671884)
     , (2136313870, 1, 33558700)
     , (2136313870, 3, 536870932)
     , (2136313870, 2, 150995296)
     , (2136313870, 6, 67113296);

INSERT INTO `ace_object_properties_int` (`aceObjectId`, `intPropertyId`, `propertyValue`)
VALUES (2136313870, 1, 268435456)
     , (2136313870, 95, 1)
     , (2136313870, 133, 4)
     , (2136313870, 16, 32)
     , (2136313870, 93, 1040);

INSERT INTO `ace_object_properties_double` (`aceObjectId`, `dblPropertyId`, `propertyValue`)
VALUES (2136313870, 54, 2);

INSERT INTO `ace_object_properties_bool` (`aceObjectId`, `boolPropertyId`, `propertyValue`)
VALUES (2136313870, 11, True)
     , (2136313870, 14, True);

INSERT INTO `ace_object_palette_change` (`aceObjectId`, `subPaletteId`, `offset`, `length`)
VALUES (2136313870, 67115144, 0, 0);

INSERT INTO `ace_object` (`aceObjectId`, `aceObjectDescriptionFlags`, `weenieClassId`, `weenieHeaderFlags`, `currentMotionState`, `physicsDescriptionFlag`)
VALUES (2120470594, 134217748, 27547, 9437232, 'AAA9AAAAAAA=', 100355);

INSERT INTO `ace_position` (`aceObjectId`, `positionType`, `landblockRaw`, `posX`, `posY`, `posZ`, `qW`, `qX`, `qY`, `qZ`)
VALUES (2120470594, 1, 3862757414, 106.468, 143.584, 86, -0.448017, 0, 0, 0.894025);

INSERT INTO `ace_object_properties_string` (`aceObjectId`, `strPropertyId`, `propertyValue`)
VALUES (2120470594, 1, 'Bind Stone');

INSERT INTO `ace_object_properties_did` (`aceObjectId`, `didPropertyId`, `propertyValue`)
VALUES (2120470594, 8, 100671884)
     , (2120470594, 1, 33558700)
     , (2120470594, 3, 536870932)
     , (2120470594, 2, 150995296)
     , (2120470594, 6, 67113296);

INSERT INTO `ace_object_properties_int` (`aceObjectId`, `intPropertyId`, `propertyValue`)
VALUES (2120470594, 1, 268435456)
     , (2120470594, 95, 1)
     , (2120470594, 133, 4)
     , (2120470594, 16, 32)
     , (2120470594, 93, 1040);

INSERT INTO `ace_object_properties_double` (`aceObjectId`, `dblPropertyId`, `propertyValue`)
VALUES (2120470594, 54, 2);

INSERT INTO `ace_object_properties_bool` (`aceObjectId`, `boolPropertyId`, `propertyValue`)
VALUES (2120470594, 11, True)
     , (2120470594, 14, True);

INSERT INTO `ace_object_palette_change` (`aceObjectId`, `subPaletteId`, `offset`, `length`)
VALUES (2120470594, 67115144, 0, 0);

INSERT INTO `ace_object` (`aceObjectId`, `aceObjectDescriptionFlags`, `weenieClassId`, `weenieHeaderFlags`, `currentMotionState`, `physicsDescriptionFlag`)
VALUES (2094272606, 134217748, 27547, 9437232, 'AAA9AAAAAAA=', 100355);

INSERT INTO `ace_position` (`aceObjectId`, `positionType`, `landblockRaw`, `posX`, `posY`, `posZ`, `qW`, `qX`, `qY`, `qZ`)
VALUES (2094272606, 1, 3443589141, 59.4721, 116.82, 54, -0.9676449, 0, 0, -0.252316);

INSERT INTO `ace_object_properties_string` (`aceObjectId`, `strPropertyId`, `propertyValue`)
VALUES (2094272606, 1, 'Bind Stone');

INSERT INTO `ace_object_properties_did` (`aceObjectId`, `didPropertyId`, `propertyValue`)
VALUES (2094272606, 8, 100671884)
     , (2094272606, 1, 33558700)
     , (2094272606, 3, 536870932)
     , (2094272606, 2, 150995296)
     , (2094272606, 6, 67113296);

INSERT INTO `ace_object_properties_int` (`aceObjectId`, `intPropertyId`, `propertyValue`)
VALUES (2094272606, 1, 268435456)
     , (2094272606, 95, 1)
     , (2094272606, 133, 4)
     , (2094272606, 16, 32)
     , (2094272606, 93, 1040);

INSERT INTO `ace_object_properties_double` (`aceObjectId`, `dblPropertyId`, `propertyValue`)
VALUES (2094272606, 54, 2);

INSERT INTO `ace_object_properties_bool` (`aceObjectId`, `boolPropertyId`, `propertyValue`)
VALUES (2094272606, 11, True)
     , (2094272606, 14, True);

INSERT INTO `ace_object_palette_change` (`aceObjectId`, `subPaletteId`, `offset`, `length`)
VALUES (2094272606, 67115144, 0, 0);

INSERT INTO `ace_object` (`aceObjectId`, `aceObjectDescriptionFlags`, `weenieClassId`, `weenieHeaderFlags`, `currentMotionState`, `physicsDescriptionFlag`)
VALUES (2068250673, 134217748, 27547, 9437232, 'AAA9AAAAAAA=', 100355);

INSERT INTO `ace_position` (`aceObjectId`, `positionType`, `landblockRaw`, `posX`, `posY`, `posZ`, `qW`, `qX`, `qY`, `qZ`)
VALUES (2068250673, 1, 3027238957, 132.672, 107.515, 42, -0.7203882, 0, 0, 0.6935712);

INSERT INTO `ace_object_properties_string` (`aceObjectId`, `strPropertyId`, `propertyValue`)
VALUES (2068250673, 1, 'Bind Stone');

INSERT INTO `ace_object_properties_did` (`aceObjectId`, `didPropertyId`, `propertyValue`)
VALUES (2068250673, 8, 100671884)
     , (2068250673, 1, 33558700)
     , (2068250673, 3, 536870932)
     , (2068250673, 2, 150995296)
     , (2068250673, 6, 67113296);

INSERT INTO `ace_object_properties_int` (`aceObjectId`, `intPropertyId`, `propertyValue`)
VALUES (2068250673, 1, 268435456)
     , (2068250673, 95, 1)
     , (2068250673, 133, 4)
     , (2068250673, 16, 32)
     , (2068250673, 93, 1040);

INSERT INTO `ace_object_properties_double` (`aceObjectId`, `dblPropertyId`, `propertyValue`)
VALUES (2068250673, 54, 2);

INSERT INTO `ace_object_properties_bool` (`aceObjectId`, `boolPropertyId`, `propertyValue`)
VALUES (2068250673, 11, True)
     , (2068250673, 14, True);

INSERT INTO `ace_object_palette_change` (`aceObjectId`, `subPaletteId`, `offset`, `length`)
VALUES (2068250673, 67115144, 0, 0);

INSERT INTO `ace_object` (`aceObjectId`, `aceObjectDescriptionFlags`, `weenieClassId`, `weenieHeaderFlags`, `currentMotionState`, `physicsDescriptionFlag`)
VALUES (2090184783, 134217748, 27547, 9437232, 'AAA9AAAAAAA=', 100355);

INSERT INTO `ace_position` (`aceObjectId`, `positionType`, `landblockRaw`, `posX`, `posY`, `posZ`, `qW`, `qX`, `qY`, `qZ`)
VALUES (2090184783, 1, 3378184231, 116.226, 154.406, 12, -0.980093, 0, 0, 0.198539);

INSERT INTO `ace_object_properties_string` (`aceObjectId`, `strPropertyId`, `propertyValue`)
VALUES (2090184783, 1, 'Bind Stone');

INSERT INTO `ace_object_properties_did` (`aceObjectId`, `didPropertyId`, `propertyValue`)
VALUES (2090184783, 8, 100671884)
     , (2090184783, 1, 33558700)
     , (2090184783, 3, 536870932)
     , (2090184783, 2, 150995296)
     , (2090184783, 6, 67113296);

INSERT INTO `ace_object_properties_int` (`aceObjectId`, `intPropertyId`, `propertyValue`)
VALUES (2090184783, 1, 268435456)
     , (2090184783, 95, 1)
     , (2090184783, 133, 4)
     , (2090184783, 16, 32)
     , (2090184783, 93, 1040);

INSERT INTO `ace_object_properties_double` (`aceObjectId`, `dblPropertyId`, `propertyValue`)
VALUES (2090184783, 54, 2);

INSERT INTO `ace_object_properties_bool` (`aceObjectId`, `boolPropertyId`, `propertyValue`)
VALUES (2090184783, 11, True)
     , (2090184783, 14, True);

INSERT INTO `ace_object_palette_change` (`aceObjectId`, `subPaletteId`, `offset`, `length`)
VALUES (2090184783, 67115144, 0, 0);

INSERT INTO `ace_object` (`aceObjectId`, `aceObjectDescriptionFlags`, `weenieClassId`, `weenieHeaderFlags`, `currentMotionState`, `physicsDescriptionFlag`)
VALUES (2121588914, 134217748, 27547, 9437232, 'AAA9AAAAAAA=', 100355);

INSERT INTO `ace_position` (`aceObjectId`, `positionType`, `landblockRaw`, `posX`, `posY`, `posZ`, `qW`, `qX`, `qY`, `qZ`)
VALUES (2121588914, 1, 3880648739, 119.401, 54.4146, 32, 0.02888459, 0, 0, 0.9995828);

INSERT INTO `ace_object_properties_string` (`aceObjectId`, `strPropertyId`, `propertyValue`)
VALUES (2121588914, 1, 'Bind Stone');

INSERT INTO `ace_object_properties_did` (`aceObjectId`, `didPropertyId`, `propertyValue`)
VALUES (2121588914, 8, 100671884)
     , (2121588914, 1, 33558700)
     , (2121588914, 3, 536870932)
     , (2121588914, 2, 150995296)
     , (2121588914, 6, 67113296);

INSERT INTO `ace_object_properties_int` (`aceObjectId`, `intPropertyId`, `propertyValue`)
VALUES (2121588914, 1, 268435456)
     , (2121588914, 95, 1)
     , (2121588914, 133, 4)
     , (2121588914, 16, 32)
     , (2121588914, 93, 1040);

INSERT INTO `ace_object_properties_double` (`aceObjectId`, `dblPropertyId`, `propertyValue`)
VALUES (2121588914, 54, 2);

INSERT INTO `ace_object_properties_bool` (`aceObjectId`, `boolPropertyId`, `propertyValue`)
VALUES (2121588914, 11, True)
     , (2121588914, 14, True);

INSERT INTO `ace_object_palette_change` (`aceObjectId`, `subPaletteId`, `offset`, `length`)
VALUES (2121588914, 67115144, 0, 0);

INSERT INTO `ace_object` (`aceObjectId`, `aceObjectDescriptionFlags`, `weenieClassId`, `weenieHeaderFlags`, `currentMotionState`, `physicsDescriptionFlag`)
VALUES (2107875332, 134217748, 27547, 9437232, 'AAA9AAAAAAA=', 100355);

INSERT INTO `ace_position` (`aceObjectId`, `positionType`, `landblockRaw`, `posX`, `posY`, `posZ`, `qW`, `qX`, `qY`, `qZ`)
VALUES (2107875332, 1, 3661234240, 179.175, 190.571, 0, 0.8211551, 0, 0, -0.5707051);

INSERT INTO `ace_object_properties_string` (`aceObjectId`, `strPropertyId`, `propertyValue`)
VALUES (2107875332, 1, 'Bind Stone');

INSERT INTO `ace_object_properties_did` (`aceObjectId`, `didPropertyId`, `propertyValue`)
VALUES (2107875332, 8, 100671884)
     , (2107875332, 1, 33558700)
     , (2107875332, 3, 536870932)
     , (2107875332, 2, 150995296)
     , (2107875332, 6, 67113296);

INSERT INTO `ace_object_properties_int` (`aceObjectId`, `intPropertyId`, `propertyValue`)
VALUES (2107875332, 1, 268435456)
     , (2107875332, 95, 1)
     , (2107875332, 133, 4)
     , (2107875332, 16, 32)
     , (2107875332, 93, 1040);

INSERT INTO `ace_object_properties_double` (`aceObjectId`, `dblPropertyId`, `propertyValue`)
VALUES (2107875332, 54, 2);

INSERT INTO `ace_object_properties_bool` (`aceObjectId`, `boolPropertyId`, `propertyValue`)
VALUES (2107875332, 11, True)
     , (2107875332, 14, True);

INSERT INTO `ace_object_palette_change` (`aceObjectId`, `subPaletteId`, `offset`, `length`)
VALUES (2107875332, 67115144, 0, 0);

INSERT INTO `ace_object` (`aceObjectId`, `aceObjectDescriptionFlags`, `weenieClassId`, `weenieHeaderFlags`, `currentMotionState`, `physicsDescriptionFlag`)
VALUES (2119376940, 134217748, 27547, 9437232, 'AAA9AAAAAAA=', 100355);

INSERT INTO `ace_position` (`aceObjectId`, `positionType`, `landblockRaw`, `posX`, `posY`, `posZ`, `qW`, `qX`, `qY`, `qZ`)
VALUES (2119376940, 1, 3845259311, 123.212, 146.872, 28, -0.6171991, 0, 0, -0.7868071);

INSERT INTO `ace_object_properties_string` (`aceObjectId`, `strPropertyId`, `propertyValue`)
VALUES (2119376940, 1, 'Bind Stone');

INSERT INTO `ace_object_properties_did` (`aceObjectId`, `didPropertyId`, `propertyValue`)
VALUES (2119376940, 8, 100671884)
     , (2119376940, 1, 33558700)
     , (2119376940, 3, 536870932)
     , (2119376940, 2, 150995296)
     , (2119376940, 6, 67113296);

INSERT INTO `ace_object_properties_int` (`aceObjectId`, `intPropertyId`, `propertyValue`)
VALUES (2119376940, 1, 268435456)
     , (2119376940, 95, 1)
     , (2119376940, 133, 4)
     , (2119376940, 16, 32)
     , (2119376940, 93, 1040);

INSERT INTO `ace_object_properties_double` (`aceObjectId`, `dblPropertyId`, `propertyValue`)
VALUES (2119376940, 54, 2);

INSERT INTO `ace_object_properties_bool` (`aceObjectId`, `boolPropertyId`, `propertyValue`)
VALUES (2119376940, 11, True)
     , (2119376940, 14, True);

INSERT INTO `ace_object_palette_change` (`aceObjectId`, `subPaletteId`, `offset`, `length`)
VALUES (2119376940, 67115144, 0, 0);

INSERT INTO `ace_object` (`aceObjectId`, `aceObjectDescriptionFlags`, `weenieClassId`, `weenieHeaderFlags`, `currentMotionState`, `physicsDescriptionFlag`)
VALUES (2107986036, 134217748, 27547, 9437232, 'AAA9AAAAAAA=', 100355);

INSERT INTO `ace_position` (`aceObjectId`, `positionType`, `landblockRaw`, `posX`, `posY`, `posZ`, `qW`, `qX`, `qY`, `qZ`)
VALUES (2107986036, 1, 3663003680, 93.5733, 173.178, 20, 0.114416, 0, 0, -0.9934329);

INSERT INTO `ace_object_properties_string` (`aceObjectId`, `strPropertyId`, `propertyValue`)
VALUES (2107986036, 1, 'Bind Stone');

INSERT INTO `ace_object_properties_did` (`aceObjectId`, `didPropertyId`, `propertyValue`)
VALUES (2107986036, 8, 100671884)
     , (2107986036, 1, 33558700)
     , (2107986036, 3, 536870932)
     , (2107986036, 2, 150995296)
     , (2107986036, 6, 67113296);

INSERT INTO `ace_object_properties_int` (`aceObjectId`, `intPropertyId`, `propertyValue`)
VALUES (2107986036, 1, 268435456)
     , (2107986036, 95, 1)
     , (2107986036, 133, 4)
     , (2107986036, 16, 32)
     , (2107986036, 93, 1040);

INSERT INTO `ace_object_properties_double` (`aceObjectId`, `dblPropertyId`, `propertyValue`)
VALUES (2107986036, 54, 2);

INSERT INTO `ace_object_properties_bool` (`aceObjectId`, `boolPropertyId`, `propertyValue`)
VALUES (2107986036, 11, True)
     , (2107986036, 14, True);

INSERT INTO `ace_object_palette_change` (`aceObjectId`, `subPaletteId`, `offset`, `length`)
VALUES (2107986036, 67115144, 0, 0);

INSERT INTO `ace_object` (`aceObjectId`, `aceObjectDescriptionFlags`, `weenieClassId`, `weenieHeaderFlags`, `currentMotionState`, `physicsDescriptionFlag`)
VALUES (2056994896, 134217748, 27547, 9437232, 'AAA9AAAAAAA=', 100355);

INSERT INTO `ace_position` (`aceObjectId`, `positionType`, `landblockRaw`, `posX`, `posY`, `posZ`, `qW`, `qX`, `qY`, `qZ`)
VALUES (2056994896, 1, 2847146034, 144.989, 41.5477, 94, -0.419254, 0, 0, 0.907869);

INSERT INTO `ace_object_properties_string` (`aceObjectId`, `strPropertyId`, `propertyValue`)
VALUES (2056994896, 1, 'Bind Stone');

INSERT INTO `ace_object_properties_did` (`aceObjectId`, `didPropertyId`, `propertyValue`)
VALUES (2056994896, 8, 100671884)
     , (2056994896, 1, 33558700)
     , (2056994896, 3, 536870932)
     , (2056994896, 2, 150995296)
     , (2056994896, 6, 67113296);

INSERT INTO `ace_object_properties_int` (`aceObjectId`, `intPropertyId`, `propertyValue`)
VALUES (2056994896, 1, 268435456)
     , (2056994896, 95, 1)
     , (2056994896, 133, 4)
     , (2056994896, 16, 32)
     , (2056994896, 93, 1040);

INSERT INTO `ace_object_properties_double` (`aceObjectId`, `dblPropertyId`, `propertyValue`)
VALUES (2056994896, 54, 2);

INSERT INTO `ace_object_properties_bool` (`aceObjectId`, `boolPropertyId`, `propertyValue`)
VALUES (2056994896, 11, True)
     , (2056994896, 14, True);

INSERT INTO `ace_object_palette_change` (`aceObjectId`, `subPaletteId`, `offset`, `length`)
VALUES (2056994896, 67115144, 0, 0);

INSERT INTO `ace_object` (`aceObjectId`, `aceObjectDescriptionFlags`, `weenieClassId`, `weenieHeaderFlags`, `currentMotionState`, `physicsDescriptionFlag`)
VALUES (2076831823, 134217748, 27547, 9437232, 'AAA9AAAAAAA=', 100355);

INSERT INTO `ace_position` (`aceObjectId`, `positionType`, `landblockRaw`, `posX`, `posY`, `posZ`, `qW`, `qX`, `qY`, `qZ`)
VALUES (2076831823, 1, 3164536888, 160.467, 169.838, 32, 0.9269921, 0, 0, -0.375081);

INSERT INTO `ace_object_properties_string` (`aceObjectId`, `strPropertyId`, `propertyValue`)
VALUES (2076831823, 1, 'Bind Stone');

INSERT INTO `ace_object_properties_did` (`aceObjectId`, `didPropertyId`, `propertyValue`)
VALUES (2076831823, 8, 100671884)
     , (2076831823, 1, 33558700)
     , (2076831823, 3, 536870932)
     , (2076831823, 2, 150995296)
     , (2076831823, 6, 67113296);

INSERT INTO `ace_object_properties_int` (`aceObjectId`, `intPropertyId`, `propertyValue`)
VALUES (2076831823, 1, 268435456)
     , (2076831823, 95, 1)
     , (2076831823, 133, 4)
     , (2076831823, 16, 32)
     , (2076831823, 93, 1040);

INSERT INTO `ace_object_properties_double` (`aceObjectId`, `dblPropertyId`, `propertyValue`)
VALUES (2076831823, 54, 2);

INSERT INTO `ace_object_properties_bool` (`aceObjectId`, `boolPropertyId`, `propertyValue`)
VALUES (2076831823, 11, True)
     , (2076831823, 14, True);

INSERT INTO `ace_object_palette_change` (`aceObjectId`, `subPaletteId`, `offset`, `length`)
VALUES (2076831823, 67115144, 0, 0);

INSERT INTO `ace_object` (`aceObjectId`, `aceObjectDescriptionFlags`, `weenieClassId`, `weenieHeaderFlags`, `currentMotionState`, `physicsDescriptionFlag`)
VALUES (2079850585, 134217748, 27547, 9437232, 'AAA9AAAAAAA=', 100355);

INSERT INTO `ace_position` (`aceObjectId`, `positionType`, `landblockRaw`, `posX`, `posY`, `posZ`, `qW`, `qX`, `qY`, `qZ`)
VALUES (2079850585, 1, 3212836924, 191.86, 89.4903, 34, 0.971368, 0, 0, -0.23758);

INSERT INTO `ace_object_properties_string` (`aceObjectId`, `strPropertyId`, `propertyValue`)
VALUES (2079850585, 1, 'Bind Stone');

INSERT INTO `ace_object_properties_did` (`aceObjectId`, `didPropertyId`, `propertyValue`)
VALUES (2079850585, 8, 100671884)
     , (2079850585, 1, 33558700)
     , (2079850585, 3, 536870932)
     , (2079850585, 2, 150995296)
     , (2079850585, 6, 67113296);

INSERT INTO `ace_object_properties_int` (`aceObjectId`, `intPropertyId`, `propertyValue`)
VALUES (2079850585, 1, 268435456)
     , (2079850585, 95, 1)
     , (2079850585, 133, 4)
     , (2079850585, 16, 32)
     , (2079850585, 93, 1040);

INSERT INTO `ace_object_properties_double` (`aceObjectId`, `dblPropertyId`, `propertyValue`)
VALUES (2079850585, 54, 2);

INSERT INTO `ace_object_properties_bool` (`aceObjectId`, `boolPropertyId`, `propertyValue`)
VALUES (2079850585, 11, True)
     , (2079850585, 14, True);

INSERT INTO `ace_object_palette_change` (`aceObjectId`, `subPaletteId`, `offset`, `length`)
VALUES (2079850585, 67115144, 0, 0);

INSERT INTO `ace_object` (`aceObjectId`, `aceObjectDescriptionFlags`, `weenieClassId`, `weenieHeaderFlags`, `currentMotionState`, `physicsDescriptionFlag`)
VALUES (2048540767, 134217748, 27547, 9437232, 'AAA9AAAAAAA=', 100355);

INSERT INTO `ace_position` (`aceObjectId`, `positionType`, `landblockRaw`, `posX`, `posY`, `posZ`, `qW`, `qX`, `qY`, `qZ`)
VALUES (2048540767, 1, 2711879727, 141.67, 163.534, 50, -0.407971, 0, 0, 0.9129949);

INSERT INTO `ace_object_properties_string` (`aceObjectId`, `strPropertyId`, `propertyValue`)
VALUES (2048540767, 1, 'Bind Stone');

INSERT INTO `ace_object_properties_did` (`aceObjectId`, `didPropertyId`, `propertyValue`)
VALUES (2048540767, 8, 100671884)
     , (2048540767, 1, 33558700)
     , (2048540767, 3, 536870932)
     , (2048540767, 2, 150995296)
     , (2048540767, 6, 67113296);

INSERT INTO `ace_object_properties_int` (`aceObjectId`, `intPropertyId`, `propertyValue`)
VALUES (2048540767, 1, 268435456)
     , (2048540767, 95, 1)
     , (2048540767, 133, 4)
     , (2048540767, 16, 32)
     , (2048540767, 93, 1040);

INSERT INTO `ace_object_properties_double` (`aceObjectId`, `dblPropertyId`, `propertyValue`)
VALUES (2048540767, 54, 2);

INSERT INTO `ace_object_properties_bool` (`aceObjectId`, `boolPropertyId`, `propertyValue`)
VALUES (2048540767, 11, True)
     , (2048540767, 14, True);

INSERT INTO `ace_object_palette_change` (`aceObjectId`, `subPaletteId`, `offset`, `length`)
VALUES (2048540767, 67115144, 0, 0);

INSERT INTO `ace_object` (`aceObjectId`, `aceObjectDescriptionFlags`, `weenieClassId`, `weenieHeaderFlags`, `currentMotionState`, `physicsDescriptionFlag`)
VALUES (2089340929, 134217748, 27547, 9437232, 'AAA9AAAAAAA=', 100355);

INSERT INTO `ace_position` (`aceObjectId`, `positionType`, `landblockRaw`, `posX`, `posY`, `posZ`, `qW`, `qX`, `qY`, `qZ`)
VALUES (2089340929, 1, 3364683785, 46.2842, 10.5845, 22, 0.9285126, 0, 0, 0.3713008);

INSERT INTO `ace_object_properties_string` (`aceObjectId`, `strPropertyId`, `propertyValue`)
VALUES (2089340929, 1, 'Bind Stone');

INSERT INTO `ace_object_properties_did` (`aceObjectId`, `didPropertyId`, `propertyValue`)
VALUES (2089340929, 8, 100671884)
     , (2089340929, 1, 33558700)
     , (2089340929, 3, 536870932)
     , (2089340929, 2, 150995296)
     , (2089340929, 6, 67113296);

INSERT INTO `ace_object_properties_int` (`aceObjectId`, `intPropertyId`, `propertyValue`)
VALUES (2089340929, 1, 268435456)
     , (2089340929, 95, 1)
     , (2089340929, 133, 4)
     , (2089340929, 16, 32)
     , (2089340929, 93, 1040);

INSERT INTO `ace_object_properties_double` (`aceObjectId`, `dblPropertyId`, `propertyValue`)
VALUES (2089340929, 54, 2);

INSERT INTO `ace_object_properties_bool` (`aceObjectId`, `boolPropertyId`, `propertyValue`)
VALUES (2089340929, 11, True)
     , (2089340929, 14, True);

INSERT INTO `ace_object_palette_change` (`aceObjectId`, `subPaletteId`, `offset`, `length`)
VALUES (2089340929, 67115144, 0, 0);

INSERT INTO `ace_object` (`aceObjectId`, `aceObjectDescriptionFlags`, `weenieClassId`, `weenieHeaderFlags`, `currentMotionState`, `physicsDescriptionFlag`)
VALUES (2086309892, 134217748, 27547, 9437232, 'AAA9AAAAAAA=', 100355);

INSERT INTO `ace_position` (`aceObjectId`, `positionType`, `landblockRaw`, `posX`, `posY`, `posZ`, `qW`, `qX`, `qY`, `qZ`)
VALUES (2086309892, 1, 3316187148, 38.5916, 88.6518, 52, -0.7768597, 0, 0, -0.6296738);

INSERT INTO `ace_object_properties_string` (`aceObjectId`, `strPropertyId`, `propertyValue`)
VALUES (2086309892, 1, 'Bind Stone');

INSERT INTO `ace_object_properties_did` (`aceObjectId`, `didPropertyId`, `propertyValue`)
VALUES (2086309892, 8, 100671884)
     , (2086309892, 1, 33558700)
     , (2086309892, 3, 536870932)
     , (2086309892, 2, 150995296)
     , (2086309892, 6, 67113296);

INSERT INTO `ace_object_properties_int` (`aceObjectId`, `intPropertyId`, `propertyValue`)
VALUES (2086309892, 1, 268435456)
     , (2086309892, 95, 1)
     , (2086309892, 133, 4)
     , (2086309892, 16, 32)
     , (2086309892, 93, 1040);

INSERT INTO `ace_object_properties_double` (`aceObjectId`, `dblPropertyId`, `propertyValue`)
VALUES (2086309892, 54, 2);

INSERT INTO `ace_object_properties_bool` (`aceObjectId`, `boolPropertyId`, `propertyValue`)
VALUES (2086309892, 11, True)
     , (2086309892, 14, True);

INSERT INTO `ace_object_palette_change` (`aceObjectId`, `subPaletteId`, `offset`, `length`)
VALUES (2086309892, 67115144, 0, 0);

INSERT INTO `ace_object` (`aceObjectId`, `aceObjectDescriptionFlags`, `weenieClassId`, `weenieHeaderFlags`, `currentMotionState`, `physicsDescriptionFlag`)
VALUES (2010529858, 134217748, 27547, 9437232, 'AAA9AAAAAAA=', 100355);

INSERT INTO `ace_position` (`aceObjectId`, `positionType`, `landblockRaw`, `posX`, `posY`, `posZ`, `qW`, `qX`, `qY`, `qZ`)
VALUES (2010529858, 1, 2103705618, 54.1621, 33.492, 12, 0.7473574, 0, 0, 0.6644223);

INSERT INTO `ace_object_properties_string` (`aceObjectId`, `strPropertyId`, `propertyValue`)
VALUES (2010529858, 1, 'Bind Stone');

INSERT INTO `ace_object_properties_did` (`aceObjectId`, `didPropertyId`, `propertyValue`)
VALUES (2010529858, 8, 100671884)
     , (2010529858, 1, 33558700)
     , (2010529858, 3, 536870932)
     , (2010529858, 2, 150995296)
     , (2010529858, 6, 67113296);

INSERT INTO `ace_object_properties_int` (`aceObjectId`, `intPropertyId`, `propertyValue`)
VALUES (2010529858, 1, 268435456)
     , (2010529858, 95, 1)
     , (2010529858, 133, 4)
     , (2010529858, 16, 32)
     , (2010529858, 93, 1040);

INSERT INTO `ace_object_properties_double` (`aceObjectId`, `dblPropertyId`, `propertyValue`)
VALUES (2010529858, 54, 2);

INSERT INTO `ace_object_properties_bool` (`aceObjectId`, `boolPropertyId`, `propertyValue`)
VALUES (2010529858, 11, True)
     , (2010529858, 14, True);

INSERT INTO `ace_object_palette_change` (`aceObjectId`, `subPaletteId`, `offset`, `length`)
VALUES (2010529858, 67115144, 0, 0);

INSERT INTO `ace_object` (`aceObjectId`, `aceObjectDescriptionFlags`, `weenieClassId`, `weenieHeaderFlags`, `currentMotionState`, `physicsDescriptionFlag`)
VALUES (2030403635, 134217748, 27547, 9437232, 'AAA9AAAAAAA=', 100355);

INSERT INTO `ace_position` (`aceObjectId`, `positionType`, `landblockRaw`, `posX`, `posY`, `posZ`, `qW`, `qX`, `qY`, `qZ`)
VALUES (2030403635, 1, 2421686316, 142.744, 89.0523, 0, -0.3620121, 0, 0, 0.9321734);

INSERT INTO `ace_object_properties_string` (`aceObjectId`, `strPropertyId`, `propertyValue`)
VALUES (2030403635, 1, 'Bind Stone');

INSERT INTO `ace_object_properties_did` (`aceObjectId`, `didPropertyId`, `propertyValue`)
VALUES (2030403635, 8, 100671884)
     , (2030403635, 1, 33558700)
     , (2030403635, 3, 536870932)
     , (2030403635, 2, 150995296)
     , (2030403635, 6, 67113296);

INSERT INTO `ace_object_properties_int` (`aceObjectId`, `intPropertyId`, `propertyValue`)
VALUES (2030403635, 1, 268435456)
     , (2030403635, 95, 1)
     , (2030403635, 133, 4)
     , (2030403635, 16, 32)
     , (2030403635, 93, 1040);

INSERT INTO `ace_object_properties_double` (`aceObjectId`, `dblPropertyId`, `propertyValue`)
VALUES (2030403635, 54, 2);

INSERT INTO `ace_object_properties_bool` (`aceObjectId`, `boolPropertyId`, `propertyValue`)
VALUES (2030403635, 11, True)
     , (2030403635, 14, True);

INSERT INTO `ace_object_palette_change` (`aceObjectId`, `subPaletteId`, `offset`, `length`)
VALUES (2030403635, 67115144, 0, 0);

INSERT INTO `ace_object` (`aceObjectId`, `aceObjectDescriptionFlags`, `weenieClassId`, `weenieHeaderFlags`, `currentMotionState`, `physicsDescriptionFlag`)
VALUES (2043949056, 134217748, 27547, 9437232, 'AAA9AAAAAAA=', 100355);

INSERT INTO `ace_position` (`aceObjectId`, `positionType`, `landblockRaw`, `posX`, `posY`, `posZ`, `qW`, `qX`, `qY`, `qZ`)
VALUES (2043949056, 1, 2638413882, 187.625, 44.1554, 40, 0.8830346, 0, 0, -0.4693078);

INSERT INTO `ace_object_properties_string` (`aceObjectId`, `strPropertyId`, `propertyValue`)
VALUES (2043949056, 1, 'Bind Stone');

INSERT INTO `ace_object_properties_did` (`aceObjectId`, `didPropertyId`, `propertyValue`)
VALUES (2043949056, 8, 100671884)
     , (2043949056, 1, 33558700)
     , (2043949056, 3, 536870932)
     , (2043949056, 2, 150995296)
     , (2043949056, 6, 67113296);

INSERT INTO `ace_object_properties_int` (`aceObjectId`, `intPropertyId`, `propertyValue`)
VALUES (2043949056, 1, 268435456)
     , (2043949056, 95, 1)
     , (2043949056, 133, 4)
     , (2043949056, 16, 32)
     , (2043949056, 93, 1040);

INSERT INTO `ace_object_properties_double` (`aceObjectId`, `dblPropertyId`, `propertyValue`)
VALUES (2043949056, 54, 2);

INSERT INTO `ace_object_properties_bool` (`aceObjectId`, `boolPropertyId`, `propertyValue`)
VALUES (2043949056, 11, True)
     , (2043949056, 14, True);

INSERT INTO `ace_object_palette_change` (`aceObjectId`, `subPaletteId`, `offset`, `length`)
VALUES (2043949056, 67115144, 0, 0);

INSERT INTO `ace_object` (`aceObjectId`, `aceObjectDescriptionFlags`, `weenieClassId`, `weenieHeaderFlags`, `currentMotionState`, `physicsDescriptionFlag`)
VALUES (2049306660, 134217748, 27547, 9437232, 'AAA9AAAAAAA=', 100355);

INSERT INTO `ace_position` (`aceObjectId`, `positionType`, `landblockRaw`, `posX`, `posY`, `posZ`, `qW`, `qX`, `qY`, `qZ`)
VALUES (2049306660, 1, 2724134968, 154.634, 177.72, 20, 0.6702681, 0, 0, -0.7421191);

INSERT INTO `ace_object_properties_string` (`aceObjectId`, `strPropertyId`, `propertyValue`)
VALUES (2049306660, 1, 'Bind Stone');

INSERT INTO `ace_object_properties_did` (`aceObjectId`, `didPropertyId`, `propertyValue`)
VALUES (2049306660, 8, 100671884)
     , (2049306660, 1, 33558700)
     , (2049306660, 3, 536870932)
     , (2049306660, 2, 150995296)
     , (2049306660, 6, 67113296);

INSERT INTO `ace_object_properties_int` (`aceObjectId`, `intPropertyId`, `propertyValue`)
VALUES (2049306660, 1, 268435456)
     , (2049306660, 95, 1)
     , (2049306660, 133, 4)
     , (2049306660, 16, 32)
     , (2049306660, 93, 1040);

INSERT INTO `ace_object_properties_double` (`aceObjectId`, `dblPropertyId`, `propertyValue`)
VALUES (2049306660, 54, 2);

INSERT INTO `ace_object_properties_bool` (`aceObjectId`, `boolPropertyId`, `propertyValue`)
VALUES (2049306660, 11, True)
     , (2049306660, 14, True);

INSERT INTO `ace_object_palette_change` (`aceObjectId`, `subPaletteId`, `offset`, `length`)
VALUES (2049306660, 67115144, 0, 0);

INSERT INTO `ace_object` (`aceObjectId`, `aceObjectDescriptionFlags`, `weenieClassId`, `weenieHeaderFlags`, `currentMotionState`, `physicsDescriptionFlag`)
VALUES (2018955265, 134217748, 27547, 9437232, 'AAA9AAAAAAA=', 100355);

INSERT INTO `ace_position` (`aceObjectId`, `positionType`, `landblockRaw`, `posX`, `posY`, `posZ`, `qW`, `qX`, `qY`, `qZ`)
VALUES (2018955265, 1, 2238513200, 128.821, 189.221, 14, -0.7932931, 0, 0, 0.60884);

INSERT INTO `ace_object_properties_string` (`aceObjectId`, `strPropertyId`, `propertyValue`)
VALUES (2018955265, 1, 'Bind Stone');

INSERT INTO `ace_object_properties_did` (`aceObjectId`, `didPropertyId`, `propertyValue`)
VALUES (2018955265, 8, 100671884)
     , (2018955265, 1, 33558700)
     , (2018955265, 3, 536870932)
     , (2018955265, 2, 150995296)
     , (2018955265, 6, 67113296);

INSERT INTO `ace_object_properties_int` (`aceObjectId`, `intPropertyId`, `propertyValue`)
VALUES (2018955265, 1, 268435456)
     , (2018955265, 95, 1)
     , (2018955265, 133, 4)
     , (2018955265, 16, 32)
     , (2018955265, 93, 1040);

INSERT INTO `ace_object_properties_double` (`aceObjectId`, `dblPropertyId`, `propertyValue`)
VALUES (2018955265, 54, 2);

INSERT INTO `ace_object_properties_bool` (`aceObjectId`, `boolPropertyId`, `propertyValue`)
VALUES (2018955265, 11, True)
     , (2018955265, 14, True);

INSERT INTO `ace_object_palette_change` (`aceObjectId`, `subPaletteId`, `offset`, `length`)
VALUES (2018955265, 67115144, 0, 0);

INSERT INTO `ace_object` (`aceObjectId`, `aceObjectDescriptionFlags`, `weenieClassId`, `weenieHeaderFlags`, `currentMotionState`, `physicsDescriptionFlag`)
VALUES (2019069953, 134217748, 27547, 9437232, 'AAA9AAAAAAA=', 100355);

INSERT INTO `ace_position` (`aceObjectId`, `positionType`, `landblockRaw`, `posX`, `posY`, `posZ`, `qW`, `qX`, `qY`, `qZ`)
VALUES (2019069953, 1, 2240348201, 121.536, 16.1923, 86, -0.9984982, 0, 0, 0.05478481);

INSERT INTO `ace_object_properties_string` (`aceObjectId`, `strPropertyId`, `propertyValue`)
VALUES (2019069953, 1, 'Bind Stone');

INSERT INTO `ace_object_properties_did` (`aceObjectId`, `didPropertyId`, `propertyValue`)
VALUES (2019069953, 8, 100671884)
     , (2019069953, 1, 33558700)
     , (2019069953, 3, 536870932)
     , (2019069953, 2, 150995296)
     , (2019069953, 6, 67113296);

INSERT INTO `ace_object_properties_int` (`aceObjectId`, `intPropertyId`, `propertyValue`)
VALUES (2019069953, 1, 268435456)
     , (2019069953, 95, 1)
     , (2019069953, 133, 4)
     , (2019069953, 16, 32)
     , (2019069953, 93, 1040);

INSERT INTO `ace_object_properties_double` (`aceObjectId`, `dblPropertyId`, `propertyValue`)
VALUES (2019069953, 54, 2);

INSERT INTO `ace_object_properties_bool` (`aceObjectId`, `boolPropertyId`, `propertyValue`)
VALUES (2019069953, 11, True)
     , (2019069953, 14, True);

INSERT INTO `ace_object_palette_change` (`aceObjectId`, `subPaletteId`, `offset`, `length`)
VALUES (2019069953, 67115144, 0, 0);

INSERT INTO `ace_object` (`aceObjectId`, `aceObjectDescriptionFlags`, `weenieClassId`, `weenieHeaderFlags`, `currentMotionState`, `physicsDescriptionFlag`)
VALUES (2013855823, 134217748, 27547, 9437232, 'AAA9AAAAAAA=', 100355);

INSERT INTO `ace_position` (`aceObjectId`, `positionType`, `landblockRaw`, `posX`, `posY`, `posZ`, `qW`, `qX`, `qY`, `qZ`)
VALUES (2013855823, 1, 2156920858, 75.5241, 32.4954, 124, 0.4979009, 0, 0, -0.8672339);

INSERT INTO `ace_object_properties_string` (`aceObjectId`, `strPropertyId`, `propertyValue`)
VALUES (2013855823, 1, 'Bind Stone');

INSERT INTO `ace_object_properties_did` (`aceObjectId`, `didPropertyId`, `propertyValue`)
VALUES (2013855823, 8, 100671884)
     , (2013855823, 1, 33558700)
     , (2013855823, 3, 536870932)
     , (2013855823, 2, 150995296)
     , (2013855823, 6, 67113296);

INSERT INTO `ace_object_properties_int` (`aceObjectId`, `intPropertyId`, `propertyValue`)
VALUES (2013855823, 1, 268435456)
     , (2013855823, 95, 1)
     , (2013855823, 133, 4)
     , (2013855823, 16, 32)
     , (2013855823, 93, 1040);

INSERT INTO `ace_object_properties_double` (`aceObjectId`, `dblPropertyId`, `propertyValue`)
VALUES (2013855823, 54, 2);

INSERT INTO `ace_object_properties_bool` (`aceObjectId`, `boolPropertyId`, `propertyValue`)
VALUES (2013855823, 11, True)
     , (2013855823, 14, True);

INSERT INTO `ace_object_palette_change` (`aceObjectId`, `subPaletteId`, `offset`, `length`)
VALUES (2013855823, 67115144, 0, 0);

INSERT INTO `ace_object` (`aceObjectId`, `aceObjectDescriptionFlags`, `weenieClassId`, `weenieHeaderFlags`, `currentMotionState`, `physicsDescriptionFlag`)
VALUES (2037522503, 134217748, 27547, 9437232, 'AAA9AAAAAAA=', 100355);

INSERT INTO `ace_position` (`aceObjectId`, `positionType`, `landblockRaw`, `posX`, `posY`, `posZ`, `qW`, `qX`, `qY`, `qZ`)
VALUES (2037522503, 1, 2535587855, 36.8566, 144.922, 102, -0.7806543, 0, 0, -0.6249632);

INSERT INTO `ace_object_properties_string` (`aceObjectId`, `strPropertyId`, `propertyValue`)
VALUES (2037522503, 1, 'Bind Stone');

INSERT INTO `ace_object_properties_did` (`aceObjectId`, `didPropertyId`, `propertyValue`)
VALUES (2037522503, 8, 100671884)
     , (2037522503, 1, 33558700)
     , (2037522503, 3, 536870932)
     , (2037522503, 2, 150995296)
     , (2037522503, 6, 67113296);

INSERT INTO `ace_object_properties_int` (`aceObjectId`, `intPropertyId`, `propertyValue`)
VALUES (2037522503, 1, 268435456)
     , (2037522503, 95, 1)
     , (2037522503, 133, 4)
     , (2037522503, 16, 32)
     , (2037522503, 93, 1040);

INSERT INTO `ace_object_properties_double` (`aceObjectId`, `dblPropertyId`, `propertyValue`)
VALUES (2037522503, 54, 2);

INSERT INTO `ace_object_properties_bool` (`aceObjectId`, `boolPropertyId`, `propertyValue`)
VALUES (2037522503, 11, True)
     , (2037522503, 14, True);

INSERT INTO `ace_object_palette_change` (`aceObjectId`, `subPaletteId`, `offset`, `length`)
VALUES (2037522503, 67115144, 0, 0);

INSERT INTO `ace_object` (`aceObjectId`, `aceObjectDescriptionFlags`, `weenieClassId`, `weenieHeaderFlags`, `currentMotionState`, `physicsDescriptionFlag`)
VALUES (2038935554, 134217748, 27547, 9437232, 'AAA9AAAAAAA=', 100355);

INSERT INTO `ace_position` (`aceObjectId`, `positionType`, `landblockRaw`, `posX`, `posY`, `posZ`, `qW`, `qX`, `qY`, `qZ`)
VALUES (2038935554, 1, 2558197767, 17.0359, 167.747, 0, 0.8089148, 0, 0, -0.5879259);

INSERT INTO `ace_object_properties_string` (`aceObjectId`, `strPropertyId`, `propertyValue`)
VALUES (2038935554, 1, 'Bind Stone');

INSERT INTO `ace_object_properties_did` (`aceObjectId`, `didPropertyId`, `propertyValue`)
VALUES (2038935554, 8, 100671884)
     , (2038935554, 1, 33558700)
     , (2038935554, 3, 536870932)
     , (2038935554, 2, 150995296)
     , (2038935554, 6, 67113296);

INSERT INTO `ace_object_properties_int` (`aceObjectId`, `intPropertyId`, `propertyValue`)
VALUES (2038935554, 1, 268435456)
     , (2038935554, 95, 1)
     , (2038935554, 133, 4)
     , (2038935554, 16, 32)
     , (2038935554, 93, 1040);

INSERT INTO `ace_object_properties_double` (`aceObjectId`, `dblPropertyId`, `propertyValue`)
VALUES (2038935554, 54, 2);

INSERT INTO `ace_object_properties_bool` (`aceObjectId`, `boolPropertyId`, `propertyValue`)
VALUES (2038935554, 11, True)
     , (2038935554, 14, True);

INSERT INTO `ace_object_palette_change` (`aceObjectId`, `subPaletteId`, `offset`, `length`)
VALUES (2038935554, 67115144, 0, 0);

