INSERT INTO `ace_object` (`aceObjectId`, `aceObjectDescriptionFlags`, `weenieClassId`, `weenieHeaderFlags`, `currentMotionState`, `physicsDescriptionFlag`)
VALUES (2931242894, 9437206, 8128, 4, 'AAA9AAAAAAA=', 104579);

INSERT INTO `ace_position` (`aceObjectId`, `positionType`, `landblockRaw`, `posX`, `posY`, `posZ`, `qW`, `qX`, `qY`, `qZ`)
VALUES (2931242894, 1, 1676148780, 125.249, 85.9626, 132.0425, -0.9952207, 0, 0, 0.09765107);

INSERT INTO `ace_object_properties_string` (`aceObjectId`, `strPropertyId`, `propertyValue`)
VALUES (2931242894, 1, 'Babe the Blue Auroch');

INSERT INTO `ace_object_properties_did` (`aceObjectId`, `didPropertyId`, `propertyValue`)
VALUES (2931242894, 8, 100667936)
     , (2931242894, 1, 33554478)
     , (2931242894, 3, 536870916)
     , (2931242894, 2, 150994969)
     , (2931242894, 22, 872415254)
     , (2931242894, 6, 67109302);

INSERT INTO `ace_object_properties_int` (`aceObjectId`, `intPropertyId`, `propertyValue`)
VALUES (2931242894, 1, 16)
     , (2931242894, 95, 8)
     , (2931242894, 7, 255)
     , (2931242894, 6, 255)
     , (2931242894, 133, 4)
     , (2931242894, 16, 1)
     , (2931242894, 93, 2098184);

INSERT INTO `ace_object_properties_double` (`aceObjectId`, `dblPropertyId`, `propertyValue`)
VALUES (2931242894, 39, 5);

INSERT INTO `ace_object_properties_bool` (`aceObjectId`, `boolPropertyId`, `propertyValue`)
VALUES (2931242894, 12, True)
     , (2931242894, 14, True)
     , (2931242894, 41, True);

INSERT INTO `ace_object_palette_change` (`aceObjectId`, `subPaletteId`, `offset`, `length`)
VALUES (2931242894, 67112901, 0, 0);

INSERT INTO `ace_object` (`aceObjectId`, `aceObjectDescriptionFlags`, `weenieClassId`, `weenieHeaderFlags`, `currentMotionState`, `physicsDescriptionFlag`)
VALUES (2931242892, 9437206, 8129, 4, 'AAA9AAAAAAA=', 104643);

INSERT INTO `ace_position` (`aceObjectId`, `positionType`, `landblockRaw`, `posX`, `posY`, `posZ`, `qW`, `qX`, `qY`, `qZ`)
VALUES (2931242892, 1, 1676148780, 134.263, 86.9166, 131.96, 0.9355682, 0, 0, -0.3531461);

INSERT INTO `ace_object_properties_string` (`aceObjectId`, `strPropertyId`, `propertyValue`)
VALUES (2931242892, 1, 'Paul the Monouga');

INSERT INTO `ace_object_properties_did` (`aceObjectId`, `didPropertyId`, `propertyValue`)
VALUES (2931242892, 8, 100669117)
     , (2931242892, 1, 33555199)
     , (2931242892, 3, 536870962)
     , (2931242892, 2, 150994983)
     , (2931242892, 22, 872415334)
     , (2931242892, 6, 67111302);

INSERT INTO `ace_object_properties_int` (`aceObjectId`, `intPropertyId`, `propertyValue`)
VALUES (2931242892, 1, 16)
     , (2931242892, 95, 8)
     , (2931242892, 7, 255)
     , (2931242892, 6, 255)
     , (2931242892, 133, 4)
     , (2931242892, 16, 1)
     , (2931242892, 93, 2098184);

INSERT INTO `ace_object_properties_double` (`aceObjectId`, `dblPropertyId`, `propertyValue`)
VALUES (2931242892, 39, 8);

INSERT INTO `ace_object_properties_bool` (`aceObjectId`, `boolPropertyId`, `propertyValue`)
VALUES (2931242892, 12, True)
     , (2931242892, 14, True)
     , (2931242892, 41, True);

INSERT INTO `ace_object_palette_change` (`aceObjectId`, `subPaletteId`, `offset`, `length`)
VALUES (2931242892, 67111952, 0, 0);

