INSERT INTO `ace_object` (`aceObjectId`, `aceObjectDescriptionFlags`, `weenieClassId`, `weenieHeaderFlags`, `currentMotionState`, `physicsDescriptionFlag`)
VALUES (2023760071, 48, 15451, 4116, 'AAA9AAIAAAAMAAAA', 104451);

INSERT INTO `ace_position` (`aceObjectId`, `positionType`, `landblockRaw`, `posX`, `posY`, `posZ`, `qW`, `qX`, `qY`, `qZ`)
VALUES (2023760071, 1, 2315387412, 60, -85.245, 6, 0, 0, 0, -1);

INSERT INTO `ace_object_properties_string` (`aceObjectId`, `strPropertyId`, `propertyValue`)
VALUES (2023760071, 1, 'Door');

INSERT INTO `ace_object_properties_did` (`aceObjectId`, `didPropertyId`, `propertyValue`)
VALUES (2023760071, 8, 100668183)
     , (2023760071, 1, 33557661)
     , (2023760071, 3, 536870946)
     , (2023760071, 2, 150994966)
     , (2023760071, 22, 872415275);

INSERT INTO `ace_object_properties_int` (`aceObjectId`, `intPropertyId`, `propertyValue`)
VALUES (2023760071, 1, 128)
     , (2023760071, 16, 32)
     , (2023760071, 93, 65560);

INSERT INTO `ace_object_properties_double` (`aceObjectId`, `dblPropertyId`, `propertyValue`)
VALUES (2023760071, 54, 0.5);

INSERT INTO `ace_object_properties_bool` (`aceObjectId`, `boolPropertyId`, `propertyValue`)
VALUES (2023760071, 12, True)
     , (2023760071, 11, True);

INSERT INTO `ace_object` (`aceObjectId`, `aceObjectDescriptionFlags`, `weenieClassId`, `weenieHeaderFlags`, `currentMotionState`, `physicsDescriptionFlag`)
VALUES (2023760028, 48, 15451, 4116, 'AAA9AAIAAAAMAAAA', 104451);

INSERT INTO `ace_position` (`aceObjectId`, `positionType`, `landblockRaw`, `posX`, `posY`, `posZ`, `qW`, `qX`, `qY`, `qZ`)
VALUES (2023760028, 1, 2315387332, 60, -64.75, 0, 0, 0, 0, -1);

INSERT INTO `ace_object_properties_string` (`aceObjectId`, `strPropertyId`, `propertyValue`)
VALUES (2023760028, 1, 'Door');

INSERT INTO `ace_object_properties_did` (`aceObjectId`, `didPropertyId`, `propertyValue`)
VALUES (2023760028, 8, 100668183)
     , (2023760028, 1, 33557661)
     , (2023760028, 3, 536870946)
     , (2023760028, 2, 150994966)
     , (2023760028, 22, 872415275);

INSERT INTO `ace_object_properties_int` (`aceObjectId`, `intPropertyId`, `propertyValue`)
VALUES (2023760028, 1, 128)
     , (2023760028, 16, 32)
     , (2023760028, 93, 65560);

INSERT INTO `ace_object_properties_double` (`aceObjectId`, `dblPropertyId`, `propertyValue`)
VALUES (2023760028, 54, 0.5);

INSERT INTO `ace_object_properties_bool` (`aceObjectId`, `boolPropertyId`, `propertyValue`)
VALUES (2023760028, 12, True)
     , (2023760028, 11, True);

INSERT INTO `ace_object` (`aceObjectId`, `aceObjectDescriptionFlags`, `weenieClassId`, `weenieHeaderFlags`, `currentMotionState`, `physicsDescriptionFlag`)
VALUES (2023760025, 48, 15451, 4116, 'AAA9AAIAAAAMAAAA', 104451);

INSERT INTO `ace_position` (`aceObjectId`, `positionType`, `landblockRaw`, `posX`, `posY`, `posZ`, `qW`, `qX`, `qY`, `qZ`)
VALUES (2023760025, 1, 2315387327, 45.245, -70, 0, -0.707107, 0, 0, -0.707107);

INSERT INTO `ace_object_properties_string` (`aceObjectId`, `strPropertyId`, `propertyValue`)
VALUES (2023760025, 1, 'Door');

INSERT INTO `ace_object_properties_did` (`aceObjectId`, `didPropertyId`, `propertyValue`)
VALUES (2023760025, 8, 100668183)
     , (2023760025, 1, 33557661)
     , (2023760025, 3, 536870946)
     , (2023760025, 2, 150994966)
     , (2023760025, 22, 872415275);

INSERT INTO `ace_object_properties_int` (`aceObjectId`, `intPropertyId`, `propertyValue`)
VALUES (2023760025, 1, 128)
     , (2023760025, 16, 32)
     , (2023760025, 93, 65560);

INSERT INTO `ace_object_properties_double` (`aceObjectId`, `dblPropertyId`, `propertyValue`)
VALUES (2023760025, 54, 0.5);

INSERT INTO `ace_object_properties_bool` (`aceObjectId`, `boolPropertyId`, `propertyValue`)
VALUES (2023760025, 12, True)
     , (2023760025, 11, True);

INSERT INTO `ace_object` (`aceObjectId`, `aceObjectDescriptionFlags`, `weenieClassId`, `weenieHeaderFlags`, `currentMotionState`, `physicsDescriptionFlag`)
VALUES (2023760038, 48, 15451, 4116, 'AAA9AAIAAAAMAAAA', 104451);

INSERT INTO `ace_position` (`aceObjectId`, `positionType`, `landblockRaw`, `posX`, `posY`, `posZ`, `qW`, `qX`, `qY`, `qZ`)
VALUES (2023760038, 1, 2315387344, 74.755, -70, 0, 0.707107, 0, 0, -0.707107);

INSERT INTO `ace_object_properties_string` (`aceObjectId`, `strPropertyId`, `propertyValue`)
VALUES (2023760038, 1, 'Door');

INSERT INTO `ace_object_properties_did` (`aceObjectId`, `didPropertyId`, `propertyValue`)
VALUES (2023760038, 8, 100668183)
     , (2023760038, 1, 33557661)
     , (2023760038, 3, 536870946)
     , (2023760038, 2, 150994966)
     , (2023760038, 22, 872415275);

INSERT INTO `ace_object_properties_int` (`aceObjectId`, `intPropertyId`, `propertyValue`)
VALUES (2023760038, 1, 128)
     , (2023760038, 16, 32)
     , (2023760038, 93, 65560);

INSERT INTO `ace_object_properties_double` (`aceObjectId`, `dblPropertyId`, `propertyValue`)
VALUES (2023760038, 54, 0.5);

INSERT INTO `ace_object_properties_bool` (`aceObjectId`, `boolPropertyId`, `propertyValue`)
VALUES (2023760038, 12, True)
     , (2023760038, 11, True);

INSERT INTO `ace_object` (`aceObjectId`, `aceObjectDescriptionFlags`, `weenieClassId`, `weenieHeaderFlags`, `currentMotionState`, `physicsDescriptionFlag`)
VALUES (2023760035, 48, 15451, 4116, 'AAA9AAIAAAAMAAAA', 104451);

INSERT INTO `ace_position` (`aceObjectId`, `positionType`, `landblockRaw`, `posX`, `posY`, `posZ`, `qW`, `qX`, `qY`, `qZ`)
VALUES (2023760035, 1, 2315387340, 74.755, -50, 0, 0.707107, 0, 0, -0.707107);

INSERT INTO `ace_object_properties_string` (`aceObjectId`, `strPropertyId`, `propertyValue`)
VALUES (2023760035, 1, 'Door');

INSERT INTO `ace_object_properties_did` (`aceObjectId`, `didPropertyId`, `propertyValue`)
VALUES (2023760035, 8, 100668183)
     , (2023760035, 1, 33557661)
     , (2023760035, 3, 536870946)
     , (2023760035, 2, 150994966)
     , (2023760035, 22, 872415275);

INSERT INTO `ace_object_properties_int` (`aceObjectId`, `intPropertyId`, `propertyValue`)
VALUES (2023760035, 1, 128)
     , (2023760035, 16, 32)
     , (2023760035, 93, 65560);

INSERT INTO `ace_object_properties_double` (`aceObjectId`, `dblPropertyId`, `propertyValue`)
VALUES (2023760035, 54, 0.5);

INSERT INTO `ace_object_properties_bool` (`aceObjectId`, `boolPropertyId`, `propertyValue`)
VALUES (2023760035, 12, True)
     , (2023760035, 11, True);

INSERT INTO `ace_object` (`aceObjectId`, `aceObjectDescriptionFlags`, `weenieClassId`, `weenieHeaderFlags`, `currentMotionState`, `physicsDescriptionFlag`)
VALUES (2023760022, 48, 15451, 4116, 'AAA9AAIAAAAMAAAA', 104451);

INSERT INTO `ace_position` (`aceObjectId`, `positionType`, `landblockRaw`, `posX`, `posY`, `posZ`, `qW`, `qX`, `qY`, `qZ`)
VALUES (2023760022, 1, 2315387323, 45.245, -50, 0, -0.707107, 0, 0, -0.707107);

INSERT INTO `ace_object_properties_string` (`aceObjectId`, `strPropertyId`, `propertyValue`)
VALUES (2023760022, 1, 'Door');

INSERT INTO `ace_object_properties_did` (`aceObjectId`, `didPropertyId`, `propertyValue`)
VALUES (2023760022, 8, 100668183)
     , (2023760022, 1, 33557661)
     , (2023760022, 3, 536870946)
     , (2023760022, 2, 150994966)
     , (2023760022, 22, 872415275);

INSERT INTO `ace_object_properties_int` (`aceObjectId`, `intPropertyId`, `propertyValue`)
VALUES (2023760022, 1, 128)
     , (2023760022, 16, 32)
     , (2023760022, 93, 65560);

INSERT INTO `ace_object_properties_double` (`aceObjectId`, `dblPropertyId`, `propertyValue`)
VALUES (2023760022, 54, 0.5);

INSERT INTO `ace_object_properties_bool` (`aceObjectId`, `boolPropertyId`, `propertyValue`)
VALUES (2023760022, 12, True)
     , (2023760022, 11, True);

INSERT INTO `ace_object` (`aceObjectId`, `aceObjectDescriptionFlags`, `weenieClassId`, `weenieHeaderFlags`, `currentMotionState`, `physicsDescriptionFlag`)
VALUES (2023760044, 48, 15451, 4116, 'AAA9AAIAAAAMAAAA', 104451);

INSERT INTO `ace_position` (`aceObjectId`, `positionType`, `landblockRaw`, `posX`, `posY`, `posZ`, `qW`, `qX`, `qY`, `qZ`)
VALUES (2023760044, 1, 2315387365, 80, -75.245, 0, 1, 0, 0, 0);

INSERT INTO `ace_object_properties_string` (`aceObjectId`, `strPropertyId`, `propertyValue`)
VALUES (2023760044, 1, 'Door');

INSERT INTO `ace_object_properties_did` (`aceObjectId`, `didPropertyId`, `propertyValue`)
VALUES (2023760044, 8, 100668183)
     , (2023760044, 1, 33557661)
     , (2023760044, 3, 536870946)
     , (2023760044, 2, 150994966)
     , (2023760044, 22, 872415275);

INSERT INTO `ace_object_properties_int` (`aceObjectId`, `intPropertyId`, `propertyValue`)
VALUES (2023760044, 1, 128)
     , (2023760044, 16, 32)
     , (2023760044, 93, 65560);

INSERT INTO `ace_object_properties_double` (`aceObjectId`, `dblPropertyId`, `propertyValue`)
VALUES (2023760044, 54, 0.5);

INSERT INTO `ace_object_properties_bool` (`aceObjectId`, `boolPropertyId`, `propertyValue`)
VALUES (2023760044, 12, True)
     , (2023760044, 11, True);

INSERT INTO `ace_object` (`aceObjectId`, `aceObjectDescriptionFlags`, `weenieClassId`, `weenieHeaderFlags`, `currentMotionState`, `physicsDescriptionFlag`)
VALUES (2023760016, 48, 15451, 4116, 'AAA9AAIAAAAMAAAA', 104451);

INSERT INTO `ace_position` (`aceObjectId`, `positionType`, `landblockRaw`, `posX`, `posY`, `posZ`, `qW`, `qX`, `qY`, `qZ`)
VALUES (2023760016, 1, 2315387302, 40, -44.755, 0, -4.37114E-08, 0, 0, -1);

INSERT INTO `ace_object_properties_string` (`aceObjectId`, `strPropertyId`, `propertyValue`)
VALUES (2023760016, 1, 'Door');

INSERT INTO `ace_object_properties_did` (`aceObjectId`, `didPropertyId`, `propertyValue`)
VALUES (2023760016, 8, 100668183)
     , (2023760016, 1, 33557661)
     , (2023760016, 3, 536870946)
     , (2023760016, 2, 150994966)
     , (2023760016, 22, 872415275);

INSERT INTO `ace_object_properties_int` (`aceObjectId`, `intPropertyId`, `propertyValue`)
VALUES (2023760016, 1, 128)
     , (2023760016, 16, 32)
     , (2023760016, 93, 65560);

INSERT INTO `ace_object_properties_double` (`aceObjectId`, `dblPropertyId`, `propertyValue`)
VALUES (2023760016, 54, 0.5);

INSERT INTO `ace_object_properties_bool` (`aceObjectId`, `boolPropertyId`, `propertyValue`)
VALUES (2023760016, 12, True)
     , (2023760016, 11, True);

INSERT INTO `ace_object` (`aceObjectId`, `aceObjectDescriptionFlags`, `weenieClassId`, `weenieHeaderFlags`, `currentMotionState`, `physicsDescriptionFlag`)
VALUES (2023760041, 48, 15451, 4116, 'AAA9AAIAAAAMAAAA', 104451);

INSERT INTO `ace_position` (`aceObjectId`, `positionType`, `landblockRaw`, `posX`, `posY`, `posZ`, `qW`, `qX`, `qY`, `qZ`)
VALUES (2023760041, 1, 2315387347, 80, -44.755, 0, -4.37114E-08, 0, 0, -1);

INSERT INTO `ace_object_properties_string` (`aceObjectId`, `strPropertyId`, `propertyValue`)
VALUES (2023760041, 1, 'Door');

INSERT INTO `ace_object_properties_did` (`aceObjectId`, `didPropertyId`, `propertyValue`)
VALUES (2023760041, 8, 100668183)
     , (2023760041, 1, 33557661)
     , (2023760041, 3, 536870946)
     , (2023760041, 2, 150994966)
     , (2023760041, 22, 872415275);

INSERT INTO `ace_object_properties_int` (`aceObjectId`, `intPropertyId`, `propertyValue`)
VALUES (2023760041, 1, 128)
     , (2023760041, 16, 32)
     , (2023760041, 93, 65560);

INSERT INTO `ace_object_properties_double` (`aceObjectId`, `dblPropertyId`, `propertyValue`)
VALUES (2023760041, 54, 0.5);

INSERT INTO `ace_object_properties_bool` (`aceObjectId`, `boolPropertyId`, `propertyValue`)
VALUES (2023760041, 12, True)
     , (2023760041, 11, True);

INSERT INTO `ace_object` (`aceObjectId`, `aceObjectDescriptionFlags`, `weenieClassId`, `weenieHeaderFlags`, `currentMotionState`, `physicsDescriptionFlag`)
VALUES (2023760019, 48, 15451, 4116, 'AAA9AAIAAAAMAAAA', 104451);

INSERT INTO `ace_position` (`aceObjectId`, `positionType`, `landblockRaw`, `posX`, `posY`, `posZ`, `qW`, `qX`, `qY`, `qZ`)
VALUES (2023760019, 1, 2315387320, 40, -75.245, 0, 1, 0, 0, 0);

INSERT INTO `ace_object_properties_string` (`aceObjectId`, `strPropertyId`, `propertyValue`)
VALUES (2023760019, 1, 'Door');

INSERT INTO `ace_object_properties_did` (`aceObjectId`, `didPropertyId`, `propertyValue`)
VALUES (2023760019, 8, 100668183)
     , (2023760019, 1, 33557661)
     , (2023760019, 3, 536870946)
     , (2023760019, 2, 150994966)
     , (2023760019, 22, 872415275);

INSERT INTO `ace_object_properties_int` (`aceObjectId`, `intPropertyId`, `propertyValue`)
VALUES (2023760019, 1, 128)
     , (2023760019, 16, 32)
     , (2023760019, 93, 65560);

INSERT INTO `ace_object_properties_double` (`aceObjectId`, `dblPropertyId`, `propertyValue`)
VALUES (2023760019, 54, 0.5);

INSERT INTO `ace_object_properties_bool` (`aceObjectId`, `boolPropertyId`, `propertyValue`)
VALUES (2023760019, 12, True)
     , (2023760019, 11, True);

INSERT INTO `ace_object` (`aceObjectId`, `aceObjectDescriptionFlags`, `weenieClassId`, `weenieHeaderFlags`, `currentMotionState`, `physicsDescriptionFlag`)
VALUES (2023760013, 48, 15451, 4116, 'AAA9AAIAAAAMAAAA', 104451);

INSERT INTO `ace_position` (`aceObjectId`, `positionType`, `landblockRaw`, `posX`, `posY`, `posZ`, `qW`, `qX`, `qY`, `qZ`)
VALUES (2023760013, 1, 2315387299, 34.755, -70, 0, 0.707107, 0, 0, -0.707107);

INSERT INTO `ace_object_properties_string` (`aceObjectId`, `strPropertyId`, `propertyValue`)
VALUES (2023760013, 1, 'Door');

INSERT INTO `ace_object_properties_did` (`aceObjectId`, `didPropertyId`, `propertyValue`)
VALUES (2023760013, 8, 100668183)
     , (2023760013, 1, 33557661)
     , (2023760013, 3, 536870946)
     , (2023760013, 2, 150994966)
     , (2023760013, 22, 872415275);

INSERT INTO `ace_object_properties_int` (`aceObjectId`, `intPropertyId`, `propertyValue`)
VALUES (2023760013, 1, 128)
     , (2023760013, 16, 32)
     , (2023760013, 93, 65560);

INSERT INTO `ace_object_properties_double` (`aceObjectId`, `dblPropertyId`, `propertyValue`)
VALUES (2023760013, 54, 0.5);

INSERT INTO `ace_object_properties_bool` (`aceObjectId`, `boolPropertyId`, `propertyValue`)
VALUES (2023760013, 12, True)
     , (2023760013, 11, True);

INSERT INTO `ace_object` (`aceObjectId`, `aceObjectDescriptionFlags`, `weenieClassId`, `weenieHeaderFlags`, `currentMotionState`, `physicsDescriptionFlag`)
VALUES (2023760047, 48, 15451, 4116, 'AAA9AAIAAAAMAAAA', 104451);

INSERT INTO `ace_position` (`aceObjectId`, `positionType`, `landblockRaw`, `posX`, `posY`, `posZ`, `qW`, `qX`, `qY`, `qZ`)
VALUES (2023760047, 1, 2315387368, 85.245, -50, 0, -0.707107, 0, 0, -0.707107);

INSERT INTO `ace_object_properties_string` (`aceObjectId`, `strPropertyId`, `propertyValue`)
VALUES (2023760047, 1, 'Door');

INSERT INTO `ace_object_properties_did` (`aceObjectId`, `didPropertyId`, `propertyValue`)
VALUES (2023760047, 8, 100668183)
     , (2023760047, 1, 33557661)
     , (2023760047, 3, 536870946)
     , (2023760047, 2, 150994966)
     , (2023760047, 22, 872415275);

INSERT INTO `ace_object_properties_int` (`aceObjectId`, `intPropertyId`, `propertyValue`)
VALUES (2023760047, 1, 128)
     , (2023760047, 16, 32)
     , (2023760047, 93, 65560);

INSERT INTO `ace_object_properties_double` (`aceObjectId`, `dblPropertyId`, `propertyValue`)
VALUES (2023760047, 54, 0.5);

INSERT INTO `ace_object_properties_bool` (`aceObjectId`, `boolPropertyId`, `propertyValue`)
VALUES (2023760047, 12, True)
     , (2023760047, 11, True);

INSERT INTO `ace_object` (`aceObjectId`, `aceObjectDescriptionFlags`, `weenieClassId`, `weenieHeaderFlags`, `currentMotionState`, `physicsDescriptionFlag`)
VALUES (2023760050, 48, 15451, 4116, 'AAA9AAIAAAAMAAAA', 104451);

INSERT INTO `ace_position` (`aceObjectId`, `positionType`, `landblockRaw`, `posX`, `posY`, `posZ`, `qW`, `qX`, `qY`, `qZ`)
VALUES (2023760050, 1, 2315387372, 85.245, -70, 0, -0.707107, 0, 0, -0.707107);

INSERT INTO `ace_object_properties_string` (`aceObjectId`, `strPropertyId`, `propertyValue`)
VALUES (2023760050, 1, 'Door');

INSERT INTO `ace_object_properties_did` (`aceObjectId`, `didPropertyId`, `propertyValue`)
VALUES (2023760050, 8, 100668183)
     , (2023760050, 1, 33557661)
     , (2023760050, 3, 536870946)
     , (2023760050, 2, 150994966)
     , (2023760050, 22, 872415275);

INSERT INTO `ace_object_properties_int` (`aceObjectId`, `intPropertyId`, `propertyValue`)
VALUES (2023760050, 1, 128)
     , (2023760050, 16, 32)
     , (2023760050, 93, 65560);

INSERT INTO `ace_object_properties_double` (`aceObjectId`, `dblPropertyId`, `propertyValue`)
VALUES (2023760050, 54, 0.5);

INSERT INTO `ace_object_properties_bool` (`aceObjectId`, `boolPropertyId`, `propertyValue`)
VALUES (2023760050, 12, True)
     , (2023760050, 11, True);

INSERT INTO `ace_object` (`aceObjectId`, `aceObjectDescriptionFlags`, `weenieClassId`, `weenieHeaderFlags`, `currentMotionState`, `physicsDescriptionFlag`)
VALUES (2023760010, 48, 15451, 4116, 'AAA9AAIAAAAMAAAA', 104451);

INSERT INTO `ace_position` (`aceObjectId`, `positionType`, `landblockRaw`, `posX`, `posY`, `posZ`, `qW`, `qX`, `qY`, `qZ`)
VALUES (2023760010, 1, 2315387295, 34.755, -50, 0, 0.707107, 0, 0, -0.707107);

INSERT INTO `ace_object_properties_string` (`aceObjectId`, `strPropertyId`, `propertyValue`)
VALUES (2023760010, 1, 'Door');

INSERT INTO `ace_object_properties_did` (`aceObjectId`, `didPropertyId`, `propertyValue`)
VALUES (2023760010, 8, 100668183)
     , (2023760010, 1, 33557661)
     , (2023760010, 3, 536870946)
     , (2023760010, 2, 150994966)
     , (2023760010, 22, 872415275);

INSERT INTO `ace_object_properties_int` (`aceObjectId`, `intPropertyId`, `propertyValue`)
VALUES (2023760010, 1, 128)
     , (2023760010, 16, 32)
     , (2023760010, 93, 65560);

INSERT INTO `ace_object_properties_double` (`aceObjectId`, `dblPropertyId`, `propertyValue`)
VALUES (2023760010, 54, 0.5);

INSERT INTO `ace_object_properties_bool` (`aceObjectId`, `boolPropertyId`, `propertyValue`)
VALUES (2023760010, 12, True)
     , (2023760010, 11, True);

INSERT INTO `ace_object` (`aceObjectId`, `aceObjectDescriptionFlags`, `weenieClassId`, `weenieHeaderFlags`, `currentMotionState`, `physicsDescriptionFlag`)
VALUES (2023760007, 48, 15451, 4116, 'AAA9AAIAAAAMAAAA', 104451);

INSERT INTO `ace_position` (`aceObjectId`, `positionType`, `landblockRaw`, `posX`, `posY`, `posZ`, `qW`, `qX`, `qY`, `qZ`)
VALUES (2023760007, 1, 2315387292, 15.245, -70, 0, -0.707107, 0, 0, -0.707107);

INSERT INTO `ace_object_properties_string` (`aceObjectId`, `strPropertyId`, `propertyValue`)
VALUES (2023760007, 1, 'Door');

INSERT INTO `ace_object_properties_did` (`aceObjectId`, `didPropertyId`, `propertyValue`)
VALUES (2023760007, 8, 100668183)
     , (2023760007, 1, 33557661)
     , (2023760007, 3, 536870946)
     , (2023760007, 2, 150994966)
     , (2023760007, 22, 872415275);

INSERT INTO `ace_object_properties_int` (`aceObjectId`, `intPropertyId`, `propertyValue`)
VALUES (2023760007, 1, 128)
     , (2023760007, 16, 32)
     , (2023760007, 93, 65560);

INSERT INTO `ace_object_properties_double` (`aceObjectId`, `dblPropertyId`, `propertyValue`)
VALUES (2023760007, 54, 0.5);

INSERT INTO `ace_object_properties_bool` (`aceObjectId`, `boolPropertyId`, `propertyValue`)
VALUES (2023760007, 12, True)
     , (2023760007, 11, True);

INSERT INTO `ace_object` (`aceObjectId`, `aceObjectDescriptionFlags`, `weenieClassId`, `weenieHeaderFlags`, `currentMotionState`, `physicsDescriptionFlag`)
VALUES (2023760053, 48, 15451, 4116, 'AAA9AAIAAAAMAAAA', 104451);

INSERT INTO `ace_position` (`aceObjectId`, `positionType`, `landblockRaw`, `posX`, `posY`, `posZ`, `qW`, `qX`, `qY`, `qZ`)
VALUES (2023760053, 1, 2315387375, 104.755, -50, 0, 0.707107, 0, 0, -0.707107);

INSERT INTO `ace_object_properties_string` (`aceObjectId`, `strPropertyId`, `propertyValue`)
VALUES (2023760053, 1, 'Door');

INSERT INTO `ace_object_properties_did` (`aceObjectId`, `didPropertyId`, `propertyValue`)
VALUES (2023760053, 8, 100668183)
     , (2023760053, 1, 33557661)
     , (2023760053, 3, 536870946)
     , (2023760053, 2, 150994966)
     , (2023760053, 22, 872415275);

INSERT INTO `ace_object_properties_int` (`aceObjectId`, `intPropertyId`, `propertyValue`)
VALUES (2023760053, 1, 128)
     , (2023760053, 16, 32)
     , (2023760053, 93, 65560);

INSERT INTO `ace_object_properties_double` (`aceObjectId`, `dblPropertyId`, `propertyValue`)
VALUES (2023760053, 54, 0.5);

INSERT INTO `ace_object_properties_bool` (`aceObjectId`, `boolPropertyId`, `propertyValue`)
VALUES (2023760053, 12, True)
     , (2023760053, 11, True);

INSERT INTO `ace_object` (`aceObjectId`, `aceObjectDescriptionFlags`, `weenieClassId`, `weenieHeaderFlags`, `currentMotionState`, `physicsDescriptionFlag`)
VALUES (2023760056, 48, 15451, 4116, 'AAA9AAIAAAAMAAAA', 104451);

INSERT INTO `ace_position` (`aceObjectId`, `positionType`, `landblockRaw`, `posX`, `posY`, `posZ`, `qW`, `qX`, `qY`, `qZ`)
VALUES (2023760056, 1, 2315387379, 104.755, -70, 0, 0.707107, 0, 0, -0.707107);

INSERT INTO `ace_object_properties_string` (`aceObjectId`, `strPropertyId`, `propertyValue`)
VALUES (2023760056, 1, 'Door');

INSERT INTO `ace_object_properties_did` (`aceObjectId`, `didPropertyId`, `propertyValue`)
VALUES (2023760056, 8, 100668183)
     , (2023760056, 1, 33557661)
     , (2023760056, 3, 536870946)
     , (2023760056, 2, 150994966)
     , (2023760056, 22, 872415275);

INSERT INTO `ace_object_properties_int` (`aceObjectId`, `intPropertyId`, `propertyValue`)
VALUES (2023760056, 1, 128)
     , (2023760056, 16, 32)
     , (2023760056, 93, 65560);

INSERT INTO `ace_object_properties_double` (`aceObjectId`, `dblPropertyId`, `propertyValue`)
VALUES (2023760056, 54, 0.5);

INSERT INTO `ace_object_properties_bool` (`aceObjectId`, `boolPropertyId`, `propertyValue`)
VALUES (2023760056, 12, True)
     , (2023760056, 11, True);

INSERT INTO `ace_object` (`aceObjectId`, `aceObjectDescriptionFlags`, `weenieClassId`, `weenieHeaderFlags`, `currentMotionState`, `physicsDescriptionFlag`)
VALUES (2023760004, 48, 15451, 4116, 'AAA9AAIAAAAMAAAA', 104451);

INSERT INTO `ace_position` (`aceObjectId`, `positionType`, `landblockRaw`, `posX`, `posY`, `posZ`, `qW`, `qX`, `qY`, `qZ`)
VALUES (2023760004, 1, 2315387288, 15.245, -50, 0, -0.707107, 0, 0, -0.707107);

INSERT INTO `ace_object_properties_string` (`aceObjectId`, `strPropertyId`, `propertyValue`)
VALUES (2023760004, 1, 'Door');

INSERT INTO `ace_object_properties_did` (`aceObjectId`, `didPropertyId`, `propertyValue`)
VALUES (2023760004, 8, 100668183)
     , (2023760004, 1, 33557661)
     , (2023760004, 3, 536870946)
     , (2023760004, 2, 150994966)
     , (2023760004, 22, 872415275);

INSERT INTO `ace_object_properties_int` (`aceObjectId`, `intPropertyId`, `propertyValue`)
VALUES (2023760004, 1, 128)
     , (2023760004, 16, 32)
     , (2023760004, 93, 65560);

INSERT INTO `ace_object_properties_double` (`aceObjectId`, `dblPropertyId`, `propertyValue`)
VALUES (2023760004, 54, 0.5);

INSERT INTO `ace_object_properties_bool` (`aceObjectId`, `boolPropertyId`, `propertyValue`)
VALUES (2023760004, 12, True)
     , (2023760004, 11, True);

INSERT INTO `ace_object` (`aceObjectId`, `aceObjectDescriptionFlags`, `weenieClassId`, `weenieHeaderFlags`, `currentMotionState`, `physicsDescriptionFlag`)
VALUES (2023760064, 48, 15451, 4116, 'AAA9AAIAAAAMAAAA', 104451);

INSERT INTO `ace_position` (`aceObjectId`, `positionType`, `landblockRaw`, `posX`, `posY`, `posZ`, `qW`, `qX`, `qY`, `qZ`)
VALUES (2023760064, 1, 2315387399, 110, -75.245, 0, 1, 0, 0, 0);

INSERT INTO `ace_object_properties_string` (`aceObjectId`, `strPropertyId`, `propertyValue`)
VALUES (2023760064, 1, 'Door');

INSERT INTO `ace_object_properties_did` (`aceObjectId`, `didPropertyId`, `propertyValue`)
VALUES (2023760064, 8, 100668183)
     , (2023760064, 1, 33557661)
     , (2023760064, 3, 536870946)
     , (2023760064, 2, 150994966)
     , (2023760064, 22, 872415275);

INSERT INTO `ace_object_properties_int` (`aceObjectId`, `intPropertyId`, `propertyValue`)
VALUES (2023760064, 1, 128)
     , (2023760064, 16, 32)
     , (2023760064, 93, 65560);

INSERT INTO `ace_object_properties_double` (`aceObjectId`, `dblPropertyId`, `propertyValue`)
VALUES (2023760064, 54, 0.5);

INSERT INTO `ace_object_properties_bool` (`aceObjectId`, `boolPropertyId`, `propertyValue`)
VALUES (2023760064, 12, True)
     , (2023760064, 11, True);

INSERT INTO `ace_object` (`aceObjectId`, `aceObjectDescriptionFlags`, `weenieClassId`, `weenieHeaderFlags`, `currentMotionState`, `physicsDescriptionFlag`)
VALUES (2023760001, 48, 15451, 4116, 'AAA9AAIAAAAMAAAA', 104451);

INSERT INTO `ace_position` (`aceObjectId`, `positionType`, `landblockRaw`, `posX`, `posY`, `posZ`, `qW`, `qX`, `qY`, `qZ`)
VALUES (2023760001, 1, 2315387285, 10, -75.245, 0, 1, 0, 0, 0);

INSERT INTO `ace_object_properties_string` (`aceObjectId`, `strPropertyId`, `propertyValue`)
VALUES (2023760001, 1, 'Door');

INSERT INTO `ace_object_properties_did` (`aceObjectId`, `didPropertyId`, `propertyValue`)
VALUES (2023760001, 8, 100668183)
     , (2023760001, 1, 33557661)
     , (2023760001, 3, 536870946)
     , (2023760001, 2, 150994966)
     , (2023760001, 22, 872415275);

INSERT INTO `ace_object_properties_int` (`aceObjectId`, `intPropertyId`, `propertyValue`)
VALUES (2023760001, 1, 128)
     , (2023760001, 16, 32)
     , (2023760001, 93, 65560);

INSERT INTO `ace_object_properties_double` (`aceObjectId`, `dblPropertyId`, `propertyValue`)
VALUES (2023760001, 54, 0.5);

INSERT INTO `ace_object_properties_bool` (`aceObjectId`, `boolPropertyId`, `propertyValue`)
VALUES (2023760001, 12, True)
     , (2023760001, 11, True);

INSERT INTO `ace_object` (`aceObjectId`, `aceObjectDescriptionFlags`, `weenieClassId`, `weenieHeaderFlags`, `currentMotionState`, `physicsDescriptionFlag`)
VALUES (2023760061, 48, 15451, 4116, 'AAA9AAIAAAAMAAAA', 104451);

INSERT INTO `ace_position` (`aceObjectId`, `positionType`, `landblockRaw`, `posX`, `posY`, `posZ`, `qW`, `qX`, `qY`, `qZ`)
VALUES (2023760061, 1, 2315387382, 110, -44.755, 0, -4.37114E-08, 0, 0, -1);

INSERT INTO `ace_object_properties_string` (`aceObjectId`, `strPropertyId`, `propertyValue`)
VALUES (2023760061, 1, 'Door');

INSERT INTO `ace_object_properties_did` (`aceObjectId`, `didPropertyId`, `propertyValue`)
VALUES (2023760061, 8, 100668183)
     , (2023760061, 1, 33557661)
     , (2023760061, 3, 536870946)
     , (2023760061, 2, 150994966)
     , (2023760061, 22, 872415275);

INSERT INTO `ace_object_properties_int` (`aceObjectId`, `intPropertyId`, `propertyValue`)
VALUES (2023760061, 1, 128)
     , (2023760061, 16, 32)
     , (2023760061, 93, 65560);

INSERT INTO `ace_object_properties_double` (`aceObjectId`, `dblPropertyId`, `propertyValue`)
VALUES (2023760061, 54, 0.5);

INSERT INTO `ace_object_properties_bool` (`aceObjectId`, `boolPropertyId`, `propertyValue`)
VALUES (2023760061, 12, True)
     , (2023760061, 11, True);

INSERT INTO `ace_object` (`aceObjectId`, `aceObjectDescriptionFlags`, `weenieClassId`, `weenieHeaderFlags`, `currentMotionState`, `physicsDescriptionFlag`)
VALUES (2023759998, 48, 15451, 4116, 'AAA9AAIAAAAMAAAA', 104451);

INSERT INTO `ace_position` (`aceObjectId`, `positionType`, `landblockRaw`, `posX`, `posY`, `posZ`, `qW`, `qX`, `qY`, `qZ`)
VALUES (2023759998, 1, 2315387270, 4.75498, -70, 0, 0.707107, 0, 0, -0.707107);

INSERT INTO `ace_object_properties_string` (`aceObjectId`, `strPropertyId`, `propertyValue`)
VALUES (2023759998, 1, 'Door');

INSERT INTO `ace_object_properties_did` (`aceObjectId`, `didPropertyId`, `propertyValue`)
VALUES (2023759998, 8, 100668183)
     , (2023759998, 1, 33557661)
     , (2023759998, 3, 536870946)
     , (2023759998, 2, 150994966)
     , (2023759998, 22, 872415275);

INSERT INTO `ace_object_properties_int` (`aceObjectId`, `intPropertyId`, `propertyValue`)
VALUES (2023759998, 1, 128)
     , (2023759998, 16, 32)
     , (2023759998, 93, 65560);

INSERT INTO `ace_object_properties_double` (`aceObjectId`, `dblPropertyId`, `propertyValue`)
VALUES (2023759998, 54, 0.5);

INSERT INTO `ace_object_properties_bool` (`aceObjectId`, `boolPropertyId`, `propertyValue`)
VALUES (2023759998, 12, True)
     , (2023759998, 11, True);

INSERT INTO `ace_object` (`aceObjectId`, `aceObjectDescriptionFlags`, `weenieClassId`, `weenieHeaderFlags`, `currentMotionState`, `physicsDescriptionFlag`)
VALUES (2023760067, 48, 15451, 4116, 'AAA9AAIAAAAMAAAA', 104451);

INSERT INTO `ace_position` (`aceObjectId`, `positionType`, `landblockRaw`, `posX`, `posY`, `posZ`, `qW`, `qX`, `qY`, `qZ`)
VALUES (2023760067, 1, 2315387402, 115.245, -50, 0, -0.707107, 0, 0, -0.707107);

INSERT INTO `ace_object_properties_string` (`aceObjectId`, `strPropertyId`, `propertyValue`)
VALUES (2023760067, 1, 'Door');

INSERT INTO `ace_object_properties_did` (`aceObjectId`, `didPropertyId`, `propertyValue`)
VALUES (2023760067, 8, 100668183)
     , (2023760067, 1, 33557661)
     , (2023760067, 3, 536870946)
     , (2023760067, 2, 150994966)
     , (2023760067, 22, 872415275);

INSERT INTO `ace_object_properties_int` (`aceObjectId`, `intPropertyId`, `propertyValue`)
VALUES (2023760067, 1, 128)
     , (2023760067, 16, 32)
     , (2023760067, 93, 65560);

INSERT INTO `ace_object_properties_double` (`aceObjectId`, `dblPropertyId`, `propertyValue`)
VALUES (2023760067, 54, 0.5);

INSERT INTO `ace_object_properties_bool` (`aceObjectId`, `boolPropertyId`, `propertyValue`)
VALUES (2023760067, 12, True)
     , (2023760067, 11, True);

INSERT INTO `ace_object` (`aceObjectId`, `aceObjectDescriptionFlags`, `weenieClassId`, `weenieHeaderFlags`, `currentMotionState`, `physicsDescriptionFlag`)
VALUES (2023760070, 48, 15451, 4116, 'AAA9AAIAAAAMAAAA', 104451);

INSERT INTO `ace_position` (`aceObjectId`, `positionType`, `landblockRaw`, `posX`, `posY`, `posZ`, `qW`, `qX`, `qY`, `qZ`)
VALUES (2023760070, 1, 2315387405, 115.245, -70, 0, -0.707107, 0, 0, -0.707107);

INSERT INTO `ace_object_properties_string` (`aceObjectId`, `strPropertyId`, `propertyValue`)
VALUES (2023760070, 1, 'Door');

INSERT INTO `ace_object_properties_did` (`aceObjectId`, `didPropertyId`, `propertyValue`)
VALUES (2023760070, 8, 100668183)
     , (2023760070, 1, 33557661)
     , (2023760070, 3, 536870946)
     , (2023760070, 2, 150994966)
     , (2023760070, 22, 872415275);

INSERT INTO `ace_object_properties_int` (`aceObjectId`, `intPropertyId`, `propertyValue`)
VALUES (2023760070, 1, 128)
     , (2023760070, 16, 32)
     , (2023760070, 93, 65560);

INSERT INTO `ace_object_properties_double` (`aceObjectId`, `dblPropertyId`, `propertyValue`)
VALUES (2023760070, 54, 0.5);

INSERT INTO `ace_object_properties_bool` (`aceObjectId`, `boolPropertyId`, `propertyValue`)
VALUES (2023760070, 12, True)
     , (2023760070, 11, True);

INSERT INTO `ace_object` (`aceObjectId`, `aceObjectDescriptionFlags`, `weenieClassId`, `weenieHeaderFlags`, `currentMotionState`, `physicsDescriptionFlag`)
VALUES (2018509147, 48, 15451, 4116, 'AAA9AAIAAAAMAAAA', 104451);

INSERT INTO `ace_position` (`aceObjectId`, `positionType`, `landblockRaw`, `posX`, `posY`, `posZ`, `qW`, `qX`, `qY`, `qZ`)
VALUES (2018509147, 1, 2231370548, 100, -55.245, 6, 1, 0, 0, 0);

INSERT INTO `ace_object_properties_string` (`aceObjectId`, `strPropertyId`, `propertyValue`)
VALUES (2018509147, 1, 'Door');

INSERT INTO `ace_object_properties_did` (`aceObjectId`, `didPropertyId`, `propertyValue`)
VALUES (2018509147, 8, 100668183)
     , (2018509147, 1, 33557661)
     , (2018509147, 3, 536870946)
     , (2018509147, 2, 150994966)
     , (2018509147, 22, 872415275);

INSERT INTO `ace_object_properties_int` (`aceObjectId`, `intPropertyId`, `propertyValue`)
VALUES (2018509147, 1, 128)
     , (2018509147, 16, 32)
     , (2018509147, 93, 65560);

INSERT INTO `ace_object_properties_double` (`aceObjectId`, `dblPropertyId`, `propertyValue`)
VALUES (2018509147, 54, 0.5);

INSERT INTO `ace_object_properties_bool` (`aceObjectId`, `boolPropertyId`, `propertyValue`)
VALUES (2018509147, 12, True)
     , (2018509147, 11, True);

INSERT INTO `ace_object` (`aceObjectId`, `aceObjectDescriptionFlags`, `weenieClassId`, `weenieHeaderFlags`, `currentMotionState`, `physicsDescriptionFlag`)
VALUES (2018509153, 48, 15451, 4116, 'AAA9AAIAAAAMAAAA', 104451);

INSERT INTO `ace_position` (`aceObjectId`, `positionType`, `landblockRaw`, `posX`, `posY`, `posZ`, `qW`, `qX`, `qY`, `qZ`)
VALUES (2018509153, 1, 2231370558, 105.245, -50, 6, -0.707107, 0, 0, -0.707107);

INSERT INTO `ace_object_properties_string` (`aceObjectId`, `strPropertyId`, `propertyValue`)
VALUES (2018509153, 1, 'Door');

INSERT INTO `ace_object_properties_did` (`aceObjectId`, `didPropertyId`, `propertyValue`)
VALUES (2018509153, 8, 100668183)
     , (2018509153, 1, 33557661)
     , (2018509153, 3, 536870946)
     , (2018509153, 2, 150994966)
     , (2018509153, 22, 872415275);

INSERT INTO `ace_object_properties_int` (`aceObjectId`, `intPropertyId`, `propertyValue`)
VALUES (2018509153, 1, 128)
     , (2018509153, 16, 32)
     , (2018509153, 93, 65560);

INSERT INTO `ace_object_properties_double` (`aceObjectId`, `dblPropertyId`, `propertyValue`)
VALUES (2018509153, 54, 0.5);

INSERT INTO `ace_object_properties_bool` (`aceObjectId`, `boolPropertyId`, `propertyValue`)
VALUES (2018509153, 12, True)
     , (2018509153, 11, True);

INSERT INTO `ace_object` (`aceObjectId`, `aceObjectDescriptionFlags`, `weenieClassId`, `weenieHeaderFlags`, `currentMotionState`, `physicsDescriptionFlag`)
VALUES (2018509138, 48, 15451, 4116, 'AAA9AAIAAAAMAAAA', 104451);

INSERT INTO `ace_position` (`aceObjectId`, `positionType`, `landblockRaw`, `posX`, `posY`, `posZ`, `qW`, `qX`, `qY`, `qZ`)
VALUES (2018509138, 1, 2231370542, 100, -44.755, 6, -4.37114E-08, 0, 0, -1);

INSERT INTO `ace_object_properties_string` (`aceObjectId`, `strPropertyId`, `propertyValue`)
VALUES (2018509138, 1, 'Door');

INSERT INTO `ace_object_properties_did` (`aceObjectId`, `didPropertyId`, `propertyValue`)
VALUES (2018509138, 8, 100668183)
     , (2018509138, 1, 33557661)
     , (2018509138, 3, 536870946)
     , (2018509138, 2, 150994966)
     , (2018509138, 22, 872415275);

INSERT INTO `ace_object_properties_int` (`aceObjectId`, `intPropertyId`, `propertyValue`)
VALUES (2018509138, 1, 128)
     , (2018509138, 16, 32)
     , (2018509138, 93, 65560);

INSERT INTO `ace_object_properties_double` (`aceObjectId`, `dblPropertyId`, `propertyValue`)
VALUES (2018509138, 54, 0.5);

INSERT INTO `ace_object_properties_bool` (`aceObjectId`, `boolPropertyId`, `propertyValue`)
VALUES (2018509138, 12, True)
     , (2018509138, 11, True);

INSERT INTO `ace_object` (`aceObjectId`, `aceObjectDescriptionFlags`, `weenieClassId`, `weenieHeaderFlags`, `currentMotionState`, `physicsDescriptionFlag`)
VALUES (2018509110, 48, 15451, 4116, 'AAA9AAIAAAAMAAAA', 104451);

INSERT INTO `ace_position` (`aceObjectId`, `positionType`, `landblockRaw`, `posX`, `posY`, `posZ`, `qW`, `qX`, `qY`, `qZ`)
VALUES (2018509110, 1, 2231370496, 74.755, -50, 6, 0.707107, 0, 0, -0.707107);

INSERT INTO `ace_object_properties_string` (`aceObjectId`, `strPropertyId`, `propertyValue`)
VALUES (2018509110, 1, 'Door');

INSERT INTO `ace_object_properties_did` (`aceObjectId`, `didPropertyId`, `propertyValue`)
VALUES (2018509110, 8, 100668183)
     , (2018509110, 1, 33557661)
     , (2018509110, 3, 536870946)
     , (2018509110, 2, 150994966)
     , (2018509110, 22, 872415275);

INSERT INTO `ace_object_properties_int` (`aceObjectId`, `intPropertyId`, `propertyValue`)
VALUES (2018509110, 1, 128)
     , (2018509110, 16, 32)
     , (2018509110, 93, 65560);

INSERT INTO `ace_object_properties_double` (`aceObjectId`, `dblPropertyId`, `propertyValue`)
VALUES (2018509110, 54, 0.5);

INSERT INTO `ace_object_properties_bool` (`aceObjectId`, `boolPropertyId`, `propertyValue`)
VALUES (2018509110, 12, True)
     , (2018509110, 11, True);

INSERT INTO `ace_object` (`aceObjectId`, `aceObjectDescriptionFlags`, `weenieClassId`, `weenieHeaderFlags`, `currentMotionState`, `physicsDescriptionFlag`)
VALUES (2004877318, 48, 15451, 4116, 'AAA9AAIAAAAMAAAA', 104451);

INSERT INTO `ace_position` (`aceObjectId`, `positionType`, `landblockRaw`, `posX`, `posY`, `posZ`, `qW`, `qX`, `qY`, `qZ`)
VALUES (2004877318, 1, 2013266315, 90, -134.755, -1.862645E-09, -4.37114E-08, 0, 0, -1);

INSERT INTO `ace_object_properties_string` (`aceObjectId`, `strPropertyId`, `propertyValue`)
VALUES (2004877318, 1, 'Door');

INSERT INTO `ace_object_properties_did` (`aceObjectId`, `didPropertyId`, `propertyValue`)
VALUES (2004877318, 8, 100668183)
     , (2004877318, 1, 33557661)
     , (2004877318, 3, 536870946)
     , (2004877318, 2, 150994966)
     , (2004877318, 22, 872415275);

INSERT INTO `ace_object_properties_int` (`aceObjectId`, `intPropertyId`, `propertyValue`)
VALUES (2004877318, 1, 128)
     , (2004877318, 16, 32)
     , (2004877318, 93, 65560);

INSERT INTO `ace_object_properties_double` (`aceObjectId`, `dblPropertyId`, `propertyValue`)
VALUES (2004877318, 54, 0.5);

INSERT INTO `ace_object_properties_bool` (`aceObjectId`, `boolPropertyId`, `propertyValue`)
VALUES (2004877318, 12, True)
     , (2004877318, 11, True);

INSERT INTO `ace_object` (`aceObjectId`, `aceObjectDescriptionFlags`, `weenieClassId`, `weenieHeaderFlags`, `currentMotionState`, `physicsDescriptionFlag`)
VALUES (2004877326, 48, 15451, 4116, 'AAA9AAIAAAAMAAAA', 104451);

INSERT INTO `ace_position` (`aceObjectId`, `positionType`, `landblockRaw`, `posX`, `posY`, `posZ`, `qW`, `qX`, `qY`, `qZ`)
VALUES (2004877326, 1, 2013266320, 90, -145.245, -1.862645E-09, 1, 0, 0, 0);

INSERT INTO `ace_object_properties_string` (`aceObjectId`, `strPropertyId`, `propertyValue`)
VALUES (2004877326, 1, 'Door');

INSERT INTO `ace_object_properties_did` (`aceObjectId`, `didPropertyId`, `propertyValue`)
VALUES (2004877326, 8, 100668183)
     , (2004877326, 1, 33557661)
     , (2004877326, 3, 536870946)
     , (2004877326, 2, 150994966)
     , (2004877326, 22, 872415275);

INSERT INTO `ace_object_properties_int` (`aceObjectId`, `intPropertyId`, `propertyValue`)
VALUES (2004877326, 1, 128)
     , (2004877326, 16, 32)
     , (2004877326, 93, 65560);

INSERT INTO `ace_object_properties_double` (`aceObjectId`, `dblPropertyId`, `propertyValue`)
VALUES (2004877326, 54, 0.5);

INSERT INTO `ace_object_properties_bool` (`aceObjectId`, `boolPropertyId`, `propertyValue`)
VALUES (2004877326, 12, True)
     , (2004877326, 11, True);

INSERT INTO `ace_object` (`aceObjectId`, `aceObjectDescriptionFlags`, `weenieClassId`, `weenieHeaderFlags`, `currentMotionState`, `physicsDescriptionFlag`)
VALUES (2004877343, 48, 15451, 4116, 'AAA9AAIAAAAMAAAA', 104451);

INSERT INTO `ace_position` (`aceObjectId`, `positionType`, `landblockRaw`, `posX`, `posY`, `posZ`, `qW`, `qX`, `qY`, `qZ`)
VALUES (2004877343, 1, 2013266343, 100, -145.245, -1.862645E-09, 1, 0, 0, 0);

INSERT INTO `ace_object_properties_string` (`aceObjectId`, `strPropertyId`, `propertyValue`)
VALUES (2004877343, 1, 'Door');

INSERT INTO `ace_object_properties_did` (`aceObjectId`, `didPropertyId`, `propertyValue`)
VALUES (2004877343, 8, 100668183)
     , (2004877343, 1, 33557661)
     , (2004877343, 3, 536870946)
     , (2004877343, 2, 150994966)
     , (2004877343, 22, 872415275);

INSERT INTO `ace_object_properties_int` (`aceObjectId`, `intPropertyId`, `propertyValue`)
VALUES (2004877343, 1, 128)
     , (2004877343, 16, 32)
     , (2004877343, 93, 65560);

INSERT INTO `ace_object_properties_double` (`aceObjectId`, `dblPropertyId`, `propertyValue`)
VALUES (2004877343, 54, 0.5);

INSERT INTO `ace_object_properties_bool` (`aceObjectId`, `boolPropertyId`, `propertyValue`)
VALUES (2004877343, 12, True)
     , (2004877343, 11, True);

INSERT INTO `ace_object` (`aceObjectId`, `aceObjectDescriptionFlags`, `weenieClassId`, `weenieHeaderFlags`, `currentMotionState`, `physicsDescriptionFlag`)
VALUES (2004877335, 48, 15451, 4116, 'AAA9AAIAAAAMAAAA', 104451);

INSERT INTO `ace_position` (`aceObjectId`, `positionType`, `landblockRaw`, `posX`, `posY`, `posZ`, `qW`, `qX`, `qY`, `qZ`)
VALUES (2004877335, 1, 2013266337, 100, -134.755, -1.862645E-09, -4.37114E-08, 0, 0, -1);

INSERT INTO `ace_object_properties_string` (`aceObjectId`, `strPropertyId`, `propertyValue`)
VALUES (2004877335, 1, 'Door');

INSERT INTO `ace_object_properties_did` (`aceObjectId`, `didPropertyId`, `propertyValue`)
VALUES (2004877335, 8, 100668183)
     , (2004877335, 1, 33557661)
     , (2004877335, 3, 536870946)
     , (2004877335, 2, 150994966)
     , (2004877335, 22, 872415275);

INSERT INTO `ace_object_properties_int` (`aceObjectId`, `intPropertyId`, `propertyValue`)
VALUES (2004877335, 1, 128)
     , (2004877335, 16, 32)
     , (2004877335, 93, 65560);

INSERT INTO `ace_object_properties_double` (`aceObjectId`, `dblPropertyId`, `propertyValue`)
VALUES (2004877335, 54, 0.5);

INSERT INTO `ace_object_properties_bool` (`aceObjectId`, `boolPropertyId`, `propertyValue`)
VALUES (2004877335, 12, True)
     , (2004877335, 11, True);

INSERT INTO `ace_object` (`aceObjectId`, `aceObjectDescriptionFlags`, `weenieClassId`, `weenieHeaderFlags`, `currentMotionState`, `physicsDescriptionFlag`)
VALUES (2004877357, 48, 15451, 4116, 'AAA9AAIAAAAMAAAA', 104451);

INSERT INTO `ace_position` (`aceObjectId`, `positionType`, `landblockRaw`, `posX`, `posY`, `posZ`, `qW`, `qX`, `qY`, `qZ`)
VALUES (2004877357, 1, 2013266384, 110, -145.245, -1.862645E-09, 1, 0, 0, 0);

INSERT INTO `ace_object_properties_string` (`aceObjectId`, `strPropertyId`, `propertyValue`)
VALUES (2004877357, 1, 'Door');

INSERT INTO `ace_object_properties_did` (`aceObjectId`, `didPropertyId`, `propertyValue`)
VALUES (2004877357, 8, 100668183)
     , (2004877357, 1, 33557661)
     , (2004877357, 3, 536870946)
     , (2004877357, 2, 150994966)
     , (2004877357, 22, 872415275);

INSERT INTO `ace_object_properties_int` (`aceObjectId`, `intPropertyId`, `propertyValue`)
VALUES (2004877357, 1, 128)
     , (2004877357, 16, 32)
     , (2004877357, 93, 65560);

INSERT INTO `ace_object_properties_double` (`aceObjectId`, `dblPropertyId`, `propertyValue`)
VALUES (2004877357, 54, 0.5);

INSERT INTO `ace_object_properties_bool` (`aceObjectId`, `boolPropertyId`, `propertyValue`)
VALUES (2004877357, 12, True)
     , (2004877357, 11, True);

INSERT INTO `ace_object` (`aceObjectId`, `aceObjectDescriptionFlags`, `weenieClassId`, `weenieHeaderFlags`, `currentMotionState`, `physicsDescriptionFlag`)
VALUES (2004877349, 48, 15451, 4116, 'AAA9AAIAAAAMAAAA', 104451);

INSERT INTO `ace_position` (`aceObjectId`, `positionType`, `landblockRaw`, `posX`, `posY`, `posZ`, `qW`, `qX`, `qY`, `qZ`)
VALUES (2004877349, 1, 2013266378, 110, -134.755, -1.862645E-09, -4.37114E-08, 0, 0, -1);

INSERT INTO `ace_object_properties_string` (`aceObjectId`, `strPropertyId`, `propertyValue`)
VALUES (2004877349, 1, 'Door');

INSERT INTO `ace_object_properties_did` (`aceObjectId`, `didPropertyId`, `propertyValue`)
VALUES (2004877349, 8, 100668183)
     , (2004877349, 1, 33557661)
     , (2004877349, 3, 536870946)
     , (2004877349, 2, 150994966)
     , (2004877349, 22, 872415275);

INSERT INTO `ace_object_properties_int` (`aceObjectId`, `intPropertyId`, `propertyValue`)
VALUES (2004877349, 1, 128)
     , (2004877349, 16, 32)
     , (2004877349, 93, 65560);

INSERT INTO `ace_object_properties_double` (`aceObjectId`, `dblPropertyId`, `propertyValue`)
VALUES (2004877349, 54, 0.5);

INSERT INTO `ace_object_properties_bool` (`aceObjectId`, `boolPropertyId`, `propertyValue`)
VALUES (2004877349, 12, True)
     , (2004877349, 11, True);

INSERT INTO `ace_object` (`aceObjectId`, `aceObjectDescriptionFlags`, `weenieClassId`, `weenieHeaderFlags`, `currentMotionState`, `physicsDescriptionFlag`)
VALUES (2015363382, 48, 15451, 4116, 'AAA9AAIAAAAMAAAA', 104451);

INSERT INTO `ace_position` (`aceObjectId`, `positionType`, `landblockRaw`, `posX`, `posY`, `posZ`, `qW`, `qX`, `qY`, `qZ`)
VALUES (2015363382, 1, 2181038848, 74.755, -50, 6, 0.707107, 0, 0, -0.707107);

INSERT INTO `ace_object_properties_string` (`aceObjectId`, `strPropertyId`, `propertyValue`)
VALUES (2015363382, 1, 'Door');

INSERT INTO `ace_object_properties_did` (`aceObjectId`, `didPropertyId`, `propertyValue`)
VALUES (2015363382, 8, 100668183)
     , (2015363382, 1, 33557661)
     , (2015363382, 3, 536870946)
     , (2015363382, 2, 150994966)
     , (2015363382, 22, 872415275);

INSERT INTO `ace_object_properties_int` (`aceObjectId`, `intPropertyId`, `propertyValue`)
VALUES (2015363382, 1, 128)
     , (2015363382, 16, 32)
     , (2015363382, 93, 65560);

INSERT INTO `ace_object_properties_double` (`aceObjectId`, `dblPropertyId`, `propertyValue`)
VALUES (2015363382, 54, 0.5);

INSERT INTO `ace_object_properties_bool` (`aceObjectId`, `boolPropertyId`, `propertyValue`)
VALUES (2015363382, 12, True)
     , (2015363382, 11, True);

INSERT INTO `ace_object` (`aceObjectId`, `aceObjectDescriptionFlags`, `weenieClassId`, `weenieHeaderFlags`, `currentMotionState`, `physicsDescriptionFlag`)
VALUES (2015363388, 48, 15451, 4116, 'AAA9AAIAAAAMAAAA', 104451);

INSERT INTO `ace_position` (`aceObjectId`, `positionType`, `landblockRaw`, `posX`, `posY`, `posZ`, `qW`, `qX`, `qY`, `qZ`)
VALUES (2015363388, 1, 2181038863, 80, -44.755, 6, -4.37114E-08, 0, 0, -1);

INSERT INTO `ace_object_properties_string` (`aceObjectId`, `strPropertyId`, `propertyValue`)
VALUES (2015363388, 1, 'Door');

INSERT INTO `ace_object_properties_did` (`aceObjectId`, `didPropertyId`, `propertyValue`)
VALUES (2015363388, 8, 100668183)
     , (2015363388, 1, 33557661)
     , (2015363388, 3, 536870946)
     , (2015363388, 2, 150994966)
     , (2015363388, 22, 872415275);

INSERT INTO `ace_object_properties_int` (`aceObjectId`, `intPropertyId`, `propertyValue`)
VALUES (2015363388, 1, 128)
     , (2015363388, 16, 32)
     , (2015363388, 93, 65560);

INSERT INTO `ace_object_properties_double` (`aceObjectId`, `dblPropertyId`, `propertyValue`)
VALUES (2015363388, 54, 0.5);

INSERT INTO `ace_object_properties_bool` (`aceObjectId`, `boolPropertyId`, `propertyValue`)
VALUES (2015363388, 12, True)
     , (2015363388, 11, True);

INSERT INTO `ace_object` (`aceObjectId`, `aceObjectDescriptionFlags`, `weenieClassId`, `weenieHeaderFlags`, `currentMotionState`, `physicsDescriptionFlag`)
VALUES (2015363404, 48, 15451, 4116, 'AAA9AAIAAAAMAAAA', 104451);

INSERT INTO `ace_position` (`aceObjectId`, `positionType`, `landblockRaw`, `posX`, `posY`, `posZ`, `qW`, `qX`, `qY`, `qZ`)
VALUES (2015363404, 1, 2181038884, 90, -55.245, 6, 1, 0, 0, 0);

INSERT INTO `ace_object_properties_string` (`aceObjectId`, `strPropertyId`, `propertyValue`)
VALUES (2015363404, 1, 'Door');

INSERT INTO `ace_object_properties_did` (`aceObjectId`, `didPropertyId`, `propertyValue`)
VALUES (2015363404, 8, 100668183)
     , (2015363404, 1, 33557661)
     , (2015363404, 3, 536870946)
     , (2015363404, 2, 150994966)
     , (2015363404, 22, 872415275);

INSERT INTO `ace_object_properties_int` (`aceObjectId`, `intPropertyId`, `propertyValue`)
VALUES (2015363404, 1, 128)
     , (2015363404, 16, 32)
     , (2015363404, 93, 65560);

INSERT INTO `ace_object_properties_double` (`aceObjectId`, `dblPropertyId`, `propertyValue`)
VALUES (2015363404, 54, 0.5);

INSERT INTO `ace_object_properties_bool` (`aceObjectId`, `boolPropertyId`, `propertyValue`)
VALUES (2015363404, 12, True)
     , (2015363404, 11, True);

INSERT INTO `ace_object` (`aceObjectId`, `aceObjectDescriptionFlags`, `weenieClassId`, `weenieHeaderFlags`, `currentMotionState`, `physicsDescriptionFlag`)
VALUES (2015363396, 48, 15451, 4116, 'AAA9AAIAAAAMAAAA', 104451);

INSERT INTO `ace_position` (`aceObjectId`, `positionType`, `landblockRaw`, `posX`, `posY`, `posZ`, `qW`, `qX`, `qY`, `qZ`)
VALUES (2015363396, 1, 2181038878, 90, -44.755, 6, -4.37114E-08, 0, 0, -1);

INSERT INTO `ace_object_properties_string` (`aceObjectId`, `strPropertyId`, `propertyValue`)
VALUES (2015363396, 1, 'Door');

INSERT INTO `ace_object_properties_did` (`aceObjectId`, `didPropertyId`, `propertyValue`)
VALUES (2015363396, 8, 100668183)
     , (2015363396, 1, 33557661)
     , (2015363396, 3, 536870946)
     , (2015363396, 2, 150994966)
     , (2015363396, 22, 872415275);

INSERT INTO `ace_object_properties_int` (`aceObjectId`, `intPropertyId`, `propertyValue`)
VALUES (2015363396, 1, 128)
     , (2015363396, 16, 32)
     , (2015363396, 93, 65560);

INSERT INTO `ace_object_properties_double` (`aceObjectId`, `dblPropertyId`, `propertyValue`)
VALUES (2015363396, 54, 0.5);

INSERT INTO `ace_object_properties_bool` (`aceObjectId`, `boolPropertyId`, `propertyValue`)
VALUES (2015363396, 12, True)
     , (2015363396, 11, True);

INSERT INTO `ace_object` (`aceObjectId`, `aceObjectDescriptionFlags`, `weenieClassId`, `weenieHeaderFlags`, `currentMotionState`, `physicsDescriptionFlag`)
VALUES (2015363419, 48, 15451, 4116, 'AAA9AAIAAAAMAAAA', 104451);

INSERT INTO `ace_position` (`aceObjectId`, `positionType`, `landblockRaw`, `posX`, `posY`, `posZ`, `qW`, `qX`, `qY`, `qZ`)
VALUES (2015363419, 1, 2181038900, 100, -55.245, 6, 1, 0, 0, 0);

INSERT INTO `ace_object_properties_string` (`aceObjectId`, `strPropertyId`, `propertyValue`)
VALUES (2015363419, 1, 'Door');

INSERT INTO `ace_object_properties_did` (`aceObjectId`, `didPropertyId`, `propertyValue`)
VALUES (2015363419, 8, 100668183)
     , (2015363419, 1, 33557661)
     , (2015363419, 3, 536870946)
     , (2015363419, 2, 150994966)
     , (2015363419, 22, 872415275);

INSERT INTO `ace_object_properties_int` (`aceObjectId`, `intPropertyId`, `propertyValue`)
VALUES (2015363419, 1, 128)
     , (2015363419, 16, 32)
     , (2015363419, 93, 65560);

INSERT INTO `ace_object_properties_double` (`aceObjectId`, `dblPropertyId`, `propertyValue`)
VALUES (2015363419, 54, 0.5);

INSERT INTO `ace_object_properties_bool` (`aceObjectId`, `boolPropertyId`, `propertyValue`)
VALUES (2015363419, 12, True)
     , (2015363419, 11, True);

INSERT INTO `ace_object` (`aceObjectId`, `aceObjectDescriptionFlags`, `weenieClassId`, `weenieHeaderFlags`, `currentMotionState`, `physicsDescriptionFlag`)
VALUES (2015363410, 48, 15451, 4116, 'AAA9AAIAAAAMAAAA', 104451);

INSERT INTO `ace_position` (`aceObjectId`, `positionType`, `landblockRaw`, `posX`, `posY`, `posZ`, `qW`, `qX`, `qY`, `qZ`)
VALUES (2015363410, 1, 2181038894, 100, -44.755, 6, -4.37114E-08, 0, 0, -1);

INSERT INTO `ace_object_properties_string` (`aceObjectId`, `strPropertyId`, `propertyValue`)
VALUES (2015363410, 1, 'Door');

INSERT INTO `ace_object_properties_did` (`aceObjectId`, `didPropertyId`, `propertyValue`)
VALUES (2015363410, 8, 100668183)
     , (2015363410, 1, 33557661)
     , (2015363410, 3, 536870946)
     , (2015363410, 2, 150994966)
     , (2015363410, 22, 872415275);

INSERT INTO `ace_object_properties_int` (`aceObjectId`, `intPropertyId`, `propertyValue`)
VALUES (2015363410, 1, 128)
     , (2015363410, 16, 32)
     , (2015363410, 93, 65560);

INSERT INTO `ace_object_properties_double` (`aceObjectId`, `dblPropertyId`, `propertyValue`)
VALUES (2015363410, 54, 0.5);

INSERT INTO `ace_object_properties_bool` (`aceObjectId`, `boolPropertyId`, `propertyValue`)
VALUES (2015363410, 12, True)
     , (2015363410, 11, True);

INSERT INTO `ace_object` (`aceObjectId`, `aceObjectDescriptionFlags`, `weenieClassId`, `weenieHeaderFlags`, `currentMotionState`, `physicsDescriptionFlag`)
VALUES (2015363425, 48, 15451, 4116, 'AAA9AAIAAAAMAAAA', 104451);

INSERT INTO `ace_position` (`aceObjectId`, `positionType`, `landblockRaw`, `posX`, `posY`, `posZ`, `qW`, `qX`, `qY`, `qZ`)
VALUES (2015363425, 1, 2181038910, 105.245, -50, 6, -0.707107, 0, 0, -0.707107);

INSERT INTO `ace_object_properties_string` (`aceObjectId`, `strPropertyId`, `propertyValue`)
VALUES (2015363425, 1, 'Door');

INSERT INTO `ace_object_properties_did` (`aceObjectId`, `didPropertyId`, `propertyValue`)
VALUES (2015363425, 8, 100668183)
     , (2015363425, 1, 33557661)
     , (2015363425, 3, 536870946)
     , (2015363425, 2, 150994966)
     , (2015363425, 22, 872415275);

INSERT INTO `ace_object_properties_int` (`aceObjectId`, `intPropertyId`, `propertyValue`)
VALUES (2015363425, 1, 128)
     , (2015363425, 16, 32)
     , (2015363425, 93, 65560);

INSERT INTO `ace_object_properties_double` (`aceObjectId`, `dblPropertyId`, `propertyValue`)
VALUES (2015363425, 54, 0.5);

INSERT INTO `ace_object_properties_bool` (`aceObjectId`, `boolPropertyId`, `propertyValue`)
VALUES (2015363425, 12, True)
     , (2015363425, 11, True);

INSERT INTO `ace_object` (`aceObjectId`, `aceObjectDescriptionFlags`, `weenieClassId`, `weenieHeaderFlags`, `currentMotionState`, `physicsDescriptionFlag`)
VALUES (2021654565, 48, 15451, 4116, 'AAA9AAIAAAAMAAAA', 104451);

INSERT INTO `ace_position` (`aceObjectId`, `positionType`, `landblockRaw`, `posX`, `posY`, `posZ`, `qW`, `qX`, `qY`, `qZ`)
VALUES (2021654565, 1, 2281701834, 110, -134.755, -3.72529E-09, -4.37114E-08, 0, 0, -1);

INSERT INTO `ace_object_properties_string` (`aceObjectId`, `strPropertyId`, `propertyValue`)
VALUES (2021654565, 1, 'Door');

INSERT INTO `ace_object_properties_did` (`aceObjectId`, `didPropertyId`, `propertyValue`)
VALUES (2021654565, 8, 100668183)
     , (2021654565, 1, 33557661)
     , (2021654565, 3, 536870946)
     , (2021654565, 2, 150994966)
     , (2021654565, 22, 872415275);

INSERT INTO `ace_object_properties_int` (`aceObjectId`, `intPropertyId`, `propertyValue`)
VALUES (2021654565, 1, 128)
     , (2021654565, 16, 32)
     , (2021654565, 93, 65560);

INSERT INTO `ace_object_properties_double` (`aceObjectId`, `dblPropertyId`, `propertyValue`)
VALUES (2021654565, 54, 0.5);

INSERT INTO `ace_object_properties_bool` (`aceObjectId`, `boolPropertyId`, `propertyValue`)
VALUES (2021654565, 12, True)
     , (2021654565, 11, True);

INSERT INTO `ace_object` (`aceObjectId`, `aceObjectDescriptionFlags`, `weenieClassId`, `weenieHeaderFlags`, `currentMotionState`, `physicsDescriptionFlag`)
VALUES (2021654573, 48, 15451, 4116, 'AAA9AAIAAAAMAAAA', 104451);

INSERT INTO `ace_position` (`aceObjectId`, `positionType`, `landblockRaw`, `posX`, `posY`, `posZ`, `qW`, `qX`, `qY`, `qZ`)
VALUES (2021654573, 1, 2281701840, 110, -145.245, -3.72529E-09, 1, 0, 0, 0);

INSERT INTO `ace_object_properties_string` (`aceObjectId`, `strPropertyId`, `propertyValue`)
VALUES (2021654573, 1, 'Door');

INSERT INTO `ace_object_properties_did` (`aceObjectId`, `didPropertyId`, `propertyValue`)
VALUES (2021654573, 8, 100668183)
     , (2021654573, 1, 33557661)
     , (2021654573, 3, 536870946)
     , (2021654573, 2, 150994966)
     , (2021654573, 22, 872415275);

INSERT INTO `ace_object_properties_int` (`aceObjectId`, `intPropertyId`, `propertyValue`)
VALUES (2021654573, 1, 128)
     , (2021654573, 16, 32)
     , (2021654573, 93, 65560);

INSERT INTO `ace_object_properties_double` (`aceObjectId`, `dblPropertyId`, `propertyValue`)
VALUES (2021654573, 54, 0.5);

INSERT INTO `ace_object_properties_bool` (`aceObjectId`, `boolPropertyId`, `propertyValue`)
VALUES (2021654573, 12, True)
     , (2021654573, 11, True);

INSERT INTO `ace_object` (`aceObjectId`, `aceObjectDescriptionFlags`, `weenieClassId`, `weenieHeaderFlags`, `currentMotionState`, `physicsDescriptionFlag`)
VALUES (1966477820, 48, 15451, 4116, 'AAA9AAIAAAAMAAAA', 104451);

INSERT INTO `ace_position` (`aceObjectId`, `positionType`, `landblockRaw`, `posX`, `posY`, `posZ`, `qW`, `qX`, `qY`, `qZ`)
VALUES (1966477820, 1, 1398866843, 80, -44.755, 6, -4.37114E-08, 0, 0, -1);

INSERT INTO `ace_object_properties_string` (`aceObjectId`, `strPropertyId`, `propertyValue`)
VALUES (1966477820, 1, 'Door');

INSERT INTO `ace_object_properties_did` (`aceObjectId`, `didPropertyId`, `propertyValue`)
VALUES (1966477820, 8, 100668183)
     , (1966477820, 1, 33557661)
     , (1966477820, 3, 536870946)
     , (1966477820, 2, 150994966)
     , (1966477820, 22, 872415275);

INSERT INTO `ace_object_properties_int` (`aceObjectId`, `intPropertyId`, `propertyValue`)
VALUES (1966477820, 1, 128)
     , (1966477820, 16, 32)
     , (1966477820, 93, 65560);

INSERT INTO `ace_object_properties_double` (`aceObjectId`, `dblPropertyId`, `propertyValue`)
VALUES (1966477820, 54, 0.5);

INSERT INTO `ace_object_properties_bool` (`aceObjectId`, `boolPropertyId`, `propertyValue`)
VALUES (1966477820, 12, True)
     , (1966477820, 11, True);

INSERT INTO `ace_object` (`aceObjectId`, `aceObjectDescriptionFlags`, `weenieClassId`, `weenieHeaderFlags`, `currentMotionState`, `physicsDescriptionFlag`)
VALUES (1966477724, 48, 15451, 4116, 'AAA9AAIAAAAMAAAA', 104451);

INSERT INTO `ace_position` (`aceObjectId`, `positionType`, `landblockRaw`, `posX`, `posY`, `posZ`, `qW`, `qX`, `qY`, `qZ`)
VALUES (1966477724, 1, 1398866742, 20, -45.245, 6, 1, 0, 0, 0);

INSERT INTO `ace_object_properties_string` (`aceObjectId`, `strPropertyId`, `propertyValue`)
VALUES (1966477724, 1, 'Door');

INSERT INTO `ace_object_properties_did` (`aceObjectId`, `didPropertyId`, `propertyValue`)
VALUES (1966477724, 8, 100668183)
     , (1966477724, 1, 33557661)
     , (1966477724, 3, 536870946)
     , (1966477724, 2, 150994966)
     , (1966477724, 22, 872415275);

INSERT INTO `ace_object_properties_int` (`aceObjectId`, `intPropertyId`, `propertyValue`)
VALUES (1966477724, 1, 128)
     , (1966477724, 16, 32)
     , (1966477724, 93, 65560);

INSERT INTO `ace_object_properties_double` (`aceObjectId`, `dblPropertyId`, `propertyValue`)
VALUES (1966477724, 54, 0.5);

INSERT INTO `ace_object_properties_bool` (`aceObjectId`, `boolPropertyId`, `propertyValue`)
VALUES (1966477724, 12, True)
     , (1966477724, 11, True);

INSERT INTO `ace_object` (`aceObjectId`, `aceObjectDescriptionFlags`, `weenieClassId`, `weenieHeaderFlags`, `currentMotionState`, `physicsDescriptionFlag`)
VALUES (1966477716, 48, 15451, 4116, 'AAA9AAIAAAAMAAAA', 104451);

INSERT INTO `ace_position` (`aceObjectId`, `positionType`, `landblockRaw`, `posX`, `posY`, `posZ`, `qW`, `qX`, `qY`, `qZ`)
VALUES (1966477716, 1, 1398866736, 20, -34.755, 6, -4.37114E-08, 0, 0, -1);

INSERT INTO `ace_object_properties_string` (`aceObjectId`, `strPropertyId`, `propertyValue`)
VALUES (1966477716, 1, 'Door');

INSERT INTO `ace_object_properties_did` (`aceObjectId`, `didPropertyId`, `propertyValue`)
VALUES (1966477716, 8, 100668183)
     , (1966477716, 1, 33557661)
     , (1966477716, 3, 536870946)
     , (1966477716, 2, 150994966)
     , (1966477716, 22, 872415275);

INSERT INTO `ace_object_properties_int` (`aceObjectId`, `intPropertyId`, `propertyValue`)
VALUES (1966477716, 1, 128)
     , (1966477716, 16, 32)
     , (1966477716, 93, 65560);

INSERT INTO `ace_object_properties_double` (`aceObjectId`, `dblPropertyId`, `propertyValue`)
VALUES (1966477716, 54, 0.5);

INSERT INTO `ace_object_properties_bool` (`aceObjectId`, `boolPropertyId`, `propertyValue`)
VALUES (1966477716, 12, True)
     , (1966477716, 11, True);

INSERT INTO `ace_object` (`aceObjectId`, `aceObjectDescriptionFlags`, `weenieClassId`, `weenieHeaderFlags`, `currentMotionState`, `physicsDescriptionFlag`)
VALUES (1966477702, 48, 15451, 4116, 'AAA9AAIAAAAMAAAA', 104451);

INSERT INTO `ace_position` (`aceObjectId`, `positionType`, `landblockRaw`, `posX`, `posY`, `posZ`, `qW`, `qX`, `qY`, `qZ`)
VALUES (1966477702, 1, 1398866727, 10, -34.755, 6, -4.37114E-08, 0, 0, -1);

INSERT INTO `ace_object_properties_string` (`aceObjectId`, `strPropertyId`, `propertyValue`)
VALUES (1966477702, 1, 'Door');

INSERT INTO `ace_object_properties_did` (`aceObjectId`, `didPropertyId`, `propertyValue`)
VALUES (1966477702, 8, 100668183)
     , (1966477702, 1, 33557661)
     , (1966477702, 3, 536870946)
     , (1966477702, 2, 150994966)
     , (1966477702, 22, 872415275);

INSERT INTO `ace_object_properties_int` (`aceObjectId`, `intPropertyId`, `propertyValue`)
VALUES (1966477702, 1, 128)
     , (1966477702, 16, 32)
     , (1966477702, 93, 65560);

INSERT INTO `ace_object_properties_double` (`aceObjectId`, `dblPropertyId`, `propertyValue`)
VALUES (1966477702, 54, 0.5);

INSERT INTO `ace_object_properties_bool` (`aceObjectId`, `boolPropertyId`, `propertyValue`)
VALUES (1966477702, 12, True)
     , (1966477702, 11, True);

INSERT INTO `ace_object` (`aceObjectId`, `aceObjectDescriptionFlags`, `weenieClassId`, `weenieHeaderFlags`, `currentMotionState`, `physicsDescriptionFlag`)
VALUES (1966477710, 48, 15451, 4116, 'AAA9AAIAAAAMAAAA', 104451);

INSERT INTO `ace_position` (`aceObjectId`, `positionType`, `landblockRaw`, `posX`, `posY`, `posZ`, `qW`, `qX`, `qY`, `qZ`)
VALUES (1966477710, 1, 1398866733, 10, -45.245, 6, 1, 0, 0, 0);

INSERT INTO `ace_object_properties_string` (`aceObjectId`, `strPropertyId`, `propertyValue`)
VALUES (1966477710, 1, 'Door');

INSERT INTO `ace_object_properties_did` (`aceObjectId`, `didPropertyId`, `propertyValue`)
VALUES (1966477710, 8, 100668183)
     , (1966477710, 1, 33557661)
     , (1966477710, 3, 536870946)
     , (1966477710, 2, 150994966)
     , (1966477710, 22, 872415275);

INSERT INTO `ace_object_properties_int` (`aceObjectId`, `intPropertyId`, `propertyValue`)
VALUES (1966477710, 1, 128)
     , (1966477710, 16, 32)
     , (1966477710, 93, 65560);

INSERT INTO `ace_object_properties_double` (`aceObjectId`, `dblPropertyId`, `propertyValue`)
VALUES (1966477710, 54, 0.5);

INSERT INTO `ace_object_properties_bool` (`aceObjectId`, `boolPropertyId`, `propertyValue`)
VALUES (1966477710, 12, True)
     , (1966477710, 11, True);

INSERT INTO `ace_object` (`aceObjectId`, `aceObjectDescriptionFlags`, `weenieClassId`, `weenieHeaderFlags`, `currentMotionState`, `physicsDescriptionFlag`)
VALUES (1966477688, 48, 15451, 4116, 'AAA9AAIAAAAMAAAA', 104451);

INSERT INTO `ace_position` (`aceObjectId`, `positionType`, `landblockRaw`, `posX`, `posY`, `posZ`, `qW`, `qX`, `qY`, `qZ`)
VALUES (1966477688, 1, 1398866719, -4.15695E-07, -34.755, 6, -4.37114E-08, 0, 0, -1);

INSERT INTO `ace_object_properties_string` (`aceObjectId`, `strPropertyId`, `propertyValue`)
VALUES (1966477688, 1, 'Door');

INSERT INTO `ace_object_properties_did` (`aceObjectId`, `didPropertyId`, `propertyValue`)
VALUES (1966477688, 8, 100668183)
     , (1966477688, 1, 33557661)
     , (1966477688, 3, 536870946)
     , (1966477688, 2, 150994966)
     , (1966477688, 22, 872415275);

INSERT INTO `ace_object_properties_int` (`aceObjectId`, `intPropertyId`, `propertyValue`)
VALUES (1966477688, 1, 128)
     , (1966477688, 16, 32)
     , (1966477688, 93, 65560);

INSERT INTO `ace_object_properties_double` (`aceObjectId`, `dblPropertyId`, `propertyValue`)
VALUES (1966477688, 54, 0.5);

INSERT INTO `ace_object_properties_bool` (`aceObjectId`, `boolPropertyId`, `propertyValue`)
VALUES (1966477688, 12, True)
     , (1966477688, 11, True);

INSERT INTO `ace_object` (`aceObjectId`, `aceObjectDescriptionFlags`, `weenieClassId`, `weenieHeaderFlags`, `currentMotionState`, `physicsDescriptionFlag`)
VALUES (1966477696, 48, 15451, 4116, 'AAA9AAIAAAAMAAAA', 104451);

INSERT INTO `ace_position` (`aceObjectId`, `positionType`, `landblockRaw`, `posX`, `posY`, `posZ`, `qW`, `qX`, `qY`, `qZ`)
VALUES (1966477696, 1, 1398866724, 0, -45.245, 6, 1, 0, 0, 0);

INSERT INTO `ace_object_properties_string` (`aceObjectId`, `strPropertyId`, `propertyValue`)
VALUES (1966477696, 1, 'Door');

INSERT INTO `ace_object_properties_did` (`aceObjectId`, `didPropertyId`, `propertyValue`)
VALUES (1966477696, 8, 100668183)
     , (1966477696, 1, 33557661)
     , (1966477696, 3, 536870946)
     , (1966477696, 2, 150994966)
     , (1966477696, 22, 872415275);

INSERT INTO `ace_object_properties_int` (`aceObjectId`, `intPropertyId`, `propertyValue`)
VALUES (1966477696, 1, 128)
     , (1966477696, 16, 32)
     , (1966477696, 93, 65560);

INSERT INTO `ace_object_properties_double` (`aceObjectId`, `dblPropertyId`, `propertyValue`)
VALUES (1966477696, 54, 0.5);

INSERT INTO `ace_object_properties_bool` (`aceObjectId`, `boolPropertyId`, `propertyValue`)
VALUES (1966477696, 12, True)
     , (1966477696, 11, True);

INSERT INTO `ace_object` (`aceObjectId`, `aceObjectDescriptionFlags`, `weenieClassId`, `weenieHeaderFlags`, `currentMotionState`, `physicsDescriptionFlag`)
VALUES (1966477754, 48, 15451, 4116, 'AAA9AAIAAAAMAAAA', 104451);

INSERT INTO `ace_position` (`aceObjectId`, `positionType`, `landblockRaw`, `posX`, `posY`, `posZ`, `qW`, `qX`, `qY`, `qZ`)
VALUES (1966477754, 1, 1398866773, 44.755, -80, 6, 0.707107, 0, 0, -0.707107);

INSERT INTO `ace_object_properties_string` (`aceObjectId`, `strPropertyId`, `propertyValue`)
VALUES (1966477754, 1, 'Door');

INSERT INTO `ace_object_properties_did` (`aceObjectId`, `didPropertyId`, `propertyValue`)
VALUES (1966477754, 8, 100668183)
     , (1966477754, 1, 33557661)
     , (1966477754, 3, 536870946)
     , (1966477754, 2, 150994966)
     , (1966477754, 22, 872415275);

INSERT INTO `ace_object_properties_int` (`aceObjectId`, `intPropertyId`, `propertyValue`)
VALUES (1966477754, 1, 128)
     , (1966477754, 16, 32)
     , (1966477754, 93, 65560);

INSERT INTO `ace_object_properties_double` (`aceObjectId`, `dblPropertyId`, `propertyValue`)
VALUES (1966477754, 54, 0.5);

INSERT INTO `ace_object_properties_bool` (`aceObjectId`, `boolPropertyId`, `propertyValue`)
VALUES (1966477754, 12, True)
     , (1966477754, 11, True);

INSERT INTO `ace_object` (`aceObjectId`, `aceObjectDescriptionFlags`, `weenieClassId`, `weenieHeaderFlags`, `currentMotionState`, `physicsDescriptionFlag`)
VALUES (1966477784, 48, 15451, 4116, 'AAA9AAIAAAAMAAAA', 104451);

INSERT INTO `ace_position` (`aceObjectId`, `positionType`, `landblockRaw`, `posX`, `posY`, `posZ`, `qW`, `qX`, `qY`, `qZ`)
VALUES (1966477784, 1, 1398866789, 45.245, -20, 6, -0.707107, 0, 0, -0.707107);

INSERT INTO `ace_object_properties_string` (`aceObjectId`, `strPropertyId`, `propertyValue`)
VALUES (1966477784, 1, 'Door');

INSERT INTO `ace_object_properties_did` (`aceObjectId`, `didPropertyId`, `propertyValue`)
VALUES (1966477784, 8, 100668183)
     , (1966477784, 1, 33557661)
     , (1966477784, 3, 536870946)
     , (1966477784, 2, 150994966)
     , (1966477784, 22, 872415275);

INSERT INTO `ace_object_properties_int` (`aceObjectId`, `intPropertyId`, `propertyValue`)
VALUES (1966477784, 1, 128)
     , (1966477784, 16, 32)
     , (1966477784, 93, 65560);

INSERT INTO `ace_object_properties_double` (`aceObjectId`, `dblPropertyId`, `propertyValue`)
VALUES (1966477784, 54, 0.5);

INSERT INTO `ace_object_properties_bool` (`aceObjectId`, `boolPropertyId`, `propertyValue`)
VALUES (1966477784, 12, True)
     , (1966477784, 11, True);

INSERT INTO `ace_object` (`aceObjectId`, `aceObjectDescriptionFlags`, `weenieClassId`, `weenieHeaderFlags`, `currentMotionState`, `physicsDescriptionFlag`)
VALUES (1966477742, 48, 15451, 4116, 'AAA9AAIAAAAMAAAA', 104451);

INSERT INTO `ace_position` (`aceObjectId`, `positionType`, `landblockRaw`, `posX`, `posY`, `posZ`, `qW`, `qX`, `qY`, `qZ`)
VALUES (1966477742, 1, 1398866751, 34.755, -20, 6, 0.707107, 0, 0, -0.707107);

INSERT INTO `ace_object_properties_string` (`aceObjectId`, `strPropertyId`, `propertyValue`)
VALUES (1966477742, 1, 'Door');

INSERT INTO `ace_object_properties_did` (`aceObjectId`, `didPropertyId`, `propertyValue`)
VALUES (1966477742, 8, 100668183)
     , (1966477742, 1, 33557661)
     , (1966477742, 3, 536870946)
     , (1966477742, 2, 150994966)
     , (1966477742, 22, 872415275);

INSERT INTO `ace_object_properties_int` (`aceObjectId`, `intPropertyId`, `propertyValue`)
VALUES (1966477742, 1, 128)
     , (1966477742, 16, 32)
     , (1966477742, 93, 65560);

INSERT INTO `ace_object_properties_double` (`aceObjectId`, `dblPropertyId`, `propertyValue`)
VALUES (1966477742, 54, 0.5);

INSERT INTO `ace_object_properties_bool` (`aceObjectId`, `boolPropertyId`, `propertyValue`)
VALUES (1966477742, 12, True)
     , (1966477742, 11, True);

INSERT INTO `ace_object` (`aceObjectId`, `aceObjectDescriptionFlags`, `weenieClassId`, `weenieHeaderFlags`, `currentMotionState`, `physicsDescriptionFlag`)
VALUES (1966477778, 48, 15451, 4116, 'AAA9AAIAAAAMAAAA', 104451);

INSERT INTO `ace_position` (`aceObjectId`, `positionType`, `landblockRaw`, `posX`, `posY`, `posZ`, `qW`, `qX`, `qY`, `qZ`)
VALUES (1966477778, 1, 1398866786, 45.245, -10, 6, -0.707107, 0, 0, -0.707107);

INSERT INTO `ace_object_properties_string` (`aceObjectId`, `strPropertyId`, `propertyValue`)
VALUES (1966477778, 1, 'Door');

INSERT INTO `ace_object_properties_did` (`aceObjectId`, `didPropertyId`, `propertyValue`)
VALUES (1966477778, 8, 100668183)
     , (1966477778, 1, 33557661)
     , (1966477778, 3, 536870946)
     , (1966477778, 2, 150994966)
     , (1966477778, 22, 872415275);

INSERT INTO `ace_object_properties_int` (`aceObjectId`, `intPropertyId`, `propertyValue`)
VALUES (1966477778, 1, 128)
     , (1966477778, 16, 32)
     , (1966477778, 93, 65560);

INSERT INTO `ace_object_properties_double` (`aceObjectId`, `dblPropertyId`, `propertyValue`)
VALUES (1966477778, 54, 0.5);

INSERT INTO `ace_object_properties_bool` (`aceObjectId`, `boolPropertyId`, `propertyValue`)
VALUES (1966477778, 12, True)
     , (1966477778, 11, True);

INSERT INTO `ace_object` (`aceObjectId`, `aceObjectDescriptionFlags`, `weenieClassId`, `weenieHeaderFlags`, `currentMotionState`, `physicsDescriptionFlag`)
VALUES (1966477736, 48, 15451, 4116, 'AAA9AAIAAAAMAAAA', 104451);

INSERT INTO `ace_position` (`aceObjectId`, `positionType`, `landblockRaw`, `posX`, `posY`, `posZ`, `qW`, `qX`, `qY`, `qZ`)
VALUES (1966477736, 1, 1398866748, 34.755, -10, 6, 0.707107, 0, 0, -0.707107);

INSERT INTO `ace_object_properties_string` (`aceObjectId`, `strPropertyId`, `propertyValue`)
VALUES (1966477736, 1, 'Door');

INSERT INTO `ace_object_properties_did` (`aceObjectId`, `didPropertyId`, `propertyValue`)
VALUES (1966477736, 8, 100668183)
     , (1966477736, 1, 33557661)
     , (1966477736, 3, 536870946)
     , (1966477736, 2, 150994966)
     , (1966477736, 22, 872415275);

INSERT INTO `ace_object_properties_int` (`aceObjectId`, `intPropertyId`, `propertyValue`)
VALUES (1966477736, 1, 128)
     , (1966477736, 16, 32)
     , (1966477736, 93, 65560);

INSERT INTO `ace_object_properties_double` (`aceObjectId`, `dblPropertyId`, `propertyValue`)
VALUES (1966477736, 54, 0.5);

INSERT INTO `ace_object_properties_bool` (`aceObjectId`, `boolPropertyId`, `propertyValue`)
VALUES (1966477736, 12, True)
     , (1966477736, 11, True);

INSERT INTO `ace_object` (`aceObjectId`, `aceObjectDescriptionFlags`, `weenieClassId`, `weenieHeaderFlags`, `currentMotionState`, `physicsDescriptionFlag`)
VALUES (1966477772, 48, 15451, 4116, 'AAA9AAIAAAAMAAAA', 104451);

INSERT INTO `ace_position` (`aceObjectId`, `positionType`, `landblockRaw`, `posX`, `posY`, `posZ`, `qW`, `qX`, `qY`, `qZ`)
VALUES (1966477772, 1, 1398866783, 45.245, 1.62757E-07, 6, -0.707107, 0, 0, -0.707107);

INSERT INTO `ace_object_properties_string` (`aceObjectId`, `strPropertyId`, `propertyValue`)
VALUES (1966477772, 1, 'Door');

INSERT INTO `ace_object_properties_did` (`aceObjectId`, `didPropertyId`, `propertyValue`)
VALUES (1966477772, 8, 100668183)
     , (1966477772, 1, 33557661)
     , (1966477772, 3, 536870946)
     , (1966477772, 2, 150994966)
     , (1966477772, 22, 872415275);

INSERT INTO `ace_object_properties_int` (`aceObjectId`, `intPropertyId`, `propertyValue`)
VALUES (1966477772, 1, 128)
     , (1966477772, 16, 32)
     , (1966477772, 93, 65560);

INSERT INTO `ace_object_properties_double` (`aceObjectId`, `dblPropertyId`, `propertyValue`)
VALUES (1966477772, 54, 0.5);

INSERT INTO `ace_object_properties_bool` (`aceObjectId`, `boolPropertyId`, `propertyValue`)
VALUES (1966477772, 12, True)
     , (1966477772, 11, True);

INSERT INTO `ace_object` (`aceObjectId`, `aceObjectDescriptionFlags`, `weenieClassId`, `weenieHeaderFlags`, `currentMotionState`, `physicsDescriptionFlag`)
VALUES (1966477730, 48, 15451, 4116, 'AAA9AAIAAAAMAAAA', 104451);

INSERT INTO `ace_position` (`aceObjectId`, `positionType`, `landblockRaw`, `posX`, `posY`, `posZ`, `qW`, `qX`, `qY`, `qZ`)
VALUES (1966477730, 1, 1398866745, 34.755, 1.62757E-07, 6, 0.707107, 0, 0, -0.707107);

INSERT INTO `ace_object_properties_string` (`aceObjectId`, `strPropertyId`, `propertyValue`)
VALUES (1966477730, 1, 'Door');

INSERT INTO `ace_object_properties_did` (`aceObjectId`, `didPropertyId`, `propertyValue`)
VALUES (1966477730, 8, 100668183)
     , (1966477730, 1, 33557661)
     , (1966477730, 3, 536870946)
     , (1966477730, 2, 150994966)
     , (1966477730, 22, 872415275);

INSERT INTO `ace_object_properties_int` (`aceObjectId`, `intPropertyId`, `propertyValue`)
VALUES (1966477730, 1, 128)
     , (1966477730, 16, 32)
     , (1966477730, 93, 65560);

INSERT INTO `ace_object_properties_double` (`aceObjectId`, `dblPropertyId`, `propertyValue`)
VALUES (1966477730, 54, 0.5);

INSERT INTO `ace_object_properties_bool` (`aceObjectId`, `boolPropertyId`, `propertyValue`)
VALUES (1966477730, 12, True)
     , (1966477730, 11, True);

INSERT INTO `ace_object` (`aceObjectId`, `aceObjectDescriptionFlags`, `weenieClassId`, `weenieHeaderFlags`, `currentMotionState`, `physicsDescriptionFlag`)
VALUES (1966477790, 48, 15451, 4116, 'AAA9AAIAAAAMAAAA', 104451);

INSERT INTO `ace_position` (`aceObjectId`, `positionType`, `landblockRaw`, `posX`, `posY`, `posZ`, `qW`, `qX`, `qY`, `qZ`)
VALUES (1966477790, 1, 1398866796, 50, -74.755, 6, -4.37114E-08, 0, 0, -1);

INSERT INTO `ace_object_properties_string` (`aceObjectId`, `strPropertyId`, `propertyValue`)
VALUES (1966477790, 1, 'Door');

INSERT INTO `ace_object_properties_did` (`aceObjectId`, `didPropertyId`, `propertyValue`)
VALUES (1966477790, 8, 100668183)
     , (1966477790, 1, 33557661)
     , (1966477790, 3, 536870946)
     , (1966477790, 2, 150994966)
     , (1966477790, 22, 872415275);

INSERT INTO `ace_object_properties_int` (`aceObjectId`, `intPropertyId`, `propertyValue`)
VALUES (1966477790, 1, 128)
     , (1966477790, 16, 32)
     , (1966477790, 93, 65560);

INSERT INTO `ace_object_properties_double` (`aceObjectId`, `dblPropertyId`, `propertyValue`)
VALUES (1966477790, 54, 0.5);

INSERT INTO `ace_object_properties_bool` (`aceObjectId`, `boolPropertyId`, `propertyValue`)
VALUES (1966477790, 12, True)
     , (1966477790, 11, True);

INSERT INTO `ace_object` (`aceObjectId`, `aceObjectDescriptionFlags`, `weenieClassId`, `weenieHeaderFlags`, `currentMotionState`, `physicsDescriptionFlag`)
VALUES (1966477760, 48, 15451, 4116, 'AAA9AAIAAAAMAAAA', 104451);

INSERT INTO `ace_position` (`aceObjectId`, `positionType`, `landblockRaw`, `posX`, `posY`, `posZ`, `qW`, `qX`, `qY`, `qZ`)
VALUES (1966477760, 1, 1398866776, 44.755, -90, 6, 0.707107, 0, 0, -0.707107);

INSERT INTO `ace_object_properties_string` (`aceObjectId`, `strPropertyId`, `propertyValue`)
VALUES (1966477760, 1, 'Door');

INSERT INTO `ace_object_properties_did` (`aceObjectId`, `didPropertyId`, `propertyValue`)
VALUES (1966477760, 8, 100668183)
     , (1966477760, 1, 33557661)
     , (1966477760, 3, 536870946)
     , (1966477760, 2, 150994966)
     , (1966477760, 22, 872415275);

INSERT INTO `ace_object_properties_int` (`aceObjectId`, `intPropertyId`, `propertyValue`)
VALUES (1966477760, 1, 128)
     , (1966477760, 16, 32)
     , (1966477760, 93, 65560);

INSERT INTO `ace_object_properties_double` (`aceObjectId`, `dblPropertyId`, `propertyValue`)
VALUES (1966477760, 54, 0.5);

INSERT INTO `ace_object_properties_bool` (`aceObjectId`, `boolPropertyId`, `propertyValue`)
VALUES (1966477760, 12, True)
     , (1966477760, 11, True);

INSERT INTO `ace_object` (`aceObjectId`, `aceObjectDescriptionFlags`, `weenieClassId`, `weenieHeaderFlags`, `currentMotionState`, `physicsDescriptionFlag`)
VALUES (1966477802, 48, 15451, 4116, 'AAA9AAIAAAAMAAAA', 104451);

INSERT INTO `ace_position` (`aceObjectId`, `positionType`, `landblockRaw`, `posX`, `posY`, `posZ`, `qW`, `qX`, `qY`, `qZ`)
VALUES (1966477802, 1, 1398866817, 55.245, -90, 6, -0.707107, 0, 0, -0.707107);

INSERT INTO `ace_object_properties_string` (`aceObjectId`, `strPropertyId`, `propertyValue`)
VALUES (1966477802, 1, 'Door');

INSERT INTO `ace_object_properties_did` (`aceObjectId`, `didPropertyId`, `propertyValue`)
VALUES (1966477802, 8, 100668183)
     , (1966477802, 1, 33557661)
     , (1966477802, 3, 536870946)
     , (1966477802, 2, 150994966)
     , (1966477802, 22, 872415275);

INSERT INTO `ace_object_properties_int` (`aceObjectId`, `intPropertyId`, `propertyValue`)
VALUES (1966477802, 1, 128)
     , (1966477802, 16, 32)
     , (1966477802, 93, 65560);

INSERT INTO `ace_object_properties_double` (`aceObjectId`, `dblPropertyId`, `propertyValue`)
VALUES (1966477802, 54, 0.5);

INSERT INTO `ace_object_properties_bool` (`aceObjectId`, `boolPropertyId`, `propertyValue`)
VALUES (1966477802, 12, True)
     , (1966477802, 11, True);

INSERT INTO `ace_object` (`aceObjectId`, `aceObjectDescriptionFlags`, `weenieClassId`, `weenieHeaderFlags`, `currentMotionState`, `physicsDescriptionFlag`)
VALUES (1966477766, 48, 15451, 4116, 'AAA9AAIAAAAMAAAA', 104451);

INSERT INTO `ace_position` (`aceObjectId`, `positionType`, `landblockRaw`, `posX`, `posY`, `posZ`, `qW`, `qX`, `qY`, `qZ`)
VALUES (1966477766, 1, 1398866779, 44.755, -100, 6, 0.707107, 0, 0, -0.707107);

INSERT INTO `ace_object_properties_string` (`aceObjectId`, `strPropertyId`, `propertyValue`)
VALUES (1966477766, 1, 'Door');

INSERT INTO `ace_object_properties_did` (`aceObjectId`, `didPropertyId`, `propertyValue`)
VALUES (1966477766, 8, 100668183)
     , (1966477766, 1, 33557661)
     , (1966477766, 3, 536870946)
     , (1966477766, 2, 150994966)
     , (1966477766, 22, 872415275);

INSERT INTO `ace_object_properties_int` (`aceObjectId`, `intPropertyId`, `propertyValue`)
VALUES (1966477766, 1, 128)
     , (1966477766, 16, 32)
     , (1966477766, 93, 65560);

INSERT INTO `ace_object_properties_double` (`aceObjectId`, `dblPropertyId`, `propertyValue`)
VALUES (1966477766, 54, 0.5);

INSERT INTO `ace_object_properties_bool` (`aceObjectId`, `boolPropertyId`, `propertyValue`)
VALUES (1966477766, 12, True)
     , (1966477766, 11, True);

INSERT INTO `ace_object` (`aceObjectId`, `aceObjectDescriptionFlags`, `weenieClassId`, `weenieHeaderFlags`, `currentMotionState`, `physicsDescriptionFlag`)
VALUES (1966477808, 48, 15451, 4116, 'AAA9AAIAAAAMAAAA', 104451);

INSERT INTO `ace_position` (`aceObjectId`, `positionType`, `landblockRaw`, `posX`, `posY`, `posZ`, `qW`, `qX`, `qY`, `qZ`)
VALUES (1966477808, 1, 1398866820, 55.245, -100, 6, -0.707107, 0, 0, -0.707107);

INSERT INTO `ace_object_properties_string` (`aceObjectId`, `strPropertyId`, `propertyValue`)
VALUES (1966477808, 1, 'Door');

INSERT INTO `ace_object_properties_did` (`aceObjectId`, `didPropertyId`, `propertyValue`)
VALUES (1966477808, 8, 100668183)
     , (1966477808, 1, 33557661)
     , (1966477808, 3, 536870946)
     , (1966477808, 2, 150994966)
     , (1966477808, 22, 872415275);

INSERT INTO `ace_object_properties_int` (`aceObjectId`, `intPropertyId`, `propertyValue`)
VALUES (1966477808, 1, 128)
     , (1966477808, 16, 32)
     , (1966477808, 93, 65560);

INSERT INTO `ace_object_properties_double` (`aceObjectId`, `dblPropertyId`, `propertyValue`)
VALUES (1966477808, 54, 0.5);

INSERT INTO `ace_object_properties_bool` (`aceObjectId`, `boolPropertyId`, `propertyValue`)
VALUES (1966477808, 12, True)
     , (1966477808, 11, True);

INSERT INTO `ace_object` (`aceObjectId`, `aceObjectDescriptionFlags`, `weenieClassId`, `weenieHeaderFlags`, `currentMotionState`, `physicsDescriptionFlag`)
VALUES (1966477814, 48, 15451, 4116, 'AAA9AAIAAAAMAAAA', 104451);

INSERT INTO `ace_position` (`aceObjectId`, `positionType`, `landblockRaw`, `posX`, `posY`, `posZ`, `qW`, `qX`, `qY`, `qZ`)
VALUES (1966477814, 1, 1398866828, 74.755, -50, 6, 0.707107, 0, 0, -0.707107);

INSERT INTO `ace_object_properties_string` (`aceObjectId`, `strPropertyId`, `propertyValue`)
VALUES (1966477814, 1, 'Door');

INSERT INTO `ace_object_properties_did` (`aceObjectId`, `didPropertyId`, `propertyValue`)
VALUES (1966477814, 8, 100668183)
     , (1966477814, 1, 33557661)
     , (1966477814, 3, 536870946)
     , (1966477814, 2, 150994966)
     , (1966477814, 22, 872415275);

INSERT INTO `ace_object_properties_int` (`aceObjectId`, `intPropertyId`, `propertyValue`)
VALUES (1966477814, 1, 128)
     , (1966477814, 16, 32)
     , (1966477814, 93, 65560);

INSERT INTO `ace_object_properties_double` (`aceObjectId`, `dblPropertyId`, `propertyValue`)
VALUES (1966477814, 54, 0.5);

INSERT INTO `ace_object_properties_bool` (`aceObjectId`, `boolPropertyId`, `propertyValue`)
VALUES (1966477814, 12, True)
     , (1966477814, 11, True);

INSERT INTO `ace_object` (`aceObjectId`, `aceObjectDescriptionFlags`, `weenieClassId`, `weenieHeaderFlags`, `currentMotionState`, `physicsDescriptionFlag`)
VALUES (1966477892, 48, 15451, 4116, 'AAA9AAIAAAAMAAAA', 104451);

INSERT INTO `ace_position` (`aceObjectId`, `positionType`, `landblockRaw`, `posX`, `posY`, `posZ`, `qW`, `qX`, `qY`, `qZ`)
VALUES (1966477892, 1, 1398866911, 105.245, -50, 6, -0.707107, 0, 0, -0.707107);

INSERT INTO `ace_object_properties_string` (`aceObjectId`, `strPropertyId`, `propertyValue`)
VALUES (1966477892, 1, 'Door');

INSERT INTO `ace_object_properties_did` (`aceObjectId`, `didPropertyId`, `propertyValue`)
VALUES (1966477892, 8, 100668183)
     , (1966477892, 1, 33557661)
     , (1966477892, 3, 536870946)
     , (1966477892, 2, 150994966)
     , (1966477892, 22, 872415275);

INSERT INTO `ace_object_properties_int` (`aceObjectId`, `intPropertyId`, `propertyValue`)
VALUES (1966477892, 1, 128)
     , (1966477892, 16, 32)
     , (1966477892, 93, 65560);

INSERT INTO `ace_object_properties_double` (`aceObjectId`, `dblPropertyId`, `propertyValue`)
VALUES (1966477892, 54, 0.5);

INSERT INTO `ace_object_properties_bool` (`aceObjectId`, `boolPropertyId`, `propertyValue`)
VALUES (1966477892, 12, True)
     , (1966477892, 11, True);

INSERT INTO `ace_object` (`aceObjectId`, `aceObjectDescriptionFlags`, `weenieClassId`, `weenieHeaderFlags`, `currentMotionState`, `physicsDescriptionFlag`)
VALUES (1966477842, 48, 15451, 4116, 'AAA9AAIAAAAMAAAA', 104451);

INSERT INTO `ace_position` (`aceObjectId`, `positionType`, `landblockRaw`, `posX`, `posY`, `posZ`, `qW`, `qX`, `qY`, `qZ`)
VALUES (1966477842, 1, 1398866867, 90, -55.245, 6, 1, 0, 0, 0);

INSERT INTO `ace_object_properties_string` (`aceObjectId`, `strPropertyId`, `propertyValue`)
VALUES (1966477842, 1, 'Door');

INSERT INTO `ace_object_properties_did` (`aceObjectId`, `didPropertyId`, `propertyValue`)
VALUES (1966477842, 8, 100668183)
     , (1966477842, 1, 33557661)
     , (1966477842, 3, 536870946)
     , (1966477842, 2, 150994966)
     , (1966477842, 22, 872415275);

INSERT INTO `ace_object_properties_int` (`aceObjectId`, `intPropertyId`, `propertyValue`)
VALUES (1966477842, 1, 128)
     , (1966477842, 16, 32)
     , (1966477842, 93, 65560);

INSERT INTO `ace_object_properties_double` (`aceObjectId`, `dblPropertyId`, `propertyValue`)
VALUES (1966477842, 54, 0.5);

INSERT INTO `ace_object_properties_bool` (`aceObjectId`, `boolPropertyId`, `propertyValue`)
VALUES (1966477842, 12, True)
     , (1966477842, 11, True);

INSERT INTO `ace_object` (`aceObjectId`, `aceObjectDescriptionFlags`, `weenieClassId`, `weenieHeaderFlags`, `currentMotionState`, `physicsDescriptionFlag`)
VALUES (1966477834, 48, 15451, 4116, 'AAA9AAIAAAAMAAAA', 104451);

INSERT INTO `ace_position` (`aceObjectId`, `positionType`, `landblockRaw`, `posX`, `posY`, `posZ`, `qW`, `qX`, `qY`, `qZ`)
VALUES (1966477834, 1, 1398866861, 90, -44.755, 6, -4.37114E-08, 0, 0, -1);

INSERT INTO `ace_object_properties_string` (`aceObjectId`, `strPropertyId`, `propertyValue`)
VALUES (1966477834, 1, 'Door');

INSERT INTO `ace_object_properties_did` (`aceObjectId`, `didPropertyId`, `propertyValue`)
VALUES (1966477834, 8, 100668183)
     , (1966477834, 1, 33557661)
     , (1966477834, 3, 536870946)
     , (1966477834, 2, 150994966)
     , (1966477834, 22, 872415275);

INSERT INTO `ace_object_properties_int` (`aceObjectId`, `intPropertyId`, `propertyValue`)
VALUES (1966477834, 1, 128)
     , (1966477834, 16, 32)
     , (1966477834, 93, 65560);

INSERT INTO `ace_object_properties_double` (`aceObjectId`, `dblPropertyId`, `propertyValue`)
VALUES (1966477834, 54, 0.5);

INSERT INTO `ace_object_properties_bool` (`aceObjectId`, `boolPropertyId`, `propertyValue`)
VALUES (1966477834, 12, True)
     , (1966477834, 11, True);

INSERT INTO `ace_object` (`aceObjectId`, `aceObjectDescriptionFlags`, `weenieClassId`, `weenieHeaderFlags`, `currentMotionState`, `physicsDescriptionFlag`)
VALUES (1966477872, 48, 15451, 4116, 'AAA9AAIAAAAMAAAA', 104451);

INSERT INTO `ace_position` (`aceObjectId`, `positionType`, `landblockRaw`, `posX`, `posY`, `posZ`, `qW`, `qX`, `qY`, `qZ`)
VALUES (1966477872, 1, 1398866892, 100, -55.245, 6, 1, 0, 0, 0);

INSERT INTO `ace_object_properties_string` (`aceObjectId`, `strPropertyId`, `propertyValue`)
VALUES (1966477872, 1, 'Door');

INSERT INTO `ace_object_properties_did` (`aceObjectId`, `didPropertyId`, `propertyValue`)
VALUES (1966477872, 8, 100668183)
     , (1966477872, 1, 33557661)
     , (1966477872, 3, 536870946)
     , (1966477872, 2, 150994966)
     , (1966477872, 22, 872415275);

INSERT INTO `ace_object_properties_int` (`aceObjectId`, `intPropertyId`, `propertyValue`)
VALUES (1966477872, 1, 128)
     , (1966477872, 16, 32)
     , (1966477872, 93, 65560);

INSERT INTO `ace_object_properties_double` (`aceObjectId`, `dblPropertyId`, `propertyValue`)
VALUES (1966477872, 54, 0.5);

INSERT INTO `ace_object_properties_bool` (`aceObjectId`, `boolPropertyId`, `propertyValue`)
VALUES (1966477872, 12, True)
     , (1966477872, 11, True);

INSERT INTO `ace_object` (`aceObjectId`, `aceObjectDescriptionFlags`, `weenieClassId`, `weenieHeaderFlags`, `currentMotionState`, `physicsDescriptionFlag`)
VALUES (1966477863, 48, 15451, 4116, 'AAA9AAIAAAAMAAAA', 104451);

INSERT INTO `ace_position` (`aceObjectId`, `positionType`, `landblockRaw`, `posX`, `posY`, `posZ`, `qW`, `qX`, `qY`, `qZ`)
VALUES (1966477863, 1, 1398866886, 100, -44.755, 6, -4.37114E-08, 0, 0, -1);

INSERT INTO `ace_object_properties_string` (`aceObjectId`, `strPropertyId`, `propertyValue`)
VALUES (1966477863, 1, 'Door');

INSERT INTO `ace_object_properties_did` (`aceObjectId`, `didPropertyId`, `propertyValue`)
VALUES (1966477863, 8, 100668183)
     , (1966477863, 1, 33557661)
     , (1966477863, 3, 536870946)
     , (1966477863, 2, 150994966)
     , (1966477863, 22, 872415275);

INSERT INTO `ace_object_properties_int` (`aceObjectId`, `intPropertyId`, `propertyValue`)
VALUES (1966477863, 1, 128)
     , (1966477863, 16, 32)
     , (1966477863, 93, 65560);

INSERT INTO `ace_object_properties_double` (`aceObjectId`, `dblPropertyId`, `propertyValue`)
VALUES (1966477863, 54, 0.5);

INSERT INTO `ace_object_properties_bool` (`aceObjectId`, `boolPropertyId`, `propertyValue`)
VALUES (1966477863, 12, True)
     , (1966477863, 11, True);

INSERT INTO `ace_object` (`aceObjectId`, `aceObjectDescriptionFlags`, `weenieClassId`, `weenieHeaderFlags`, `currentMotionState`, `physicsDescriptionFlag`)
VALUES (1966493768, 48, 15451, 4116, 'AAA9AAIAAAAMAAAA', 104451);

INSERT INTO `ace_position` (`aceObjectId`, `positionType`, `landblockRaw`, `posX`, `posY`, `posZ`, `qW`, `qX`, `qY`, `qZ`)
VALUES (1966493768, 1, 1399128379, 30, -115.245, 0, 1, 0, 0, 0);

INSERT INTO `ace_object_properties_string` (`aceObjectId`, `strPropertyId`, `propertyValue`)
VALUES (1966493768, 1, 'Door');

INSERT INTO `ace_object_properties_did` (`aceObjectId`, `didPropertyId`, `propertyValue`)
VALUES (1966493768, 8, 100668183)
     , (1966493768, 1, 33557661)
     , (1966493768, 3, 536870946)
     , (1966493768, 2, 150994966)
     , (1966493768, 22, 872415275);

INSERT INTO `ace_object_properties_int` (`aceObjectId`, `intPropertyId`, `propertyValue`)
VALUES (1966493768, 1, 128)
     , (1966493768, 16, 32)
     , (1966493768, 93, 65560);

INSERT INTO `ace_object_properties_double` (`aceObjectId`, `dblPropertyId`, `propertyValue`)
VALUES (1966493768, 54, 0.5);

INSERT INTO `ace_object_properties_bool` (`aceObjectId`, `boolPropertyId`, `propertyValue`)
VALUES (1966493768, 12, True)
     , (1966493768, 11, True);

INSERT INTO `ace_object` (`aceObjectId`, `aceObjectDescriptionFlags`, `weenieClassId`, `weenieHeaderFlags`, `currentMotionState`, `physicsDescriptionFlag`)
VALUES (1966493774, 48, 15451, 4116, 'AAA9AAIAAAAMAAAA', 104451);

INSERT INTO `ace_position` (`aceObjectId`, `positionType`, `landblockRaw`, `posX`, `posY`, `posZ`, `qW`, `qX`, `qY`, `qZ`)
VALUES (1966493774, 1, 1399128409, 35.245, -90, 0, -0.707107, 0, 0, -0.707107);

INSERT INTO `ace_object_properties_string` (`aceObjectId`, `strPropertyId`, `propertyValue`)
VALUES (1966493774, 1, 'Door');

INSERT INTO `ace_object_properties_did` (`aceObjectId`, `didPropertyId`, `propertyValue`)
VALUES (1966493774, 8, 100668183)
     , (1966493774, 1, 33557661)
     , (1966493774, 3, 536870946)
     , (1966493774, 2, 150994966)
     , (1966493774, 22, 872415275);

INSERT INTO `ace_object_properties_int` (`aceObjectId`, `intPropertyId`, `propertyValue`)
VALUES (1966493774, 1, 128)
     , (1966493774, 16, 32)
     , (1966493774, 93, 65560);

INSERT INTO `ace_object_properties_double` (`aceObjectId`, `dblPropertyId`, `propertyValue`)
VALUES (1966493774, 54, 0.5);

INSERT INTO `ace_object_properties_bool` (`aceObjectId`, `boolPropertyId`, `propertyValue`)
VALUES (1966493774, 12, True)
     , (1966493774, 11, True);

INSERT INTO `ace_object` (`aceObjectId`, `aceObjectDescriptionFlags`, `weenieClassId`, `weenieHeaderFlags`, `currentMotionState`, `physicsDescriptionFlag`)
VALUES (1966493743, 48, 15451, 4116, 'AAA9AAIAAAAMAAAA', 104451);

INSERT INTO `ace_position` (`aceObjectId`, `positionType`, `landblockRaw`, `posX`, `posY`, `posZ`, `qW`, `qX`, `qY`, `qZ`)
VALUES (1966493743, 1, 1399128348, 24.755, -90, 0, 0.707107, 0, 0, -0.707107);

INSERT INTO `ace_object_properties_string` (`aceObjectId`, `strPropertyId`, `propertyValue`)
VALUES (1966493743, 1, 'Door');

INSERT INTO `ace_object_properties_did` (`aceObjectId`, `didPropertyId`, `propertyValue`)
VALUES (1966493743, 8, 100668183)
     , (1966493743, 1, 33557661)
     , (1966493743, 3, 536870946)
     , (1966493743, 2, 150994966)
     , (1966493743, 22, 872415275);

INSERT INTO `ace_object_properties_int` (`aceObjectId`, `intPropertyId`, `propertyValue`)
VALUES (1966493743, 1, 128)
     , (1966493743, 16, 32)
     , (1966493743, 93, 65560);

INSERT INTO `ace_object_properties_double` (`aceObjectId`, `dblPropertyId`, `propertyValue`)
VALUES (1966493743, 54, 0.5);

INSERT INTO `ace_object_properties_bool` (`aceObjectId`, `boolPropertyId`, `propertyValue`)
VALUES (1966493743, 12, True)
     , (1966493743, 11, True);

INSERT INTO `ace_object` (`aceObjectId`, `aceObjectDescriptionFlags`, `weenieClassId`, `weenieHeaderFlags`, `currentMotionState`, `physicsDescriptionFlag`)
VALUES (1966493749, 48, 15451, 4116, 'AAA9AAIAAAAMAAAA', 104451);

INSERT INTO `ace_position` (`aceObjectId`, `positionType`, `landblockRaw`, `posX`, `posY`, `posZ`, `qW`, `qX`, `qY`, `qZ`)
VALUES (1966493749, 1, 1399128351, 24.755, -100, 0, 0.707107, 0, 0, -0.707107);

INSERT INTO `ace_object_properties_string` (`aceObjectId`, `strPropertyId`, `propertyValue`)
VALUES (1966493749, 1, 'Door');

INSERT INTO `ace_object_properties_did` (`aceObjectId`, `didPropertyId`, `propertyValue`)
VALUES (1966493749, 8, 100668183)
     , (1966493749, 1, 33557661)
     , (1966493749, 3, 536870946)
     , (1966493749, 2, 150994966)
     , (1966493749, 22, 872415275);

INSERT INTO `ace_object_properties_int` (`aceObjectId`, `intPropertyId`, `propertyValue`)
VALUES (1966493749, 1, 128)
     , (1966493749, 16, 32)
     , (1966493749, 93, 65560);

INSERT INTO `ace_object_properties_double` (`aceObjectId`, `dblPropertyId`, `propertyValue`)
VALUES (1966493749, 54, 0.5);

INSERT INTO `ace_object_properties_bool` (`aceObjectId`, `boolPropertyId`, `propertyValue`)
VALUES (1966493749, 12, True)
     , (1966493749, 11, True);

INSERT INTO `ace_object` (`aceObjectId`, `aceObjectDescriptionFlags`, `weenieClassId`, `weenieHeaderFlags`, `currentMotionState`, `physicsDescriptionFlag`)
VALUES (1966493780, 48, 15451, 4116, 'AAA9AAIAAAAMAAAA', 104451);

INSERT INTO `ace_position` (`aceObjectId`, `positionType`, `landblockRaw`, `posX`, `posY`, `posZ`, `qW`, `qX`, `qY`, `qZ`)
VALUES (1966493780, 1, 1399128412, 35.245, -100, 0, -0.707107, 0, 0, -0.707107);

INSERT INTO `ace_object_properties_string` (`aceObjectId`, `strPropertyId`, `propertyValue`)
VALUES (1966493780, 1, 'Door');

INSERT INTO `ace_object_properties_did` (`aceObjectId`, `didPropertyId`, `propertyValue`)
VALUES (1966493780, 8, 100668183)
     , (1966493780, 1, 33557661)
     , (1966493780, 3, 536870946)
     , (1966493780, 2, 150994966)
     , (1966493780, 22, 872415275);

INSERT INTO `ace_object_properties_int` (`aceObjectId`, `intPropertyId`, `propertyValue`)
VALUES (1966493780, 1, 128)
     , (1966493780, 16, 32)
     , (1966493780, 93, 65560);

INSERT INTO `ace_object_properties_double` (`aceObjectId`, `dblPropertyId`, `propertyValue`)
VALUES (1966493780, 54, 0.5);

INSERT INTO `ace_object_properties_bool` (`aceObjectId`, `boolPropertyId`, `propertyValue`)
VALUES (1966493780, 12, True)
     , (1966493780, 11, True);

INSERT INTO `ace_object` (`aceObjectId`, `aceObjectDescriptionFlags`, `weenieClassId`, `weenieHeaderFlags`, `currentMotionState`, `physicsDescriptionFlag`)
VALUES (1966493755, 48, 15451, 4116, 'AAA9AAIAAAAMAAAA', 104451);

INSERT INTO `ace_position` (`aceObjectId`, `positionType`, `landblockRaw`, `posX`, `posY`, `posZ`, `qW`, `qX`, `qY`, `qZ`)
VALUES (1966493755, 1, 1399128354, 24.755, -110, 0, 0.707107, 0, 0, -0.707107);

INSERT INTO `ace_object_properties_string` (`aceObjectId`, `strPropertyId`, `propertyValue`)
VALUES (1966493755, 1, 'Door');

INSERT INTO `ace_object_properties_did` (`aceObjectId`, `didPropertyId`, `propertyValue`)
VALUES (1966493755, 8, 100668183)
     , (1966493755, 1, 33557661)
     , (1966493755, 3, 536870946)
     , (1966493755, 2, 150994966)
     , (1966493755, 22, 872415275);

INSERT INTO `ace_object_properties_int` (`aceObjectId`, `intPropertyId`, `propertyValue`)
VALUES (1966493755, 1, 128)
     , (1966493755, 16, 32)
     , (1966493755, 93, 65560);

INSERT INTO `ace_object_properties_double` (`aceObjectId`, `dblPropertyId`, `propertyValue`)
VALUES (1966493755, 54, 0.5);

INSERT INTO `ace_object_properties_bool` (`aceObjectId`, `boolPropertyId`, `propertyValue`)
VALUES (1966493755, 12, True)
     , (1966493755, 11, True);

INSERT INTO `ace_object` (`aceObjectId`, `aceObjectDescriptionFlags`, `weenieClassId`, `weenieHeaderFlags`, `currentMotionState`, `physicsDescriptionFlag`)
VALUES (1966493786, 48, 15451, 4116, 'AAA9AAIAAAAMAAAA', 104451);

INSERT INTO `ace_position` (`aceObjectId`, `positionType`, `landblockRaw`, `posX`, `posY`, `posZ`, `qW`, `qX`, `qY`, `qZ`)
VALUES (1966493786, 1, 1399128415, 35.245, -110, 0, -0.707107, 0, 0, -0.707107);

INSERT INTO `ace_object_properties_string` (`aceObjectId`, `strPropertyId`, `propertyValue`)
VALUES (1966493786, 1, 'Door');

INSERT INTO `ace_object_properties_did` (`aceObjectId`, `didPropertyId`, `propertyValue`)
VALUES (1966493786, 8, 100668183)
     , (1966493786, 1, 33557661)
     , (1966493786, 3, 536870946)
     , (1966493786, 2, 150994966)
     , (1966493786, 22, 872415275);

INSERT INTO `ace_object_properties_int` (`aceObjectId`, `intPropertyId`, `propertyValue`)
VALUES (1966493786, 1, 128)
     , (1966493786, 16, 32)
     , (1966493786, 93, 65560);

INSERT INTO `ace_object_properties_double` (`aceObjectId`, `dblPropertyId`, `propertyValue`)
VALUES (1966493786, 54, 0.5);

INSERT INTO `ace_object_properties_bool` (`aceObjectId`, `boolPropertyId`, `propertyValue`)
VALUES (1966493786, 12, True)
     , (1966493786, 11, True);

INSERT INTO `ace_object` (`aceObjectId`, `aceObjectDescriptionFlags`, `weenieClassId`, `weenieHeaderFlags`, `currentMotionState`, `physicsDescriptionFlag`)
VALUES (1966494187, 48, 15451, 4116, 'AAA9AAIAAAAMAAAA', 104451);

INSERT INTO `ace_position` (`aceObjectId`, `positionType`, `landblockRaw`, `posX`, `posY`, `posZ`, `qW`, `qX`, `qY`, `qZ`)
VALUES (1966494187, 1, 1399128987, 80, -44.755, 6, -4.37114E-08, 0, 0, -1);

INSERT INTO `ace_object_properties_string` (`aceObjectId`, `strPropertyId`, `propertyValue`)
VALUES (1966494187, 1, 'Door');

INSERT INTO `ace_object_properties_did` (`aceObjectId`, `didPropertyId`, `propertyValue`)
VALUES (1966494187, 8, 100668183)
     , (1966494187, 1, 33557661)
     , (1966494187, 3, 536870946)
     , (1966494187, 2, 150994966)
     , (1966494187, 22, 872415275);

INSERT INTO `ace_object_properties_int` (`aceObjectId`, `intPropertyId`, `propertyValue`)
VALUES (1966494187, 1, 128)
     , (1966494187, 16, 32)
     , (1966494187, 93, 65560);

INSERT INTO `ace_object_properties_double` (`aceObjectId`, `dblPropertyId`, `propertyValue`)
VALUES (1966494187, 54, 0.5);

INSERT INTO `ace_object_properties_bool` (`aceObjectId`, `boolPropertyId`, `propertyValue`)
VALUES (1966494187, 12, True)
     , (1966494187, 11, True);

INSERT INTO `ace_object` (`aceObjectId`, `aceObjectDescriptionFlags`, `weenieClassId`, `weenieHeaderFlags`, `currentMotionState`, `physicsDescriptionFlag`)
VALUES (1966494091, 48, 15451, 4116, 'AAA9AAIAAAAMAAAA', 104451);

INSERT INTO `ace_position` (`aceObjectId`, `positionType`, `landblockRaw`, `posX`, `posY`, `posZ`, `qW`, `qX`, `qY`, `qZ`)
VALUES (1966494091, 1, 1399128886, 20, -45.245, 6, 1, 0, 0, 0);

INSERT INTO `ace_object_properties_string` (`aceObjectId`, `strPropertyId`, `propertyValue`)
VALUES (1966494091, 1, 'Door');

INSERT INTO `ace_object_properties_did` (`aceObjectId`, `didPropertyId`, `propertyValue`)
VALUES (1966494091, 8, 100668183)
     , (1966494091, 1, 33557661)
     , (1966494091, 3, 536870946)
     , (1966494091, 2, 150994966)
     , (1966494091, 22, 872415275);

INSERT INTO `ace_object_properties_int` (`aceObjectId`, `intPropertyId`, `propertyValue`)
VALUES (1966494091, 1, 128)
     , (1966494091, 16, 32)
     , (1966494091, 93, 65560);

INSERT INTO `ace_object_properties_double` (`aceObjectId`, `dblPropertyId`, `propertyValue`)
VALUES (1966494091, 54, 0.5);

INSERT INTO `ace_object_properties_bool` (`aceObjectId`, `boolPropertyId`, `propertyValue`)
VALUES (1966494091, 12, True)
     , (1966494091, 11, True);

INSERT INTO `ace_object` (`aceObjectId`, `aceObjectDescriptionFlags`, `weenieClassId`, `weenieHeaderFlags`, `currentMotionState`, `physicsDescriptionFlag`)
VALUES (1966494083, 48, 15451, 4116, 'AAA9AAIAAAAMAAAA', 104451);

INSERT INTO `ace_position` (`aceObjectId`, `positionType`, `landblockRaw`, `posX`, `posY`, `posZ`, `qW`, `qX`, `qY`, `qZ`)
VALUES (1966494083, 1, 1399128880, 20, -34.755, 6, -4.37114E-08, 0, 0, -1);

INSERT INTO `ace_object_properties_string` (`aceObjectId`, `strPropertyId`, `propertyValue`)
VALUES (1966494083, 1, 'Door');

INSERT INTO `ace_object_properties_did` (`aceObjectId`, `didPropertyId`, `propertyValue`)
VALUES (1966494083, 8, 100668183)
     , (1966494083, 1, 33557661)
     , (1966494083, 3, 536870946)
     , (1966494083, 2, 150994966)
     , (1966494083, 22, 872415275);

INSERT INTO `ace_object_properties_int` (`aceObjectId`, `intPropertyId`, `propertyValue`)
VALUES (1966494083, 1, 128)
     , (1966494083, 16, 32)
     , (1966494083, 93, 65560);

INSERT INTO `ace_object_properties_double` (`aceObjectId`, `dblPropertyId`, `propertyValue`)
VALUES (1966494083, 54, 0.5);

INSERT INTO `ace_object_properties_bool` (`aceObjectId`, `boolPropertyId`, `propertyValue`)
VALUES (1966494083, 12, True)
     , (1966494083, 11, True);

INSERT INTO `ace_object` (`aceObjectId`, `aceObjectDescriptionFlags`, `weenieClassId`, `weenieHeaderFlags`, `currentMotionState`, `physicsDescriptionFlag`)
VALUES (1966494069, 48, 15451, 4116, 'AAA9AAIAAAAMAAAA', 104451);

INSERT INTO `ace_position` (`aceObjectId`, `positionType`, `landblockRaw`, `posX`, `posY`, `posZ`, `qW`, `qX`, `qY`, `qZ`)
VALUES (1966494069, 1, 1399128871, 10, -34.755, 6, -4.37114E-08, 0, 0, -1);

INSERT INTO `ace_object_properties_string` (`aceObjectId`, `strPropertyId`, `propertyValue`)
VALUES (1966494069, 1, 'Door');

INSERT INTO `ace_object_properties_did` (`aceObjectId`, `didPropertyId`, `propertyValue`)
VALUES (1966494069, 8, 100668183)
     , (1966494069, 1, 33557661)
     , (1966494069, 3, 536870946)
     , (1966494069, 2, 150994966)
     , (1966494069, 22, 872415275);

INSERT INTO `ace_object_properties_int` (`aceObjectId`, `intPropertyId`, `propertyValue`)
VALUES (1966494069, 1, 128)
     , (1966494069, 16, 32)
     , (1966494069, 93, 65560);

INSERT INTO `ace_object_properties_double` (`aceObjectId`, `dblPropertyId`, `propertyValue`)
VALUES (1966494069, 54, 0.5);

INSERT INTO `ace_object_properties_bool` (`aceObjectId`, `boolPropertyId`, `propertyValue`)
VALUES (1966494069, 12, True)
     , (1966494069, 11, True);

INSERT INTO `ace_object` (`aceObjectId`, `aceObjectDescriptionFlags`, `weenieClassId`, `weenieHeaderFlags`, `currentMotionState`, `physicsDescriptionFlag`)
VALUES (1966494077, 48, 15451, 4116, 'AAA9AAIAAAAMAAAA', 104451);

INSERT INTO `ace_position` (`aceObjectId`, `positionType`, `landblockRaw`, `posX`, `posY`, `posZ`, `qW`, `qX`, `qY`, `qZ`)
VALUES (1966494077, 1, 1399128877, 10, -45.245, 6, 1, 0, 0, 0);

INSERT INTO `ace_object_properties_string` (`aceObjectId`, `strPropertyId`, `propertyValue`)
VALUES (1966494077, 1, 'Door');

INSERT INTO `ace_object_properties_did` (`aceObjectId`, `didPropertyId`, `propertyValue`)
VALUES (1966494077, 8, 100668183)
     , (1966494077, 1, 33557661)
     , (1966494077, 3, 536870946)
     , (1966494077, 2, 150994966)
     , (1966494077, 22, 872415275);

INSERT INTO `ace_object_properties_int` (`aceObjectId`, `intPropertyId`, `propertyValue`)
VALUES (1966494077, 1, 128)
     , (1966494077, 16, 32)
     , (1966494077, 93, 65560);

INSERT INTO `ace_object_properties_double` (`aceObjectId`, `dblPropertyId`, `propertyValue`)
VALUES (1966494077, 54, 0.5);

INSERT INTO `ace_object_properties_bool` (`aceObjectId`, `boolPropertyId`, `propertyValue`)
VALUES (1966494077, 12, True)
     , (1966494077, 11, True);

INSERT INTO `ace_object` (`aceObjectId`, `aceObjectDescriptionFlags`, `weenieClassId`, `weenieHeaderFlags`, `currentMotionState`, `physicsDescriptionFlag`)
VALUES (1966494055, 48, 15451, 4116, 'AAA9AAIAAAAMAAAA', 104451);

INSERT INTO `ace_position` (`aceObjectId`, `positionType`, `landblockRaw`, `posX`, `posY`, `posZ`, `qW`, `qX`, `qY`, `qZ`)
VALUES (1966494055, 1, 1399128863, -4.15695E-07, -34.755, 6, -4.37114E-08, 0, 0, -1);

INSERT INTO `ace_object_properties_string` (`aceObjectId`, `strPropertyId`, `propertyValue`)
VALUES (1966494055, 1, 'Door');

INSERT INTO `ace_object_properties_did` (`aceObjectId`, `didPropertyId`, `propertyValue`)
VALUES (1966494055, 8, 100668183)
     , (1966494055, 1, 33557661)
     , (1966494055, 3, 536870946)
     , (1966494055, 2, 150994966)
     , (1966494055, 22, 872415275);

INSERT INTO `ace_object_properties_int` (`aceObjectId`, `intPropertyId`, `propertyValue`)
VALUES (1966494055, 1, 128)
     , (1966494055, 16, 32)
     , (1966494055, 93, 65560);

INSERT INTO `ace_object_properties_double` (`aceObjectId`, `dblPropertyId`, `propertyValue`)
VALUES (1966494055, 54, 0.5);

INSERT INTO `ace_object_properties_bool` (`aceObjectId`, `boolPropertyId`, `propertyValue`)
VALUES (1966494055, 12, True)
     , (1966494055, 11, True);

INSERT INTO `ace_object` (`aceObjectId`, `aceObjectDescriptionFlags`, `weenieClassId`, `weenieHeaderFlags`, `currentMotionState`, `physicsDescriptionFlag`)
VALUES (1966494063, 48, 15451, 4116, 'AAA9AAIAAAAMAAAA', 104451);

INSERT INTO `ace_position` (`aceObjectId`, `positionType`, `landblockRaw`, `posX`, `posY`, `posZ`, `qW`, `qX`, `qY`, `qZ`)
VALUES (1966494063, 1, 1399128868, 0, -45.245, 6, 1, 0, 0, 0);

INSERT INTO `ace_object_properties_string` (`aceObjectId`, `strPropertyId`, `propertyValue`)
VALUES (1966494063, 1, 'Door');

INSERT INTO `ace_object_properties_did` (`aceObjectId`, `didPropertyId`, `propertyValue`)
VALUES (1966494063, 8, 100668183)
     , (1966494063, 1, 33557661)
     , (1966494063, 3, 536870946)
     , (1966494063, 2, 150994966)
     , (1966494063, 22, 872415275);

INSERT INTO `ace_object_properties_int` (`aceObjectId`, `intPropertyId`, `propertyValue`)
VALUES (1966494063, 1, 128)
     , (1966494063, 16, 32)
     , (1966494063, 93, 65560);

INSERT INTO `ace_object_properties_double` (`aceObjectId`, `dblPropertyId`, `propertyValue`)
VALUES (1966494063, 54, 0.5);

INSERT INTO `ace_object_properties_bool` (`aceObjectId`, `boolPropertyId`, `propertyValue`)
VALUES (1966494063, 12, True)
     , (1966494063, 11, True);

INSERT INTO `ace_object` (`aceObjectId`, `aceObjectDescriptionFlags`, `weenieClassId`, `weenieHeaderFlags`, `currentMotionState`, `physicsDescriptionFlag`)
VALUES (1966494121, 48, 15451, 4116, 'AAA9AAIAAAAMAAAA', 104451);

INSERT INTO `ace_position` (`aceObjectId`, `positionType`, `landblockRaw`, `posX`, `posY`, `posZ`, `qW`, `qX`, `qY`, `qZ`)
VALUES (1966494121, 1, 1399128917, 44.755, -80, 6, 0.707107, 0, 0, -0.707107);

INSERT INTO `ace_object_properties_string` (`aceObjectId`, `strPropertyId`, `propertyValue`)
VALUES (1966494121, 1, 'Door');

INSERT INTO `ace_object_properties_did` (`aceObjectId`, `didPropertyId`, `propertyValue`)
VALUES (1966494121, 8, 100668183)
     , (1966494121, 1, 33557661)
     , (1966494121, 3, 536870946)
     , (1966494121, 2, 150994966)
     , (1966494121, 22, 872415275);

INSERT INTO `ace_object_properties_int` (`aceObjectId`, `intPropertyId`, `propertyValue`)
VALUES (1966494121, 1, 128)
     , (1966494121, 16, 32)
     , (1966494121, 93, 65560);

INSERT INTO `ace_object_properties_double` (`aceObjectId`, `dblPropertyId`, `propertyValue`)
VALUES (1966494121, 54, 0.5);

INSERT INTO `ace_object_properties_bool` (`aceObjectId`, `boolPropertyId`, `propertyValue`)
VALUES (1966494121, 12, True)
     , (1966494121, 11, True);

INSERT INTO `ace_object` (`aceObjectId`, `aceObjectDescriptionFlags`, `weenieClassId`, `weenieHeaderFlags`, `currentMotionState`, `physicsDescriptionFlag`)
VALUES (1966494157, 48, 15451, 4116, 'AAA9AAIAAAAMAAAA', 104451);

INSERT INTO `ace_position` (`aceObjectId`, `positionType`, `landblockRaw`, `posX`, `posY`, `posZ`, `qW`, `qX`, `qY`, `qZ`)
VALUES (1966494157, 1, 1399128940, 50, -74.755, 6, -4.37114E-08, 0, 0, -1);

INSERT INTO `ace_object_properties_string` (`aceObjectId`, `strPropertyId`, `propertyValue`)
VALUES (1966494157, 1, 'Door');

INSERT INTO `ace_object_properties_did` (`aceObjectId`, `didPropertyId`, `propertyValue`)
VALUES (1966494157, 8, 100668183)
     , (1966494157, 1, 33557661)
     , (1966494157, 3, 536870946)
     , (1966494157, 2, 150994966)
     , (1966494157, 22, 872415275);

INSERT INTO `ace_object_properties_int` (`aceObjectId`, `intPropertyId`, `propertyValue`)
VALUES (1966494157, 1, 128)
     , (1966494157, 16, 32)
     , (1966494157, 93, 65560);

INSERT INTO `ace_object_properties_double` (`aceObjectId`, `dblPropertyId`, `propertyValue`)
VALUES (1966494157, 54, 0.5);

INSERT INTO `ace_object_properties_bool` (`aceObjectId`, `boolPropertyId`, `propertyValue`)
VALUES (1966494157, 12, True)
     , (1966494157, 11, True);

INSERT INTO `ace_object` (`aceObjectId`, `aceObjectDescriptionFlags`, `weenieClassId`, `weenieHeaderFlags`, `currentMotionState`, `physicsDescriptionFlag`)
VALUES (1966494127, 48, 15451, 4116, 'AAA9AAIAAAAMAAAA', 104451);

INSERT INTO `ace_position` (`aceObjectId`, `positionType`, `landblockRaw`, `posX`, `posY`, `posZ`, `qW`, `qX`, `qY`, `qZ`)
VALUES (1966494127, 1, 1399128920, 44.755, -90, 6, 0.707107, 0, 0, -0.707107);

INSERT INTO `ace_object_properties_string` (`aceObjectId`, `strPropertyId`, `propertyValue`)
VALUES (1966494127, 1, 'Door');

INSERT INTO `ace_object_properties_did` (`aceObjectId`, `didPropertyId`, `propertyValue`)
VALUES (1966494127, 8, 100668183)
     , (1966494127, 1, 33557661)
     , (1966494127, 3, 536870946)
     , (1966494127, 2, 150994966)
     , (1966494127, 22, 872415275);

INSERT INTO `ace_object_properties_int` (`aceObjectId`, `intPropertyId`, `propertyValue`)
VALUES (1966494127, 1, 128)
     , (1966494127, 16, 32)
     , (1966494127, 93, 65560);

INSERT INTO `ace_object_properties_double` (`aceObjectId`, `dblPropertyId`, `propertyValue`)
VALUES (1966494127, 54, 0.5);

INSERT INTO `ace_object_properties_bool` (`aceObjectId`, `boolPropertyId`, `propertyValue`)
VALUES (1966494127, 12, True)
     , (1966494127, 11, True);

INSERT INTO `ace_object` (`aceObjectId`, `aceObjectDescriptionFlags`, `weenieClassId`, `weenieHeaderFlags`, `currentMotionState`, `physicsDescriptionFlag`)
VALUES (1966494169, 48, 15451, 4116, 'AAA9AAIAAAAMAAAA', 104451);

INSERT INTO `ace_position` (`aceObjectId`, `positionType`, `landblockRaw`, `posX`, `posY`, `posZ`, `qW`, `qX`, `qY`, `qZ`)
VALUES (1966494169, 1, 1399128961, 55.245, -90, 6, -0.707107, 0, 0, -0.707107);

INSERT INTO `ace_object_properties_string` (`aceObjectId`, `strPropertyId`, `propertyValue`)
VALUES (1966494169, 1, 'Door');

INSERT INTO `ace_object_properties_did` (`aceObjectId`, `didPropertyId`, `propertyValue`)
VALUES (1966494169, 8, 100668183)
     , (1966494169, 1, 33557661)
     , (1966494169, 3, 536870946)
     , (1966494169, 2, 150994966)
     , (1966494169, 22, 872415275);

INSERT INTO `ace_object_properties_int` (`aceObjectId`, `intPropertyId`, `propertyValue`)
VALUES (1966494169, 1, 128)
     , (1966494169, 16, 32)
     , (1966494169, 93, 65560);

INSERT INTO `ace_object_properties_double` (`aceObjectId`, `dblPropertyId`, `propertyValue`)
VALUES (1966494169, 54, 0.5);

INSERT INTO `ace_object_properties_bool` (`aceObjectId`, `boolPropertyId`, `propertyValue`)
VALUES (1966494169, 12, True)
     , (1966494169, 11, True);

INSERT INTO `ace_object` (`aceObjectId`, `aceObjectDescriptionFlags`, `weenieClassId`, `weenieHeaderFlags`, `currentMotionState`, `physicsDescriptionFlag`)
VALUES (1966494133, 48, 15451, 4116, 'AAA9AAIAAAAMAAAA', 104451);

INSERT INTO `ace_position` (`aceObjectId`, `positionType`, `landblockRaw`, `posX`, `posY`, `posZ`, `qW`, `qX`, `qY`, `qZ`)
VALUES (1966494133, 1, 1399128923, 44.755, -100, 6, 0.707107, 0, 0, -0.707107);

INSERT INTO `ace_object_properties_string` (`aceObjectId`, `strPropertyId`, `propertyValue`)
VALUES (1966494133, 1, 'Door');

INSERT INTO `ace_object_properties_did` (`aceObjectId`, `didPropertyId`, `propertyValue`)
VALUES (1966494133, 8, 100668183)
     , (1966494133, 1, 33557661)
     , (1966494133, 3, 536870946)
     , (1966494133, 2, 150994966)
     , (1966494133, 22, 872415275);

INSERT INTO `ace_object_properties_int` (`aceObjectId`, `intPropertyId`, `propertyValue`)
VALUES (1966494133, 1, 128)
     , (1966494133, 16, 32)
     , (1966494133, 93, 65560);

INSERT INTO `ace_object_properties_double` (`aceObjectId`, `dblPropertyId`, `propertyValue`)
VALUES (1966494133, 54, 0.5);

INSERT INTO `ace_object_properties_bool` (`aceObjectId`, `boolPropertyId`, `propertyValue`)
VALUES (1966494133, 12, True)
     , (1966494133, 11, True);

INSERT INTO `ace_object` (`aceObjectId`, `aceObjectDescriptionFlags`, `weenieClassId`, `weenieHeaderFlags`, `currentMotionState`, `physicsDescriptionFlag`)
VALUES (1966494175, 48, 15451, 4116, 'AAA9AAIAAAAMAAAA', 104451);

INSERT INTO `ace_position` (`aceObjectId`, `positionType`, `landblockRaw`, `posX`, `posY`, `posZ`, `qW`, `qX`, `qY`, `qZ`)
VALUES (1966494175, 1, 1399128964, 55.245, -100, 6, -0.707107, 0, 0, -0.707107);

INSERT INTO `ace_object_properties_string` (`aceObjectId`, `strPropertyId`, `propertyValue`)
VALUES (1966494175, 1, 'Door');

INSERT INTO `ace_object_properties_did` (`aceObjectId`, `didPropertyId`, `propertyValue`)
VALUES (1966494175, 8, 100668183)
     , (1966494175, 1, 33557661)
     , (1966494175, 3, 536870946)
     , (1966494175, 2, 150994966)
     , (1966494175, 22, 872415275);

INSERT INTO `ace_object_properties_int` (`aceObjectId`, `intPropertyId`, `propertyValue`)
VALUES (1966494175, 1, 128)
     , (1966494175, 16, 32)
     , (1966494175, 93, 65560);

INSERT INTO `ace_object_properties_double` (`aceObjectId`, `dblPropertyId`, `propertyValue`)
VALUES (1966494175, 54, 0.5);

INSERT INTO `ace_object_properties_bool` (`aceObjectId`, `boolPropertyId`, `propertyValue`)
VALUES (1966494175, 12, True)
     , (1966494175, 11, True);

INSERT INTO `ace_object` (`aceObjectId`, `aceObjectDescriptionFlags`, `weenieClassId`, `weenieHeaderFlags`, `currentMotionState`, `physicsDescriptionFlag`)
VALUES (1966494181, 48, 15451, 4116, 'AAA9AAIAAAAMAAAA', 104451);

INSERT INTO `ace_position` (`aceObjectId`, `positionType`, `landblockRaw`, `posX`, `posY`, `posZ`, `qW`, `qX`, `qY`, `qZ`)
VALUES (1966494181, 1, 1399128972, 74.755, -50, 6, 0.707107, 0, 0, -0.707107);

INSERT INTO `ace_object_properties_string` (`aceObjectId`, `strPropertyId`, `propertyValue`)
VALUES (1966494181, 1, 'Door');

INSERT INTO `ace_object_properties_did` (`aceObjectId`, `didPropertyId`, `propertyValue`)
VALUES (1966494181, 8, 100668183)
     , (1966494181, 1, 33557661)
     , (1966494181, 3, 536870946)
     , (1966494181, 2, 150994966)
     , (1966494181, 22, 872415275);

INSERT INTO `ace_object_properties_int` (`aceObjectId`, `intPropertyId`, `propertyValue`)
VALUES (1966494181, 1, 128)
     , (1966494181, 16, 32)
     , (1966494181, 93, 65560);

INSERT INTO `ace_object_properties_double` (`aceObjectId`, `dblPropertyId`, `propertyValue`)
VALUES (1966494181, 54, 0.5);

INSERT INTO `ace_object_properties_bool` (`aceObjectId`, `boolPropertyId`, `propertyValue`)
VALUES (1966494181, 12, True)
     , (1966494181, 11, True);

INSERT INTO `ace_object` (`aceObjectId`, `aceObjectDescriptionFlags`, `weenieClassId`, `weenieHeaderFlags`, `currentMotionState`, `physicsDescriptionFlag`)
VALUES (1966494259, 48, 15451, 4116, 'AAA9AAIAAAAMAAAA', 104451);

INSERT INTO `ace_position` (`aceObjectId`, `positionType`, `landblockRaw`, `posX`, `posY`, `posZ`, `qW`, `qX`, `qY`, `qZ`)
VALUES (1966494259, 1, 1399129055, 105.245, -50, 6, -0.707107, 0, 0, -0.707107);

INSERT INTO `ace_object_properties_string` (`aceObjectId`, `strPropertyId`, `propertyValue`)
VALUES (1966494259, 1, 'Door');

INSERT INTO `ace_object_properties_did` (`aceObjectId`, `didPropertyId`, `propertyValue`)
VALUES (1966494259, 8, 100668183)
     , (1966494259, 1, 33557661)
     , (1966494259, 3, 536870946)
     , (1966494259, 2, 150994966)
     , (1966494259, 22, 872415275);

INSERT INTO `ace_object_properties_int` (`aceObjectId`, `intPropertyId`, `propertyValue`)
VALUES (1966494259, 1, 128)
     , (1966494259, 16, 32)
     , (1966494259, 93, 65560);

INSERT INTO `ace_object_properties_double` (`aceObjectId`, `dblPropertyId`, `propertyValue`)
VALUES (1966494259, 54, 0.5);

INSERT INTO `ace_object_properties_bool` (`aceObjectId`, `boolPropertyId`, `propertyValue`)
VALUES (1966494259, 12, True)
     , (1966494259, 11, True);

INSERT INTO `ace_object` (`aceObjectId`, `aceObjectDescriptionFlags`, `weenieClassId`, `weenieHeaderFlags`, `currentMotionState`, `physicsDescriptionFlag`)
VALUES (1966494209, 48, 15451, 4116, 'AAA9AAIAAAAMAAAA', 104451);

INSERT INTO `ace_position` (`aceObjectId`, `positionType`, `landblockRaw`, `posX`, `posY`, `posZ`, `qW`, `qX`, `qY`, `qZ`)
VALUES (1966494209, 1, 1399129011, 90, -55.245, 6, 1, 0, 0, 0);

INSERT INTO `ace_object_properties_string` (`aceObjectId`, `strPropertyId`, `propertyValue`)
VALUES (1966494209, 1, 'Door');

INSERT INTO `ace_object_properties_did` (`aceObjectId`, `didPropertyId`, `propertyValue`)
VALUES (1966494209, 8, 100668183)
     , (1966494209, 1, 33557661)
     , (1966494209, 3, 536870946)
     , (1966494209, 2, 150994966)
     , (1966494209, 22, 872415275);

INSERT INTO `ace_object_properties_int` (`aceObjectId`, `intPropertyId`, `propertyValue`)
VALUES (1966494209, 1, 128)
     , (1966494209, 16, 32)
     , (1966494209, 93, 65560);

INSERT INTO `ace_object_properties_double` (`aceObjectId`, `dblPropertyId`, `propertyValue`)
VALUES (1966494209, 54, 0.5);

INSERT INTO `ace_object_properties_bool` (`aceObjectId`, `boolPropertyId`, `propertyValue`)
VALUES (1966494209, 12, True)
     , (1966494209, 11, True);

INSERT INTO `ace_object` (`aceObjectId`, `aceObjectDescriptionFlags`, `weenieClassId`, `weenieHeaderFlags`, `currentMotionState`, `physicsDescriptionFlag`)
VALUES (1966494201, 48, 15451, 4116, 'AAA9AAIAAAAMAAAA', 104451);

INSERT INTO `ace_position` (`aceObjectId`, `positionType`, `landblockRaw`, `posX`, `posY`, `posZ`, `qW`, `qX`, `qY`, `qZ`)
VALUES (1966494201, 1, 1399129005, 90, -44.755, 6, -4.37114E-08, 0, 0, -1);

INSERT INTO `ace_object_properties_string` (`aceObjectId`, `strPropertyId`, `propertyValue`)
VALUES (1966494201, 1, 'Door');

INSERT INTO `ace_object_properties_did` (`aceObjectId`, `didPropertyId`, `propertyValue`)
VALUES (1966494201, 8, 100668183)
     , (1966494201, 1, 33557661)
     , (1966494201, 3, 536870946)
     , (1966494201, 2, 150994966)
     , (1966494201, 22, 872415275);

INSERT INTO `ace_object_properties_int` (`aceObjectId`, `intPropertyId`, `propertyValue`)
VALUES (1966494201, 1, 128)
     , (1966494201, 16, 32)
     , (1966494201, 93, 65560);

INSERT INTO `ace_object_properties_double` (`aceObjectId`, `dblPropertyId`, `propertyValue`)
VALUES (1966494201, 54, 0.5);

INSERT INTO `ace_object_properties_bool` (`aceObjectId`, `boolPropertyId`, `propertyValue`)
VALUES (1966494201, 12, True)
     , (1966494201, 11, True);

INSERT INTO `ace_object` (`aceObjectId`, `aceObjectDescriptionFlags`, `weenieClassId`, `weenieHeaderFlags`, `currentMotionState`, `physicsDescriptionFlag`)
VALUES (1966494239, 48, 15451, 4116, 'AAA9AAIAAAAMAAAA', 104451);

INSERT INTO `ace_position` (`aceObjectId`, `positionType`, `landblockRaw`, `posX`, `posY`, `posZ`, `qW`, `qX`, `qY`, `qZ`)
VALUES (1966494239, 1, 1399129036, 100, -55.245, 6, 1, 0, 0, 0);

INSERT INTO `ace_object_properties_string` (`aceObjectId`, `strPropertyId`, `propertyValue`)
VALUES (1966494239, 1, 'Door');

INSERT INTO `ace_object_properties_did` (`aceObjectId`, `didPropertyId`, `propertyValue`)
VALUES (1966494239, 8, 100668183)
     , (1966494239, 1, 33557661)
     , (1966494239, 3, 536870946)
     , (1966494239, 2, 150994966)
     , (1966494239, 22, 872415275);

INSERT INTO `ace_object_properties_int` (`aceObjectId`, `intPropertyId`, `propertyValue`)
VALUES (1966494239, 1, 128)
     , (1966494239, 16, 32)
     , (1966494239, 93, 65560);

INSERT INTO `ace_object_properties_double` (`aceObjectId`, `dblPropertyId`, `propertyValue`)
VALUES (1966494239, 54, 0.5);

INSERT INTO `ace_object_properties_bool` (`aceObjectId`, `boolPropertyId`, `propertyValue`)
VALUES (1966494239, 12, True)
     , (1966494239, 11, True);

INSERT INTO `ace_object` (`aceObjectId`, `aceObjectDescriptionFlags`, `weenieClassId`, `weenieHeaderFlags`, `currentMotionState`, `physicsDescriptionFlag`)
VALUES (1966494230, 48, 15451, 4116, 'AAA9AAIAAAAMAAAA', 104451);

INSERT INTO `ace_position` (`aceObjectId`, `positionType`, `landblockRaw`, `posX`, `posY`, `posZ`, `qW`, `qX`, `qY`, `qZ`)
VALUES (1966494230, 1, 1399129030, 100, -44.755, 6, -4.37114E-08, 0, 0, -1);

INSERT INTO `ace_object_properties_string` (`aceObjectId`, `strPropertyId`, `propertyValue`)
VALUES (1966494230, 1, 'Door');

INSERT INTO `ace_object_properties_did` (`aceObjectId`, `didPropertyId`, `propertyValue`)
VALUES (1966494230, 8, 100668183)
     , (1966494230, 1, 33557661)
     , (1966494230, 3, 536870946)
     , (1966494230, 2, 150994966)
     , (1966494230, 22, 872415275);

INSERT INTO `ace_object_properties_int` (`aceObjectId`, `intPropertyId`, `propertyValue`)
VALUES (1966494230, 1, 128)
     , (1966494230, 16, 32)
     , (1966494230, 93, 65560);

INSERT INTO `ace_object_properties_double` (`aceObjectId`, `dblPropertyId`, `propertyValue`)
VALUES (1966494230, 54, 0.5);

INSERT INTO `ace_object_properties_bool` (`aceObjectId`, `boolPropertyId`, `propertyValue`)
VALUES (1966494230, 12, True)
     , (1966494230, 11, True);

INSERT INTO `ace_object` (`aceObjectId`, `aceObjectDescriptionFlags`, `weenieClassId`, `weenieHeaderFlags`, `currentMotionState`, `physicsDescriptionFlag`)
VALUES (1966493715, 48, 15451, 4116, 'AAA9AAIAAAAMAAAA', 104451);

INSERT INTO `ace_position` (`aceObjectId`, `positionType`, `landblockRaw`, `posX`, `posY`, `posZ`, `qW`, `qX`, `qY`, `qZ`)
VALUES (1966493715, 1, 1399128330, 10, -24.755, -1.862645E-09, -4.37114E-08, 0, 0, -1);

INSERT INTO `ace_object_properties_string` (`aceObjectId`, `strPropertyId`, `propertyValue`)
VALUES (1966493715, 1, 'Door');

INSERT INTO `ace_object_properties_did` (`aceObjectId`, `didPropertyId`, `propertyValue`)
VALUES (1966493715, 8, 100668183)
     , (1966493715, 1, 33557661)
     , (1966493715, 3, 536870946)
     , (1966493715, 2, 150994966)
     , (1966493715, 22, 872415275);

INSERT INTO `ace_object_properties_int` (`aceObjectId`, `intPropertyId`, `propertyValue`)
VALUES (1966493715, 1, 128)
     , (1966493715, 16, 32)
     , (1966493715, 93, 65560);

INSERT INTO `ace_object_properties_double` (`aceObjectId`, `dblPropertyId`, `propertyValue`)
VALUES (1966493715, 54, 0.5);

INSERT INTO `ace_object_properties_bool` (`aceObjectId`, `boolPropertyId`, `propertyValue`)
VALUES (1966493715, 12, True)
     , (1966493715, 11, True);

INSERT INTO `ace_object` (`aceObjectId`, `aceObjectDescriptionFlags`, `weenieClassId`, `weenieHeaderFlags`, `currentMotionState`, `physicsDescriptionFlag`)
VALUES (1966493723, 48, 15451, 4116, 'AAA9AAIAAAAMAAAA', 104451);

INSERT INTO `ace_position` (`aceObjectId`, `positionType`, `landblockRaw`, `posX`, `posY`, `posZ`, `qW`, `qX`, `qY`, `qZ`)
VALUES (1966493723, 1, 1399128336, 10, -35.245, -1.862645E-09, 1, 0, 0, 0);

INSERT INTO `ace_object_properties_string` (`aceObjectId`, `strPropertyId`, `propertyValue`)
VALUES (1966493723, 1, 'Door');

INSERT INTO `ace_object_properties_did` (`aceObjectId`, `didPropertyId`, `propertyValue`)
VALUES (1966493723, 8, 100668183)
     , (1966493723, 1, 33557661)
     , (1966493723, 3, 536870946)
     , (1966493723, 2, 150994966)
     , (1966493723, 22, 872415275);

INSERT INTO `ace_object_properties_int` (`aceObjectId`, `intPropertyId`, `propertyValue`)
VALUES (1966493723, 1, 128)
     , (1966493723, 16, 32)
     , (1966493723, 93, 65560);

INSERT INTO `ace_object_properties_double` (`aceObjectId`, `dblPropertyId`, `propertyValue`)
VALUES (1966493723, 54, 0.5);

INSERT INTO `ace_object_properties_bool` (`aceObjectId`, `boolPropertyId`, `propertyValue`)
VALUES (1966493723, 12, True)
     , (1966493723, 11, True);

INSERT INTO `ace_object` (`aceObjectId`, `aceObjectDescriptionFlags`, `weenieClassId`, `weenieHeaderFlags`, `currentMotionState`, `physicsDescriptionFlag`)
VALUES (1966493729, 48, 15451, 4116, 'AAA9AAIAAAAMAAAA', 104451);

INSERT INTO `ace_position` (`aceObjectId`, `positionType`, `landblockRaw`, `posX`, `posY`, `posZ`, `qW`, `qX`, `qY`, `qZ`)
VALUES (1966493729, 1, 1399128339, 20, -24.755, -1.862645E-09, -4.37114E-08, 0, 0, -1);

INSERT INTO `ace_object_properties_string` (`aceObjectId`, `strPropertyId`, `propertyValue`)
VALUES (1966493729, 1, 'Door');

INSERT INTO `ace_object_properties_did` (`aceObjectId`, `didPropertyId`, `propertyValue`)
VALUES (1966493729, 8, 100668183)
     , (1966493729, 1, 33557661)
     , (1966493729, 3, 536870946)
     , (1966493729, 2, 150994966)
     , (1966493729, 22, 872415275);

INSERT INTO `ace_object_properties_int` (`aceObjectId`, `intPropertyId`, `propertyValue`)
VALUES (1966493729, 1, 128)
     , (1966493729, 16, 32)
     , (1966493729, 93, 65560);

INSERT INTO `ace_object_properties_double` (`aceObjectId`, `dblPropertyId`, `propertyValue`)
VALUES (1966493729, 54, 0.5);

INSERT INTO `ace_object_properties_bool` (`aceObjectId`, `boolPropertyId`, `propertyValue`)
VALUES (1966493729, 12, True)
     , (1966493729, 11, True);

INSERT INTO `ace_object` (`aceObjectId`, `aceObjectDescriptionFlags`, `weenieClassId`, `weenieHeaderFlags`, `currentMotionState`, `physicsDescriptionFlag`)
VALUES (1966493737, 48, 15451, 4116, 'AAA9AAIAAAAMAAAA', 104451);

INSERT INTO `ace_position` (`aceObjectId`, `positionType`, `landblockRaw`, `posX`, `posY`, `posZ`, `qW`, `qX`, `qY`, `qZ`)
VALUES (1966493737, 1, 1399128345, 20, -35.245, -1.862645E-09, 1, 0, 0, 0);

INSERT INTO `ace_object_properties_string` (`aceObjectId`, `strPropertyId`, `propertyValue`)
VALUES (1966493737, 1, 'Door');

INSERT INTO `ace_object_properties_did` (`aceObjectId`, `didPropertyId`, `propertyValue`)
VALUES (1966493737, 8, 100668183)
     , (1966493737, 1, 33557661)
     , (1966493737, 3, 536870946)
     , (1966493737, 2, 150994966)
     , (1966493737, 22, 872415275);

INSERT INTO `ace_object_properties_int` (`aceObjectId`, `intPropertyId`, `propertyValue`)
VALUES (1966493737, 1, 128)
     , (1966493737, 16, 32)
     , (1966493737, 93, 65560);

INSERT INTO `ace_object_properties_double` (`aceObjectId`, `dblPropertyId`, `propertyValue`)
VALUES (1966493737, 54, 0.5);

INSERT INTO `ace_object_properties_bool` (`aceObjectId`, `boolPropertyId`, `propertyValue`)
VALUES (1966493737, 12, True)
     , (1966493737, 11, True);

INSERT INTO `ace_object` (`aceObjectId`, `aceObjectDescriptionFlags`, `weenieClassId`, `weenieHeaderFlags`, `currentMotionState`, `physicsDescriptionFlag`)
VALUES (1966493701, 48, 15451, 4116, 'AAA9AAIAAAAMAAAA', 104451);

INSERT INTO `ace_position` (`aceObjectId`, `positionType`, `landblockRaw`, `posX`, `posY`, `posZ`, `qW`, `qX`, `qY`, `qZ`)
VALUES (1966493701, 1, 1399128322, -4.15695E-07, -24.755, -1.862645E-09, -4.37114E-08, 0, 0, -1);

INSERT INTO `ace_object_properties_string` (`aceObjectId`, `strPropertyId`, `propertyValue`)
VALUES (1966493701, 1, 'Door');

INSERT INTO `ace_object_properties_did` (`aceObjectId`, `didPropertyId`, `propertyValue`)
VALUES (1966493701, 8, 100668183)
     , (1966493701, 1, 33557661)
     , (1966493701, 3, 536870946)
     , (1966493701, 2, 150994966)
     , (1966493701, 22, 872415275);

INSERT INTO `ace_object_properties_int` (`aceObjectId`, `intPropertyId`, `propertyValue`)
VALUES (1966493701, 1, 128)
     , (1966493701, 16, 32)
     , (1966493701, 93, 65560);

INSERT INTO `ace_object_properties_double` (`aceObjectId`, `dblPropertyId`, `propertyValue`)
VALUES (1966493701, 54, 0.5);

INSERT INTO `ace_object_properties_bool` (`aceObjectId`, `boolPropertyId`, `propertyValue`)
VALUES (1966493701, 12, True)
     , (1966493701, 11, True);

INSERT INTO `ace_object` (`aceObjectId`, `aceObjectDescriptionFlags`, `weenieClassId`, `weenieHeaderFlags`, `currentMotionState`, `physicsDescriptionFlag`)
VALUES (1966493709, 48, 15451, 4116, 'AAA9AAIAAAAMAAAA', 104451);

INSERT INTO `ace_position` (`aceObjectId`, `positionType`, `landblockRaw`, `posX`, `posY`, `posZ`, `qW`, `qX`, `qY`, `qZ`)
VALUES (1966493709, 1, 1399128327, 0, -35.245, -1.862645E-09, 1, 0, 0, 0);

INSERT INTO `ace_object_properties_string` (`aceObjectId`, `strPropertyId`, `propertyValue`)
VALUES (1966493709, 1, 'Door');

INSERT INTO `ace_object_properties_did` (`aceObjectId`, `didPropertyId`, `propertyValue`)
VALUES (1966493709, 8, 100668183)
     , (1966493709, 1, 33557661)
     , (1966493709, 3, 536870946)
     , (1966493709, 2, 150994966)
     , (1966493709, 22, 872415275);

INSERT INTO `ace_object_properties_int` (`aceObjectId`, `intPropertyId`, `propertyValue`)
VALUES (1966493709, 1, 128)
     , (1966493709, 16, 32)
     , (1966493709, 93, 65560);

INSERT INTO `ace_object_properties_double` (`aceObjectId`, `dblPropertyId`, `propertyValue`)
VALUES (1966493709, 54, 0.5);

INSERT INTO `ace_object_properties_bool` (`aceObjectId`, `boolPropertyId`, `propertyValue`)
VALUES (1966493709, 12, True)
     , (1966493709, 11, True);

INSERT INTO `ace_object` (`aceObjectId`, `aceObjectDescriptionFlags`, `weenieClassId`, `weenieHeaderFlags`, `currentMotionState`, `physicsDescriptionFlag`)
VALUES (1966481467, 48, 15451, 4116, 'AAA9AAIAAAAMAAAA', 104451);

INSERT INTO `ace_position` (`aceObjectId`, `positionType`, `landblockRaw`, `posX`, `posY`, `posZ`, `qW`, `qX`, `qY`, `qZ`)
VALUES (1966481467, 1, 1398931746, 24.755, -110, 1.862645E-09, 0.707107, 0, 0, -0.707107);

INSERT INTO `ace_object_properties_string` (`aceObjectId`, `strPropertyId`, `propertyValue`)
VALUES (1966481467, 1, 'Door');

INSERT INTO `ace_object_properties_did` (`aceObjectId`, `didPropertyId`, `propertyValue`)
VALUES (1966481467, 8, 100668183)
     , (1966481467, 1, 33557661)
     , (1966481467, 3, 536870946)
     , (1966481467, 2, 150994966)
     , (1966481467, 22, 872415275);

INSERT INTO `ace_object_properties_int` (`aceObjectId`, `intPropertyId`, `propertyValue`)
VALUES (1966481467, 1, 128)
     , (1966481467, 16, 32)
     , (1966481467, 93, 65560);

INSERT INTO `ace_object_properties_double` (`aceObjectId`, `dblPropertyId`, `propertyValue`)
VALUES (1966481467, 54, 0.5);

INSERT INTO `ace_object_properties_bool` (`aceObjectId`, `boolPropertyId`, `propertyValue`)
VALUES (1966481467, 12, True)
     , (1966481467, 11, True);

INSERT INTO `ace_object` (`aceObjectId`, `aceObjectDescriptionFlags`, `weenieClassId`, `weenieHeaderFlags`, `currentMotionState`, `physicsDescriptionFlag`)
VALUES (1966481498, 48, 15451, 4116, 'AAA9AAIAAAAMAAAA', 104451);

INSERT INTO `ace_position` (`aceObjectId`, `positionType`, `landblockRaw`, `posX`, `posY`, `posZ`, `qW`, `qX`, `qY`, `qZ`)
VALUES (1966481498, 1, 1398931807, 35.245, -110, 1.862645E-09, -0.707107, 0, 0, -0.707107);

INSERT INTO `ace_object_properties_string` (`aceObjectId`, `strPropertyId`, `propertyValue`)
VALUES (1966481498, 1, 'Door');

INSERT INTO `ace_object_properties_did` (`aceObjectId`, `didPropertyId`, `propertyValue`)
VALUES (1966481498, 8, 100668183)
     , (1966481498, 1, 33557661)
     , (1966481498, 3, 536870946)
     , (1966481498, 2, 150994966)
     , (1966481498, 22, 872415275);

INSERT INTO `ace_object_properties_int` (`aceObjectId`, `intPropertyId`, `propertyValue`)
VALUES (1966481498, 1, 128)
     , (1966481498, 16, 32)
     , (1966481498, 93, 65560);

INSERT INTO `ace_object_properties_double` (`aceObjectId`, `dblPropertyId`, `propertyValue`)
VALUES (1966481498, 54, 0.5);

INSERT INTO `ace_object_properties_bool` (`aceObjectId`, `boolPropertyId`, `propertyValue`)
VALUES (1966481498, 12, True)
     , (1966481498, 11, True);

INSERT INTO `ace_object` (`aceObjectId`, `aceObjectDescriptionFlags`, `weenieClassId`, `weenieHeaderFlags`, `currentMotionState`, `physicsDescriptionFlag`)
VALUES (1966481480, 48, 15451, 4116, 'AAA9AAIAAAAMAAAA', 104451);

INSERT INTO `ace_position` (`aceObjectId`, `positionType`, `landblockRaw`, `posX`, `posY`, `posZ`, `qW`, `qX`, `qY`, `qZ`)
VALUES (1966481480, 1, 1398931771, 30, -115.245, 1.862645E-09, 1, 0, 0, 0);

INSERT INTO `ace_object_properties_string` (`aceObjectId`, `strPropertyId`, `propertyValue`)
VALUES (1966481480, 1, 'Door');

INSERT INTO `ace_object_properties_did` (`aceObjectId`, `didPropertyId`, `propertyValue`)
VALUES (1966481480, 8, 100668183)
     , (1966481480, 1, 33557661)
     , (1966481480, 3, 536870946)
     , (1966481480, 2, 150994966)
     , (1966481480, 22, 872415275);

INSERT INTO `ace_object_properties_int` (`aceObjectId`, `intPropertyId`, `propertyValue`)
VALUES (1966481480, 1, 128)
     , (1966481480, 16, 32)
     , (1966481480, 93, 65560);

INSERT INTO `ace_object_properties_double` (`aceObjectId`, `dblPropertyId`, `propertyValue`)
VALUES (1966481480, 54, 0.5);

INSERT INTO `ace_object_properties_bool` (`aceObjectId`, `boolPropertyId`, `propertyValue`)
VALUES (1966481480, 12, True)
     , (1966481480, 11, True);

INSERT INTO `ace_object` (`aceObjectId`, `aceObjectDescriptionFlags`, `weenieClassId`, `weenieHeaderFlags`, `currentMotionState`, `physicsDescriptionFlag`)
VALUES (1966481492, 48, 15451, 4116, 'AAA9AAIAAAAMAAAA', 104451);

INSERT INTO `ace_position` (`aceObjectId`, `positionType`, `landblockRaw`, `posX`, `posY`, `posZ`, `qW`, `qX`, `qY`, `qZ`)
VALUES (1966481492, 1, 1398931804, 35.245, -100, 1.862645E-09, -0.707107, 0, 0, -0.707107);

INSERT INTO `ace_object_properties_string` (`aceObjectId`, `strPropertyId`, `propertyValue`)
VALUES (1966481492, 1, 'Door');

INSERT INTO `ace_object_properties_did` (`aceObjectId`, `didPropertyId`, `propertyValue`)
VALUES (1966481492, 8, 100668183)
     , (1966481492, 1, 33557661)
     , (1966481492, 3, 536870946)
     , (1966481492, 2, 150994966)
     , (1966481492, 22, 872415275);

INSERT INTO `ace_object_properties_int` (`aceObjectId`, `intPropertyId`, `propertyValue`)
VALUES (1966481492, 1, 128)
     , (1966481492, 16, 32)
     , (1966481492, 93, 65560);

INSERT INTO `ace_object_properties_double` (`aceObjectId`, `dblPropertyId`, `propertyValue`)
VALUES (1966481492, 54, 0.5);

INSERT INTO `ace_object_properties_bool` (`aceObjectId`, `boolPropertyId`, `propertyValue`)
VALUES (1966481492, 12, True)
     , (1966481492, 11, True);

INSERT INTO `ace_object` (`aceObjectId`, `aceObjectDescriptionFlags`, `weenieClassId`, `weenieHeaderFlags`, `currentMotionState`, `physicsDescriptionFlag`)
VALUES (1966481461, 48, 15451, 4116, 'AAA9AAIAAAAMAAAA', 104451);

INSERT INTO `ace_position` (`aceObjectId`, `positionType`, `landblockRaw`, `posX`, `posY`, `posZ`, `qW`, `qX`, `qY`, `qZ`)
VALUES (1966481461, 1, 1398931743, 24.755, -100, 1.862645E-09, 0.707107, 0, 0, -0.707107);

INSERT INTO `ace_object_properties_string` (`aceObjectId`, `strPropertyId`, `propertyValue`)
VALUES (1966481461, 1, 'Door');

INSERT INTO `ace_object_properties_did` (`aceObjectId`, `didPropertyId`, `propertyValue`)
VALUES (1966481461, 8, 100668183)
     , (1966481461, 1, 33557661)
     , (1966481461, 3, 536870946)
     , (1966481461, 2, 150994966)
     , (1966481461, 22, 872415275);

INSERT INTO `ace_object_properties_int` (`aceObjectId`, `intPropertyId`, `propertyValue`)
VALUES (1966481461, 1, 128)
     , (1966481461, 16, 32)
     , (1966481461, 93, 65560);

INSERT INTO `ace_object_properties_double` (`aceObjectId`, `dblPropertyId`, `propertyValue`)
VALUES (1966481461, 54, 0.5);

INSERT INTO `ace_object_properties_bool` (`aceObjectId`, `boolPropertyId`, `propertyValue`)
VALUES (1966481461, 12, True)
     , (1966481461, 11, True);

INSERT INTO `ace_object` (`aceObjectId`, `aceObjectDescriptionFlags`, `weenieClassId`, `weenieHeaderFlags`, `currentMotionState`, `physicsDescriptionFlag`)
VALUES (1966481486, 48, 15451, 4116, 'AAA9AAIAAAAMAAAA', 104451);

INSERT INTO `ace_position` (`aceObjectId`, `positionType`, `landblockRaw`, `posX`, `posY`, `posZ`, `qW`, `qX`, `qY`, `qZ`)
VALUES (1966481486, 1, 1398931801, 35.245, -90, 1.862645E-09, -0.707107, 0, 0, -0.707107);

INSERT INTO `ace_object_properties_string` (`aceObjectId`, `strPropertyId`, `propertyValue`)
VALUES (1966481486, 1, 'Door');

INSERT INTO `ace_object_properties_did` (`aceObjectId`, `didPropertyId`, `propertyValue`)
VALUES (1966481486, 8, 100668183)
     , (1966481486, 1, 33557661)
     , (1966481486, 3, 536870946)
     , (1966481486, 2, 150994966)
     , (1966481486, 22, 872415275);

INSERT INTO `ace_object_properties_int` (`aceObjectId`, `intPropertyId`, `propertyValue`)
VALUES (1966481486, 1, 128)
     , (1966481486, 16, 32)
     , (1966481486, 93, 65560);

INSERT INTO `ace_object_properties_double` (`aceObjectId`, `dblPropertyId`, `propertyValue`)
VALUES (1966481486, 54, 0.5);

INSERT INTO `ace_object_properties_bool` (`aceObjectId`, `boolPropertyId`, `propertyValue`)
VALUES (1966481486, 12, True)
     , (1966481486, 11, True);

INSERT INTO `ace_object` (`aceObjectId`, `aceObjectDescriptionFlags`, `weenieClassId`, `weenieHeaderFlags`, `currentMotionState`, `physicsDescriptionFlag`)
VALUES (1966481455, 48, 15451, 4116, 'AAA9AAIAAAAMAAAA', 104451);

INSERT INTO `ace_position` (`aceObjectId`, `positionType`, `landblockRaw`, `posX`, `posY`, `posZ`, `qW`, `qX`, `qY`, `qZ`)
VALUES (1966481455, 1, 1398931740, 24.755, -90, 1.862645E-09, 0.707107, 0, 0, -0.707107);

INSERT INTO `ace_object_properties_string` (`aceObjectId`, `strPropertyId`, `propertyValue`)
VALUES (1966481455, 1, 'Door');

INSERT INTO `ace_object_properties_did` (`aceObjectId`, `didPropertyId`, `propertyValue`)
VALUES (1966481455, 8, 100668183)
     , (1966481455, 1, 33557661)
     , (1966481455, 3, 536870946)
     , (1966481455, 2, 150994966)
     , (1966481455, 22, 872415275);

INSERT INTO `ace_object_properties_int` (`aceObjectId`, `intPropertyId`, `propertyValue`)
VALUES (1966481455, 1, 128)
     , (1966481455, 16, 32)
     , (1966481455, 93, 65560);

INSERT INTO `ace_object_properties_double` (`aceObjectId`, `dblPropertyId`, `propertyValue`)
VALUES (1966481455, 54, 0.5);

INSERT INTO `ace_object_properties_bool` (`aceObjectId`, `boolPropertyId`, `propertyValue`)
VALUES (1966481455, 12, True)
     , (1966481455, 11, True);

INSERT INTO `ace_object` (`aceObjectId`, `aceObjectDescriptionFlags`, `weenieClassId`, `weenieHeaderFlags`, `currentMotionState`, `physicsDescriptionFlag`)
VALUES (1966473600, 48, 15451, 4116, 'AAA9AAIAAAAMAAAA', 104451);

INSERT INTO `ace_position` (`aceObjectId`, `positionType`, `landblockRaw`, `posX`, `posY`, `posZ`, `qW`, `qX`, `qY`, `qZ`)
VALUES (1966473600, 1, 1398801200, 20, -34.755, 6, -4.37114E-08, 0, 0, -1);

INSERT INTO `ace_object_properties_string` (`aceObjectId`, `strPropertyId`, `propertyValue`)
VALUES (1966473600, 1, 'Door');

INSERT INTO `ace_object_properties_did` (`aceObjectId`, `didPropertyId`, `propertyValue`)
VALUES (1966473600, 8, 100668183)
     , (1966473600, 1, 33557661)
     , (1966473600, 3, 536870946)
     , (1966473600, 2, 150994966)
     , (1966473600, 22, 872415275);

INSERT INTO `ace_object_properties_int` (`aceObjectId`, `intPropertyId`, `propertyValue`)
VALUES (1966473600, 1, 128)
     , (1966473600, 16, 32)
     , (1966473600, 93, 65560);

INSERT INTO `ace_object_properties_double` (`aceObjectId`, `dblPropertyId`, `propertyValue`)
VALUES (1966473600, 54, 0.5);

INSERT INTO `ace_object_properties_bool` (`aceObjectId`, `boolPropertyId`, `propertyValue`)
VALUES (1966473600, 12, True)
     , (1966473600, 11, True);

INSERT INTO `ace_object` (`aceObjectId`, `aceObjectDescriptionFlags`, `weenieClassId`, `weenieHeaderFlags`, `currentMotionState`, `physicsDescriptionFlag`)
VALUES (1966473586, 48, 15451, 4116, 'AAA9AAIAAAAMAAAA', 104451);

INSERT INTO `ace_position` (`aceObjectId`, `positionType`, `landblockRaw`, `posX`, `posY`, `posZ`, `qW`, `qX`, `qY`, `qZ`)
VALUES (1966473586, 1, 1398801191, 10, -34.755, 6, -4.37114E-08, 0, 0, -1);

INSERT INTO `ace_object_properties_string` (`aceObjectId`, `strPropertyId`, `propertyValue`)
VALUES (1966473586, 1, 'Door');

INSERT INTO `ace_object_properties_did` (`aceObjectId`, `didPropertyId`, `propertyValue`)
VALUES (1966473586, 8, 100668183)
     , (1966473586, 1, 33557661)
     , (1966473586, 3, 536870946)
     , (1966473586, 2, 150994966)
     , (1966473586, 22, 872415275);

INSERT INTO `ace_object_properties_int` (`aceObjectId`, `intPropertyId`, `propertyValue`)
VALUES (1966473586, 1, 128)
     , (1966473586, 16, 32)
     , (1966473586, 93, 65560);

INSERT INTO `ace_object_properties_double` (`aceObjectId`, `dblPropertyId`, `propertyValue`)
VALUES (1966473586, 54, 0.5);

INSERT INTO `ace_object_properties_bool` (`aceObjectId`, `boolPropertyId`, `propertyValue`)
VALUES (1966473586, 12, True)
     , (1966473586, 11, True);

INSERT INTO `ace_object` (`aceObjectId`, `aceObjectDescriptionFlags`, `weenieClassId`, `weenieHeaderFlags`, `currentMotionState`, `physicsDescriptionFlag`)
VALUES (1966473608, 48, 15451, 4116, 'AAA9AAIAAAAMAAAA', 104451);

INSERT INTO `ace_position` (`aceObjectId`, `positionType`, `landblockRaw`, `posX`, `posY`, `posZ`, `qW`, `qX`, `qY`, `qZ`)
VALUES (1966473608, 1, 1398801206, 20, -45.245, 6, 1, 0, 0, 0);

INSERT INTO `ace_object_properties_string` (`aceObjectId`, `strPropertyId`, `propertyValue`)
VALUES (1966473608, 1, 'Door');

INSERT INTO `ace_object_properties_did` (`aceObjectId`, `didPropertyId`, `propertyValue`)
VALUES (1966473608, 8, 100668183)
     , (1966473608, 1, 33557661)
     , (1966473608, 3, 536870946)
     , (1966473608, 2, 150994966)
     , (1966473608, 22, 872415275);

INSERT INTO `ace_object_properties_int` (`aceObjectId`, `intPropertyId`, `propertyValue`)
VALUES (1966473608, 1, 128)
     , (1966473608, 16, 32)
     , (1966473608, 93, 65560);

INSERT INTO `ace_object_properties_double` (`aceObjectId`, `dblPropertyId`, `propertyValue`)
VALUES (1966473608, 54, 0.5);

INSERT INTO `ace_object_properties_bool` (`aceObjectId`, `boolPropertyId`, `propertyValue`)
VALUES (1966473608, 12, True)
     , (1966473608, 11, True);

INSERT INTO `ace_object` (`aceObjectId`, `aceObjectDescriptionFlags`, `weenieClassId`, `weenieHeaderFlags`, `currentMotionState`, `physicsDescriptionFlag`)
VALUES (1966473594, 48, 15451, 4116, 'AAA9AAIAAAAMAAAA', 104451);

INSERT INTO `ace_position` (`aceObjectId`, `positionType`, `landblockRaw`, `posX`, `posY`, `posZ`, `qW`, `qX`, `qY`, `qZ`)
VALUES (1966473594, 1, 1398801197, 10, -45.245, 6, 1, 0, 0, 0);

INSERT INTO `ace_object_properties_string` (`aceObjectId`, `strPropertyId`, `propertyValue`)
VALUES (1966473594, 1, 'Door');

INSERT INTO `ace_object_properties_did` (`aceObjectId`, `didPropertyId`, `propertyValue`)
VALUES (1966473594, 8, 100668183)
     , (1966473594, 1, 33557661)
     , (1966473594, 3, 536870946)
     , (1966473594, 2, 150994966)
     , (1966473594, 22, 872415275);

INSERT INTO `ace_object_properties_int` (`aceObjectId`, `intPropertyId`, `propertyValue`)
VALUES (1966473594, 1, 128)
     , (1966473594, 16, 32)
     , (1966473594, 93, 65560);

INSERT INTO `ace_object_properties_double` (`aceObjectId`, `dblPropertyId`, `propertyValue`)
VALUES (1966473594, 54, 0.5);

INSERT INTO `ace_object_properties_bool` (`aceObjectId`, `boolPropertyId`, `propertyValue`)
VALUES (1966473594, 12, True)
     , (1966473594, 11, True);

INSERT INTO `ace_object` (`aceObjectId`, `aceObjectDescriptionFlags`, `weenieClassId`, `weenieHeaderFlags`, `currentMotionState`, `physicsDescriptionFlag`)
VALUES (1966473572, 48, 15451, 4116, 'AAA9AAIAAAAMAAAA', 104451);

INSERT INTO `ace_position` (`aceObjectId`, `positionType`, `landblockRaw`, `posX`, `posY`, `posZ`, `qW`, `qX`, `qY`, `qZ`)
VALUES (1966473572, 1, 1398801183, -4.15695E-07, -34.755, 6, -4.37114E-08, 0, 0, -1);

INSERT INTO `ace_object_properties_string` (`aceObjectId`, `strPropertyId`, `propertyValue`)
VALUES (1966473572, 1, 'Door');

INSERT INTO `ace_object_properties_did` (`aceObjectId`, `didPropertyId`, `propertyValue`)
VALUES (1966473572, 8, 100668183)
     , (1966473572, 1, 33557661)
     , (1966473572, 3, 536870946)
     , (1966473572, 2, 150994966)
     , (1966473572, 22, 872415275);

INSERT INTO `ace_object_properties_int` (`aceObjectId`, `intPropertyId`, `propertyValue`)
VALUES (1966473572, 1, 128)
     , (1966473572, 16, 32)
     , (1966473572, 93, 65560);

INSERT INTO `ace_object_properties_double` (`aceObjectId`, `dblPropertyId`, `propertyValue`)
VALUES (1966473572, 54, 0.5);

INSERT INTO `ace_object_properties_bool` (`aceObjectId`, `boolPropertyId`, `propertyValue`)
VALUES (1966473572, 12, True)
     , (1966473572, 11, True);

INSERT INTO `ace_object` (`aceObjectId`, `aceObjectDescriptionFlags`, `weenieClassId`, `weenieHeaderFlags`, `currentMotionState`, `physicsDescriptionFlag`)
VALUES (1966473580, 48, 15451, 4116, 'AAA9AAIAAAAMAAAA', 104451);

INSERT INTO `ace_position` (`aceObjectId`, `positionType`, `landblockRaw`, `posX`, `posY`, `posZ`, `qW`, `qX`, `qY`, `qZ`)
VALUES (1966473580, 1, 1398801188, 0, -45.245, 6, 1, 0, 0, 0);

INSERT INTO `ace_object_properties_string` (`aceObjectId`, `strPropertyId`, `propertyValue`)
VALUES (1966473580, 1, 'Door');

INSERT INTO `ace_object_properties_did` (`aceObjectId`, `didPropertyId`, `propertyValue`)
VALUES (1966473580, 8, 100668183)
     , (1966473580, 1, 33557661)
     , (1966473580, 3, 536870946)
     , (1966473580, 2, 150994966)
     , (1966473580, 22, 872415275);

INSERT INTO `ace_object_properties_int` (`aceObjectId`, `intPropertyId`, `propertyValue`)
VALUES (1966473580, 1, 128)
     , (1966473580, 16, 32)
     , (1966473580, 93, 65560);

INSERT INTO `ace_object_properties_double` (`aceObjectId`, `dblPropertyId`, `propertyValue`)
VALUES (1966473580, 54, 0.5);

INSERT INTO `ace_object_properties_bool` (`aceObjectId`, `boolPropertyId`, `propertyValue`)
VALUES (1966473580, 12, True)
     , (1966473580, 11, True);

INSERT INTO `ace_object` (`aceObjectId`, `aceObjectDescriptionFlags`, `weenieClassId`, `weenieHeaderFlags`, `currentMotionState`, `physicsDescriptionFlag`)
VALUES (1966501921, 48, 15451, 4116, 'AAA9AAIAAAAMAAAA', 104451);

INSERT INTO `ace_position` (`aceObjectId`, `positionType`, `landblockRaw`, `posX`, `posY`, `posZ`, `qW`, `qX`, `qY`, `qZ`)
VALUES (1966501921, 1, 1399259411, 20, -24.755, -3.72529E-09, -4.37114E-08, 0, 0, -1);

INSERT INTO `ace_object_properties_string` (`aceObjectId`, `strPropertyId`, `propertyValue`)
VALUES (1966501921, 1, 'Door');

INSERT INTO `ace_object_properties_did` (`aceObjectId`, `didPropertyId`, `propertyValue`)
VALUES (1966501921, 8, 100668183)
     , (1966501921, 1, 33557661)
     , (1966501921, 3, 536870946)
     , (1966501921, 2, 150994966)
     , (1966501921, 22, 872415275);

INSERT INTO `ace_object_properties_int` (`aceObjectId`, `intPropertyId`, `propertyValue`)
VALUES (1966501921, 1, 128)
     , (1966501921, 16, 32)
     , (1966501921, 93, 65560);

INSERT INTO `ace_object_properties_double` (`aceObjectId`, `dblPropertyId`, `propertyValue`)
VALUES (1966501921, 54, 0.5);

INSERT INTO `ace_object_properties_bool` (`aceObjectId`, `boolPropertyId`, `propertyValue`)
VALUES (1966501921, 12, True)
     , (1966501921, 11, True);

INSERT INTO `ace_object` (`aceObjectId`, `aceObjectDescriptionFlags`, `weenieClassId`, `weenieHeaderFlags`, `currentMotionState`, `physicsDescriptionFlag`)
VALUES (1966501929, 48, 15451, 4116, 'AAA9AAIAAAAMAAAA', 104451);

INSERT INTO `ace_position` (`aceObjectId`, `positionType`, `landblockRaw`, `posX`, `posY`, `posZ`, `qW`, `qX`, `qY`, `qZ`)
VALUES (1966501929, 1, 1399259417, 20, -35.245, -3.72529E-09, 1, 0, 0, 0);

INSERT INTO `ace_object_properties_string` (`aceObjectId`, `strPropertyId`, `propertyValue`)
VALUES (1966501929, 1, 'Door');

INSERT INTO `ace_object_properties_did` (`aceObjectId`, `didPropertyId`, `propertyValue`)
VALUES (1966501929, 8, 100668183)
     , (1966501929, 1, 33557661)
     , (1966501929, 3, 536870946)
     , (1966501929, 2, 150994966)
     , (1966501929, 22, 872415275);

INSERT INTO `ace_object_properties_int` (`aceObjectId`, `intPropertyId`, `propertyValue`)
VALUES (1966501929, 1, 128)
     , (1966501929, 16, 32)
     , (1966501929, 93, 65560);

INSERT INTO `ace_object_properties_double` (`aceObjectId`, `dblPropertyId`, `propertyValue`)
VALUES (1966501929, 54, 0.5);

INSERT INTO `ace_object_properties_bool` (`aceObjectId`, `boolPropertyId`, `propertyValue`)
VALUES (1966501929, 12, True)
     , (1966501929, 11, True);

INSERT INTO `ace_object` (`aceObjectId`, `aceObjectDescriptionFlags`, `weenieClassId`, `weenieHeaderFlags`, `currentMotionState`, `physicsDescriptionFlag`)
VALUES (1966501907, 48, 15451, 4116, 'AAA9AAIAAAAMAAAA', 104451);

INSERT INTO `ace_position` (`aceObjectId`, `positionType`, `landblockRaw`, `posX`, `posY`, `posZ`, `qW`, `qX`, `qY`, `qZ`)
VALUES (1966501907, 1, 1399259402, 10, -24.755, -3.72529E-09, -4.37114E-08, 0, 0, -1);

INSERT INTO `ace_object_properties_string` (`aceObjectId`, `strPropertyId`, `propertyValue`)
VALUES (1966501907, 1, 'Door');

INSERT INTO `ace_object_properties_did` (`aceObjectId`, `didPropertyId`, `propertyValue`)
VALUES (1966501907, 8, 100668183)
     , (1966501907, 1, 33557661)
     , (1966501907, 3, 536870946)
     , (1966501907, 2, 150994966)
     , (1966501907, 22, 872415275);

INSERT INTO `ace_object_properties_int` (`aceObjectId`, `intPropertyId`, `propertyValue`)
VALUES (1966501907, 1, 128)
     , (1966501907, 16, 32)
     , (1966501907, 93, 65560);

INSERT INTO `ace_object_properties_double` (`aceObjectId`, `dblPropertyId`, `propertyValue`)
VALUES (1966501907, 54, 0.5);

INSERT INTO `ace_object_properties_bool` (`aceObjectId`, `boolPropertyId`, `propertyValue`)
VALUES (1966501907, 12, True)
     , (1966501907, 11, True);

INSERT INTO `ace_object` (`aceObjectId`, `aceObjectDescriptionFlags`, `weenieClassId`, `weenieHeaderFlags`, `currentMotionState`, `physicsDescriptionFlag`)
VALUES (1966501915, 48, 15451, 4116, 'AAA9AAIAAAAMAAAA', 104451);

INSERT INTO `ace_position` (`aceObjectId`, `positionType`, `landblockRaw`, `posX`, `posY`, `posZ`, `qW`, `qX`, `qY`, `qZ`)
VALUES (1966501915, 1, 1399259408, 10, -35.245, -3.72529E-09, 1, 0, 0, 0);

INSERT INTO `ace_object_properties_string` (`aceObjectId`, `strPropertyId`, `propertyValue`)
VALUES (1966501915, 1, 'Door');

INSERT INTO `ace_object_properties_did` (`aceObjectId`, `didPropertyId`, `propertyValue`)
VALUES (1966501915, 8, 100668183)
     , (1966501915, 1, 33557661)
     , (1966501915, 3, 536870946)
     , (1966501915, 2, 150994966)
     , (1966501915, 22, 872415275);

INSERT INTO `ace_object_properties_int` (`aceObjectId`, `intPropertyId`, `propertyValue`)
VALUES (1966501915, 1, 128)
     , (1966501915, 16, 32)
     , (1966501915, 93, 65560);

INSERT INTO `ace_object_properties_double` (`aceObjectId`, `dblPropertyId`, `propertyValue`)
VALUES (1966501915, 54, 0.5);

INSERT INTO `ace_object_properties_bool` (`aceObjectId`, `boolPropertyId`, `propertyValue`)
VALUES (1966501915, 12, True)
     , (1966501915, 11, True);

INSERT INTO `ace_object` (`aceObjectId`, `aceObjectDescriptionFlags`, `weenieClassId`, `weenieHeaderFlags`, `currentMotionState`, `physicsDescriptionFlag`)
VALUES (1966501893, 48, 15451, 4116, 'AAA9AAIAAAAMAAAA', 104451);

INSERT INTO `ace_position` (`aceObjectId`, `positionType`, `landblockRaw`, `posX`, `posY`, `posZ`, `qW`, `qX`, `qY`, `qZ`)
VALUES (1966501893, 1, 1399259394, -4.15695E-07, -24.755, -3.72529E-09, -4.37114E-08, 0, 0, -1);

INSERT INTO `ace_object_properties_string` (`aceObjectId`, `strPropertyId`, `propertyValue`)
VALUES (1966501893, 1, 'Door');

INSERT INTO `ace_object_properties_did` (`aceObjectId`, `didPropertyId`, `propertyValue`)
VALUES (1966501893, 8, 100668183)
     , (1966501893, 1, 33557661)
     , (1966501893, 3, 536870946)
     , (1966501893, 2, 150994966)
     , (1966501893, 22, 872415275);

INSERT INTO `ace_object_properties_int` (`aceObjectId`, `intPropertyId`, `propertyValue`)
VALUES (1966501893, 1, 128)
     , (1966501893, 16, 32)
     , (1966501893, 93, 65560);

INSERT INTO `ace_object_properties_double` (`aceObjectId`, `dblPropertyId`, `propertyValue`)
VALUES (1966501893, 54, 0.5);

INSERT INTO `ace_object_properties_bool` (`aceObjectId`, `boolPropertyId`, `propertyValue`)
VALUES (1966501893, 12, True)
     , (1966501893, 11, True);

INSERT INTO `ace_object` (`aceObjectId`, `aceObjectDescriptionFlags`, `weenieClassId`, `weenieHeaderFlags`, `currentMotionState`, `physicsDescriptionFlag`)
VALUES (1966501901, 48, 15451, 4116, 'AAA9AAIAAAAMAAAA', 104451);

INSERT INTO `ace_position` (`aceObjectId`, `positionType`, `landblockRaw`, `posX`, `posY`, `posZ`, `qW`, `qX`, `qY`, `qZ`)
VALUES (1966501901, 1, 1399259399, 0, -35.245, -3.72529E-09, 1, 0, 0, 0);

INSERT INTO `ace_object_properties_string` (`aceObjectId`, `strPropertyId`, `propertyValue`)
VALUES (1966501901, 1, 'Door');

INSERT INTO `ace_object_properties_did` (`aceObjectId`, `didPropertyId`, `propertyValue`)
VALUES (1966501901, 8, 100668183)
     , (1966501901, 1, 33557661)
     , (1966501901, 3, 536870946)
     , (1966501901, 2, 150994966)
     , (1966501901, 22, 872415275);

INSERT INTO `ace_object_properties_int` (`aceObjectId`, `intPropertyId`, `propertyValue`)
VALUES (1966501901, 1, 128)
     , (1966501901, 16, 32)
     , (1966501901, 93, 65560);

INSERT INTO `ace_object_properties_double` (`aceObjectId`, `dblPropertyId`, `propertyValue`)
VALUES (1966501901, 54, 0.5);

INSERT INTO `ace_object_properties_bool` (`aceObjectId`, `boolPropertyId`, `propertyValue`)
VALUES (1966501901, 12, True)
     , (1966501901, 11, True);

INSERT INTO `ace_object` (`aceObjectId`, `aceObjectDescriptionFlags`, `weenieClassId`, `weenieHeaderFlags`, `currentMotionState`, `physicsDescriptionFlag`)
VALUES (2032140393, 48, 15451, 4116, 'AAA9AAIAAAAMAAAA', 104451);

INSERT INTO `ace_position` (`aceObjectId`, `positionType`, `landblockRaw`, `posX`, `posY`, `posZ`, `qW`, `qX`, `qY`, `qZ`)
VALUES (2032140393, 1, 2449474108, 154.755, -120, -1.862645E-09, 0.707107, 0, 0, -0.707107);

INSERT INTO `ace_object_properties_string` (`aceObjectId`, `strPropertyId`, `propertyValue`)
VALUES (2032140393, 1, 'Door');

INSERT INTO `ace_object_properties_did` (`aceObjectId`, `didPropertyId`, `propertyValue`)
VALUES (2032140393, 8, 100668183)
     , (2032140393, 1, 33557661)
     , (2032140393, 3, 536870946)
     , (2032140393, 2, 150994966)
     , (2032140393, 22, 872415275);

INSERT INTO `ace_object_properties_int` (`aceObjectId`, `intPropertyId`, `propertyValue`)
VALUES (2032140393, 1, 128)
     , (2032140393, 16, 32)
     , (2032140393, 93, 65560);

INSERT INTO `ace_object_properties_double` (`aceObjectId`, `dblPropertyId`, `propertyValue`)
VALUES (2032140393, 54, 0.5);

INSERT INTO `ace_object_properties_bool` (`aceObjectId`, `boolPropertyId`, `propertyValue`)
VALUES (2032140393, 12, True)
     , (2032140393, 11, True);

INSERT INTO `ace_object` (`aceObjectId`, `aceObjectDescriptionFlags`, `weenieClassId`, `weenieHeaderFlags`, `currentMotionState`, `physicsDescriptionFlag`)
VALUES (2032140424, 48, 15451, 4116, 'AAA9AAIAAAAMAAAA', 104451);

INSERT INTO `ace_position` (`aceObjectId`, `positionType`, `landblockRaw`, `posX`, `posY`, `posZ`, `qW`, `qX`, `qY`, `qZ`)
VALUES (2032140424, 1, 2449474169, 165.245, -120, -1.862645E-09, -0.707107, 0, 0, -0.707107);

INSERT INTO `ace_object_properties_string` (`aceObjectId`, `strPropertyId`, `propertyValue`)
VALUES (2032140424, 1, 'Door');

INSERT INTO `ace_object_properties_did` (`aceObjectId`, `didPropertyId`, `propertyValue`)
VALUES (2032140424, 8, 100668183)
     , (2032140424, 1, 33557661)
     , (2032140424, 3, 536870946)
     , (2032140424, 2, 150994966)
     , (2032140424, 22, 872415275);

INSERT INTO `ace_object_properties_int` (`aceObjectId`, `intPropertyId`, `propertyValue`)
VALUES (2032140424, 1, 128)
     , (2032140424, 16, 32)
     , (2032140424, 93, 65560);

INSERT INTO `ace_object_properties_double` (`aceObjectId`, `dblPropertyId`, `propertyValue`)
VALUES (2032140424, 54, 0.5);

INSERT INTO `ace_object_properties_bool` (`aceObjectId`, `boolPropertyId`, `propertyValue`)
VALUES (2032140424, 12, True)
     , (2032140424, 11, True);

INSERT INTO `ace_object` (`aceObjectId`, `aceObjectDescriptionFlags`, `weenieClassId`, `weenieHeaderFlags`, `currentMotionState`, `physicsDescriptionFlag`)
VALUES (2032140399, 48, 15451, 4116, 'AAA9AAIAAAAMAAAA', 104451);

INSERT INTO `ace_position` (`aceObjectId`, `positionType`, `landblockRaw`, `posX`, `posY`, `posZ`, `qW`, `qX`, `qY`, `qZ`)
VALUES (2032140399, 1, 2449474138, 160, -94.755, -1.862645E-09, -4.37114E-08, 0, 0, -1);

INSERT INTO `ace_object_properties_string` (`aceObjectId`, `strPropertyId`, `propertyValue`)
VALUES (2032140399, 1, 'Door');

INSERT INTO `ace_object_properties_did` (`aceObjectId`, `didPropertyId`, `propertyValue`)
VALUES (2032140399, 8, 100668183)
     , (2032140399, 1, 33557661)
     , (2032140399, 3, 536870946)
     , (2032140399, 2, 150994966)
     , (2032140399, 22, 872415275);

INSERT INTO `ace_object_properties_int` (`aceObjectId`, `intPropertyId`, `propertyValue`)
VALUES (2032140399, 1, 128)
     , (2032140399, 16, 32)
     , (2032140399, 93, 65560);

INSERT INTO `ace_object_properties_double` (`aceObjectId`, `dblPropertyId`, `propertyValue`)
VALUES (2032140399, 54, 0.5);

INSERT INTO `ace_object_properties_bool` (`aceObjectId`, `boolPropertyId`, `propertyValue`)
VALUES (2032140399, 12, True)
     , (2032140399, 11, True);

INSERT INTO `ace_object` (`aceObjectId`, `aceObjectDescriptionFlags`, `weenieClassId`, `weenieHeaderFlags`, `currentMotionState`, `physicsDescriptionFlag`)
VALUES (2032140418, 48, 15451, 4116, 'AAA9AAIAAAAMAAAA', 104451);

INSERT INTO `ace_position` (`aceObjectId`, `positionType`, `landblockRaw`, `posX`, `posY`, `posZ`, `qW`, `qX`, `qY`, `qZ`)
VALUES (2032140418, 1, 2449474166, 165.245, -110, -1.862645E-09, -0.707107, 0, 0, -0.707107);

INSERT INTO `ace_object_properties_string` (`aceObjectId`, `strPropertyId`, `propertyValue`)
VALUES (2032140418, 1, 'Door');

INSERT INTO `ace_object_properties_did` (`aceObjectId`, `didPropertyId`, `propertyValue`)
VALUES (2032140418, 8, 100668183)
     , (2032140418, 1, 33557661)
     , (2032140418, 3, 536870946)
     , (2032140418, 2, 150994966)
     , (2032140418, 22, 872415275);

INSERT INTO `ace_object_properties_int` (`aceObjectId`, `intPropertyId`, `propertyValue`)
VALUES (2032140418, 1, 128)
     , (2032140418, 16, 32)
     , (2032140418, 93, 65560);

INSERT INTO `ace_object_properties_double` (`aceObjectId`, `dblPropertyId`, `propertyValue`)
VALUES (2032140418, 54, 0.5);

INSERT INTO `ace_object_properties_bool` (`aceObjectId`, `boolPropertyId`, `propertyValue`)
VALUES (2032140418, 12, True)
     , (2032140418, 11, True);

INSERT INTO `ace_object` (`aceObjectId`, `aceObjectDescriptionFlags`, `weenieClassId`, `weenieHeaderFlags`, `currentMotionState`, `physicsDescriptionFlag`)
VALUES (2032140387, 48, 15451, 4116, 'AAA9AAIAAAAMAAAA', 104451);

INSERT INTO `ace_position` (`aceObjectId`, `positionType`, `landblockRaw`, `posX`, `posY`, `posZ`, `qW`, `qX`, `qY`, `qZ`)
VALUES (2032140387, 1, 2449474105, 154.755, -110, -1.862645E-09, 0.707107, 0, 0, -0.707107);

INSERT INTO `ace_object_properties_string` (`aceObjectId`, `strPropertyId`, `propertyValue`)
VALUES (2032140387, 1, 'Door');

INSERT INTO `ace_object_properties_did` (`aceObjectId`, `didPropertyId`, `propertyValue`)
VALUES (2032140387, 8, 100668183)
     , (2032140387, 1, 33557661)
     , (2032140387, 3, 536870946)
     , (2032140387, 2, 150994966)
     , (2032140387, 22, 872415275);

INSERT INTO `ace_object_properties_int` (`aceObjectId`, `intPropertyId`, `propertyValue`)
VALUES (2032140387, 1, 128)
     , (2032140387, 16, 32)
     , (2032140387, 93, 65560);

INSERT INTO `ace_object_properties_double` (`aceObjectId`, `dblPropertyId`, `propertyValue`)
VALUES (2032140387, 54, 0.5);

INSERT INTO `ace_object_properties_bool` (`aceObjectId`, `boolPropertyId`, `propertyValue`)
VALUES (2032140387, 12, True)
     , (2032140387, 11, True);

INSERT INTO `ace_object` (`aceObjectId`, `aceObjectDescriptionFlags`, `weenieClassId`, `weenieHeaderFlags`, `currentMotionState`, `physicsDescriptionFlag`)
VALUES (2032140412, 48, 15451, 4116, 'AAA9AAIAAAAMAAAA', 104451);

INSERT INTO `ace_position` (`aceObjectId`, `positionType`, `landblockRaw`, `posX`, `posY`, `posZ`, `qW`, `qX`, `qY`, `qZ`)
VALUES (2032140412, 1, 2449474163, 165.245, -100, -1.862645E-09, -0.707107, 0, 0, -0.707107);

INSERT INTO `ace_object_properties_string` (`aceObjectId`, `strPropertyId`, `propertyValue`)
VALUES (2032140412, 1, 'Door');

INSERT INTO `ace_object_properties_did` (`aceObjectId`, `didPropertyId`, `propertyValue`)
VALUES (2032140412, 8, 100668183)
     , (2032140412, 1, 33557661)
     , (2032140412, 3, 536870946)
     , (2032140412, 2, 150994966)
     , (2032140412, 22, 872415275);

INSERT INTO `ace_object_properties_int` (`aceObjectId`, `intPropertyId`, `propertyValue`)
VALUES (2032140412, 1, 128)
     , (2032140412, 16, 32)
     , (2032140412, 93, 65560);

INSERT INTO `ace_object_properties_double` (`aceObjectId`, `dblPropertyId`, `propertyValue`)
VALUES (2032140412, 54, 0.5);

INSERT INTO `ace_object_properties_bool` (`aceObjectId`, `boolPropertyId`, `propertyValue`)
VALUES (2032140412, 12, True)
     , (2032140412, 11, True);

INSERT INTO `ace_object` (`aceObjectId`, `aceObjectDescriptionFlags`, `weenieClassId`, `weenieHeaderFlags`, `currentMotionState`, `physicsDescriptionFlag`)
VALUES (2032140381, 48, 15451, 4116, 'AAA9AAIAAAAMAAAA', 104451);

INSERT INTO `ace_position` (`aceObjectId`, `positionType`, `landblockRaw`, `posX`, `posY`, `posZ`, `qW`, `qX`, `qY`, `qZ`)
VALUES (2032140381, 1, 2449474102, 154.755, -100, -1.862645E-09, 0.707107, 0, 0, -0.707107);

INSERT INTO `ace_object_properties_string` (`aceObjectId`, `strPropertyId`, `propertyValue`)
VALUES (2032140381, 1, 'Door');

INSERT INTO `ace_object_properties_did` (`aceObjectId`, `didPropertyId`, `propertyValue`)
VALUES (2032140381, 8, 100668183)
     , (2032140381, 1, 33557661)
     , (2032140381, 3, 536870946)
     , (2032140381, 2, 150994966)
     , (2032140381, 22, 872415275);

INSERT INTO `ace_object_properties_int` (`aceObjectId`, `intPropertyId`, `propertyValue`)
VALUES (2032140381, 1, 128)
     , (2032140381, 16, 32)
     , (2032140381, 93, 65560);

INSERT INTO `ace_object_properties_double` (`aceObjectId`, `dblPropertyId`, `propertyValue`)
VALUES (2032140381, 54, 0.5);

INSERT INTO `ace_object_properties_bool` (`aceObjectId`, `boolPropertyId`, `propertyValue`)
VALUES (2032140381, 12, True)
     , (2032140381, 11, True);

INSERT INTO `ace_object` (`aceObjectId`, `aceObjectDescriptionFlags`, `weenieClassId`, `weenieHeaderFlags`, `currentMotionState`, `physicsDescriptionFlag`)
VALUES (1966506173, 48, 15451, 4116, 'AAA9AAIAAAAMAAAA', 104451);

INSERT INTO `ace_position` (`aceObjectId`, `positionType`, `landblockRaw`, `posX`, `posY`, `posZ`, `qW`, `qX`, `qY`, `qZ`)
VALUES (1966506173, 1, 1399325209, 100, -75.245, 1.862645E-09, 1, 0, 0, 0);

INSERT INTO `ace_object_properties_string` (`aceObjectId`, `strPropertyId`, `propertyValue`)
VALUES (1966506173, 1, 'Door');

INSERT INTO `ace_object_properties_did` (`aceObjectId`, `didPropertyId`, `propertyValue`)
VALUES (1966506173, 8, 100668183)
     , (1966506173, 1, 33557661)
     , (1966506173, 3, 536870946)
     , (1966506173, 2, 150994966)
     , (1966506173, 22, 872415275);

INSERT INTO `ace_object_properties_int` (`aceObjectId`, `intPropertyId`, `propertyValue`)
VALUES (1966506173, 1, 128)
     , (1966506173, 16, 32)
     , (1966506173, 93, 65560);

INSERT INTO `ace_object_properties_double` (`aceObjectId`, `dblPropertyId`, `propertyValue`)
VALUES (1966506173, 54, 0.5);

INSERT INTO `ace_object_properties_bool` (`aceObjectId`, `boolPropertyId`, `propertyValue`)
VALUES (1966506173, 12, True)
     , (1966506173, 11, True);

INSERT INTO `ace_object` (`aceObjectId`, `aceObjectDescriptionFlags`, `weenieClassId`, `weenieHeaderFlags`, `currentMotionState`, `physicsDescriptionFlag`)
VALUES (1966506165, 48, 15451, 4116, 'AAA9AAIAAAAMAAAA', 104451);

INSERT INTO `ace_position` (`aceObjectId`, `positionType`, `landblockRaw`, `posX`, `posY`, `posZ`, `qW`, `qX`, `qY`, `qZ`)
VALUES (1966506165, 1, 1399325204, 100, -64.755, 1.862645E-09, -4.37114E-08, 0, 0, -1);

INSERT INTO `ace_object_properties_string` (`aceObjectId`, `strPropertyId`, `propertyValue`)
VALUES (1966506165, 1, 'Door');

INSERT INTO `ace_object_properties_did` (`aceObjectId`, `didPropertyId`, `propertyValue`)
VALUES (1966506165, 8, 100668183)
     , (1966506165, 1, 33557661)
     , (1966506165, 3, 536870946)
     , (1966506165, 2, 150994966)
     , (1966506165, 22, 872415275);

INSERT INTO `ace_object_properties_int` (`aceObjectId`, `intPropertyId`, `propertyValue`)
VALUES (1966506165, 1, 128)
     , (1966506165, 16, 32)
     , (1966506165, 93, 65560);

INSERT INTO `ace_object_properties_double` (`aceObjectId`, `dblPropertyId`, `propertyValue`)
VALUES (1966506165, 54, 0.5);

INSERT INTO `ace_object_properties_bool` (`aceObjectId`, `boolPropertyId`, `propertyValue`)
VALUES (1966506165, 12, True)
     , (1966506165, 11, True);

INSERT INTO `ace_object` (`aceObjectId`, `aceObjectDescriptionFlags`, `weenieClassId`, `weenieHeaderFlags`, `currentMotionState`, `physicsDescriptionFlag`)
VALUES (1966506136, 48, 15451, 4116, 'AAA9AAIAAAAMAAAA', 104451);

INSERT INTO `ace_position` (`aceObjectId`, `positionType`, `landblockRaw`, `posX`, `posY`, `posZ`, `qW`, `qX`, `qY`, `qZ`)
VALUES (1966506136, 1, 1399325173, 90, -64.755, 1.862645E-09, -4.37114E-08, 0, 0, -1);

INSERT INTO `ace_object_properties_string` (`aceObjectId`, `strPropertyId`, `propertyValue`)
VALUES (1966506136, 1, 'Door');

INSERT INTO `ace_object_properties_did` (`aceObjectId`, `didPropertyId`, `propertyValue`)
VALUES (1966506136, 8, 100668183)
     , (1966506136, 1, 33557661)
     , (1966506136, 3, 536870946)
     , (1966506136, 2, 150994966)
     , (1966506136, 22, 872415275);

INSERT INTO `ace_object_properties_int` (`aceObjectId`, `intPropertyId`, `propertyValue`)
VALUES (1966506136, 1, 128)
     , (1966506136, 16, 32)
     , (1966506136, 93, 65560);

INSERT INTO `ace_object_properties_double` (`aceObjectId`, `dblPropertyId`, `propertyValue`)
VALUES (1966506136, 54, 0.5);

INSERT INTO `ace_object_properties_bool` (`aceObjectId`, `boolPropertyId`, `propertyValue`)
VALUES (1966506136, 12, True)
     , (1966506136, 11, True);

INSERT INTO `ace_object` (`aceObjectId`, `aceObjectDescriptionFlags`, `weenieClassId`, `weenieHeaderFlags`, `currentMotionState`, `physicsDescriptionFlag`)
VALUES (1966506144, 48, 15451, 4116, 'AAA9AAIAAAAMAAAA', 104451);

INSERT INTO `ace_position` (`aceObjectId`, `positionType`, `landblockRaw`, `posX`, `posY`, `posZ`, `qW`, `qX`, `qY`, `qZ`)
VALUES (1966506144, 1, 1399325179, 90, -75.245, 1.862645E-09, 1, 0, 0, 0);

INSERT INTO `ace_object_properties_string` (`aceObjectId`, `strPropertyId`, `propertyValue`)
VALUES (1966506144, 1, 'Door');

INSERT INTO `ace_object_properties_did` (`aceObjectId`, `didPropertyId`, `propertyValue`)
VALUES (1966506144, 8, 100668183)
     , (1966506144, 1, 33557661)
     , (1966506144, 3, 536870946)
     , (1966506144, 2, 150994966)
     , (1966506144, 22, 872415275);

INSERT INTO `ace_object_properties_int` (`aceObjectId`, `intPropertyId`, `propertyValue`)
VALUES (1966506144, 1, 128)
     , (1966506144, 16, 32)
     , (1966506144, 93, 65560);

INSERT INTO `ace_object_properties_double` (`aceObjectId`, `dblPropertyId`, `propertyValue`)
VALUES (1966506144, 54, 0.5);

INSERT INTO `ace_object_properties_bool` (`aceObjectId`, `boolPropertyId`, `propertyValue`)
VALUES (1966506144, 12, True)
     , (1966506144, 11, True);

INSERT INTO `ace_object` (`aceObjectId`, `aceObjectDescriptionFlags`, `weenieClassId`, `weenieHeaderFlags`, `currentMotionState`, `physicsDescriptionFlag`)
VALUES (1966506122, 48, 15451, 4116, 'AAA9AAIAAAAMAAAA', 104451);

INSERT INTO `ace_position` (`aceObjectId`, `positionType`, `landblockRaw`, `posX`, `posY`, `posZ`, `qW`, `qX`, `qY`, `qZ`)
VALUES (1966506122, 1, 1399325132, 80, -64.755, 1.862645E-09, -4.37114E-08, 0, 0, -1);

INSERT INTO `ace_object_properties_string` (`aceObjectId`, `strPropertyId`, `propertyValue`)
VALUES (1966506122, 1, 'Door');

INSERT INTO `ace_object_properties_did` (`aceObjectId`, `didPropertyId`, `propertyValue`)
VALUES (1966506122, 8, 100668183)
     , (1966506122, 1, 33557661)
     , (1966506122, 3, 536870946)
     , (1966506122, 2, 150994966)
     , (1966506122, 22, 872415275);

INSERT INTO `ace_object_properties_int` (`aceObjectId`, `intPropertyId`, `propertyValue`)
VALUES (1966506122, 1, 128)
     , (1966506122, 16, 32)
     , (1966506122, 93, 65560);

INSERT INTO `ace_object_properties_double` (`aceObjectId`, `dblPropertyId`, `propertyValue`)
VALUES (1966506122, 54, 0.5);

INSERT INTO `ace_object_properties_bool` (`aceObjectId`, `boolPropertyId`, `propertyValue`)
VALUES (1966506122, 12, True)
     , (1966506122, 11, True);

INSERT INTO `ace_object` (`aceObjectId`, `aceObjectDescriptionFlags`, `weenieClassId`, `weenieHeaderFlags`, `currentMotionState`, `physicsDescriptionFlag`)
VALUES (1966506130, 48, 15451, 4116, 'AAA9AAIAAAAMAAAA', 104451);

INSERT INTO `ace_position` (`aceObjectId`, `positionType`, `landblockRaw`, `posX`, `posY`, `posZ`, `qW`, `qX`, `qY`, `qZ`)
VALUES (1966506130, 1, 1399325138, 80, -75.245, 1.862645E-09, 1, 0, 0, 0);

INSERT INTO `ace_object_properties_string` (`aceObjectId`, `strPropertyId`, `propertyValue`)
VALUES (1966506130, 1, 'Door');

INSERT INTO `ace_object_properties_did` (`aceObjectId`, `didPropertyId`, `propertyValue`)
VALUES (1966506130, 8, 100668183)
     , (1966506130, 1, 33557661)
     , (1966506130, 3, 536870946)
     , (1966506130, 2, 150994966)
     , (1966506130, 22, 872415275);

INSERT INTO `ace_object_properties_int` (`aceObjectId`, `intPropertyId`, `propertyValue`)
VALUES (1966506130, 1, 128)
     , (1966506130, 16, 32)
     , (1966506130, 93, 65560);

INSERT INTO `ace_object_properties_double` (`aceObjectId`, `dblPropertyId`, `propertyValue`)
VALUES (1966506130, 54, 0.5);

INSERT INTO `ace_object_properties_bool` (`aceObjectId`, `boolPropertyId`, `propertyValue`)
VALUES (1966506130, 12, True)
     , (1966506130, 11, True);

INSERT INTO `ace_object` (`aceObjectId`, `aceObjectDescriptionFlags`, `weenieClassId`, `weenieHeaderFlags`, `currentMotionState`, `physicsDescriptionFlag`)
VALUES (1966506409, 48, 15451, 4116, 'AAA9AAIAAAAMAAAA', 104451);

INSERT INTO `ace_position` (`aceObjectId`, `positionType`, `landblockRaw`, `posX`, `posY`, `posZ`, `qW`, `qX`, `qY`, `qZ`)
VALUES (1966506409, 1, 1399325525, 44.755, -80, 6, 0.707107, 0, 0, -0.707107);

INSERT INTO `ace_object_properties_string` (`aceObjectId`, `strPropertyId`, `propertyValue`)
VALUES (1966506409, 1, 'Door');

INSERT INTO `ace_object_properties_did` (`aceObjectId`, `didPropertyId`, `propertyValue`)
VALUES (1966506409, 8, 100668183)
     , (1966506409, 1, 33557661)
     , (1966506409, 3, 536870946)
     , (1966506409, 2, 150994966)
     , (1966506409, 22, 872415275);

INSERT INTO `ace_object_properties_int` (`aceObjectId`, `intPropertyId`, `propertyValue`)
VALUES (1966506409, 1, 128)
     , (1966506409, 16, 32)
     , (1966506409, 93, 65560);

INSERT INTO `ace_object_properties_double` (`aceObjectId`, `dblPropertyId`, `propertyValue`)
VALUES (1966506409, 54, 0.5);

INSERT INTO `ace_object_properties_bool` (`aceObjectId`, `boolPropertyId`, `propertyValue`)
VALUES (1966506409, 12, True)
     , (1966506409, 11, True);

INSERT INTO `ace_object` (`aceObjectId`, `aceObjectDescriptionFlags`, `weenieClassId`, `weenieHeaderFlags`, `currentMotionState`, `physicsDescriptionFlag`)
VALUES (1966506475, 48, 15451, 4116, 'AAA9AAIAAAAMAAAA', 104451);

INSERT INTO `ace_position` (`aceObjectId`, `positionType`, `landblockRaw`, `posX`, `posY`, `posZ`, `qW`, `qX`, `qY`, `qZ`)
VALUES (1966506475, 1, 1399325595, 80, -44.755, 6, -4.37114E-08, 0, 0, -1);

INSERT INTO `ace_object_properties_string` (`aceObjectId`, `strPropertyId`, `propertyValue`)
VALUES (1966506475, 1, 'Door');

INSERT INTO `ace_object_properties_did` (`aceObjectId`, `didPropertyId`, `propertyValue`)
VALUES (1966506475, 8, 100668183)
     , (1966506475, 1, 33557661)
     , (1966506475, 3, 536870946)
     , (1966506475, 2, 150994966)
     , (1966506475, 22, 872415275);

INSERT INTO `ace_object_properties_int` (`aceObjectId`, `intPropertyId`, `propertyValue`)
VALUES (1966506475, 1, 128)
     , (1966506475, 16, 32)
     , (1966506475, 93, 65560);

INSERT INTO `ace_object_properties_double` (`aceObjectId`, `dblPropertyId`, `propertyValue`)
VALUES (1966506475, 54, 0.5);

INSERT INTO `ace_object_properties_bool` (`aceObjectId`, `boolPropertyId`, `propertyValue`)
VALUES (1966506475, 12, True)
     , (1966506475, 11, True);

INSERT INTO `ace_object` (`aceObjectId`, `aceObjectDescriptionFlags`, `weenieClassId`, `weenieHeaderFlags`, `currentMotionState`, `physicsDescriptionFlag`)
VALUES (1966510206, 48, 15451, 4116, 'AAA9AAIAAAAMAAAA', 104451);

INSERT INTO `ace_position` (`aceObjectId`, `positionType`, `landblockRaw`, `posX`, `posY`, `posZ`, `qW`, `qX`, `qY`, `qZ`)
VALUES (1966510206, 1, 1399390662, 75.245, -10, 0, -0.707107, 0, 0, -0.707107);

INSERT INTO `ace_object_properties_string` (`aceObjectId`, `strPropertyId`, `propertyValue`)
VALUES (1966510206, 1, 'Door');

INSERT INTO `ace_object_properties_did` (`aceObjectId`, `didPropertyId`, `propertyValue`)
VALUES (1966510206, 8, 100668183)
     , (1966510206, 1, 33557661)
     , (1966510206, 3, 536870946)
     , (1966510206, 2, 150994966)
     , (1966510206, 22, 872415275);

INSERT INTO `ace_object_properties_int` (`aceObjectId`, `intPropertyId`, `propertyValue`)
VALUES (1966510206, 1, 128)
     , (1966510206, 16, 32)
     , (1966510206, 93, 65560);

INSERT INTO `ace_object_properties_double` (`aceObjectId`, `dblPropertyId`, `propertyValue`)
VALUES (1966510206, 54, 0.5);

INSERT INTO `ace_object_properties_bool` (`aceObjectId`, `boolPropertyId`, `propertyValue`)
VALUES (1966510206, 12, True)
     , (1966510206, 11, True);

INSERT INTO `ace_object` (`aceObjectId`, `aceObjectDescriptionFlags`, `weenieClassId`, `weenieHeaderFlags`, `currentMotionState`, `physicsDescriptionFlag`)
VALUES (1966510182, 48, 15451, 4116, 'AAA9AAIAAAAMAAAA', 104451);

INSERT INTO `ace_position` (`aceObjectId`, `positionType`, `landblockRaw`, `posX`, `posY`, `posZ`, `qW`, `qX`, `qY`, `qZ`)
VALUES (1966510182, 1, 1399390594, 64.755, -10, 0, 0.707107, 0, 0, -0.707107);

INSERT INTO `ace_object_properties_string` (`aceObjectId`, `strPropertyId`, `propertyValue`)
VALUES (1966510182, 1, 'Door');

INSERT INTO `ace_object_properties_did` (`aceObjectId`, `didPropertyId`, `propertyValue`)
VALUES (1966510182, 8, 100668183)
     , (1966510182, 1, 33557661)
     , (1966510182, 3, 536870946)
     , (1966510182, 2, 150994966)
     , (1966510182, 22, 872415275);

INSERT INTO `ace_object_properties_int` (`aceObjectId`, `intPropertyId`, `propertyValue`)
VALUES (1966510182, 1, 128)
     , (1966510182, 16, 32)
     , (1966510182, 93, 65560);

INSERT INTO `ace_object_properties_double` (`aceObjectId`, `dblPropertyId`, `propertyValue`)
VALUES (1966510182, 54, 0.5);

INSERT INTO `ace_object_properties_bool` (`aceObjectId`, `boolPropertyId`, `propertyValue`)
VALUES (1966510182, 12, True)
     , (1966510182, 11, True);

INSERT INTO `ace_object` (`aceObjectId`, `aceObjectDescriptionFlags`, `weenieClassId`, `weenieHeaderFlags`, `currentMotionState`, `physicsDescriptionFlag`)
VALUES (1966510188, 48, 15451, 4116, 'AAA9AAIAAAAMAAAA', 104451);

INSERT INTO `ace_position` (`aceObjectId`, `positionType`, `landblockRaw`, `posX`, `posY`, `posZ`, `qW`, `qX`, `qY`, `qZ`)
VALUES (1966510188, 1, 1399390597, 64.755, -20, 0, 0.707107, 0, 0, -0.707107);

INSERT INTO `ace_object_properties_string` (`aceObjectId`, `strPropertyId`, `propertyValue`)
VALUES (1966510188, 1, 'Door');

INSERT INTO `ace_object_properties_did` (`aceObjectId`, `didPropertyId`, `propertyValue`)
VALUES (1966510188, 8, 100668183)
     , (1966510188, 1, 33557661)
     , (1966510188, 3, 536870946)
     , (1966510188, 2, 150994966)
     , (1966510188, 22, 872415275);

INSERT INTO `ace_object_properties_int` (`aceObjectId`, `intPropertyId`, `propertyValue`)
VALUES (1966510188, 1, 128)
     , (1966510188, 16, 32)
     , (1966510188, 93, 65560);

INSERT INTO `ace_object_properties_double` (`aceObjectId`, `dblPropertyId`, `propertyValue`)
VALUES (1966510188, 54, 0.5);

INSERT INTO `ace_object_properties_bool` (`aceObjectId`, `boolPropertyId`, `propertyValue`)
VALUES (1966510188, 12, True)
     , (1966510188, 11, True);

INSERT INTO `ace_object` (`aceObjectId`, `aceObjectDescriptionFlags`, `weenieClassId`, `weenieHeaderFlags`, `currentMotionState`, `physicsDescriptionFlag`)
VALUES (1966510212, 48, 15451, 4116, 'AAA9AAIAAAAMAAAA', 104451);

INSERT INTO `ace_position` (`aceObjectId`, `positionType`, `landblockRaw`, `posX`, `posY`, `posZ`, `qW`, `qX`, `qY`, `qZ`)
VALUES (1966510212, 1, 1399390665, 75.245, -20, 0, -0.707107, 0, 0, -0.707107);

INSERT INTO `ace_object_properties_string` (`aceObjectId`, `strPropertyId`, `propertyValue`)
VALUES (1966510212, 1, 'Door');

INSERT INTO `ace_object_properties_did` (`aceObjectId`, `didPropertyId`, `propertyValue`)
VALUES (1966510212, 8, 100668183)
     , (1966510212, 1, 33557661)
     , (1966510212, 3, 536870946)
     , (1966510212, 2, 150994966)
     , (1966510212, 22, 872415275);

INSERT INTO `ace_object_properties_int` (`aceObjectId`, `intPropertyId`, `propertyValue`)
VALUES (1966510212, 1, 128)
     , (1966510212, 16, 32)
     , (1966510212, 93, 65560);

INSERT INTO `ace_object_properties_double` (`aceObjectId`, `dblPropertyId`, `propertyValue`)
VALUES (1966510212, 54, 0.5);

INSERT INTO `ace_object_properties_bool` (`aceObjectId`, `boolPropertyId`, `propertyValue`)
VALUES (1966510212, 12, True)
     , (1966510212, 11, True);

INSERT INTO `ace_object` (`aceObjectId`, `aceObjectDescriptionFlags`, `weenieClassId`, `weenieHeaderFlags`, `currentMotionState`, `physicsDescriptionFlag`)
VALUES (1966510200, 48, 15451, 4116, 'AAA9AAIAAAAMAAAA', 104451);

INSERT INTO `ace_position` (`aceObjectId`, `positionType`, `landblockRaw`, `posX`, `posY`, `posZ`, `qW`, `qX`, `qY`, `qZ`)
VALUES (1966510200, 1, 1399390659, 75.245, 1.62757E-07, 0, -0.707107, 0, 0, -0.707107);

INSERT INTO `ace_object_properties_string` (`aceObjectId`, `strPropertyId`, `propertyValue`)
VALUES (1966510200, 1, 'Door');

INSERT INTO `ace_object_properties_did` (`aceObjectId`, `didPropertyId`, `propertyValue`)
VALUES (1966510200, 8, 100668183)
     , (1966510200, 1, 33557661)
     , (1966510200, 3, 536870946)
     , (1966510200, 2, 150994966)
     , (1966510200, 22, 872415275);

INSERT INTO `ace_object_properties_int` (`aceObjectId`, `intPropertyId`, `propertyValue`)
VALUES (1966510200, 1, 128)
     , (1966510200, 16, 32)
     , (1966510200, 93, 65560);

INSERT INTO `ace_object_properties_double` (`aceObjectId`, `dblPropertyId`, `propertyValue`)
VALUES (1966510200, 54, 0.5);

INSERT INTO `ace_object_properties_bool` (`aceObjectId`, `boolPropertyId`, `propertyValue`)
VALUES (1966510200, 12, True)
     , (1966510200, 11, True);

INSERT INTO `ace_object` (`aceObjectId`, `aceObjectDescriptionFlags`, `weenieClassId`, `weenieHeaderFlags`, `currentMotionState`, `physicsDescriptionFlag`)
VALUES (1966510176, 48, 15451, 4116, 'AAA9AAIAAAAMAAAA', 104451);

INSERT INTO `ace_position` (`aceObjectId`, `positionType`, `landblockRaw`, `posX`, `posY`, `posZ`, `qW`, `qX`, `qY`, `qZ`)
VALUES (1966510176, 1, 1399390591, 64.755, 1.62757E-07, 0, 0.707107, 0, 0, -0.707107);

INSERT INTO `ace_object_properties_string` (`aceObjectId`, `strPropertyId`, `propertyValue`)
VALUES (1966510176, 1, 'Door');

INSERT INTO `ace_object_properties_did` (`aceObjectId`, `didPropertyId`, `propertyValue`)
VALUES (1966510176, 8, 100668183)
     , (1966510176, 1, 33557661)
     , (1966510176, 3, 536870946)
     , (1966510176, 2, 150994966)
     , (1966510176, 22, 872415275);

INSERT INTO `ace_object_properties_int` (`aceObjectId`, `intPropertyId`, `propertyValue`)
VALUES (1966510176, 1, 128)
     , (1966510176, 16, 32)
     , (1966510176, 93, 65560);

INSERT INTO `ace_object_properties_double` (`aceObjectId`, `dblPropertyId`, `propertyValue`)
VALUES (1966510176, 54, 0.5);

INSERT INTO `ace_object_properties_bool` (`aceObjectId`, `boolPropertyId`, `propertyValue`)
VALUES (1966510176, 12, True)
     , (1966510176, 11, True);

INSERT INTO `ace_object` (`aceObjectId`, `aceObjectDescriptionFlags`, `weenieClassId`, `weenieHeaderFlags`, `currentMotionState`, `physicsDescriptionFlag`)
VALUES (2035286208, 48, 15451, 4116, 'AAA9AAIAAAAMAAAA', 104451);

INSERT INTO `ace_position` (`aceObjectId`, `positionType`, `landblockRaw`, `posX`, `posY`, `posZ`, `qW`, `qX`, `qY`, `qZ`)
VALUES (2035286208, 1, 2499805851, 0, -45.245, 6, 1, 0, 0, 0);

INSERT INTO `ace_object_properties_string` (`aceObjectId`, `strPropertyId`, `propertyValue`)
VALUES (2035286208, 1, 'Door');

INSERT INTO `ace_object_properties_did` (`aceObjectId`, `didPropertyId`, `propertyValue`)
VALUES (2035286208, 8, 100668183)
     , (2035286208, 1, 33557661)
     , (2035286208, 3, 536870946)
     , (2035286208, 2, 150994966)
     , (2035286208, 22, 872415275);

INSERT INTO `ace_object_properties_int` (`aceObjectId`, `intPropertyId`, `propertyValue`)
VALUES (2035286208, 1, 128)
     , (2035286208, 16, 32)
     , (2035286208, 93, 65560);

INSERT INTO `ace_object_properties_double` (`aceObjectId`, `dblPropertyId`, `propertyValue`)
VALUES (2035286208, 54, 0.5);

INSERT INTO `ace_object_properties_bool` (`aceObjectId`, `boolPropertyId`, `propertyValue`)
VALUES (2035286208, 12, True)
     , (2035286208, 11, True);

INSERT INTO `ace_object` (`aceObjectId`, `aceObjectDescriptionFlags`, `weenieClassId`, `weenieHeaderFlags`, `currentMotionState`, `physicsDescriptionFlag`)
VALUES (2035286200, 48, 15451, 4116, 'AAA9AAIAAAAMAAAA', 104451);

INSERT INTO `ace_position` (`aceObjectId`, `positionType`, `landblockRaw`, `posX`, `posY`, `posZ`, `qW`, `qX`, `qY`, `qZ`)
VALUES (2035286200, 1, 2499805846, -4.15695E-07, -34.755, 6, -4.37114E-08, 0, 0, -1);

INSERT INTO `ace_object_properties_string` (`aceObjectId`, `strPropertyId`, `propertyValue`)
VALUES (2035286200, 1, 'Door');

INSERT INTO `ace_object_properties_did` (`aceObjectId`, `didPropertyId`, `propertyValue`)
VALUES (2035286200, 8, 100668183)
     , (2035286200, 1, 33557661)
     , (2035286200, 3, 536870946)
     , (2035286200, 2, 150994966)
     , (2035286200, 22, 872415275);

INSERT INTO `ace_object_properties_int` (`aceObjectId`, `intPropertyId`, `propertyValue`)
VALUES (2035286200, 1, 128)
     , (2035286200, 16, 32)
     , (2035286200, 93, 65560);

INSERT INTO `ace_object_properties_double` (`aceObjectId`, `dblPropertyId`, `propertyValue`)
VALUES (2035286200, 54, 0.5);

INSERT INTO `ace_object_properties_bool` (`aceObjectId`, `boolPropertyId`, `propertyValue`)
VALUES (2035286200, 12, True)
     , (2035286200, 11, True);

INSERT INTO `ace_object` (`aceObjectId`, `aceObjectDescriptionFlags`, `weenieClassId`, `weenieHeaderFlags`, `currentMotionState`, `physicsDescriptionFlag`)
VALUES (2035286222, 48, 15451, 4116, 'AAA9AAIAAAAMAAAA', 104451);

INSERT INTO `ace_position` (`aceObjectId`, `positionType`, `landblockRaw`, `posX`, `posY`, `posZ`, `qW`, `qX`, `qY`, `qZ`)
VALUES (2035286222, 1, 2499805860, 10, -45.245, 6, 1, 0, 0, 0);

INSERT INTO `ace_object_properties_string` (`aceObjectId`, `strPropertyId`, `propertyValue`)
VALUES (2035286222, 1, 'Door');

INSERT INTO `ace_object_properties_did` (`aceObjectId`, `didPropertyId`, `propertyValue`)
VALUES (2035286222, 8, 100668183)
     , (2035286222, 1, 33557661)
     , (2035286222, 3, 536870946)
     , (2035286222, 2, 150994966)
     , (2035286222, 22, 872415275);

INSERT INTO `ace_object_properties_int` (`aceObjectId`, `intPropertyId`, `propertyValue`)
VALUES (2035286222, 1, 128)
     , (2035286222, 16, 32)
     , (2035286222, 93, 65560);

INSERT INTO `ace_object_properties_double` (`aceObjectId`, `dblPropertyId`, `propertyValue`)
VALUES (2035286222, 54, 0.5);

INSERT INTO `ace_object_properties_bool` (`aceObjectId`, `boolPropertyId`, `propertyValue`)
VALUES (2035286222, 12, True)
     , (2035286222, 11, True);

INSERT INTO `ace_object` (`aceObjectId`, `aceObjectDescriptionFlags`, `weenieClassId`, `weenieHeaderFlags`, `currentMotionState`, `physicsDescriptionFlag`)
VALUES (2035286214, 48, 15451, 4116, 'AAA9AAIAAAAMAAAA', 104451);

INSERT INTO `ace_position` (`aceObjectId`, `positionType`, `landblockRaw`, `posX`, `posY`, `posZ`, `qW`, `qX`, `qY`, `qZ`)
VALUES (2035286214, 1, 2499805854, 10, -34.755, 6, -4.37114E-08, 0, 0, -1);

INSERT INTO `ace_object_properties_string` (`aceObjectId`, `strPropertyId`, `propertyValue`)
VALUES (2035286214, 1, 'Door');

INSERT INTO `ace_object_properties_did` (`aceObjectId`, `didPropertyId`, `propertyValue`)
VALUES (2035286214, 8, 100668183)
     , (2035286214, 1, 33557661)
     , (2035286214, 3, 536870946)
     , (2035286214, 2, 150994966)
     , (2035286214, 22, 872415275);

INSERT INTO `ace_object_properties_int` (`aceObjectId`, `intPropertyId`, `propertyValue`)
VALUES (2035286214, 1, 128)
     , (2035286214, 16, 32)
     , (2035286214, 93, 65560);

INSERT INTO `ace_object_properties_double` (`aceObjectId`, `dblPropertyId`, `propertyValue`)
VALUES (2035286214, 54, 0.5);

INSERT INTO `ace_object_properties_bool` (`aceObjectId`, `boolPropertyId`, `propertyValue`)
VALUES (2035286214, 12, True)
     , (2035286214, 11, True);

INSERT INTO `ace_object` (`aceObjectId`, `aceObjectDescriptionFlags`, `weenieClassId`, `weenieHeaderFlags`, `currentMotionState`, `physicsDescriptionFlag`)
VALUES (2035286236, 48, 15451, 4116, 'AAA9AAIAAAAMAAAA', 104451);

INSERT INTO `ace_position` (`aceObjectId`, `positionType`, `landblockRaw`, `posX`, `posY`, `posZ`, `qW`, `qX`, `qY`, `qZ`)
VALUES (2035286236, 1, 2499805869, 20, -45.245, 6, 1, 0, 0, 0);

INSERT INTO `ace_object_properties_string` (`aceObjectId`, `strPropertyId`, `propertyValue`)
VALUES (2035286236, 1, 'Door');

INSERT INTO `ace_object_properties_did` (`aceObjectId`, `didPropertyId`, `propertyValue`)
VALUES (2035286236, 8, 100668183)
     , (2035286236, 1, 33557661)
     , (2035286236, 3, 536870946)
     , (2035286236, 2, 150994966)
     , (2035286236, 22, 872415275);

INSERT INTO `ace_object_properties_int` (`aceObjectId`, `intPropertyId`, `propertyValue`)
VALUES (2035286236, 1, 128)
     , (2035286236, 16, 32)
     , (2035286236, 93, 65560);

INSERT INTO `ace_object_properties_double` (`aceObjectId`, `dblPropertyId`, `propertyValue`)
VALUES (2035286236, 54, 0.5);

INSERT INTO `ace_object_properties_bool` (`aceObjectId`, `boolPropertyId`, `propertyValue`)
VALUES (2035286236, 12, True)
     , (2035286236, 11, True);

INSERT INTO `ace_object` (`aceObjectId`, `aceObjectDescriptionFlags`, `weenieClassId`, `weenieHeaderFlags`, `currentMotionState`, `physicsDescriptionFlag`)
VALUES (2035286228, 48, 15451, 4116, 'AAA9AAIAAAAMAAAA', 104451);

INSERT INTO `ace_position` (`aceObjectId`, `positionType`, `landblockRaw`, `posX`, `posY`, `posZ`, `qW`, `qX`, `qY`, `qZ`)
VALUES (2035286228, 1, 2499805863, 20, -34.755, 6, -4.37114E-08, 0, 0, -1);

INSERT INTO `ace_object_properties_string` (`aceObjectId`, `strPropertyId`, `propertyValue`)
VALUES (2035286228, 1, 'Door');

INSERT INTO `ace_object_properties_did` (`aceObjectId`, `didPropertyId`, `propertyValue`)
VALUES (2035286228, 8, 100668183)
     , (2035286228, 1, 33557661)
     , (2035286228, 3, 536870946)
     , (2035286228, 2, 150994966)
     , (2035286228, 22, 872415275);

INSERT INTO `ace_object_properties_int` (`aceObjectId`, `intPropertyId`, `propertyValue`)
VALUES (2035286228, 1, 128)
     , (2035286228, 16, 32)
     , (2035286228, 93, 65560);

INSERT INTO `ace_object_properties_double` (`aceObjectId`, `dblPropertyId`, `propertyValue`)
VALUES (2035286228, 54, 0.5);

INSERT INTO `ace_object_properties_bool` (`aceObjectId`, `boolPropertyId`, `propertyValue`)
VALUES (2035286228, 12, True)
     , (2035286228, 11, True);

INSERT INTO `ace_object` (`aceObjectId`, `aceObjectDescriptionFlags`, `weenieClassId`, `weenieHeaderFlags`, `currentMotionState`, `physicsDescriptionFlag`)
VALUES (2014314702, 48, 15451, 4116, 'AAA9AAIAAAAMAAAA', 104451);

INSERT INTO `ace_position` (`aceObjectId`, `positionType`, `landblockRaw`, `posX`, `posY`, `posZ`, `qW`, `qX`, `qY`, `qZ`)
VALUES (2014314702, 1, 2164261540, 10, -45.245, 6, 1, 0, 0, 0);

INSERT INTO `ace_object_properties_string` (`aceObjectId`, `strPropertyId`, `propertyValue`)
VALUES (2014314702, 1, 'Door');

INSERT INTO `ace_object_properties_did` (`aceObjectId`, `didPropertyId`, `propertyValue`)
VALUES (2014314702, 8, 100668183)
     , (2014314702, 1, 33557661)
     , (2014314702, 3, 536870946)
     , (2014314702, 2, 150994966)
     , (2014314702, 22, 872415275);

INSERT INTO `ace_object_properties_int` (`aceObjectId`, `intPropertyId`, `propertyValue`)
VALUES (2014314702, 1, 128)
     , (2014314702, 16, 32)
     , (2014314702, 93, 65560);

INSERT INTO `ace_object_properties_double` (`aceObjectId`, `dblPropertyId`, `propertyValue`)
VALUES (2014314702, 54, 0.5);

INSERT INTO `ace_object_properties_bool` (`aceObjectId`, `boolPropertyId`, `propertyValue`)
VALUES (2014314702, 12, True)
     , (2014314702, 11, True);

INSERT INTO `ace_object` (`aceObjectId`, `aceObjectDescriptionFlags`, `weenieClassId`, `weenieHeaderFlags`, `currentMotionState`, `physicsDescriptionFlag`)
VALUES (2014314716, 48, 15451, 4116, 'AAA9AAIAAAAMAAAA', 104451);

INSERT INTO `ace_position` (`aceObjectId`, `positionType`, `landblockRaw`, `posX`, `posY`, `posZ`, `qW`, `qX`, `qY`, `qZ`)
VALUES (2014314716, 1, 2164261549, 20, -45.245, 6, 1, 0, 0, 0);

INSERT INTO `ace_object_properties_string` (`aceObjectId`, `strPropertyId`, `propertyValue`)
VALUES (2014314716, 1, 'Door');

INSERT INTO `ace_object_properties_did` (`aceObjectId`, `didPropertyId`, `propertyValue`)
VALUES (2014314716, 8, 100668183)
     , (2014314716, 1, 33557661)
     , (2014314716, 3, 536870946)
     , (2014314716, 2, 150994966)
     , (2014314716, 22, 872415275);

INSERT INTO `ace_object_properties_int` (`aceObjectId`, `intPropertyId`, `propertyValue`)
VALUES (2014314716, 1, 128)
     , (2014314716, 16, 32)
     , (2014314716, 93, 65560);

INSERT INTO `ace_object_properties_double` (`aceObjectId`, `dblPropertyId`, `propertyValue`)
VALUES (2014314716, 54, 0.5);

INSERT INTO `ace_object_properties_bool` (`aceObjectId`, `boolPropertyId`, `propertyValue`)
VALUES (2014314716, 12, True)
     , (2014314716, 11, True);

INSERT INTO `ace_object` (`aceObjectId`, `aceObjectDescriptionFlags`, `weenieClassId`, `weenieHeaderFlags`, `currentMotionState`, `physicsDescriptionFlag`)
VALUES (2014314694, 48, 15451, 4116, 'AAA9AAIAAAAMAAAA', 104451);

INSERT INTO `ace_position` (`aceObjectId`, `positionType`, `landblockRaw`, `posX`, `posY`, `posZ`, `qW`, `qX`, `qY`, `qZ`)
VALUES (2014314694, 1, 2164261534, 10, -34.755, 6, -4.37114E-08, 0, 0, -1);

INSERT INTO `ace_object_properties_string` (`aceObjectId`, `strPropertyId`, `propertyValue`)
VALUES (2014314694, 1, 'Door');

INSERT INTO `ace_object_properties_did` (`aceObjectId`, `didPropertyId`, `propertyValue`)
VALUES (2014314694, 8, 100668183)
     , (2014314694, 1, 33557661)
     , (2014314694, 3, 536870946)
     , (2014314694, 2, 150994966)
     , (2014314694, 22, 872415275);

INSERT INTO `ace_object_properties_int` (`aceObjectId`, `intPropertyId`, `propertyValue`)
VALUES (2014314694, 1, 128)
     , (2014314694, 16, 32)
     , (2014314694, 93, 65560);

INSERT INTO `ace_object_properties_double` (`aceObjectId`, `dblPropertyId`, `propertyValue`)
VALUES (2014314694, 54, 0.5);

INSERT INTO `ace_object_properties_bool` (`aceObjectId`, `boolPropertyId`, `propertyValue`)
VALUES (2014314694, 12, True)
     , (2014314694, 11, True);

INSERT INTO `ace_object` (`aceObjectId`, `aceObjectDescriptionFlags`, `weenieClassId`, `weenieHeaderFlags`, `currentMotionState`, `physicsDescriptionFlag`)
VALUES (2014314688, 48, 15451, 4116, 'AAA9AAIAAAAMAAAA', 104451);

INSERT INTO `ace_position` (`aceObjectId`, `positionType`, `landblockRaw`, `posX`, `posY`, `posZ`, `qW`, `qX`, `qY`, `qZ`)
VALUES (2014314688, 1, 2164261531, 0, -45.245, 6, 1, 0, 0, 0);

INSERT INTO `ace_object_properties_string` (`aceObjectId`, `strPropertyId`, `propertyValue`)
VALUES (2014314688, 1, 'Door');

INSERT INTO `ace_object_properties_did` (`aceObjectId`, `didPropertyId`, `propertyValue`)
VALUES (2014314688, 8, 100668183)
     , (2014314688, 1, 33557661)
     , (2014314688, 3, 536870946)
     , (2014314688, 2, 150994966)
     , (2014314688, 22, 872415275);

INSERT INTO `ace_object_properties_int` (`aceObjectId`, `intPropertyId`, `propertyValue`)
VALUES (2014314688, 1, 128)
     , (2014314688, 16, 32)
     , (2014314688, 93, 65560);

INSERT INTO `ace_object_properties_double` (`aceObjectId`, `dblPropertyId`, `propertyValue`)
VALUES (2014314688, 54, 0.5);

INSERT INTO `ace_object_properties_bool` (`aceObjectId`, `boolPropertyId`, `propertyValue`)
VALUES (2014314688, 12, True)
     , (2014314688, 11, True);

INSERT INTO `ace_object` (`aceObjectId`, `aceObjectDescriptionFlags`, `weenieClassId`, `weenieHeaderFlags`, `currentMotionState`, `physicsDescriptionFlag`)
VALUES (2014314680, 48, 15451, 4116, 'AAA9AAIAAAAMAAAA', 104451);

INSERT INTO `ace_position` (`aceObjectId`, `positionType`, `landblockRaw`, `posX`, `posY`, `posZ`, `qW`, `qX`, `qY`, `qZ`)
VALUES (2014314680, 1, 2164261526, -4.15695E-07, -34.755, 6, -4.37114E-08, 0, 0, -1);

INSERT INTO `ace_object_properties_string` (`aceObjectId`, `strPropertyId`, `propertyValue`)
VALUES (2014314680, 1, 'Door');

INSERT INTO `ace_object_properties_did` (`aceObjectId`, `didPropertyId`, `propertyValue`)
VALUES (2014314680, 8, 100668183)
     , (2014314680, 1, 33557661)
     , (2014314680, 3, 536870946)
     , (2014314680, 2, 150994966)
     , (2014314680, 22, 872415275);

INSERT INTO `ace_object_properties_int` (`aceObjectId`, `intPropertyId`, `propertyValue`)
VALUES (2014314680, 1, 128)
     , (2014314680, 16, 32)
     , (2014314680, 93, 65560);

INSERT INTO `ace_object_properties_double` (`aceObjectId`, `dblPropertyId`, `propertyValue`)
VALUES (2014314680, 54, 0.5);

INSERT INTO `ace_object_properties_bool` (`aceObjectId`, `boolPropertyId`, `propertyValue`)
VALUES (2014314680, 12, True)
     , (2014314680, 11, True);

INSERT INTO `ace_object` (`aceObjectId`, `aceObjectDescriptionFlags`, `weenieClassId`, `weenieHeaderFlags`, `currentMotionState`, `physicsDescriptionFlag`)
VALUES (2014314708, 48, 15451, 4116, 'AAA9AAIAAAAMAAAA', 104451);

INSERT INTO `ace_position` (`aceObjectId`, `positionType`, `landblockRaw`, `posX`, `posY`, `posZ`, `qW`, `qX`, `qY`, `qZ`)
VALUES (2014314708, 1, 2164261543, 20, -34.755, 6, -4.37114E-08, 0, 0, -1);

INSERT INTO `ace_object_properties_string` (`aceObjectId`, `strPropertyId`, `propertyValue`)
VALUES (2014314708, 1, 'Door');

INSERT INTO `ace_object_properties_did` (`aceObjectId`, `didPropertyId`, `propertyValue`)
VALUES (2014314708, 8, 100668183)
     , (2014314708, 1, 33557661)
     , (2014314708, 3, 536870946)
     , (2014314708, 2, 150994966)
     , (2014314708, 22, 872415275);

INSERT INTO `ace_object_properties_int` (`aceObjectId`, `intPropertyId`, `propertyValue`)
VALUES (2014314708, 1, 128)
     , (2014314708, 16, 32)
     , (2014314708, 93, 65560);

INSERT INTO `ace_object_properties_double` (`aceObjectId`, `dblPropertyId`, `propertyValue`)
VALUES (2014314708, 54, 0.5);

INSERT INTO `ace_object_properties_bool` (`aceObjectId`, `boolPropertyId`, `propertyValue`)
VALUES (2014314708, 12, True)
     , (2014314708, 11, True);

INSERT INTO `ace_object` (`aceObjectId`, `aceObjectDescriptionFlags`, `weenieClassId`, `weenieHeaderFlags`, `currentMotionState`, `physicsDescriptionFlag`)
VALUES (2039480462, 48, 15451, 4116, 'AAA9AAIAAAAMAAAA', 104451);

INSERT INTO `ace_position` (`aceObjectId`, `positionType`, `landblockRaw`, `posX`, `posY`, `posZ`, `qW`, `qX`, `qY`, `qZ`)
VALUES (2039480462, 1, 2566914684, 170, -174.755, 1.862645E-09, -4.37114E-08, 0, 0, -1);

INSERT INTO `ace_object_properties_string` (`aceObjectId`, `strPropertyId`, `propertyValue`)
VALUES (2039480462, 1, 'Door');

INSERT INTO `ace_object_properties_did` (`aceObjectId`, `didPropertyId`, `propertyValue`)
VALUES (2039480462, 8, 100668183)
     , (2039480462, 1, 33557661)
     , (2039480462, 3, 536870946)
     , (2039480462, 2, 150994966)
     , (2039480462, 22, 872415275);

INSERT INTO `ace_object_properties_int` (`aceObjectId`, `intPropertyId`, `propertyValue`)
VALUES (2039480462, 1, 128)
     , (2039480462, 16, 32)
     , (2039480462, 93, 65560);

INSERT INTO `ace_object_properties_double` (`aceObjectId`, `dblPropertyId`, `propertyValue`)
VALUES (2039480462, 54, 0.5);

INSERT INTO `ace_object_properties_bool` (`aceObjectId`, `boolPropertyId`, `propertyValue`)
VALUES (2039480462, 12, True)
     , (2039480462, 11, True);

INSERT INTO `ace_object` (`aceObjectId`, `aceObjectDescriptionFlags`, `weenieClassId`, `weenieHeaderFlags`, `currentMotionState`, `physicsDescriptionFlag`)
VALUES (2039480470, 48, 15451, 4116, 'AAA9AAIAAAAMAAAA', 104451);

INSERT INTO `ace_position` (`aceObjectId`, `positionType`, `landblockRaw`, `posX`, `posY`, `posZ`, `qW`, `qX`, `qY`, `qZ`)
VALUES (2039480470, 1, 2566914690, 170, -185.245, 1.862645E-09, 1, 0, 0, 0);

INSERT INTO `ace_object_properties_string` (`aceObjectId`, `strPropertyId`, `propertyValue`)
VALUES (2039480470, 1, 'Door');

INSERT INTO `ace_object_properties_did` (`aceObjectId`, `didPropertyId`, `propertyValue`)
VALUES (2039480470, 8, 100668183)
     , (2039480470, 1, 33557661)
     , (2039480470, 3, 536870946)
     , (2039480470, 2, 150994966)
     , (2039480470, 22, 872415275);

INSERT INTO `ace_object_properties_int` (`aceObjectId`, `intPropertyId`, `propertyValue`)
VALUES (2039480470, 1, 128)
     , (2039480470, 16, 32)
     , (2039480470, 93, 65560);

INSERT INTO `ace_object_properties_double` (`aceObjectId`, `dblPropertyId`, `propertyValue`)
VALUES (2039480470, 54, 0.5);

INSERT INTO `ace_object_properties_bool` (`aceObjectId`, `boolPropertyId`, `propertyValue`)
VALUES (2039480470, 12, True)
     , (2039480470, 11, True);

INSERT INTO `ace_object` (`aceObjectId`, `aceObjectDescriptionFlags`, `weenieClassId`, `weenieHeaderFlags`, `currentMotionState`, `physicsDescriptionFlag`)
VALUES (2039480484, 48, 15451, 4116, 'AAA9AAIAAAAMAAAA', 104451);

INSERT INTO `ace_position` (`aceObjectId`, `positionType`, `landblockRaw`, `posX`, `posY`, `posZ`, `qW`, `qX`, `qY`, `qZ`)
VALUES (2039480484, 1, 2566914699, 180, -185.245, 1.862645E-09, 1, 0, 0, 0);

INSERT INTO `ace_object_properties_string` (`aceObjectId`, `strPropertyId`, `propertyValue`)
VALUES (2039480484, 1, 'Door');

INSERT INTO `ace_object_properties_did` (`aceObjectId`, `didPropertyId`, `propertyValue`)
VALUES (2039480484, 8, 100668183)
     , (2039480484, 1, 33557661)
     , (2039480484, 3, 536870946)
     , (2039480484, 2, 150994966)
     , (2039480484, 22, 872415275);

INSERT INTO `ace_object_properties_int` (`aceObjectId`, `intPropertyId`, `propertyValue`)
VALUES (2039480484, 1, 128)
     , (2039480484, 16, 32)
     , (2039480484, 93, 65560);

INSERT INTO `ace_object_properties_double` (`aceObjectId`, `dblPropertyId`, `propertyValue`)
VALUES (2039480484, 54, 0.5);

INSERT INTO `ace_object_properties_bool` (`aceObjectId`, `boolPropertyId`, `propertyValue`)
VALUES (2039480484, 12, True)
     , (2039480484, 11, True);

INSERT INTO `ace_object` (`aceObjectId`, `aceObjectDescriptionFlags`, `weenieClassId`, `weenieHeaderFlags`, `currentMotionState`, `physicsDescriptionFlag`)
VALUES (2039480476, 48, 15451, 4116, 'AAA9AAIAAAAMAAAA', 104451);

INSERT INTO `ace_position` (`aceObjectId`, `positionType`, `landblockRaw`, `posX`, `posY`, `posZ`, `qW`, `qX`, `qY`, `qZ`)
VALUES (2039480476, 1, 2566914693, 180, -174.755, 1.862645E-09, -4.37114E-08, 0, 0, -1);

INSERT INTO `ace_object_properties_string` (`aceObjectId`, `strPropertyId`, `propertyValue`)
VALUES (2039480476, 1, 'Door');

INSERT INTO `ace_object_properties_did` (`aceObjectId`, `didPropertyId`, `propertyValue`)
VALUES (2039480476, 8, 100668183)
     , (2039480476, 1, 33557661)
     , (2039480476, 3, 536870946)
     , (2039480476, 2, 150994966)
     , (2039480476, 22, 872415275);

INSERT INTO `ace_object_properties_int` (`aceObjectId`, `intPropertyId`, `propertyValue`)
VALUES (2039480476, 1, 128)
     , (2039480476, 16, 32)
     , (2039480476, 93, 65560);

INSERT INTO `ace_object_properties_double` (`aceObjectId`, `dblPropertyId`, `propertyValue`)
VALUES (2039480476, 54, 0.5);

INSERT INTO `ace_object_properties_bool` (`aceObjectId`, `boolPropertyId`, `propertyValue`)
VALUES (2039480476, 12, True)
     , (2039480476, 11, True);

INSERT INTO `ace_object` (`aceObjectId`, `aceObjectDescriptionFlags`, `weenieClassId`, `weenieHeaderFlags`, `currentMotionState`, `physicsDescriptionFlag`)
VALUES (2039480498, 48, 15451, 4116, 'AAA9AAIAAAAMAAAA', 104451);

INSERT INTO `ace_position` (`aceObjectId`, `positionType`, `landblockRaw`, `posX`, `posY`, `posZ`, `qW`, `qX`, `qY`, `qZ`)
VALUES (2039480498, 1, 2566914707, 190, -185.245, 1.862645E-09, 1, 0, 0, 0);

INSERT INTO `ace_object_properties_string` (`aceObjectId`, `strPropertyId`, `propertyValue`)
VALUES (2039480498, 1, 'Door');

INSERT INTO `ace_object_properties_did` (`aceObjectId`, `didPropertyId`, `propertyValue`)
VALUES (2039480498, 8, 100668183)
     , (2039480498, 1, 33557661)
     , (2039480498, 3, 536870946)
     , (2039480498, 2, 150994966)
     , (2039480498, 22, 872415275);

INSERT INTO `ace_object_properties_int` (`aceObjectId`, `intPropertyId`, `propertyValue`)
VALUES (2039480498, 1, 128)
     , (2039480498, 16, 32)
     , (2039480498, 93, 65560);

INSERT INTO `ace_object_properties_double` (`aceObjectId`, `dblPropertyId`, `propertyValue`)
VALUES (2039480498, 54, 0.5);

INSERT INTO `ace_object_properties_bool` (`aceObjectId`, `boolPropertyId`, `propertyValue`)
VALUES (2039480498, 12, True)
     , (2039480498, 11, True);

INSERT INTO `ace_object` (`aceObjectId`, `aceObjectDescriptionFlags`, `weenieClassId`, `weenieHeaderFlags`, `currentMotionState`, `physicsDescriptionFlag`)
VALUES (2039480490, 48, 15451, 4116, 'AAA9AAIAAAAMAAAA', 104451);

INSERT INTO `ace_position` (`aceObjectId`, `positionType`, `landblockRaw`, `posX`, `posY`, `posZ`, `qW`, `qX`, `qY`, `qZ`)
VALUES (2039480490, 1, 2566914702, 190, -174.755, 1.862645E-09, -4.37114E-08, 0, 0, -1);

INSERT INTO `ace_object_properties_string` (`aceObjectId`, `strPropertyId`, `propertyValue`)
VALUES (2039480490, 1, 'Door');

INSERT INTO `ace_object_properties_did` (`aceObjectId`, `didPropertyId`, `propertyValue`)
VALUES (2039480490, 8, 100668183)
     , (2039480490, 1, 33557661)
     , (2039480490, 3, 536870946)
     , (2039480490, 2, 150994966)
     , (2039480490, 22, 872415275);

INSERT INTO `ace_object_properties_int` (`aceObjectId`, `intPropertyId`, `propertyValue`)
VALUES (2039480490, 1, 128)
     , (2039480490, 16, 32)
     , (2039480490, 93, 65560);

INSERT INTO `ace_object_properties_double` (`aceObjectId`, `dblPropertyId`, `propertyValue`)
VALUES (2039480490, 54, 0.5);

INSERT INTO `ace_object_properties_bool` (`aceObjectId`, `boolPropertyId`, `propertyValue`)
VALUES (2039480490, 12, True)
     , (2039480490, 11, True);

INSERT INTO `ace_object` (`aceObjectId`, `aceObjectDescriptionFlags`, `weenieClassId`, `weenieHeaderFlags`, `currentMotionState`, `physicsDescriptionFlag`)
VALUES (2020606057, 48, 15451, 4116, 'AAA9AAIAAAAMAAAA', 104451);

INSERT INTO `ace_position` (`aceObjectId`, `positionType`, `landblockRaw`, `posX`, `posY`, `posZ`, `qW`, `qX`, `qY`, `qZ`)
VALUES (2020606057, 1, 2264924732, 154.755, -120, 1.862645E-09, 0.707107, 0, 0, -0.707107);

INSERT INTO `ace_object_properties_string` (`aceObjectId`, `strPropertyId`, `propertyValue`)
VALUES (2020606057, 1, 'Door');

INSERT INTO `ace_object_properties_did` (`aceObjectId`, `didPropertyId`, `propertyValue`)
VALUES (2020606057, 8, 100668183)
     , (2020606057, 1, 33557661)
     , (2020606057, 3, 536870946)
     , (2020606057, 2, 150994966)
     , (2020606057, 22, 872415275);

INSERT INTO `ace_object_properties_int` (`aceObjectId`, `intPropertyId`, `propertyValue`)
VALUES (2020606057, 1, 128)
     , (2020606057, 16, 32)
     , (2020606057, 93, 65560);

INSERT INTO `ace_object_properties_double` (`aceObjectId`, `dblPropertyId`, `propertyValue`)
VALUES (2020606057, 54, 0.5);

INSERT INTO `ace_object_properties_bool` (`aceObjectId`, `boolPropertyId`, `propertyValue`)
VALUES (2020606057, 12, True)
     , (2020606057, 11, True);

INSERT INTO `ace_object` (`aceObjectId`, `aceObjectDescriptionFlags`, `weenieClassId`, `weenieHeaderFlags`, `currentMotionState`, `physicsDescriptionFlag`)
VALUES (2020606088, 48, 15451, 4116, 'AAA9AAIAAAAMAAAA', 104451);

INSERT INTO `ace_position` (`aceObjectId`, `positionType`, `landblockRaw`, `posX`, `posY`, `posZ`, `qW`, `qX`, `qY`, `qZ`)
VALUES (2020606088, 1, 2264924793, 165.245, -120, 1.862645E-09, -0.707107, 0, 0, -0.707107);

INSERT INTO `ace_object_properties_string` (`aceObjectId`, `strPropertyId`, `propertyValue`)
VALUES (2020606088, 1, 'Door');

INSERT INTO `ace_object_properties_did` (`aceObjectId`, `didPropertyId`, `propertyValue`)
VALUES (2020606088, 8, 100668183)
     , (2020606088, 1, 33557661)
     , (2020606088, 3, 536870946)
     , (2020606088, 2, 150994966)
     , (2020606088, 22, 872415275);

INSERT INTO `ace_object_properties_int` (`aceObjectId`, `intPropertyId`, `propertyValue`)
VALUES (2020606088, 1, 128)
     , (2020606088, 16, 32)
     , (2020606088, 93, 65560);

INSERT INTO `ace_object_properties_double` (`aceObjectId`, `dblPropertyId`, `propertyValue`)
VALUES (2020606088, 54, 0.5);

INSERT INTO `ace_object_properties_bool` (`aceObjectId`, `boolPropertyId`, `propertyValue`)
VALUES (2020606088, 12, True)
     , (2020606088, 11, True);

INSERT INTO `ace_object` (`aceObjectId`, `aceObjectDescriptionFlags`, `weenieClassId`, `weenieHeaderFlags`, `currentMotionState`, `physicsDescriptionFlag`)
VALUES (2020606063, 48, 15451, 4116, 'AAA9AAIAAAAMAAAA', 104451);

INSERT INTO `ace_position` (`aceObjectId`, `positionType`, `landblockRaw`, `posX`, `posY`, `posZ`, `qW`, `qX`, `qY`, `qZ`)
VALUES (2020606063, 1, 2264924762, 160, -94.755, 1.862645E-09, -4.37114E-08, 0, 0, -1);

INSERT INTO `ace_object_properties_string` (`aceObjectId`, `strPropertyId`, `propertyValue`)
VALUES (2020606063, 1, 'Door');

INSERT INTO `ace_object_properties_did` (`aceObjectId`, `didPropertyId`, `propertyValue`)
VALUES (2020606063, 8, 100668183)
     , (2020606063, 1, 33557661)
     , (2020606063, 3, 536870946)
     , (2020606063, 2, 150994966)
     , (2020606063, 22, 872415275);

INSERT INTO `ace_object_properties_int` (`aceObjectId`, `intPropertyId`, `propertyValue`)
VALUES (2020606063, 1, 128)
     , (2020606063, 16, 32)
     , (2020606063, 93, 65560);

INSERT INTO `ace_object_properties_double` (`aceObjectId`, `dblPropertyId`, `propertyValue`)
VALUES (2020606063, 54, 0.5);

INSERT INTO `ace_object_properties_bool` (`aceObjectId`, `boolPropertyId`, `propertyValue`)
VALUES (2020606063, 12, True)
     , (2020606063, 11, True);

INSERT INTO `ace_object` (`aceObjectId`, `aceObjectDescriptionFlags`, `weenieClassId`, `weenieHeaderFlags`, `currentMotionState`, `physicsDescriptionFlag`)
VALUES (2020606082, 48, 15451, 4116, 'AAA9AAIAAAAMAAAA', 104451);

INSERT INTO `ace_position` (`aceObjectId`, `positionType`, `landblockRaw`, `posX`, `posY`, `posZ`, `qW`, `qX`, `qY`, `qZ`)
VALUES (2020606082, 1, 2264924790, 165.245, -110, 1.862645E-09, -0.707107, 0, 0, -0.707107);

INSERT INTO `ace_object_properties_string` (`aceObjectId`, `strPropertyId`, `propertyValue`)
VALUES (2020606082, 1, 'Door');

INSERT INTO `ace_object_properties_did` (`aceObjectId`, `didPropertyId`, `propertyValue`)
VALUES (2020606082, 8, 100668183)
     , (2020606082, 1, 33557661)
     , (2020606082, 3, 536870946)
     , (2020606082, 2, 150994966)
     , (2020606082, 22, 872415275);

INSERT INTO `ace_object_properties_int` (`aceObjectId`, `intPropertyId`, `propertyValue`)
VALUES (2020606082, 1, 128)
     , (2020606082, 16, 32)
     , (2020606082, 93, 65560);

INSERT INTO `ace_object_properties_double` (`aceObjectId`, `dblPropertyId`, `propertyValue`)
VALUES (2020606082, 54, 0.5);

INSERT INTO `ace_object_properties_bool` (`aceObjectId`, `boolPropertyId`, `propertyValue`)
VALUES (2020606082, 12, True)
     , (2020606082, 11, True);

INSERT INTO `ace_object` (`aceObjectId`, `aceObjectDescriptionFlags`, `weenieClassId`, `weenieHeaderFlags`, `currentMotionState`, `physicsDescriptionFlag`)
VALUES (2020606051, 48, 15451, 4116, 'AAA9AAIAAAAMAAAA', 104451);

INSERT INTO `ace_position` (`aceObjectId`, `positionType`, `landblockRaw`, `posX`, `posY`, `posZ`, `qW`, `qX`, `qY`, `qZ`)
VALUES (2020606051, 1, 2264924729, 154.755, -110, 1.862645E-09, 0.707107, 0, 0, -0.707107);

INSERT INTO `ace_object_properties_string` (`aceObjectId`, `strPropertyId`, `propertyValue`)
VALUES (2020606051, 1, 'Door');

INSERT INTO `ace_object_properties_did` (`aceObjectId`, `didPropertyId`, `propertyValue`)
VALUES (2020606051, 8, 100668183)
     , (2020606051, 1, 33557661)
     , (2020606051, 3, 536870946)
     , (2020606051, 2, 150994966)
     , (2020606051, 22, 872415275);

INSERT INTO `ace_object_properties_int` (`aceObjectId`, `intPropertyId`, `propertyValue`)
VALUES (2020606051, 1, 128)
     , (2020606051, 16, 32)
     , (2020606051, 93, 65560);

INSERT INTO `ace_object_properties_double` (`aceObjectId`, `dblPropertyId`, `propertyValue`)
VALUES (2020606051, 54, 0.5);

INSERT INTO `ace_object_properties_bool` (`aceObjectId`, `boolPropertyId`, `propertyValue`)
VALUES (2020606051, 12, True)
     , (2020606051, 11, True);

INSERT INTO `ace_object` (`aceObjectId`, `aceObjectDescriptionFlags`, `weenieClassId`, `weenieHeaderFlags`, `currentMotionState`, `physicsDescriptionFlag`)
VALUES (2020606076, 48, 15451, 4116, 'AAA9AAIAAAAMAAAA', 104451);

INSERT INTO `ace_position` (`aceObjectId`, `positionType`, `landblockRaw`, `posX`, `posY`, `posZ`, `qW`, `qX`, `qY`, `qZ`)
VALUES (2020606076, 1, 2264924787, 165.245, -100, 1.862645E-09, -0.707107, 0, 0, -0.707107);

INSERT INTO `ace_object_properties_string` (`aceObjectId`, `strPropertyId`, `propertyValue`)
VALUES (2020606076, 1, 'Door');

INSERT INTO `ace_object_properties_did` (`aceObjectId`, `didPropertyId`, `propertyValue`)
VALUES (2020606076, 8, 100668183)
     , (2020606076, 1, 33557661)
     , (2020606076, 3, 536870946)
     , (2020606076, 2, 150994966)
     , (2020606076, 22, 872415275);

INSERT INTO `ace_object_properties_int` (`aceObjectId`, `intPropertyId`, `propertyValue`)
VALUES (2020606076, 1, 128)
     , (2020606076, 16, 32)
     , (2020606076, 93, 65560);

INSERT INTO `ace_object_properties_double` (`aceObjectId`, `dblPropertyId`, `propertyValue`)
VALUES (2020606076, 54, 0.5);

INSERT INTO `ace_object_properties_bool` (`aceObjectId`, `boolPropertyId`, `propertyValue`)
VALUES (2020606076, 12, True)
     , (2020606076, 11, True);

INSERT INTO `ace_object` (`aceObjectId`, `aceObjectDescriptionFlags`, `weenieClassId`, `weenieHeaderFlags`, `currentMotionState`, `physicsDescriptionFlag`)
VALUES (2020606045, 48, 15451, 4116, 'AAA9AAIAAAAMAAAA', 104451);

INSERT INTO `ace_position` (`aceObjectId`, `positionType`, `landblockRaw`, `posX`, `posY`, `posZ`, `qW`, `qX`, `qY`, `qZ`)
VALUES (2020606045, 1, 2264924726, 154.755, -100, 1.862645E-09, 0.707107, 0, 0, -0.707107);

INSERT INTO `ace_object_properties_string` (`aceObjectId`, `strPropertyId`, `propertyValue`)
VALUES (2020606045, 1, 'Door');

INSERT INTO `ace_object_properties_did` (`aceObjectId`, `didPropertyId`, `propertyValue`)
VALUES (2020606045, 8, 100668183)
     , (2020606045, 1, 33557661)
     , (2020606045, 3, 536870946)
     , (2020606045, 2, 150994966)
     , (2020606045, 22, 872415275);

INSERT INTO `ace_object_properties_int` (`aceObjectId`, `intPropertyId`, `propertyValue`)
VALUES (2020606045, 1, 128)
     , (2020606045, 16, 32)
     , (2020606045, 93, 65560);

INSERT INTO `ace_object_properties_double` (`aceObjectId`, `dblPropertyId`, `propertyValue`)
VALUES (2020606045, 54, 0.5);

INSERT INTO `ace_object_properties_bool` (`aceObjectId`, `boolPropertyId`, `propertyValue`)
VALUES (2020606045, 12, True)
     , (2020606045, 11, True);

INSERT INTO `ace_object` (`aceObjectId`, `aceObjectDescriptionFlags`, `weenieClassId`, `weenieHeaderFlags`, `currentMotionState`, `physicsDescriptionFlag`)
VALUES (1966485563, 48, 15451, 4116, 'AAA9AAIAAAAMAAAA', 104451);

INSERT INTO `ace_position` (`aceObjectId`, `positionType`, `landblockRaw`, `posX`, `posY`, `posZ`, `qW`, `qX`, `qY`, `qZ`)
VALUES (1966485563, 1, 1398997282, 24.755, -110, -3.72529E-09, 0.707107, 0, 0, -0.707107);

INSERT INTO `ace_object_properties_string` (`aceObjectId`, `strPropertyId`, `propertyValue`)
VALUES (1966485563, 1, 'Door');

INSERT INTO `ace_object_properties_did` (`aceObjectId`, `didPropertyId`, `propertyValue`)
VALUES (1966485563, 8, 100668183)
     , (1966485563, 1, 33557661)
     , (1966485563, 3, 536870946)
     , (1966485563, 2, 150994966)
     , (1966485563, 22, 872415275);

INSERT INTO `ace_object_properties_int` (`aceObjectId`, `intPropertyId`, `propertyValue`)
VALUES (1966485563, 1, 128)
     , (1966485563, 16, 32)
     , (1966485563, 93, 65560);

INSERT INTO `ace_object_properties_double` (`aceObjectId`, `dblPropertyId`, `propertyValue`)
VALUES (1966485563, 54, 0.5);

INSERT INTO `ace_object_properties_bool` (`aceObjectId`, `boolPropertyId`, `propertyValue`)
VALUES (1966485563, 12, True)
     , (1966485563, 11, True);

INSERT INTO `ace_object` (`aceObjectId`, `aceObjectDescriptionFlags`, `weenieClassId`, `weenieHeaderFlags`, `currentMotionState`, `physicsDescriptionFlag`)
VALUES (1966485594, 48, 15451, 4116, 'AAA9AAIAAAAMAAAA', 104451);

INSERT INTO `ace_position` (`aceObjectId`, `positionType`, `landblockRaw`, `posX`, `posY`, `posZ`, `qW`, `qX`, `qY`, `qZ`)
VALUES (1966485594, 1, 1398997343, 35.245, -110, -3.72529E-09, -0.707107, 0, 0, -0.707107);

INSERT INTO `ace_object_properties_string` (`aceObjectId`, `strPropertyId`, `propertyValue`)
VALUES (1966485594, 1, 'Door');

INSERT INTO `ace_object_properties_did` (`aceObjectId`, `didPropertyId`, `propertyValue`)
VALUES (1966485594, 8, 100668183)
     , (1966485594, 1, 33557661)
     , (1966485594, 3, 536870946)
     , (1966485594, 2, 150994966)
     , (1966485594, 22, 872415275);

INSERT INTO `ace_object_properties_int` (`aceObjectId`, `intPropertyId`, `propertyValue`)
VALUES (1966485594, 1, 128)
     , (1966485594, 16, 32)
     , (1966485594, 93, 65560);

INSERT INTO `ace_object_properties_double` (`aceObjectId`, `dblPropertyId`, `propertyValue`)
VALUES (1966485594, 54, 0.5);

INSERT INTO `ace_object_properties_bool` (`aceObjectId`, `boolPropertyId`, `propertyValue`)
VALUES (1966485594, 12, True)
     , (1966485594, 11, True);

INSERT INTO `ace_object` (`aceObjectId`, `aceObjectDescriptionFlags`, `weenieClassId`, `weenieHeaderFlags`, `currentMotionState`, `physicsDescriptionFlag`)
VALUES (1966485576, 48, 15451, 4116, 'AAA9AAIAAAAMAAAA', 104451);

INSERT INTO `ace_position` (`aceObjectId`, `positionType`, `landblockRaw`, `posX`, `posY`, `posZ`, `qW`, `qX`, `qY`, `qZ`)
VALUES (1966485576, 1, 1398997307, 30, -115.245, -3.72529E-09, 1, 0, 0, 0);

INSERT INTO `ace_object_properties_string` (`aceObjectId`, `strPropertyId`, `propertyValue`)
VALUES (1966485576, 1, 'Door');

INSERT INTO `ace_object_properties_did` (`aceObjectId`, `didPropertyId`, `propertyValue`)
VALUES (1966485576, 8, 100668183)
     , (1966485576, 1, 33557661)
     , (1966485576, 3, 536870946)
     , (1966485576, 2, 150994966)
     , (1966485576, 22, 872415275);

INSERT INTO `ace_object_properties_int` (`aceObjectId`, `intPropertyId`, `propertyValue`)
VALUES (1966485576, 1, 128)
     , (1966485576, 16, 32)
     , (1966485576, 93, 65560);

INSERT INTO `ace_object_properties_double` (`aceObjectId`, `dblPropertyId`, `propertyValue`)
VALUES (1966485576, 54, 0.5);

INSERT INTO `ace_object_properties_bool` (`aceObjectId`, `boolPropertyId`, `propertyValue`)
VALUES (1966485576, 12, True)
     , (1966485576, 11, True);

INSERT INTO `ace_object` (`aceObjectId`, `aceObjectDescriptionFlags`, `weenieClassId`, `weenieHeaderFlags`, `currentMotionState`, `physicsDescriptionFlag`)
VALUES (1966485557, 48, 15451, 4116, 'AAA9AAIAAAAMAAAA', 104451);

INSERT INTO `ace_position` (`aceObjectId`, `positionType`, `landblockRaw`, `posX`, `posY`, `posZ`, `qW`, `qX`, `qY`, `qZ`)
VALUES (1966485557, 1, 1398997279, 24.755, -100, -3.72529E-09, 0.707107, 0, 0, -0.707107);

INSERT INTO `ace_object_properties_string` (`aceObjectId`, `strPropertyId`, `propertyValue`)
VALUES (1966485557, 1, 'Door');

INSERT INTO `ace_object_properties_did` (`aceObjectId`, `didPropertyId`, `propertyValue`)
VALUES (1966485557, 8, 100668183)
     , (1966485557, 1, 33557661)
     , (1966485557, 3, 536870946)
     , (1966485557, 2, 150994966)
     , (1966485557, 22, 872415275);

INSERT INTO `ace_object_properties_int` (`aceObjectId`, `intPropertyId`, `propertyValue`)
VALUES (1966485557, 1, 128)
     , (1966485557, 16, 32)
     , (1966485557, 93, 65560);

INSERT INTO `ace_object_properties_double` (`aceObjectId`, `dblPropertyId`, `propertyValue`)
VALUES (1966485557, 54, 0.5);

INSERT INTO `ace_object_properties_bool` (`aceObjectId`, `boolPropertyId`, `propertyValue`)
VALUES (1966485557, 12, True)
     , (1966485557, 11, True);

INSERT INTO `ace_object` (`aceObjectId`, `aceObjectDescriptionFlags`, `weenieClassId`, `weenieHeaderFlags`, `currentMotionState`, `physicsDescriptionFlag`)
VALUES (1966485588, 48, 15451, 4116, 'AAA9AAIAAAAMAAAA', 104451);

INSERT INTO `ace_position` (`aceObjectId`, `positionType`, `landblockRaw`, `posX`, `posY`, `posZ`, `qW`, `qX`, `qY`, `qZ`)
VALUES (1966485588, 1, 1398997340, 35.245, -100, -3.72529E-09, -0.707107, 0, 0, -0.707107);

INSERT INTO `ace_object_properties_string` (`aceObjectId`, `strPropertyId`, `propertyValue`)
VALUES (1966485588, 1, 'Door');

INSERT INTO `ace_object_properties_did` (`aceObjectId`, `didPropertyId`, `propertyValue`)
VALUES (1966485588, 8, 100668183)
     , (1966485588, 1, 33557661)
     , (1966485588, 3, 536870946)
     , (1966485588, 2, 150994966)
     , (1966485588, 22, 872415275);

INSERT INTO `ace_object_properties_int` (`aceObjectId`, `intPropertyId`, `propertyValue`)
VALUES (1966485588, 1, 128)
     , (1966485588, 16, 32)
     , (1966485588, 93, 65560);

INSERT INTO `ace_object_properties_double` (`aceObjectId`, `dblPropertyId`, `propertyValue`)
VALUES (1966485588, 54, 0.5);

INSERT INTO `ace_object_properties_bool` (`aceObjectId`, `boolPropertyId`, `propertyValue`)
VALUES (1966485588, 12, True)
     , (1966485588, 11, True);

INSERT INTO `ace_object` (`aceObjectId`, `aceObjectDescriptionFlags`, `weenieClassId`, `weenieHeaderFlags`, `currentMotionState`, `physicsDescriptionFlag`)
VALUES (1966485582, 48, 15451, 4116, 'AAA9AAIAAAAMAAAA', 104451);

INSERT INTO `ace_position` (`aceObjectId`, `positionType`, `landblockRaw`, `posX`, `posY`, `posZ`, `qW`, `qX`, `qY`, `qZ`)
VALUES (1966485582, 1, 1398997337, 35.245, -90, -3.72529E-09, -0.707107, 0, 0, -0.707107);

INSERT INTO `ace_object_properties_string` (`aceObjectId`, `strPropertyId`, `propertyValue`)
VALUES (1966485582, 1, 'Door');

INSERT INTO `ace_object_properties_did` (`aceObjectId`, `didPropertyId`, `propertyValue`)
VALUES (1966485582, 8, 100668183)
     , (1966485582, 1, 33557661)
     , (1966485582, 3, 536870946)
     , (1966485582, 2, 150994966)
     , (1966485582, 22, 872415275);

INSERT INTO `ace_object_properties_int` (`aceObjectId`, `intPropertyId`, `propertyValue`)
VALUES (1966485582, 1, 128)
     , (1966485582, 16, 32)
     , (1966485582, 93, 65560);

INSERT INTO `ace_object_properties_double` (`aceObjectId`, `dblPropertyId`, `propertyValue`)
VALUES (1966485582, 54, 0.5);

INSERT INTO `ace_object_properties_bool` (`aceObjectId`, `boolPropertyId`, `propertyValue`)
VALUES (1966485582, 12, True)
     , (1966485582, 11, True);

INSERT INTO `ace_object` (`aceObjectId`, `aceObjectDescriptionFlags`, `weenieClassId`, `weenieHeaderFlags`, `currentMotionState`, `physicsDescriptionFlag`)
VALUES (1966485551, 48, 15451, 4116, 'AAA9AAIAAAAMAAAA', 104451);

INSERT INTO `ace_position` (`aceObjectId`, `positionType`, `landblockRaw`, `posX`, `posY`, `posZ`, `qW`, `qX`, `qY`, `qZ`)
VALUES (1966485551, 1, 1398997276, 24.755, -90, -3.72529E-09, 0.707107, 0, 0, -0.707107);

INSERT INTO `ace_object_properties_string` (`aceObjectId`, `strPropertyId`, `propertyValue`)
VALUES (1966485551, 1, 'Door');

INSERT INTO `ace_object_properties_did` (`aceObjectId`, `didPropertyId`, `propertyValue`)
VALUES (1966485551, 8, 100668183)
     , (1966485551, 1, 33557661)
     , (1966485551, 3, 536870946)
     , (1966485551, 2, 150994966)
     , (1966485551, 22, 872415275);

INSERT INTO `ace_object_properties_int` (`aceObjectId`, `intPropertyId`, `propertyValue`)
VALUES (1966485551, 1, 128)
     , (1966485551, 16, 32)
     , (1966485551, 93, 65560);

INSERT INTO `ace_object_properties_double` (`aceObjectId`, `dblPropertyId`, `propertyValue`)
VALUES (1966485551, 54, 0.5);

INSERT INTO `ace_object_properties_bool` (`aceObjectId`, `boolPropertyId`, `propertyValue`)
VALUES (1966485551, 12, True)
     , (1966485551, 11, True);

