INSERT INTO `ace_object` (`aceObjectId`, `aceObjectDescriptionFlags`, `weenieClassId`, `weenieHeaderFlags`, `currentMotionState`, `physicsDescriptionFlag`)
VALUES (1924210736, 6291512, 174, 20, NULL, 169985);

INSERT INTO `ace_position` (`aceObjectId`, `positionType`, `landblockRaw`, `posX`, `posY`, `posZ`, `qW`, `qX`, `qY`, `qZ`)
VALUES (1924210736, 1, 722599954, 60.343, 35.335, 48, -0.0857437, 0, 0, -0.996317);

INSERT INTO `ace_object_properties_string` (`aceObjectId`, `strPropertyId`, `propertyValue`)
VALUES (1924210736, 1, 'Well');

INSERT INTO `ace_object_properties_did` (`aceObjectId`, `didPropertyId`, `propertyValue`)
VALUES (1924210736, 8, 100667466)
     , (1924210736, 1, 33554816)
     , (1924210736, 3, 536870932)
     , (1924210736, 22, 872415275)
     , (1924210736, 28, 1183);

INSERT INTO `ace_object_properties_int` (`aceObjectId`, `intPropertyId`, `propertyValue`)
VALUES (1924210736, 53, 101)
     , (1924210736, 1, 4194304)
     , (1924210736, 5, 6000)
     , (1924210736, 16, 48)
     , (1924210736, 19, 200)
     , (1924210736, 93, 1048);

INSERT INTO `ace_object_properties_double` (`aceObjectId`, `dblPropertyId`, `propertyValue`)
VALUES (1924210736, 54, 2);

INSERT INTO `ace_object_properties_bool` (`aceObjectId`, `boolPropertyId`, `propertyValue`)
VALUES (1924210736, 12, True)
     , (1924210736, 11, True)
     , (1924210736, 14, True);

INSERT INTO `ace_object` (`aceObjectId`, `aceObjectDescriptionFlags`, `weenieClassId`, `weenieHeaderFlags`, `currentMotionState`, `physicsDescriptionFlag`)
VALUES (1924210735, 6291512, 153, 20, NULL, 169985);

INSERT INTO `ace_position` (`aceObjectId`, `positionType`, `landblockRaw`, `posX`, `posY`, `posZ`, `qW`, `qX`, `qY`, `qZ`)
VALUES (1924210735, 1, 722599978, 129.309, 24.7879, 47.9925, 0.9936877, 0, 0, 0.112182);

INSERT INTO `ace_object_properties_string` (`aceObjectId`, `strPropertyId`, `propertyValue`)
VALUES (1924210735, 1, 'Fountain');

INSERT INTO `ace_object_properties_did` (`aceObjectId`, `didPropertyId`, `propertyValue`)
VALUES (1924210735, 8, 100668104)
     , (1924210735, 1, 33555071)
     , (1924210735, 3, 536870932)
     , (1924210735, 22, 872415275)
     , (1924210735, 28, 1183);

INSERT INTO `ace_object_properties_int` (`aceObjectId`, `intPropertyId`, `propertyValue`)
VALUES (1924210735, 53, 101)
     , (1924210735, 1, 4194304)
     , (1924210735, 5, 6000)
     , (1924210735, 16, 48)
     , (1924210735, 19, 200)
     , (1924210735, 93, 1048);

INSERT INTO `ace_object_properties_double` (`aceObjectId`, `dblPropertyId`, `propertyValue`)
VALUES (1924210735, 54, 2);

INSERT INTO `ace_object_properties_bool` (`aceObjectId`, `boolPropertyId`, `propertyValue`)
VALUES (1924210735, 12, True)
     , (1924210735, 11, True)
     , (1924210735, 14, True);

INSERT INTO `ace_object` (`aceObjectId`, `aceObjectDescriptionFlags`, `weenieClassId`, `weenieHeaderFlags`, `currentMotionState`, `physicsDescriptionFlag`)
VALUES (1933414404, 2097200, 8377, 20, NULL, 169985);

INSERT INTO `ace_position` (`aceObjectId`, `positionType`, `landblockRaw`, `posX`, `posY`, `posZ`, `qW`, `qX`, `qY`, `qZ`)
VALUES (1933414404, 1, 869859593, 88.255, 35.589, 52.915, 1, 0, 0, 0);

INSERT INTO `ace_object_properties_string` (`aceObjectId`, `strPropertyId`, `propertyValue`)
VALUES (1933414404, 1, 'Beer Keg');

INSERT INTO `ace_object_properties_did` (`aceObjectId`, `didPropertyId`, `propertyValue`)
VALUES (1933414404, 8, 100667431)
     , (1933414404, 1, 33556853)
     , (1933414404, 3, 536870932)
     , (1933414404, 22, 872415275);

INSERT INTO `ace_object_properties_int` (`aceObjectId`, `intPropertyId`, `propertyValue`)
VALUES (1933414404, 53, 101)
     , (1933414404, 1, 4194304)
     , (1933414404, 5, 1000)
     , (1933414404, 16, 48)
     , (1933414404, 93, 1048);

INSERT INTO `ace_object_properties_double` (`aceObjectId`, `dblPropertyId`, `propertyValue`)
VALUES (1933414404, 54, 2);

INSERT INTO `ace_object_properties_bool` (`aceObjectId`, `boolPropertyId`, `propertyValue`)
VALUES (1933414404, 12, True)
     , (1933414404, 11, True)
     , (1933414404, 14, True);

INSERT INTO `ace_object` (`aceObjectId`, `aceObjectDescriptionFlags`, `weenieClassId`, `weenieHeaderFlags`, `currentMotionState`, `physicsDescriptionFlag`)
VALUES (1933414403, 2097200, 8377, 20, NULL, 169985);

INSERT INTO `ace_position` (`aceObjectId`, `positionType`, `landblockRaw`, `posX`, `posY`, `posZ`, `qW`, `qX`, `qY`, `qZ`)
VALUES (1933414403, 1, 869859593, 90.011, 35.425, 52.915, 1, 0, 0, 0);

INSERT INTO `ace_object_properties_string` (`aceObjectId`, `strPropertyId`, `propertyValue`)
VALUES (1933414403, 1, 'Beer Keg');

INSERT INTO `ace_object_properties_did` (`aceObjectId`, `didPropertyId`, `propertyValue`)
VALUES (1933414403, 8, 100667431)
     , (1933414403, 1, 33556853)
     , (1933414403, 3, 536870932)
     , (1933414403, 22, 872415275);

INSERT INTO `ace_object_properties_int` (`aceObjectId`, `intPropertyId`, `propertyValue`)
VALUES (1933414403, 53, 101)
     , (1933414403, 1, 4194304)
     , (1933414403, 5, 1000)
     , (1933414403, 16, 48)
     , (1933414403, 93, 1048);

INSERT INTO `ace_object_properties_double` (`aceObjectId`, `dblPropertyId`, `propertyValue`)
VALUES (1933414403, 54, 2);

INSERT INTO `ace_object_properties_bool` (`aceObjectId`, `boolPropertyId`, `propertyValue`)
VALUES (1933414403, 12, True)
     , (1933414403, 11, True)
     , (1933414403, 14, True);

INSERT INTO `ace_object` (`aceObjectId`, `aceObjectDescriptionFlags`, `weenieClassId`, `weenieHeaderFlags`, `currentMotionState`, `physicsDescriptionFlag`)
VALUES (2048540721, 2097200, 8377, 20, NULL, 169985);

INSERT INTO `ace_position` (`aceObjectId`, `positionType`, `landblockRaw`, `posX`, `posY`, `posZ`, `qW`, `qX`, `qY`, `qZ`)
VALUES (2048540721, 1, 2711879987, 81.0869, 34.8212, 67, 1, 0, 0, 0);

INSERT INTO `ace_object_properties_string` (`aceObjectId`, `strPropertyId`, `propertyValue`)
VALUES (2048540721, 1, 'Beer Keg');

INSERT INTO `ace_object_properties_did` (`aceObjectId`, `didPropertyId`, `propertyValue`)
VALUES (2048540721, 8, 100667431)
     , (2048540721, 1, 33556853)
     , (2048540721, 3, 536870932)
     , (2048540721, 22, 872415275);

INSERT INTO `ace_object_properties_int` (`aceObjectId`, `intPropertyId`, `propertyValue`)
VALUES (2048540721, 53, 101)
     , (2048540721, 1, 4194304)
     , (2048540721, 5, 1000)
     , (2048540721, 16, 48)
     , (2048540721, 93, 1048);

INSERT INTO `ace_object_properties_double` (`aceObjectId`, `dblPropertyId`, `propertyValue`)
VALUES (2048540721, 54, 2);

INSERT INTO `ace_object_properties_bool` (`aceObjectId`, `boolPropertyId`, `propertyValue`)
VALUES (2048540721, 12, True)
     , (2048540721, 11, True)
     , (2048540721, 14, True);

INSERT INTO `ace_object` (`aceObjectId`, `aceObjectDescriptionFlags`, `weenieClassId`, `weenieHeaderFlags`, `currentMotionState`, `physicsDescriptionFlag`)
VALUES (1924206654, 2097200, 8377, 20, NULL, 169985);

INSERT INTO `ace_position` (`aceObjectId`, `positionType`, `landblockRaw`, `posX`, `posY`, `posZ`, `qW`, `qX`, `qY`, `qZ`)
VALUES (1924206654, 1, 722534674, 37.37, 155.581, 48.5, 0.7071068, 0, 0, -0.7071068);

INSERT INTO `ace_object_properties_string` (`aceObjectId`, `strPropertyId`, `propertyValue`)
VALUES (1924206654, 1, 'Beer Keg');

INSERT INTO `ace_object_properties_did` (`aceObjectId`, `didPropertyId`, `propertyValue`)
VALUES (1924206654, 8, 100667431)
     , (1924206654, 1, 33556853)
     , (1924206654, 3, 536870932)
     , (1924206654, 22, 872415275);

INSERT INTO `ace_object_properties_int` (`aceObjectId`, `intPropertyId`, `propertyValue`)
VALUES (1924206654, 53, 101)
     , (1924206654, 1, 4194304)
     , (1924206654, 5, 1000)
     , (1924206654, 16, 48)
     , (1924206654, 93, 1048);

INSERT INTO `ace_object_properties_double` (`aceObjectId`, `dblPropertyId`, `propertyValue`)
VALUES (1924206654, 54, 2);

INSERT INTO `ace_object_properties_bool` (`aceObjectId`, `boolPropertyId`, `propertyValue`)
VALUES (1924206654, 12, True)
     , (1924206654, 11, True)
     , (1924206654, 14, True);

INSERT INTO `ace_object` (`aceObjectId`, `aceObjectDescriptionFlags`, `weenieClassId`, `weenieHeaderFlags`, `currentMotionState`, `physicsDescriptionFlag`)
VALUES (1924206655, 2097200, 8377, 20, NULL, 169985);

INSERT INTO `ace_position` (`aceObjectId`, `positionType`, `landblockRaw`, `posX`, `posY`, `posZ`, `qW`, `qX`, `qY`, `qZ`)
VALUES (1924206655, 1, 722534674, 37.4016, 156.663, 48.5, 0.7071068, 0, 0, -0.7071068);

INSERT INTO `ace_object_properties_string` (`aceObjectId`, `strPropertyId`, `propertyValue`)
VALUES (1924206655, 1, 'Beer Keg');

INSERT INTO `ace_object_properties_did` (`aceObjectId`, `didPropertyId`, `propertyValue`)
VALUES (1924206655, 8, 100667431)
     , (1924206655, 1, 33556853)
     , (1924206655, 3, 536870932)
     , (1924206655, 22, 872415275);

INSERT INTO `ace_object_properties_int` (`aceObjectId`, `intPropertyId`, `propertyValue`)
VALUES (1924206655, 53, 101)
     , (1924206655, 1, 4194304)
     , (1924206655, 5, 1000)
     , (1924206655, 16, 48)
     , (1924206655, 93, 1048);

INSERT INTO `ace_object_properties_double` (`aceObjectId`, `dblPropertyId`, `propertyValue`)
VALUES (1924206655, 54, 2);

INSERT INTO `ace_object_properties_bool` (`aceObjectId`, `boolPropertyId`, `propertyValue`)
VALUES (1924206655, 12, True)
     , (1924206655, 11, True)
     , (1924206655, 14, True);

INSERT INTO `ace_object` (`aceObjectId`, `aceObjectDescriptionFlags`, `weenieClassId`, `weenieHeaderFlags`, `currentMotionState`, `physicsDescriptionFlag`)
VALUES (1924206643, 6291512, 153, 20, NULL, 169985);

INSERT INTO `ace_position` (`aceObjectId`, `positionType`, `landblockRaw`, `posX`, `posY`, `posZ`, `qW`, `qX`, `qY`, `qZ`)
VALUES (1924206643, 1, 722534447, 138.286, 147.611, 47.9925, -4.37114E-08, 0, 0, -1);

INSERT INTO `ace_object_properties_string` (`aceObjectId`, `strPropertyId`, `propertyValue`)
VALUES (1924206643, 1, 'Fountain');

INSERT INTO `ace_object_properties_did` (`aceObjectId`, `didPropertyId`, `propertyValue`)
VALUES (1924206643, 8, 100668104)
     , (1924206643, 1, 33555071)
     , (1924206643, 3, 536870932)
     , (1924206643, 22, 872415275)
     , (1924206643, 28, 1183);

INSERT INTO `ace_object_properties_int` (`aceObjectId`, `intPropertyId`, `propertyValue`)
VALUES (1924206643, 53, 101)
     , (1924206643, 1, 4194304)
     , (1924206643, 5, 6000)
     , (1924206643, 16, 48)
     , (1924206643, 19, 200)
     , (1924206643, 93, 1048);

INSERT INTO `ace_object_properties_double` (`aceObjectId`, `dblPropertyId`, `propertyValue`)
VALUES (1924206643, 54, 2);

INSERT INTO `ace_object_properties_bool` (`aceObjectId`, `boolPropertyId`, `propertyValue`)
VALUES (1924206643, 12, True)
     , (1924206643, 11, True)
     , (1924206643, 14, True);

INSERT INTO `ace_object` (`aceObjectId`, `aceObjectDescriptionFlags`, `weenieClassId`, `weenieHeaderFlags`, `currentMotionState`, `physicsDescriptionFlag`)
VALUES (1924206644, 6291512, 153, 20, NULL, 169985);

INSERT INTO `ace_position` (`aceObjectId`, `positionType`, `landblockRaw`, `posX`, `posY`, `posZ`, `qW`, `qX`, `qY`, `qZ`)
VALUES (1924206644, 1, 722534431, 74.5701, 153.748, 47.9925, -0.2490041, 0, 0, -0.9685024);

INSERT INTO `ace_object_properties_string` (`aceObjectId`, `strPropertyId`, `propertyValue`)
VALUES (1924206644, 1, 'Fountain');

INSERT INTO `ace_object_properties_did` (`aceObjectId`, `didPropertyId`, `propertyValue`)
VALUES (1924206644, 8, 100668104)
     , (1924206644, 1, 33555071)
     , (1924206644, 3, 536870932)
     , (1924206644, 22, 872415275)
     , (1924206644, 28, 1183);

INSERT INTO `ace_object_properties_int` (`aceObjectId`, `intPropertyId`, `propertyValue`)
VALUES (1924206644, 53, 101)
     , (1924206644, 1, 4194304)
     , (1924206644, 5, 6000)
     , (1924206644, 16, 48)
     , (1924206644, 19, 200)
     , (1924206644, 93, 1048);

INSERT INTO `ace_object_properties_double` (`aceObjectId`, `dblPropertyId`, `propertyValue`)
VALUES (1924206644, 54, 2);

INSERT INTO `ace_object_properties_bool` (`aceObjectId`, `boolPropertyId`, `propertyValue`)
VALUES (1924206644, 12, True)
     , (1924206644, 11, True)
     , (1924206644, 14, True);

INSERT INTO `ace_object` (`aceObjectId`, `aceObjectDescriptionFlags`, `weenieClassId`, `weenieHeaderFlags`, `currentMotionState`, `physicsDescriptionFlag`)
VALUES (2068246534, 6291512, 152, 20, NULL, 169985);

INSERT INTO `ace_position` (`aceObjectId`, `positionType`, `landblockRaw`, `posX`, `posY`, `posZ`, `qW`, `qX`, `qY`, `qZ`)
VALUES (2068246534, 1, 3027173431, 156.5, 155, 21.9925, 1, 0, 0, 0);

INSERT INTO `ace_object_properties_string` (`aceObjectId`, `strPropertyId`, `propertyValue`)
VALUES (2068246534, 1, 'Font');

INSERT INTO `ace_object_properties_did` (`aceObjectId`, `didPropertyId`, `propertyValue`)
VALUES (2068246534, 8, 100668104)
     , (2068246534, 1, 33554710)
     , (2068246534, 3, 536870932)
     , (2068246534, 22, 872415275)
     , (2068246534, 28, 1183);

INSERT INTO `ace_object_properties_int` (`aceObjectId`, `intPropertyId`, `propertyValue`)
VALUES (2068246534, 53, 101)
     , (2068246534, 1, 4194304)
     , (2068246534, 5, 6000)
     , (2068246534, 16, 48)
     , (2068246534, 19, 200)
     , (2068246534, 93, 1048);

INSERT INTO `ace_object_properties_double` (`aceObjectId`, `dblPropertyId`, `propertyValue`)
VALUES (2068246534, 54, 2);

INSERT INTO `ace_object_properties_bool` (`aceObjectId`, `boolPropertyId`, `propertyValue`)
VALUES (2068246534, 12, True)
     , (2068246534, 11, True)
     , (2068246534, 14, True);

INSERT INTO `ace_object` (`aceObjectId`, `aceObjectDescriptionFlags`, `weenieClassId`, `weenieHeaderFlags`, `currentMotionState`, `physicsDescriptionFlag`)
VALUES (2068250648, 2097200, 8377, 20, NULL, 169985);

INSERT INTO `ace_position` (`aceObjectId`, `positionType`, `landblockRaw`, `posX`, `posY`, `posZ`, `qW`, `qX`, `qY`, `qZ`)
VALUES (2068250648, 1, 3027239247, 134.734, 82.937, 42.31, -4.37114E-08, 0, 0, -1);

INSERT INTO `ace_object_properties_string` (`aceObjectId`, `strPropertyId`, `propertyValue`)
VALUES (2068250648, 1, 'Beer Keg');

INSERT INTO `ace_object_properties_did` (`aceObjectId`, `didPropertyId`, `propertyValue`)
VALUES (2068250648, 8, 100667431)
     , (2068250648, 1, 33556853)
     , (2068250648, 3, 536870932)
     , (2068250648, 22, 872415275);

INSERT INTO `ace_object_properties_int` (`aceObjectId`, `intPropertyId`, `propertyValue`)
VALUES (2068250648, 53, 101)
     , (2068250648, 1, 4194304)
     , (2068250648, 5, 1000)
     , (2068250648, 16, 48)
     , (2068250648, 93, 1048);

INSERT INTO `ace_object_properties_double` (`aceObjectId`, `dblPropertyId`, `propertyValue`)
VALUES (2068250648, 54, 2);

INSERT INTO `ace_object_properties_bool` (`aceObjectId`, `boolPropertyId`, `propertyValue`)
VALUES (2068250648, 12, True)
     , (2068250648, 11, True)
     , (2068250648, 14, True);

INSERT INTO `ace_object` (`aceObjectId`, `aceObjectDescriptionFlags`, `weenieClassId`, `weenieHeaderFlags`, `currentMotionState`, `physicsDescriptionFlag`)
VALUES (2069295115, 0, 14341, 20, NULL, 32769);

INSERT INTO `ace_position` (`aceObjectId`, `positionType`, `landblockRaw`, `posX`, `posY`, `posZ`, `qW`, `qX`, `qY`, `qZ`)
VALUES (2069295115, 1, 3043950596, 12, 84, 22.44472, 1, 0, 0, 0);

INSERT INTO `ace_object_properties_string` (`aceObjectId`, `strPropertyId`, `propertyValue`)
VALUES (2069295115, 1, 'Chess Board');

INSERT INTO `ace_object_properties_did` (`aceObjectId`, `didPropertyId`, `propertyValue`)
VALUES (2069295115, 8, 100673558)
     , (2069295115, 1, 33558037);

INSERT INTO `ace_object_properties_int` (`aceObjectId`, `intPropertyId`, `propertyValue`)
VALUES (2069295115, 1, 2147483648)
     , (2069295115, 93, 1040);

INSERT INTO `ace_object_properties_bool` (`aceObjectId`, `boolPropertyId`, `propertyValue`)
VALUES (2069295115, 11, True)
     , (2069295115, 14, True);

INSERT INTO `ace_object` (`aceObjectId`, `aceObjectDescriptionFlags`, `weenieClassId`, `weenieHeaderFlags`, `currentMotionState`, `physicsDescriptionFlag`)
VALUES (2069295112, 0, 14341, 20, NULL, 32769);

INSERT INTO `ace_position` (`aceObjectId`, `positionType`, `landblockRaw`, `posX`, `posY`, `posZ`, `qW`, `qX`, `qY`, `qZ`)
VALUES (2069295112, 1, 3043950605, 36, 108, 22.44472, 1, 0, 0, 0);

INSERT INTO `ace_object_properties_string` (`aceObjectId`, `strPropertyId`, `propertyValue`)
VALUES (2069295112, 1, 'Chess Board');

INSERT INTO `ace_object_properties_did` (`aceObjectId`, `didPropertyId`, `propertyValue`)
VALUES (2069295112, 8, 100673558)
     , (2069295112, 1, 33558037);

INSERT INTO `ace_object_properties_int` (`aceObjectId`, `intPropertyId`, `propertyValue`)
VALUES (2069295112, 1, 2147483648)
     , (2069295112, 93, 1040);

INSERT INTO `ace_object_properties_bool` (`aceObjectId`, `boolPropertyId`, `propertyValue`)
VALUES (2069295112, 11, True)
     , (2069295112, 14, True);

INSERT INTO `ace_object` (`aceObjectId`, `aceObjectDescriptionFlags`, `weenieClassId`, `weenieHeaderFlags`, `currentMotionState`, `physicsDescriptionFlag`)
VALUES (2069303296, 6291512, 153, 20, NULL, 169985);

INSERT INTO `ace_position` (`aceObjectId`, `positionType`, `landblockRaw`, `posX`, `posY`, `posZ`, `qW`, `qX`, `qY`, `qZ`)
VALUES (2069303296, 1, 3044081724, 184.957, 80.0807, 61.40559, -0.8312719, 0, 0, -0.5558659);

INSERT INTO `ace_object_properties_string` (`aceObjectId`, `strPropertyId`, `propertyValue`)
VALUES (2069303296, 1, 'Fountain');

INSERT INTO `ace_object_properties_did` (`aceObjectId`, `didPropertyId`, `propertyValue`)
VALUES (2069303296, 8, 100668104)
     , (2069303296, 1, 33555071)
     , (2069303296, 3, 536870932)
     , (2069303296, 22, 872415275)
     , (2069303296, 28, 1183);

INSERT INTO `ace_object_properties_int` (`aceObjectId`, `intPropertyId`, `propertyValue`)
VALUES (2069303296, 53, 101)
     , (2069303296, 1, 4194304)
     , (2069303296, 5, 6000)
     , (2069303296, 16, 48)
     , (2069303296, 19, 200)
     , (2069303296, 93, 1048);

INSERT INTO `ace_object_properties_double` (`aceObjectId`, `dblPropertyId`, `propertyValue`)
VALUES (2069303296, 54, 2);

INSERT INTO `ace_object_properties_bool` (`aceObjectId`, `boolPropertyId`, `propertyValue`)
VALUES (2069303296, 12, True)
     , (2069303296, 11, True)
     , (2069303296, 14, True);

INSERT INTO `ace_object` (`aceObjectId`, `aceObjectDescriptionFlags`, `weenieClassId`, `weenieHeaderFlags`, `currentMotionState`, `physicsDescriptionFlag`)
VALUES (2090184748, 2097200, 8377, 20, NULL, 169985);

INSERT INTO `ace_position` (`aceObjectId`, `positionType`, `landblockRaw`, `posX`, `posY`, `posZ`, `qW`, `qX`, `qY`, `qZ`)
VALUES (2090184748, 1, 3378184481, 77.7487, 84.9821, 14.045, 0.686884, 0, 0, 0.7267671);

INSERT INTO `ace_object_properties_string` (`aceObjectId`, `strPropertyId`, `propertyValue`)
VALUES (2090184748, 1, 'Beer Keg');

INSERT INTO `ace_object_properties_did` (`aceObjectId`, `didPropertyId`, `propertyValue`)
VALUES (2090184748, 8, 100667431)
     , (2090184748, 1, 33556853)
     , (2090184748, 3, 536870932)
     , (2090184748, 22, 872415275);

INSERT INTO `ace_object_properties_int` (`aceObjectId`, `intPropertyId`, `propertyValue`)
VALUES (2090184748, 53, 101)
     , (2090184748, 1, 4194304)
     , (2090184748, 5, 1000)
     , (2090184748, 16, 48)
     , (2090184748, 93, 1048);

INSERT INTO `ace_object_properties_double` (`aceObjectId`, `dblPropertyId`, `propertyValue`)
VALUES (2090184748, 54, 2);

INSERT INTO `ace_object_properties_bool` (`aceObjectId`, `boolPropertyId`, `propertyValue`)
VALUES (2090184748, 12, True)
     , (2090184748, 11, True)
     , (2090184748, 14, True);

INSERT INTO `ace_object` (`aceObjectId`, `aceObjectDescriptionFlags`, `weenieClassId`, `weenieHeaderFlags`, `currentMotionState`, `physicsDescriptionFlag`)
VALUES (2090184747, 6291512, 174, 20, NULL, 169985);

INSERT INTO `ace_position` (`aceObjectId`, `positionType`, `landblockRaw`, `posX`, `posY`, `posZ`, `qW`, `qX`, `qY`, `qZ`)
VALUES (2090184747, 1, 3378184239, 134.532, 151.819, 12, 0.673444, 0, 0, -0.739238);

INSERT INTO `ace_object_properties_string` (`aceObjectId`, `strPropertyId`, `propertyValue`)
VALUES (2090184747, 1, 'Well');

INSERT INTO `ace_object_properties_did` (`aceObjectId`, `didPropertyId`, `propertyValue`)
VALUES (2090184747, 8, 100667466)
     , (2090184747, 1, 33554816)
     , (2090184747, 3, 536870932)
     , (2090184747, 22, 872415275)
     , (2090184747, 28, 1183);

INSERT INTO `ace_object_properties_int` (`aceObjectId`, `intPropertyId`, `propertyValue`)
VALUES (2090184747, 53, 101)
     , (2090184747, 1, 4194304)
     , (2090184747, 5, 6000)
     , (2090184747, 16, 48)
     , (2090184747, 19, 200)
     , (2090184747, 93, 1048);

INSERT INTO `ace_object_properties_double` (`aceObjectId`, `dblPropertyId`, `propertyValue`)
VALUES (2090184747, 54, 2);

INSERT INTO `ace_object_properties_bool` (`aceObjectId`, `boolPropertyId`, `propertyValue`)
VALUES (2090184747, 12, True)
     , (2090184747, 11, True)
     , (2090184747, 14, True);

INSERT INTO `ace_object` (`aceObjectId`, `aceObjectDescriptionFlags`, `weenieClassId`, `weenieHeaderFlags`, `currentMotionState`, `physicsDescriptionFlag`)
VALUES (2087055366, 2097200, 8377, 20, NULL, 169985);

INSERT INTO `ace_position` (`aceObjectId`, `positionType`, `landblockRaw`, `posX`, `posY`, `posZ`, `qW`, `qX`, `qY`, `qZ`)
VALUES (2087055366, 1, 3328114944, 31.7384, 159.297, 7.06224, -0.7071068, 0, 0, -0.7071068);

INSERT INTO `ace_object_properties_string` (`aceObjectId`, `strPropertyId`, `propertyValue`)
VALUES (2087055366, 1, 'Beer Keg');

INSERT INTO `ace_object_properties_did` (`aceObjectId`, `didPropertyId`, `propertyValue`)
VALUES (2087055366, 8, 100667431)
     , (2087055366, 1, 33556853)
     , (2087055366, 3, 536870932)
     , (2087055366, 22, 872415275);

INSERT INTO `ace_object_properties_int` (`aceObjectId`, `intPropertyId`, `propertyValue`)
VALUES (2087055366, 53, 101)
     , (2087055366, 1, 4194304)
     , (2087055366, 5, 1000)
     , (2087055366, 16, 48)
     , (2087055366, 93, 1048);

INSERT INTO `ace_object_properties_double` (`aceObjectId`, `dblPropertyId`, `propertyValue`)
VALUES (2087055366, 54, 2);

INSERT INTO `ace_object_properties_bool` (`aceObjectId`, `boolPropertyId`, `propertyValue`)
VALUES (2087055366, 12, True)
     , (2087055366, 11, True)
     , (2087055366, 14, True);

INSERT INTO `ace_object` (`aceObjectId`, `aceObjectDescriptionFlags`, `weenieClassId`, `weenieHeaderFlags`, `currentMotionState`, `physicsDescriptionFlag`)
VALUES (2087055365, 2097200, 8377, 20, NULL, 169985);

INSERT INTO `ace_position` (`aceObjectId`, `positionType`, `landblockRaw`, `posX`, `posY`, `posZ`, `qW`, `qX`, `qY`, `qZ`)
VALUES (2087055365, 1, 3328114944, 31.7355, 156.763, 7.06224, -0.7071068, 0, 0, -0.7071068);

INSERT INTO `ace_object_properties_string` (`aceObjectId`, `strPropertyId`, `propertyValue`)
VALUES (2087055365, 1, 'Beer Keg');

INSERT INTO `ace_object_properties_did` (`aceObjectId`, `didPropertyId`, `propertyValue`)
VALUES (2087055365, 8, 100667431)
     , (2087055365, 1, 33556853)
     , (2087055365, 3, 536870932)
     , (2087055365, 22, 872415275);

INSERT INTO `ace_object_properties_int` (`aceObjectId`, `intPropertyId`, `propertyValue`)
VALUES (2087055365, 53, 101)
     , (2087055365, 1, 4194304)
     , (2087055365, 5, 1000)
     , (2087055365, 16, 48)
     , (2087055365, 93, 1048);

INSERT INTO `ace_object_properties_double` (`aceObjectId`, `dblPropertyId`, `propertyValue`)
VALUES (2087055365, 54, 2);

INSERT INTO `ace_object_properties_bool` (`aceObjectId`, `boolPropertyId`, `propertyValue`)
VALUES (2087055365, 12, True)
     , (2087055365, 11, True)
     , (2087055365, 14, True);

INSERT INTO `ace_object` (`aceObjectId`, `aceObjectDescriptionFlags`, `weenieClassId`, `weenieHeaderFlags`, `currentMotionState`, `physicsDescriptionFlag`)
VALUES (2054897673, 0, 14341, 20, NULL, 32769);

INSERT INTO `ace_position` (`aceObjectId`, `positionType`, `landblockRaw`, `posX`, `posY`, `posZ`, `qW`, `qX`, `qY`, `qZ`)
VALUES (2054897673, 1, 2813591593, 131.084, 10.1499, 28.44472, 1, 0, 0, 0);

INSERT INTO `ace_object_properties_string` (`aceObjectId`, `strPropertyId`, `propertyValue`)
VALUES (2054897673, 1, 'Chess Board');

INSERT INTO `ace_object_properties_did` (`aceObjectId`, `didPropertyId`, `propertyValue`)
VALUES (2054897673, 8, 100673558)
     , (2054897673, 1, 33558037);

INSERT INTO `ace_object_properties_int` (`aceObjectId`, `intPropertyId`, `propertyValue`)
VALUES (2054897673, 1, 2147483648)
     , (2054897673, 93, 1040);

INSERT INTO `ace_object_properties_bool` (`aceObjectId`, `boolPropertyId`, `propertyValue`)
VALUES (2054897673, 11, True)
     , (2054897673, 14, True);

INSERT INTO `ace_object` (`aceObjectId`, `aceObjectDescriptionFlags`, `weenieClassId`, `weenieHeaderFlags`, `currentMotionState`, `physicsDescriptionFlag`)
VALUES (1986871297, 6291512, 171, 20, NULL, 169985);

INSERT INTO `ace_position` (`aceObjectId`, `positionType`, `landblockRaw`, `posX`, `posY`, `posZ`, `qW`, `qX`, `qY`, `qZ`)
VALUES (1986871297, 1, 1725169922, 69.759, 110.682, 56.8, 0.996676, 0, 0, -0.0814677);

INSERT INTO `ace_object_properties_string` (`aceObjectId`, `strPropertyId`, `propertyValue`)
VALUES (1986871297, 1, 'Vat');

INSERT INTO `ace_object_properties_did` (`aceObjectId`, `didPropertyId`, `propertyValue`)
VALUES (1986871297, 8, 100668110)
     , (1986871297, 1, 33554796)
     , (1986871297, 3, 536870932)
     , (1986871297, 22, 872415275)
     , (1986871297, 28, 1183);

INSERT INTO `ace_object_properties_int` (`aceObjectId`, `intPropertyId`, `propertyValue`)
VALUES (1986871297, 53, 101)
     , (1986871297, 1, 4194304)
     , (1986871297, 5, 6000)
     , (1986871297, 16, 48)
     , (1986871297, 19, 200)
     , (1986871297, 93, 66584);

INSERT INTO `ace_object_properties_double` (`aceObjectId`, `dblPropertyId`, `propertyValue`)
VALUES (1986871297, 54, 2);

INSERT INTO `ace_object_properties_bool` (`aceObjectId`, `boolPropertyId`, `propertyValue`)
VALUES (1986871297, 12, True)
     , (1986871297, 11, True)
     , (1986871297, 14, True);

INSERT INTO `ace_object` (`aceObjectId`, `aceObjectDescriptionFlags`, `weenieClassId`, `weenieHeaderFlags`, `currentMotionState`, `physicsDescriptionFlag`)
VALUES (2090385432, 2097200, 8377, 20, NULL, 169985);

INSERT INTO `ace_position` (`aceObjectId`, `positionType`, `landblockRaw`, `posX`, `posY`, `posZ`, `qW`, `qX`, `qY`, `qZ`)
VALUES (2090385432, 1, 3381395752, 132.127, 174.826, 22.92, 0.7071068, 0, 0, -0.7071068);

INSERT INTO `ace_object_properties_string` (`aceObjectId`, `strPropertyId`, `propertyValue`)
VALUES (2090385432, 1, 'Beer Keg');

INSERT INTO `ace_object_properties_did` (`aceObjectId`, `didPropertyId`, `propertyValue`)
VALUES (2090385432, 8, 100667431)
     , (2090385432, 1, 33556853)
     , (2090385432, 3, 536870932)
     , (2090385432, 22, 872415275);

INSERT INTO `ace_object_properties_int` (`aceObjectId`, `intPropertyId`, `propertyValue`)
VALUES (2090385432, 53, 101)
     , (2090385432, 1, 4194304)
     , (2090385432, 5, 1000)
     , (2090385432, 16, 48)
     , (2090385432, 93, 1048);

INSERT INTO `ace_object_properties_double` (`aceObjectId`, `dblPropertyId`, `propertyValue`)
VALUES (2090385432, 54, 2);

INSERT INTO `ace_object_properties_bool` (`aceObjectId`, `boolPropertyId`, `propertyValue`)
VALUES (2090385432, 12, True)
     , (2090385432, 11, True)
     , (2090385432, 14, True);

INSERT INTO `ace_object` (`aceObjectId`, `aceObjectDescriptionFlags`, `weenieClassId`, `weenieHeaderFlags`, `currentMotionState`, `physicsDescriptionFlag`)
VALUES (2089336890, 2097200, 8377, 20, NULL, 169985);

INSERT INTO `ace_position` (`aceObjectId`, `positionType`, `landblockRaw`, `posX`, `posY`, `posZ`, `qW`, `qX`, `qY`, `qZ`)
VALUES (2089336890, 1, 3364618564, 18.8756, 157.337, 22.808, -0.9887298, 0, 0, -0.149711);

INSERT INTO `ace_object_properties_string` (`aceObjectId`, `strPropertyId`, `propertyValue`)
VALUES (2089336890, 1, 'Beer Keg');

INSERT INTO `ace_object_properties_did` (`aceObjectId`, `didPropertyId`, `propertyValue`)
VALUES (2089336890, 8, 100667431)
     , (2089336890, 1, 33556853)
     , (2089336890, 3, 536870932)
     , (2089336890, 22, 872415275);

INSERT INTO `ace_object_properties_int` (`aceObjectId`, `intPropertyId`, `propertyValue`)
VALUES (2089336890, 53, 101)
     , (2089336890, 1, 4194304)
     , (2089336890, 5, 1000)
     , (2089336890, 16, 48)
     , (2089336890, 93, 1048);

INSERT INTO `ace_object_properties_double` (`aceObjectId`, `dblPropertyId`, `propertyValue`)
VALUES (2089336890, 54, 2);

INSERT INTO `ace_object_properties_bool` (`aceObjectId`, `boolPropertyId`, `propertyValue`)
VALUES (2089336890, 12, True)
     , (2089336890, 11, True)
     , (2089336890, 14, True);

INSERT INTO `ace_object` (`aceObjectId`, `aceObjectDescriptionFlags`, `weenieClassId`, `weenieHeaderFlags`, `currentMotionState`, `physicsDescriptionFlag`)
VALUES (2089336889, 6291512, 6441, 20, NULL, 169985);

INSERT INTO `ace_position` (`aceObjectId`, `positionType`, `landblockRaw`, `posX`, `posY`, `posZ`, `qW`, `qX`, `qY`, `qZ`)
VALUES (2089336889, 1, 3364618262, 52.08, 139.56, 22, 1, 0, 0, 0);

INSERT INTO `ace_object_properties_string` (`aceObjectId`, `strPropertyId`, `propertyValue`)
VALUES (2089336889, 1, 'Well');

INSERT INTO `ace_object_properties_did` (`aceObjectId`, `didPropertyId`, `propertyValue`)
VALUES (2089336889, 8, 100667466)
     , (2089336889, 1, 33554712)
     , (2089336889, 3, 536870932)
     , (2089336889, 22, 872415275)
     , (2089336889, 28, 1183);

INSERT INTO `ace_object_properties_int` (`aceObjectId`, `intPropertyId`, `propertyValue`)
VALUES (2089336889, 53, 101)
     , (2089336889, 1, 4194304)
     , (2089336889, 5, 6000)
     , (2089336889, 16, 48)
     , (2089336889, 19, 200)
     , (2089336889, 93, 1048);

INSERT INTO `ace_object_properties_double` (`aceObjectId`, `dblPropertyId`, `propertyValue`)
VALUES (2089336889, 54, 2);

INSERT INTO `ace_object_properties_bool` (`aceObjectId`, `boolPropertyId`, `propertyValue`)
VALUES (2089336889, 12, True)
     , (2089336889, 11, True)
     , (2089336889, 14, True);

INSERT INTO `ace_object` (`aceObjectId`, `aceObjectDescriptionFlags`, `weenieClassId`, `weenieHeaderFlags`, `currentMotionState`, `physicsDescriptionFlag`)
VALUES (2095665209, 2097200, 8377, 20, NULL, 169985);

INSERT INTO `ace_position` (`aceObjectId`, `positionType`, `landblockRaw`, `posX`, `posY`, `posZ`, `qW`, `qX`, `qY`, `qZ`)
VALUES (2095665209, 1, 3465871661, 90.6164, 107.668, 20.92, -0.2118591, 0, 0, -0.9773002);

INSERT INTO `ace_object_properties_string` (`aceObjectId`, `strPropertyId`, `propertyValue`)
VALUES (2095665209, 1, 'Beer Keg');

INSERT INTO `ace_object_properties_did` (`aceObjectId`, `didPropertyId`, `propertyValue`)
VALUES (2095665209, 8, 100667431)
     , (2095665209, 1, 33556853)
     , (2095665209, 3, 536870932)
     , (2095665209, 22, 872415275);

INSERT INTO `ace_object_properties_int` (`aceObjectId`, `intPropertyId`, `propertyValue`)
VALUES (2095665209, 53, 101)
     , (2095665209, 1, 4194304)
     , (2095665209, 5, 1000)
     , (2095665209, 16, 48)
     , (2095665209, 93, 1048);

INSERT INTO `ace_object_properties_double` (`aceObjectId`, `dblPropertyId`, `propertyValue`)
VALUES (2095665209, 54, 2);

INSERT INTO `ace_object_properties_bool` (`aceObjectId`, `boolPropertyId`, `propertyValue`)
VALUES (2095665209, 12, True)
     , (2095665209, 11, True)
     , (2095665209, 14, True);

INSERT INTO `ace_object` (`aceObjectId`, `aceObjectDescriptionFlags`, `weenieClassId`, `weenieHeaderFlags`, `currentMotionState`, `physicsDescriptionFlag`)
VALUES (2095665206, 6291512, 174, 20, NULL, 169985);

INSERT INTO `ace_position` (`aceObjectId`, `positionType`, `landblockRaw`, `posX`, `posY`, `posZ`, `qW`, `qX`, `qY`, `qZ`)
VALUES (2095665206, 1, 3465871403, 128.16, 66.12, 20, 1, 0, 0, 0);

INSERT INTO `ace_object_properties_string` (`aceObjectId`, `strPropertyId`, `propertyValue`)
VALUES (2095665206, 1, 'Well');

INSERT INTO `ace_object_properties_did` (`aceObjectId`, `didPropertyId`, `propertyValue`)
VALUES (2095665206, 8, 100667466)
     , (2095665206, 1, 33554816)
     , (2095665206, 3, 536870932)
     , (2095665206, 22, 872415275)
     , (2095665206, 28, 1183);

INSERT INTO `ace_object_properties_int` (`aceObjectId`, `intPropertyId`, `propertyValue`)
VALUES (2095665206, 53, 101)
     , (2095665206, 1, 4194304)
     , (2095665206, 5, 6000)
     , (2095665206, 16, 48)
     , (2095665206, 19, 200)
     , (2095665206, 93, 1048);

INSERT INTO `ace_object_properties_double` (`aceObjectId`, `dblPropertyId`, `propertyValue`)
VALUES (2095665206, 54, 2);

INSERT INTO `ace_object_properties_bool` (`aceObjectId`, `boolPropertyId`, `propertyValue`)
VALUES (2095665206, 12, True)
     , (2095665206, 11, True)
     , (2095665206, 14, True);

INSERT INTO `ace_object` (`aceObjectId`, `aceObjectDescriptionFlags`, `weenieClassId`, `weenieHeaderFlags`, `currentMotionState`, `physicsDescriptionFlag`)
VALUES (1897086982, 2097200, 8377, 20, NULL, 169985);

INSERT INTO `ace_position` (`aceObjectId`, `positionType`, `landblockRaw`, `posX`, `posY`, `posZ`, `qW`, `qX`, `qY`, `qZ`)
VALUES (1897086982, 1, 288620856, 84.1664, 157.337, 42.793, 0.9067023, 0, 0, -0.4217711);

INSERT INTO `ace_object_properties_string` (`aceObjectId`, `strPropertyId`, `propertyValue`)
VALUES (1897086982, 1, 'Beer Keg');

INSERT INTO `ace_object_properties_did` (`aceObjectId`, `didPropertyId`, `propertyValue`)
VALUES (1897086982, 8, 100667431)
     , (1897086982, 1, 33556853)
     , (1897086982, 3, 536870932)
     , (1897086982, 22, 872415275);

INSERT INTO `ace_object_properties_int` (`aceObjectId`, `intPropertyId`, `propertyValue`)
VALUES (1897086982, 53, 101)
     , (1897086982, 1, 4194304)
     , (1897086982, 5, 1000)
     , (1897086982, 16, 48)
     , (1897086982, 93, 1048);

INSERT INTO `ace_object_properties_double` (`aceObjectId`, `dblPropertyId`, `propertyValue`)
VALUES (1897086982, 54, 2);

INSERT INTO `ace_object_properties_bool` (`aceObjectId`, `boolPropertyId`, `propertyValue`)
VALUES (1897086982, 12, True)
     , (1897086982, 11, True)
     , (1897086982, 14, True);

INSERT INTO `ace_object` (`aceObjectId`, `aceObjectDescriptionFlags`, `weenieClassId`, `weenieHeaderFlags`, `currentMotionState`, `physicsDescriptionFlag`)
VALUES (1897087001, 6291512, 6441, 20, NULL, 169985);

INSERT INTO `ace_position` (`aceObjectId`, `positionType`, `landblockRaw`, `posX`, `posY`, `posZ`, `qW`, `qX`, `qY`, `qZ`)
VALUES (1897087001, 1, 288620579, 99.0351, 70.9894, 42, -0.9893041, 0, 0, -0.145868);

INSERT INTO `ace_object_properties_string` (`aceObjectId`, `strPropertyId`, `propertyValue`)
VALUES (1897087001, 1, 'Well');

INSERT INTO `ace_object_properties_did` (`aceObjectId`, `didPropertyId`, `propertyValue`)
VALUES (1897087001, 8, 100667466)
     , (1897087001, 1, 33554712)
     , (1897087001, 3, 536870932)
     , (1897087001, 22, 872415275)
     , (1897087001, 28, 1183);

INSERT INTO `ace_object_properties_int` (`aceObjectId`, `intPropertyId`, `propertyValue`)
VALUES (1897087001, 53, 101)
     , (1897087001, 1, 4194304)
     , (1897087001, 5, 6000)
     , (1897087001, 16, 48)
     , (1897087001, 19, 200)
     , (1897087001, 93, 1048);

INSERT INTO `ace_object_properties_double` (`aceObjectId`, `dblPropertyId`, `propertyValue`)
VALUES (1897087001, 54, 2);

INSERT INTO `ace_object_properties_bool` (`aceObjectId`, `boolPropertyId`, `propertyValue`)
VALUES (1897087001, 12, True)
     , (1897087001, 11, True)
     , (1897087001, 14, True);

INSERT INTO `ace_object` (`aceObjectId`, `aceObjectDescriptionFlags`, `weenieClassId`, `weenieHeaderFlags`, `currentMotionState`, `physicsDescriptionFlag`)
VALUES (1910202404, 2097200, 8377, 20, NULL, 169985);

INSERT INTO `ace_position` (`aceObjectId`, `positionType`, `landblockRaw`, `posX`, `posY`, `posZ`, `qW`, `qX`, `qY`, `qZ`)
VALUES (1910202404, 1, 498466879, 171.492, 163.932, 120.925, -0.360656, 0, 0, -0.9326989);

INSERT INTO `ace_object_properties_string` (`aceObjectId`, `strPropertyId`, `propertyValue`)
VALUES (1910202404, 1, 'Beer Keg');

INSERT INTO `ace_object_properties_did` (`aceObjectId`, `didPropertyId`, `propertyValue`)
VALUES (1910202404, 8, 100667431)
     , (1910202404, 1, 33556853)
     , (1910202404, 3, 536870932)
     , (1910202404, 22, 872415275);

INSERT INTO `ace_object_properties_int` (`aceObjectId`, `intPropertyId`, `propertyValue`)
VALUES (1910202404, 53, 101)
     , (1910202404, 1, 4194304)
     , (1910202404, 5, 1000)
     , (1910202404, 16, 48)
     , (1910202404, 93, 1048);

INSERT INTO `ace_object_properties_double` (`aceObjectId`, `dblPropertyId`, `propertyValue`)
VALUES (1910202404, 54, 2);

INSERT INTO `ace_object_properties_bool` (`aceObjectId`, `boolPropertyId`, `propertyValue`)
VALUES (1910202404, 12, True)
     , (1910202404, 11, True)
     , (1910202404, 14, True);

INSERT INTO `ace_object` (`aceObjectId`, `aceObjectDescriptionFlags`, `weenieClassId`, `weenieHeaderFlags`, `currentMotionState`, `physicsDescriptionFlag`)
VALUES (1897087002, 6291512, 6441, 20, NULL, 169985);

INSERT INTO `ace_position` (`aceObjectId`, `positionType`, `landblockRaw`, `posX`, `posY`, `posZ`, `qW`, `qX`, `qY`, `qZ`)
VALUES (1897087002, 1, 288620574, 78.678, 136.631, 42, -0.9811677, 0, 0, 0.1931579);

INSERT INTO `ace_object_properties_string` (`aceObjectId`, `strPropertyId`, `propertyValue`)
VALUES (1897087002, 1, 'Well');

INSERT INTO `ace_object_properties_did` (`aceObjectId`, `didPropertyId`, `propertyValue`)
VALUES (1897087002, 8, 100667466)
     , (1897087002, 1, 33554712)
     , (1897087002, 3, 536870932)
     , (1897087002, 22, 872415275)
     , (1897087002, 28, 1183);

INSERT INTO `ace_object_properties_int` (`aceObjectId`, `intPropertyId`, `propertyValue`)
VALUES (1897087002, 53, 101)
     , (1897087002, 1, 4194304)
     , (1897087002, 5, 6000)
     , (1897087002, 16, 48)
     , (1897087002, 19, 200)
     , (1897087002, 93, 1048);

INSERT INTO `ace_object_properties_double` (`aceObjectId`, `dblPropertyId`, `propertyValue`)
VALUES (1897087002, 54, 2);

INSERT INTO `ace_object_properties_bool` (`aceObjectId`, `boolPropertyId`, `propertyValue`)
VALUES (1897087002, 12, True)
     , (1897087002, 11, True)
     , (1897087002, 14, True);

INSERT INTO `ace_object` (`aceObjectId`, `aceObjectDescriptionFlags`, `weenieClassId`, `weenieHeaderFlags`, `currentMotionState`, `physicsDescriptionFlag`)
VALUES (2033496144, 6291512, 153, 20, NULL, 169985);

INSERT INTO `ace_position` (`aceObjectId`, `positionType`, `landblockRaw`, `posX`, `posY`, `posZ`, `qW`, `qX`, `qY`, `qZ`)
VALUES (2033496144, 1, 2471166578, 137.988, 14.995, -13.6075, -4.37114E-08, 0, 0, -1);

INSERT INTO `ace_object_properties_string` (`aceObjectId`, `strPropertyId`, `propertyValue`)
VALUES (2033496144, 1, 'Fountain');

INSERT INTO `ace_object_properties_did` (`aceObjectId`, `didPropertyId`, `propertyValue`)
VALUES (2033496144, 8, 100668104)
     , (2033496144, 1, 33555071)
     , (2033496144, 3, 536870932)
     , (2033496144, 22, 872415275)
     , (2033496144, 28, 1183);

INSERT INTO `ace_object_properties_int` (`aceObjectId`, `intPropertyId`, `propertyValue`)
VALUES (2033496144, 53, 101)
     , (2033496144, 1, 4194304)
     , (2033496144, 5, 6000)
     , (2033496144, 16, 48)
     , (2033496144, 19, 200)
     , (2033496144, 93, 1048);

INSERT INTO `ace_object_properties_double` (`aceObjectId`, `dblPropertyId`, `propertyValue`)
VALUES (2033496144, 54, 2);

INSERT INTO `ace_object_properties_bool` (`aceObjectId`, `boolPropertyId`, `propertyValue`)
VALUES (2033496144, 12, True)
     , (2033496144, 11, True)
     , (2033496144, 14, True);

INSERT INTO `ace_object` (`aceObjectId`, `aceObjectDescriptionFlags`, `weenieClassId`, `weenieHeaderFlags`, `currentMotionState`, `physicsDescriptionFlag`)
VALUES (2033496143, 6291512, 153, 20, NULL, 169985);

INSERT INTO `ace_position` (`aceObjectId`, `positionType`, `landblockRaw`, `posX`, `posY`, `posZ`, `qW`, `qX`, `qY`, `qZ`)
VALUES (2033496143, 1, 2471166574, 139.837, 38.3213, -13.6075, -4.37114E-08, 0, 0, -1);

INSERT INTO `ace_object_properties_string` (`aceObjectId`, `strPropertyId`, `propertyValue`)
VALUES (2033496143, 1, 'Fountain');

INSERT INTO `ace_object_properties_did` (`aceObjectId`, `didPropertyId`, `propertyValue`)
VALUES (2033496143, 8, 100668104)
     , (2033496143, 1, 33555071)
     , (2033496143, 3, 536870932)
     , (2033496143, 22, 872415275)
     , (2033496143, 28, 1183);

INSERT INTO `ace_object_properties_int` (`aceObjectId`, `intPropertyId`, `propertyValue`)
VALUES (2033496143, 53, 101)
     , (2033496143, 1, 4194304)
     , (2033496143, 5, 6000)
     , (2033496143, 16, 48)
     , (2033496143, 19, 200)
     , (2033496143, 93, 1048);

INSERT INTO `ace_object_properties_double` (`aceObjectId`, `dblPropertyId`, `propertyValue`)
VALUES (2033496143, 54, 2);

INSERT INTO `ace_object_properties_bool` (`aceObjectId`, `boolPropertyId`, `propertyValue`)
VALUES (2033496143, 12, True)
     , (2033496143, 11, True)
     , (2033496143, 14, True);

INSERT INTO `ace_object` (`aceObjectId`, `aceObjectDescriptionFlags`, `weenieClassId`, `weenieHeaderFlags`, `currentMotionState`, `physicsDescriptionFlag`)
VALUES (2033496133, 6291512, 171, 20, NULL, 169985);

INSERT INTO `ace_position` (`aceObjectId`, `positionType`, `landblockRaw`, `posX`, `posY`, `posZ`, `qW`, `qX`, `qY`, `qZ`)
VALUES (2033496133, 1, 2471166480, 163.867, 20.9125, -19.6, 0.3211699, 0, 0, 0.9470216);

INSERT INTO `ace_object_properties_string` (`aceObjectId`, `strPropertyId`, `propertyValue`)
VALUES (2033496133, 1, 'Vat');

INSERT INTO `ace_object_properties_did` (`aceObjectId`, `didPropertyId`, `propertyValue`)
VALUES (2033496133, 8, 100668110)
     , (2033496133, 1, 33554796)
     , (2033496133, 3, 536870932)
     , (2033496133, 22, 872415275)
     , (2033496133, 28, 1183);

INSERT INTO `ace_object_properties_int` (`aceObjectId`, `intPropertyId`, `propertyValue`)
VALUES (2033496133, 53, 101)
     , (2033496133, 1, 4194304)
     , (2033496133, 5, 6000)
     , (2033496133, 16, 48)
     , (2033496133, 19, 200)
     , (2033496133, 93, 66584);

INSERT INTO `ace_object_properties_double` (`aceObjectId`, `dblPropertyId`, `propertyValue`)
VALUES (2033496133, 54, 2);

INSERT INTO `ace_object_properties_bool` (`aceObjectId`, `boolPropertyId`, `propertyValue`)
VALUES (2033496133, 12, True)
     , (2033496133, 11, True)
     , (2033496133, 14, True);

INSERT INTO `ace_object` (`aceObjectId`, `aceObjectDescriptionFlags`, `weenieClassId`, `weenieHeaderFlags`, `currentMotionState`, `physicsDescriptionFlag`)
VALUES (2033496123, 6291512, 6441, 20, NULL, 169985);

INSERT INTO `ace_position` (`aceObjectId`, `positionType`, `landblockRaw`, `posX`, `posY`, `posZ`, `qW`, `qX`, `qY`, `qZ`)
VALUES (2033496123, 1, 2471166435, 64.814, 37.441, -19.6, 1, 0, 0, -4.37114E-08);

INSERT INTO `ace_object_properties_string` (`aceObjectId`, `strPropertyId`, `propertyValue`)
VALUES (2033496123, 1, 'Well');

INSERT INTO `ace_object_properties_did` (`aceObjectId`, `didPropertyId`, `propertyValue`)
VALUES (2033496123, 8, 100667466)
     , (2033496123, 1, 33554712)
     , (2033496123, 3, 536870932)
     , (2033496123, 22, 872415275)
     , (2033496123, 28, 1183);

INSERT INTO `ace_object_properties_int` (`aceObjectId`, `intPropertyId`, `propertyValue`)
VALUES (2033496123, 53, 101)
     , (2033496123, 1, 4194304)
     , (2033496123, 5, 6000)
     , (2033496123, 16, 48)
     , (2033496123, 19, 200)
     , (2033496123, 93, 1048);

INSERT INTO `ace_object_properties_double` (`aceObjectId`, `dblPropertyId`, `propertyValue`)
VALUES (2033496123, 54, 2);

INSERT INTO `ace_object_properties_bool` (`aceObjectId`, `boolPropertyId`, `propertyValue`)
VALUES (2033496123, 12, True)
     , (2033496123, 11, True)
     , (2033496123, 14, True);

INSERT INTO `ace_object` (`aceObjectId`, `aceObjectDescriptionFlags`, `weenieClassId`, `weenieHeaderFlags`, `currentMotionState`, `physicsDescriptionFlag`)
VALUES (2033496126, 2097200, 8377, 20, NULL, 169985);

INSERT INTO `ace_position` (`aceObjectId`, `positionType`, `landblockRaw`, `posX`, `posY`, `posZ`, `qW`, `qX`, `qY`, `qZ`)
VALUES (2033496126, 1, 2471166442, 87.4612, 53.0951, -19.6, 0.7071068, 0, 0, -0.7071068);

INSERT INTO `ace_object_properties_string` (`aceObjectId`, `strPropertyId`, `propertyValue`)
VALUES (2033496126, 1, 'Beer Keg');

INSERT INTO `ace_object_properties_did` (`aceObjectId`, `didPropertyId`, `propertyValue`)
VALUES (2033496126, 8, 100667431)
     , (2033496126, 1, 33556853)
     , (2033496126, 3, 536870932)
     , (2033496126, 22, 872415275);

INSERT INTO `ace_object_properties_int` (`aceObjectId`, `intPropertyId`, `propertyValue`)
VALUES (2033496126, 53, 101)
     , (2033496126, 1, 4194304)
     , (2033496126, 5, 1000)
     , (2033496126, 16, 48)
     , (2033496126, 93, 1048);

INSERT INTO `ace_object_properties_double` (`aceObjectId`, `dblPropertyId`, `propertyValue`)
VALUES (2033496126, 54, 2);

INSERT INTO `ace_object_properties_bool` (`aceObjectId`, `boolPropertyId`, `propertyValue`)
VALUES (2033496126, 12, True)
     , (2033496126, 11, True)
     , (2033496126, 14, True);

INSERT INTO `ace_object` (`aceObjectId`, `aceObjectDescriptionFlags`, `weenieClassId`, `weenieHeaderFlags`, `currentMotionState`, `physicsDescriptionFlag`)
VALUES (2033496125, 2097200, 8377, 20, NULL, 169985);

INSERT INTO `ace_position` (`aceObjectId`, `positionType`, `landblockRaw`, `posX`, `posY`, `posZ`, `qW`, `qX`, `qY`, `qZ`)
VALUES (2033496125, 1, 2471166442, 87.435, 51.945, -19.6, 0.7071068, 0, 0, -0.7071068);

INSERT INTO `ace_object_properties_string` (`aceObjectId`, `strPropertyId`, `propertyValue`)
VALUES (2033496125, 1, 'Beer Keg');

INSERT INTO `ace_object_properties_did` (`aceObjectId`, `didPropertyId`, `propertyValue`)
VALUES (2033496125, 8, 100667431)
     , (2033496125, 1, 33556853)
     , (2033496125, 3, 536870932)
     , (2033496125, 22, 872415275);

INSERT INTO `ace_object_properties_int` (`aceObjectId`, `intPropertyId`, `propertyValue`)
VALUES (2033496125, 53, 101)
     , (2033496125, 1, 4194304)
     , (2033496125, 5, 1000)
     , (2033496125, 16, 48)
     , (2033496125, 93, 1048);

INSERT INTO `ace_object_properties_double` (`aceObjectId`, `dblPropertyId`, `propertyValue`)
VALUES (2033496125, 54, 2);

INSERT INTO `ace_object_properties_bool` (`aceObjectId`, `boolPropertyId`, `propertyValue`)
VALUES (2033496125, 12, True)
     , (2033496125, 11, True)
     , (2033496125, 14, True);

INSERT INTO `ace_object` (`aceObjectId`, `aceObjectDescriptionFlags`, `weenieClassId`, `weenieHeaderFlags`, `currentMotionState`, `physicsDescriptionFlag`)
VALUES (1897087003, 6291512, 153, 20, NULL, 169985);

INSERT INTO `ace_position` (`aceObjectId`, `positionType`, `landblockRaw`, `posX`, `posY`, `posZ`, `qW`, `qX`, `qY`, `qZ`)
VALUES (1897087003, 1, 288620581, 108, 108, 41.9925, 1, 0, 0, 0);

INSERT INTO `ace_object_properties_string` (`aceObjectId`, `strPropertyId`, `propertyValue`)
VALUES (1897087003, 1, 'Fountain');

INSERT INTO `ace_object_properties_did` (`aceObjectId`, `didPropertyId`, `propertyValue`)
VALUES (1897087003, 8, 100668104)
     , (1897087003, 1, 33555071)
     , (1897087003, 3, 536870932)
     , (1897087003, 22, 872415275)
     , (1897087003, 28, 1183);

INSERT INTO `ace_object_properties_int` (`aceObjectId`, `intPropertyId`, `propertyValue`)
VALUES (1897087003, 53, 101)
     , (1897087003, 1, 4194304)
     , (1897087003, 5, 6000)
     , (1897087003, 16, 48)
     , (1897087003, 19, 200)
     , (1897087003, 93, 1048);

INSERT INTO `ace_object_properties_double` (`aceObjectId`, `dblPropertyId`, `propertyValue`)
VALUES (1897087003, 54, 2);

INSERT INTO `ace_object_properties_bool` (`aceObjectId`, `boolPropertyId`, `propertyValue`)
VALUES (1897087003, 12, True)
     , (1897087003, 11, True)
     , (1897087003, 14, True);

INSERT INTO `ace_object` (`aceObjectId`, `aceObjectDescriptionFlags`, `weenieClassId`, `weenieHeaderFlags`, `currentMotionState`, `physicsDescriptionFlag`)
VALUES (1880801291, 6291512, 153, 20, NULL, 169985);

INSERT INTO `ace_position` (`aceObjectId`, `positionType`, `landblockRaw`, `posX`, `posY`, `posZ`, `qW`, `qX`, `qY`, `qZ`)
VALUES (1880801291, 1, 28049709, 60, -10, -0.00749898, -0.7071068, 0, 0, -0.7071068);

INSERT INTO `ace_object_properties_string` (`aceObjectId`, `strPropertyId`, `propertyValue`)
VALUES (1880801291, 1, 'Fountain');

INSERT INTO `ace_object_properties_did` (`aceObjectId`, `didPropertyId`, `propertyValue`)
VALUES (1880801291, 8, 100668104)
     , (1880801291, 1, 33555071)
     , (1880801291, 3, 536870932)
     , (1880801291, 22, 872415275)
     , (1880801291, 28, 1183);

INSERT INTO `ace_object_properties_int` (`aceObjectId`, `intPropertyId`, `propertyValue`)
VALUES (1880801291, 53, 101)
     , (1880801291, 1, 4194304)
     , (1880801291, 5, 6000)
     , (1880801291, 16, 48)
     , (1880801291, 19, 200)
     , (1880801291, 93, 1048);

INSERT INTO `ace_object_properties_double` (`aceObjectId`, `dblPropertyId`, `propertyValue`)
VALUES (1880801291, 54, 2);

INSERT INTO `ace_object_properties_bool` (`aceObjectId`, `boolPropertyId`, `propertyValue`)
VALUES (1880801291, 12, True)
     , (1880801291, 11, True)
     , (1880801291, 14, True);

INSERT INTO `ace_object` (`aceObjectId`, `aceObjectDescriptionFlags`, `weenieClassId`, `weenieHeaderFlags`, `currentMotionState`, `physicsDescriptionFlag`)
VALUES (1880920106, 6291512, 171, 20, NULL, 169985);

INSERT INTO `ace_position` (`aceObjectId`, `positionType`, `landblockRaw`, `posX`, `posY`, `posZ`, `qW`, `qX`, `qY`, `qZ`)
VALUES (1880920106, 1, 29950448, 123.63, -6.71824, -6, 1, 0, 0, 0);

INSERT INTO `ace_object_properties_string` (`aceObjectId`, `strPropertyId`, `propertyValue`)
VALUES (1880920106, 1, 'Vat');

INSERT INTO `ace_object_properties_did` (`aceObjectId`, `didPropertyId`, `propertyValue`)
VALUES (1880920106, 8, 100668110)
     , (1880920106, 1, 33554796)
     , (1880920106, 3, 536870932)
     , (1880920106, 22, 872415275)
     , (1880920106, 28, 1183);

INSERT INTO `ace_object_properties_int` (`aceObjectId`, `intPropertyId`, `propertyValue`)
VALUES (1880920106, 53, 101)
     , (1880920106, 1, 4194304)
     , (1880920106, 5, 6000)
     , (1880920106, 16, 48)
     , (1880920106, 19, 200)
     , (1880920106, 93, 66584);

INSERT INTO `ace_object_properties_double` (`aceObjectId`, `dblPropertyId`, `propertyValue`)
VALUES (1880920106, 54, 2);

INSERT INTO `ace_object_properties_bool` (`aceObjectId`, `boolPropertyId`, `propertyValue`)
VALUES (1880920106, 12, True)
     , (1880920106, 11, True)
     , (1880920106, 14, True);

INSERT INTO `ace_object` (`aceObjectId`, `aceObjectDescriptionFlags`, `weenieClassId`, `weenieHeaderFlags`, `currentMotionState`, `physicsDescriptionFlag`)
VALUES (2056994871, 2097200, 8377, 20, NULL, 169985);

INSERT INTO `ace_position` (`aceObjectId`, `positionType`, `landblockRaw`, `posX`, `posY`, `posZ`, `qW`, `qX`, `qY`, `qZ`)
VALUES (2056994871, 1, 2847146332, 109.733, 32.9863, 95, -0.7131011, 0, 0, -0.7010611);

INSERT INTO `ace_object_properties_string` (`aceObjectId`, `strPropertyId`, `propertyValue`)
VALUES (2056994871, 1, 'Beer Keg');

INSERT INTO `ace_object_properties_did` (`aceObjectId`, `didPropertyId`, `propertyValue`)
VALUES (2056994871, 8, 100667431)
     , (2056994871, 1, 33556853)
     , (2056994871, 3, 536870932)
     , (2056994871, 22, 872415275);

INSERT INTO `ace_object_properties_int` (`aceObjectId`, `intPropertyId`, `propertyValue`)
VALUES (2056994871, 53, 101)
     , (2056994871, 1, 4194304)
     , (2056994871, 5, 1000)
     , (2056994871, 16, 48)
     , (2056994871, 93, 1048);

INSERT INTO `ace_object_properties_double` (`aceObjectId`, `dblPropertyId`, `propertyValue`)
VALUES (2056994871, 54, 2);

INSERT INTO `ace_object_properties_bool` (`aceObjectId`, `boolPropertyId`, `propertyValue`)
VALUES (2056994871, 12, True)
     , (2056994871, 11, True)
     , (2056994871, 14, True);

INSERT INTO `ace_object` (`aceObjectId`, `aceObjectDescriptionFlags`, `weenieClassId`, `weenieHeaderFlags`, `currentMotionState`, `physicsDescriptionFlag`)
VALUES (2119491594, 6291512, 153, 20, NULL, 169985);

INSERT INTO `ace_position` (`aceObjectId`, `positionType`, `landblockRaw`, `posX`, `posY`, `posZ`, `qW`, `qX`, `qY`, `qZ`)
VALUES (2119491594, 1, 3847094538, 84.071, 83.96, 11.9925, -4.37114E-08, 0, 0, -1);

INSERT INTO `ace_object_properties_string` (`aceObjectId`, `strPropertyId`, `propertyValue`)
VALUES (2119491594, 1, 'Fountain');

INSERT INTO `ace_object_properties_did` (`aceObjectId`, `didPropertyId`, `propertyValue`)
VALUES (2119491594, 8, 100668104)
     , (2119491594, 1, 33555071)
     , (2119491594, 3, 536870932)
     , (2119491594, 22, 872415275)
     , (2119491594, 28, 1183);

INSERT INTO `ace_object_properties_int` (`aceObjectId`, `intPropertyId`, `propertyValue`)
VALUES (2119491594, 53, 101)
     , (2119491594, 1, 4194304)
     , (2119491594, 5, 6000)
     , (2119491594, 16, 48)
     , (2119491594, 19, 200)
     , (2119491594, 93, 1048);

INSERT INTO `ace_object_properties_double` (`aceObjectId`, `dblPropertyId`, `propertyValue`)
VALUES (2119491594, 54, 2);

INSERT INTO `ace_object_properties_bool` (`aceObjectId`, `boolPropertyId`, `propertyValue`)
VALUES (2119491594, 12, True)
     , (2119491594, 11, True)
     , (2119491594, 14, True);

INSERT INTO `ace_object` (`aceObjectId`, `aceObjectDescriptionFlags`, `weenieClassId`, `weenieHeaderFlags`, `currentMotionState`, `physicsDescriptionFlag`)
VALUES (2121588805, 2097200, 8377, 20, NULL, 169985);

INSERT INTO `ace_position` (`aceObjectId`, `positionType`, `landblockRaw`, `posX`, `posY`, `posZ`, `qW`, `qX`, `qY`, `qZ`)
VALUES (2121588805, 1, 3880649011, 131.381, 100.3, 32.9241, -4.37114E-08, 0, 0, -1);

INSERT INTO `ace_object_properties_string` (`aceObjectId`, `strPropertyId`, `propertyValue`)
VALUES (2121588805, 1, 'Beer Keg');

INSERT INTO `ace_object_properties_did` (`aceObjectId`, `didPropertyId`, `propertyValue`)
VALUES (2121588805, 8, 100667431)
     , (2121588805, 1, 33556853)
     , (2121588805, 3, 536870932)
     , (2121588805, 22, 872415275);

INSERT INTO `ace_object_properties_int` (`aceObjectId`, `intPropertyId`, `propertyValue`)
VALUES (2121588805, 53, 101)
     , (2121588805, 1, 4194304)
     , (2121588805, 5, 1000)
     , (2121588805, 16, 48)
     , (2121588805, 93, 1048);

INSERT INTO `ace_object_properties_double` (`aceObjectId`, `dblPropertyId`, `propertyValue`)
VALUES (2121588805, 54, 2);

INSERT INTO `ace_object_properties_bool` (`aceObjectId`, `boolPropertyId`, `propertyValue`)
VALUES (2121588805, 12, True)
     , (2121588805, 11, True)
     , (2121588805, 14, True);

INSERT INTO `ace_object` (`aceObjectId`, `aceObjectDescriptionFlags`, `weenieClassId`, `weenieHeaderFlags`, `currentMotionState`, `physicsDescriptionFlag`)
VALUES (2121588803, 6291512, 174, 20, NULL, 169985);

INSERT INTO `ace_position` (`aceObjectId`, `positionType`, `landblockRaw`, `posX`, `posY`, `posZ`, `qW`, `qX`, `qY`, `qZ`)
VALUES (2121588803, 1, 3880648742, 109.8, 135.48, 32, 0.796002, 0, 0, -0.605294);

INSERT INTO `ace_object_properties_string` (`aceObjectId`, `strPropertyId`, `propertyValue`)
VALUES (2121588803, 1, 'Well');

INSERT INTO `ace_object_properties_did` (`aceObjectId`, `didPropertyId`, `propertyValue`)
VALUES (2121588803, 8, 100667466)
     , (2121588803, 1, 33554816)
     , (2121588803, 3, 536870932)
     , (2121588803, 22, 872415275)
     , (2121588803, 28, 1183);

INSERT INTO `ace_object_properties_int` (`aceObjectId`, `intPropertyId`, `propertyValue`)
VALUES (2121588803, 53, 101)
     , (2121588803, 1, 4194304)
     , (2121588803, 5, 6000)
     , (2121588803, 16, 48)
     , (2121588803, 19, 200)
     , (2121588803, 93, 1048);

INSERT INTO `ace_object_properties_double` (`aceObjectId`, `dblPropertyId`, `propertyValue`)
VALUES (2121588803, 54, 2);

INSERT INTO `ace_object_properties_bool` (`aceObjectId`, `boolPropertyId`, `propertyValue`)
VALUES (2121588803, 12, True)
     , (2121588803, 11, True)
     , (2121588803, 14, True);

INSERT INTO `ace_object` (`aceObjectId`, `aceObjectDescriptionFlags`, `weenieClassId`, `weenieHeaderFlags`, `currentMotionState`, `physicsDescriptionFlag`)
VALUES (2119442442, 6291512, 171, 20, NULL, 169985);

INSERT INTO `ace_position` (`aceObjectId`, `positionType`, `landblockRaw`, `posX`, `posY`, `posZ`, `qW`, `qX`, `qY`, `qZ`)
VALUES (2119442442, 1, 3846308102, 116.412, 4.54109, 56.8, -0.3748231, 0, 0, 0.9270963);

INSERT INTO `ace_object_properties_string` (`aceObjectId`, `strPropertyId`, `propertyValue`)
VALUES (2119442442, 1, 'Vat');

INSERT INTO `ace_object_properties_did` (`aceObjectId`, `didPropertyId`, `propertyValue`)
VALUES (2119442442, 8, 100668110)
     , (2119442442, 1, 33554796)
     , (2119442442, 3, 536870932)
     , (2119442442, 22, 872415275)
     , (2119442442, 28, 1183);

INSERT INTO `ace_object_properties_int` (`aceObjectId`, `intPropertyId`, `propertyValue`)
VALUES (2119442442, 53, 101)
     , (2119442442, 1, 4194304)
     , (2119442442, 5, 6000)
     , (2119442442, 16, 48)
     , (2119442442, 19, 200)
     , (2119442442, 93, 66584);

INSERT INTO `ace_object_properties_double` (`aceObjectId`, `dblPropertyId`, `propertyValue`)
VALUES (2119442442, 54, 2);

INSERT INTO `ace_object_properties_bool` (`aceObjectId`, `boolPropertyId`, `propertyValue`)
VALUES (2119442442, 12, True)
     , (2119442442, 11, True)
     , (2119442442, 14, True);

INSERT INTO `ace_object` (`aceObjectId`, `aceObjectDescriptionFlags`, `weenieClassId`, `weenieHeaderFlags`, `currentMotionState`, `physicsDescriptionFlag`)
VALUES (2119421967, 2097200, 8377, 20, NULL, 169985);

INSERT INTO `ace_position` (`aceObjectId`, `positionType`, `landblockRaw`, `posX`, `posY`, `posZ`, `qW`, `qX`, `qY`, `qZ`)
VALUES (2119421967, 1, 3845980416, 186.998, 172.117, 96.47001, 0.0108708, 0, 0, -0.9999409);

INSERT INTO `ace_object_properties_string` (`aceObjectId`, `strPropertyId`, `propertyValue`)
VALUES (2119421967, 1, 'Beer Keg');

INSERT INTO `ace_object_properties_did` (`aceObjectId`, `didPropertyId`, `propertyValue`)
VALUES (2119421967, 8, 100667431)
     , (2119421967, 1, 33556853)
     , (2119421967, 3, 536870932)
     , (2119421967, 22, 872415275);

INSERT INTO `ace_object_properties_int` (`aceObjectId`, `intPropertyId`, `propertyValue`)
VALUES (2119421967, 53, 101)
     , (2119421967, 1, 4194304)
     , (2119421967, 5, 1000)
     , (2119421967, 16, 48)
     , (2119421967, 93, 1048);

INSERT INTO `ace_object_properties_double` (`aceObjectId`, `dblPropertyId`, `propertyValue`)
VALUES (2119421967, 54, 2);

INSERT INTO `ace_object_properties_bool` (`aceObjectId`, `boolPropertyId`, `propertyValue`)
VALUES (2119421967, 12, True)
     , (2119421967, 11, True)
     , (2119421967, 14, True);

INSERT INTO `ace_object` (`aceObjectId`, `aceObjectDescriptionFlags`, `weenieClassId`, `weenieHeaderFlags`, `currentMotionState`, `physicsDescriptionFlag`)
VALUES (2120470546, 6291512, 174, 20, NULL, 169985);

INSERT INTO `ace_position` (`aceObjectId`, `positionType`, `landblockRaw`, `posX`, `posY`, `posZ`, `qW`, `qX`, `qY`, `qZ`)
VALUES (2120470546, 1, 3862757384, 5.41515, 173.626, 96, 0.179733, 0, 0, 0.983715);

INSERT INTO `ace_object_properties_string` (`aceObjectId`, `strPropertyId`, `propertyValue`)
VALUES (2120470546, 1, 'Well');

INSERT INTO `ace_object_properties_did` (`aceObjectId`, `didPropertyId`, `propertyValue`)
VALUES (2120470546, 8, 100667466)
     , (2120470546, 1, 33554816)
     , (2120470546, 3, 536870932)
     , (2120470546, 22, 872415275)
     , (2120470546, 28, 1183);

INSERT INTO `ace_object_properties_int` (`aceObjectId`, `intPropertyId`, `propertyValue`)
VALUES (2120470546, 53, 101)
     , (2120470546, 1, 4194304)
     , (2120470546, 5, 6000)
     , (2120470546, 16, 48)
     , (2120470546, 19, 200)
     , (2120470546, 93, 1048);

INSERT INTO `ace_object_properties_double` (`aceObjectId`, `dblPropertyId`, `propertyValue`)
VALUES (2120470546, 54, 2);

INSERT INTO `ace_object_properties_bool` (`aceObjectId`, `boolPropertyId`, `propertyValue`)
VALUES (2120470546, 12, True)
     , (2120470546, 11, True)
     , (2120470546, 14, True);

INSERT INTO `ace_object` (`aceObjectId`, `aceObjectDescriptionFlags`, `weenieClassId`, `weenieHeaderFlags`, `currentMotionState`, `physicsDescriptionFlag`)
VALUES (2056994870, 6291512, 174, 20, NULL, 169985);

INSERT INTO `ace_position` (`aceObjectId`, `positionType`, `landblockRaw`, `posX`, `posY`, `posZ`, `qW`, `qX`, `qY`, `qZ`)
VALUES (2056994870, 1, 2847146015, 90.12, 157.8, 66, 1, 0, 0, 0);

INSERT INTO `ace_object_properties_string` (`aceObjectId`, `strPropertyId`, `propertyValue`)
VALUES (2056994870, 1, 'Well');

INSERT INTO `ace_object_properties_did` (`aceObjectId`, `didPropertyId`, `propertyValue`)
VALUES (2056994870, 8, 100667466)
     , (2056994870, 1, 33554816)
     , (2056994870, 3, 536870932)
     , (2056994870, 22, 872415275)
     , (2056994870, 28, 1183);

INSERT INTO `ace_object_properties_int` (`aceObjectId`, `intPropertyId`, `propertyValue`)
VALUES (2056994870, 53, 101)
     , (2056994870, 1, 4194304)
     , (2056994870, 5, 6000)
     , (2056994870, 16, 48)
     , (2056994870, 19, 200)
     , (2056994870, 93, 1048);

INSERT INTO `ace_object_properties_double` (`aceObjectId`, `dblPropertyId`, `propertyValue`)
VALUES (2056994870, 54, 2);

INSERT INTO `ace_object_properties_bool` (`aceObjectId`, `boolPropertyId`, `propertyValue`)
VALUES (2056994870, 12, True)
     , (2056994870, 11, True)
     , (2056994870, 14, True);

INSERT INTO `ace_object` (`aceObjectId`, `aceObjectDescriptionFlags`, `weenieClassId`, `weenieHeaderFlags`, `currentMotionState`, `physicsDescriptionFlag`)
VALUES (2136313867, 6291512, 165, 20, NULL, 169985);

INSERT INTO `ace_position` (`aceObjectId`, `positionType`, `landblockRaw`, `posX`, `posY`, `posZ`, `qW`, `qX`, `qY`, `qZ`)
VALUES (2136313867, 1, 4116250881, 181.248, 80.5406, 20.05, -0.9997275, 0, 0, -0.02334159);

INSERT INTO `ace_object_properties_string` (`aceObjectId`, `strPropertyId`, `propertyValue`)
VALUES (2136313867, 1, 'Pool');

INSERT INTO `ace_object_properties_did` (`aceObjectId`, `didPropertyId`, `propertyValue`)
VALUES (2136313867, 8, 100668107)
     , (2136313867, 1, 33554711)
     , (2136313867, 3, 536870932)
     , (2136313867, 22, 872415275)
     , (2136313867, 28, 1183);

INSERT INTO `ace_object_properties_int` (`aceObjectId`, `intPropertyId`, `propertyValue`)
VALUES (2136313867, 53, 101)
     , (2136313867, 1, 4194304)
     , (2136313867, 5, 6000)
     , (2136313867, 16, 48)
     , (2136313867, 19, 200)
     , (2136313867, 93, 66584);

INSERT INTO `ace_object_properties_double` (`aceObjectId`, `dblPropertyId`, `propertyValue`)
VALUES (2136313867, 54, 2);

INSERT INTO `ace_object_properties_bool` (`aceObjectId`, `boolPropertyId`, `propertyValue`)
VALUES (2136313867, 12, True)
     , (2136313867, 11, True)
     , (2136313867, 14, True);

INSERT INTO `ace_object` (`aceObjectId`, `aceObjectDescriptionFlags`, `weenieClassId`, `weenieHeaderFlags`, `currentMotionState`, `physicsDescriptionFlag`)
VALUES (2136313866, 6291512, 165, 20, NULL, 169985);

INSERT INTO `ace_position` (`aceObjectId`, `positionType`, `landblockRaw`, `posX`, `posY`, `posZ`, `qW`, `qX`, `qY`, `qZ`)
VALUES (2136313866, 1, 4116250881, 183.517, 83.1264, 20.05, -0.6988061, 0, 0, -0.7153111);

INSERT INTO `ace_object_properties_string` (`aceObjectId`, `strPropertyId`, `propertyValue`)
VALUES (2136313866, 1, 'Pool');

INSERT INTO `ace_object_properties_did` (`aceObjectId`, `didPropertyId`, `propertyValue`)
VALUES (2136313866, 8, 100668107)
     , (2136313866, 1, 33554711)
     , (2136313866, 3, 536870932)
     , (2136313866, 22, 872415275)
     , (2136313866, 28, 1183);

INSERT INTO `ace_object_properties_int` (`aceObjectId`, `intPropertyId`, `propertyValue`)
VALUES (2136313866, 53, 101)
     , (2136313866, 1, 4194304)
     , (2136313866, 5, 6000)
     , (2136313866, 16, 48)
     , (2136313866, 19, 200)
     , (2136313866, 93, 66584);

INSERT INTO `ace_object_properties_double` (`aceObjectId`, `dblPropertyId`, `propertyValue`)
VALUES (2136313866, 54, 2);

INSERT INTO `ace_object_properties_bool` (`aceObjectId`, `boolPropertyId`, `propertyValue`)
VALUES (2136313866, 12, True)
     , (2136313866, 11, True)
     , (2136313866, 14, True);

INSERT INTO `ace_object` (`aceObjectId`, `aceObjectDescriptionFlags`, `weenieClassId`, `weenieHeaderFlags`, `currentMotionState`, `physicsDescriptionFlag`)
VALUES (2136313865, 6291512, 153, 20, NULL, 169985);

INSERT INTO `ace_position` (`aceObjectId`, `positionType`, `landblockRaw`, `posX`, `posY`, `posZ`, `qW`, `qX`, `qY`, `qZ`)
VALUES (2136313865, 1, 4116250881, 184.245, 86.2221, 19.9925, -0.9999319, 0, 0, -0.0116717);

INSERT INTO `ace_object_properties_string` (`aceObjectId`, `strPropertyId`, `propertyValue`)
VALUES (2136313865, 1, 'Fountain');

INSERT INTO `ace_object_properties_did` (`aceObjectId`, `didPropertyId`, `propertyValue`)
VALUES (2136313865, 8, 100668104)
     , (2136313865, 1, 33555071)
     , (2136313865, 3, 536870932)
     , (2136313865, 22, 872415275)
     , (2136313865, 28, 1183);

INSERT INTO `ace_object_properties_int` (`aceObjectId`, `intPropertyId`, `propertyValue`)
VALUES (2136313865, 53, 101)
     , (2136313865, 1, 4194304)
     , (2136313865, 5, 6000)
     , (2136313865, 16, 48)
     , (2136313865, 19, 200)
     , (2136313865, 93, 1048);

INSERT INTO `ace_object_properties_double` (`aceObjectId`, `dblPropertyId`, `propertyValue`)
VALUES (2136313865, 54, 2);

INSERT INTO `ace_object_properties_bool` (`aceObjectId`, `boolPropertyId`, `propertyValue`)
VALUES (2136313865, 12, True)
     , (2136313865, 11, True)
     , (2136313865, 14, True);

INSERT INTO `ace_object` (`aceObjectId`, `aceObjectDescriptionFlags`, `weenieClassId`, `weenieHeaderFlags`, `currentMotionState`, `physicsDescriptionFlag`)
VALUES (2136313868, 6291512, 6441, 20, NULL, 169985);

INSERT INTO `ace_position` (`aceObjectId`, `positionType`, `landblockRaw`, `posX`, `posY`, `posZ`, `qW`, `qX`, `qY`, `qZ`)
VALUES (2136313868, 1, 4116250677, 157.873, 113.209, 20, 0.7071068, 0, 0, -0.7071068);

INSERT INTO `ace_object_properties_string` (`aceObjectId`, `strPropertyId`, `propertyValue`)
VALUES (2136313868, 1, 'Well');

INSERT INTO `ace_object_properties_did` (`aceObjectId`, `didPropertyId`, `propertyValue`)
VALUES (2136313868, 8, 100667466)
     , (2136313868, 1, 33554712)
     , (2136313868, 3, 536870932)
     , (2136313868, 22, 872415275)
     , (2136313868, 28, 1183);

INSERT INTO `ace_object_properties_int` (`aceObjectId`, `intPropertyId`, `propertyValue`)
VALUES (2136313868, 53, 101)
     , (2136313868, 1, 4194304)
     , (2136313868, 5, 6000)
     , (2136313868, 16, 48)
     , (2136313868, 19, 200)
     , (2136313868, 93, 1048);

INSERT INTO `ace_object_properties_double` (`aceObjectId`, `dblPropertyId`, `propertyValue`)
VALUES (2136313868, 54, 2);

INSERT INTO `ace_object_properties_bool` (`aceObjectId`, `boolPropertyId`, `propertyValue`)
VALUES (2136313868, 12, True)
     , (2136313868, 11, True)
     , (2136313868, 14, True);

INSERT INTO `ace_object` (`aceObjectId`, `aceObjectDescriptionFlags`, `weenieClassId`, `weenieHeaderFlags`, `currentMotionState`, `physicsDescriptionFlag`)
VALUES (2137374734, 2097200, 8377, 20, NULL, 169985);

INSERT INTO `ace_position` (`aceObjectId`, `positionType`, `landblockRaw`, `posX`, `posY`, `posZ`, `qW`, `qX`, `qY`, `qZ`)
VALUES (2137374734, 1, 4133224500, 148.157, 90.1501, 20, 0.9999932, 0, 0, -0.0036938);

INSERT INTO `ace_object_properties_string` (`aceObjectId`, `strPropertyId`, `propertyValue`)
VALUES (2137374734, 1, 'Beer Keg');

INSERT INTO `ace_object_properties_did` (`aceObjectId`, `didPropertyId`, `propertyValue`)
VALUES (2137374734, 8, 100667431)
     , (2137374734, 1, 33556853)
     , (2137374734, 3, 536870932)
     , (2137374734, 22, 872415275);

INSERT INTO `ace_object_properties_int` (`aceObjectId`, `intPropertyId`, `propertyValue`)
VALUES (2137374734, 53, 101)
     , (2137374734, 1, 4194304)
     , (2137374734, 5, 1000)
     , (2137374734, 16, 48)
     , (2137374734, 93, 1048);

INSERT INTO `ace_object_properties_double` (`aceObjectId`, `dblPropertyId`, `propertyValue`)
VALUES (2137374734, 54, 2);

INSERT INTO `ace_object_properties_bool` (`aceObjectId`, `boolPropertyId`, `propertyValue`)
VALUES (2137374734, 12, True)
     , (2137374734, 11, True)
     , (2137374734, 14, True);

INSERT INTO `ace_object` (`aceObjectId`, `aceObjectDescriptionFlags`, `weenieClassId`, `weenieHeaderFlags`, `currentMotionState`, `physicsDescriptionFlag`)
VALUES (2138423314, 6291512, 174, 20, NULL, 169985);

INSERT INTO `ace_position` (`aceObjectId`, `positionType`, `landblockRaw`, `posX`, `posY`, `posZ`, `qW`, `qX`, `qY`, `qZ`)
VALUES (2138423314, 1, 4150001675, 30.6988, 62.5421, 20, -0.727113, 0, 0, 0.686518);

INSERT INTO `ace_object_properties_string` (`aceObjectId`, `strPropertyId`, `propertyValue`)
VALUES (2138423314, 1, 'Well');

INSERT INTO `ace_object_properties_did` (`aceObjectId`, `didPropertyId`, `propertyValue`)
VALUES (2138423314, 8, 100667466)
     , (2138423314, 1, 33554816)
     , (2138423314, 3, 536870932)
     , (2138423314, 22, 872415275)
     , (2138423314, 28, 1183);

INSERT INTO `ace_object_properties_int` (`aceObjectId`, `intPropertyId`, `propertyValue`)
VALUES (2138423314, 53, 101)
     , (2138423314, 1, 4194304)
     , (2138423314, 5, 6000)
     , (2138423314, 16, 48)
     , (2138423314, 19, 200)
     , (2138423314, 93, 1048);

INSERT INTO `ace_object_properties_double` (`aceObjectId`, `dblPropertyId`, `propertyValue`)
VALUES (2138423314, 54, 2);

INSERT INTO `ace_object_properties_bool` (`aceObjectId`, `boolPropertyId`, `propertyValue`)
VALUES (2138423314, 12, True)
     , (2138423314, 11, True)
     , (2138423314, 14, True);

INSERT INTO `ace_object` (`aceObjectId`, `aceObjectDescriptionFlags`, `weenieClassId`, `weenieHeaderFlags`, `currentMotionState`, `physicsDescriptionFlag`)
VALUES (2094272566, 2097200, 8377, 20, NULL, 169985);

INSERT INTO `ace_position` (`aceObjectId`, `positionType`, `landblockRaw`, `posX`, `posY`, `posZ`, `qW`, `qX`, `qY`, `qZ`)
VALUES (2094272566, 1, 3443589376, 158.741, 115.385, 54.44, -0.714136, 0, 0, -0.700007);

INSERT INTO `ace_object_properties_string` (`aceObjectId`, `strPropertyId`, `propertyValue`)
VALUES (2094272566, 1, 'Beer Keg');

INSERT INTO `ace_object_properties_did` (`aceObjectId`, `didPropertyId`, `propertyValue`)
VALUES (2094272566, 8, 100667431)
     , (2094272566, 1, 33556853)
     , (2094272566, 3, 536870932)
     , (2094272566, 22, 872415275);

INSERT INTO `ace_object_properties_int` (`aceObjectId`, `intPropertyId`, `propertyValue`)
VALUES (2094272566, 53, 101)
     , (2094272566, 1, 4194304)
     , (2094272566, 5, 1000)
     , (2094272566, 16, 48)
     , (2094272566, 93, 1048);

INSERT INTO `ace_object_properties_double` (`aceObjectId`, `dblPropertyId`, `propertyValue`)
VALUES (2094272566, 54, 2);

INSERT INTO `ace_object_properties_bool` (`aceObjectId`, `boolPropertyId`, `propertyValue`)
VALUES (2094272566, 12, True)
     , (2094272566, 11, True)
     , (2094272566, 14, True);

INSERT INTO `ace_object` (`aceObjectId`, `aceObjectDescriptionFlags`, `weenieClassId`, `weenieHeaderFlags`, `currentMotionState`, `physicsDescriptionFlag`)
VALUES (2094272574, 6291512, 174, 20, NULL, 169985);

INSERT INTO `ace_position` (`aceObjectId`, `positionType`, `landblockRaw`, `posX`, `posY`, `posZ`, `qW`, `qX`, `qY`, `qZ`)
VALUES (2094272574, 1, 3443589158, 113.749, 133.969, 54, -0.996224, 0, 0, 0.0868228);

INSERT INTO `ace_object_properties_string` (`aceObjectId`, `strPropertyId`, `propertyValue`)
VALUES (2094272574, 1, 'Well');

INSERT INTO `ace_object_properties_did` (`aceObjectId`, `didPropertyId`, `propertyValue`)
VALUES (2094272574, 8, 100667466)
     , (2094272574, 1, 33554816)
     , (2094272574, 3, 536870932)
     , (2094272574, 22, 872415275)
     , (2094272574, 28, 1183);

INSERT INTO `ace_object_properties_int` (`aceObjectId`, `intPropertyId`, `propertyValue`)
VALUES (2094272574, 53, 101)
     , (2094272574, 1, 4194304)
     , (2094272574, 5, 6000)
     , (2094272574, 16, 48)
     , (2094272574, 19, 200)
     , (2094272574, 93, 1048);

INSERT INTO `ace_object_properties_double` (`aceObjectId`, `dblPropertyId`, `propertyValue`)
VALUES (2094272574, 54, 2);

INSERT INTO `ace_object_properties_bool` (`aceObjectId`, `boolPropertyId`, `propertyValue`)
VALUES (2094272574, 12, True)
     , (2094272574, 11, True)
     , (2094272574, 14, True);

INSERT INTO `ace_object` (`aceObjectId`, `aceObjectDescriptionFlags`, `weenieClassId`, `weenieHeaderFlags`, `currentMotionState`, `physicsDescriptionFlag`)
VALUES (2010529821, 6291512, 165, 20, NULL, 169985);

INSERT INTO `ace_position` (`aceObjectId`, `positionType`, `landblockRaw`, `posX`, `posY`, `posZ`, `qW`, `qX`, `qY`, `qZ`)
VALUES (2010529821, 1, 2103705621, 60.72, 102.36, 12.05, 1, 0, 0, 0);

INSERT INTO `ace_object_properties_string` (`aceObjectId`, `strPropertyId`, `propertyValue`)
VALUES (2010529821, 1, 'Pool');

INSERT INTO `ace_object_properties_did` (`aceObjectId`, `didPropertyId`, `propertyValue`)
VALUES (2010529821, 8, 100668107)
     , (2010529821, 1, 33554711)
     , (2010529821, 3, 536870932)
     , (2010529821, 22, 872415275)
     , (2010529821, 28, 1183);

INSERT INTO `ace_object_properties_int` (`aceObjectId`, `intPropertyId`, `propertyValue`)
VALUES (2010529821, 53, 101)
     , (2010529821, 1, 4194304)
     , (2010529821, 5, 6000)
     , (2010529821, 16, 48)
     , (2010529821, 19, 200)
     , (2010529821, 93, 66584);

INSERT INTO `ace_object_properties_double` (`aceObjectId`, `dblPropertyId`, `propertyValue`)
VALUES (2010529821, 54, 2);

INSERT INTO `ace_object_properties_bool` (`aceObjectId`, `boolPropertyId`, `propertyValue`)
VALUES (2010529821, 12, True)
     , (2010529821, 11, True)
     , (2010529821, 14, True);

INSERT INTO `ace_object` (`aceObjectId`, `aceObjectDescriptionFlags`, `weenieClassId`, `weenieHeaderFlags`, `currentMotionState`, `physicsDescriptionFlag`)
VALUES (2010529819, 2097200, 8377, 20, NULL, 169985);

INSERT INTO `ace_position` (`aceObjectId`, `positionType`, `landblockRaw`, `posX`, `posY`, `posZ`, `qW`, `qX`, `qY`, `qZ`)
VALUES (2010529819, 1, 2103705920, 91.3656, 58.5145, 12.9241, 0.7071068, 0, 0, -0.7071068);

INSERT INTO `ace_object_properties_string` (`aceObjectId`, `strPropertyId`, `propertyValue`)
VALUES (2010529819, 1, 'Beer Keg');

INSERT INTO `ace_object_properties_did` (`aceObjectId`, `didPropertyId`, `propertyValue`)
VALUES (2010529819, 8, 100667431)
     , (2010529819, 1, 33556853)
     , (2010529819, 3, 536870932)
     , (2010529819, 22, 872415275);

INSERT INTO `ace_object_properties_int` (`aceObjectId`, `intPropertyId`, `propertyValue`)
VALUES (2010529819, 53, 101)
     , (2010529819, 1, 4194304)
     , (2010529819, 5, 1000)
     , (2010529819, 16, 48)
     , (2010529819, 93, 1048);

INSERT INTO `ace_object_properties_double` (`aceObjectId`, `dblPropertyId`, `propertyValue`)
VALUES (2010529819, 54, 2);

INSERT INTO `ace_object_properties_bool` (`aceObjectId`, `boolPropertyId`, `propertyValue`)
VALUES (2010529819, 12, True)
     , (2010529819, 11, True)
     , (2010529819, 14, True);

INSERT INTO `ace_object` (`aceObjectId`, `aceObjectDescriptionFlags`, `weenieClassId`, `weenieHeaderFlags`, `currentMotionState`, `physicsDescriptionFlag`)
VALUES (2010529820, 6291512, 165, 20, NULL, 169985);

INSERT INTO `ace_position` (`aceObjectId`, `positionType`, `landblockRaw`, `posX`, `posY`, `posZ`, `qW`, `qX`, `qY`, `qZ`)
VALUES (2010529820, 1, 2103705619, 60.72, 54.84, 12.05, 1, 0, 0, 0);

INSERT INTO `ace_object_properties_string` (`aceObjectId`, `strPropertyId`, `propertyValue`)
VALUES (2010529820, 1, 'Pool');

INSERT INTO `ace_object_properties_did` (`aceObjectId`, `didPropertyId`, `propertyValue`)
VALUES (2010529820, 8, 100668107)
     , (2010529820, 1, 33554711)
     , (2010529820, 3, 536870932)
     , (2010529820, 22, 872415275)
     , (2010529820, 28, 1183);

INSERT INTO `ace_object_properties_int` (`aceObjectId`, `intPropertyId`, `propertyValue`)
VALUES (2010529820, 53, 101)
     , (2010529820, 1, 4194304)
     , (2010529820, 5, 6000)
     , (2010529820, 16, 48)
     , (2010529820, 19, 200)
     , (2010529820, 93, 66584);

INSERT INTO `ace_object_properties_double` (`aceObjectId`, `dblPropertyId`, `propertyValue`)
VALUES (2010529820, 54, 2);

INSERT INTO `ace_object_properties_bool` (`aceObjectId`, `boolPropertyId`, `propertyValue`)
VALUES (2010529820, 12, True)
     , (2010529820, 11, True)
     , (2010529820, 14, True);

INSERT INTO `ace_object` (`aceObjectId`, `aceObjectDescriptionFlags`, `weenieClassId`, `weenieHeaderFlags`, `currentMotionState`, `physicsDescriptionFlag`)
VALUES (2010525705, 6291512, 153, 20, NULL, 169985);

INSERT INTO `ace_position` (`aceObjectId`, `positionType`, `landblockRaw`, `posX`, `posY`, `posZ`, `qW`, `qX`, `qY`, `qZ`)
VALUES (2010525705, 1, 2103640076, 36.9603, 80.0736, 11.9925, 1, 0, 0, 0);

INSERT INTO `ace_object_properties_string` (`aceObjectId`, `strPropertyId`, `propertyValue`)
VALUES (2010525705, 1, 'Fountain');

INSERT INTO `ace_object_properties_did` (`aceObjectId`, `didPropertyId`, `propertyValue`)
VALUES (2010525705, 8, 100668104)
     , (2010525705, 1, 33555071)
     , (2010525705, 3, 536870932)
     , (2010525705, 22, 872415275)
     , (2010525705, 28, 1183);

INSERT INTO `ace_object_properties_int` (`aceObjectId`, `intPropertyId`, `propertyValue`)
VALUES (2010525705, 53, 101)
     , (2010525705, 1, 4194304)
     , (2010525705, 5, 6000)
     , (2010525705, 16, 48)
     , (2010525705, 19, 200)
     , (2010525705, 93, 1048);

INSERT INTO `ace_object_properties_double` (`aceObjectId`, `dblPropertyId`, `propertyValue`)
VALUES (2010525705, 54, 2);

INSERT INTO `ace_object_properties_bool` (`aceObjectId`, `boolPropertyId`, `propertyValue`)
VALUES (2010525705, 12, True)
     , (2010525705, 11, True)
     , (2010525705, 14, True);

INSERT INTO `ace_object` (`aceObjectId`, `aceObjectDescriptionFlags`, `weenieClassId`, `weenieHeaderFlags`, `currentMotionState`, `physicsDescriptionFlag`)
VALUES (2063360009, 6291512, 6441, 20, NULL, 169985);

INSERT INTO `ace_position` (`aceObjectId`, `positionType`, `landblockRaw`, `posX`, `posY`, `posZ`, `qW`, `qX`, `qY`, `qZ`)
VALUES (2063360009, 1, 2948988947, 53.7941, 49.1347, 120, -0.9991429, 0, 0, -0.0413932);

INSERT INTO `ace_object_properties_string` (`aceObjectId`, `strPropertyId`, `propertyValue`)
VALUES (2063360009, 1, 'Well');

INSERT INTO `ace_object_properties_did` (`aceObjectId`, `didPropertyId`, `propertyValue`)
VALUES (2063360009, 8, 100667466)
     , (2063360009, 1, 33554712)
     , (2063360009, 3, 536870932)
     , (2063360009, 22, 872415275)
     , (2063360009, 28, 1183);

INSERT INTO `ace_object_properties_int` (`aceObjectId`, `intPropertyId`, `propertyValue`)
VALUES (2063360009, 53, 101)
     , (2063360009, 1, 4194304)
     , (2063360009, 5, 6000)
     , (2063360009, 16, 48)
     , (2063360009, 19, 200)
     , (2063360009, 93, 1048);

INSERT INTO `ace_object_properties_double` (`aceObjectId`, `dblPropertyId`, `propertyValue`)
VALUES (2063360009, 54, 2);

INSERT INTO `ace_object_properties_bool` (`aceObjectId`, `boolPropertyId`, `propertyValue`)
VALUES (2063360009, 12, True)
     , (2063360009, 11, True)
     , (2063360009, 14, True);

INSERT INTO `ace_object` (`aceObjectId`, `aceObjectDescriptionFlags`, `weenieClassId`, `weenieHeaderFlags`, `currentMotionState`, `physicsDescriptionFlag`)
VALUES (1880932435, 6291512, 153, 20, NULL, 169985);

INSERT INTO `ace_position` (`aceObjectId`, `positionType`, `landblockRaw`, `posX`, `posY`, `posZ`, `qW`, `qX`, `qY`, `qZ`)
VALUES (1880932435, 1, 30147154, 70, -90, 29.9925, 1, 0, 0, 0);

INSERT INTO `ace_object_properties_string` (`aceObjectId`, `strPropertyId`, `propertyValue`)
VALUES (1880932435, 1, 'Fountain');

INSERT INTO `ace_object_properties_did` (`aceObjectId`, `didPropertyId`, `propertyValue`)
VALUES (1880932435, 8, 100668104)
     , (1880932435, 1, 33555071)
     , (1880932435, 3, 536870932)
     , (1880932435, 22, 872415275)
     , (1880932435, 28, 1183);

INSERT INTO `ace_object_properties_int` (`aceObjectId`, `intPropertyId`, `propertyValue`)
VALUES (1880932435, 53, 101)
     , (1880932435, 1, 4194304)
     , (1880932435, 5, 6000)
     , (1880932435, 16, 48)
     , (1880932435, 19, 200)
     , (1880932435, 93, 1048);

INSERT INTO `ace_object_properties_double` (`aceObjectId`, `dblPropertyId`, `propertyValue`)
VALUES (1880932435, 54, 2);

INSERT INTO `ace_object_properties_bool` (`aceObjectId`, `boolPropertyId`, `propertyValue`)
VALUES (1880932435, 12, True)
     , (1880932435, 11, True)
     , (1880932435, 14, True);

INSERT INTO `ace_object` (`aceObjectId`, `aceObjectDescriptionFlags`, `weenieClassId`, `weenieHeaderFlags`, `currentMotionState`, `physicsDescriptionFlag`)
VALUES (2056962051, 6291512, 152, 20, NULL, 169985);

INSERT INTO `ace_position` (`aceObjectId`, `positionType`, `landblockRaw`, `posX`, `posY`, `posZ`, `qW`, `qX`, `qY`, `qZ`)
VALUES (2056962051, 1, 2846621714, 55.2338, 31.5182, 77.36598, 0.5995468, 0, 0, 0.8003397);

INSERT INTO `ace_object_properties_string` (`aceObjectId`, `strPropertyId`, `propertyValue`)
VALUES (2056962051, 1, 'Font');

INSERT INTO `ace_object_properties_did` (`aceObjectId`, `didPropertyId`, `propertyValue`)
VALUES (2056962051, 8, 100668104)
     , (2056962051, 1, 33554710)
     , (2056962051, 3, 536870932)
     , (2056962051, 22, 872415275)
     , (2056962051, 28, 1183);

INSERT INTO `ace_object_properties_int` (`aceObjectId`, `intPropertyId`, `propertyValue`)
VALUES (2056962051, 53, 101)
     , (2056962051, 1, 4194304)
     , (2056962051, 5, 6000)
     , (2056962051, 16, 48)
     , (2056962051, 19, 200)
     , (2056962051, 93, 1048);

INSERT INTO `ace_object_properties_double` (`aceObjectId`, `dblPropertyId`, `propertyValue`)
VALUES (2056962051, 54, 2);

INSERT INTO `ace_object_properties_bool` (`aceObjectId`, `boolPropertyId`, `propertyValue`)
VALUES (2056962051, 12, True)
     , (2056962051, 11, True)
     , (2056962051, 14, True);

INSERT INTO `ace_object` (`aceObjectId`, `aceObjectDescriptionFlags`, `weenieClassId`, `weenieHeaderFlags`, `currentMotionState`, `physicsDescriptionFlag`)
VALUES (2056962054, 6291512, 174, 20, NULL, 169985);

INSERT INTO `ace_position` (`aceObjectId`, `positionType`, `landblockRaw`, `posX`, `posY`, `posZ`, `qW`, `qX`, `qY`, `qZ`)
VALUES (2056962054, 1, 2846621706, 27.0959, 31.3504, 77.38747, 0.0467018, 0, 0, -0.998909);

INSERT INTO `ace_object_properties_string` (`aceObjectId`, `strPropertyId`, `propertyValue`)
VALUES (2056962054, 1, 'Well');

INSERT INTO `ace_object_properties_did` (`aceObjectId`, `didPropertyId`, `propertyValue`)
VALUES (2056962054, 8, 100667466)
     , (2056962054, 1, 33554816)
     , (2056962054, 3, 536870932)
     , (2056962054, 22, 872415275)
     , (2056962054, 28, 1183);

INSERT INTO `ace_object_properties_int` (`aceObjectId`, `intPropertyId`, `propertyValue`)
VALUES (2056962054, 53, 101)
     , (2056962054, 1, 4194304)
     , (2056962054, 5, 6000)
     , (2056962054, 16, 48)
     , (2056962054, 19, 200)
     , (2056962054, 93, 1048);

INSERT INTO `ace_object_properties_double` (`aceObjectId`, `dblPropertyId`, `propertyValue`)
VALUES (2056962054, 54, 2);

INSERT INTO `ace_object_properties_bool` (`aceObjectId`, `boolPropertyId`, `propertyValue`)
VALUES (2056962054, 12, True)
     , (2056962054, 11, True)
     , (2056962054, 14, True);

INSERT INTO `ace_object` (`aceObjectId`, `aceObjectDescriptionFlags`, `weenieClassId`, `weenieHeaderFlags`, `currentMotionState`, `physicsDescriptionFlag`)
VALUES (1880907792, 6291512, 152, 20, NULL, 169985);

INSERT INTO `ace_position` (`aceObjectId`, `positionType`, `landblockRaw`, `posX`, `posY`, `posZ`, `qW`, `qX`, `qY`, `qZ`)
VALUES (1880907792, 1, 29753617, 23.4663, -53.4749, -6.007499, 1, 0, 0, 0);

INSERT INTO `ace_object_properties_string` (`aceObjectId`, `strPropertyId`, `propertyValue`)
VALUES (1880907792, 1, 'Font');

INSERT INTO `ace_object_properties_did` (`aceObjectId`, `didPropertyId`, `propertyValue`)
VALUES (1880907792, 8, 100668104)
     , (1880907792, 1, 33554710)
     , (1880907792, 3, 536870932)
     , (1880907792, 22, 872415275)
     , (1880907792, 28, 1183);

INSERT INTO `ace_object_properties_int` (`aceObjectId`, `intPropertyId`, `propertyValue`)
VALUES (1880907792, 53, 101)
     , (1880907792, 1, 4194304)
     , (1880907792, 5, 6000)
     , (1880907792, 16, 48)
     , (1880907792, 19, 200)
     , (1880907792, 93, 1048);

INSERT INTO `ace_object_properties_double` (`aceObjectId`, `dblPropertyId`, `propertyValue`)
VALUES (1880907792, 54, 2);

INSERT INTO `ace_object_properties_bool` (`aceObjectId`, `boolPropertyId`, `propertyValue`)
VALUES (1880907792, 12, True)
     , (1880907792, 11, True)
     , (1880907792, 14, True);

INSERT INTO `ace_object` (`aceObjectId`, `aceObjectDescriptionFlags`, `weenieClassId`, `weenieHeaderFlags`, `currentMotionState`, `physicsDescriptionFlag`)
VALUES (2119376915, 2097200, 8377, 20, NULL, 169985);

INSERT INTO `ace_position` (`aceObjectId`, `positionType`, `landblockRaw`, `posX`, `posY`, `posZ`, `qW`, `qX`, `qY`, `qZ`)
VALUES (2119376915, 1, 3845259546, 150.356, 127.738, 30.045, -0.5201841, 0, 0, -0.8540542);

INSERT INTO `ace_object_properties_string` (`aceObjectId`, `strPropertyId`, `propertyValue`)
VALUES (2119376915, 1, 'Beer Keg');

INSERT INTO `ace_object_properties_did` (`aceObjectId`, `didPropertyId`, `propertyValue`)
VALUES (2119376915, 8, 100667431)
     , (2119376915, 1, 33556853)
     , (2119376915, 3, 536870932)
     , (2119376915, 22, 872415275);

INSERT INTO `ace_object_properties_int` (`aceObjectId`, `intPropertyId`, `propertyValue`)
VALUES (2119376915, 53, 101)
     , (2119376915, 1, 4194304)
     , (2119376915, 5, 1000)
     , (2119376915, 16, 48)
     , (2119376915, 93, 1048);

INSERT INTO `ace_object_properties_double` (`aceObjectId`, `dblPropertyId`, `propertyValue`)
VALUES (2119376915, 54, 2);

INSERT INTO `ace_object_properties_bool` (`aceObjectId`, `boolPropertyId`, `propertyValue`)
VALUES (2119376915, 12, True)
     , (2119376915, 11, True)
     , (2119376915, 14, True);

INSERT INTO `ace_object` (`aceObjectId`, `aceObjectDescriptionFlags`, `weenieClassId`, `weenieHeaderFlags`, `currentMotionState`, `physicsDescriptionFlag`)
VALUES (2076831792, 2097200, 8377, 20, NULL, 169985);

INSERT INTO `ace_position` (`aceObjectId`, `positionType`, `landblockRaw`, `posX`, `posY`, `posZ`, `qW`, `qX`, `qY`, `qZ`)
VALUES (2076831792, 1, 3164537155, 83.657, 100.654, 54.92, -0.8853816, 9.994076E-08, 9.959756E-08, 0.4648648);

INSERT INTO `ace_object_properties_string` (`aceObjectId`, `strPropertyId`, `propertyValue`)
VALUES (2076831792, 1, 'Beer Keg');

INSERT INTO `ace_object_properties_did` (`aceObjectId`, `didPropertyId`, `propertyValue`)
VALUES (2076831792, 8, 100667431)
     , (2076831792, 1, 33556853)
     , (2076831792, 3, 536870932)
     , (2076831792, 22, 872415275);

INSERT INTO `ace_object_properties_int` (`aceObjectId`, `intPropertyId`, `propertyValue`)
VALUES (2076831792, 53, 101)
     , (2076831792, 1, 4194304)
     , (2076831792, 5, 1000)
     , (2076831792, 16, 48)
     , (2076831792, 93, 1048);

INSERT INTO `ace_object_properties_double` (`aceObjectId`, `dblPropertyId`, `propertyValue`)
VALUES (2076831792, 54, 2);

INSERT INTO `ace_object_properties_bool` (`aceObjectId`, `boolPropertyId`, `propertyValue`)
VALUES (2076831792, 12, True)
     , (2076831792, 11, True)
     , (2076831792, 14, True);

INSERT INTO `ace_object` (`aceObjectId`, `aceObjectDescriptionFlags`, `weenieClassId`, `weenieHeaderFlags`, `currentMotionState`, `physicsDescriptionFlag`)
VALUES (2018062365, 6291512, 174, 20, NULL, 169985);

INSERT INTO `ace_position` (`aceObjectId`, `positionType`, `landblockRaw`, `posX`, `posY`, `posZ`, `qW`, `qX`, `qY`, `qZ`)
VALUES (2018062365, 1, 2224226358, 166.815, 126.196, 224, 0.995679, 0, 0, 0.0928629);

INSERT INTO `ace_object_properties_string` (`aceObjectId`, `strPropertyId`, `propertyValue`)
VALUES (2018062365, 1, 'Well');

INSERT INTO `ace_object_properties_did` (`aceObjectId`, `didPropertyId`, `propertyValue`)
VALUES (2018062365, 8, 100667466)
     , (2018062365, 1, 33554816)
     , (2018062365, 3, 536870932)
     , (2018062365, 22, 872415275)
     , (2018062365, 28, 1183);

INSERT INTO `ace_object_properties_int` (`aceObjectId`, `intPropertyId`, `propertyValue`)
VALUES (2018062365, 53, 101)
     , (2018062365, 1, 4194304)
     , (2018062365, 5, 6000)
     , (2018062365, 16, 48)
     , (2018062365, 19, 200)
     , (2018062365, 93, 1048);

INSERT INTO `ace_object_properties_double` (`aceObjectId`, `dblPropertyId`, `propertyValue`)
VALUES (2018062365, 54, 2);

INSERT INTO `ace_object_properties_bool` (`aceObjectId`, `boolPropertyId`, `propertyValue`)
VALUES (2018062365, 12, True)
     , (2018062365, 11, True)
     , (2018062365, 14, True);

INSERT INTO `ace_object` (`aceObjectId`, `aceObjectDescriptionFlags`, `weenieClassId`, `weenieHeaderFlags`, `currentMotionState`, `physicsDescriptionFlag`)
VALUES (2113277997, 6291512, 174, 20, NULL, 169985);

INSERT INTO `ace_position` (`aceObjectId`, `positionType`, `landblockRaw`, `posX`, `posY`, `posZ`, `qW`, `qX`, `qY`, `qZ`)
VALUES (2113277997, 1, 3747676186, 73.511, 30.272, 18, 1, 0, 0, 0);

INSERT INTO `ace_object_properties_string` (`aceObjectId`, `strPropertyId`, `propertyValue`)
VALUES (2113277997, 1, 'Well');

INSERT INTO `ace_object_properties_did` (`aceObjectId`, `didPropertyId`, `propertyValue`)
VALUES (2113277997, 8, 100667466)
     , (2113277997, 1, 33554816)
     , (2113277997, 3, 536870932)
     , (2113277997, 22, 872415275)
     , (2113277997, 28, 1183);

INSERT INTO `ace_object_properties_int` (`aceObjectId`, `intPropertyId`, `propertyValue`)
VALUES (2113277997, 53, 101)
     , (2113277997, 1, 4194304)
     , (2113277997, 5, 6000)
     , (2113277997, 16, 48)
     , (2113277997, 19, 200)
     , (2113277997, 93, 1048);

INSERT INTO `ace_object_properties_double` (`aceObjectId`, `dblPropertyId`, `propertyValue`)
VALUES (2113277997, 54, 2);

INSERT INTO `ace_object_properties_bool` (`aceObjectId`, `boolPropertyId`, `propertyValue`)
VALUES (2113277997, 12, True)
     , (2113277997, 11, True)
     , (2113277997, 14, True);

INSERT INTO `ace_object` (`aceObjectId`, `aceObjectDescriptionFlags`, `weenieClassId`, `weenieHeaderFlags`, `currentMotionState`, `physicsDescriptionFlag`)
VALUES (2108117036, 2097200, 8377, 20, NULL, 169985);

INSERT INTO `ace_position` (`aceObjectId`, `positionType`, `landblockRaw`, `posX`, `posY`, `posZ`, `qW`, `qX`, `qY`, `qZ`)
VALUES (2108117036, 1, 3665101139, 156.651, 67.47, 18.92, -0.796788, 0, 0, -0.604259);

INSERT INTO `ace_object_properties_string` (`aceObjectId`, `strPropertyId`, `propertyValue`)
VALUES (2108117036, 1, 'Beer Keg');

INSERT INTO `ace_object_properties_did` (`aceObjectId`, `didPropertyId`, `propertyValue`)
VALUES (2108117036, 8, 100667431)
     , (2108117036, 1, 33556853)
     , (2108117036, 3, 536870932)
     , (2108117036, 22, 872415275);

INSERT INTO `ace_object_properties_int` (`aceObjectId`, `intPropertyId`, `propertyValue`)
VALUES (2108117036, 53, 101)
     , (2108117036, 1, 4194304)
     , (2108117036, 5, 1000)
     , (2108117036, 16, 48)
     , (2108117036, 93, 1048);

INSERT INTO `ace_object_properties_double` (`aceObjectId`, `dblPropertyId`, `propertyValue`)
VALUES (2108117036, 54, 2);

INSERT INTO `ace_object_properties_bool` (`aceObjectId`, `boolPropertyId`, `propertyValue`)
VALUES (2108117036, 12, True)
     , (2108117036, 11, True)
     , (2108117036, 14, True);

INSERT INTO `ace_object` (`aceObjectId`, `aceObjectDescriptionFlags`, `weenieClassId`, `weenieHeaderFlags`, `currentMotionState`, `physicsDescriptionFlag`)
VALUES (2108117035, 6291512, 174, 20, NULL, 169985);

INSERT INTO `ace_position` (`aceObjectId`, `positionType`, `landblockRaw`, `posX`, `posY`, `posZ`, `qW`, `qX`, `qY`, `qZ`)
VALUES (2108117035, 1, 3665100843, 132.9, 61.1895, 18, 0.0277318, 0, 0, -0.999615);

INSERT INTO `ace_object_properties_string` (`aceObjectId`, `strPropertyId`, `propertyValue`)
VALUES (2108117035, 1, 'Well');

INSERT INTO `ace_object_properties_did` (`aceObjectId`, `didPropertyId`, `propertyValue`)
VALUES (2108117035, 8, 100667466)
     , (2108117035, 1, 33554816)
     , (2108117035, 3, 536870932)
     , (2108117035, 22, 872415275)
     , (2108117035, 28, 1183);

INSERT INTO `ace_object_properties_int` (`aceObjectId`, `intPropertyId`, `propertyValue`)
VALUES (2108117035, 53, 101)
     , (2108117035, 1, 4194304)
     , (2108117035, 5, 6000)
     , (2108117035, 16, 48)
     , (2108117035, 19, 200)
     , (2108117035, 93, 1048);

INSERT INTO `ace_object_properties_double` (`aceObjectId`, `dblPropertyId`, `propertyValue`)
VALUES (2108117035, 54, 2);

INSERT INTO `ace_object_properties_bool` (`aceObjectId`, `boolPropertyId`, `propertyValue`)
VALUES (2108117035, 12, True)
     , (2108117035, 11, True)
     , (2108117035, 14, True);

INSERT INTO `ace_object` (`aceObjectId`, `aceObjectDescriptionFlags`, `weenieClassId`, `weenieHeaderFlags`, `currentMotionState`, `physicsDescriptionFlag`)
VALUES (2108928008, 6291512, 174, 20, NULL, 169985);

INSERT INTO `ace_position` (`aceObjectId`, `positionType`, `landblockRaw`, `posX`, `posY`, `posZ`, `qW`, `qX`, `qY`, `qZ`)
VALUES (2108928008, 1, 3678076990, 176.534, 134.337, 20, 0.707107, 0, 0, -0.707107);

INSERT INTO `ace_object_properties_string` (`aceObjectId`, `strPropertyId`, `propertyValue`)
VALUES (2108928008, 1, 'Well');

INSERT INTO `ace_object_properties_did` (`aceObjectId`, `didPropertyId`, `propertyValue`)
VALUES (2108928008, 8, 100667466)
     , (2108928008, 1, 33554816)
     , (2108928008, 3, 536870932)
     , (2108928008, 22, 872415275)
     , (2108928008, 28, 1183);

INSERT INTO `ace_object_properties_int` (`aceObjectId`, `intPropertyId`, `propertyValue`)
VALUES (2108928008, 53, 101)
     , (2108928008, 1, 4194304)
     , (2108928008, 5, 6000)
     , (2108928008, 16, 48)
     , (2108928008, 19, 200)
     , (2108928008, 93, 1048);

INSERT INTO `ace_object_properties_double` (`aceObjectId`, `dblPropertyId`, `propertyValue`)
VALUES (2108928008, 54, 2);

INSERT INTO `ace_object_properties_bool` (`aceObjectId`, `boolPropertyId`, `propertyValue`)
VALUES (2108928008, 12, True)
     , (2108928008, 11, True)
     , (2108928008, 14, True);

INSERT INTO `ace_object` (`aceObjectId`, `aceObjectDescriptionFlags`, `weenieClassId`, `weenieHeaderFlags`, `currentMotionState`, `physicsDescriptionFlag`)
VALUES (2107879453, 2097200, 8377, 20, NULL, 169985);

INSERT INTO `ace_position` (`aceObjectId`, `positionType`, `landblockRaw`, `posX`, `posY`, `posZ`, `qW`, `qX`, `qY`, `qZ`)
VALUES (2107879453, 1, 3661300019, 67.7712, 52.8491, 26.47, -0.3734131, 0, 0, 0.9276652);

INSERT INTO `ace_object_properties_string` (`aceObjectId`, `strPropertyId`, `propertyValue`)
VALUES (2107879453, 1, 'Beer Keg');

INSERT INTO `ace_object_properties_did` (`aceObjectId`, `didPropertyId`, `propertyValue`)
VALUES (2107879453, 8, 100667431)
     , (2107879453, 1, 33556853)
     , (2107879453, 3, 536870932)
     , (2107879453, 22, 872415275);

INSERT INTO `ace_object_properties_int` (`aceObjectId`, `intPropertyId`, `propertyValue`)
VALUES (2107879453, 53, 101)
     , (2107879453, 1, 4194304)
     , (2107879453, 5, 1000)
     , (2107879453, 16, 48)
     , (2107879453, 93, 1048);

INSERT INTO `ace_object_properties_double` (`aceObjectId`, `dblPropertyId`, `propertyValue`)
VALUES (2107879453, 54, 2);

INSERT INTO `ace_object_properties_bool` (`aceObjectId`, `boolPropertyId`, `propertyValue`)
VALUES (2107879453, 12, True)
     , (2107879453, 11, True)
     , (2107879453, 14, True);

INSERT INTO `ace_object` (`aceObjectId`, `aceObjectDescriptionFlags`, `weenieClassId`, `weenieHeaderFlags`, `currentMotionState`, `physicsDescriptionFlag`)
VALUES (2108928011, 6291512, 171, 20, NULL, 169985);

INSERT INTO `ace_position` (`aceObjectId`, `positionType`, `landblockRaw`, `posX`, `posY`, `posZ`, `qW`, `qX`, `qY`, `qZ`)
VALUES (2108928011, 1, 3678076930, 4.09604, 36.133, 0, -0.9766596, 0, 0, 0.2147929);

INSERT INTO `ace_object_properties_string` (`aceObjectId`, `strPropertyId`, `propertyValue`)
VALUES (2108928011, 1, 'Vat');

INSERT INTO `ace_object_properties_did` (`aceObjectId`, `didPropertyId`, `propertyValue`)
VALUES (2108928011, 8, 100668110)
     , (2108928011, 1, 33554796)
     , (2108928011, 3, 536870932)
     , (2108928011, 22, 872415275)
     , (2108928011, 28, 1183);

INSERT INTO `ace_object_properties_int` (`aceObjectId`, `intPropertyId`, `propertyValue`)
VALUES (2108928011, 53, 101)
     , (2108928011, 1, 4194304)
     , (2108928011, 5, 6000)
     , (2108928011, 16, 48)
     , (2108928011, 19, 200)
     , (2108928011, 93, 66584);

INSERT INTO `ace_object_properties_double` (`aceObjectId`, `dblPropertyId`, `propertyValue`)
VALUES (2108928011, 54, 2);

INSERT INTO `ace_object_properties_bool` (`aceObjectId`, `boolPropertyId`, `propertyValue`)
VALUES (2108928011, 12, True)
     , (2108928011, 11, True)
     , (2108928011, 14, True);

INSERT INTO `ace_object` (`aceObjectId`, `aceObjectDescriptionFlags`, `weenieClassId`, `weenieHeaderFlags`, `currentMotionState`, `physicsDescriptionFlag`)
VALUES (2048540720, 6291512, 174, 20, NULL, 169985);

INSERT INTO `ace_position` (`aceObjectId`, `positionType`, `landblockRaw`, `posX`, `posY`, `posZ`, `qW`, `qX`, `qY`, `qZ`)
VALUES (2048540720, 1, 2711879702, 52.08, 124.44, 50, 1, 0, 0, 0);

INSERT INTO `ace_object_properties_string` (`aceObjectId`, `strPropertyId`, `propertyValue`)
VALUES (2048540720, 1, 'Well');

INSERT INTO `ace_object_properties_did` (`aceObjectId`, `didPropertyId`, `propertyValue`)
VALUES (2048540720, 8, 100667466)
     , (2048540720, 1, 33554816)
     , (2048540720, 3, 536870932)
     , (2048540720, 22, 872415275)
     , (2048540720, 28, 1183);

INSERT INTO `ace_object_properties_int` (`aceObjectId`, `intPropertyId`, `propertyValue`)
VALUES (2048540720, 53, 101)
     , (2048540720, 1, 4194304)
     , (2048540720, 5, 6000)
     , (2048540720, 16, 48)
     , (2048540720, 19, 200)
     , (2048540720, 93, 1048);

INSERT INTO `ace_object_properties_double` (`aceObjectId`, `dblPropertyId`, `propertyValue`)
VALUES (2048540720, 54, 2);

INSERT INTO `ace_object_properties_bool` (`aceObjectId`, `boolPropertyId`, `propertyValue`)
VALUES (2048540720, 12, True)
     , (2048540720, 11, True)
     , (2048540720, 14, True);

INSERT INTO `ace_object` (`aceObjectId`, `aceObjectDescriptionFlags`, `weenieClassId`, `weenieHeaderFlags`, `currentMotionState`, `physicsDescriptionFlag`)
VALUES (2056986625, 0, 14341, 20, NULL, 32769);

INSERT INTO `ace_position` (`aceObjectId`, `positionType`, `landblockRaw`, `posX`, `posY`, `posZ`, `qW`, `qX`, `qY`, `qZ`)
VALUES (2056986625, 1, 2847014958, 135.97, 133.313, 94.44472, 1, 0, 0, 0);

INSERT INTO `ace_object_properties_string` (`aceObjectId`, `strPropertyId`, `propertyValue`)
VALUES (2056986625, 1, 'Chess Board');

INSERT INTO `ace_object_properties_did` (`aceObjectId`, `didPropertyId`, `propertyValue`)
VALUES (2056986625, 8, 100673558)
     , (2056986625, 1, 33558037);

INSERT INTO `ace_object_properties_int` (`aceObjectId`, `intPropertyId`, `propertyValue`)
VALUES (2056986625, 1, 2147483648)
     , (2056986625, 93, 1040);

INSERT INTO `ace_object_properties_bool` (`aceObjectId`, `boolPropertyId`, `propertyValue`)
VALUES (2056986625, 11, True)
     , (2056986625, 14, True);

INSERT INTO `ace_object` (`aceObjectId`, `aceObjectDescriptionFlags`, `weenieClassId`, `weenieHeaderFlags`, `currentMotionState`, `physicsDescriptionFlag`)
VALUES (2037522465, 6291512, 6441, 20, NULL, 169985);

INSERT INTO `ace_position` (`aceObjectId`, `positionType`, `landblockRaw`, `posX`, `posY`, `posZ`, `qW`, `qX`, `qY`, `qZ`)
VALUES (2037522465, 1, 2535587876, 106.92, 75.36, 102, 0.9077776, 0, 0, -0.4194518);

INSERT INTO `ace_object_properties_string` (`aceObjectId`, `strPropertyId`, `propertyValue`)
VALUES (2037522465, 1, 'Well');

INSERT INTO `ace_object_properties_did` (`aceObjectId`, `didPropertyId`, `propertyValue`)
VALUES (2037522465, 8, 100667466)
     , (2037522465, 1, 33554712)
     , (2037522465, 3, 536870932)
     , (2037522465, 22, 872415275)
     , (2037522465, 28, 1183);

INSERT INTO `ace_object_properties_int` (`aceObjectId`, `intPropertyId`, `propertyValue`)
VALUES (2037522465, 53, 101)
     , (2037522465, 1, 4194304)
     , (2037522465, 5, 6000)
     , (2037522465, 16, 48)
     , (2037522465, 19, 200)
     , (2037522465, 93, 1048);

INSERT INTO `ace_object_properties_double` (`aceObjectId`, `dblPropertyId`, `propertyValue`)
VALUES (2037522465, 54, 2);

INSERT INTO `ace_object_properties_bool` (`aceObjectId`, `boolPropertyId`, `propertyValue`)
VALUES (2037522465, 12, True)
     , (2037522465, 11, True)
     , (2037522465, 14, True);

INSERT INTO `ace_object` (`aceObjectId`, `aceObjectDescriptionFlags`, `weenieClassId`, `weenieHeaderFlags`, `currentMotionState`, `physicsDescriptionFlag`)
VALUES (2037522466, 2097200, 8377, 20, NULL, 169985);

INSERT INTO `ace_position` (`aceObjectId`, `positionType`, `landblockRaw`, `posX`, `posY`, `posZ`, `qW`, `qX`, `qY`, `qZ`)
VALUES (2037522466, 1, 2535588177, 52.9063, 114.365, 103, -0.7071068, 0, 0, -0.7071068);

INSERT INTO `ace_object_properties_string` (`aceObjectId`, `strPropertyId`, `propertyValue`)
VALUES (2037522466, 1, 'Beer Keg');

INSERT INTO `ace_object_properties_did` (`aceObjectId`, `didPropertyId`, `propertyValue`)
VALUES (2037522466, 8, 100667431)
     , (2037522466, 1, 33556853)
     , (2037522466, 3, 536870932)
     , (2037522466, 22, 872415275);

INSERT INTO `ace_object_properties_int` (`aceObjectId`, `intPropertyId`, `propertyValue`)
VALUES (2037522466, 53, 101)
     , (2037522466, 1, 4194304)
     , (2037522466, 5, 1000)
     , (2037522466, 16, 48)
     , (2037522466, 93, 1048);

INSERT INTO `ace_object_properties_double` (`aceObjectId`, `dblPropertyId`, `propertyValue`)
VALUES (2037522466, 54, 2);

INSERT INTO `ace_object_properties_bool` (`aceObjectId`, `boolPropertyId`, `propertyValue`)
VALUES (2037522466, 12, True)
     , (2037522466, 11, True)
     , (2037522466, 14, True);

INSERT INTO `ace_object` (`aceObjectId`, `aceObjectDescriptionFlags`, `weenieClassId`, `weenieHeaderFlags`, `currentMotionState`, `physicsDescriptionFlag`)
VALUES (2112163846, 6291512, 174, 20, NULL, 169985);

INSERT INTO `ace_position` (`aceObjectId`, `positionType`, `landblockRaw`, `posX`, `posY`, `posZ`, `qW`, `qX`, `qY`, `qZ`)
VALUES (2112163846, 1, 3729850383, 39.5841, 145.69, 16, 0.478784, 0, 0, 0.877933);

INSERT INTO `ace_object_properties_string` (`aceObjectId`, `strPropertyId`, `propertyValue`)
VALUES (2112163846, 1, 'Well');

INSERT INTO `ace_object_properties_did` (`aceObjectId`, `didPropertyId`, `propertyValue`)
VALUES (2112163846, 8, 100667466)
     , (2112163846, 1, 33554816)
     , (2112163846, 3, 536870932)
     , (2112163846, 22, 872415275)
     , (2112163846, 28, 1183);

INSERT INTO `ace_object_properties_int` (`aceObjectId`, `intPropertyId`, `propertyValue`)
VALUES (2112163846, 53, 101)
     , (2112163846, 1, 4194304)
     , (2112163846, 5, 6000)
     , (2112163846, 16, 48)
     , (2112163846, 19, 200)
     , (2112163846, 93, 1048);

INSERT INTO `ace_object_properties_double` (`aceObjectId`, `dblPropertyId`, `propertyValue`)
VALUES (2112163846, 54, 2);

INSERT INTO `ace_object_properties_bool` (`aceObjectId`, `boolPropertyId`, `propertyValue`)
VALUES (2112163846, 12, True)
     , (2112163846, 11, True)
     , (2112163846, 14, True);

INSERT INTO `ace_object` (`aceObjectId`, `aceObjectDescriptionFlags`, `weenieClassId`, `weenieHeaderFlags`, `currentMotionState`, `physicsDescriptionFlag`)
VALUES (2107985992, 2097200, 8377, 20, NULL, 169985);

INSERT INTO `ace_position` (`aceObjectId`, `positionType`, `landblockRaw`, `posX`, `posY`, `posZ`, `qW`, `qX`, `qY`, `qZ`)
VALUES (2107985992, 1, 3663004073, 17.7459, 55.4723, 25.24, 0.5783533, 0, 0, -0.8157864);

INSERT INTO `ace_object_properties_string` (`aceObjectId`, `strPropertyId`, `propertyValue`)
VALUES (2107985992, 1, 'Beer Keg');

INSERT INTO `ace_object_properties_did` (`aceObjectId`, `didPropertyId`, `propertyValue`)
VALUES (2107985992, 8, 100667431)
     , (2107985992, 1, 33556853)
     , (2107985992, 3, 536870932)
     , (2107985992, 22, 872415275);

INSERT INTO `ace_object_properties_int` (`aceObjectId`, `intPropertyId`, `propertyValue`)
VALUES (2107985992, 53, 101)
     , (2107985992, 1, 4194304)
     , (2107985992, 5, 1000)
     , (2107985992, 16, 48)
     , (2107985992, 93, 1048);

INSERT INTO `ace_object_properties_double` (`aceObjectId`, `dblPropertyId`, `propertyValue`)
VALUES (2107985992, 54, 2);

INSERT INTO `ace_object_properties_bool` (`aceObjectId`, `boolPropertyId`, `propertyValue`)
VALUES (2107985992, 12, True)
     , (2107985992, 11, True)
     , (2107985992, 14, True);

INSERT INTO `ace_object` (`aceObjectId`, `aceObjectDescriptionFlags`, `weenieClassId`, `weenieHeaderFlags`, `currentMotionState`, `physicsDescriptionFlag`)
VALUES (2107985990, 6291512, 153, 20, NULL, 169985);

INSERT INTO `ace_position` (`aceObjectId`, `positionType`, `landblockRaw`, `posX`, `posY`, `posZ`, `qW`, `qX`, `qY`, `qZ`)
VALUES (2107985990, 1, 3663003677, 89.52, 112.68, 19.9925, 1, 0, 0, 0);

INSERT INTO `ace_object_properties_string` (`aceObjectId`, `strPropertyId`, `propertyValue`)
VALUES (2107985990, 1, 'Fountain');

INSERT INTO `ace_object_properties_did` (`aceObjectId`, `didPropertyId`, `propertyValue`)
VALUES (2107985990, 8, 100668104)
     , (2107985990, 1, 33555071)
     , (2107985990, 3, 536870932)
     , (2107985990, 22, 872415275)
     , (2107985990, 28, 1183);

INSERT INTO `ace_object_properties_int` (`aceObjectId`, `intPropertyId`, `propertyValue`)
VALUES (2107985990, 53, 101)
     , (2107985990, 1, 4194304)
     , (2107985990, 5, 6000)
     , (2107985990, 16, 48)
     , (2107985990, 19, 200)
     , (2107985990, 93, 1048);

INSERT INTO `ace_object_properties_double` (`aceObjectId`, `dblPropertyId`, `propertyValue`)
VALUES (2107985990, 54, 2);

INSERT INTO `ace_object_properties_bool` (`aceObjectId`, `boolPropertyId`, `propertyValue`)
VALUES (2107985990, 12, True)
     , (2107985990, 11, True)
     , (2107985990, 14, True);

INSERT INTO `ace_object` (`aceObjectId`, `aceObjectDescriptionFlags`, `weenieClassId`, `weenieHeaderFlags`, `currentMotionState`, `physicsDescriptionFlag`)
VALUES (2107985991, 6291512, 174, 20, NULL, 169985);

INSERT INTO `ace_position` (`aceObjectId`, `positionType`, `landblockRaw`, `posX`, `posY`, `posZ`, `qW`, `qX`, `qY`, `qZ`)
VALUES (2107985991, 1, 3663003677, 78.12, 101.52, 20, 1, 0, 0, 0);

INSERT INTO `ace_object_properties_string` (`aceObjectId`, `strPropertyId`, `propertyValue`)
VALUES (2107985991, 1, 'Well');

INSERT INTO `ace_object_properties_did` (`aceObjectId`, `didPropertyId`, `propertyValue`)
VALUES (2107985991, 8, 100667466)
     , (2107985991, 1, 33554816)
     , (2107985991, 3, 536870932)
     , (2107985991, 22, 872415275)
     , (2107985991, 28, 1183);

INSERT INTO `ace_object_properties_int` (`aceObjectId`, `intPropertyId`, `propertyValue`)
VALUES (2107985991, 53, 101)
     , (2107985991, 1, 4194304)
     , (2107985991, 5, 6000)
     , (2107985991, 16, 48)
     , (2107985991, 19, 200)
     , (2107985991, 93, 1048);

INSERT INTO `ace_object_properties_double` (`aceObjectId`, `dblPropertyId`, `propertyValue`)
VALUES (2107985991, 54, 2);

INSERT INTO `ace_object_properties_bool` (`aceObjectId`, `boolPropertyId`, `propertyValue`)
VALUES (2107985991, 12, True)
     , (2107985991, 11, True)
     , (2107985991, 14, True);

INSERT INTO `ace_object` (`aceObjectId`, `aceObjectDescriptionFlags`, `weenieClassId`, `weenieHeaderFlags`, `currentMotionState`, `physicsDescriptionFlag`)
VALUES (2036162576, 2097200, 8377, 20, NULL, 169985);

INSERT INTO `ace_position` (`aceObjectId`, `positionType`, `landblockRaw`, `posX`, `posY`, `posZ`, `qW`, `qX`, `qY`, `qZ`)
VALUES (2036162576, 1, 2513829917, 75.3668, 101.969, 101.0261, 0.9995306, 0, 0, -0.03063619);

INSERT INTO `ace_object_properties_string` (`aceObjectId`, `strPropertyId`, `propertyValue`)
VALUES (2036162576, 1, 'Beer Keg');

INSERT INTO `ace_object_properties_did` (`aceObjectId`, `didPropertyId`, `propertyValue`)
VALUES (2036162576, 8, 100667431)
     , (2036162576, 1, 33556853)
     , (2036162576, 3, 536870932)
     , (2036162576, 22, 872415275);

INSERT INTO `ace_object_properties_int` (`aceObjectId`, `intPropertyId`, `propertyValue`)
VALUES (2036162576, 53, 101)
     , (2036162576, 1, 4194304)
     , (2036162576, 5, 1000)
     , (2036162576, 16, 48)
     , (2036162576, 93, 1048);

INSERT INTO `ace_object_properties_double` (`aceObjectId`, `dblPropertyId`, `propertyValue`)
VALUES (2036162576, 54, 2);

INSERT INTO `ace_object_properties_bool` (`aceObjectId`, `boolPropertyId`, `propertyValue`)
VALUES (2036162576, 12, True)
     , (2036162576, 11, True)
     , (2036162576, 14, True);

INSERT INTO `ace_object` (`aceObjectId`, `aceObjectDescriptionFlags`, `weenieClassId`, `weenieHeaderFlags`, `currentMotionState`, `physicsDescriptionFlag`)
VALUES (2036162563, 6291512, 174, 20, NULL, 169985);

INSERT INTO `ace_position` (`aceObjectId`, `positionType`, `landblockRaw`, `posX`, `posY`, `posZ`, `qW`, `qX`, `qY`, `qZ`)
VALUES (2036162563, 1, 2513829907, 68.196, 66.8089, 100, -4.37114E-08, 0, 0, -1);

INSERT INTO `ace_object_properties_string` (`aceObjectId`, `strPropertyId`, `propertyValue`)
VALUES (2036162563, 1, 'Well');

INSERT INTO `ace_object_properties_did` (`aceObjectId`, `didPropertyId`, `propertyValue`)
VALUES (2036162563, 8, 100667466)
     , (2036162563, 1, 33554816)
     , (2036162563, 3, 536870932)
     , (2036162563, 22, 872415275)
     , (2036162563, 28, 1183);

INSERT INTO `ace_object_properties_int` (`aceObjectId`, `intPropertyId`, `propertyValue`)
VALUES (2036162563, 53, 101)
     , (2036162563, 1, 4194304)
     , (2036162563, 5, 6000)
     , (2036162563, 16, 48)
     , (2036162563, 19, 200)
     , (2036162563, 93, 1048);

INSERT INTO `ace_object_properties_double` (`aceObjectId`, `dblPropertyId`, `propertyValue`)
VALUES (2036162563, 54, 2);

INSERT INTO `ace_object_properties_bool` (`aceObjectId`, `boolPropertyId`, `propertyValue`)
VALUES (2036162563, 12, True)
     , (2036162563, 11, True)
     , (2036162563, 14, True);

INSERT INTO `ace_object` (`aceObjectId`, `aceObjectDescriptionFlags`, `weenieClassId`, `weenieHeaderFlags`, `currentMotionState`, `physicsDescriptionFlag`)
VALUES (2013855774, 2097200, 8377, 20, NULL, 169985);

INSERT INTO `ace_position` (`aceObjectId`, `positionType`, `landblockRaw`, `posX`, `posY`, `posZ`, `qW`, `qX`, `qY`, `qZ`)
VALUES (2013855774, 1, 2156921131, 53.4989, 122.976, 123.7, -4.37114E-08, 0, 0, -1);

INSERT INTO `ace_object_properties_string` (`aceObjectId`, `strPropertyId`, `propertyValue`)
VALUES (2013855774, 1, 'Beer Keg');

INSERT INTO `ace_object_properties_did` (`aceObjectId`, `didPropertyId`, `propertyValue`)
VALUES (2013855774, 8, 100667431)
     , (2013855774, 1, 33556853)
     , (2013855774, 3, 536870932)
     , (2013855774, 22, 872415275);

INSERT INTO `ace_object_properties_int` (`aceObjectId`, `intPropertyId`, `propertyValue`)
VALUES (2013855774, 53, 101)
     , (2013855774, 1, 4194304)
     , (2013855774, 5, 1000)
     , (2013855774, 16, 48)
     , (2013855774, 93, 1048);

INSERT INTO `ace_object_properties_double` (`aceObjectId`, `dblPropertyId`, `propertyValue`)
VALUES (2013855774, 54, 2);

INSERT INTO `ace_object_properties_bool` (`aceObjectId`, `boolPropertyId`, `propertyValue`)
VALUES (2013855774, 12, True)
     , (2013855774, 11, True)
     , (2013855774, 14, True);

INSERT INTO `ace_object` (`aceObjectId`, `aceObjectDescriptionFlags`, `weenieClassId`, `weenieHeaderFlags`, `currentMotionState`, `physicsDescriptionFlag`)
VALUES (2013855761, 6291512, 6441, 20, NULL, 169985);

INSERT INTO `ace_position` (`aceObjectId`, `positionType`, `landblockRaw`, `posX`, `posY`, `posZ`, `qW`, `qX`, `qY`, `qZ`)
VALUES (2013855761, 1, 2156920843, 30, 50, 124, 1, 0, 0, 0);

INSERT INTO `ace_object_properties_string` (`aceObjectId`, `strPropertyId`, `propertyValue`)
VALUES (2013855761, 1, 'Well');

INSERT INTO `ace_object_properties_did` (`aceObjectId`, `didPropertyId`, `propertyValue`)
VALUES (2013855761, 8, 100667466)
     , (2013855761, 1, 33554712)
     , (2013855761, 3, 536870932)
     , (2013855761, 22, 872415275)
     , (2013855761, 28, 1183);

INSERT INTO `ace_object_properties_int` (`aceObjectId`, `intPropertyId`, `propertyValue`)
VALUES (2013855761, 53, 101)
     , (2013855761, 1, 4194304)
     , (2013855761, 5, 6000)
     , (2013855761, 16, 48)
     , (2013855761, 19, 200)
     , (2013855761, 93, 1048);

INSERT INTO `ace_object_properties_double` (`aceObjectId`, `dblPropertyId`, `propertyValue`)
VALUES (2013855761, 54, 2);

INSERT INTO `ace_object_properties_bool` (`aceObjectId`, `boolPropertyId`, `propertyValue`)
VALUES (2013855761, 12, True)
     , (2013855761, 11, True)
     , (2013855761, 14, True);

INSERT INTO `ace_object` (`aceObjectId`, `aceObjectDescriptionFlags`, `weenieClassId`, `weenieHeaderFlags`, `currentMotionState`, `physicsDescriptionFlag`)
VALUES (2013855775, 6291512, 165, 20, NULL, 169985);

INSERT INTO `ace_position` (`aceObjectId`, `positionType`, `landblockRaw`, `posX`, `posY`, `posZ`, `qW`, `qX`, `qY`, `qZ`)
VALUES (2013855775, 1, 2156920853, 52.68, 99.24, 124.05, 1, 0, 0, 0);

INSERT INTO `ace_object_properties_string` (`aceObjectId`, `strPropertyId`, `propertyValue`)
VALUES (2013855775, 1, 'Pool');

INSERT INTO `ace_object_properties_did` (`aceObjectId`, `didPropertyId`, `propertyValue`)
VALUES (2013855775, 8, 100668107)
     , (2013855775, 1, 33554711)
     , (2013855775, 3, 536870932)
     , (2013855775, 22, 872415275)
     , (2013855775, 28, 1183);

INSERT INTO `ace_object_properties_int` (`aceObjectId`, `intPropertyId`, `propertyValue`)
VALUES (2013855775, 53, 101)
     , (2013855775, 1, 4194304)
     , (2013855775, 5, 6000)
     , (2013855775, 16, 48)
     , (2013855775, 19, 200)
     , (2013855775, 93, 66584);

INSERT INTO `ace_object_properties_double` (`aceObjectId`, `dblPropertyId`, `propertyValue`)
VALUES (2013855775, 54, 2);

INSERT INTO `ace_object_properties_bool` (`aceObjectId`, `boolPropertyId`, `propertyValue`)
VALUES (2013855775, 12, True)
     , (2013855775, 11, True)
     , (2013855775, 14, True);

INSERT INTO `ace_object` (`aceObjectId`, `aceObjectDescriptionFlags`, `weenieClassId`, `weenieHeaderFlags`, `currentMotionState`, `physicsDescriptionFlag`)
VALUES (2013855770, 6291512, 6441, 20, NULL, 169985);

INSERT INTO `ace_position` (`aceObjectId`, `positionType`, `landblockRaw`, `posX`, `posY`, `posZ`, `qW`, `qX`, `qY`, `qZ`)
VALUES (2013855770, 1, 2156920854, 54.6, 131.52, 124, 1, 0, 0, 0);

INSERT INTO `ace_object_properties_string` (`aceObjectId`, `strPropertyId`, `propertyValue`)
VALUES (2013855770, 1, 'Well');

INSERT INTO `ace_object_properties_did` (`aceObjectId`, `didPropertyId`, `propertyValue`)
VALUES (2013855770, 8, 100667466)
     , (2013855770, 1, 33554712)
     , (2013855770, 3, 536870932)
     , (2013855770, 22, 872415275)
     , (2013855770, 28, 1183);

INSERT INTO `ace_object_properties_int` (`aceObjectId`, `intPropertyId`, `propertyValue`)
VALUES (2013855770, 53, 101)
     , (2013855770, 1, 4194304)
     , (2013855770, 5, 6000)
     , (2013855770, 16, 48)
     , (2013855770, 19, 200)
     , (2013855770, 93, 1048);

INSERT INTO `ace_object_properties_double` (`aceObjectId`, `dblPropertyId`, `propertyValue`)
VALUES (2013855770, 54, 2);

INSERT INTO `ace_object_properties_bool` (`aceObjectId`, `boolPropertyId`, `propertyValue`)
VALUES (2013855770, 12, True)
     , (2013855770, 11, True)
     , (2013855770, 14, True);

INSERT INTO `ace_object` (`aceObjectId`, `aceObjectDescriptionFlags`, `weenieClassId`, `weenieHeaderFlags`, `currentMotionState`, `physicsDescriptionFlag`)
VALUES (2119376914, 6291512, 174, 20, NULL, 169985);

INSERT INTO `ace_position` (`aceObjectId`, `positionType`, `landblockRaw`, `posX`, `posY`, `posZ`, `qW`, `qX`, `qY`, `qZ`)
VALUES (2119376914, 1, 3845259266, 19.771, 28.5105, 28, 0.945802, 0, 0, -0.324743);

INSERT INTO `ace_object_properties_string` (`aceObjectId`, `strPropertyId`, `propertyValue`)
VALUES (2119376914, 1, 'Well');

INSERT INTO `ace_object_properties_did` (`aceObjectId`, `didPropertyId`, `propertyValue`)
VALUES (2119376914, 8, 100667466)
     , (2119376914, 1, 33554816)
     , (2119376914, 3, 536870932)
     , (2119376914, 22, 872415275)
     , (2119376914, 28, 1183);

INSERT INTO `ace_object_properties_int` (`aceObjectId`, `intPropertyId`, `propertyValue`)
VALUES (2119376914, 53, 101)
     , (2119376914, 1, 4194304)
     , (2119376914, 5, 6000)
     , (2119376914, 16, 48)
     , (2119376914, 19, 200)
     , (2119376914, 93, 1048);

INSERT INTO `ace_object_properties_double` (`aceObjectId`, `dblPropertyId`, `propertyValue`)
VALUES (2119376914, 54, 2);

INSERT INTO `ace_object_properties_bool` (`aceObjectId`, `boolPropertyId`, `propertyValue`)
VALUES (2119376914, 12, True)
     , (2119376914, 11, True)
     , (2119376914, 14, True);

INSERT INTO `ace_object` (`aceObjectId`, `aceObjectDescriptionFlags`, `weenieClassId`, `weenieHeaderFlags`, `currentMotionState`, `physicsDescriptionFlag`)
VALUES (2134999050, 6291512, 8550, 22, NULL, 170113);

INSERT INTO `ace_position` (`aceObjectId`, `positionType`, `landblockRaw`, `posX`, `posY`, `posZ`, `qW`, `qX`, `qY`, `qZ`)
VALUES (2134999050, 1, 4095213594, 82.398, 43.23, 159.9, 0.7071068, 0, 0, -0.7071068);

INSERT INTO `ace_object_properties_string` (`aceObjectId`, `strPropertyId`, `propertyValue`)
VALUES (2134999050, 1, 'Adja''s Well');

INSERT INTO `ace_object_properties_did` (`aceObjectId`, `didPropertyId`, `propertyValue`)
VALUES (2134999050, 8, 100667466)
     , (2134999050, 1, 33554712)
     , (2134999050, 3, 536870932)
     , (2134999050, 22, 872415275)
     , (2134999050, 28, 686);

INSERT INTO `ace_object_properties_int` (`aceObjectId`, `intPropertyId`, `propertyValue`)
VALUES (2134999050, 53, 101)
     , (2134999050, 1, 4194304)
     , (2134999050, 5, 6000)
     , (2134999050, 16, 48)
     , (2134999050, 19, 200)
     , (2134999050, 93, 1048);

INSERT INTO `ace_object_properties_double` (`aceObjectId`, `dblPropertyId`, `propertyValue`)
VALUES (2134999050, 54, 2)
     , (2134999050, 39, 1.25);

INSERT INTO `ace_object_properties_bool` (`aceObjectId`, `boolPropertyId`, `propertyValue`)
VALUES (2134999050, 12, True)
     , (2134999050, 11, True)
     , (2134999050, 14, True);

INSERT INTO `ace_object` (`aceObjectId`, `aceObjectDescriptionFlags`, `weenieClassId`, `weenieHeaderFlags`, `currentMotionState`, `physicsDescriptionFlag`)
VALUES (2031452168, 2097200, 8377, 20, NULL, 169985);

INSERT INTO `ace_position` (`aceObjectId`, `positionType`, `landblockRaw`, `posX`, `posY`, `posZ`, `qW`, `qX`, `qY`, `qZ`)
VALUES (2031452168, 1, 2438463747, 12.591, 114.298, 0.793, -0.9024498, 0, 0, -0.4307949);

INSERT INTO `ace_object_properties_string` (`aceObjectId`, `strPropertyId`, `propertyValue`)
VALUES (2031452168, 1, 'Beer Keg');

INSERT INTO `ace_object_properties_did` (`aceObjectId`, `didPropertyId`, `propertyValue`)
VALUES (2031452168, 8, 100667431)
     , (2031452168, 1, 33556853)
     , (2031452168, 3, 536870932)
     , (2031452168, 22, 872415275);

INSERT INTO `ace_object_properties_int` (`aceObjectId`, `intPropertyId`, `propertyValue`)
VALUES (2031452168, 53, 101)
     , (2031452168, 1, 4194304)
     , (2031452168, 5, 1000)
     , (2031452168, 16, 48)
     , (2031452168, 93, 1048);

INSERT INTO `ace_object_properties_double` (`aceObjectId`, `dblPropertyId`, `propertyValue`)
VALUES (2031452168, 54, 2);

INSERT INTO `ace_object_properties_bool` (`aceObjectId`, `boolPropertyId`, `propertyValue`)
VALUES (2031452168, 12, True)
     , (2031452168, 11, True)
     , (2031452168, 14, True);

INSERT INTO `ace_object` (`aceObjectId`, `aceObjectDescriptionFlags`, `weenieClassId`, `weenieHeaderFlags`, `currentMotionState`, `physicsDescriptionFlag`)
VALUES (2041491458, 6291512, 6441, 20, NULL, 169985);

INSERT INTO `ace_position` (`aceObjectId`, `positionType`, `landblockRaw`, `posX`, `posY`, `posZ`, `qW`, `qX`, `qY`, `qZ`)
VALUES (2041491458, 1, 2599092254, 88.2309, 130.8, 20, -0.8691356, 0, 0, -0.4945738);

INSERT INTO `ace_object_properties_string` (`aceObjectId`, `strPropertyId`, `propertyValue`)
VALUES (2041491458, 1, 'Well');

INSERT INTO `ace_object_properties_did` (`aceObjectId`, `didPropertyId`, `propertyValue`)
VALUES (2041491458, 8, 100667466)
     , (2041491458, 1, 33554712)
     , (2041491458, 3, 536870932)
     , (2041491458, 22, 872415275)
     , (2041491458, 28, 1183);

INSERT INTO `ace_object_properties_int` (`aceObjectId`, `intPropertyId`, `propertyValue`)
VALUES (2041491458, 53, 101)
     , (2041491458, 1, 4194304)
     , (2041491458, 5, 6000)
     , (2041491458, 16, 48)
     , (2041491458, 19, 200)
     , (2041491458, 93, 1048);

INSERT INTO `ace_object_properties_double` (`aceObjectId`, `dblPropertyId`, `propertyValue`)
VALUES (2041491458, 54, 2);

INSERT INTO `ace_object_properties_bool` (`aceObjectId`, `boolPropertyId`, `propertyValue`)
VALUES (2041491458, 12, True)
     , (2041491458, 11, True)
     , (2041491458, 14, True);

INSERT INTO `ace_object` (`aceObjectId`, `aceObjectDescriptionFlags`, `weenieClassId`, `weenieHeaderFlags`, `currentMotionState`, `physicsDescriptionFlag`)
VALUES (2105888768, 6291512, 153, 20, NULL, 169985);

INSERT INTO `ace_position` (`aceObjectId`, `positionType`, `landblockRaw`, `posX`, `posY`, `posZ`, `qW`, `qX`, `qY`, `qZ`)
VALUES (2105888768, 1, 3629449254, 119.745, 120.013, 27.99358, 0.9238797, 0, 0, -0.3826829);

INSERT INTO `ace_object_properties_string` (`aceObjectId`, `strPropertyId`, `propertyValue`)
VALUES (2105888768, 1, 'Fountain');

INSERT INTO `ace_object_properties_did` (`aceObjectId`, `didPropertyId`, `propertyValue`)
VALUES (2105888768, 8, 100668104)
     , (2105888768, 1, 33555071)
     , (2105888768, 3, 536870932)
     , (2105888768, 22, 872415275)
     , (2105888768, 28, 1183);

INSERT INTO `ace_object_properties_int` (`aceObjectId`, `intPropertyId`, `propertyValue`)
VALUES (2105888768, 53, 101)
     , (2105888768, 1, 4194304)
     , (2105888768, 5, 6000)
     , (2105888768, 16, 48)
     , (2105888768, 19, 200)
     , (2105888768, 93, 1048);

INSERT INTO `ace_object_properties_double` (`aceObjectId`, `dblPropertyId`, `propertyValue`)
VALUES (2105888768, 54, 2);

INSERT INTO `ace_object_properties_bool` (`aceObjectId`, `boolPropertyId`, `propertyValue`)
VALUES (2105888768, 12, True)
     , (2105888768, 11, True)
     , (2105888768, 14, True);

INSERT INTO `ace_object` (`aceObjectId`, `aceObjectDescriptionFlags`, `weenieClassId`, `weenieHeaderFlags`, `currentMotionState`, `physicsDescriptionFlag`)
VALUES (2105888778, 0, 14341, 20, NULL, 32769);

INSERT INTO `ace_position` (`aceObjectId`, `positionType`, `landblockRaw`, `posX`, `posY`, `posZ`, `qW`, `qX`, `qY`, `qZ`)
VALUES (2105888778, 1, 3629449229, 31, 106, 26.44472, 1, 0, 0, 0);

INSERT INTO `ace_object_properties_string` (`aceObjectId`, `strPropertyId`, `propertyValue`)
VALUES (2105888778, 1, 'Chess Board');

INSERT INTO `ace_object_properties_did` (`aceObjectId`, `didPropertyId`, `propertyValue`)
VALUES (2105888778, 8, 100673558)
     , (2105888778, 1, 33558037);

INSERT INTO `ace_object_properties_int` (`aceObjectId`, `intPropertyId`, `propertyValue`)
VALUES (2105888778, 1, 2147483648)
     , (2105888778, 93, 1040);

INSERT INTO `ace_object_properties_bool` (`aceObjectId`, `boolPropertyId`, `propertyValue`)
VALUES (2105888778, 11, True)
     , (2105888778, 14, True);

INSERT INTO `ace_object` (`aceObjectId`, `aceObjectDescriptionFlags`, `weenieClassId`, `weenieHeaderFlags`, `currentMotionState`, `physicsDescriptionFlag`)
VALUES (2097496078, 6291512, 174, 20, NULL, 169985);

INSERT INTO `ace_position` (`aceObjectId`, `positionType`, `landblockRaw`, `posX`, `posY`, `posZ`, `qW`, `qX`, `qY`, `qZ`)
VALUES (2097496078, 1, 3495165972, 66.175, 78.477, 238, 0.707107, 0, 0, -0.707107);

INSERT INTO `ace_object_properties_string` (`aceObjectId`, `strPropertyId`, `propertyValue`)
VALUES (2097496078, 1, 'Well');

INSERT INTO `ace_object_properties_did` (`aceObjectId`, `didPropertyId`, `propertyValue`)
VALUES (2097496078, 8, 100667466)
     , (2097496078, 1, 33554816)
     , (2097496078, 3, 536870932)
     , (2097496078, 22, 872415275)
     , (2097496078, 28, 1183);

INSERT INTO `ace_object_properties_int` (`aceObjectId`, `intPropertyId`, `propertyValue`)
VALUES (2097496078, 53, 101)
     , (2097496078, 1, 4194304)
     , (2097496078, 5, 6000)
     , (2097496078, 16, 48)
     , (2097496078, 19, 200)
     , (2097496078, 93, 1048);

INSERT INTO `ace_object_properties_double` (`aceObjectId`, `dblPropertyId`, `propertyValue`)
VALUES (2097496078, 54, 2);

INSERT INTO `ace_object_properties_bool` (`aceObjectId`, `boolPropertyId`, `propertyValue`)
VALUES (2097496078, 12, True)
     , (2097496078, 11, True)
     , (2097496078, 14, True);

INSERT INTO `ace_object` (`aceObjectId`, `aceObjectDescriptionFlags`, `weenieClassId`, `weenieHeaderFlags`, `currentMotionState`, `physicsDescriptionFlag`)
VALUES (2019065876, 6291512, 174, 20, NULL, 169985);

INSERT INTO `ace_position` (`aceObjectId`, `positionType`, `landblockRaw`, `posX`, `posY`, `posZ`, `qW`, `qX`, `qY`, `qZ`)
VALUES (2019065876, 1, 2240282646, 56.2507, 120.015, 86, 0.274904, 0, 0, -0.961472);

INSERT INTO `ace_object_properties_string` (`aceObjectId`, `strPropertyId`, `propertyValue`)
VALUES (2019065876, 1, 'Well');

INSERT INTO `ace_object_properties_did` (`aceObjectId`, `didPropertyId`, `propertyValue`)
VALUES (2019065876, 8, 100667466)
     , (2019065876, 1, 33554816)
     , (2019065876, 3, 536870932)
     , (2019065876, 22, 872415275)
     , (2019065876, 28, 1183);

INSERT INTO `ace_object_properties_int` (`aceObjectId`, `intPropertyId`, `propertyValue`)
VALUES (2019065876, 53, 101)
     , (2019065876, 1, 4194304)
     , (2019065876, 5, 6000)
     , (2019065876, 16, 48)
     , (2019065876, 19, 200)
     , (2019065876, 93, 1048);

INSERT INTO `ace_object_properties_double` (`aceObjectId`, `dblPropertyId`, `propertyValue`)
VALUES (2019065876, 54, 2);

INSERT INTO `ace_object_properties_bool` (`aceObjectId`, `boolPropertyId`, `propertyValue`)
VALUES (2019065876, 12, True)
     , (2019065876, 11, True)
     , (2019065876, 14, True);

INSERT INTO `ace_object` (`aceObjectId`, `aceObjectDescriptionFlags`, `weenieClassId`, `weenieHeaderFlags`, `currentMotionState`, `physicsDescriptionFlag`)
VALUES (1931304963, 6291512, 165, 20, NULL, 169985);

INSERT INTO `ace_position` (`aceObjectId`, `positionType`, `landblockRaw`, `posX`, `posY`, `posZ`, `qW`, `qX`, `qY`, `qZ`)
VALUES (1931304963, 1, 836108607, 44, 116, 90.05, -0.7071068, 0, 0, -0.7071068);

INSERT INTO `ace_object_properties_string` (`aceObjectId`, `strPropertyId`, `propertyValue`)
VALUES (1931304963, 1, 'Pool');

INSERT INTO `ace_object_properties_did` (`aceObjectId`, `didPropertyId`, `propertyValue`)
VALUES (1931304963, 8, 100668107)
     , (1931304963, 1, 33554711)
     , (1931304963, 3, 536870932)
     , (1931304963, 22, 872415275)
     , (1931304963, 28, 1183);

INSERT INTO `ace_object_properties_int` (`aceObjectId`, `intPropertyId`, `propertyValue`)
VALUES (1931304963, 53, 101)
     , (1931304963, 1, 4194304)
     , (1931304963, 5, 6000)
     , (1931304963, 16, 48)
     , (1931304963, 19, 200)
     , (1931304963, 93, 66584);

INSERT INTO `ace_object_properties_double` (`aceObjectId`, `dblPropertyId`, `propertyValue`)
VALUES (1931304963, 54, 2);

INSERT INTO `ace_object_properties_bool` (`aceObjectId`, `boolPropertyId`, `propertyValue`)
VALUES (1931304963, 12, True)
     , (1931304963, 11, True)
     , (1931304963, 14, True);

INSERT INTO `ace_object` (`aceObjectId`, `aceObjectDescriptionFlags`, `weenieClassId`, `weenieHeaderFlags`, `currentMotionState`, `physicsDescriptionFlag`)
VALUES (1924063239, 2097200, 8377, 20, NULL, 169985);

INSERT INTO `ace_position` (`aceObjectId`, `positionType`, `landblockRaw`, `posX`, `posY`, `posZ`, `qW`, `qX`, `qY`, `qZ`)
VALUES (1924063239, 1, 720240896, 139.3, 91.5, 100.805, 1, 0, 0, 0);

INSERT INTO `ace_object_properties_string` (`aceObjectId`, `strPropertyId`, `propertyValue`)
VALUES (1924063239, 1, 'Beer Keg');

INSERT INTO `ace_object_properties_did` (`aceObjectId`, `didPropertyId`, `propertyValue`)
VALUES (1924063239, 8, 100667431)
     , (1924063239, 1, 33556853)
     , (1924063239, 3, 536870932)
     , (1924063239, 22, 872415275);

INSERT INTO `ace_object_properties_int` (`aceObjectId`, `intPropertyId`, `propertyValue`)
VALUES (1924063239, 53, 101)
     , (1924063239, 1, 4194304)
     , (1924063239, 5, 1000)
     , (1924063239, 16, 48)
     , (1924063239, 93, 1048);

INSERT INTO `ace_object_properties_double` (`aceObjectId`, `dblPropertyId`, `propertyValue`)
VALUES (1924063239, 54, 2);

INSERT INTO `ace_object_properties_bool` (`aceObjectId`, `boolPropertyId`, `propertyValue`)
VALUES (1924063239, 12, True)
     , (1924063239, 11, True)
     , (1924063239, 14, True);

INSERT INTO `ace_object` (`aceObjectId`, `aceObjectDescriptionFlags`, `weenieClassId`, `weenieHeaderFlags`, `currentMotionState`, `physicsDescriptionFlag`)
VALUES (1999667237, 2621464, 24064, 20, 'AAA9AAAAAAA=', 102531);

INSERT INTO `ace_position` (`aceObjectId`, `positionType`, `landblockRaw`, `posX`, `posY`, `posZ`, `qW`, `qX`, `qY`, `qZ`)
VALUES (1999667237, 1, 1929904152, 52.1616, 177.012, 13.0035, -0.328968, 0, 0, -0.9443411);

INSERT INTO `ace_object_properties_string` (`aceObjectId`, `strPropertyId`, `propertyValue`)
VALUES (1999667237, 1, 'Oxidized Statue');

INSERT INTO `ace_object_properties_did` (`aceObjectId`, `didPropertyId`, `propertyValue`)
VALUES (1999667237, 8, 100667446)
     , (1999667237, 1, 33554433)
     , (1999667237, 2, 150995206)
     , (1999667237, 22, 872415349)
     , (1999667237, 6, 67108990);

INSERT INTO `ace_object_properties_int` (`aceObjectId`, `intPropertyId`, `propertyValue`)
VALUES (1999667237, 1, 2048)
     , (1999667237, 5, 5000)
     , (1999667237, 94, 16)
     , (1999667237, 16, 1)
     , (1999667237, 19, 10000)
     , (1999667237, 93, 1044);

INSERT INTO `ace_object_properties_double` (`aceObjectId`, `dblPropertyId`, `propertyValue`)
VALUES (1999667237, 39, 0.7);

INSERT INTO `ace_object_properties_bool` (`aceObjectId`, `boolPropertyId`, `propertyValue`)
VALUES (1999667237, 13, True)
     , (1999667237, 11, True)
     , (1999667237, 14, True);

INSERT INTO `ace_object_palette_change` (`aceObjectId`, `subPaletteId`, `offset`, `length`)
VALUES (1999667237, 67113844, 0, 0);

INSERT INTO `ace_object_texture_map_change` (`aceObjectId`, `index`, `oldId`, `newId`)
VALUES (1999667237, 0, 83892345, 83894047)
     , (1999667237, 0, 83892344, 83894047)
     , (1999667237, 1, 83892352, 83894040)
     , (1999667237, 2, 83892351, 83894041)
     , (1999667237, 5, 83892352, 83894040)
     , (1999667237, 6, 83892351, 83894041)
     , (1999667237, 3, 83889344, 83894036)
     , (1999667237, 4, 83887068, 83894037)
     , (1999667237, 7, 83889344, 83894036)
     , (1999667237, 8, 83887068, 83894037)
     , (1999667237, 9, 83887061, 83894043)
     , (1999667237, 9, 83887060, 83894046)
     , (1999667237, 10, 83892347, 83894038)
     , (1999667237, 11, 83892346, 83894045)
     , (1999667237, 13, 83892347, 83894038)
     , (1999667237, 14, 83892346, 83894045)
     , (1999667237, 12, 83887059, 83894050)
     , (1999667237, 15, 83887059, 83894050)
     , (1999667237, 16, 83893921, 83894067);

INSERT INTO `ace_object_animation_change` (`aceObjectId`, `index`, `animationId`)
VALUES (1999667237, 0, 16783894)
     , (1999667237, 1, 16783912)
     , (1999667237, 2, 16783918)
     , (1999667237, 5, 16783916)
     , (1999667237, 6, 16783920)
     , (1999667237, 3, 16777292)
     , (1999667237, 4, 16777291)
     , (1999667237, 7, 16777296)
     , (1999667237, 8, 16777298)
     , (1999667237, 9, 16781837)
     , (1999667237, 10, 16783863)
     , (1999667237, 11, 16783855)
     , (1999667237, 13, 16783871)
     , (1999667237, 14, 16783855)
     , (1999667237, 12, 16777334)
     , (1999667237, 15, 16777335)
     , (1999667237, 16, 16787671);

INSERT INTO `ace_object` (`aceObjectId`, `aceObjectDescriptionFlags`, `weenieClassId`, `weenieHeaderFlags`, `currentMotionState`, `physicsDescriptionFlag`)
VALUES (1999667252, 2424856, 24057, 20, NULL, 169985);

INSERT INTO `ace_position` (`aceObjectId`, `positionType`, `landblockRaw`, `posX`, `posY`, `posZ`, `qW`, `qX`, `qY`, `qZ`)
VALUES (1999667252, 1, 1929904384, 60.2402, 183.265, 12, -0.285622, 0, 0, -0.958342);

INSERT INTO `ace_object_properties_string` (`aceObjectId`, `strPropertyId`, `propertyValue`)
VALUES (1999667252, 1, 'Fish Boots');

INSERT INTO `ace_object_properties_did` (`aceObjectId`, `didPropertyId`, `propertyValue`)
VALUES (1999667252, 8, 100669159)
     , (1999667252, 1, 33558223)
     , (1999667252, 3, 536870932)
     , (1999667252, 22, 872415275);

INSERT INTO `ace_object_properties_int` (`aceObjectId`, `intPropertyId`, `propertyValue`)
VALUES (1999667252, 53, 101)
     , (1999667252, 1, 2)
     , (1999667252, 5, 200)
     , (1999667252, 16, 1)
     , (1999667252, 9, 384)
     , (1999667252, 19, 10)
     , (1999667252, 4, 65536)
     , (1999667252, 93, 1044);

INSERT INTO `ace_object_properties_bool` (`aceObjectId`, `boolPropertyId`, `propertyValue`)
VALUES (1999667252, 13, True)
     , (1999667252, 11, True)
     , (1999667252, 14, True);

INSERT INTO `ace_object` (`aceObjectId`, `aceObjectDescriptionFlags`, `weenieClassId`, `weenieHeaderFlags`, `currentMotionState`, `physicsDescriptionFlag`)
VALUES (1999667232, 2621464, 24060, 20, 'AAA9AAAAAAA=', 102531);

INSERT INTO `ace_position` (`aceObjectId`, `positionType`, `landblockRaw`, `posX`, `posY`, `posZ`, `qW`, `qX`, `qY`, `qZ`)
VALUES (1999667232, 1, 1929904160, 91.4406, 170.868, 12.0007, 0.2393319, 0, 0, -0.9709378);

INSERT INTO `ace_object_properties_string` (`aceObjectId`, `strPropertyId`, `propertyValue`)
VALUES (1999667232, 1, 'Decorative Bronze Statue ');

INSERT INTO `ace_object_properties_did` (`aceObjectId`, `didPropertyId`, `propertyValue`)
VALUES (1999667232, 8, 100667939)
     , (1999667232, 1, 33554489)
     , (1999667232, 2, 150995208)
     , (1999667232, 22, 872415386)
     , (1999667232, 6, 67109313);

INSERT INTO `ace_object_properties_int` (`aceObjectId`, `intPropertyId`, `propertyValue`)
VALUES (1999667232, 1, 2048)
     , (1999667232, 5, 5000)
     , (1999667232, 94, 16)
     , (1999667232, 16, 1)
     , (1999667232, 19, 20000)
     , (1999667232, 93, 1044);

INSERT INTO `ace_object_properties_double` (`aceObjectId`, `dblPropertyId`, `propertyValue`)
VALUES (1999667232, 39, 0.7);

INSERT INTO `ace_object_properties_bool` (`aceObjectId`, `boolPropertyId`, `propertyValue`)
VALUES (1999667232, 13, True)
     , (1999667232, 11, True)
     , (1999667232, 14, True);

INSERT INTO `ace_object_palette_change` (`aceObjectId`, `subPaletteId`, `offset`, `length`)
VALUES (1999667232, 67113845, 0, 0);

INSERT INTO `ace_object_texture_map_change` (`aceObjectId`, `index`, `oldId`, `newId`)
VALUES (1999667232, 0, 83886190, 83894056)
     , (1999667232, 0, 83886186, 83894059)
     , (1999667232, 0, 83886187, 83894062)
     , (1999667232, 0, 83886188, 83894060)
     , (1999667232, 0, 83886185, 83894063)
     , (1999667232, 0, 83886196, 83894061)
     , (1999667232, 0, 83886191, 83894053)
     , (1999667232, 0, 83886192, 83894054)
     , (1999667232, 0, 83886193, 83894057)
     , (1999667232, 0, 83886194, 83894058)
     , (1999667232, 0, 83886195, 83894055)
     , (1999667232, 0, 83886189, 83894064)
     , (1999667232, 1, 83886190, 83894056)
     , (1999667232, 1, 83886186, 83894059)
     , (1999667232, 1, 83886187, 83894062)
     , (1999667232, 1, 83886188, 83894060)
     , (1999667232, 1, 83886185, 83894063)
     , (1999667232, 1, 83886196, 83894061)
     , (1999667232, 1, 83886191, 83894053)
     , (1999667232, 1, 83886192, 83894054)
     , (1999667232, 1, 83886193, 83894057)
     , (1999667232, 1, 83886194, 83894058)
     , (1999667232, 1, 83886195, 83894055)
     , (1999667232, 1, 83886189, 83894064)
     , (1999667232, 2, 83886190, 83894056)
     , (1999667232, 2, 83886186, 83894059)
     , (1999667232, 2, 83886187, 83894062)
     , (1999667232, 2, 83886188, 83894060)
     , (1999667232, 2, 83886185, 83894063)
     , (1999667232, 2, 83886196, 83894061)
     , (1999667232, 2, 83886191, 83894053)
     , (1999667232, 2, 83886192, 83894054)
     , (1999667232, 2, 83886193, 83894057)
     , (1999667232, 2, 83886194, 83894058)
     , (1999667232, 2, 83886195, 83894055)
     , (1999667232, 2, 83886189, 83894064)
     , (1999667232, 3, 83886190, 83894056)
     , (1999667232, 3, 83886186, 83894059)
     , (1999667232, 3, 83886187, 83894062)
     , (1999667232, 3, 83886188, 83894060)
     , (1999667232, 3, 83886185, 83894063)
     , (1999667232, 3, 83886196, 83894061)
     , (1999667232, 3, 83886191, 83894053)
     , (1999667232, 3, 83886192, 83894054)
     , (1999667232, 3, 83886193, 83894057)
     , (1999667232, 3, 83886194, 83894058)
     , (1999667232, 3, 83886195, 83894055)
     , (1999667232, 3, 83886189, 83894064)
     , (1999667232, 4, 83886190, 83894056)
     , (1999667232, 4, 83886186, 83894059)
     , (1999667232, 4, 83886187, 83894062)
     , (1999667232, 4, 83886188, 83894060)
     , (1999667232, 4, 83886185, 83894063)
     , (1999667232, 4, 83886196, 83894061)
     , (1999667232, 4, 83886191, 83894053)
     , (1999667232, 4, 83886192, 83894054)
     , (1999667232, 4, 83886193, 83894057)
     , (1999667232, 4, 83886194, 83894058)
     , (1999667232, 4, 83886195, 83894055)
     , (1999667232, 4, 83886189, 83894064)
     , (1999667232, 5, 83886190, 83894056)
     , (1999667232, 5, 83886186, 83894059)
     , (1999667232, 5, 83886187, 83894062)
     , (1999667232, 5, 83886188, 83894060)
     , (1999667232, 5, 83886185, 83894063)
     , (1999667232, 5, 83886196, 83894061)
     , (1999667232, 5, 83886191, 83894053)
     , (1999667232, 5, 83886192, 83894054)
     , (1999667232, 5, 83886193, 83894057)
     , (1999667232, 5, 83886194, 83894058)
     , (1999667232, 5, 83886195, 83894055)
     , (1999667232, 5, 83886189, 83894064)
     , (1999667232, 6, 83886190, 83894056)
     , (1999667232, 6, 83886186, 83894059)
     , (1999667232, 6, 83886187, 83894062)
     , (1999667232, 6, 83886188, 83894060)
     , (1999667232, 6, 83886185, 83894063)
     , (1999667232, 6, 83886196, 83894061)
     , (1999667232, 6, 83886191, 83894053)
     , (1999667232, 6, 83886192, 83894054)
     , (1999667232, 6, 83886193, 83894057)
     , (1999667232, 6, 83886194, 83894058)
     , (1999667232, 6, 83886195, 83894055)
     , (1999667232, 6, 83886189, 83894064)
     , (1999667232, 7, 83886190, 83894056)
     , (1999667232, 7, 83886186, 83894059)
     , (1999667232, 7, 83886187, 83894062)
     , (1999667232, 7, 83886188, 83894060)
     , (1999667232, 7, 83886185, 83894063)
     , (1999667232, 7, 83886196, 83894061)
     , (1999667232, 7, 83886191, 83894053)
     , (1999667232, 7, 83886192, 83894054)
     , (1999667232, 7, 83886193, 83894057)
     , (1999667232, 7, 83886194, 83894058)
     , (1999667232, 7, 83886195, 83894055)
     , (1999667232, 7, 83886189, 83894064)
     , (1999667232, 8, 83886190, 83894056)
     , (1999667232, 8, 83886186, 83894059)
     , (1999667232, 8, 83886187, 83894062)
     , (1999667232, 8, 83886188, 83894060)
     , (1999667232, 8, 83886185, 83894063)
     , (1999667232, 8, 83886196, 83894061)
     , (1999667232, 8, 83886191, 83894053)
     , (1999667232, 8, 83886192, 83894054)
     , (1999667232, 8, 83886193, 83894057)
     , (1999667232, 8, 83886194, 83894058)
     , (1999667232, 8, 83886195, 83894055)
     , (1999667232, 8, 83886189, 83894064)
     , (1999667232, 9, 83886190, 83894056)
     , (1999667232, 9, 83886186, 83894059)
     , (1999667232, 9, 83886187, 83894062)
     , (1999667232, 9, 83886188, 83894060)
     , (1999667232, 9, 83886185, 83894063)
     , (1999667232, 9, 83886196, 83894061)
     , (1999667232, 9, 83886191, 83894053)
     , (1999667232, 9, 83886192, 83894054)
     , (1999667232, 9, 83886193, 83894057)
     , (1999667232, 9, 83886194, 83894058)
     , (1999667232, 9, 83886195, 83894055)
     , (1999667232, 9, 83886189, 83894064)
     , (1999667232, 10, 83886190, 83894056)
     , (1999667232, 10, 83886186, 83894059)
     , (1999667232, 10, 83886187, 83894062)
     , (1999667232, 10, 83886188, 83894060)
     , (1999667232, 10, 83886185, 83894063)
     , (1999667232, 10, 83886196, 83894061)
     , (1999667232, 10, 83886191, 83894053)
     , (1999667232, 10, 83886192, 83894054)
     , (1999667232, 10, 83886193, 83894057)
     , (1999667232, 10, 83886194, 83894058)
     , (1999667232, 10, 83886195, 83894055)
     , (1999667232, 10, 83886189, 83894064)
     , (1999667232, 11, 83886190, 83894056)
     , (1999667232, 11, 83886186, 83894059)
     , (1999667232, 11, 83886187, 83894062)
     , (1999667232, 11, 83886188, 83894060)
     , (1999667232, 11, 83886185, 83894063)
     , (1999667232, 11, 83886196, 83894061)
     , (1999667232, 11, 83886191, 83894053)
     , (1999667232, 11, 83886192, 83894054)
     , (1999667232, 11, 83886193, 83894057)
     , (1999667232, 11, 83886194, 83894058)
     , (1999667232, 11, 83886195, 83894055)
     , (1999667232, 11, 83886189, 83894064)
     , (1999667232, 12, 83886190, 83894056)
     , (1999667232, 12, 83886186, 83894059)
     , (1999667232, 12, 83886187, 83894062)
     , (1999667232, 12, 83886188, 83894060)
     , (1999667232, 12, 83886185, 83894063)
     , (1999667232, 12, 83886196, 83894061)
     , (1999667232, 12, 83886191, 83894053)
     , (1999667232, 12, 83886192, 83894054)
     , (1999667232, 12, 83886193, 83894057)
     , (1999667232, 12, 83886194, 83894058)
     , (1999667232, 12, 83886195, 83894055)
     , (1999667232, 12, 83886189, 83894064);

INSERT INTO `ace_object_animation_change` (`aceObjectId`, `index`, `animationId`)
VALUES (1999667232, 0, 16777846)
     , (1999667232, 1, 16777847)
     , (1999667232, 2, 16777848)
     , (1999667232, 3, 16777855)
     , (1999667232, 4, 16777854)
     , (1999667232, 5, 16777856)
     , (1999667232, 6, 16777850)
     , (1999667232, 7, 16777853)
     , (1999667232, 8, 16777856)
     , (1999667232, 9, 16777850)
     , (1999667232, 10, 16777859)
     , (1999667232, 11, 16777856)
     , (1999667232, 12, 16777851);

INSERT INTO `ace_object` (`aceObjectId`, `aceObjectDescriptionFlags`, `weenieClassId`, `weenieHeaderFlags`, `currentMotionState`, `physicsDescriptionFlag`)
VALUES (1999667233, 2621464, 24061, 20, 'AAA9AAAAAAA=', 102531);

INSERT INTO `ace_position` (`aceObjectId`, `positionType`, `landblockRaw`, `posX`, `posY`, `posZ`, `qW`, `qX`, `qY`, `qZ`)
VALUES (1999667233, 1, 1929904160, 93.5983, 169.106, 12.00175, -0.6363162, 0, 0, -0.7714283);

INSERT INTO `ace_object_properties_string` (`aceObjectId`, `strPropertyId`, `propertyValue`)
VALUES (1999667233, 1, 'Oxidized Statue ');

INSERT INTO `ace_object_properties_did` (`aceObjectId`, `didPropertyId`, `propertyValue`)
VALUES (1999667233, 8, 100669124)
     , (1999667233, 1, 33554521)
     , (1999667233, 2, 150995211)
     , (1999667233, 22, 872415349)
     , (1999667233, 6, 67111266);

INSERT INTO `ace_object_properties_int` (`aceObjectId`, `intPropertyId`, `propertyValue`)
VALUES (1999667233, 1, 2048)
     , (1999667233, 5, 5000)
     , (1999667233, 94, 16)
     , (1999667233, 16, 1)
     , (1999667233, 19, 10000)
     , (1999667233, 93, 1044);

INSERT INTO `ace_object_properties_double` (`aceObjectId`, `dblPropertyId`, `propertyValue`)
VALUES (1999667233, 39, 0.7);

INSERT INTO `ace_object_properties_bool` (`aceObjectId`, `boolPropertyId`, `propertyValue`)
VALUES (1999667233, 13, True)
     , (1999667233, 11, True)
     , (1999667233, 14, True);

INSERT INTO `ace_object_palette_change` (`aceObjectId`, `subPaletteId`, `offset`, `length`)
VALUES (1999667233, 67116534, 0, 0);

INSERT INTO `ace_object` (`aceObjectId`, `aceObjectDescriptionFlags`, `weenieClassId`, `weenieHeaderFlags`, `currentMotionState`, `physicsDescriptionFlag`)
VALUES (1999667234, 2621464, 24063, 20, 'AAA9AAAAAAA=', 102531);

INSERT INTO `ace_position` (`aceObjectId`, `positionType`, `landblockRaw`, `posX`, `posY`, `posZ`, `qW`, `qX`, `qY`, `qZ`)
VALUES (1999667234, 1, 1929904160, 91.8261, 168.499, 12.0203, -0.2454209, 0, 0, -0.9694166);

INSERT INTO `ace_object_properties_string` (`aceObjectId`, `strPropertyId`, `propertyValue`)
VALUES (1999667234, 1, 'Decorative Bronze Statue ');

INSERT INTO `ace_object_properties_did` (`aceObjectId`, `didPropertyId`, `propertyValue`)
VALUES (1999667234, 8, 100667943)
     , (1999667234, 1, 33554497)
     , (1999667234, 2, 150995213)
     , (1999667234, 22, 872415273)
     , (1999667234, 6, 67111346);

INSERT INTO `ace_object_properties_int` (`aceObjectId`, `intPropertyId`, `propertyValue`)
VALUES (1999667234, 1, 2048)
     , (1999667234, 5, 5000)
     , (1999667234, 94, 16)
     , (1999667234, 16, 1)
     , (1999667234, 19, 20000)
     , (1999667234, 93, 1044);

INSERT INTO `ace_object_properties_double` (`aceObjectId`, `dblPropertyId`, `propertyValue`)
VALUES (1999667234, 39, 0.7);

INSERT INTO `ace_object_properties_bool` (`aceObjectId`, `boolPropertyId`, `propertyValue`)
VALUES (1999667234, 13, True)
     , (1999667234, 11, True)
     , (1999667234, 14, True);

INSERT INTO `ace_object_palette_change` (`aceObjectId`, `subPaletteId`, `offset`, `length`)
VALUES (1999667234, 67113829, 0, 0);

INSERT INTO `ace_object_texture_map_change` (`aceObjectId`, `index`, `oldId`, `newId`)
VALUES (1999667234, 9, 83890028, 83890028);

INSERT INTO `ace_object_animation_change` (`aceObjectId`, `index`, `animationId`)
VALUES (1999667234, 9, 16780702);

INSERT INTO `ace_object` (`aceObjectId`, `aceObjectDescriptionFlags`, `weenieClassId`, `weenieHeaderFlags`, `currentMotionState`, `physicsDescriptionFlag`)
VALUES (1999667235, 2621464, 24062, 20, 'AAA9AAAAAAA=', 102531);

INSERT INTO `ace_position` (`aceObjectId`, `positionType`, `landblockRaw`, `posX`, `posY`, `posZ`, `qW`, `qX`, `qY`, `qZ`)
VALUES (1999667235, 1, 1929904160, 92.094, 169.003, 12.0203, 0.9829947, 0, 0, -0.183634);

INSERT INTO `ace_object_properties_string` (`aceObjectId`, `strPropertyId`, `propertyValue`)
VALUES (1999667235, 1, 'Oxidized Statue ');

INSERT INTO `ace_object_properties_did` (`aceObjectId`, `didPropertyId`, `propertyValue`)
VALUES (1999667235, 8, 100667943)
     , (1999667235, 1, 33554497)
     , (1999667235, 2, 150995213)
     , (1999667235, 22, 872415273)
     , (1999667235, 6, 67111346);

INSERT INTO `ace_object_properties_int` (`aceObjectId`, `intPropertyId`, `propertyValue`)
VALUES (1999667235, 1, 2048)
     , (1999667235, 5, 5000)
     , (1999667235, 94, 16)
     , (1999667235, 16, 1)
     , (1999667235, 19, 10000)
     , (1999667235, 93, 1044);

INSERT INTO `ace_object_properties_double` (`aceObjectId`, `dblPropertyId`, `propertyValue`)
VALUES (1999667235, 39, 0.7);

INSERT INTO `ace_object_properties_bool` (`aceObjectId`, `boolPropertyId`, `propertyValue`)
VALUES (1999667235, 13, True)
     , (1999667235, 11, True)
     , (1999667235, 14, True);

INSERT INTO `ace_object_palette_change` (`aceObjectId`, `subPaletteId`, `offset`, `length`)
VALUES (1999667235, 67113828, 0, 0);

INSERT INTO `ace_object_texture_map_change` (`aceObjectId`, `index`, `oldId`, `newId`)
VALUES (1999667235, 9, 83890028, 83890028);

INSERT INTO `ace_object_animation_change` (`aceObjectId`, `index`, `animationId`)
VALUES (1999667235, 9, 16780702);

INSERT INTO `ace_object` (`aceObjectId`, `aceObjectDescriptionFlags`, `weenieClassId`, `weenieHeaderFlags`, `currentMotionState`, `physicsDescriptionFlag`)
VALUES (1999667236, 2621464, 24064, 20, 'AAA9AAAAAAA=', 102531);

INSERT INTO `ace_position` (`aceObjectId`, `positionType`, `landblockRaw`, `posX`, `posY`, `posZ`, `qW`, `qX`, `qY`, `qZ`)
VALUES (1999667236, 1, 1929904159, 91.2141, 167.182, 12.0035, 0.9760141, 0, 0, -0.217707);

INSERT INTO `ace_object_properties_string` (`aceObjectId`, `strPropertyId`, `propertyValue`)
VALUES (1999667236, 1, 'Oxidized Statue');

INSERT INTO `ace_object_properties_did` (`aceObjectId`, `didPropertyId`, `propertyValue`)
VALUES (1999667236, 8, 100667446)
     , (1999667236, 1, 33554433)
     , (1999667236, 2, 150995206)
     , (1999667236, 22, 872415349)
     , (1999667236, 6, 67108990);

INSERT INTO `ace_object_properties_int` (`aceObjectId`, `intPropertyId`, `propertyValue`)
VALUES (1999667236, 1, 2048)
     , (1999667236, 5, 5000)
     , (1999667236, 94, 16)
     , (1999667236, 16, 1)
     , (1999667236, 19, 10000)
     , (1999667236, 93, 1044);

INSERT INTO `ace_object_properties_double` (`aceObjectId`, `dblPropertyId`, `propertyValue`)
VALUES (1999667236, 39, 0.7);

INSERT INTO `ace_object_properties_bool` (`aceObjectId`, `boolPropertyId`, `propertyValue`)
VALUES (1999667236, 13, True)
     , (1999667236, 11, True)
     , (1999667236, 14, True);

INSERT INTO `ace_object_palette_change` (`aceObjectId`, `subPaletteId`, `offset`, `length`)
VALUES (1999667236, 67113844, 0, 0);

INSERT INTO `ace_object_texture_map_change` (`aceObjectId`, `index`, `oldId`, `newId`)
VALUES (1999667236, 0, 83892345, 83894047)
     , (1999667236, 0, 83892344, 83894047)
     , (1999667236, 1, 83892352, 83894040)
     , (1999667236, 2, 83892351, 83894041)
     , (1999667236, 5, 83892352, 83894040)
     , (1999667236, 6, 83892351, 83894041)
     , (1999667236, 3, 83889344, 83894036)
     , (1999667236, 4, 83887068, 83894037)
     , (1999667236, 7, 83889344, 83894036)
     , (1999667236, 8, 83887068, 83894037)
     , (1999667236, 9, 83887061, 83894043)
     , (1999667236, 9, 83887060, 83894046)
     , (1999667236, 10, 83892347, 83894038)
     , (1999667236, 11, 83892346, 83894045)
     , (1999667236, 13, 83892347, 83894038)
     , (1999667236, 14, 83892346, 83894045)
     , (1999667236, 12, 83887059, 83894050)
     , (1999667236, 15, 83887059, 83894050)
     , (1999667236, 16, 83893921, 83894067);

INSERT INTO `ace_object_animation_change` (`aceObjectId`, `index`, `animationId`)
VALUES (1999667236, 0, 16783894)
     , (1999667236, 1, 16783912)
     , (1999667236, 2, 16783918)
     , (1999667236, 5, 16783916)
     , (1999667236, 6, 16783920)
     , (1999667236, 3, 16777292)
     , (1999667236, 4, 16777291)
     , (1999667236, 7, 16777296)
     , (1999667236, 8, 16777298)
     , (1999667236, 9, 16781837)
     , (1999667236, 10, 16783863)
     , (1999667236, 11, 16783855)
     , (1999667236, 13, 16783871)
     , (1999667236, 14, 16783855)
     , (1999667236, 12, 16777334)
     , (1999667236, 15, 16777335)
     , (1999667236, 16, 16787671);

INSERT INTO `ace_object` (`aceObjectId`, `aceObjectDescriptionFlags`, `weenieClassId`, `weenieHeaderFlags`, `currentMotionState`, `physicsDescriptionFlag`)
VALUES (1999667215, 6291512, 23923, 20, NULL, 169985);

INSERT INTO `ace_position` (`aceObjectId`, `positionType`, `landblockRaw`, `posX`, `posY`, `posZ`, `qW`, `qX`, `qY`, `qZ`)
VALUES (1999667215, 1, 1929904159, 85.0435, 155.232, 12, 0.214064, 0, 0, -0.97682);

INSERT INTO `ace_object_properties_string` (`aceObjectId`, `strPropertyId`, `propertyValue`)
VALUES (1999667215, 1, 'Well');

INSERT INTO `ace_object_properties_did` (`aceObjectId`, `didPropertyId`, `propertyValue`)
VALUES (1999667215, 8, 100667466)
     , (1999667215, 1, 33554816)
     , (1999667215, 3, 536870932)
     , (1999667215, 22, 872415275)
     , (1999667215, 28, 1184);

INSERT INTO `ace_object_properties_int` (`aceObjectId`, `intPropertyId`, `propertyValue`)
VALUES (1999667215, 53, 101)
     , (1999667215, 1, 4194304)
     , (1999667215, 5, 6000)
     , (1999667215, 16, 48)
     , (1999667215, 19, 200)
     , (1999667215, 93, 1048);

INSERT INTO `ace_object_properties_double` (`aceObjectId`, `dblPropertyId`, `propertyValue`)
VALUES (1999667215, 54, 2);

INSERT INTO `ace_object_properties_bool` (`aceObjectId`, `boolPropertyId`, `propertyValue`)
VALUES (1999667215, 12, True)
     , (1999667215, 11, True)
     , (1999667215, 14, True);

INSERT INTO `ace_object` (`aceObjectId`, `aceObjectDescriptionFlags`, `weenieClassId`, `weenieHeaderFlags`, `currentMotionState`, `physicsDescriptionFlag`)
VALUES (1981034569, 2175512, 23925, 20, NULL, 170881);

INSERT INTO `ace_position` (`aceObjectId`, `positionType`, `landblockRaw`, `posX`, `posY`, `posZ`, `qW`, `qX`, `qY`, `qZ`)
VALUES (1981034569, 1, 1631781138, 11.4966, -4.373249, 1.73, -0.7071068, 0, 0, -0.7071068);

INSERT INTO `ace_object_properties_string` (`aceObjectId`, `strPropertyId`, `propertyValue`)
VALUES (1981034569, 1, 'Hand Grenade');

INSERT INTO `ace_object_properties_did` (`aceObjectId`, `didPropertyId`, `propertyValue`)
VALUES (1981034569, 8, 100674089)
     , (1981034569, 1, 33554673)
     , (1981034569, 3, 536870932)
     , (1981034569, 22, 872415275);

INSERT INTO `ace_object_properties_int` (`aceObjectId`, `intPropertyId`, `propertyValue`)
VALUES (1981034569, 53, 101)
     , (1981034569, 1, 256)
     , (1981034569, 5, 40)
     , (1981034569, 51, 2)
     , (1981034569, 11, 10)
     , (1981034569, 12, 1)
     , (1981034569, 16, 1)
     , (1981034569, 9, 4194304)
     , (1981034569, 19, 1)
     , (1981034569, 93, 131092);

INSERT INTO `ace_object_properties_double` (`aceObjectId`, `dblPropertyId`, `propertyValue`)
VALUES (1981034569, 79, 0)
     , (1981034569, 78, 1)
     , (1981034569, 39, 1.5);

INSERT INTO `ace_object_properties_bool` (`aceObjectId`, `boolPropertyId`, `propertyValue`)
VALUES (1981034569, 13, True)
     , (1981034569, 11, True)
     , (1981034569, 17, True);

INSERT INTO `ace_object` (`aceObjectId`, `aceObjectDescriptionFlags`, `weenieClassId`, `weenieHeaderFlags`, `currentMotionState`, `physicsDescriptionFlag`)
VALUES (1981034577, 2687128, 24065, 20, NULL, 169985);

INSERT INTO `ace_position` (`aceObjectId`, `positionType`, `landblockRaw`, `posX`, `posY`, `posZ`, `qW`, `qX`, `qY`, `qZ`)
VALUES (1981034577, 1, 1631781160, 16.9115, -26.9686, 1.63675, 0.9144433, 0, 0, 0.4047141);

INSERT INTO `ace_object_properties_string` (`aceObjectId`, `strPropertyId`, `propertyValue`)
VALUES (1981034577, 1, 'Globe of Auberean');

INSERT INTO `ace_object_properties_did` (`aceObjectId`, `didPropertyId`, `propertyValue`)
VALUES (1981034577, 8, 100671368)
     , (1981034577, 1, 33556967)
     , (1981034577, 3, 536870932)
     , (1981034577, 22, 872415275)
     , (1981034577, 6, 67113133);

INSERT INTO `ace_object_properties_int` (`aceObjectId`, `intPropertyId`, `propertyValue`)
VALUES (1981034577, 53, 101)
     , (1981034577, 1, 32768)
     , (1981034577, 5, 10)
     , (1981034577, 18, 1)
     , (1981034577, 94, 16)
     , (1981034577, 16, 1)
     , (1981034577, 9, 16777216)
     , (1981034577, 19, 10)
     , (1981034577, 93, 20);

INSERT INTO `ace_object_properties_bool` (`aceObjectId`, `boolPropertyId`, `propertyValue`)
VALUES (1981034577, 13, True)
     , (1981034577, 11, True);

INSERT INTO `ace_object_palette_change` (`aceObjectId`, `subPaletteId`, `offset`, `length`)
VALUES (1981034577, 67111092, 0, 0);

INSERT INTO `ace_object_texture_map_change` (`aceObjectId`, `index`, `oldId`, `newId`)
VALUES (1981034577, 0, 83893054, 83893054)
     , (1981034577, 0, 83893053, 83893053);

INSERT INTO `ace_object_animation_change` (`aceObjectId`, `index`, `animationId`)
VALUES (1981034577, 0, 16785592);

INSERT INTO `ace_object` (`aceObjectId`, `aceObjectDescriptionFlags`, `weenieClassId`, `weenieHeaderFlags`, `currentMotionState`, `physicsDescriptionFlag`)
VALUES (1981034578, 2621464, 24872, 22, 'AAA9AAAAAAA=', 102531);

INSERT INTO `ace_position` (`aceObjectId`, `positionType`, `landblockRaw`, `posX`, `posY`, `posZ`, `qW`, `qX`, `qY`, `qZ`)
VALUES (1981034578, 1, 1631781120, 7.95654, 2.12359, -5.998, 0.9170183, 0, 0, 0.3988451);

INSERT INTO `ace_object_properties_string` (`aceObjectId`, `strPropertyId`, `propertyValue`)
VALUES (1981034578, 1, 'Golden Gromnie');

INSERT INTO `ace_object_properties_did` (`aceObjectId`, `didPropertyId`, `propertyValue`)
VALUES (1981034578, 8, 100671514)
     , (1981034578, 1, 33554487)
     , (1981034578, 2, 150995122)
     , (1981034578, 22, 872415260)
     , (1981034578, 6, 67109307);

INSERT INTO `ace_object_properties_int` (`aceObjectId`, `intPropertyId`, `propertyValue`)
VALUES (1981034578, 1, 2048)
     , (1981034578, 5, 10)
     , (1981034578, 94, 16)
     , (1981034578, 16, 1)
     , (1981034578, 19, 10)
     , (1981034578, 93, 1044);

INSERT INTO `ace_object_properties_double` (`aceObjectId`, `dblPropertyId`, `propertyValue`)
VALUES (1981034578, 39, 0.4);

INSERT INTO `ace_object_properties_bool` (`aceObjectId`, `boolPropertyId`, `propertyValue`)
VALUES (1981034578, 13, True)
     , (1981034578, 11, True)
     , (1981034578, 14, True);

INSERT INTO `ace_object_palette_change` (`aceObjectId`, `subPaletteId`, `offset`, `length`)
VALUES (1981034578, 67116521, 0, 0);

INSERT INTO `ace_object` (`aceObjectId`, `aceObjectDescriptionFlags`, `weenieClassId`, `weenieHeaderFlags`, `currentMotionState`, `physicsDescriptionFlag`)
VALUES (1880371276, 6291512, 171, 20, NULL, 169985);

INSERT INTO `ace_position` (`aceObjectId`, `positionType`, `landblockRaw`, `posX`, `posY`, `posZ`, `qW`, `qX`, `qY`, `qZ`)
VALUES (1880371276, 1, 21168554, 26.5043, -26.8677, 6, 0.7071068, 0, 0, -0.7071068);

INSERT INTO `ace_object_properties_string` (`aceObjectId`, `strPropertyId`, `propertyValue`)
VALUES (1880371276, 1, 'Vat');

INSERT INTO `ace_object_properties_did` (`aceObjectId`, `didPropertyId`, `propertyValue`)
VALUES (1880371276, 8, 100668110)
     , (1880371276, 1, 33554796)
     , (1880371276, 3, 536870932)
     , (1880371276, 22, 872415275)
     , (1880371276, 28, 1183);

INSERT INTO `ace_object_properties_int` (`aceObjectId`, `intPropertyId`, `propertyValue`)
VALUES (1880371276, 53, 101)
     , (1880371276, 1, 4194304)
     , (1880371276, 5, 6000)
     , (1880371276, 16, 48)
     , (1880371276, 19, 200)
     , (1880371276, 93, 66584);

INSERT INTO `ace_object_properties_double` (`aceObjectId`, `dblPropertyId`, `propertyValue`)
VALUES (1880371276, 54, 2);

INSERT INTO `ace_object_properties_bool` (`aceObjectId`, `boolPropertyId`, `propertyValue`)
VALUES (1880371276, 12, True)
     , (1880371276, 11, True)
     , (1880371276, 14, True);

INSERT INTO `ace_object` (`aceObjectId`, `aceObjectDescriptionFlags`, `weenieClassId`, `weenieHeaderFlags`, `currentMotionState`, `physicsDescriptionFlag`)
VALUES (1880371295, 6291512, 171, 20, NULL, 169985);

INSERT INTO `ace_position` (`aceObjectId`, `positionType`, `landblockRaw`, `posX`, `posY`, `posZ`, `qW`, `qX`, `qY`, `qZ`)
VALUES (1880371295, 1, 21168631, 36.6686, -56.5798, 24, 0.9826129, 0, 0, -0.185666);

INSERT INTO `ace_object_properties_string` (`aceObjectId`, `strPropertyId`, `propertyValue`)
VALUES (1880371295, 1, 'Vat');

INSERT INTO `ace_object_properties_did` (`aceObjectId`, `didPropertyId`, `propertyValue`)
VALUES (1880371295, 8, 100668110)
     , (1880371295, 1, 33554796)
     , (1880371295, 3, 536870932)
     , (1880371295, 22, 872415275)
     , (1880371295, 28, 1183);

INSERT INTO `ace_object_properties_int` (`aceObjectId`, `intPropertyId`, `propertyValue`)
VALUES (1880371295, 53, 101)
     , (1880371295, 1, 4194304)
     , (1880371295, 5, 6000)
     , (1880371295, 16, 48)
     , (1880371295, 19, 200)
     , (1880371295, 93, 66584);

INSERT INTO `ace_object_properties_double` (`aceObjectId`, `dblPropertyId`, `propertyValue`)
VALUES (1880371295, 54, 2);

INSERT INTO `ace_object_properties_bool` (`aceObjectId`, `boolPropertyId`, `propertyValue`)
VALUES (1880371295, 12, True)
     , (1880371295, 11, True)
     , (1880371295, 14, True);

INSERT INTO `ace_object` (`aceObjectId`, `aceObjectDescriptionFlags`, `weenieClassId`, `weenieHeaderFlags`, `currentMotionState`, `physicsDescriptionFlag`)
VALUES (1881837652, 6291512, 153, 20, NULL, 169985);

INSERT INTO `ace_position` (`aceObjectId`, `positionType`, `landblockRaw`, `posX`, `posY`, `posZ`, `qW`, `qX`, `qY`, `qZ`)
VALUES (1881837652, 1, 44630486, 40, -200, -12.0075, -4.37114E-08, 0, 0, -1);

INSERT INTO `ace_object_properties_string` (`aceObjectId`, `strPropertyId`, `propertyValue`)
VALUES (1881837652, 1, 'Fountain');

INSERT INTO `ace_object_properties_did` (`aceObjectId`, `didPropertyId`, `propertyValue`)
VALUES (1881837652, 8, 100668104)
     , (1881837652, 1, 33555071)
     , (1881837652, 3, 536870932)
     , (1881837652, 22, 872415275)
     , (1881837652, 28, 1183);

INSERT INTO `ace_object_properties_int` (`aceObjectId`, `intPropertyId`, `propertyValue`)
VALUES (1881837652, 53, 101)
     , (1881837652, 1, 4194304)
     , (1881837652, 5, 6000)
     , (1881837652, 16, 48)
     , (1881837652, 19, 200)
     , (1881837652, 93, 1048);

INSERT INTO `ace_object_properties_double` (`aceObjectId`, `dblPropertyId`, `propertyValue`)
VALUES (1881837652, 54, 2);

INSERT INTO `ace_object_properties_bool` (`aceObjectId`, `boolPropertyId`, `propertyValue`)
VALUES (1881837652, 12, True)
     , (1881837652, 11, True)
     , (1881837652, 14, True);

INSERT INTO `ace_object` (`aceObjectId`, `aceObjectDescriptionFlags`, `weenieClassId`, `weenieHeaderFlags`, `currentMotionState`, `physicsDescriptionFlag`)
VALUES (1881837649, 6291512, 171, 20, NULL, 169985);

INSERT INTO `ace_position` (`aceObjectId`, `positionType`, `landblockRaw`, `posX`, `posY`, `posZ`, `qW`, `qX`, `qY`, `qZ`)
VALUES (1881837649, 1, 44630483, 36.8383, -192.554, -12, -4.37114E-08, 0, 0, -1);

INSERT INTO `ace_object_properties_string` (`aceObjectId`, `strPropertyId`, `propertyValue`)
VALUES (1881837649, 1, 'Vat');

INSERT INTO `ace_object_properties_did` (`aceObjectId`, `didPropertyId`, `propertyValue`)
VALUES (1881837649, 8, 100668110)
     , (1881837649, 1, 33554796)
     , (1881837649, 3, 536870932)
     , (1881837649, 22, 872415275)
     , (1881837649, 28, 1183);

INSERT INTO `ace_object_properties_int` (`aceObjectId`, `intPropertyId`, `propertyValue`)
VALUES (1881837649, 53, 101)
     , (1881837649, 1, 4194304)
     , (1881837649, 5, 6000)
     , (1881837649, 16, 48)
     , (1881837649, 19, 200)
     , (1881837649, 93, 66584);

INSERT INTO `ace_object_properties_double` (`aceObjectId`, `dblPropertyId`, `propertyValue`)
VALUES (1881837649, 54, 2);

INSERT INTO `ace_object_properties_bool` (`aceObjectId`, `boolPropertyId`, `propertyValue`)
VALUES (1881837649, 12, True)
     , (1881837649, 11, True)
     , (1881837649, 14, True);

INSERT INTO `ace_object` (`aceObjectId`, `aceObjectDescriptionFlags`, `weenieClassId`, `weenieHeaderFlags`, `currentMotionState`, `physicsDescriptionFlag`)
VALUES (1881837650, 6291512, 171, 20, NULL, 169985);

INSERT INTO `ace_position` (`aceObjectId`, `positionType`, `landblockRaw`, `posX`, `posY`, `posZ`, `qW`, `qX`, `qY`, `qZ`)
VALUES (1881837650, 1, 44630483, 43.121, -192.601, -12, -4.37114E-08, 0, 0, -1);

INSERT INTO `ace_object_properties_string` (`aceObjectId`, `strPropertyId`, `propertyValue`)
VALUES (1881837650, 1, 'Vat');

INSERT INTO `ace_object_properties_did` (`aceObjectId`, `didPropertyId`, `propertyValue`)
VALUES (1881837650, 8, 100668110)
     , (1881837650, 1, 33554796)
     , (1881837650, 3, 536870932)
     , (1881837650, 22, 872415275)
     , (1881837650, 28, 1183);

INSERT INTO `ace_object_properties_int` (`aceObjectId`, `intPropertyId`, `propertyValue`)
VALUES (1881837650, 53, 101)
     , (1881837650, 1, 4194304)
     , (1881837650, 5, 6000)
     , (1881837650, 16, 48)
     , (1881837650, 19, 200)
     , (1881837650, 93, 66584);

INSERT INTO `ace_object_properties_double` (`aceObjectId`, `dblPropertyId`, `propertyValue`)
VALUES (1881837650, 54, 2);

INSERT INTO `ace_object_properties_bool` (`aceObjectId`, `boolPropertyId`, `propertyValue`)
VALUES (1881837650, 12, True)
     , (1881837650, 11, True)
     , (1881837650, 14, True);

INSERT INTO `ace_object` (`aceObjectId`, `aceObjectDescriptionFlags`, `weenieClassId`, `weenieHeaderFlags`, `currentMotionState`, `physicsDescriptionFlag`)
VALUES (1881837645, 6291512, 171, 20, NULL, 169985);

INSERT INTO `ace_position` (`aceObjectId`, `positionType`, `landblockRaw`, `posX`, `posY`, `posZ`, `qW`, `qX`, `qY`, `qZ`)
VALUES (1881837645, 1, 44630479, 32.554, -203.162, -12, 0.7071068, 0, 0, -0.7071068);

INSERT INTO `ace_object_properties_string` (`aceObjectId`, `strPropertyId`, `propertyValue`)
VALUES (1881837645, 1, 'Vat');

INSERT INTO `ace_object_properties_did` (`aceObjectId`, `didPropertyId`, `propertyValue`)
VALUES (1881837645, 8, 100668110)
     , (1881837645, 1, 33554796)
     , (1881837645, 3, 536870932)
     , (1881837645, 22, 872415275)
     , (1881837645, 28, 1183);

INSERT INTO `ace_object_properties_int` (`aceObjectId`, `intPropertyId`, `propertyValue`)
VALUES (1881837645, 53, 101)
     , (1881837645, 1, 4194304)
     , (1881837645, 5, 6000)
     , (1881837645, 16, 48)
     , (1881837645, 19, 200)
     , (1881837645, 93, 66584);

INSERT INTO `ace_object_properties_double` (`aceObjectId`, `dblPropertyId`, `propertyValue`)
VALUES (1881837645, 54, 2);

INSERT INTO `ace_object_properties_bool` (`aceObjectId`, `boolPropertyId`, `propertyValue`)
VALUES (1881837645, 12, True)
     , (1881837645, 11, True)
     , (1881837645, 14, True);

INSERT INTO `ace_object` (`aceObjectId`, `aceObjectDescriptionFlags`, `weenieClassId`, `weenieHeaderFlags`, `currentMotionState`, `physicsDescriptionFlag`)
VALUES (1881837646, 6291512, 171, 20, NULL, 169985);

INSERT INTO `ace_position` (`aceObjectId`, `positionType`, `landblockRaw`, `posX`, `posY`, `posZ`, `qW`, `qX`, `qY`, `qZ`)
VALUES (1881837646, 1, 44630479, 32.6006, -196.879, -12, 0.7071068, 0, 0, -0.7071068);

INSERT INTO `ace_object_properties_string` (`aceObjectId`, `strPropertyId`, `propertyValue`)
VALUES (1881837646, 1, 'Vat');

INSERT INTO `ace_object_properties_did` (`aceObjectId`, `didPropertyId`, `propertyValue`)
VALUES (1881837646, 8, 100668110)
     , (1881837646, 1, 33554796)
     , (1881837646, 3, 536870932)
     , (1881837646, 22, 872415275)
     , (1881837646, 28, 1183);

INSERT INTO `ace_object_properties_int` (`aceObjectId`, `intPropertyId`, `propertyValue`)
VALUES (1881837646, 53, 101)
     , (1881837646, 1, 4194304)
     , (1881837646, 5, 6000)
     , (1881837646, 16, 48)
     , (1881837646, 19, 200)
     , (1881837646, 93, 66584);

INSERT INTO `ace_object_properties_double` (`aceObjectId`, `dblPropertyId`, `propertyValue`)
VALUES (1881837646, 54, 2);

INSERT INTO `ace_object_properties_bool` (`aceObjectId`, `boolPropertyId`, `propertyValue`)
VALUES (1881837646, 12, True)
     , (1881837646, 11, True)
     , (1881837646, 14, True);

INSERT INTO `ace_object` (`aceObjectId`, `aceObjectDescriptionFlags`, `weenieClassId`, `weenieHeaderFlags`, `currentMotionState`, `physicsDescriptionFlag`)
VALUES (2045001746, 6291512, 153, 20, NULL, 169985);

INSERT INTO `ace_position` (`aceObjectId`, `positionType`, `landblockRaw`, `posX`, `posY`, `posZ`, `qW`, `qX`, `qY`, `qZ`)
VALUES (2045001746, 1, 2655256880, 111.523, 80.5269, 77.9925, 0.7151693, 0, 0, -0.6989513);

INSERT INTO `ace_object_properties_string` (`aceObjectId`, `strPropertyId`, `propertyValue`)
VALUES (2045001746, 1, 'Fountain');

INSERT INTO `ace_object_properties_did` (`aceObjectId`, `didPropertyId`, `propertyValue`)
VALUES (2045001746, 8, 100668104)
     , (2045001746, 1, 33555071)
     , (2045001746, 3, 536870932)
     , (2045001746, 22, 872415275)
     , (2045001746, 28, 1183);

INSERT INTO `ace_object_properties_int` (`aceObjectId`, `intPropertyId`, `propertyValue`)
VALUES (2045001746, 53, 101)
     , (2045001746, 1, 4194304)
     , (2045001746, 5, 6000)
     , (2045001746, 16, 48)
     , (2045001746, 19, 200)
     , (2045001746, 93, 1048);

INSERT INTO `ace_object_properties_double` (`aceObjectId`, `dblPropertyId`, `propertyValue`)
VALUES (2045001746, 54, 2);

INSERT INTO `ace_object_properties_bool` (`aceObjectId`, `boolPropertyId`, `propertyValue`)
VALUES (2045001746, 12, True)
     , (2045001746, 11, True)
     , (2045001746, 14, True);

INSERT INTO `ace_object` (`aceObjectId`, `aceObjectDescriptionFlags`, `weenieClassId`, `weenieHeaderFlags`, `currentMotionState`, `physicsDescriptionFlag`)
VALUES (2044997649, 2097200, 8377, 20, NULL, 169985);

INSERT INTO `ace_position` (`aceObjectId`, `positionType`, `landblockRaw`, `posX`, `posY`, `posZ`, `qW`, `qX`, `qY`, `qZ`)
VALUES (2044997649, 1, 2655191314, 31.713, 175.372, 44.1241, 1, 0, 0, 0);

INSERT INTO `ace_object_properties_string` (`aceObjectId`, `strPropertyId`, `propertyValue`)
VALUES (2044997649, 1, 'Beer Keg');

INSERT INTO `ace_object_properties_did` (`aceObjectId`, `didPropertyId`, `propertyValue`)
VALUES (2044997649, 8, 100667431)
     , (2044997649, 1, 33556853)
     , (2044997649, 3, 536870932)
     , (2044997649, 22, 872415275);

INSERT INTO `ace_object_properties_int` (`aceObjectId`, `intPropertyId`, `propertyValue`)
VALUES (2044997649, 53, 101)
     , (2044997649, 1, 4194304)
     , (2044997649, 5, 1000)
     , (2044997649, 16, 48)
     , (2044997649, 93, 1048);

INSERT INTO `ace_object_properties_double` (`aceObjectId`, `dblPropertyId`, `propertyValue`)
VALUES (2044997649, 54, 2);

INSERT INTO `ace_object_properties_bool` (`aceObjectId`, `boolPropertyId`, `propertyValue`)
VALUES (2044997649, 12, True)
     , (2044997649, 11, True)
     , (2044997649, 14, True);

INSERT INTO `ace_object` (`aceObjectId`, `aceObjectDescriptionFlags`, `weenieClassId`, `weenieHeaderFlags`, `currentMotionState`, `physicsDescriptionFlag`)
VALUES (2044997645, 6291512, 153, 20, NULL, 169985);

INSERT INTO `ace_position` (`aceObjectId`, `positionType`, `landblockRaw`, `posX`, `posY`, `posZ`, `qW`, `qX`, `qY`, `qZ`)
VALUES (2044997645, 1, 2655191327, 39.583, 131.594, 55.9925, 0.7083722, 0, 0, -0.7058392);

INSERT INTO `ace_object_properties_string` (`aceObjectId`, `strPropertyId`, `propertyValue`)
VALUES (2044997645, 1, 'Fountain');

INSERT INTO `ace_object_properties_did` (`aceObjectId`, `didPropertyId`, `propertyValue`)
VALUES (2044997645, 8, 100668104)
     , (2044997645, 1, 33555071)
     , (2044997645, 3, 536870932)
     , (2044997645, 22, 872415275)
     , (2044997645, 28, 1183);

INSERT INTO `ace_object_properties_int` (`aceObjectId`, `intPropertyId`, `propertyValue`)
VALUES (2044997645, 53, 101)
     , (2044997645, 1, 4194304)
     , (2044997645, 5, 6000)
     , (2044997645, 16, 48)
     , (2044997645, 19, 200)
     , (2044997645, 93, 1048);

INSERT INTO `ace_object_properties_double` (`aceObjectId`, `dblPropertyId`, `propertyValue`)
VALUES (2044997645, 54, 2);

INSERT INTO `ace_object_properties_bool` (`aceObjectId`, `boolPropertyId`, `propertyValue`)
VALUES (2044997645, 12, True)
     , (2044997645, 11, True)
     , (2044997645, 14, True);

INSERT INTO `ace_object` (`aceObjectId`, `aceObjectDescriptionFlags`, `weenieClassId`, `weenieHeaderFlags`, `currentMotionState`, `physicsDescriptionFlag`)
VALUES (1914372120, 2097200, 8377, 20, NULL, 169985);

INSERT INTO `ace_position` (`aceObjectId`, `positionType`, `landblockRaw`, `posX`, `posY`, `posZ`, `qW`, `qX`, `qY`, `qZ`)
VALUES (1914372120, 1, 565182727, 137.849, 87.235, 4.525, 0.4006292, 0, 0, -0.9162403);

INSERT INTO `ace_object_properties_string` (`aceObjectId`, `strPropertyId`, `propertyValue`)
VALUES (1914372120, 1, 'Beer Keg');

INSERT INTO `ace_object_properties_did` (`aceObjectId`, `didPropertyId`, `propertyValue`)
VALUES (1914372120, 8, 100667431)
     , (1914372120, 1, 33556853)
     , (1914372120, 3, 536870932)
     , (1914372120, 22, 872415275);

INSERT INTO `ace_object_properties_int` (`aceObjectId`, `intPropertyId`, `propertyValue`)
VALUES (1914372120, 53, 101)
     , (1914372120, 1, 4194304)
     , (1914372120, 5, 1000)
     , (1914372120, 16, 48)
     , (1914372120, 93, 1048);

INSERT INTO `ace_object_properties_double` (`aceObjectId`, `dblPropertyId`, `propertyValue`)
VALUES (1914372120, 54, 2);

INSERT INTO `ace_object_properties_bool` (`aceObjectId`, `boolPropertyId`, `propertyValue`)
VALUES (1914372120, 12, True)
     , (1914372120, 11, True)
     , (1914372120, 14, True);

INSERT INTO `ace_object` (`aceObjectId`, `aceObjectDescriptionFlags`, `weenieClassId`, `weenieHeaderFlags`, `currentMotionState`, `physicsDescriptionFlag`)
VALUES (1914372119, 2097200, 8377, 20, NULL, 169985);

INSERT INTO `ace_position` (`aceObjectId`, `positionType`, `landblockRaw`, `posX`, `posY`, `posZ`, `qW`, `qX`, `qY`, `qZ`)
VALUES (1914372119, 1, 565182727, 136.956, 86.328, 4.525, 0.387813, 0, 0, -0.9217381);

INSERT INTO `ace_object_properties_string` (`aceObjectId`, `strPropertyId`, `propertyValue`)
VALUES (1914372119, 1, 'Beer Keg');

INSERT INTO `ace_object_properties_did` (`aceObjectId`, `didPropertyId`, `propertyValue`)
VALUES (1914372119, 8, 100667431)
     , (1914372119, 1, 33556853)
     , (1914372119, 3, 536870932)
     , (1914372119, 22, 872415275);

INSERT INTO `ace_object_properties_int` (`aceObjectId`, `intPropertyId`, `propertyValue`)
VALUES (1914372119, 53, 101)
     , (1914372119, 1, 4194304)
     , (1914372119, 5, 1000)
     , (1914372119, 16, 48)
     , (1914372119, 93, 1048);

INSERT INTO `ace_object_properties_double` (`aceObjectId`, `dblPropertyId`, `propertyValue`)
VALUES (1914372119, 54, 2);

INSERT INTO `ace_object_properties_bool` (`aceObjectId`, `boolPropertyId`, `propertyValue`)
VALUES (1914372119, 12, True)
     , (1914372119, 11, True)
     , (1914372119, 14, True);

INSERT INTO `ace_object` (`aceObjectId`, `aceObjectDescriptionFlags`, `weenieClassId`, `weenieHeaderFlags`, `currentMotionState`, `physicsDescriptionFlag`)
VALUES (1880924183, 6291512, 152, 20, NULL, 169985);

INSERT INTO `ace_position` (`aceObjectId`, `positionType`, `landblockRaw`, `posX`, `posY`, `posZ`, `qW`, `qX`, `qY`, `qZ`)
VALUES (1880924183, 1, 30015893, 86.0235, -64.0524, -24.0075, -4.37114E-08, 0, 0, -1);

INSERT INTO `ace_object_properties_string` (`aceObjectId`, `strPropertyId`, `propertyValue`)
VALUES (1880924183, 1, 'Font');

INSERT INTO `ace_object_properties_did` (`aceObjectId`, `didPropertyId`, `propertyValue`)
VALUES (1880924183, 8, 100668104)
     , (1880924183, 1, 33554710)
     , (1880924183, 3, 536870932)
     , (1880924183, 22, 872415275)
     , (1880924183, 28, 1183);

INSERT INTO `ace_object_properties_int` (`aceObjectId`, `intPropertyId`, `propertyValue`)
VALUES (1880924183, 53, 101)
     , (1880924183, 1, 4194304)
     , (1880924183, 5, 6000)
     , (1880924183, 16, 48)
     , (1880924183, 19, 200)
     , (1880924183, 93, 1048);

INSERT INTO `ace_object_properties_double` (`aceObjectId`, `dblPropertyId`, `propertyValue`)
VALUES (1880924183, 54, 2);

INSERT INTO `ace_object_properties_bool` (`aceObjectId`, `boolPropertyId`, `propertyValue`)
VALUES (1880924183, 12, True)
     , (1880924183, 11, True)
     , (1880924183, 14, True);

INSERT INTO `ace_object` (`aceObjectId`, `aceObjectDescriptionFlags`, `weenieClassId`, `weenieHeaderFlags`, `currentMotionState`, `physicsDescriptionFlag`)
VALUES (1880924184, 6291512, 152, 20, NULL, 169985);

INSERT INTO `ace_position` (`aceObjectId`, `positionType`, `landblockRaw`, `posX`, `posY`, `posZ`, `qW`, `qX`, `qY`, `qZ`)
VALUES (1880924184, 1, 30015893, 93.8709, -63.8735, -24.0075, -4.37114E-08, 0, 0, -1);

INSERT INTO `ace_object_properties_string` (`aceObjectId`, `strPropertyId`, `propertyValue`)
VALUES (1880924184, 1, 'Font');

INSERT INTO `ace_object_properties_did` (`aceObjectId`, `didPropertyId`, `propertyValue`)
VALUES (1880924184, 8, 100668104)
     , (1880924184, 1, 33554710)
     , (1880924184, 3, 536870932)
     , (1880924184, 22, 872415275)
     , (1880924184, 28, 1183);

INSERT INTO `ace_object_properties_int` (`aceObjectId`, `intPropertyId`, `propertyValue`)
VALUES (1880924184, 53, 101)
     , (1880924184, 1, 4194304)
     , (1880924184, 5, 6000)
     , (1880924184, 16, 48)
     , (1880924184, 19, 200)
     , (1880924184, 93, 1048);

INSERT INTO `ace_object_properties_double` (`aceObjectId`, `dblPropertyId`, `propertyValue`)
VALUES (1880924184, 54, 2);

INSERT INTO `ace_object_properties_bool` (`aceObjectId`, `boolPropertyId`, `propertyValue`)
VALUES (1880924184, 12, True)
     , (1880924184, 11, True)
     , (1880924184, 14, True);

INSERT INTO `ace_object` (`aceObjectId`, `aceObjectDescriptionFlags`, `weenieClassId`, `weenieHeaderFlags`, `currentMotionState`, `physicsDescriptionFlag`)
VALUES (1880924188, 6291512, 171, 20, NULL, 169985);

INSERT INTO `ace_position` (`aceObjectId`, `positionType`, `landblockRaw`, `posX`, `posY`, `posZ`, `qW`, `qX`, `qY`, `qZ`)
VALUES (1880924188, 1, 30015899, 104.163, -26.6461, -24, 1, 0, 0, 0);

INSERT INTO `ace_object_properties_string` (`aceObjectId`, `strPropertyId`, `propertyValue`)
VALUES (1880924188, 1, 'Vat');

INSERT INTO `ace_object_properties_did` (`aceObjectId`, `didPropertyId`, `propertyValue`)
VALUES (1880924188, 8, 100668110)
     , (1880924188, 1, 33554796)
     , (1880924188, 3, 536870932)
     , (1880924188, 22, 872415275)
     , (1880924188, 28, 1183);

INSERT INTO `ace_object_properties_int` (`aceObjectId`, `intPropertyId`, `propertyValue`)
VALUES (1880924188, 53, 101)
     , (1880924188, 1, 4194304)
     , (1880924188, 5, 6000)
     , (1880924188, 16, 48)
     , (1880924188, 19, 200)
     , (1880924188, 93, 66584);

INSERT INTO `ace_object_properties_double` (`aceObjectId`, `dblPropertyId`, `propertyValue`)
VALUES (1880924188, 54, 2);

INSERT INTO `ace_object_properties_bool` (`aceObjectId`, `boolPropertyId`, `propertyValue`)
VALUES (1880924188, 12, True)
     , (1880924188, 11, True)
     , (1880924188, 14, True);

INSERT INTO `ace_object` (`aceObjectId`, `aceObjectDescriptionFlags`, `weenieClassId`, `weenieHeaderFlags`, `currentMotionState`, `physicsDescriptionFlag`)
VALUES (2082947077, 6291512, 174, 20, NULL, 169985);

INSERT INTO `ace_position` (`aceObjectId`, `positionType`, `landblockRaw`, `posX`, `posY`, `posZ`, `qW`, `qX`, `qY`, `qZ`)
VALUES (2082947077, 1, 3262382116, 116.739, 76.9951, 24, -0.00354529, 0, 0, -0.999994);

INSERT INTO `ace_object_properties_string` (`aceObjectId`, `strPropertyId`, `propertyValue`)
VALUES (2082947077, 1, 'Well');

INSERT INTO `ace_object_properties_did` (`aceObjectId`, `didPropertyId`, `propertyValue`)
VALUES (2082947077, 8, 100667466)
     , (2082947077, 1, 33554816)
     , (2082947077, 3, 536870932)
     , (2082947077, 22, 872415275)
     , (2082947077, 28, 1183);

INSERT INTO `ace_object_properties_int` (`aceObjectId`, `intPropertyId`, `propertyValue`)
VALUES (2082947077, 53, 101)
     , (2082947077, 1, 4194304)
     , (2082947077, 5, 6000)
     , (2082947077, 16, 48)
     , (2082947077, 19, 200)
     , (2082947077, 93, 1048);

INSERT INTO `ace_object_properties_double` (`aceObjectId`, `dblPropertyId`, `propertyValue`)
VALUES (2082947077, 54, 2);

INSERT INTO `ace_object_properties_bool` (`aceObjectId`, `boolPropertyId`, `propertyValue`)
VALUES (2082947077, 12, True)
     , (2082947077, 11, True)
     , (2082947077, 14, True);

INSERT INTO `ace_object` (`aceObjectId`, `aceObjectDescriptionFlags`, `weenieClassId`, `weenieHeaderFlags`, `currentMotionState`, `physicsDescriptionFlag`)
VALUES (2019065867, 6291512, 153, 20, NULL, 169985);

INSERT INTO `ace_position` (`aceObjectId`, `positionType`, `landblockRaw`, `posX`, `posY`, `posZ`, `qW`, `qX`, `qY`, `qZ`)
VALUES (2019065867, 1, 2240282637, 40.4657, 98.9173, 85.9925, -0.296799, 0, 0, -0.95494);

INSERT INTO `ace_object_properties_string` (`aceObjectId`, `strPropertyId`, `propertyValue`)
VALUES (2019065867, 1, 'Fountain');

INSERT INTO `ace_object_properties_did` (`aceObjectId`, `didPropertyId`, `propertyValue`)
VALUES (2019065867, 8, 100668104)
     , (2019065867, 1, 33555071)
     , (2019065867, 3, 536870932)
     , (2019065867, 22, 872415275)
     , (2019065867, 28, 1183);

INSERT INTO `ace_object_properties_int` (`aceObjectId`, `intPropertyId`, `propertyValue`)
VALUES (2019065867, 53, 101)
     , (2019065867, 1, 4194304)
     , (2019065867, 5, 6000)
     , (2019065867, 16, 48)
     , (2019065867, 19, 200)
     , (2019065867, 93, 1048);

INSERT INTO `ace_object_properties_double` (`aceObjectId`, `dblPropertyId`, `propertyValue`)
VALUES (2019065867, 54, 2);

INSERT INTO `ace_object_properties_bool` (`aceObjectId`, `boolPropertyId`, `propertyValue`)
VALUES (2019065867, 12, True)
     , (2019065867, 11, True)
     , (2019065867, 14, True);

INSERT INTO `ace_object` (`aceObjectId`, `aceObjectDescriptionFlags`, `weenieClassId`, `weenieHeaderFlags`, `currentMotionState`, `physicsDescriptionFlag`)
VALUES (1918373903, 6291512, 174, 20, NULL, 169985);

INSERT INTO `ace_position` (`aceObjectId`, `positionType`, `landblockRaw`, `posX`, `posY`, `posZ`, `qW`, `qX`, `qY`, `qZ`)
VALUES (1918373903, 1, 629211197, 171.158, 102.351, 220, -0.999969, 0, 0, -0.00785156);

INSERT INTO `ace_object_properties_string` (`aceObjectId`, `strPropertyId`, `propertyValue`)
VALUES (1918373903, 1, 'Well');

INSERT INTO `ace_object_properties_did` (`aceObjectId`, `didPropertyId`, `propertyValue`)
VALUES (1918373903, 8, 100667466)
     , (1918373903, 1, 33554816)
     , (1918373903, 3, 536870932)
     , (1918373903, 22, 872415275)
     , (1918373903, 28, 1183);

INSERT INTO `ace_object_properties_int` (`aceObjectId`, `intPropertyId`, `propertyValue`)
VALUES (1918373903, 53, 101)
     , (1918373903, 1, 4194304)
     , (1918373903, 5, 6000)
     , (1918373903, 16, 48)
     , (1918373903, 19, 200)
     , (1918373903, 93, 1048);

INSERT INTO `ace_object_properties_double` (`aceObjectId`, `dblPropertyId`, `propertyValue`)
VALUES (1918373903, 54, 2);

INSERT INTO `ace_object_properties_bool` (`aceObjectId`, `boolPropertyId`, `propertyValue`)
VALUES (1918373903, 12, True)
     , (1918373903, 11, True)
     , (1918373903, 14, True);

INSERT INTO `ace_object` (`aceObjectId`, `aceObjectDescriptionFlags`, `weenieClassId`, `weenieHeaderFlags`, `currentMotionState`, `physicsDescriptionFlag`)
VALUES (2074542087, 6291512, 174, 20, NULL, 169985);

INSERT INTO `ace_position` (`aceObjectId`, `positionType`, `landblockRaw`, `posX`, `posY`, `posZ`, `qW`, `qX`, `qY`, `qZ`)
VALUES (2074542087, 1, 3127902254, 138.137, 123.998, 14.7294, 0.675201, 0, 0, -0.737634);

INSERT INTO `ace_object_properties_string` (`aceObjectId`, `strPropertyId`, `propertyValue`)
VALUES (2074542087, 1, 'Well');

INSERT INTO `ace_object_properties_did` (`aceObjectId`, `didPropertyId`, `propertyValue`)
VALUES (2074542087, 8, 100667466)
     , (2074542087, 1, 33554816)
     , (2074542087, 3, 536870932)
     , (2074542087, 22, 872415275)
     , (2074542087, 28, 1183);

INSERT INTO `ace_object_properties_int` (`aceObjectId`, `intPropertyId`, `propertyValue`)
VALUES (2074542087, 53, 101)
     , (2074542087, 1, 4194304)
     , (2074542087, 5, 6000)
     , (2074542087, 16, 48)
     , (2074542087, 19, 200)
     , (2074542087, 93, 1048);

INSERT INTO `ace_object_properties_double` (`aceObjectId`, `dblPropertyId`, `propertyValue`)
VALUES (2074542087, 54, 2);

INSERT INTO `ace_object_properties_bool` (`aceObjectId`, `boolPropertyId`, `propertyValue`)
VALUES (2074542087, 12, True)
     , (2074542087, 11, True)
     , (2074542087, 14, True);

INSERT INTO `ace_object` (`aceObjectId`, `aceObjectDescriptionFlags`, `weenieClassId`, `weenieHeaderFlags`, `currentMotionState`, `physicsDescriptionFlag`)
VALUES (1881104459, 6291512, 171, 20, NULL, 169985);

INSERT INTO `ace_position` (`aceObjectId`, `positionType`, `landblockRaw`, `posX`, `posY`, `posZ`, `qW`, `qX`, `qY`, `qZ`)
VALUES (1881104459, 1, 32899524, 49.1828, -49.2111, -6, 0.5575202, 0, 0, -0.8301634);

INSERT INTO `ace_object_properties_string` (`aceObjectId`, `strPropertyId`, `propertyValue`)
VALUES (1881104459, 1, 'Vat');

INSERT INTO `ace_object_properties_did` (`aceObjectId`, `didPropertyId`, `propertyValue`)
VALUES (1881104459, 8, 100668110)
     , (1881104459, 1, 33554796)
     , (1881104459, 3, 536870932)
     , (1881104459, 22, 872415275)
     , (1881104459, 28, 1183);

INSERT INTO `ace_object_properties_int` (`aceObjectId`, `intPropertyId`, `propertyValue`)
VALUES (1881104459, 53, 101)
     , (1881104459, 1, 4194304)
     , (1881104459, 5, 6000)
     , (1881104459, 16, 48)
     , (1881104459, 19, 200)
     , (1881104459, 93, 66584);

INSERT INTO `ace_object_properties_double` (`aceObjectId`, `dblPropertyId`, `propertyValue`)
VALUES (1881104459, 54, 2);

INSERT INTO `ace_object_properties_bool` (`aceObjectId`, `boolPropertyId`, `propertyValue`)
VALUES (1881104459, 12, True)
     , (1881104459, 11, True)
     , (1881104459, 14, True);

INSERT INTO `ace_object` (`aceObjectId`, `aceObjectDescriptionFlags`, `weenieClassId`, `weenieHeaderFlags`, `currentMotionState`, `physicsDescriptionFlag`)
VALUES (2010521600, 6291512, 165, 20, NULL, 169985);

INSERT INTO `ace_position` (`aceObjectId`, `positionType`, `landblockRaw`, `posX`, `posY`, `posZ`, `qW`, `qX`, `qY`, `qZ`)
VALUES (2010521600, 1, 2103574585, 177.614, 11.6981, 14.05, 0.7305511, 0, 0, -0.682858);

INSERT INTO `ace_object_properties_string` (`aceObjectId`, `strPropertyId`, `propertyValue`)
VALUES (2010521600, 1, 'Pool');

INSERT INTO `ace_object_properties_did` (`aceObjectId`, `didPropertyId`, `propertyValue`)
VALUES (2010521600, 8, 100668107)
     , (2010521600, 1, 33554711)
     , (2010521600, 3, 536870932)
     , (2010521600, 22, 872415275)
     , (2010521600, 28, 1183);

INSERT INTO `ace_object_properties_int` (`aceObjectId`, `intPropertyId`, `propertyValue`)
VALUES (2010521600, 53, 101)
     , (2010521600, 1, 4194304)
     , (2010521600, 5, 6000)
     , (2010521600, 16, 48)
     , (2010521600, 19, 200)
     , (2010521600, 93, 66584);

INSERT INTO `ace_object_properties_double` (`aceObjectId`, `dblPropertyId`, `propertyValue`)
VALUES (2010521600, 54, 2);

INSERT INTO `ace_object_properties_bool` (`aceObjectId`, `boolPropertyId`, `propertyValue`)
VALUES (2010521600, 12, True)
     , (2010521600, 11, True)
     , (2010521600, 14, True);

INSERT INTO `ace_object` (`aceObjectId`, `aceObjectDescriptionFlags`, `weenieClassId`, `weenieHeaderFlags`, `currentMotionState`, `physicsDescriptionFlag`)
VALUES (1880948776, 6291512, 152, 20, NULL, 169985);

INSERT INTO `ace_position` (`aceObjectId`, `positionType`, `landblockRaw`, `posX`, `posY`, `posZ`, `qW`, `qX`, `qY`, `qZ`)
VALUES (1880948776, 1, 30409030, 90, -30, -0.00749898, 1, 0, 0, 0);

INSERT INTO `ace_object_properties_string` (`aceObjectId`, `strPropertyId`, `propertyValue`)
VALUES (1880948776, 1, 'Font');

INSERT INTO `ace_object_properties_did` (`aceObjectId`, `didPropertyId`, `propertyValue`)
VALUES (1880948776, 8, 100668104)
     , (1880948776, 1, 33554710)
     , (1880948776, 3, 536870932)
     , (1880948776, 22, 872415275)
     , (1880948776, 28, 1183);

INSERT INTO `ace_object_properties_int` (`aceObjectId`, `intPropertyId`, `propertyValue`)
VALUES (1880948776, 53, 101)
     , (1880948776, 1, 4194304)
     , (1880948776, 5, 6000)
     , (1880948776, 16, 48)
     , (1880948776, 19, 200)
     , (1880948776, 93, 1048);

INSERT INTO `ace_object_properties_double` (`aceObjectId`, `dblPropertyId`, `propertyValue`)
VALUES (1880948776, 54, 2);

INSERT INTO `ace_object_properties_bool` (`aceObjectId`, `boolPropertyId`, `propertyValue`)
VALUES (1880948776, 12, True)
     , (1880948776, 11, True)
     , (1880948776, 14, True);

INSERT INTO `ace_object` (`aceObjectId`, `aceObjectDescriptionFlags`, `weenieClassId`, `weenieHeaderFlags`, `currentMotionState`, `physicsDescriptionFlag`)
VALUES (50945534, 270762520, 47344, 18, NULL, 170017);

INSERT INTO `ace_position` (`aceObjectId`, `positionType`, `landblockRaw`, `posX`, `posY`, `posZ`, `qW`, `qX`, `qY`, `qZ`)
VALUES (50945534, 1, 32965068, 40.01213, -68.24482, -12.09668, -0.07437748, -0.05040664, -0.5525509, -0.8286222);

INSERT INTO `ace_object_properties_string` (`aceObjectId`, `strPropertyId`, `propertyValue`)
VALUES (50945534, 1, 'Club');

INSERT INTO `ace_object_properties_did` (`aceObjectId`, `didPropertyId`, `propertyValue`)
VALUES (50945534, 8, 100668855)
     , (50945534, 1, 33554731)
     , (50945534, 3, 536870932)
     , (50945534, 22, 872415275)
     , (50945534, 6, 67111919);

INSERT INTO `ace_object_properties_iid` (`aceObjectId`, `iidPropertyId`, `propertyValue`)
VALUES (50945534, 1, 3702781843);

INSERT INTO `ace_object_properties_int` (`aceObjectId`, `intPropertyId`, `propertyValue`)
VALUES (50945534, 53, 1)
     , (50945534, 1, 1)
     , (50945534, 5, 800)
     , (50945534, 51, 1)
     , (50945534, 151, 2)
     , (50945534, 10, 1048576)
     , (50945534, 16, 1)
     , (50945534, 9, 1048576)
     , (50945534, 19, 350)
     , (50945534, 52, 1)
     , (50945534, 93, 1044);

INSERT INTO `ace_object_properties_bool` (`aceObjectId`, `boolPropertyId`, `propertyValue`)
VALUES (50945534, 13, True)
     , (50945534, 11, True)
     , (50945534, 14, True);

INSERT INTO `ace_object_palette_change` (`aceObjectId`, `subPaletteId`, `offset`, `length`)
VALUES (50945534, 67111919, 0, 0);

INSERT INTO `ace_object_texture_map_change` (`aceObjectId`, `index`, `oldId`, `newId`)
VALUES (50945534, 0, 83888778, 83888778);

INSERT INTO `ace_object_animation_change` (`aceObjectId`, `index`, `animationId`)
VALUES (50945534, 0, 16777893);

INSERT INTO `ace_object` (`aceObjectId`, `aceObjectDescriptionFlags`, `weenieClassId`, `weenieHeaderFlags`, `currentMotionState`, `physicsDescriptionFlag`)
VALUES (2037887010, 2097200, 8377, 20, NULL, 169985);

INSERT INTO `ace_position` (`aceObjectId`, `positionType`, `landblockRaw`, `posX`, `posY`, `posZ`, `qW`, `qX`, `qY`, `qZ`)
VALUES (2037887010, 1, 2541420860, 189.137, 172.315, -0.3, 0.7071068, 0, 0, -0.7071068);

INSERT INTO `ace_object_properties_string` (`aceObjectId`, `strPropertyId`, `propertyValue`)
VALUES (2037887010, 1, 'Beer Keg');

INSERT INTO `ace_object_properties_did` (`aceObjectId`, `didPropertyId`, `propertyValue`)
VALUES (2037887010, 8, 100667431)
     , (2037887010, 1, 33556853)
     , (2037887010, 3, 536870932)
     , (2037887010, 22, 872415275);

INSERT INTO `ace_object_properties_int` (`aceObjectId`, `intPropertyId`, `propertyValue`)
VALUES (2037887010, 53, 101)
     , (2037887010, 1, 4194304)
     , (2037887010, 5, 1000)
     , (2037887010, 16, 48)
     , (2037887010, 93, 1048);

INSERT INTO `ace_object_properties_double` (`aceObjectId`, `dblPropertyId`, `propertyValue`)
VALUES (2037887010, 54, 2);

INSERT INTO `ace_object_properties_bool` (`aceObjectId`, `boolPropertyId`, `propertyValue`)
VALUES (2037887010, 12, True)
     , (2037887010, 11, True)
     , (2037887010, 14, True);

INSERT INTO `ace_object` (`aceObjectId`, `aceObjectDescriptionFlags`, `weenieClassId`, `weenieHeaderFlags`, `currentMotionState`, `physicsDescriptionFlag`)
VALUES (2036842496, 6291512, 174, 20, NULL, 169985);

INSERT INTO `ace_position` (`aceObjectId`, `positionType`, `landblockRaw`, `posX`, `posY`, `posZ`, `qW`, `qX`, `qY`, `qZ`)
VALUES (2036842496, 1, 2524708921, 182.989, 10.102, 20, -0.724416, 0, 0, -0.689363);

INSERT INTO `ace_object_properties_string` (`aceObjectId`, `strPropertyId`, `propertyValue`)
VALUES (2036842496, 1, 'Well');

INSERT INTO `ace_object_properties_did` (`aceObjectId`, `didPropertyId`, `propertyValue`)
VALUES (2036842496, 8, 100667466)
     , (2036842496, 1, 33554816)
     , (2036842496, 3, 536870932)
     , (2036842496, 22, 872415275)
     , (2036842496, 28, 1183);

INSERT INTO `ace_object_properties_int` (`aceObjectId`, `intPropertyId`, `propertyValue`)
VALUES (2036842496, 53, 101)
     , (2036842496, 1, 4194304)
     , (2036842496, 5, 6000)
     , (2036842496, 16, 48)
     , (2036842496, 19, 200)
     , (2036842496, 93, 1048);

INSERT INTO `ace_object_properties_double` (`aceObjectId`, `dblPropertyId`, `propertyValue`)
VALUES (2036842496, 54, 2);

INSERT INTO `ace_object_properties_bool` (`aceObjectId`, `boolPropertyId`, `propertyValue`)
VALUES (2036842496, 12, True)
     , (2036842496, 11, True)
     , (2036842496, 14, True);

INSERT INTO `ace_object` (`aceObjectId`, `aceObjectDescriptionFlags`, `weenieClassId`, `weenieHeaderFlags`, `currentMotionState`, `physicsDescriptionFlag`)
VALUES (2037887009, 6291512, 153, 20, NULL, 169985);

INSERT INTO `ace_position` (`aceObjectId`, `positionType`, `landblockRaw`, `posX`, `posY`, `posZ`, `qW`, `qX`, `qY`, `qZ`)
VALUES (2037887009, 1, 2541420608, 173.16, 174, -0.00749898, 1, 0, 0, 0);

INSERT INTO `ace_object_properties_string` (`aceObjectId`, `strPropertyId`, `propertyValue`)
VALUES (2037887009, 1, 'Fountain');

INSERT INTO `ace_object_properties_did` (`aceObjectId`, `didPropertyId`, `propertyValue`)
VALUES (2037887009, 8, 100668104)
     , (2037887009, 1, 33555071)
     , (2037887009, 3, 536870932)
     , (2037887009, 22, 872415275)
     , (2037887009, 28, 1183);

INSERT INTO `ace_object_properties_int` (`aceObjectId`, `intPropertyId`, `propertyValue`)
VALUES (2037887009, 53, 101)
     , (2037887009, 1, 4194304)
     , (2037887009, 5, 6000)
     , (2037887009, 16, 48)
     , (2037887009, 19, 200)
     , (2037887009, 93, 1048);

INSERT INTO `ace_object_properties_double` (`aceObjectId`, `dblPropertyId`, `propertyValue`)
VALUES (2037887009, 54, 2);

INSERT INTO `ace_object_properties_bool` (`aceObjectId`, `boolPropertyId`, `propertyValue`)
VALUES (2037887009, 12, True)
     , (2037887009, 11, True)
     , (2037887009, 14, True);

INSERT INTO `ace_object` (`aceObjectId`, `aceObjectDescriptionFlags`, `weenieClassId`, `weenieHeaderFlags`, `currentMotionState`, `physicsDescriptionFlag`)
VALUES (1881047082, 6291512, 152, 20, NULL, 169985);

INSERT INTO `ace_position` (`aceObjectId`, `positionType`, `landblockRaw`, `posX`, `posY`, `posZ`, `qW`, `qX`, `qY`, `qZ`)
VALUES (1881047082, 1, 31981984, 86.322, -49.024, -0.00749898, -0.7071068, 0, 0, -0.7071068);

INSERT INTO `ace_object_properties_string` (`aceObjectId`, `strPropertyId`, `propertyValue`)
VALUES (1881047082, 1, 'Font');

INSERT INTO `ace_object_properties_did` (`aceObjectId`, `didPropertyId`, `propertyValue`)
VALUES (1881047082, 8, 100668104)
     , (1881047082, 1, 33554710)
     , (1881047082, 3, 536870932)
     , (1881047082, 22, 872415275)
     , (1881047082, 28, 1183);

INSERT INTO `ace_object_properties_int` (`aceObjectId`, `intPropertyId`, `propertyValue`)
VALUES (1881047082, 53, 101)
     , (1881047082, 1, 4194304)
     , (1881047082, 5, 6000)
     , (1881047082, 16, 48)
     , (1881047082, 19, 200)
     , (1881047082, 93, 1048);

INSERT INTO `ace_object_properties_double` (`aceObjectId`, `dblPropertyId`, `propertyValue`)
VALUES (1881047082, 54, 2);

INSERT INTO `ace_object_properties_bool` (`aceObjectId`, `boolPropertyId`, `propertyValue`)
VALUES (1881047082, 12, True)
     , (1881047082, 11, True)
     , (1881047082, 14, True);

INSERT INTO `ace_object` (`aceObjectId`, `aceObjectDescriptionFlags`, `weenieClassId`, `weenieHeaderFlags`, `currentMotionState`, `physicsDescriptionFlag`)
VALUES (1880936476, 6291512, 171, 20, NULL, 169985);

INSERT INTO `ace_position` (`aceObjectId`, `positionType`, `landblockRaw`, `posX`, `posY`, `posZ`, `qW`, `qX`, `qY`, `qZ`)
VALUES (1880936476, 1, 30212396, 23.0604, -9.11857, 0, 0.984713, 0, 0, -0.174185);

INSERT INTO `ace_object_properties_string` (`aceObjectId`, `strPropertyId`, `propertyValue`)
VALUES (1880936476, 1, 'Vat');

INSERT INTO `ace_object_properties_did` (`aceObjectId`, `didPropertyId`, `propertyValue`)
VALUES (1880936476, 8, 100668110)
     , (1880936476, 1, 33554796)
     , (1880936476, 3, 536870932)
     , (1880936476, 22, 872415275)
     , (1880936476, 28, 1183);

INSERT INTO `ace_object_properties_int` (`aceObjectId`, `intPropertyId`, `propertyValue`)
VALUES (1880936476, 53, 101)
     , (1880936476, 1, 4194304)
     , (1880936476, 5, 6000)
     , (1880936476, 16, 48)
     , (1880936476, 19, 200)
     , (1880936476, 93, 66584);

INSERT INTO `ace_object_properties_double` (`aceObjectId`, `dblPropertyId`, `propertyValue`)
VALUES (1880936476, 54, 2);

INSERT INTO `ace_object_properties_bool` (`aceObjectId`, `boolPropertyId`, `propertyValue`)
VALUES (1880936476, 12, True)
     , (1880936476, 11, True)
     , (1880936476, 14, True);

INSERT INTO `ace_object` (`aceObjectId`, `aceObjectDescriptionFlags`, `weenieClassId`, `weenieHeaderFlags`, `currentMotionState`, `physicsDescriptionFlag`)
VALUES (1880764440, 6291512, 152, 20, NULL, 169985);

INSERT INTO `ace_position` (`aceObjectId`, `positionType`, `landblockRaw`, `posX`, `posY`, `posZ`, `qW`, `qX`, `qY`, `qZ`)
VALUES (1880764440, 1, 27459939, 50, -50, -96.0075, 1, 0, 0, 0);

INSERT INTO `ace_object_properties_string` (`aceObjectId`, `strPropertyId`, `propertyValue`)
VALUES (1880764440, 1, 'Font');

INSERT INTO `ace_object_properties_did` (`aceObjectId`, `didPropertyId`, `propertyValue`)
VALUES (1880764440, 8, 100668104)
     , (1880764440, 1, 33554710)
     , (1880764440, 3, 536870932)
     , (1880764440, 22, 872415275)
     , (1880764440, 28, 1183);

INSERT INTO `ace_object_properties_int` (`aceObjectId`, `intPropertyId`, `propertyValue`)
VALUES (1880764440, 53, 101)
     , (1880764440, 1, 4194304)
     , (1880764440, 5, 6000)
     , (1880764440, 16, 48)
     , (1880764440, 19, 200)
     , (1880764440, 93, 1048);

INSERT INTO `ace_object_properties_double` (`aceObjectId`, `dblPropertyId`, `propertyValue`)
VALUES (1880764440, 54, 2);

INSERT INTO `ace_object_properties_bool` (`aceObjectId`, `boolPropertyId`, `propertyValue`)
VALUES (1880764440, 12, True)
     , (1880764440, 11, True)
     , (1880764440, 14, True);

INSERT INTO `ace_object` (`aceObjectId`, `aceObjectDescriptionFlags`, `weenieClassId`, `weenieHeaderFlags`, `currentMotionState`, `physicsDescriptionFlag`)
VALUES (1880764428, 6291512, 165, 20, NULL, 169985);

INSERT INTO `ace_position` (`aceObjectId`, `positionType`, `landblockRaw`, `posX`, `posY`, `posZ`, `qW`, `qX`, `qY`, `qZ`)
VALUES (1880764428, 1, 27459888, 10, -10, -101.95, 1, 0, 0, 0);

INSERT INTO `ace_object_properties_string` (`aceObjectId`, `strPropertyId`, `propertyValue`)
VALUES (1880764428, 1, 'Pool');

INSERT INTO `ace_object_properties_did` (`aceObjectId`, `didPropertyId`, `propertyValue`)
VALUES (1880764428, 8, 100668107)
     , (1880764428, 1, 33554711)
     , (1880764428, 3, 536870932)
     , (1880764428, 22, 872415275)
     , (1880764428, 28, 1183);

INSERT INTO `ace_object_properties_int` (`aceObjectId`, `intPropertyId`, `propertyValue`)
VALUES (1880764428, 53, 101)
     , (1880764428, 1, 4194304)
     , (1880764428, 5, 6000)
     , (1880764428, 16, 48)
     , (1880764428, 19, 200)
     , (1880764428, 93, 66584);

INSERT INTO `ace_object_properties_double` (`aceObjectId`, `dblPropertyId`, `propertyValue`)
VALUES (1880764428, 54, 2);

INSERT INTO `ace_object_properties_bool` (`aceObjectId`, `boolPropertyId`, `propertyValue`)
VALUES (1880764428, 12, True)
     , (1880764428, 11, True)
     , (1880764428, 14, True);

INSERT INTO `ace_object` (`aceObjectId`, `aceObjectDescriptionFlags`, `weenieClassId`, `weenieHeaderFlags`, `currentMotionState`, `physicsDescriptionFlag`)
VALUES (2012626947, 0, 14341, 20, NULL, 32769);

INSERT INTO `ace_position` (`aceObjectId`, `positionType`, `landblockRaw`, `posX`, `posY`, `posZ`, `qW`, `qX`, `qY`, `qZ`)
VALUES (2012626947, 1, 2137260068, 108, 84, 48.44472, 1, 0, 0, 0);

INSERT INTO `ace_object_properties_string` (`aceObjectId`, `strPropertyId`, `propertyValue`)
VALUES (2012626947, 1, 'Chess Board');

INSERT INTO `ace_object_properties_did` (`aceObjectId`, `didPropertyId`, `propertyValue`)
VALUES (2012626947, 8, 100673558)
     , (2012626947, 1, 33558037);

INSERT INTO `ace_object_properties_int` (`aceObjectId`, `intPropertyId`, `propertyValue`)
VALUES (2012626947, 1, 2147483648)
     , (2012626947, 93, 1040);

INSERT INTO `ace_object_properties_bool` (`aceObjectId`, `boolPropertyId`, `propertyValue`)
VALUES (2012626947, 11, True)
     , (2012626947, 14, True);

INSERT INTO `ace_object` (`aceObjectId`, `aceObjectDescriptionFlags`, `weenieClassId`, `weenieHeaderFlags`, `currentMotionState`, `physicsDescriptionFlag`)
VALUES (2049306652, 2097200, 8377, 20, NULL, 169985);

INSERT INTO `ace_position` (`aceObjectId`, `positionType`, `landblockRaw`, `posX`, `posY`, `posZ`, `qW`, `qX`, `qY`, `qZ`)
VALUES (2049306652, 1, 2724135173, 126.557, 53.0103, 20.5, -0.2426629, 0, 0, -0.9701107);

INSERT INTO `ace_object_properties_string` (`aceObjectId`, `strPropertyId`, `propertyValue`)
VALUES (2049306652, 1, 'Beer Keg');

INSERT INTO `ace_object_properties_did` (`aceObjectId`, `didPropertyId`, `propertyValue`)
VALUES (2049306652, 8, 100667431)
     , (2049306652, 1, 33556853)
     , (2049306652, 3, 536870932)
     , (2049306652, 22, 872415275);

INSERT INTO `ace_object_properties_int` (`aceObjectId`, `intPropertyId`, `propertyValue`)
VALUES (2049306652, 53, 101)
     , (2049306652, 1, 4194304)
     , (2049306652, 5, 1000)
     , (2049306652, 16, 48)
     , (2049306652, 93, 1048);

INSERT INTO `ace_object_properties_double` (`aceObjectId`, `dblPropertyId`, `propertyValue`)
VALUES (2049306652, 54, 2);

INSERT INTO `ace_object_properties_bool` (`aceObjectId`, `boolPropertyId`, `propertyValue`)
VALUES (2049306652, 12, True)
     , (2049306652, 11, True)
     , (2049306652, 14, True);

INSERT INTO `ace_object` (`aceObjectId`, `aceObjectDescriptionFlags`, `weenieClassId`, `weenieHeaderFlags`, `currentMotionState`, `physicsDescriptionFlag`)
VALUES (1879834650, 2097168, 37081, 8341, 'AAA9AAAAAAA=', 98307);

INSERT INTO `ace_position` (`aceObjectId`, `positionType`, `landblockRaw`, `posX`, `posY`, `posZ`, `qW`, `qX`, `qY`, `qZ`)
VALUES (1879834650, 1, 12583413, 115.998, -80.8124, 0.029, -0.923358, 0, 0, -0.383939);

INSERT INTO `ace_object_properties_string` (`aceObjectId`, `strPropertyId`, `propertyValue`)
VALUES (1879834650, 1, 'Virindi Profane Corpse');

INSERT INTO `ace_object_properties_did` (`aceObjectId`, `didPropertyId`, `propertyValue`)
VALUES (1879834650, 8, 100674323)
     , (1879834650, 1, 33558343)
     , (1879834650, 2, 150995427)
     , (1879834650, 6, 67114250);

INSERT INTO `ace_object_properties_int` (`aceObjectId`, `intPropertyId`, `propertyValue`)
VALUES (1879834650, 1, 1024)
     , (1879834650, 5, 1)
     , (1879834650, 16, 1)
     , (1879834650, 93, 1044);

INSERT INTO `ace_object_properties_bool` (`aceObjectId`, `boolPropertyId`, `propertyValue`)
VALUES (1879834650, 13, True)
     , (1879834650, 11, True)
     , (1879834650, 14, True);

INSERT INTO `ace_object_palette_change` (`aceObjectId`, `subPaletteId`, `offset`, `length`)
VALUES (1879834650, 67114253, 0, 0);

INSERT INTO `ace_object` (`aceObjectId`, `aceObjectDescriptionFlags`, `weenieClassId`, `weenieHeaderFlags`, `currentMotionState`, `physicsDescriptionFlag`)
VALUES (1879834645, 2097168, 37079, 8341, 'AAA9AAAAAAA=', 98307);

INSERT INTO `ace_position` (`aceObjectId`, `positionType`, `landblockRaw`, `posX`, `posY`, `posZ`, `qW`, `qX`, `qY`, `qZ`)
VALUES (1879834645, 1, 12583344, 92.2224, -121.626, 0.02899997, 0.8422021, 0, 0, -0.539162);

INSERT INTO `ace_object_properties_string` (`aceObjectId`, `strPropertyId`, `propertyValue`)
VALUES (1879834645, 1, 'Virindi Consul Corpse');

INSERT INTO `ace_object_properties_did` (`aceObjectId`, `didPropertyId`, `propertyValue`)
VALUES (1879834645, 8, 100674323)
     , (1879834645, 1, 33558343)
     , (1879834645, 2, 150995427)
     , (1879834645, 6, 67114250);

INSERT INTO `ace_object_properties_int` (`aceObjectId`, `intPropertyId`, `propertyValue`)
VALUES (1879834645, 1, 1024)
     , (1879834645, 5, 1)
     , (1879834645, 16, 1)
     , (1879834645, 93, 1044);

INSERT INTO `ace_object_properties_bool` (`aceObjectId`, `boolPropertyId`, `propertyValue`)
VALUES (1879834645, 13, True)
     , (1879834645, 11, True)
     , (1879834645, 14, True);

INSERT INTO `ace_object_palette_change` (`aceObjectId`, `subPaletteId`, `offset`, `length`)
VALUES (1879834645, 67114257, 0, 0);

INSERT INTO `ace_object` (`aceObjectId`, `aceObjectDescriptionFlags`, `weenieClassId`, `weenieHeaderFlags`, `currentMotionState`, `physicsDescriptionFlag`)
VALUES (1879834631, 2097168, 37079, 8341, 'AAA9AAAAAAA=', 98307);

INSERT INTO `ace_position` (`aceObjectId`, `positionType`, `landblockRaw`, `posX`, `posY`, `posZ`, `qW`, `qX`, `qY`, `qZ`)
VALUES (1879834631, 1, 12583253, 52.4185, -109.88, 0.029, -0.4740539, 0, 0, 0.8804958);

INSERT INTO `ace_object_properties_string` (`aceObjectId`, `strPropertyId`, `propertyValue`)
VALUES (1879834631, 1, 'Virindi Consul Corpse');

INSERT INTO `ace_object_properties_did` (`aceObjectId`, `didPropertyId`, `propertyValue`)
VALUES (1879834631, 8, 100674323)
     , (1879834631, 1, 33558343)
     , (1879834631, 2, 150995427)
     , (1879834631, 6, 67114250);

INSERT INTO `ace_object_properties_int` (`aceObjectId`, `intPropertyId`, `propertyValue`)
VALUES (1879834631, 1, 1024)
     , (1879834631, 5, 1)
     , (1879834631, 16, 1)
     , (1879834631, 93, 1044);

INSERT INTO `ace_object_properties_bool` (`aceObjectId`, `boolPropertyId`, `propertyValue`)
VALUES (1879834631, 13, True)
     , (1879834631, 11, True)
     , (1879834631, 14, True);

INSERT INTO `ace_object_palette_change` (`aceObjectId`, `subPaletteId`, `offset`, `length`)
VALUES (1879834631, 67114257, 0, 0);

INSERT INTO `ace_object` (`aceObjectId`, `aceObjectDescriptionFlags`, `weenieClassId`, `weenieHeaderFlags`, `currentMotionState`, `physicsDescriptionFlag`)
VALUES (1879834646, 2097168, 37080, 8341, 'AAA9AAAAAAA=', 98307);

INSERT INTO `ace_position` (`aceObjectId`, `positionType`, `landblockRaw`, `posX`, `posY`, `posZ`, `qW`, `qX`, `qY`, `qZ`)
VALUES (1879834646, 1, 12583368, 97.0583, -128.198, 0.02899997, 0.3878188, 0, 0, 0.9217356);

INSERT INTO `ace_object_properties_string` (`aceObjectId`, `strPropertyId`, `propertyValue`)
VALUES (1879834646, 1, 'Virindi Desecrator Corpse');

INSERT INTO `ace_object_properties_did` (`aceObjectId`, `didPropertyId`, `propertyValue`)
VALUES (1879834646, 8, 100674323)
     , (1879834646, 1, 33558343)
     , (1879834646, 2, 150995427)
     , (1879834646, 6, 67114250);

INSERT INTO `ace_object_properties_int` (`aceObjectId`, `intPropertyId`, `propertyValue`)
VALUES (1879834646, 1, 1024)
     , (1879834646, 5, 1)
     , (1879834646, 16, 1)
     , (1879834646, 93, 1044);

INSERT INTO `ace_object_properties_bool` (`aceObjectId`, `boolPropertyId`, `propertyValue`)
VALUES (1879834646, 13, True)
     , (1879834646, 11, True)
     , (1879834646, 14, True);

INSERT INTO `ace_object_palette_change` (`aceObjectId`, `subPaletteId`, `offset`, `length`)
VALUES (1879834646, 67114252, 0, 0);

INSERT INTO `ace_object` (`aceObjectId`, `aceObjectDescriptionFlags`, `weenieClassId`, `weenieHeaderFlags`, `currentMotionState`, `physicsDescriptionFlag`)
VALUES (1879834651, 2097168, 37079, 8341, 'AAA9AAAAAAA=', 98307);

INSERT INTO `ace_position` (`aceObjectId`, `positionType`, `landblockRaw`, `posX`, `posY`, `posZ`, `qW`, `qX`, `qY`, `qZ`)
VALUES (1879834651, 1, 12583419, 119.16, -111.052, 0.02899997, 0.4957229, 0, 0, 0.8684807);

INSERT INTO `ace_object_properties_string` (`aceObjectId`, `strPropertyId`, `propertyValue`)
VALUES (1879834651, 1, 'Virindi Consul Corpse');

INSERT INTO `ace_object_properties_did` (`aceObjectId`, `didPropertyId`, `propertyValue`)
VALUES (1879834651, 8, 100674323)
     , (1879834651, 1, 33558343)
     , (1879834651, 2, 150995427)
     , (1879834651, 6, 67114250);

INSERT INTO `ace_object_properties_int` (`aceObjectId`, `intPropertyId`, `propertyValue`)
VALUES (1879834651, 1, 1024)
     , (1879834651, 5, 1)
     , (1879834651, 16, 1)
     , (1879834651, 93, 1044);

INSERT INTO `ace_object_properties_bool` (`aceObjectId`, `boolPropertyId`, `propertyValue`)
VALUES (1879834651, 13, True)
     , (1879834651, 11, True)
     , (1879834651, 14, True);

INSERT INTO `ace_object_palette_change` (`aceObjectId`, `subPaletteId`, `offset`, `length`)
VALUES (1879834651, 67114257, 0, 0);

INSERT INTO `ace_object` (`aceObjectId`, `aceObjectDescriptionFlags`, `weenieClassId`, `weenieHeaderFlags`, `currentMotionState`, `physicsDescriptionFlag`)
VALUES (1925926922, 2097200, 8377, 20, NULL, 169985);

INSERT INTO `ace_position` (`aceObjectId`, `positionType`, `landblockRaw`, `posX`, `posY`, `posZ`, `qW`, `qX`, `qY`, `qZ`)
VALUES (1925926922, 1, 750059778, 30.6872, 79.4672, 2.52, -0.7240263, 0, 0, -0.6897723);

INSERT INTO `ace_object_properties_string` (`aceObjectId`, `strPropertyId`, `propertyValue`)
VALUES (1925926922, 1, 'Beer Keg');

INSERT INTO `ace_object_properties_did` (`aceObjectId`, `didPropertyId`, `propertyValue`)
VALUES (1925926922, 8, 100667431)
     , (1925926922, 1, 33556853)
     , (1925926922, 3, 536870932)
     , (1925926922, 22, 872415275);

INSERT INTO `ace_object_properties_int` (`aceObjectId`, `intPropertyId`, `propertyValue`)
VALUES (1925926922, 53, 101)
     , (1925926922, 1, 4194304)
     , (1925926922, 5, 1000)
     , (1925926922, 16, 48)
     , (1925926922, 93, 1048);

INSERT INTO `ace_object_properties_double` (`aceObjectId`, `dblPropertyId`, `propertyValue`)
VALUES (1925926922, 54, 2);

INSERT INTO `ace_object_properties_bool` (`aceObjectId`, `boolPropertyId`, `propertyValue`)
VALUES (1925926922, 12, True)
     , (1925926922, 11, True)
     , (1925926922, 14, True);

INSERT INTO `ace_object` (`aceObjectId`, `aceObjectDescriptionFlags`, `weenieClassId`, `weenieHeaderFlags`, `currentMotionState`, `physicsDescriptionFlag`)
VALUES (2071580678, 6291512, 174, 20, NULL, 169985);

INSERT INTO `ace_position` (`aceObjectId`, `positionType`, `landblockRaw`, `posX`, `posY`, `posZ`, `qW`, `qX`, `qY`, `qZ`)
VALUES (2071580678, 1, 3080519734, 149.743, 125.508, 54, 0.958838, 0, 0, 0.283953);

INSERT INTO `ace_object_properties_string` (`aceObjectId`, `strPropertyId`, `propertyValue`)
VALUES (2071580678, 1, 'Well');

INSERT INTO `ace_object_properties_did` (`aceObjectId`, `didPropertyId`, `propertyValue`)
VALUES (2071580678, 8, 100667466)
     , (2071580678, 1, 33554816)
     , (2071580678, 3, 536870932)
     , (2071580678, 22, 872415275)
     , (2071580678, 28, 1183);

INSERT INTO `ace_object_properties_int` (`aceObjectId`, `intPropertyId`, `propertyValue`)
VALUES (2071580678, 53, 101)
     , (2071580678, 1, 4194304)
     , (2071580678, 5, 6000)
     , (2071580678, 16, 48)
     , (2071580678, 19, 200)
     , (2071580678, 93, 1048);

INSERT INTO `ace_object_properties_double` (`aceObjectId`, `dblPropertyId`, `propertyValue`)
VALUES (2071580678, 54, 2);

INSERT INTO `ace_object_properties_bool` (`aceObjectId`, `boolPropertyId`, `propertyValue`)
VALUES (2071580678, 12, True)
     , (2071580678, 11, True)
     , (2071580678, 14, True);

INSERT INTO `ace_object` (`aceObjectId`, `aceObjectDescriptionFlags`, `weenieClassId`, `weenieHeaderFlags`, `currentMotionState`, `physicsDescriptionFlag`)
VALUES (1882001450, 6291512, 153, 20, NULL, 169985);

INSERT INTO `ace_position` (`aceObjectId`, `positionType`, `landblockRaw`, `posX`, `posY`, `posZ`, `qW`, `qX`, `qY`, `qZ`)
VALUES (1882001450, 1, 47251959, 76.666, -50.819, -0.00749898, 1, 0, 0, 0);

INSERT INTO `ace_object_properties_string` (`aceObjectId`, `strPropertyId`, `propertyValue`)
VALUES (1882001450, 1, 'Fountain');

INSERT INTO `ace_object_properties_did` (`aceObjectId`, `didPropertyId`, `propertyValue`)
VALUES (1882001450, 8, 100668104)
     , (1882001450, 1, 33555071)
     , (1882001450, 3, 536870932)
     , (1882001450, 22, 872415275)
     , (1882001450, 28, 1183);

INSERT INTO `ace_object_properties_int` (`aceObjectId`, `intPropertyId`, `propertyValue`)
VALUES (1882001450, 53, 101)
     , (1882001450, 1, 4194304)
     , (1882001450, 5, 6000)
     , (1882001450, 16, 48)
     , (1882001450, 19, 200)
     , (1882001450, 93, 1048);

INSERT INTO `ace_object_properties_double` (`aceObjectId`, `dblPropertyId`, `propertyValue`)
VALUES (1882001450, 54, 2);

INSERT INTO `ace_object_properties_bool` (`aceObjectId`, `boolPropertyId`, `propertyValue`)
VALUES (1882001450, 12, True)
     , (1882001450, 11, True)
     , (1882001450, 14, True);

INSERT INTO `ace_object` (`aceObjectId`, `aceObjectDescriptionFlags`, `weenieClassId`, `weenieHeaderFlags`, `currentMotionState`, `physicsDescriptionFlag`)
VALUES (1882001441, 6291512, 171, 20, NULL, 169985);

INSERT INTO `ace_position` (`aceObjectId`, `positionType`, `landblockRaw`, `posX`, `posY`, `posZ`, `qW`, `qX`, `qY`, `qZ`)
VALUES (1882001441, 1, 47251915, 37.3776, -36.595, 0, 0.5398872, 0, 0, 0.8417373);

INSERT INTO `ace_object_properties_string` (`aceObjectId`, `strPropertyId`, `propertyValue`)
VALUES (1882001441, 1, 'Vat');

INSERT INTO `ace_object_properties_did` (`aceObjectId`, `didPropertyId`, `propertyValue`)
VALUES (1882001441, 8, 100668110)
     , (1882001441, 1, 33554796)
     , (1882001441, 3, 536870932)
     , (1882001441, 22, 872415275)
     , (1882001441, 28, 1183);

INSERT INTO `ace_object_properties_int` (`aceObjectId`, `intPropertyId`, `propertyValue`)
VALUES (1882001441, 53, 101)
     , (1882001441, 1, 4194304)
     , (1882001441, 5, 6000)
     , (1882001441, 16, 48)
     , (1882001441, 19, 200)
     , (1882001441, 93, 66584);

INSERT INTO `ace_object_properties_double` (`aceObjectId`, `dblPropertyId`, `propertyValue`)
VALUES (1882001441, 54, 2);

INSERT INTO `ace_object_properties_bool` (`aceObjectId`, `boolPropertyId`, `propertyValue`)
VALUES (1882001441, 12, True)
     , (1882001441, 11, True)
     , (1882001441, 14, True);

INSERT INTO `ace_object` (`aceObjectId`, `aceObjectDescriptionFlags`, `weenieClassId`, `weenieHeaderFlags`, `currentMotionState`, `physicsDescriptionFlag`)
VALUES (1882001440, 6291512, 171, 20, NULL, 169985);

INSERT INTO `ace_position` (`aceObjectId`, `positionType`, `landblockRaw`, `posX`, `posY`, `posZ`, `qW`, `qX`, `qY`, `qZ`)
VALUES (1882001440, 1, 47251915, 37.0061, -42.4485, 0, 0.5398872, 0, 0, 0.8417373);

INSERT INTO `ace_object_properties_string` (`aceObjectId`, `strPropertyId`, `propertyValue`)
VALUES (1882001440, 1, 'Vat');

INSERT INTO `ace_object_properties_did` (`aceObjectId`, `didPropertyId`, `propertyValue`)
VALUES (1882001440, 8, 100668110)
     , (1882001440, 1, 33554796)
     , (1882001440, 3, 536870932)
     , (1882001440, 22, 872415275)
     , (1882001440, 28, 1183);

INSERT INTO `ace_object_properties_int` (`aceObjectId`, `intPropertyId`, `propertyValue`)
VALUES (1882001440, 53, 101)
     , (1882001440, 1, 4194304)
     , (1882001440, 5, 6000)
     , (1882001440, 16, 48)
     , (1882001440, 19, 200)
     , (1882001440, 93, 66584);

INSERT INTO `ace_object_properties_double` (`aceObjectId`, `dblPropertyId`, `propertyValue`)
VALUES (1882001440, 54, 2);

INSERT INTO `ace_object_properties_bool` (`aceObjectId`, `boolPropertyId`, `propertyValue`)
VALUES (1882001440, 12, True)
     , (1882001440, 11, True)
     , (1882001440, 14, True);

INSERT INTO `ace_object` (`aceObjectId`, `aceObjectDescriptionFlags`, `weenieClassId`, `weenieHeaderFlags`, `currentMotionState`, `physicsDescriptionFlag`)
VALUES (1882001429, 6291512, 174, 20, NULL, 169985);

INSERT INTO `ace_position` (`aceObjectId`, `positionType`, `landblockRaw`, `posX`, `posY`, `posZ`, `qW`, `qX`, `qY`, `qZ`)
VALUES (1882001429, 1, 47251886, 17.097, -30.191, 0, 1, 0, 0, -4.37114E-08);

INSERT INTO `ace_object_properties_string` (`aceObjectId`, `strPropertyId`, `propertyValue`)
VALUES (1882001429, 1, 'Well');

INSERT INTO `ace_object_properties_did` (`aceObjectId`, `didPropertyId`, `propertyValue`)
VALUES (1882001429, 8, 100667466)
     , (1882001429, 1, 33554816)
     , (1882001429, 3, 536870932)
     , (1882001429, 22, 872415275)
     , (1882001429, 28, 1183);

INSERT INTO `ace_object_properties_int` (`aceObjectId`, `intPropertyId`, `propertyValue`)
VALUES (1882001429, 53, 101)
     , (1882001429, 1, 4194304)
     , (1882001429, 5, 6000)
     , (1882001429, 16, 48)
     , (1882001429, 19, 200)
     , (1882001429, 93, 1048);

INSERT INTO `ace_object_properties_double` (`aceObjectId`, `dblPropertyId`, `propertyValue`)
VALUES (1882001429, 54, 2);

INSERT INTO `ace_object_properties_bool` (`aceObjectId`, `boolPropertyId`, `propertyValue`)
VALUES (1882001429, 12, True)
     , (1882001429, 11, True)
     , (1882001429, 14, True);

INSERT INTO `ace_object` (`aceObjectId`, `aceObjectDescriptionFlags`, `weenieClassId`, `weenieHeaderFlags`, `currentMotionState`, `physicsDescriptionFlag`)
VALUES (1881989146, 6291512, 165, 20, NULL, 169985);

INSERT INTO `ace_position` (`aceObjectId`, `positionType`, `landblockRaw`, `posX`, `posY`, `posZ`, `qW`, `qX`, `qY`, `qZ`)
VALUES (1881989146, 1, 47055283, 70, -30, 6.05, 1, 0, 0, 0);

INSERT INTO `ace_object_properties_string` (`aceObjectId`, `strPropertyId`, `propertyValue`)
VALUES (1881989146, 1, 'Pool');

INSERT INTO `ace_object_properties_did` (`aceObjectId`, `didPropertyId`, `propertyValue`)
VALUES (1881989146, 8, 100668107)
     , (1881989146, 1, 33554711)
     , (1881989146, 3, 536870932)
     , (1881989146, 22, 872415275)
     , (1881989146, 28, 1183);

INSERT INTO `ace_object_properties_int` (`aceObjectId`, `intPropertyId`, `propertyValue`)
VALUES (1881989146, 53, 101)
     , (1881989146, 1, 4194304)
     , (1881989146, 5, 6000)
     , (1881989146, 16, 48)
     , (1881989146, 19, 200)
     , (1881989146, 93, 66584);

INSERT INTO `ace_object_properties_double` (`aceObjectId`, `dblPropertyId`, `propertyValue`)
VALUES (1881989146, 54, 2);

INSERT INTO `ace_object_properties_bool` (`aceObjectId`, `boolPropertyId`, `propertyValue`)
VALUES (1881989146, 12, True)
     , (1881989146, 11, True)
     , (1881989146, 14, True);

INSERT INTO `ace_object` (`aceObjectId`, `aceObjectDescriptionFlags`, `weenieClassId`, `weenieHeaderFlags`, `currentMotionState`, `physicsDescriptionFlag`)
VALUES (1983140008, 6291512, 153, 20, NULL, 169985);

INSERT INTO `ace_position` (`aceObjectId`, `positionType`, `landblockRaw`, `posX`, `posY`, `posZ`, `qW`, `qX`, `qY`, `qZ`)
VALUES (1983140008, 1, 1665466887, 212.699, -75.846, -0.00749898, 0, 0, 0, -1);

INSERT INTO `ace_object_properties_string` (`aceObjectId`, `strPropertyId`, `propertyValue`)
VALUES (1983140008, 1, 'Fountain');

INSERT INTO `ace_object_properties_did` (`aceObjectId`, `didPropertyId`, `propertyValue`)
VALUES (1983140008, 8, 100668104)
     , (1983140008, 1, 33555071)
     , (1983140008, 3, 536870932)
     , (1983140008, 22, 872415275)
     , (1983140008, 28, 1183);

INSERT INTO `ace_object_properties_int` (`aceObjectId`, `intPropertyId`, `propertyValue`)
VALUES (1983140008, 53, 101)
     , (1983140008, 1, 4194304)
     , (1983140008, 5, 6000)
     , (1983140008, 16, 48)
     , (1983140008, 19, 200)
     , (1983140008, 93, 1048);

INSERT INTO `ace_object_properties_double` (`aceObjectId`, `dblPropertyId`, `propertyValue`)
VALUES (1983140008, 54, 2);

INSERT INTO `ace_object_properties_bool` (`aceObjectId`, `boolPropertyId`, `propertyValue`)
VALUES (1983140008, 12, True)
     , (1983140008, 11, True)
     , (1983140008, 14, True);

INSERT INTO `ace_object` (`aceObjectId`, `aceObjectDescriptionFlags`, `weenieClassId`, `weenieHeaderFlags`, `currentMotionState`, `physicsDescriptionFlag`)
VALUES (1983140012, 6291512, 153, 20, NULL, 169985);

INSERT INTO `ace_position` (`aceObjectId`, `positionType`, `landblockRaw`, `posX`, `posY`, `posZ`, `qW`, `qX`, `qY`, `qZ`)
VALUES (1983140012, 1, 1665466890, 217.301, -84.154, -0.00749898, -1, 0, 0, 4.37114E-08);

INSERT INTO `ace_object_properties_string` (`aceObjectId`, `strPropertyId`, `propertyValue`)
VALUES (1983140012, 1, 'Fountain');

INSERT INTO `ace_object_properties_did` (`aceObjectId`, `didPropertyId`, `propertyValue`)
VALUES (1983140012, 8, 100668104)
     , (1983140012, 1, 33555071)
     , (1983140012, 3, 536870932)
     , (1983140012, 22, 872415275)
     , (1983140012, 28, 1183);

INSERT INTO `ace_object_properties_int` (`aceObjectId`, `intPropertyId`, `propertyValue`)
VALUES (1983140012, 53, 101)
     , (1983140012, 1, 4194304)
     , (1983140012, 5, 6000)
     , (1983140012, 16, 48)
     , (1983140012, 19, 200)
     , (1983140012, 93, 1048);

INSERT INTO `ace_object_properties_double` (`aceObjectId`, `dblPropertyId`, `propertyValue`)
VALUES (1983140012, 54, 2);

INSERT INTO `ace_object_properties_bool` (`aceObjectId`, `boolPropertyId`, `propertyValue`)
VALUES (1983140012, 12, True)
     , (1983140012, 11, True)
     , (1983140012, 14, True);

INSERT INTO `ace_object` (`aceObjectId`, `aceObjectDescriptionFlags`, `weenieClassId`, `weenieHeaderFlags`, `currentMotionState`, `physicsDescriptionFlag`)
VALUES (1983140005, 6291512, 153, 20, NULL, 169985);

INSERT INTO `ace_position` (`aceObjectId`, `positionType`, `landblockRaw`, `posX`, `posY`, `posZ`, `qW`, `qX`, `qY`, `qZ`)
VALUES (1983140005, 1, 1665466878, 187.301, -54.154, -0.00749898, -1, 0, 0, 4.37114E-08);

INSERT INTO `ace_object_properties_string` (`aceObjectId`, `strPropertyId`, `propertyValue`)
VALUES (1983140005, 1, 'Fountain');

INSERT INTO `ace_object_properties_did` (`aceObjectId`, `didPropertyId`, `propertyValue`)
VALUES (1983140005, 8, 100668104)
     , (1983140005, 1, 33555071)
     , (1983140005, 3, 536870932)
     , (1983140005, 22, 872415275)
     , (1983140005, 28, 1183);

INSERT INTO `ace_object_properties_int` (`aceObjectId`, `intPropertyId`, `propertyValue`)
VALUES (1983140005, 53, 101)
     , (1983140005, 1, 4194304)
     , (1983140005, 5, 6000)
     , (1983140005, 16, 48)
     , (1983140005, 19, 200)
     , (1983140005, 93, 1048);

INSERT INTO `ace_object_properties_double` (`aceObjectId`, `dblPropertyId`, `propertyValue`)
VALUES (1983140005, 54, 2);

INSERT INTO `ace_object_properties_bool` (`aceObjectId`, `boolPropertyId`, `propertyValue`)
VALUES (1983140005, 12, True)
     , (1983140005, 11, True)
     , (1983140005, 14, True);

INSERT INTO `ace_object` (`aceObjectId`, `aceObjectDescriptionFlags`, `weenieClassId`, `weenieHeaderFlags`, `currentMotionState`, `physicsDescriptionFlag`)
VALUES (1983139995, 6291512, 153, 20, NULL, 169985);

INSERT INTO `ace_position` (`aceObjectId`, `positionType`, `landblockRaw`, `posX`, `posY`, `posZ`, `qW`, `qX`, `qY`, `qZ`)
VALUES (1983139995, 1, 1665466875, 182.699, -45.846, -0.00749898, 0, 0, 0, -1);

INSERT INTO `ace_object_properties_string` (`aceObjectId`, `strPropertyId`, `propertyValue`)
VALUES (1983139995, 1, 'Fountain');

INSERT INTO `ace_object_properties_did` (`aceObjectId`, `didPropertyId`, `propertyValue`)
VALUES (1983139995, 8, 100668104)
     , (1983139995, 1, 33555071)
     , (1983139995, 3, 536870932)
     , (1983139995, 22, 872415275)
     , (1983139995, 28, 1183);

INSERT INTO `ace_object_properties_int` (`aceObjectId`, `intPropertyId`, `propertyValue`)
VALUES (1983139995, 53, 101)
     , (1983139995, 1, 4194304)
     , (1983139995, 5, 6000)
     , (1983139995, 16, 48)
     , (1983139995, 19, 200)
     , (1983139995, 93, 1048);

INSERT INTO `ace_object_properties_double` (`aceObjectId`, `dblPropertyId`, `propertyValue`)
VALUES (1983139995, 54, 2);

INSERT INTO `ace_object_properties_bool` (`aceObjectId`, `boolPropertyId`, `propertyValue`)
VALUES (1983139995, 12, True)
     , (1983139995, 11, True)
     , (1983139995, 14, True);

INSERT INTO `ace_object` (`aceObjectId`, `aceObjectDescriptionFlags`, `weenieClassId`, `weenieHeaderFlags`, `currentMotionState`, `physicsDescriptionFlag`)
VALUES (1983139890, 6291512, 171, 20, NULL, 169985);

INSERT INTO `ace_position` (`aceObjectId`, `positionType`, `landblockRaw`, `posX`, `posY`, `posZ`, `qW`, `qX`, `qY`, `qZ`)
VALUES (1983139890, 1, 1665466730, 105.879, -94.0825, -12, 0.3211699, 0, 0, 0.9470216);

INSERT INTO `ace_object_properties_string` (`aceObjectId`, `strPropertyId`, `propertyValue`)
VALUES (1983139890, 1, 'Vat');

INSERT INTO `ace_object_properties_did` (`aceObjectId`, `didPropertyId`, `propertyValue`)
VALUES (1983139890, 8, 100668110)
     , (1983139890, 1, 33554796)
     , (1983139890, 3, 536870932)
     , (1983139890, 22, 872415275)
     , (1983139890, 28, 1183);

INSERT INTO `ace_object_properties_int` (`aceObjectId`, `intPropertyId`, `propertyValue`)
VALUES (1983139890, 53, 101)
     , (1983139890, 1, 4194304)
     , (1983139890, 5, 6000)
     , (1983139890, 16, 48)
     , (1983139890, 19, 200)
     , (1983139890, 93, 66584);

INSERT INTO `ace_object_properties_double` (`aceObjectId`, `dblPropertyId`, `propertyValue`)
VALUES (1983139890, 54, 2);

INSERT INTO `ace_object_properties_bool` (`aceObjectId`, `boolPropertyId`, `propertyValue`)
VALUES (1983139890, 12, True)
     , (1983139890, 11, True)
     , (1983139890, 14, True);

INSERT INTO `ace_object` (`aceObjectId`, `aceObjectDescriptionFlags`, `weenieClassId`, `weenieHeaderFlags`, `currentMotionState`, `physicsDescriptionFlag`)
VALUES (2103791633, 6291512, 6441, 20, NULL, 169985);

INSERT INTO `ace_position` (`aceObjectId`, `positionType`, `landblockRaw`, `posX`, `posY`, `posZ`, `qW`, `qX`, `qY`, `qZ`)
VALUES (2103791633, 1, 3595894836, 162.034, 75.6874, 44, 0.7071068, 0, 0, -0.7071068);

INSERT INTO `ace_object_properties_string` (`aceObjectId`, `strPropertyId`, `propertyValue`)
VALUES (2103791633, 1, 'Well');

INSERT INTO `ace_object_properties_did` (`aceObjectId`, `didPropertyId`, `propertyValue`)
VALUES (2103791633, 8, 100667466)
     , (2103791633, 1, 33554712)
     , (2103791633, 3, 536870932)
     , (2103791633, 22, 872415275)
     , (2103791633, 28, 1183);

INSERT INTO `ace_object_properties_int` (`aceObjectId`, `intPropertyId`, `propertyValue`)
VALUES (2103791633, 53, 101)
     , (2103791633, 1, 4194304)
     , (2103791633, 5, 6000)
     , (2103791633, 16, 48)
     , (2103791633, 19, 200)
     , (2103791633, 93, 1048);

INSERT INTO `ace_object_properties_double` (`aceObjectId`, `dblPropertyId`, `propertyValue`)
VALUES (2103791633, 54, 2);

INSERT INTO `ace_object_properties_bool` (`aceObjectId`, `boolPropertyId`, `propertyValue`)
VALUES (2103791633, 12, True)
     , (2103791633, 11, True)
     , (2103791633, 14, True);

INSERT INTO `ace_object` (`aceObjectId`, `aceObjectDescriptionFlags`, `weenieClassId`, `weenieHeaderFlags`, `currentMotionState`, `physicsDescriptionFlag`)
VALUES (1945313291, 6291512, 153, 20, NULL, 169985);

INSERT INTO `ace_position` (`aceObjectId`, `positionType`, `landblockRaw`, `posX`, `posY`, `posZ`, `qW`, `qX`, `qY`, `qZ`)
VALUES (1945313291, 1, 1060241674, 60, 36, -0.00749898, 1, 0, 0, 0);

INSERT INTO `ace_object_properties_string` (`aceObjectId`, `strPropertyId`, `propertyValue`)
VALUES (1945313291, 1, 'Fountain');

INSERT INTO `ace_object_properties_did` (`aceObjectId`, `didPropertyId`, `propertyValue`)
VALUES (1945313291, 8, 100668104)
     , (1945313291, 1, 33555071)
     , (1945313291, 3, 536870932)
     , (1945313291, 22, 872415275)
     , (1945313291, 28, 1183);

INSERT INTO `ace_object_properties_int` (`aceObjectId`, `intPropertyId`, `propertyValue`)
VALUES (1945313291, 53, 101)
     , (1945313291, 1, 4194304)
     , (1945313291, 5, 6000)
     , (1945313291, 16, 48)
     , (1945313291, 19, 200)
     , (1945313291, 93, 1048);

INSERT INTO `ace_object_properties_double` (`aceObjectId`, `dblPropertyId`, `propertyValue`)
VALUES (1945313291, 54, 2);

INSERT INTO `ace_object_properties_bool` (`aceObjectId`, `boolPropertyId`, `propertyValue`)
VALUES (1945313291, 12, True)
     , (1945313291, 11, True)
     , (1945313291, 14, True);

INSERT INTO `ace_object` (`aceObjectId`, `aceObjectDescriptionFlags`, `weenieClassId`, `weenieHeaderFlags`, `currentMotionState`, `physicsDescriptionFlag`)
VALUES (1989849088, 6291512, 171, 20, NULL, 169985);

INSERT INTO `ace_position` (`aceObjectId`, `positionType`, `landblockRaw`, `posX`, `posY`, `posZ`, `qW`, `qX`, `qY`, `qZ`)
VALUES (1989849088, 1, 1772814596, 30.955, 92.0556, 240, 0.9143924, 0, 0, 0.4048291);

INSERT INTO `ace_object_properties_string` (`aceObjectId`, `strPropertyId`, `propertyValue`)
VALUES (1989849088, 1, 'Vat');

INSERT INTO `ace_object_properties_did` (`aceObjectId`, `didPropertyId`, `propertyValue`)
VALUES (1989849088, 8, 100668110)
     , (1989849088, 1, 33554796)
     , (1989849088, 3, 536870932)
     , (1989849088, 22, 872415275)
     , (1989849088, 28, 1183);

INSERT INTO `ace_object_properties_int` (`aceObjectId`, `intPropertyId`, `propertyValue`)
VALUES (1989849088, 53, 101)
     , (1989849088, 1, 4194304)
     , (1989849088, 5, 6000)
     , (1989849088, 16, 48)
     , (1989849088, 19, 200)
     , (1989849088, 93, 66584);

INSERT INTO `ace_object_properties_double` (`aceObjectId`, `dblPropertyId`, `propertyValue`)
VALUES (1989849088, 54, 2);

INSERT INTO `ace_object_properties_bool` (`aceObjectId`, `boolPropertyId`, `propertyValue`)
VALUES (1989849088, 12, True)
     , (1989849088, 11, True)
     , (1989849088, 14, True);

INSERT INTO `ace_object` (`aceObjectId`, `aceObjectDescriptionFlags`, `weenieClassId`, `weenieHeaderFlags`, `currentMotionState`, `physicsDescriptionFlag`)
VALUES (1999646821, 2097200, 8377, 20, NULL, 169985);

INSERT INTO `ace_position` (`aceObjectId`, `positionType`, `landblockRaw`, `posX`, `posY`, `posZ`, `qW`, `qX`, `qY`, `qZ`)
VALUES (1999646821, 1, 1929577259, 73.3792, -72.9959, 12.793, 0.285455, 0, 0, -0.9583921);

INSERT INTO `ace_object_properties_string` (`aceObjectId`, `strPropertyId`, `propertyValue`)
VALUES (1999646821, 1, 'Beer Keg');

INSERT INTO `ace_object_properties_did` (`aceObjectId`, `didPropertyId`, `propertyValue`)
VALUES (1999646821, 8, 100667431)
     , (1999646821, 1, 33556853)
     , (1999646821, 3, 536870932)
     , (1999646821, 22, 872415275);

INSERT INTO `ace_object_properties_int` (`aceObjectId`, `intPropertyId`, `propertyValue`)
VALUES (1999646821, 53, 101)
     , (1999646821, 1, 4194304)
     , (1999646821, 5, 1000)
     , (1999646821, 16, 48)
     , (1999646821, 93, 1048);

INSERT INTO `ace_object_properties_double` (`aceObjectId`, `dblPropertyId`, `propertyValue`)
VALUES (1999646821, 54, 2);

INSERT INTO `ace_object_properties_bool` (`aceObjectId`, `boolPropertyId`, `propertyValue`)
VALUES (1999646821, 12, True)
     , (1999646821, 11, True)
     , (1999646821, 14, True);

INSERT INTO `ace_object` (`aceObjectId`, `aceObjectDescriptionFlags`, `weenieClassId`, `weenieHeaderFlags`, `currentMotionState`, `physicsDescriptionFlag`)
VALUES (2079850549, 2097200, 8377, 20, NULL, 169985);

INSERT INTO `ace_position` (`aceObjectId`, `positionType`, `landblockRaw`, `posX`, `posY`, `posZ`, `qW`, `qX`, `qY`, `qZ`)
VALUES (2079850549, 1, 3212837211, 125.477, 13.9376, 34.925, 0.7330537, 0, 0, -0.6801708);

INSERT INTO `ace_object_properties_string` (`aceObjectId`, `strPropertyId`, `propertyValue`)
VALUES (2079850549, 1, 'Beer Keg');

INSERT INTO `ace_object_properties_did` (`aceObjectId`, `didPropertyId`, `propertyValue`)
VALUES (2079850549, 8, 100667431)
     , (2079850549, 1, 33556853)
     , (2079850549, 3, 536870932)
     , (2079850549, 22, 872415275);

INSERT INTO `ace_object_properties_int` (`aceObjectId`, `intPropertyId`, `propertyValue`)
VALUES (2079850549, 53, 101)
     , (2079850549, 1, 4194304)
     , (2079850549, 5, 1000)
     , (2079850549, 16, 48)
     , (2079850549, 93, 1048);

INSERT INTO `ace_object_properties_double` (`aceObjectId`, `dblPropertyId`, `propertyValue`)
VALUES (2079850549, 54, 2);

INSERT INTO `ace_object_properties_bool` (`aceObjectId`, `boolPropertyId`, `propertyValue`)
VALUES (2079850549, 12, True)
     , (2079850549, 11, True)
     , (2079850549, 14, True);

INSERT INTO `ace_object` (`aceObjectId`, `aceObjectDescriptionFlags`, `weenieClassId`, `weenieHeaderFlags`, `currentMotionState`, `physicsDescriptionFlag`)
VALUES (2079850519, 6291512, 174, 20, NULL, 169985);

INSERT INTO `ace_position` (`aceObjectId`, `positionType`, `landblockRaw`, `posX`, `posY`, `posZ`, `qW`, `qX`, `qY`, `qZ`)
VALUES (2079850519, 1, 3212836908, 140.171, 78.0715, 34, -0.197265, 0, 0, -0.98035);

INSERT INTO `ace_object_properties_string` (`aceObjectId`, `strPropertyId`, `propertyValue`)
VALUES (2079850519, 1, 'Well');

INSERT INTO `ace_object_properties_did` (`aceObjectId`, `didPropertyId`, `propertyValue`)
VALUES (2079850519, 8, 100667466)
     , (2079850519, 1, 33554816)
     , (2079850519, 3, 536870932)
     , (2079850519, 22, 872415275)
     , (2079850519, 28, 1183);

INSERT INTO `ace_object_properties_int` (`aceObjectId`, `intPropertyId`, `propertyValue`)
VALUES (2079850519, 53, 101)
     , (2079850519, 1, 4194304)
     , (2079850519, 5, 6000)
     , (2079850519, 16, 48)
     , (2079850519, 19, 200)
     , (2079850519, 93, 1048);

INSERT INTO `ace_object_properties_double` (`aceObjectId`, `dblPropertyId`, `propertyValue`)
VALUES (2079850519, 54, 2);

INSERT INTO `ace_object_properties_bool` (`aceObjectId`, `boolPropertyId`, `propertyValue`)
VALUES (2079850519, 12, True)
     , (2079850519, 11, True)
     , (2079850519, 14, True);

INSERT INTO `ace_object` (`aceObjectId`, `aceObjectDescriptionFlags`, `weenieClassId`, `weenieHeaderFlags`, `currentMotionState`, `physicsDescriptionFlag`)
VALUES (2084044811, 6291512, 171, 20, NULL, 169985);

INSERT INTO `ace_position` (`aceObjectId`, `positionType`, `landblockRaw`, `posX`, `posY`, `posZ`, `qW`, `qX`, `qY`, `qZ`)
VALUES (2084044811, 1, 3279945985, 36.1171, 135.626, 34, -0.6733997, 0, 0, -0.7392786);

INSERT INTO `ace_object_properties_string` (`aceObjectId`, `strPropertyId`, `propertyValue`)
VALUES (2084044811, 1, 'Vat');

INSERT INTO `ace_object_properties_did` (`aceObjectId`, `didPropertyId`, `propertyValue`)
VALUES (2084044811, 8, 100668110)
     , (2084044811, 1, 33554796)
     , (2084044811, 3, 536870932)
     , (2084044811, 22, 872415275)
     , (2084044811, 28, 1183);

INSERT INTO `ace_object_properties_int` (`aceObjectId`, `intPropertyId`, `propertyValue`)
VALUES (2084044811, 53, 101)
     , (2084044811, 1, 4194304)
     , (2084044811, 5, 6000)
     , (2084044811, 16, 48)
     , (2084044811, 19, 200)
     , (2084044811, 93, 66584);

INSERT INTO `ace_object_properties_double` (`aceObjectId`, `dblPropertyId`, `propertyValue`)
VALUES (2084044811, 54, 2);

INSERT INTO `ace_object_properties_bool` (`aceObjectId`, `boolPropertyId`, `propertyValue`)
VALUES (2084044811, 12, True)
     , (2084044811, 11, True)
     , (2084044811, 14, True);

INSERT INTO `ace_object` (`aceObjectId`, `aceObjectDescriptionFlags`, `weenieClassId`, `weenieHeaderFlags`, `currentMotionState`, `physicsDescriptionFlag`)
VALUES (2084044813, 6291512, 174, 20, NULL, 169985);

INSERT INTO `ace_position` (`aceObjectId`, `positionType`, `landblockRaw`, `posX`, `posY`, `posZ`, `qW`, `qX`, `qY`, `qZ`)
VALUES (2084044813, 1, 3279945734, 17.248, 133.958, 34, 1, 0, 0, 0);

INSERT INTO `ace_object_properties_string` (`aceObjectId`, `strPropertyId`, `propertyValue`)
VALUES (2084044813, 1, 'Well');

INSERT INTO `ace_object_properties_did` (`aceObjectId`, `didPropertyId`, `propertyValue`)
VALUES (2084044813, 8, 100667466)
     , (2084044813, 1, 33554816)
     , (2084044813, 3, 536870932)
     , (2084044813, 22, 872415275)
     , (2084044813, 28, 1183);

INSERT INTO `ace_object_properties_int` (`aceObjectId`, `intPropertyId`, `propertyValue`)
VALUES (2084044813, 53, 101)
     , (2084044813, 1, 4194304)
     , (2084044813, 5, 6000)
     , (2084044813, 16, 48)
     , (2084044813, 19, 200)
     , (2084044813, 93, 1048);

INSERT INTO `ace_object_properties_double` (`aceObjectId`, `dblPropertyId`, `propertyValue`)
VALUES (2084044813, 54, 2);

INSERT INTO `ace_object_properties_bool` (`aceObjectId`, `boolPropertyId`, `propertyValue`)
VALUES (2084044813, 12, True)
     , (2084044813, 11, True)
     , (2084044813, 14, True);

INSERT INTO `ace_object` (`aceObjectId`, `aceObjectDescriptionFlags`, `weenieClassId`, `weenieHeaderFlags`, `currentMotionState`, `physicsDescriptionFlag`)
VALUES (2045218819, 6291512, 152, 20, NULL, 169985);

INSERT INTO `ace_position` (`aceObjectId`, `positionType`, `landblockRaw`, `posX`, `posY`, `posZ`, `qW`, `qX`, `qY`, `qZ`)
VALUES (2045218819, 1, 2658730035, 148.891, 60.5195, 25.9925, 1, 0, 0, 0);

INSERT INTO `ace_object_properties_string` (`aceObjectId`, `strPropertyId`, `propertyValue`)
VALUES (2045218819, 1, 'Font');

INSERT INTO `ace_object_properties_did` (`aceObjectId`, `didPropertyId`, `propertyValue`)
VALUES (2045218819, 8, 100668104)
     , (2045218819, 1, 33554710)
     , (2045218819, 3, 536870932)
     , (2045218819, 22, 872415275)
     , (2045218819, 28, 1183);

INSERT INTO `ace_object_properties_int` (`aceObjectId`, `intPropertyId`, `propertyValue`)
VALUES (2045218819, 53, 101)
     , (2045218819, 1, 4194304)
     , (2045218819, 5, 6000)
     , (2045218819, 16, 48)
     , (2045218819, 19, 200)
     , (2045218819, 93, 1048);

INSERT INTO `ace_object_properties_double` (`aceObjectId`, `dblPropertyId`, `propertyValue`)
VALUES (2045218819, 54, 2);

INSERT INTO `ace_object_properties_bool` (`aceObjectId`, `boolPropertyId`, `propertyValue`)
VALUES (2045218819, 12, True)
     , (2045218819, 11, True)
     , (2045218819, 14, True);

INSERT INTO `ace_object` (`aceObjectId`, `aceObjectDescriptionFlags`, `weenieClassId`, `weenieHeaderFlags`, `currentMotionState`, `physicsDescriptionFlag`)
VALUES (2042081281, 6291512, 171, 20, NULL, 169985);

INSERT INTO `ace_position` (`aceObjectId`, `positionType`, `landblockRaw`, `posX`, `posY`, `posZ`, `qW`, `qX`, `qY`, `qZ`)
VALUES (2042081281, 1, 2608529665, 15.4891, 63.9802, 21.7, -0.7336349, 0, 0, 0.6795439);

INSERT INTO `ace_object_properties_string` (`aceObjectId`, `strPropertyId`, `propertyValue`)
VALUES (2042081281, 1, 'Vat');

INSERT INTO `ace_object_properties_did` (`aceObjectId`, `didPropertyId`, `propertyValue`)
VALUES (2042081281, 8, 100668110)
     , (2042081281, 1, 33554796)
     , (2042081281, 3, 536870932)
     , (2042081281, 22, 872415275)
     , (2042081281, 28, 1183);

INSERT INTO `ace_object_properties_int` (`aceObjectId`, `intPropertyId`, `propertyValue`)
VALUES (2042081281, 53, 101)
     , (2042081281, 1, 4194304)
     , (2042081281, 5, 6000)
     , (2042081281, 16, 48)
     , (2042081281, 19, 200)
     , (2042081281, 93, 66584);

INSERT INTO `ace_object_properties_double` (`aceObjectId`, `dblPropertyId`, `propertyValue`)
VALUES (2042081281, 54, 2);

INSERT INTO `ace_object_properties_bool` (`aceObjectId`, `boolPropertyId`, `propertyValue`)
VALUES (2042081281, 12, True)
     , (2042081281, 11, True)
     , (2042081281, 14, True);

INSERT INTO `ace_object` (`aceObjectId`, `aceObjectDescriptionFlags`, `weenieClassId`, `weenieHeaderFlags`, `currentMotionState`, `physicsDescriptionFlag`)
VALUES (2026209287, 6291512, 153, 20, NULL, 169985);

INSERT INTO `ace_position` (`aceObjectId`, `positionType`, `landblockRaw`, `posX`, `posY`, `posZ`, `qW`, `qX`, `qY`, `qZ`)
VALUES (2026209287, 1, 2354577689, 180.009, 60, 29.9925, 0.7071068, 0, 0, -0.7071068);

INSERT INTO `ace_object_properties_string` (`aceObjectId`, `strPropertyId`, `propertyValue`)
VALUES (2026209287, 1, 'Fountain');

INSERT INTO `ace_object_properties_did` (`aceObjectId`, `didPropertyId`, `propertyValue`)
VALUES (2026209287, 8, 100668104)
     , (2026209287, 1, 33555071)
     , (2026209287, 3, 536870932)
     , (2026209287, 22, 872415275)
     , (2026209287, 28, 1183);

INSERT INTO `ace_object_properties_int` (`aceObjectId`, `intPropertyId`, `propertyValue`)
VALUES (2026209287, 53, 101)
     , (2026209287, 1, 4194304)
     , (2026209287, 5, 6000)
     , (2026209287, 16, 48)
     , (2026209287, 19, 200)
     , (2026209287, 93, 1048);

INSERT INTO `ace_object_properties_double` (`aceObjectId`, `dblPropertyId`, `propertyValue`)
VALUES (2026209287, 54, 2);

INSERT INTO `ace_object_properties_bool` (`aceObjectId`, `boolPropertyId`, `propertyValue`)
VALUES (2026209287, 12, True)
     , (2026209287, 11, True)
     , (2026209287, 14, True);

INSERT INTO `ace_object` (`aceObjectId`, `aceObjectDescriptionFlags`, `weenieClassId`, `weenieHeaderFlags`, `currentMotionState`, `physicsDescriptionFlag`)
VALUES (2026209286, 6291512, 171, 20, NULL, 169985);

INSERT INTO `ace_position` (`aceObjectId`, `positionType`, `landblockRaw`, `posX`, `posY`, `posZ`, `qW`, `qX`, `qY`, `qZ`)
VALUES (2026209286, 1, 2354577467, 184.573, 65.4313, 30, 0.392148, 0, 0, 0.9199021);

INSERT INTO `ace_object_properties_string` (`aceObjectId`, `strPropertyId`, `propertyValue`)
VALUES (2026209286, 1, 'Vat');

INSERT INTO `ace_object_properties_did` (`aceObjectId`, `didPropertyId`, `propertyValue`)
VALUES (2026209286, 8, 100668110)
     , (2026209286, 1, 33554796)
     , (2026209286, 3, 536870932)
     , (2026209286, 22, 872415275)
     , (2026209286, 28, 1183);

INSERT INTO `ace_object_properties_int` (`aceObjectId`, `intPropertyId`, `propertyValue`)
VALUES (2026209286, 53, 101)
     , (2026209286, 1, 4194304)
     , (2026209286, 5, 6000)
     , (2026209286, 16, 48)
     , (2026209286, 19, 200)
     , (2026209286, 93, 66584);

INSERT INTO `ace_object_properties_double` (`aceObjectId`, `dblPropertyId`, `propertyValue`)
VALUES (2026209286, 54, 2);

INSERT INTO `ace_object_properties_bool` (`aceObjectId`, `boolPropertyId`, `propertyValue`)
VALUES (2026209286, 12, True)
     , (2026209286, 11, True)
     , (2026209286, 14, True);

INSERT INTO `ace_object` (`aceObjectId`, `aceObjectDescriptionFlags`, `weenieClassId`, `weenieHeaderFlags`, `currentMotionState`, `physicsDescriptionFlag`)
VALUES (2054893568, 6291512, 153, 20, NULL, 169985);

INSERT INTO `ace_position` (`aceObjectId`, `positionType`, `landblockRaw`, `posX`, `posY`, `posZ`, `qW`, `qX`, `qY`, `qZ`)
VALUES (2054893568, 1, 2813526073, 175, 13.75, 31.9925, -0.715699, 0, 0, -0.698409);

INSERT INTO `ace_object_properties_string` (`aceObjectId`, `strPropertyId`, `propertyValue`)
VALUES (2054893568, 1, 'Fountain');

INSERT INTO `ace_object_properties_did` (`aceObjectId`, `didPropertyId`, `propertyValue`)
VALUES (2054893568, 8, 100668104)
     , (2054893568, 1, 33555071)
     , (2054893568, 3, 536870932)
     , (2054893568, 22, 872415275)
     , (2054893568, 28, 1183);

INSERT INTO `ace_object_properties_int` (`aceObjectId`, `intPropertyId`, `propertyValue`)
VALUES (2054893568, 53, 101)
     , (2054893568, 1, 4194304)
     , (2054893568, 5, 6000)
     , (2054893568, 16, 48)
     , (2054893568, 19, 200)
     , (2054893568, 93, 1048);

INSERT INTO `ace_object_properties_double` (`aceObjectId`, `dblPropertyId`, `propertyValue`)
VALUES (2054893568, 54, 2);

INSERT INTO `ace_object_properties_bool` (`aceObjectId`, `boolPropertyId`, `propertyValue`)
VALUES (2054893568, 12, True)
     , (2054893568, 11, True)
     , (2054893568, 14, True);

INSERT INTO `ace_object` (`aceObjectId`, `aceObjectDescriptionFlags`, `weenieClassId`, `weenieHeaderFlags`, `currentMotionState`, `physicsDescriptionFlag`)
VALUES (1880743937, 6291512, 171, 20, NULL, 169985);

INSERT INTO `ace_position` (`aceObjectId`, `positionType`, `landblockRaw`, `posX`, `posY`, `posZ`, `qW`, `qX`, `qY`, `qZ`)
VALUES (1880743937, 1, 27132185, 23.0735, 0.355134, 0, -0.7071068, 0, 0, -0.7071068);

INSERT INTO `ace_object_properties_string` (`aceObjectId`, `strPropertyId`, `propertyValue`)
VALUES (1880743937, 1, 'Vat');

INSERT INTO `ace_object_properties_did` (`aceObjectId`, `didPropertyId`, `propertyValue`)
VALUES (1880743937, 8, 100668110)
     , (1880743937, 1, 33554796)
     , (1880743937, 3, 536870932)
     , (1880743937, 22, 872415275)
     , (1880743937, 28, 1183);

INSERT INTO `ace_object_properties_int` (`aceObjectId`, `intPropertyId`, `propertyValue`)
VALUES (1880743937, 53, 101)
     , (1880743937, 1, 4194304)
     , (1880743937, 5, 6000)
     , (1880743937, 16, 48)
     , (1880743937, 19, 200)
     , (1880743937, 93, 66584);

INSERT INTO `ace_object_properties_double` (`aceObjectId`, `dblPropertyId`, `propertyValue`)
VALUES (1880743937, 54, 2);

INSERT INTO `ace_object_properties_bool` (`aceObjectId`, `boolPropertyId`, `propertyValue`)
VALUES (1880743937, 12, True)
     , (1880743937, 11, True)
     , (1880743937, 14, True);

INSERT INTO `ace_object` (`aceObjectId`, `aceObjectDescriptionFlags`, `weenieClassId`, `weenieHeaderFlags`, `currentMotionState`, `physicsDescriptionFlag`)
VALUES (1880743938, 6291512, 171, 20, NULL, 169985);

INSERT INTO `ace_position` (`aceObjectId`, `positionType`, `landblockRaw`, `posX`, `posY`, `posZ`, `qW`, `qX`, `qY`, `qZ`)
VALUES (1880743938, 1, 27132161, -1.0621, -13.2144, 0, -0.7071068, 0, 0, -0.7071068);

INSERT INTO `ace_object_properties_string` (`aceObjectId`, `strPropertyId`, `propertyValue`)
VALUES (1880743938, 1, 'Vat');

INSERT INTO `ace_object_properties_did` (`aceObjectId`, `didPropertyId`, `propertyValue`)
VALUES (1880743938, 8, 100668110)
     , (1880743938, 1, 33554796)
     , (1880743938, 3, 536870932)
     , (1880743938, 22, 872415275)
     , (1880743938, 28, 1183);

INSERT INTO `ace_object_properties_int` (`aceObjectId`, `intPropertyId`, `propertyValue`)
VALUES (1880743938, 53, 101)
     , (1880743938, 1, 4194304)
     , (1880743938, 5, 6000)
     , (1880743938, 16, 48)
     , (1880743938, 19, 200)
     , (1880743938, 93, 66584);

INSERT INTO `ace_object_properties_double` (`aceObjectId`, `dblPropertyId`, `propertyValue`)
VALUES (1880743938, 54, 2);

INSERT INTO `ace_object_properties_bool` (`aceObjectId`, `boolPropertyId`, `propertyValue`)
VALUES (1880743938, 12, True)
     , (1880743938, 11, True)
     , (1880743938, 14, True);

INSERT INTO `ace_object` (`aceObjectId`, `aceObjectDescriptionFlags`, `weenieClassId`, `weenieHeaderFlags`, `currentMotionState`, `physicsDescriptionFlag`)
VALUES (2061197321, 6291512, 174, 20, NULL, 169985);

INSERT INTO `ace_position` (`aceObjectId`, `positionType`, `landblockRaw`, `posX`, `posY`, `posZ`, `qW`, `qX`, `qY`, `qZ`)
VALUES (2061197321, 1, 2914385966, 140.72, 124.314, 96, -0.94638, 0, 0, -0.323055);

INSERT INTO `ace_object_properties_string` (`aceObjectId`, `strPropertyId`, `propertyValue`)
VALUES (2061197321, 1, 'Well');

INSERT INTO `ace_object_properties_did` (`aceObjectId`, `didPropertyId`, `propertyValue`)
VALUES (2061197321, 8, 100667466)
     , (2061197321, 1, 33554816)
     , (2061197321, 3, 536870932)
     , (2061197321, 22, 872415275)
     , (2061197321, 28, 1183);

INSERT INTO `ace_object_properties_int` (`aceObjectId`, `intPropertyId`, `propertyValue`)
VALUES (2061197321, 53, 101)
     , (2061197321, 1, 4194304)
     , (2061197321, 5, 6000)
     , (2061197321, 16, 48)
     , (2061197321, 19, 200)
     , (2061197321, 93, 1048);

INSERT INTO `ace_object_properties_double` (`aceObjectId`, `dblPropertyId`, `propertyValue`)
VALUES (2061197321, 54, 2);

INSERT INTO `ace_object_properties_bool` (`aceObjectId`, `boolPropertyId`, `propertyValue`)
VALUES (2061197321, 12, True)
     , (2061197321, 11, True)
     , (2061197321, 14, True);

INSERT INTO `ace_object` (`aceObjectId`, `aceObjectDescriptionFlags`, `weenieClassId`, `weenieHeaderFlags`, `currentMotionState`, `physicsDescriptionFlag`)
VALUES (1880797199, 6291512, 171, 20, NULL, 169985);

INSERT INTO `ace_position` (`aceObjectId`, `positionType`, `landblockRaw`, `posX`, `posY`, `posZ`, `qW`, `qX`, `qY`, `qZ`)
VALUES (1880797199, 1, 27984194, 39.2448, -98.0835, 0, 0.7071068, 0, 0, -0.7071068);

INSERT INTO `ace_object_properties_string` (`aceObjectId`, `strPropertyId`, `propertyValue`)
VALUES (1880797199, 1, 'Vat');

INSERT INTO `ace_object_properties_did` (`aceObjectId`, `didPropertyId`, `propertyValue`)
VALUES (1880797199, 8, 100668110)
     , (1880797199, 1, 33554796)
     , (1880797199, 3, 536870932)
     , (1880797199, 22, 872415275)
     , (1880797199, 28, 1183);

INSERT INTO `ace_object_properties_int` (`aceObjectId`, `intPropertyId`, `propertyValue`)
VALUES (1880797199, 53, 101)
     , (1880797199, 1, 4194304)
     , (1880797199, 5, 6000)
     , (1880797199, 16, 48)
     , (1880797199, 19, 200)
     , (1880797199, 93, 66584);

INSERT INTO `ace_object_properties_double` (`aceObjectId`, `dblPropertyId`, `propertyValue`)
VALUES (1880797199, 54, 2);

INSERT INTO `ace_object_properties_bool` (`aceObjectId`, `boolPropertyId`, `propertyValue`)
VALUES (1880797199, 12, True)
     , (1880797199, 11, True)
     , (1880797199, 14, True);

INSERT INTO `ace_object` (`aceObjectId`, `aceObjectDescriptionFlags`, `weenieClassId`, `weenieHeaderFlags`, `currentMotionState`, `physicsDescriptionFlag`)
VALUES (2038697984, 6291512, 6441, 20, NULL, 169985);

INSERT INTO `ace_position` (`aceObjectId`, `positionType`, `landblockRaw`, `posX`, `posY`, `posZ`, `qW`, `qX`, `qY`, `qZ`)
VALUES (2038697984, 1, 2554396928, 153.7, 33.4822, 106, 0.7504084, 0, 0, 0.6609744);

INSERT INTO `ace_object_properties_string` (`aceObjectId`, `strPropertyId`, `propertyValue`)
VALUES (2038697984, 1, 'Well');

INSERT INTO `ace_object_properties_did` (`aceObjectId`, `didPropertyId`, `propertyValue`)
VALUES (2038697984, 8, 100667466)
     , (2038697984, 1, 33554712)
     , (2038697984, 3, 536870932)
     , (2038697984, 22, 872415275)
     , (2038697984, 28, 1183);

INSERT INTO `ace_object_properties_int` (`aceObjectId`, `intPropertyId`, `propertyValue`)
VALUES (2038697984, 53, 101)
     , (2038697984, 1, 4194304)
     , (2038697984, 5, 6000)
     , (2038697984, 16, 48)
     , (2038697984, 19, 200)
     , (2038697984, 93, 1048);

INSERT INTO `ace_object_properties_double` (`aceObjectId`, `dblPropertyId`, `propertyValue`)
VALUES (2038697984, 54, 2);

INSERT INTO `ace_object_properties_bool` (`aceObjectId`, `boolPropertyId`, `propertyValue`)
VALUES (2038697984, 12, True)
     , (2038697984, 11, True)
     , (2038697984, 14, True);

INSERT INTO `ace_object` (`aceObjectId`, `aceObjectDescriptionFlags`, `weenieClassId`, `weenieHeaderFlags`, `currentMotionState`, `physicsDescriptionFlag`)
VALUES (1881075827, 6291512, 152, 20, NULL, 169985);

INSERT INTO `ace_position` (`aceObjectId`, `positionType`, `landblockRaw`, `posX`, `posY`, `posZ`, `qW`, `qX`, `qY`, `qZ`)
VALUES (1881075827, 1, 32441256, 1.78091, -43.991, -0.00749898, -0.7071068, 0, 0, -0.7071068);

INSERT INTO `ace_object_properties_string` (`aceObjectId`, `strPropertyId`, `propertyValue`)
VALUES (1881075827, 1, 'Font');

INSERT INTO `ace_object_properties_did` (`aceObjectId`, `didPropertyId`, `propertyValue`)
VALUES (1881075827, 8, 100668104)
     , (1881075827, 1, 33554710)
     , (1881075827, 3, 536870932)
     , (1881075827, 22, 872415275)
     , (1881075827, 28, 1183);

INSERT INTO `ace_object_properties_int` (`aceObjectId`, `intPropertyId`, `propertyValue`)
VALUES (1881075827, 53, 101)
     , (1881075827, 1, 4194304)
     , (1881075827, 5, 6000)
     , (1881075827, 16, 48)
     , (1881075827, 19, 200)
     , (1881075827, 93, 1048);

INSERT INTO `ace_object_properties_double` (`aceObjectId`, `dblPropertyId`, `propertyValue`)
VALUES (1881075827, 54, 2);

INSERT INTO `ace_object_properties_bool` (`aceObjectId`, `boolPropertyId`, `propertyValue`)
VALUES (1881075827, 12, True)
     , (1881075827, 11, True)
     , (1881075827, 14, True);

INSERT INTO `ace_object` (`aceObjectId`, `aceObjectDescriptionFlags`, `weenieClassId`, `weenieHeaderFlags`, `currentMotionState`, `physicsDescriptionFlag`)
VALUES (1881075819, 6291512, 171, 20, NULL, 169985);

INSERT INTO `ace_position` (`aceObjectId`, `positionType`, `landblockRaw`, `posX`, `posY`, `posZ`, `qW`, `qX`, `qY`, `qZ`)
VALUES (1881075819, 1, 32441247, 132.368, 2.92, -6, -4.37114E-08, 0, 0, -1);

INSERT INTO `ace_object_properties_string` (`aceObjectId`, `strPropertyId`, `propertyValue`)
VALUES (1881075819, 1, 'Vat');

INSERT INTO `ace_object_properties_did` (`aceObjectId`, `didPropertyId`, `propertyValue`)
VALUES (1881075819, 8, 100668110)
     , (1881075819, 1, 33554796)
     , (1881075819, 3, 536870932)
     , (1881075819, 22, 872415275)
     , (1881075819, 28, 1183);

INSERT INTO `ace_object_properties_int` (`aceObjectId`, `intPropertyId`, `propertyValue`)
VALUES (1881075819, 53, 101)
     , (1881075819, 1, 4194304)
     , (1881075819, 5, 6000)
     , (1881075819, 16, 48)
     , (1881075819, 19, 200)
     , (1881075819, 93, 66584);

INSERT INTO `ace_object_properties_double` (`aceObjectId`, `dblPropertyId`, `propertyValue`)
VALUES (1881075819, 54, 2);

INSERT INTO `ace_object_properties_bool` (`aceObjectId`, `boolPropertyId`, `propertyValue`)
VALUES (1881075819, 12, True)
     , (1881075819, 11, True)
     , (1881075819, 14, True);

INSERT INTO `ace_object` (`aceObjectId`, `aceObjectDescriptionFlags`, `weenieClassId`, `weenieHeaderFlags`, `currentMotionState`, `physicsDescriptionFlag`)
VALUES (1881075753, 6291512, 171, 20, NULL, 169985);

INSERT INTO `ace_position` (`aceObjectId`, `positionType`, `landblockRaw`, `posX`, `posY`, `posZ`, `qW`, `qX`, `qY`, `qZ`)
VALUES (1881075753, 1, 32440868, 130.067, -52.162, -24, 1, 0, 0, 0);

INSERT INTO `ace_object_properties_string` (`aceObjectId`, `strPropertyId`, `propertyValue`)
VALUES (1881075753, 1, 'Vat');

INSERT INTO `ace_object_properties_did` (`aceObjectId`, `didPropertyId`, `propertyValue`)
VALUES (1881075753, 8, 100668110)
     , (1881075753, 1, 33554796)
     , (1881075753, 3, 536870932)
     , (1881075753, 22, 872415275)
     , (1881075753, 28, 1183);

INSERT INTO `ace_object_properties_int` (`aceObjectId`, `intPropertyId`, `propertyValue`)
VALUES (1881075753, 53, 101)
     , (1881075753, 1, 4194304)
     , (1881075753, 5, 6000)
     , (1881075753, 16, 48)
     , (1881075753, 19, 200)
     , (1881075753, 93, 66584);

INSERT INTO `ace_object_properties_double` (`aceObjectId`, `dblPropertyId`, `propertyValue`)
VALUES (1881075753, 54, 2);

INSERT INTO `ace_object_properties_bool` (`aceObjectId`, `boolPropertyId`, `propertyValue`)
VALUES (1881075753, 12, True)
     , (1881075753, 11, True)
     , (1881075753, 14, True);

INSERT INTO `ace_object` (`aceObjectId`, `aceObjectDescriptionFlags`, `weenieClassId`, `weenieHeaderFlags`, `currentMotionState`, `physicsDescriptionFlag`)
VALUES (1881075743, 6291512, 152, 20, NULL, 169985);

INSERT INTO `ace_position` (`aceObjectId`, `positionType`, `landblockRaw`, `posX`, `posY`, `posZ`, `qW`, `qX`, `qY`, `qZ`)
VALUES (1881075743, 1, 32440798, 94.0257, -115.951, -24.0075, 1, 0, 0, 0);

INSERT INTO `ace_object_properties_string` (`aceObjectId`, `strPropertyId`, `propertyValue`)
VALUES (1881075743, 1, 'Font');

INSERT INTO `ace_object_properties_did` (`aceObjectId`, `didPropertyId`, `propertyValue`)
VALUES (1881075743, 8, 100668104)
     , (1881075743, 1, 33554710)
     , (1881075743, 3, 536870932)
     , (1881075743, 22, 872415275)
     , (1881075743, 28, 1183);

INSERT INTO `ace_object_properties_int` (`aceObjectId`, `intPropertyId`, `propertyValue`)
VALUES (1881075743, 53, 101)
     , (1881075743, 1, 4194304)
     , (1881075743, 5, 6000)
     , (1881075743, 16, 48)
     , (1881075743, 19, 200)
     , (1881075743, 93, 1048);

INSERT INTO `ace_object_properties_double` (`aceObjectId`, `dblPropertyId`, `propertyValue`)
VALUES (1881075743, 54, 2);

INSERT INTO `ace_object_properties_bool` (`aceObjectId`, `boolPropertyId`, `propertyValue`)
VALUES (1881075743, 12, True)
     , (1881075743, 11, True)
     , (1881075743, 14, True);

INSERT INTO `ace_object` (`aceObjectId`, `aceObjectDescriptionFlags`, `weenieClassId`, `weenieHeaderFlags`, `currentMotionState`, `physicsDescriptionFlag`)
VALUES (1880829967, 6291512, 165, 20, NULL, 169985);

INSERT INTO `ace_position` (`aceObjectId`, `positionType`, `landblockRaw`, `posX`, `posY`, `posZ`, `qW`, `qX`, `qY`, `qZ`)
VALUES (1880829967, 1, 28508463, 90, -40, 0.05, 0.7071068, 0, 0, -0.7071068);

INSERT INTO `ace_object_properties_string` (`aceObjectId`, `strPropertyId`, `propertyValue`)
VALUES (1880829967, 1, 'Pool');

INSERT INTO `ace_object_properties_did` (`aceObjectId`, `didPropertyId`, `propertyValue`)
VALUES (1880829967, 8, 100668107)
     , (1880829967, 1, 33554711)
     , (1880829967, 3, 536870932)
     , (1880829967, 22, 872415275)
     , (1880829967, 28, 1183);

INSERT INTO `ace_object_properties_int` (`aceObjectId`, `intPropertyId`, `propertyValue`)
VALUES (1880829967, 53, 101)
     , (1880829967, 1, 4194304)
     , (1880829967, 5, 6000)
     , (1880829967, 16, 48)
     , (1880829967, 19, 200)
     , (1880829967, 93, 66584);

INSERT INTO `ace_object_properties_double` (`aceObjectId`, `dblPropertyId`, `propertyValue`)
VALUES (1880829967, 54, 2);

INSERT INTO `ace_object_properties_bool` (`aceObjectId`, `boolPropertyId`, `propertyValue`)
VALUES (1880829967, 12, True)
     , (1880829967, 11, True)
     , (1880829967, 14, True);

INSERT INTO `ace_object` (`aceObjectId`, `aceObjectDescriptionFlags`, `weenieClassId`, `weenieHeaderFlags`, `currentMotionState`, `physicsDescriptionFlag`)
VALUES (1880944652, 6291512, 152, 20, NULL, 169985);

INSERT INTO `ace_position` (`aceObjectId`, `positionType`, `landblockRaw`, `posX`, `posY`, `posZ`, `qW`, `qX`, `qY`, `qZ`)
VALUES (1880944652, 1, 30343460, 44.0552, -99.2246, -18.0075, 1, 0, 0, 0);

INSERT INTO `ace_object_properties_string` (`aceObjectId`, `strPropertyId`, `propertyValue`)
VALUES (1880944652, 1, 'Font');

INSERT INTO `ace_object_properties_did` (`aceObjectId`, `didPropertyId`, `propertyValue`)
VALUES (1880944652, 8, 100668104)
     , (1880944652, 1, 33554710)
     , (1880944652, 3, 536870932)
     , (1880944652, 22, 872415275)
     , (1880944652, 28, 1183);

INSERT INTO `ace_object_properties_int` (`aceObjectId`, `intPropertyId`, `propertyValue`)
VALUES (1880944652, 53, 101)
     , (1880944652, 1, 4194304)
     , (1880944652, 5, 6000)
     , (1880944652, 16, 48)
     , (1880944652, 19, 200)
     , (1880944652, 93, 1048);

INSERT INTO `ace_object_properties_double` (`aceObjectId`, `dblPropertyId`, `propertyValue`)
VALUES (1880944652, 54, 2);

INSERT INTO `ace_object_properties_bool` (`aceObjectId`, `boolPropertyId`, `propertyValue`)
VALUES (1880944652, 12, True)
     , (1880944652, 11, True)
     , (1880944652, 14, True);

INSERT INTO `ace_object` (`aceObjectId`, `aceObjectDescriptionFlags`, `weenieClassId`, `weenieHeaderFlags`, `currentMotionState`, `physicsDescriptionFlag`)
VALUES (1880768688, 6291512, 171, 20, NULL, 169985);

INSERT INTO `ace_position` (`aceObjectId`, `positionType`, `landblockRaw`, `posX`, `posY`, `posZ`, `qW`, `qX`, `qY`, `qZ`)
VALUES (1880768688, 1, 27525660, 113.14, -133.681, 12, -4.37114E-08, 0, 0, -1);

INSERT INTO `ace_object_properties_string` (`aceObjectId`, `strPropertyId`, `propertyValue`)
VALUES (1880768688, 1, 'Vat');

INSERT INTO `ace_object_properties_did` (`aceObjectId`, `didPropertyId`, `propertyValue`)
VALUES (1880768688, 8, 100668110)
     , (1880768688, 1, 33554796)
     , (1880768688, 3, 536870932)
     , (1880768688, 22, 872415275)
     , (1880768688, 28, 1183);

INSERT INTO `ace_object_properties_int` (`aceObjectId`, `intPropertyId`, `propertyValue`)
VALUES (1880768688, 53, 101)
     , (1880768688, 1, 4194304)
     , (1880768688, 5, 6000)
     , (1880768688, 16, 48)
     , (1880768688, 19, 200)
     , (1880768688, 93, 66584);

INSERT INTO `ace_object_properties_double` (`aceObjectId`, `dblPropertyId`, `propertyValue`)
VALUES (1880768688, 54, 2);

INSERT INTO `ace_object_properties_bool` (`aceObjectId`, `boolPropertyId`, `propertyValue`)
VALUES (1880768688, 12, True)
     , (1880768688, 11, True)
     , (1880768688, 14, True);

INSERT INTO `ace_object` (`aceObjectId`, `aceObjectDescriptionFlags`, `weenieClassId`, `weenieHeaderFlags`, `currentMotionState`, `physicsDescriptionFlag`)
VALUES (1903894540, 2097200, 8377, 20, NULL, 169985);

INSERT INTO `ace_position` (`aceObjectId`, `positionType`, `landblockRaw`, `posX`, `posY`, `posZ`, `qW`, `qX`, `qY`, `qZ`)
VALUES (1903894540, 1, 397541637, 129.502, 69.57, 44.925, -0.9992552, 0, 0, -0.03858841);

INSERT INTO `ace_object_properties_string` (`aceObjectId`, `strPropertyId`, `propertyValue`)
VALUES (1903894540, 1, 'Beer Keg');

INSERT INTO `ace_object_properties_did` (`aceObjectId`, `didPropertyId`, `propertyValue`)
VALUES (1903894540, 8, 100667431)
     , (1903894540, 1, 33556853)
     , (1903894540, 3, 536870932)
     , (1903894540, 22, 872415275);

INSERT INTO `ace_object_properties_int` (`aceObjectId`, `intPropertyId`, `propertyValue`)
VALUES (1903894540, 53, 101)
     , (1903894540, 1, 4194304)
     , (1903894540, 5, 1000)
     , (1903894540, 16, 48)
     , (1903894540, 93, 1048);

INSERT INTO `ace_object_properties_double` (`aceObjectId`, `dblPropertyId`, `propertyValue`)
VALUES (1903894540, 54, 2);

INSERT INTO `ace_object_properties_bool` (`aceObjectId`, `boolPropertyId`, `propertyValue`)
VALUES (1903894540, 12, True)
     , (1903894540, 11, True)
     , (1903894540, 14, True);

INSERT INTO `ace_object` (`aceObjectId`, `aceObjectDescriptionFlags`, `weenieClassId`, `weenieHeaderFlags`, `currentMotionState`, `physicsDescriptionFlag`)
VALUES (1881034848, 6291512, 152, 20, NULL, 169985);

INSERT INTO `ace_position` (`aceObjectId`, `positionType`, `landblockRaw`, `posX`, `posY`, `posZ`, `qW`, `qX`, `qY`, `qZ`)
VALUES (1881034848, 1, 31785633, 180, -30, -0.00749898, -4.37114E-08, 0, 0, -1);

INSERT INTO `ace_object_properties_string` (`aceObjectId`, `strPropertyId`, `propertyValue`)
VALUES (1881034848, 1, 'Font');

INSERT INTO `ace_object_properties_did` (`aceObjectId`, `didPropertyId`, `propertyValue`)
VALUES (1881034848, 8, 100668104)
     , (1881034848, 1, 33554710)
     , (1881034848, 3, 536870932)
     , (1881034848, 22, 872415275)
     , (1881034848, 28, 1183);

INSERT INTO `ace_object_properties_int` (`aceObjectId`, `intPropertyId`, `propertyValue`)
VALUES (1881034848, 53, 101)
     , (1881034848, 1, 4194304)
     , (1881034848, 5, 6000)
     , (1881034848, 16, 48)
     , (1881034848, 19, 200)
     , (1881034848, 93, 1048);

INSERT INTO `ace_object_properties_double` (`aceObjectId`, `dblPropertyId`, `propertyValue`)
VALUES (1881034848, 54, 2);

INSERT INTO `ace_object_properties_bool` (`aceObjectId`, `boolPropertyId`, `propertyValue`)
VALUES (1881034848, 12, True)
     , (1881034848, 11, True)
     , (1881034848, 14, True);

INSERT INTO `ace_object` (`aceObjectId`, `aceObjectDescriptionFlags`, `weenieClassId`, `weenieHeaderFlags`, `currentMotionState`, `physicsDescriptionFlag`)
VALUES (2075656202, 6291512, 171, 20, NULL, 169985);

INSERT INTO `ace_position` (`aceObjectId`, `positionType`, `landblockRaw`, `posX`, `posY`, `posZ`, `qW`, `qX`, `qY`, `qZ`)
VALUES (2075656202, 1, 3145728265, 179.842, 136.684, 44, 0.999966, 0, 0, 0.008251409);

INSERT INTO `ace_object_properties_string` (`aceObjectId`, `strPropertyId`, `propertyValue`)
VALUES (2075656202, 1, 'Vat');

INSERT INTO `ace_object_properties_did` (`aceObjectId`, `didPropertyId`, `propertyValue`)
VALUES (2075656202, 8, 100668110)
     , (2075656202, 1, 33554796)
     , (2075656202, 3, 536870932)
     , (2075656202, 22, 872415275)
     , (2075656202, 28, 1183);

INSERT INTO `ace_object_properties_int` (`aceObjectId`, `intPropertyId`, `propertyValue`)
VALUES (2075656202, 53, 101)
     , (2075656202, 1, 4194304)
     , (2075656202, 5, 6000)
     , (2075656202, 16, 48)
     , (2075656202, 19, 200)
     , (2075656202, 93, 66584);

INSERT INTO `ace_object_properties_double` (`aceObjectId`, `dblPropertyId`, `propertyValue`)
VALUES (2075656202, 54, 2);

INSERT INTO `ace_object_properties_bool` (`aceObjectId`, `boolPropertyId`, `propertyValue`)
VALUES (2075656202, 12, True)
     , (2075656202, 11, True)
     , (2075656202, 14, True);

INSERT INTO `ace_object` (`aceObjectId`, `aceObjectDescriptionFlags`, `weenieClassId`, `weenieHeaderFlags`, `currentMotionState`, `physicsDescriptionFlag`)
VALUES (2075656198, 6291512, 153, 20, NULL, 169985);

INSERT INTO `ace_position` (`aceObjectId`, `positionType`, `landblockRaw`, `posX`, `posY`, `posZ`, `qW`, `qX`, `qY`, `qZ`)
VALUES (2075656198, 1, 3145728062, 169.751, 135.654, 43.9925, -0.6900417, 0, 0, 0.7237697);

INSERT INTO `ace_object_properties_string` (`aceObjectId`, `strPropertyId`, `propertyValue`)
VALUES (2075656198, 1, 'Fountain');

INSERT INTO `ace_object_properties_did` (`aceObjectId`, `didPropertyId`, `propertyValue`)
VALUES (2075656198, 8, 100668104)
     , (2075656198, 1, 33555071)
     , (2075656198, 3, 536870932)
     , (2075656198, 22, 872415275)
     , (2075656198, 28, 1183);

INSERT INTO `ace_object_properties_int` (`aceObjectId`, `intPropertyId`, `propertyValue`)
VALUES (2075656198, 53, 101)
     , (2075656198, 1, 4194304)
     , (2075656198, 5, 6000)
     , (2075656198, 16, 48)
     , (2075656198, 19, 200)
     , (2075656198, 93, 1048);

INSERT INTO `ace_object_properties_double` (`aceObjectId`, `dblPropertyId`, `propertyValue`)
VALUES (2075656198, 54, 2);

INSERT INTO `ace_object_properties_bool` (`aceObjectId`, `boolPropertyId`, `propertyValue`)
VALUES (2075656198, 12, True)
     , (2075656198, 11, True)
     , (2075656198, 14, True);

INSERT INTO `ace_object` (`aceObjectId`, `aceObjectDescriptionFlags`, `weenieClassId`, `weenieHeaderFlags`, `currentMotionState`, `physicsDescriptionFlag`)
VALUES (2075656201, 6291512, 174, 20, NULL, 169985);

INSERT INTO `ace_position` (`aceObjectId`, `positionType`, `landblockRaw`, `posX`, `posY`, `posZ`, `qW`, `qX`, `qY`, `qZ`)
VALUES (2075656201, 1, 3145728038, 102.536, 121.41, 46, -0.790539, 0, 0, -0.612411);

INSERT INTO `ace_object_properties_string` (`aceObjectId`, `strPropertyId`, `propertyValue`)
VALUES (2075656201, 1, 'Well');

INSERT INTO `ace_object_properties_did` (`aceObjectId`, `didPropertyId`, `propertyValue`)
VALUES (2075656201, 8, 100667466)
     , (2075656201, 1, 33554816)
     , (2075656201, 3, 536870932)
     , (2075656201, 22, 872415275)
     , (2075656201, 28, 1183);

INSERT INTO `ace_object_properties_int` (`aceObjectId`, `intPropertyId`, `propertyValue`)
VALUES (2075656201, 53, 101)
     , (2075656201, 1, 4194304)
     , (2075656201, 5, 6000)
     , (2075656201, 16, 48)
     , (2075656201, 19, 200)
     , (2075656201, 93, 1048);

INSERT INTO `ace_object_properties_double` (`aceObjectId`, `dblPropertyId`, `propertyValue`)
VALUES (2075656201, 54, 2);

INSERT INTO `ace_object_properties_bool` (`aceObjectId`, `boolPropertyId`, `propertyValue`)
VALUES (2075656201, 12, True)
     , (2075656201, 11, True)
     , (2075656201, 14, True);

INSERT INTO `ace_object` (`aceObjectId`, `aceObjectDescriptionFlags`, `weenieClassId`, `weenieHeaderFlags`, `currentMotionState`, `physicsDescriptionFlag`)
VALUES (1880404004, 6291512, 152, 20, NULL, 169985);

INSERT INTO `ace_position` (`aceObjectId`, `positionType`, `landblockRaw`, `posX`, `posY`, `posZ`, `qW`, `qX`, `qY`, `qZ`)
VALUES (1880404004, 1, 21692781, 50, -70, -18.0075, 1, 0, 0, 0);

INSERT INTO `ace_object_properties_string` (`aceObjectId`, `strPropertyId`, `propertyValue`)
VALUES (1880404004, 1, 'Font');

INSERT INTO `ace_object_properties_did` (`aceObjectId`, `didPropertyId`, `propertyValue`)
VALUES (1880404004, 8, 100668104)
     , (1880404004, 1, 33554710)
     , (1880404004, 3, 536870932)
     , (1880404004, 22, 872415275)
     , (1880404004, 28, 1183);

INSERT INTO `ace_object_properties_int` (`aceObjectId`, `intPropertyId`, `propertyValue`)
VALUES (1880404004, 53, 101)
     , (1880404004, 1, 4194304)
     , (1880404004, 5, 6000)
     , (1880404004, 16, 48)
     , (1880404004, 19, 200)
     , (1880404004, 93, 1048);

INSERT INTO `ace_object_properties_double` (`aceObjectId`, `dblPropertyId`, `propertyValue`)
VALUES (1880404004, 54, 2);

INSERT INTO `ace_object_properties_bool` (`aceObjectId`, `boolPropertyId`, `propertyValue`)
VALUES (1880404004, 12, True)
     , (1880404004, 11, True)
     , (1880404004, 14, True);

INSERT INTO `ace_object` (`aceObjectId`, `aceObjectDescriptionFlags`, `weenieClassId`, `weenieHeaderFlags`, `currentMotionState`, `physicsDescriptionFlag`)
VALUES (1880698895, 6291512, 165, 20, NULL, 169985);

INSERT INTO `ace_position` (`aceObjectId`, `positionType`, `landblockRaw`, `posX`, `posY`, `posZ`, `qW`, `qX`, `qY`, `qZ`)
VALUES (1880698895, 1, 26411334, 10, -50, 0.05, 1, 0, 0, 0);

INSERT INTO `ace_object_properties_string` (`aceObjectId`, `strPropertyId`, `propertyValue`)
VALUES (1880698895, 1, 'Pool');

INSERT INTO `ace_object_properties_did` (`aceObjectId`, `didPropertyId`, `propertyValue`)
VALUES (1880698895, 8, 100668107)
     , (1880698895, 1, 33554711)
     , (1880698895, 3, 536870932)
     , (1880698895, 22, 872415275)
     , (1880698895, 28, 1183);

INSERT INTO `ace_object_properties_int` (`aceObjectId`, `intPropertyId`, `propertyValue`)
VALUES (1880698895, 53, 101)
     , (1880698895, 1, 4194304)
     , (1880698895, 5, 6000)
     , (1880698895, 16, 48)
     , (1880698895, 19, 200)
     , (1880698895, 93, 66584);

INSERT INTO `ace_object_properties_double` (`aceObjectId`, `dblPropertyId`, `propertyValue`)
VALUES (1880698895, 54, 2);

INSERT INTO `ace_object_properties_bool` (`aceObjectId`, `boolPropertyId`, `propertyValue`)
VALUES (1880698895, 12, True)
     , (1880698895, 11, True)
     , (1880698895, 14, True);

INSERT INTO `ace_object` (`aceObjectId`, `aceObjectDescriptionFlags`, `weenieClassId`, `weenieHeaderFlags`, `currentMotionState`, `physicsDescriptionFlag`)
VALUES (1880698933, 6291512, 153, 20, NULL, 169985);

INSERT INTO `ace_position` (`aceObjectId`, `positionType`, `landblockRaw`, `posX`, `posY`, `posZ`, `qW`, `qX`, `qY`, `qZ`)
VALUES (1880698933, 1, 26411381, 90, -40, -0.00749898, -4.37114E-08, 0, 0, -1);

INSERT INTO `ace_object_properties_string` (`aceObjectId`, `strPropertyId`, `propertyValue`)
VALUES (1880698933, 1, 'Fountain');

INSERT INTO `ace_object_properties_did` (`aceObjectId`, `didPropertyId`, `propertyValue`)
VALUES (1880698933, 8, 100668104)
     , (1880698933, 1, 33555071)
     , (1880698933, 3, 536870932)
     , (1880698933, 22, 872415275)
     , (1880698933, 28, 1183);

INSERT INTO `ace_object_properties_int` (`aceObjectId`, `intPropertyId`, `propertyValue`)
VALUES (1880698933, 53, 101)
     , (1880698933, 1, 4194304)
     , (1880698933, 5, 6000)
     , (1880698933, 16, 48)
     , (1880698933, 19, 200)
     , (1880698933, 93, 1048);

INSERT INTO `ace_object_properties_double` (`aceObjectId`, `dblPropertyId`, `propertyValue`)
VALUES (1880698933, 54, 2);

INSERT INTO `ace_object_properties_bool` (`aceObjectId`, `boolPropertyId`, `propertyValue`)
VALUES (1880698933, 12, True)
     , (1880698933, 11, True)
     , (1880698933, 14, True);

INSERT INTO `ace_object` (`aceObjectId`, `aceObjectDescriptionFlags`, `weenieClassId`, `weenieHeaderFlags`, `currentMotionState`, `physicsDescriptionFlag`)
VALUES (1880698922, 6291512, 153, 20, NULL, 169985);

INSERT INTO `ace_position` (`aceObjectId`, `positionType`, `landblockRaw`, `posX`, `posY`, `posZ`, `qW`, `qX`, `qY`, `qZ`)
VALUES (1880698922, 1, 26411366, 60, -70, -0.00749898, -4.37114E-08, 0, 0, -1);

INSERT INTO `ace_object_properties_string` (`aceObjectId`, `strPropertyId`, `propertyValue`)
VALUES (1880698922, 1, 'Fountain');

INSERT INTO `ace_object_properties_did` (`aceObjectId`, `didPropertyId`, `propertyValue`)
VALUES (1880698922, 8, 100668104)
     , (1880698922, 1, 33555071)
     , (1880698922, 3, 536870932)
     , (1880698922, 22, 872415275)
     , (1880698922, 28, 1183);

INSERT INTO `ace_object_properties_int` (`aceObjectId`, `intPropertyId`, `propertyValue`)
VALUES (1880698922, 53, 101)
     , (1880698922, 1, 4194304)
     , (1880698922, 5, 6000)
     , (1880698922, 16, 48)
     , (1880698922, 19, 200)
     , (1880698922, 93, 1048);

INSERT INTO `ace_object_properties_double` (`aceObjectId`, `dblPropertyId`, `propertyValue`)
VALUES (1880698922, 54, 2);

INSERT INTO `ace_object_properties_bool` (`aceObjectId`, `boolPropertyId`, `propertyValue`)
VALUES (1880698922, 12, True)
     , (1880698922, 11, True)
     , (1880698922, 14, True);

INSERT INTO `ace_object` (`aceObjectId`, `aceObjectDescriptionFlags`, `weenieClassId`, `weenieHeaderFlags`, `currentMotionState`, `physicsDescriptionFlag`)
VALUES (1880698906, 6291512, 153, 20, NULL, 169985);

INSERT INTO `ace_position` (`aceObjectId`, `positionType`, `landblockRaw`, `posX`, `posY`, `posZ`, `qW`, `qX`, `qY`, `qZ`)
VALUES (1880698906, 1, 26411351, 40, -70, -0.00749898, -0.7071068, 0, 0, -0.7071068);

INSERT INTO `ace_object_properties_string` (`aceObjectId`, `strPropertyId`, `propertyValue`)
VALUES (1880698906, 1, 'Fountain');

INSERT INTO `ace_object_properties_did` (`aceObjectId`, `didPropertyId`, `propertyValue`)
VALUES (1880698906, 8, 100668104)
     , (1880698906, 1, 33555071)
     , (1880698906, 3, 536870932)
     , (1880698906, 22, 872415275)
     , (1880698906, 28, 1183);

INSERT INTO `ace_object_properties_int` (`aceObjectId`, `intPropertyId`, `propertyValue`)
VALUES (1880698906, 53, 101)
     , (1880698906, 1, 4194304)
     , (1880698906, 5, 6000)
     , (1880698906, 16, 48)
     , (1880698906, 19, 200)
     , (1880698906, 93, 1048);

INSERT INTO `ace_object_properties_double` (`aceObjectId`, `dblPropertyId`, `propertyValue`)
VALUES (1880698906, 54, 2);

INSERT INTO `ace_object_properties_bool` (`aceObjectId`, `boolPropertyId`, `propertyValue`)
VALUES (1880698906, 12, True)
     , (1880698906, 11, True)
     , (1880698906, 14, True);

INSERT INTO `ace_object` (`aceObjectId`, `aceObjectDescriptionFlags`, `weenieClassId`, `weenieHeaderFlags`, `currentMotionState`, `physicsDescriptionFlag`)
VALUES (1880698954, 6291512, 165, 20, NULL, 169985);

INSERT INTO `ace_position` (`aceObjectId`, `positionType`, `landblockRaw`, `posX`, `posY`, `posZ`, `qW`, `qX`, `qY`, `qZ`)
VALUES (1880698954, 1, 26411388, 290, -50, 0.05, 1, 0, 0, 0);

INSERT INTO `ace_object_properties_string` (`aceObjectId`, `strPropertyId`, `propertyValue`)
VALUES (1880698954, 1, 'Pool');

INSERT INTO `ace_object_properties_did` (`aceObjectId`, `didPropertyId`, `propertyValue`)
VALUES (1880698954, 8, 100668107)
     , (1880698954, 1, 33554711)
     , (1880698954, 3, 536870932)
     , (1880698954, 22, 872415275)
     , (1880698954, 28, 1183);

INSERT INTO `ace_object_properties_int` (`aceObjectId`, `intPropertyId`, `propertyValue`)
VALUES (1880698954, 53, 101)
     , (1880698954, 1, 4194304)
     , (1880698954, 5, 6000)
     , (1880698954, 16, 48)
     , (1880698954, 19, 200)
     , (1880698954, 93, 66584);

INSERT INTO `ace_object_properties_double` (`aceObjectId`, `dblPropertyId`, `propertyValue`)
VALUES (1880698954, 54, 2);

INSERT INTO `ace_object_properties_bool` (`aceObjectId`, `boolPropertyId`, `propertyValue`)
VALUES (1880698954, 12, True)
     , (1880698954, 11, True)
     , (1880698954, 14, True);

INSERT INTO `ace_object` (`aceObjectId`, `aceObjectDescriptionFlags`, `weenieClassId`, `weenieHeaderFlags`, `currentMotionState`, `physicsDescriptionFlag`)
VALUES (1881985048, 6291512, 174, 20, NULL, 169985);

INSERT INTO `ace_position` (`aceObjectId`, `positionType`, `landblockRaw`, `posX`, `posY`, `posZ`, `qW`, `qX`, `qY`, `qZ`)
VALUES (1881985048, 1, 46989930, 70, -40, 6, 1, 0, 0, 0);

INSERT INTO `ace_object_properties_string` (`aceObjectId`, `strPropertyId`, `propertyValue`)
VALUES (1881985048, 1, 'Well');

INSERT INTO `ace_object_properties_did` (`aceObjectId`, `didPropertyId`, `propertyValue`)
VALUES (1881985048, 8, 100667466)
     , (1881985048, 1, 33554816)
     , (1881985048, 3, 536870932)
     , (1881985048, 22, 872415275)
     , (1881985048, 28, 1183);

INSERT INTO `ace_object_properties_int` (`aceObjectId`, `intPropertyId`, `propertyValue`)
VALUES (1881985048, 53, 101)
     , (1881985048, 1, 4194304)
     , (1881985048, 5, 6000)
     , (1881985048, 16, 48)
     , (1881985048, 19, 200)
     , (1881985048, 93, 1048);

INSERT INTO `ace_object_properties_double` (`aceObjectId`, `dblPropertyId`, `propertyValue`)
VALUES (1881985048, 54, 2);

INSERT INTO `ace_object_properties_bool` (`aceObjectId`, `boolPropertyId`, `propertyValue`)
VALUES (1881985048, 12, True)
     , (1881985048, 11, True)
     , (1881985048, 14, True);

INSERT INTO `ace_object` (`aceObjectId`, `aceObjectDescriptionFlags`, `weenieClassId`, `weenieHeaderFlags`, `currentMotionState`, `physicsDescriptionFlag`)
VALUES (1881976858, 6291512, 165, 20, NULL, 169985);

INSERT INTO `ace_position` (`aceObjectId`, `positionType`, `landblockRaw`, `posX`, `posY`, `posZ`, `qW`, `qX`, `qY`, `qZ`)
VALUES (1881976858, 1, 46858562, 40, -40, 0.05, 0.7071068, 0, 0, -0.7071068);

INSERT INTO `ace_object_properties_string` (`aceObjectId`, `strPropertyId`, `propertyValue`)
VALUES (1881976858, 1, 'Pool');

INSERT INTO `ace_object_properties_did` (`aceObjectId`, `didPropertyId`, `propertyValue`)
VALUES (1881976858, 8, 100668107)
     , (1881976858, 1, 33554711)
     , (1881976858, 3, 536870932)
     , (1881976858, 22, 872415275)
     , (1881976858, 28, 1183);

INSERT INTO `ace_object_properties_int` (`aceObjectId`, `intPropertyId`, `propertyValue`)
VALUES (1881976858, 53, 101)
     , (1881976858, 1, 4194304)
     , (1881976858, 5, 6000)
     , (1881976858, 16, 48)
     , (1881976858, 19, 200)
     , (1881976858, 93, 66584);

INSERT INTO `ace_object_properties_double` (`aceObjectId`, `dblPropertyId`, `propertyValue`)
VALUES (1881976858, 54, 2);

INSERT INTO `ace_object_properties_bool` (`aceObjectId`, `boolPropertyId`, `propertyValue`)
VALUES (1881976858, 12, True)
     , (1881976858, 11, True)
     , (1881976858, 14, True);

INSERT INTO `ace_object` (`aceObjectId`, `aceObjectDescriptionFlags`, `weenieClassId`, `weenieHeaderFlags`, `currentMotionState`, `physicsDescriptionFlag`)
VALUES (1881976853, 6291512, 152, 20, NULL, 169985);

INSERT INTO `ace_position` (`aceObjectId`, `positionType`, `landblockRaw`, `posX`, `posY`, `posZ`, `qW`, `qX`, `qY`, `qZ`)
VALUES (1881976853, 1, 46858554, 27.5265, -82.2215, -0.00749898, -4.37114E-08, 0, 0, -1);

INSERT INTO `ace_object_properties_string` (`aceObjectId`, `strPropertyId`, `propertyValue`)
VALUES (1881976853, 1, 'Font');

INSERT INTO `ace_object_properties_did` (`aceObjectId`, `didPropertyId`, `propertyValue`)
VALUES (1881976853, 8, 100668104)
     , (1881976853, 1, 33554710)
     , (1881976853, 3, 536870932)
     , (1881976853, 22, 872415275)
     , (1881976853, 28, 1183);

INSERT INTO `ace_object_properties_int` (`aceObjectId`, `intPropertyId`, `propertyValue`)
VALUES (1881976853, 53, 101)
     , (1881976853, 1, 4194304)
     , (1881976853, 5, 6000)
     , (1881976853, 16, 48)
     , (1881976853, 19, 200)
     , (1881976853, 93, 1048);

INSERT INTO `ace_object_properties_double` (`aceObjectId`, `dblPropertyId`, `propertyValue`)
VALUES (1881976853, 54, 2);

INSERT INTO `ace_object_properties_bool` (`aceObjectId`, `boolPropertyId`, `propertyValue`)
VALUES (1881976853, 12, True)
     , (1881976853, 11, True)
     , (1881976853, 14, True);

INSERT INTO `ace_object` (`aceObjectId`, `aceObjectDescriptionFlags`, `weenieClassId`, `weenieHeaderFlags`, `currentMotionState`, `physicsDescriptionFlag`)
VALUES (1881980951, 6291512, 152, 20, NULL, 169985);

INSERT INTO `ace_position` (`aceObjectId`, `positionType`, `landblockRaw`, `posX`, `posY`, `posZ`, `qW`, `qX`, `qY`, `qZ`)
VALUES (1881980951, 1, 46924101, 56.7287, 3.33588, 5.992501, -4.37114E-08, 0, 0, -1);

INSERT INTO `ace_object_properties_string` (`aceObjectId`, `strPropertyId`, `propertyValue`)
VALUES (1881980951, 1, 'Font');

INSERT INTO `ace_object_properties_did` (`aceObjectId`, `didPropertyId`, `propertyValue`)
VALUES (1881980951, 8, 100668104)
     , (1881980951, 1, 33554710)
     , (1881980951, 3, 536870932)
     , (1881980951, 22, 872415275)
     , (1881980951, 28, 1183);

INSERT INTO `ace_object_properties_int` (`aceObjectId`, `intPropertyId`, `propertyValue`)
VALUES (1881980951, 53, 101)
     , (1881980951, 1, 4194304)
     , (1881980951, 5, 6000)
     , (1881980951, 16, 48)
     , (1881980951, 19, 200)
     , (1881980951, 93, 1048);

INSERT INTO `ace_object_properties_double` (`aceObjectId`, `dblPropertyId`, `propertyValue`)
VALUES (1881980951, 54, 2);

INSERT INTO `ace_object_properties_bool` (`aceObjectId`, `boolPropertyId`, `propertyValue`)
VALUES (1881980951, 12, True)
     , (1881980951, 11, True)
     , (1881980951, 14, True);

INSERT INTO `ace_object` (`aceObjectId`, `aceObjectDescriptionFlags`, `weenieClassId`, `weenieHeaderFlags`, `currentMotionState`, `physicsDescriptionFlag`)
VALUES (1881980937, 6291512, 171, 20, NULL, 169985);

INSERT INTO `ace_position` (`aceObjectId`, `positionType`, `landblockRaw`, `posX`, `posY`, `posZ`, `qW`, `qX`, `qY`, `qZ`)
VALUES (1881980937, 1, 46924069, -2.5506, -12.4371, 6, -0.07492929, 0, 0, 0.9971889);

INSERT INTO `ace_object_properties_string` (`aceObjectId`, `strPropertyId`, `propertyValue`)
VALUES (1881980937, 1, 'Vat');

INSERT INTO `ace_object_properties_did` (`aceObjectId`, `didPropertyId`, `propertyValue`)
VALUES (1881980937, 8, 100668110)
     , (1881980937, 1, 33554796)
     , (1881980937, 3, 536870932)
     , (1881980937, 22, 872415275)
     , (1881980937, 28, 1183);

INSERT INTO `ace_object_properties_int` (`aceObjectId`, `intPropertyId`, `propertyValue`)
VALUES (1881980937, 53, 101)
     , (1881980937, 1, 4194304)
     , (1881980937, 5, 6000)
     , (1881980937, 16, 48)
     , (1881980937, 19, 200)
     , (1881980937, 93, 66584);

INSERT INTO `ace_object_properties_double` (`aceObjectId`, `dblPropertyId`, `propertyValue`)
VALUES (1881980937, 54, 2);

INSERT INTO `ace_object_properties_bool` (`aceObjectId`, `boolPropertyId`, `propertyValue`)
VALUES (1881980937, 12, True)
     , (1881980937, 11, True)
     , (1881980937, 14, True);

INSERT INTO `ace_object` (`aceObjectId`, `aceObjectDescriptionFlags`, `weenieClassId`, `weenieHeaderFlags`, `currentMotionState`, `physicsDescriptionFlag`)
VALUES (1881980938, 6291512, 153, 20, NULL, 169985);

INSERT INTO `ace_position` (`aceObjectId`, `positionType`, `landblockRaw`, `posX`, `posY`, `posZ`, `qW`, `qX`, `qY`, `qZ`)
VALUES (1881980938, 1, 46924069, 0, -10, 5.992501, 0.7071068, 0, 0, -0.7071068);

INSERT INTO `ace_object_properties_string` (`aceObjectId`, `strPropertyId`, `propertyValue`)
VALUES (1881980938, 1, 'Fountain');

INSERT INTO `ace_object_properties_did` (`aceObjectId`, `didPropertyId`, `propertyValue`)
VALUES (1881980938, 8, 100668104)
     , (1881980938, 1, 33555071)
     , (1881980938, 3, 536870932)
     , (1881980938, 22, 872415275)
     , (1881980938, 28, 1183);

INSERT INTO `ace_object_properties_int` (`aceObjectId`, `intPropertyId`, `propertyValue`)
VALUES (1881980938, 53, 101)
     , (1881980938, 1, 4194304)
     , (1881980938, 5, 6000)
     , (1881980938, 16, 48)
     , (1881980938, 19, 200)
     , (1881980938, 93, 1048);

INSERT INTO `ace_object_properties_double` (`aceObjectId`, `dblPropertyId`, `propertyValue`)
VALUES (1881980938, 54, 2);

INSERT INTO `ace_object_properties_bool` (`aceObjectId`, `boolPropertyId`, `propertyValue`)
VALUES (1881980938, 12, True)
     , (1881980938, 11, True)
     , (1881980938, 14, True);

INSERT INTO `ace_object` (`aceObjectId`, `aceObjectDescriptionFlags`, `weenieClassId`, `weenieHeaderFlags`, `currentMotionState`, `physicsDescriptionFlag`)
VALUES (1881980960, 6291512, 171, 20, NULL, 169985);

INSERT INTO `ace_position` (`aceObjectId`, `positionType`, `landblockRaw`, `posX`, `posY`, `posZ`, `qW`, `qX`, `qY`, `qZ`)
VALUES (1881980960, 1, 46924114, 82.7417, -13.0685, 6, 0.7231109, 0, 0, -0.6907319);

INSERT INTO `ace_object_properties_string` (`aceObjectId`, `strPropertyId`, `propertyValue`)
VALUES (1881980960, 1, 'Vat');

INSERT INTO `ace_object_properties_did` (`aceObjectId`, `didPropertyId`, `propertyValue`)
VALUES (1881980960, 8, 100668110)
     , (1881980960, 1, 33554796)
     , (1881980960, 3, 536870932)
     , (1881980960, 22, 872415275)
     , (1881980960, 28, 1183);

INSERT INTO `ace_object_properties_int` (`aceObjectId`, `intPropertyId`, `propertyValue`)
VALUES (1881980960, 53, 101)
     , (1881980960, 1, 4194304)
     , (1881980960, 5, 6000)
     , (1881980960, 16, 48)
     , (1881980960, 19, 200)
     , (1881980960, 93, 66584);

INSERT INTO `ace_object_properties_double` (`aceObjectId`, `dblPropertyId`, `propertyValue`)
VALUES (1881980960, 54, 2);

INSERT INTO `ace_object_properties_bool` (`aceObjectId`, `boolPropertyId`, `propertyValue`)
VALUES (1881980960, 12, True)
     , (1881980960, 11, True)
     , (1881980960, 14, True);

INSERT INTO `ace_object` (`aceObjectId`, `aceObjectDescriptionFlags`, `weenieClassId`, `weenieHeaderFlags`, `currentMotionState`, `physicsDescriptionFlag`)
VALUES (1881980961, 6291512, 152, 20, NULL, 169985);

INSERT INTO `ace_position` (`aceObjectId`, `positionType`, `landblockRaw`, `posX`, `posY`, `posZ`, `qW`, `qX`, `qY`, `qZ`)
VALUES (1881980961, 1, 46924114, 78.5449, -7.35678, 5.992501, 1, 0, 0, 0);

INSERT INTO `ace_object_properties_string` (`aceObjectId`, `strPropertyId`, `propertyValue`)
VALUES (1881980961, 1, 'Font');

INSERT INTO `ace_object_properties_did` (`aceObjectId`, `didPropertyId`, `propertyValue`)
VALUES (1881980961, 8, 100668104)
     , (1881980961, 1, 33554710)
     , (1881980961, 3, 536870932)
     , (1881980961, 22, 872415275)
     , (1881980961, 28, 1183);

INSERT INTO `ace_object_properties_int` (`aceObjectId`, `intPropertyId`, `propertyValue`)
VALUES (1881980961, 53, 101)
     , (1881980961, 1, 4194304)
     , (1881980961, 5, 6000)
     , (1881980961, 16, 48)
     , (1881980961, 19, 200)
     , (1881980961, 93, 1048);

INSERT INTO `ace_object_properties_double` (`aceObjectId`, `dblPropertyId`, `propertyValue`)
VALUES (1881980961, 54, 2);

INSERT INTO `ace_object_properties_bool` (`aceObjectId`, `boolPropertyId`, `propertyValue`)
VALUES (1881980961, 12, True)
     , (1881980961, 11, True)
     , (1881980961, 14, True);

INSERT INTO `ace_object` (`aceObjectId`, `aceObjectDescriptionFlags`, `weenieClassId`, `weenieHeaderFlags`, `currentMotionState`, `physicsDescriptionFlag`)
VALUES (1881980959, 6291512, 171, 20, NULL, 169985);

INSERT INTO `ace_position` (`aceObjectId`, `positionType`, `landblockRaw`, `posX`, `posY`, `posZ`, `qW`, `qX`, `qY`, `qZ`)
VALUES (1881980959, 1, 46924114, 82.5506, -7.56293, 6, 0.9971889, 0, 0, 0.07492929);

INSERT INTO `ace_object_properties_string` (`aceObjectId`, `strPropertyId`, `propertyValue`)
VALUES (1881980959, 1, 'Vat');

INSERT INTO `ace_object_properties_did` (`aceObjectId`, `didPropertyId`, `propertyValue`)
VALUES (1881980959, 8, 100668110)
     , (1881980959, 1, 33554796)
     , (1881980959, 3, 536870932)
     , (1881980959, 22, 872415275)
     , (1881980959, 28, 1183);

INSERT INTO `ace_object_properties_int` (`aceObjectId`, `intPropertyId`, `propertyValue`)
VALUES (1881980959, 53, 101)
     , (1881980959, 1, 4194304)
     , (1881980959, 5, 6000)
     , (1881980959, 16, 48)
     , (1881980959, 19, 200)
     , (1881980959, 93, 66584);

INSERT INTO `ace_object_properties_double` (`aceObjectId`, `dblPropertyId`, `propertyValue`)
VALUES (1881980959, 54, 2);

INSERT INTO `ace_object_properties_bool` (`aceObjectId`, `boolPropertyId`, `propertyValue`)
VALUES (1881980959, 12, True)
     , (1881980959, 11, True)
     , (1881980959, 14, True);

INSERT INTO `ace_object` (`aceObjectId`, `aceObjectDescriptionFlags`, `weenieClassId`, `weenieHeaderFlags`, `currentMotionState`, `physicsDescriptionFlag`)
VALUES (1881051165, 6291512, 171, 20, NULL, 169985);

INSERT INTO `ace_position` (`aceObjectId`, `positionType`, `landblockRaw`, `posX`, `posY`, `posZ`, `qW`, `qX`, `qY`, `qZ`)
VALUES (1881051165, 1, 32047494, 103.048, -113.251, -12, 0.7071068, 0, 0, -0.7071068);

INSERT INTO `ace_object_properties_string` (`aceObjectId`, `strPropertyId`, `propertyValue`)
VALUES (1881051165, 1, 'Vat');

INSERT INTO `ace_object_properties_did` (`aceObjectId`, `didPropertyId`, `propertyValue`)
VALUES (1881051165, 8, 100668110)
     , (1881051165, 1, 33554796)
     , (1881051165, 3, 536870932)
     , (1881051165, 22, 872415275)
     , (1881051165, 28, 1183);

INSERT INTO `ace_object_properties_int` (`aceObjectId`, `intPropertyId`, `propertyValue`)
VALUES (1881051165, 53, 101)
     , (1881051165, 1, 4194304)
     , (1881051165, 5, 6000)
     , (1881051165, 16, 48)
     , (1881051165, 19, 200)
     , (1881051165, 93, 66584);

INSERT INTO `ace_object_properties_double` (`aceObjectId`, `dblPropertyId`, `propertyValue`)
VALUES (1881051165, 54, 2);

INSERT INTO `ace_object_properties_bool` (`aceObjectId`, `boolPropertyId`, `propertyValue`)
VALUES (1881051165, 12, True)
     , (1881051165, 11, True)
     , (1881051165, 14, True);

INSERT INTO `ace_object` (`aceObjectId`, `aceObjectDescriptionFlags`, `weenieClassId`, `weenieHeaderFlags`, `currentMotionState`, `physicsDescriptionFlag`)
VALUES (1881051172, 6291512, 171, 20, NULL, 169985);

INSERT INTO `ace_position` (`aceObjectId`, `positionType`, `landblockRaw`, `posX`, `posY`, `posZ`, `qW`, `qX`, `qY`, `qZ`)
VALUES (1881051172, 1, 32047525, 118.689, -102.835, -12, 1, 0, 0, 0);

INSERT INTO `ace_object_properties_string` (`aceObjectId`, `strPropertyId`, `propertyValue`)
VALUES (1881051172, 1, 'Vat');

INSERT INTO `ace_object_properties_did` (`aceObjectId`, `didPropertyId`, `propertyValue`)
VALUES (1881051172, 8, 100668110)
     , (1881051172, 1, 33554796)
     , (1881051172, 3, 536870932)
     , (1881051172, 22, 872415275)
     , (1881051172, 28, 1183);

INSERT INTO `ace_object_properties_int` (`aceObjectId`, `intPropertyId`, `propertyValue`)
VALUES (1881051172, 53, 101)
     , (1881051172, 1, 4194304)
     , (1881051172, 5, 6000)
     , (1881051172, 16, 48)
     , (1881051172, 19, 200)
     , (1881051172, 93, 66584);

INSERT INTO `ace_object_properties_double` (`aceObjectId`, `dblPropertyId`, `propertyValue`)
VALUES (1881051172, 54, 2);

INSERT INTO `ace_object_properties_bool` (`aceObjectId`, `boolPropertyId`, `propertyValue`)
VALUES (1881051172, 12, True)
     , (1881051172, 11, True)
     , (1881051172, 14, True);

INSERT INTO `ace_object` (`aceObjectId`, `aceObjectDescriptionFlags`, `weenieClassId`, `weenieHeaderFlags`, `currentMotionState`, `physicsDescriptionFlag`)
VALUES (1881051241, 6291512, 171, 20, NULL, 169985);

INSERT INTO `ace_position` (`aceObjectId`, `positionType`, `landblockRaw`, `posX`, `posY`, `posZ`, `qW`, `qX`, `qY`, `qZ`)
VALUES (1881051241, 1, 32047796, 121.913, -97.6995, -6, -4.37114E-08, 0, 0, -1);

INSERT INTO `ace_object_properties_string` (`aceObjectId`, `strPropertyId`, `propertyValue`)
VALUES (1881051241, 1, 'Vat');

INSERT INTO `ace_object_properties_did` (`aceObjectId`, `didPropertyId`, `propertyValue`)
VALUES (1881051241, 8, 100668110)
     , (1881051241, 1, 33554796)
     , (1881051241, 3, 536870932)
     , (1881051241, 22, 872415275)
     , (1881051241, 28, 1183);

INSERT INTO `ace_object_properties_int` (`aceObjectId`, `intPropertyId`, `propertyValue`)
VALUES (1881051241, 53, 101)
     , (1881051241, 1, 4194304)
     , (1881051241, 5, 6000)
     , (1881051241, 16, 48)
     , (1881051241, 19, 200)
     , (1881051241, 93, 66584);

INSERT INTO `ace_object_properties_double` (`aceObjectId`, `dblPropertyId`, `propertyValue`)
VALUES (1881051241, 54, 2);

INSERT INTO `ace_object_properties_bool` (`aceObjectId`, `boolPropertyId`, `propertyValue`)
VALUES (1881051241, 12, True)
     , (1881051241, 11, True)
     , (1881051241, 14, True);

INSERT INTO `ace_object` (`aceObjectId`, `aceObjectDescriptionFlags`, `weenieClassId`, `weenieHeaderFlags`, `currentMotionState`, `physicsDescriptionFlag`)
VALUES (1880637494, 6291512, 153, 20, NULL, 169985);

INSERT INTO `ace_position` (`aceObjectId`, `positionType`, `landblockRaw`, `posX`, `posY`, `posZ`, `qW`, `qX`, `qY`, `qZ`)
VALUES (1880637494, 1, 25428340, 97.5, -67.2, -0.00749898, 1, 0, 0, 0);

INSERT INTO `ace_object_properties_string` (`aceObjectId`, `strPropertyId`, `propertyValue`)
VALUES (1880637494, 1, 'Fountain');

INSERT INTO `ace_object_properties_did` (`aceObjectId`, `didPropertyId`, `propertyValue`)
VALUES (1880637494, 8, 100668104)
     , (1880637494, 1, 33555071)
     , (1880637494, 3, 536870932)
     , (1880637494, 22, 872415275)
     , (1880637494, 28, 1183);

INSERT INTO `ace_object_properties_int` (`aceObjectId`, `intPropertyId`, `propertyValue`)
VALUES (1880637494, 53, 101)
     , (1880637494, 1, 4194304)
     , (1880637494, 5, 6000)
     , (1880637494, 16, 48)
     , (1880637494, 19, 200)
     , (1880637494, 93, 1048);

INSERT INTO `ace_object_properties_double` (`aceObjectId`, `dblPropertyId`, `propertyValue`)
VALUES (1880637494, 54, 2);

INSERT INTO `ace_object_properties_bool` (`aceObjectId`, `boolPropertyId`, `propertyValue`)
VALUES (1880637494, 12, True)
     , (1880637494, 11, True)
     , (1880637494, 14, True);

INSERT INTO `ace_object` (`aceObjectId`, `aceObjectDescriptionFlags`, `weenieClassId`, `weenieHeaderFlags`, `currentMotionState`, `physicsDescriptionFlag`)
VALUES (1880637495, 6291512, 153, 20, NULL, 169985);

INSERT INTO `ace_position` (`aceObjectId`, `positionType`, `landblockRaw`, `posX`, `posY`, `posZ`, `qW`, `qX`, `qY`, `qZ`)
VALUES (1880637495, 1, 25428340, 102.5, -67.2, -0.00749898, 1, 0, 0, 0);

INSERT INTO `ace_object_properties_string` (`aceObjectId`, `strPropertyId`, `propertyValue`)
VALUES (1880637495, 1, 'Fountain');

INSERT INTO `ace_object_properties_did` (`aceObjectId`, `didPropertyId`, `propertyValue`)
VALUES (1880637495, 8, 100668104)
     , (1880637495, 1, 33555071)
     , (1880637495, 3, 536870932)
     , (1880637495, 22, 872415275)
     , (1880637495, 28, 1183);

INSERT INTO `ace_object_properties_int` (`aceObjectId`, `intPropertyId`, `propertyValue`)
VALUES (1880637495, 53, 101)
     , (1880637495, 1, 4194304)
     , (1880637495, 5, 6000)
     , (1880637495, 16, 48)
     , (1880637495, 19, 200)
     , (1880637495, 93, 1048);

INSERT INTO `ace_object_properties_double` (`aceObjectId`, `dblPropertyId`, `propertyValue`)
VALUES (1880637495, 54, 2);

INSERT INTO `ace_object_properties_bool` (`aceObjectId`, `boolPropertyId`, `propertyValue`)
VALUES (1880637495, 12, True)
     , (1880637495, 11, True)
     , (1880637495, 14, True);

INSERT INTO `ace_object` (`aceObjectId`, `aceObjectDescriptionFlags`, `weenieClassId`, `weenieHeaderFlags`, `currentMotionState`, `physicsDescriptionFlag`)
VALUES (1971707936, 2097176, 47194, 20, NULL, 163841);

INSERT INTO `ace_position` (`aceObjectId`, `positionType`, `landblockRaw`, `posX`, `posY`, `posZ`, `qW`, `qX`, `qY`, `qZ`)
VALUES (1971707936, 1, 1482555684, 95.8344, -73.5089, 0.016501, -0.7082309, 0, 0, -0.7059809);

INSERT INTO `ace_object_properties_string` (`aceObjectId`, `strPropertyId`, `propertyValue`)
VALUES (1971707936, 1, 'Ingot');

INSERT INTO `ace_object_properties_did` (`aceObjectId`, `didPropertyId`, `propertyValue`)
VALUES (1971707936, 8, 100668700)
     , (1971707936, 1, 33555677)
     , (1971707936, 6, 67111919);

INSERT INTO `ace_object_properties_int` (`aceObjectId`, `intPropertyId`, `propertyValue`)
VALUES (1971707936, 53, 101)
     , (1971707936, 1, 2048)
     , (1971707936, 5, 750)
     , (1971707936, 16, 1)
     , (1971707936, 19, 30)
     , (1971707936, 93, 1044);

INSERT INTO `ace_object_properties_bool` (`aceObjectId`, `boolPropertyId`, `propertyValue`)
VALUES (1971707936, 13, True)
     , (1971707936, 11, True)
     , (1971707936, 14, True);

INSERT INTO `ace_object_palette_change` (`aceObjectId`, `subPaletteId`, `offset`, `length`)
VALUES (1971707936, 67111925, 0, 0);

INSERT INTO `ace_object_texture_map_change` (`aceObjectId`, `index`, `oldId`, `newId`)
VALUES (1971707936, 0, 83889680, 83889680);

INSERT INTO `ace_object_animation_change` (`aceObjectId`, `index`, `animationId`)
VALUES (1971707936, 0, 16782860);

INSERT INTO `ace_object` (`aceObjectId`, `aceObjectDescriptionFlags`, `weenieClassId`, `weenieHeaderFlags`, `currentMotionState`, `physicsDescriptionFlag`)
VALUES (1971707937, 2097176, 47194, 20, NULL, 163841);

INSERT INTO `ace_position` (`aceObjectId`, `positionType`, `landblockRaw`, `posX`, `posY`, `posZ`, `qW`, `qX`, `qY`, `qZ`)
VALUES (1971707937, 1, 1482555684, 97.4744, -73.902, 0.016501, -0.7082309, 0, 0, -0.7059809);

INSERT INTO `ace_object_properties_string` (`aceObjectId`, `strPropertyId`, `propertyValue`)
VALUES (1971707937, 1, 'Ingot');

INSERT INTO `ace_object_properties_did` (`aceObjectId`, `didPropertyId`, `propertyValue`)
VALUES (1971707937, 8, 100668700)
     , (1971707937, 1, 33555677)
     , (1971707937, 6, 67111919);

INSERT INTO `ace_object_properties_int` (`aceObjectId`, `intPropertyId`, `propertyValue`)
VALUES (1971707937, 53, 101)
     , (1971707937, 1, 2048)
     , (1971707937, 5, 750)
     , (1971707937, 16, 1)
     , (1971707937, 19, 30)
     , (1971707937, 93, 1044);

INSERT INTO `ace_object_properties_bool` (`aceObjectId`, `boolPropertyId`, `propertyValue`)
VALUES (1971707937, 13, True)
     , (1971707937, 11, True)
     , (1971707937, 14, True);

INSERT INTO `ace_object_palette_change` (`aceObjectId`, `subPaletteId`, `offset`, `length`)
VALUES (1971707937, 67111925, 0, 0);

INSERT INTO `ace_object_texture_map_change` (`aceObjectId`, `index`, `oldId`, `newId`)
VALUES (1971707937, 0, 83889680, 83889680);

INSERT INTO `ace_object_animation_change` (`aceObjectId`, `index`, `animationId`)
VALUES (1971707937, 0, 16782860);

INSERT INTO `ace_object` (`aceObjectId`, `aceObjectDescriptionFlags`, `weenieClassId`, `weenieHeaderFlags`, `currentMotionState`, `physicsDescriptionFlag`)
VALUES (1971707938, 2097176, 47194, 20, NULL, 163841);

INSERT INTO `ace_position` (`aceObjectId`, `positionType`, `landblockRaw`, `posX`, `posY`, `posZ`, `qW`, `qX`, `qY`, `qZ`)
VALUES (1971707938, 1, 1482555684, 97.4626, -73.4007, 0.016501, -0.7082309, 0, 0, -0.7059809);

INSERT INTO `ace_object_properties_string` (`aceObjectId`, `strPropertyId`, `propertyValue`)
VALUES (1971707938, 1, 'Ingot');

INSERT INTO `ace_object_properties_did` (`aceObjectId`, `didPropertyId`, `propertyValue`)
VALUES (1971707938, 8, 100668700)
     , (1971707938, 1, 33555677)
     , (1971707938, 6, 67111919);

INSERT INTO `ace_object_properties_int` (`aceObjectId`, `intPropertyId`, `propertyValue`)
VALUES (1971707938, 53, 101)
     , (1971707938, 1, 2048)
     , (1971707938, 5, 750)
     , (1971707938, 16, 1)
     , (1971707938, 19, 30)
     , (1971707938, 93, 1044);

INSERT INTO `ace_object_properties_bool` (`aceObjectId`, `boolPropertyId`, `propertyValue`)
VALUES (1971707938, 13, True)
     , (1971707938, 11, True)
     , (1971707938, 14, True);

INSERT INTO `ace_object_palette_change` (`aceObjectId`, `subPaletteId`, `offset`, `length`)
VALUES (1971707938, 67111925, 0, 0);

INSERT INTO `ace_object_texture_map_change` (`aceObjectId`, `index`, `oldId`, `newId`)
VALUES (1971707938, 0, 83889680, 83889680);

INSERT INTO `ace_object_animation_change` (`aceObjectId`, `index`, `animationId`)
VALUES (1971707938, 0, 16782860);

INSERT INTO `ace_object` (`aceObjectId`, `aceObjectDescriptionFlags`, `weenieClassId`, `weenieHeaderFlags`, `currentMotionState`, `physicsDescriptionFlag`)
VALUES (1971707939, 2097176, 47194, 20, NULL, 163841);

INSERT INTO `ace_position` (`aceObjectId`, `positionType`, `landblockRaw`, `posX`, `posY`, `posZ`, `qW`, `qX`, `qY`, `qZ`)
VALUES (1971707939, 1, 1482555684, 97.4527, -72.3139, 0.016501, -0.7082309, 0, 0, -0.7059809);

INSERT INTO `ace_object_properties_string` (`aceObjectId`, `strPropertyId`, `propertyValue`)
VALUES (1971707939, 1, 'Ingot');

INSERT INTO `ace_object_properties_did` (`aceObjectId`, `didPropertyId`, `propertyValue`)
VALUES (1971707939, 8, 100668700)
     , (1971707939, 1, 33555677)
     , (1971707939, 6, 67111919);

INSERT INTO `ace_object_properties_int` (`aceObjectId`, `intPropertyId`, `propertyValue`)
VALUES (1971707939, 53, 101)
     , (1971707939, 1, 2048)
     , (1971707939, 5, 750)
     , (1971707939, 16, 1)
     , (1971707939, 19, 30)
     , (1971707939, 93, 1044);

INSERT INTO `ace_object_properties_bool` (`aceObjectId`, `boolPropertyId`, `propertyValue`)
VALUES (1971707939, 13, True)
     , (1971707939, 11, True)
     , (1971707939, 14, True);

INSERT INTO `ace_object_palette_change` (`aceObjectId`, `subPaletteId`, `offset`, `length`)
VALUES (1971707939, 67111925, 0, 0);

INSERT INTO `ace_object_texture_map_change` (`aceObjectId`, `index`, `oldId`, `newId`)
VALUES (1971707939, 0, 83889680, 83889680);

INSERT INTO `ace_object_animation_change` (`aceObjectId`, `index`, `animationId`)
VALUES (1971707939, 0, 16782860);

INSERT INTO `ace_object` (`aceObjectId`, `aceObjectDescriptionFlags`, `weenieClassId`, `weenieHeaderFlags`, `currentMotionState`, `physicsDescriptionFlag`)
VALUES (1971707940, 2097176, 47194, 20, NULL, 163841);

INSERT INTO `ace_position` (`aceObjectId`, `positionType`, `landblockRaw`, `posX`, `posY`, `posZ`, `qW`, `qX`, `qY`, `qZ`)
VALUES (1971707940, 1, 1482555684, 97.512, -74.4204, 0.016501, -0.7082309, 0, 0, -0.7059809);

INSERT INTO `ace_object_properties_string` (`aceObjectId`, `strPropertyId`, `propertyValue`)
VALUES (1971707940, 1, 'Ingot');

INSERT INTO `ace_object_properties_did` (`aceObjectId`, `didPropertyId`, `propertyValue`)
VALUES (1971707940, 8, 100668700)
     , (1971707940, 1, 33555677)
     , (1971707940, 6, 67111919);

INSERT INTO `ace_object_properties_int` (`aceObjectId`, `intPropertyId`, `propertyValue`)
VALUES (1971707940, 53, 101)
     , (1971707940, 1, 2048)
     , (1971707940, 5, 750)
     , (1971707940, 16, 1)
     , (1971707940, 19, 30)
     , (1971707940, 93, 1044);

INSERT INTO `ace_object_properties_bool` (`aceObjectId`, `boolPropertyId`, `propertyValue`)
VALUES (1971707940, 13, True)
     , (1971707940, 11, True)
     , (1971707940, 14, True);

INSERT INTO `ace_object_palette_change` (`aceObjectId`, `subPaletteId`, `offset`, `length`)
VALUES (1971707940, 67111925, 0, 0);

INSERT INTO `ace_object_texture_map_change` (`aceObjectId`, `index`, `oldId`, `newId`)
VALUES (1971707940, 0, 83889680, 83889680);

INSERT INTO `ace_object_animation_change` (`aceObjectId`, `index`, `animationId`)
VALUES (1971707940, 0, 16782860);

INSERT INTO `ace_object` (`aceObjectId`, `aceObjectDescriptionFlags`, `weenieClassId`, `weenieHeaderFlags`, `currentMotionState`, `physicsDescriptionFlag`)
VALUES (1971707941, 2097176, 47194, 20, NULL, 163841);

INSERT INTO `ace_position` (`aceObjectId`, `positionType`, `landblockRaw`, `posX`, `posY`, `posZ`, `qW`, `qX`, `qY`, `qZ`)
VALUES (1971707941, 1, 1482555684, 97.4616, -72.843, 0.016501, -0.7082309, 0, 0, -0.7059809);

INSERT INTO `ace_object_properties_string` (`aceObjectId`, `strPropertyId`, `propertyValue`)
VALUES (1971707941, 1, 'Ingot');

INSERT INTO `ace_object_properties_did` (`aceObjectId`, `didPropertyId`, `propertyValue`)
VALUES (1971707941, 8, 100668700)
     , (1971707941, 1, 33555677)
     , (1971707941, 6, 67111919);

INSERT INTO `ace_object_properties_int` (`aceObjectId`, `intPropertyId`, `propertyValue`)
VALUES (1971707941, 53, 101)
     , (1971707941, 1, 2048)
     , (1971707941, 5, 750)
     , (1971707941, 16, 1)
     , (1971707941, 19, 30)
     , (1971707941, 93, 1044);

INSERT INTO `ace_object_properties_bool` (`aceObjectId`, `boolPropertyId`, `propertyValue`)
VALUES (1971707941, 13, True)
     , (1971707941, 11, True)
     , (1971707941, 14, True);

INSERT INTO `ace_object_palette_change` (`aceObjectId`, `subPaletteId`, `offset`, `length`)
VALUES (1971707941, 67111925, 0, 0);

INSERT INTO `ace_object_texture_map_change` (`aceObjectId`, `index`, `oldId`, `newId`)
VALUES (1971707941, 0, 83889680, 83889680);

INSERT INTO `ace_object_animation_change` (`aceObjectId`, `index`, `animationId`)
VALUES (1971707941, 0, 16782860);

INSERT INTO `ace_object` (`aceObjectId`, `aceObjectDescriptionFlags`, `weenieClassId`, `weenieHeaderFlags`, `currentMotionState`, `physicsDescriptionFlag`)
VALUES (1971707942, 2097176, 47194, 20, NULL, 163841);

INSERT INTO `ace_position` (`aceObjectId`, `positionType`, `landblockRaw`, `posX`, `posY`, `posZ`, `qW`, `qX`, `qY`, `qZ`)
VALUES (1971707942, 1, 1482555684, 95.8794, -73.9711, 0.016501, -0.7082309, 0, 0, -0.7059809);

INSERT INTO `ace_object_properties_string` (`aceObjectId`, `strPropertyId`, `propertyValue`)
VALUES (1971707942, 1, 'Ingot');

INSERT INTO `ace_object_properties_did` (`aceObjectId`, `didPropertyId`, `propertyValue`)
VALUES (1971707942, 8, 100668700)
     , (1971707942, 1, 33555677)
     , (1971707942, 6, 67111919);

INSERT INTO `ace_object_properties_int` (`aceObjectId`, `intPropertyId`, `propertyValue`)
VALUES (1971707942, 53, 101)
     , (1971707942, 1, 2048)
     , (1971707942, 5, 750)
     , (1971707942, 16, 1)
     , (1971707942, 19, 30)
     , (1971707942, 93, 1044);

INSERT INTO `ace_object_properties_bool` (`aceObjectId`, `boolPropertyId`, `propertyValue`)
VALUES (1971707942, 13, True)
     , (1971707942, 11, True)
     , (1971707942, 14, True);

INSERT INTO `ace_object_palette_change` (`aceObjectId`, `subPaletteId`, `offset`, `length`)
VALUES (1971707942, 67111925, 0, 0);

INSERT INTO `ace_object_texture_map_change` (`aceObjectId`, `index`, `oldId`, `newId`)
VALUES (1971707942, 0, 83889680, 83889680);

INSERT INTO `ace_object_animation_change` (`aceObjectId`, `index`, `animationId`)
VALUES (1971707942, 0, 16782860);

INSERT INTO `ace_object` (`aceObjectId`, `aceObjectDescriptionFlags`, `weenieClassId`, `weenieHeaderFlags`, `currentMotionState`, `physicsDescriptionFlag`)
VALUES (1971707943, 2097176, 47194, 20, NULL, 163841);

INSERT INTO `ace_position` (`aceObjectId`, `positionType`, `landblockRaw`, `posX`, `posY`, `posZ`, `qW`, `qX`, `qY`, `qZ`)
VALUES (1971707943, 1, 1482555684, 98.5075, -73.8941, 0.016501, -0.7152044, 0, 0, -0.6989154);

INSERT INTO `ace_object_properties_string` (`aceObjectId`, `strPropertyId`, `propertyValue`)
VALUES (1971707943, 1, 'Ingot');

INSERT INTO `ace_object_properties_did` (`aceObjectId`, `didPropertyId`, `propertyValue`)
VALUES (1971707943, 8, 100668700)
     , (1971707943, 1, 33555677)
     , (1971707943, 6, 67111919);

INSERT INTO `ace_object_properties_int` (`aceObjectId`, `intPropertyId`, `propertyValue`)
VALUES (1971707943, 53, 101)
     , (1971707943, 1, 2048)
     , (1971707943, 5, 750)
     , (1971707943, 16, 1)
     , (1971707943, 19, 30)
     , (1971707943, 93, 1044);

INSERT INTO `ace_object_properties_bool` (`aceObjectId`, `boolPropertyId`, `propertyValue`)
VALUES (1971707943, 13, True)
     , (1971707943, 11, True)
     , (1971707943, 14, True);

INSERT INTO `ace_object_palette_change` (`aceObjectId`, `subPaletteId`, `offset`, `length`)
VALUES (1971707943, 67111925, 0, 0);

INSERT INTO `ace_object_texture_map_change` (`aceObjectId`, `index`, `oldId`, `newId`)
VALUES (1971707943, 0, 83889680, 83889680);

INSERT INTO `ace_object_animation_change` (`aceObjectId`, `index`, `animationId`)
VALUES (1971707943, 0, 16782860);

INSERT INTO `ace_object` (`aceObjectId`, `aceObjectDescriptionFlags`, `weenieClassId`, `weenieHeaderFlags`, `currentMotionState`, `physicsDescriptionFlag`)
VALUES (1971707944, 2097176, 47194, 20, NULL, 163841);

INSERT INTO `ace_position` (`aceObjectId`, `positionType`, `landblockRaw`, `posX`, `posY`, `posZ`, `qW`, `qX`, `qY`, `qZ`)
VALUES (1971707944, 1, 1482555684, 98.5197, -73.3643, 0.016501, -0.7152044, 0, 0, -0.6989154);

INSERT INTO `ace_object_properties_string` (`aceObjectId`, `strPropertyId`, `propertyValue`)
VALUES (1971707944, 1, 'Ingot');

INSERT INTO `ace_object_properties_did` (`aceObjectId`, `didPropertyId`, `propertyValue`)
VALUES (1971707944, 8, 100668700)
     , (1971707944, 1, 33555677)
     , (1971707944, 6, 67111919);

INSERT INTO `ace_object_properties_int` (`aceObjectId`, `intPropertyId`, `propertyValue`)
VALUES (1971707944, 53, 101)
     , (1971707944, 1, 2048)
     , (1971707944, 5, 750)
     , (1971707944, 16, 1)
     , (1971707944, 19, 30)
     , (1971707944, 93, 1044);

INSERT INTO `ace_object_properties_bool` (`aceObjectId`, `boolPropertyId`, `propertyValue`)
VALUES (1971707944, 13, True)
     , (1971707944, 11, True)
     , (1971707944, 14, True);

INSERT INTO `ace_object_palette_change` (`aceObjectId`, `subPaletteId`, `offset`, `length`)
VALUES (1971707944, 67111925, 0, 0);

INSERT INTO `ace_object_texture_map_change` (`aceObjectId`, `index`, `oldId`, `newId`)
VALUES (1971707944, 0, 83889680, 83889680);

INSERT INTO `ace_object_animation_change` (`aceObjectId`, `index`, `animationId`)
VALUES (1971707944, 0, 16782860);

INSERT INTO `ace_object` (`aceObjectId`, `aceObjectDescriptionFlags`, `weenieClassId`, `weenieHeaderFlags`, `currentMotionState`, `physicsDescriptionFlag`)
VALUES (1971707945, 2097176, 47194, 20, NULL, 163841);

INSERT INTO `ace_position` (`aceObjectId`, `positionType`, `landblockRaw`, `posX`, `posY`, `posZ`, `qW`, `qX`, `qY`, `qZ`)
VALUES (1971707945, 1, 1482555684, 98.5352, -72.6894, 0.016501, -0.7152044, 0, 0, -0.6989154);

INSERT INTO `ace_object_properties_string` (`aceObjectId`, `strPropertyId`, `propertyValue`)
VALUES (1971707945, 1, 'Ingot');

INSERT INTO `ace_object_properties_did` (`aceObjectId`, `didPropertyId`, `propertyValue`)
VALUES (1971707945, 8, 100668700)
     , (1971707945, 1, 33555677)
     , (1971707945, 6, 67111919);

INSERT INTO `ace_object_properties_int` (`aceObjectId`, `intPropertyId`, `propertyValue`)
VALUES (1971707945, 53, 101)
     , (1971707945, 1, 2048)
     , (1971707945, 5, 750)
     , (1971707945, 16, 1)
     , (1971707945, 19, 30)
     , (1971707945, 93, 1044);

INSERT INTO `ace_object_properties_bool` (`aceObjectId`, `boolPropertyId`, `propertyValue`)
VALUES (1971707945, 13, True)
     , (1971707945, 11, True)
     , (1971707945, 14, True);

INSERT INTO `ace_object_palette_change` (`aceObjectId`, `subPaletteId`, `offset`, `length`)
VALUES (1971707945, 67111925, 0, 0);

INSERT INTO `ace_object_texture_map_change` (`aceObjectId`, `index`, `oldId`, `newId`)
VALUES (1971707945, 0, 83889680, 83889680);

INSERT INTO `ace_object_animation_change` (`aceObjectId`, `index`, `animationId`)
VALUES (1971707945, 0, 16782860);

INSERT INTO `ace_object` (`aceObjectId`, `aceObjectDescriptionFlags`, `weenieClassId`, `weenieHeaderFlags`, `currentMotionState`, `physicsDescriptionFlag`)
VALUES (1971707946, 2097176, 47194, 20, NULL, 163841);

INSERT INTO `ace_position` (`aceObjectId`, `positionType`, `landblockRaw`, `posX`, `posY`, `posZ`, `qW`, `qX`, `qY`, `qZ`)
VALUES (1971707946, 1, 1482555684, 98.5623, -72.095, 0.016501, -0.7152044, 0, 0, -0.6989154);

INSERT INTO `ace_object_properties_string` (`aceObjectId`, `strPropertyId`, `propertyValue`)
VALUES (1971707946, 1, 'Ingot');

INSERT INTO `ace_object_properties_did` (`aceObjectId`, `didPropertyId`, `propertyValue`)
VALUES (1971707946, 8, 100668700)
     , (1971707946, 1, 33555677)
     , (1971707946, 6, 67111919);

INSERT INTO `ace_object_properties_int` (`aceObjectId`, `intPropertyId`, `propertyValue`)
VALUES (1971707946, 53, 101)
     , (1971707946, 1, 2048)
     , (1971707946, 5, 750)
     , (1971707946, 16, 1)
     , (1971707946, 19, 30)
     , (1971707946, 93, 1044);

INSERT INTO `ace_object_properties_bool` (`aceObjectId`, `boolPropertyId`, `propertyValue`)
VALUES (1971707946, 13, True)
     , (1971707946, 11, True)
     , (1971707946, 14, True);

INSERT INTO `ace_object_palette_change` (`aceObjectId`, `subPaletteId`, `offset`, `length`)
VALUES (1971707946, 67111925, 0, 0);

INSERT INTO `ace_object_texture_map_change` (`aceObjectId`, `index`, `oldId`, `newId`)
VALUES (1971707946, 0, 83889680, 83889680);

INSERT INTO `ace_object_animation_change` (`aceObjectId`, `index`, `animationId`)
VALUES (1971707946, 0, 16782860);

INSERT INTO `ace_object` (`aceObjectId`, `aceObjectDescriptionFlags`, `weenieClassId`, `weenieHeaderFlags`, `currentMotionState`, `physicsDescriptionFlag`)
VALUES (1971707947, 2097176, 47194, 20, NULL, 163841);

INSERT INTO `ace_position` (`aceObjectId`, `positionType`, `landblockRaw`, `posX`, `posY`, `posZ`, `qW`, `qX`, `qY`, `qZ`)
VALUES (1971707947, 1, 1482555684, 98.4963, -74.4403, 0.016501, -0.7152044, 0, 0, -0.6989154);

INSERT INTO `ace_object_properties_string` (`aceObjectId`, `strPropertyId`, `propertyValue`)
VALUES (1971707947, 1, 'Ingot');

INSERT INTO `ace_object_properties_did` (`aceObjectId`, `didPropertyId`, `propertyValue`)
VALUES (1971707947, 8, 100668700)
     , (1971707947, 1, 33555677)
     , (1971707947, 6, 67111919);

INSERT INTO `ace_object_properties_int` (`aceObjectId`, `intPropertyId`, `propertyValue`)
VALUES (1971707947, 53, 101)
     , (1971707947, 1, 2048)
     , (1971707947, 5, 750)
     , (1971707947, 16, 1)
     , (1971707947, 19, 30)
     , (1971707947, 93, 1044);

INSERT INTO `ace_object_properties_bool` (`aceObjectId`, `boolPropertyId`, `propertyValue`)
VALUES (1971707947, 13, True)
     , (1971707947, 11, True)
     , (1971707947, 14, True);

INSERT INTO `ace_object_palette_change` (`aceObjectId`, `subPaletteId`, `offset`, `length`)
VALUES (1971707947, 67111925, 0, 0);

INSERT INTO `ace_object_texture_map_change` (`aceObjectId`, `index`, `oldId`, `newId`)
VALUES (1971707947, 0, 83889680, 83889680);

INSERT INTO `ace_object_animation_change` (`aceObjectId`, `index`, `animationId`)
VALUES (1971707947, 0, 16782860);

INSERT INTO `ace_object` (`aceObjectId`, `aceObjectDescriptionFlags`, `weenieClassId`, `weenieHeaderFlags`, `currentMotionState`, `physicsDescriptionFlag`)
VALUES (1971707948, 2097176, 47193, 20, NULL, 163841);

INSERT INTO `ace_position` (`aceObjectId`, `positionType`, `landblockRaw`, `posX`, `posY`, `posZ`, `qW`, `qX`, `qY`, `qZ`)
VALUES (1971707948, 1, 1482555684, 95.5051, -67.215, 0.016501, -0.69751, 0, 0, -0.716575);

INSERT INTO `ace_object_properties_string` (`aceObjectId`, `strPropertyId`, `propertyValue`)
VALUES (1971707948, 1, 'Ingot');

INSERT INTO `ace_object_properties_did` (`aceObjectId`, `didPropertyId`, `propertyValue`)
VALUES (1971707948, 8, 100668693)
     , (1971707948, 1, 33555677)
     , (1971707948, 6, 67111919);

INSERT INTO `ace_object_properties_int` (`aceObjectId`, `intPropertyId`, `propertyValue`)
VALUES (1971707948, 53, 101)
     , (1971707948, 1, 2048)
     , (1971707948, 5, 750)
     , (1971707948, 16, 1)
     , (1971707948, 19, 30)
     , (1971707948, 93, 1044);

INSERT INTO `ace_object_properties_bool` (`aceObjectId`, `boolPropertyId`, `propertyValue`)
VALUES (1971707948, 13, True)
     , (1971707948, 11, True)
     , (1971707948, 14, True);

INSERT INTO `ace_object_palette_change` (`aceObjectId`, `subPaletteId`, `offset`, `length`)
VALUES (1971707948, 67111920, 0, 0);

INSERT INTO `ace_object_texture_map_change` (`aceObjectId`, `index`, `oldId`, `newId`)
VALUES (1971707948, 0, 83889680, 83889680);

INSERT INTO `ace_object_animation_change` (`aceObjectId`, `index`, `animationId`)
VALUES (1971707948, 0, 16782860);

INSERT INTO `ace_object` (`aceObjectId`, `aceObjectDescriptionFlags`, `weenieClassId`, `weenieHeaderFlags`, `currentMotionState`, `physicsDescriptionFlag`)
VALUES (1971707949, 2097176, 47193, 20, NULL, 163841);

INSERT INTO `ace_position` (`aceObjectId`, `positionType`, `landblockRaw`, `posX`, `posY`, `posZ`, `qW`, `qX`, `qY`, `qZ`)
VALUES (1971707949, 1, 1482555684, 96.8494, -67.729, 0.016501, -0.7152044, 0, 0, -0.6989154);

INSERT INTO `ace_object_properties_string` (`aceObjectId`, `strPropertyId`, `propertyValue`)
VALUES (1971707949, 1, 'Ingot');

INSERT INTO `ace_object_properties_did` (`aceObjectId`, `didPropertyId`, `propertyValue`)
VALUES (1971707949, 8, 100668693)
     , (1971707949, 1, 33555677)
     , (1971707949, 6, 67111919);

INSERT INTO `ace_object_properties_int` (`aceObjectId`, `intPropertyId`, `propertyValue`)
VALUES (1971707949, 53, 101)
     , (1971707949, 1, 2048)
     , (1971707949, 5, 750)
     , (1971707949, 16, 1)
     , (1971707949, 19, 30)
     , (1971707949, 93, 1044);

INSERT INTO `ace_object_properties_bool` (`aceObjectId`, `boolPropertyId`, `propertyValue`)
VALUES (1971707949, 13, True)
     , (1971707949, 11, True)
     , (1971707949, 14, True);

INSERT INTO `ace_object_palette_change` (`aceObjectId`, `subPaletteId`, `offset`, `length`)
VALUES (1971707949, 67111920, 0, 0);

INSERT INTO `ace_object_texture_map_change` (`aceObjectId`, `index`, `oldId`, `newId`)
VALUES (1971707949, 0, 83889680, 83889680);

INSERT INTO `ace_object_animation_change` (`aceObjectId`, `index`, `animationId`)
VALUES (1971707949, 0, 16782860);

INSERT INTO `ace_object` (`aceObjectId`, `aceObjectDescriptionFlags`, `weenieClassId`, `weenieHeaderFlags`, `currentMotionState`, `physicsDescriptionFlag`)
VALUES (1971707950, 2097176, 47193, 20, NULL, 163841);

INSERT INTO `ace_position` (`aceObjectId`, `positionType`, `landblockRaw`, `posX`, `posY`, `posZ`, `qW`, `qX`, `qY`, `qZ`)
VALUES (1971707950, 1, 1482555684, 96.865, -67.054, 0.016501, -0.7152044, 0, 0, -0.6989154);

INSERT INTO `ace_object_properties_string` (`aceObjectId`, `strPropertyId`, `propertyValue`)
VALUES (1971707950, 1, 'Ingot');

INSERT INTO `ace_object_properties_did` (`aceObjectId`, `didPropertyId`, `propertyValue`)
VALUES (1971707950, 8, 100668693)
     , (1971707950, 1, 33555677)
     , (1971707950, 6, 67111919);

INSERT INTO `ace_object_properties_int` (`aceObjectId`, `intPropertyId`, `propertyValue`)
VALUES (1971707950, 53, 101)
     , (1971707950, 1, 2048)
     , (1971707950, 5, 750)
     , (1971707950, 16, 1)
     , (1971707950, 19, 30)
     , (1971707950, 93, 1044);

INSERT INTO `ace_object_properties_bool` (`aceObjectId`, `boolPropertyId`, `propertyValue`)
VALUES (1971707950, 13, True)
     , (1971707950, 11, True)
     , (1971707950, 14, True);

INSERT INTO `ace_object_palette_change` (`aceObjectId`, `subPaletteId`, `offset`, `length`)
VALUES (1971707950, 67111920, 0, 0);

INSERT INTO `ace_object_texture_map_change` (`aceObjectId`, `index`, `oldId`, `newId`)
VALUES (1971707950, 0, 83889680, 83889680);

INSERT INTO `ace_object_animation_change` (`aceObjectId`, `index`, `animationId`)
VALUES (1971707950, 0, 16782860);

INSERT INTO `ace_object` (`aceObjectId`, `aceObjectDescriptionFlags`, `weenieClassId`, `weenieHeaderFlags`, `currentMotionState`, `physicsDescriptionFlag`)
VALUES (1971707951, 2097176, 47193, 20, NULL, 163841);

INSERT INTO `ace_position` (`aceObjectId`, `positionType`, `landblockRaw`, `posX`, `posY`, `posZ`, `qW`, `qX`, `qY`, `qZ`)
VALUES (1971707951, 1, 1482555684, 96.8783, -66.4736, 0.016501, -0.7152044, 0, 0, -0.6989154);

INSERT INTO `ace_object_properties_string` (`aceObjectId`, `strPropertyId`, `propertyValue`)
VALUES (1971707951, 1, 'Ingot');

INSERT INTO `ace_object_properties_did` (`aceObjectId`, `didPropertyId`, `propertyValue`)
VALUES (1971707951, 8, 100668693)
     , (1971707951, 1, 33555677)
     , (1971707951, 6, 67111919);

INSERT INTO `ace_object_properties_int` (`aceObjectId`, `intPropertyId`, `propertyValue`)
VALUES (1971707951, 53, 101)
     , (1971707951, 1, 2048)
     , (1971707951, 5, 750)
     , (1971707951, 16, 1)
     , (1971707951, 19, 30)
     , (1971707951, 93, 1044);

INSERT INTO `ace_object_properties_bool` (`aceObjectId`, `boolPropertyId`, `propertyValue`)
VALUES (1971707951, 13, True)
     , (1971707951, 11, True)
     , (1971707951, 14, True);

INSERT INTO `ace_object_palette_change` (`aceObjectId`, `subPaletteId`, `offset`, `length`)
VALUES (1971707951, 67111920, 0, 0);

INSERT INTO `ace_object_texture_map_change` (`aceObjectId`, `index`, `oldId`, `newId`)
VALUES (1971707951, 0, 83889680, 83889680);

INSERT INTO `ace_object_animation_change` (`aceObjectId`, `index`, `animationId`)
VALUES (1971707951, 0, 16782860);

INSERT INTO `ace_object` (`aceObjectId`, `aceObjectDescriptionFlags`, `weenieClassId`, `weenieHeaderFlags`, `currentMotionState`, `physicsDescriptionFlag`)
VALUES (1971707952, 2097176, 47193, 20, NULL, 163841);

INSERT INTO `ace_position` (`aceObjectId`, `positionType`, `landblockRaw`, `posX`, `posY`, `posZ`, `qW`, `qX`, `qY`, `qZ`)
VALUES (1971707952, 1, 1482555684, 96.8872, -66.0889, 0.016501, -0.7152044, 0, 0, -0.6989154);

INSERT INTO `ace_object_properties_string` (`aceObjectId`, `strPropertyId`, `propertyValue`)
VALUES (1971707952, 1, 'Ingot');

INSERT INTO `ace_object_properties_did` (`aceObjectId`, `didPropertyId`, `propertyValue`)
VALUES (1971707952, 8, 100668693)
     , (1971707952, 1, 33555677)
     , (1971707952, 6, 67111919);

INSERT INTO `ace_object_properties_int` (`aceObjectId`, `intPropertyId`, `propertyValue`)
VALUES (1971707952, 53, 101)
     , (1971707952, 1, 2048)
     , (1971707952, 5, 750)
     , (1971707952, 16, 1)
     , (1971707952, 19, 30)
     , (1971707952, 93, 1044);

INSERT INTO `ace_object_properties_bool` (`aceObjectId`, `boolPropertyId`, `propertyValue`)
VALUES (1971707952, 13, True)
     , (1971707952, 11, True)
     , (1971707952, 14, True);

INSERT INTO `ace_object_palette_change` (`aceObjectId`, `subPaletteId`, `offset`, `length`)
VALUES (1971707952, 67111920, 0, 0);

INSERT INTO `ace_object_texture_map_change` (`aceObjectId`, `index`, `oldId`, `newId`)
VALUES (1971707952, 0, 83889680, 83889680);

INSERT INTO `ace_object_animation_change` (`aceObjectId`, `index`, `animationId`)
VALUES (1971707952, 0, 16782860);

INSERT INTO `ace_object` (`aceObjectId`, `aceObjectDescriptionFlags`, `weenieClassId`, `weenieHeaderFlags`, `currentMotionState`, `physicsDescriptionFlag`)
VALUES (1971707953, 2097176, 47193, 20, NULL, 163841);

INSERT INTO `ace_position` (`aceObjectId`, `positionType`, `landblockRaw`, `posX`, `posY`, `posZ`, `qW`, `qX`, `qY`, `qZ`)
VALUES (1971707953, 1, 1482555684, 96.8994, -65.559, 0.016501, -0.7152044, 0, 0, -0.6989154);

INSERT INTO `ace_object_properties_string` (`aceObjectId`, `strPropertyId`, `propertyValue`)
VALUES (1971707953, 1, 'Ingot');

INSERT INTO `ace_object_properties_did` (`aceObjectId`, `didPropertyId`, `propertyValue`)
VALUES (1971707953, 8, 100668693)
     , (1971707953, 1, 33555677)
     , (1971707953, 6, 67111919);

INSERT INTO `ace_object_properties_int` (`aceObjectId`, `intPropertyId`, `propertyValue`)
VALUES (1971707953, 53, 101)
     , (1971707953, 1, 2048)
     , (1971707953, 5, 750)
     , (1971707953, 16, 1)
     , (1971707953, 19, 30)
     , (1971707953, 93, 1044);

INSERT INTO `ace_object_properties_bool` (`aceObjectId`, `boolPropertyId`, `propertyValue`)
VALUES (1971707953, 13, True)
     , (1971707953, 11, True)
     , (1971707953, 14, True);

INSERT INTO `ace_object_palette_change` (`aceObjectId`, `subPaletteId`, `offset`, `length`)
VALUES (1971707953, 67111920, 0, 0);

INSERT INTO `ace_object_texture_map_change` (`aceObjectId`, `index`, `oldId`, `newId`)
VALUES (1971707953, 0, 83889680, 83889680);

INSERT INTO `ace_object_animation_change` (`aceObjectId`, `index`, `animationId`)
VALUES (1971707953, 0, 16782860);

INSERT INTO `ace_object` (`aceObjectId`, `aceObjectDescriptionFlags`, `weenieClassId`, `weenieHeaderFlags`, `currentMotionState`, `physicsDescriptionFlag`)
VALUES (1971707954, 2097176, 47193, 20, NULL, 163841);

INSERT INTO `ace_position` (`aceObjectId`, `positionType`, `landblockRaw`, `posX`, `posY`, `posZ`, `qW`, `qX`, `qY`, `qZ`)
VALUES (1971707954, 1, 1482555684, 96.9094, -65.1237, 0.016501, -0.7152044, 0, 0, -0.6989154);

INSERT INTO `ace_object_properties_string` (`aceObjectId`, `strPropertyId`, `propertyValue`)
VALUES (1971707954, 1, 'Ingot');

INSERT INTO `ace_object_properties_did` (`aceObjectId`, `didPropertyId`, `propertyValue`)
VALUES (1971707954, 8, 100668693)
     , (1971707954, 1, 33555677)
     , (1971707954, 6, 67111919);

INSERT INTO `ace_object_properties_int` (`aceObjectId`, `intPropertyId`, `propertyValue`)
VALUES (1971707954, 53, 101)
     , (1971707954, 1, 2048)
     , (1971707954, 5, 750)
     , (1971707954, 16, 1)
     , (1971707954, 19, 30)
     , (1971707954, 93, 1044);

INSERT INTO `ace_object_properties_bool` (`aceObjectId`, `boolPropertyId`, `propertyValue`)
VALUES (1971707954, 13, True)
     , (1971707954, 11, True)
     , (1971707954, 14, True);

INSERT INTO `ace_object_palette_change` (`aceObjectId`, `subPaletteId`, `offset`, `length`)
VALUES (1971707954, 67111920, 0, 0);

INSERT INTO `ace_object_texture_map_change` (`aceObjectId`, `index`, `oldId`, `newId`)
VALUES (1971707954, 0, 83889680, 83889680);

INSERT INTO `ace_object_animation_change` (`aceObjectId`, `index`, `animationId`)
VALUES (1971707954, 0, 16782860);

INSERT INTO `ace_object` (`aceObjectId`, `aceObjectDescriptionFlags`, `weenieClassId`, `weenieHeaderFlags`, `currentMotionState`, `physicsDescriptionFlag`)
VALUES (1971707924, 2097176, 47193, 20, NULL, 163841);

INSERT INTO `ace_position` (`aceObjectId`, `positionType`, `landblockRaw`, `posX`, `posY`, `posZ`, `qW`, `qX`, `qY`, `qZ`)
VALUES (1971707924, 1, 1482555684, 95.5114, -67.8247, 0.016501, -0.7082309, 0, 0, -0.7059809);

INSERT INTO `ace_object_properties_string` (`aceObjectId`, `strPropertyId`, `propertyValue`)
VALUES (1971707924, 1, 'Ingot');

INSERT INTO `ace_object_properties_did` (`aceObjectId`, `didPropertyId`, `propertyValue`)
VALUES (1971707924, 8, 100668693)
     , (1971707924, 1, 33555677)
     , (1971707924, 6, 67111919);

INSERT INTO `ace_object_properties_int` (`aceObjectId`, `intPropertyId`, `propertyValue`)
VALUES (1971707924, 53, 101)
     , (1971707924, 1, 2048)
     , (1971707924, 5, 750)
     , (1971707924, 16, 1)
     , (1971707924, 19, 30)
     , (1971707924, 93, 1044);

INSERT INTO `ace_object_properties_bool` (`aceObjectId`, `boolPropertyId`, `propertyValue`)
VALUES (1971707924, 13, True)
     , (1971707924, 11, True)
     , (1971707924, 14, True);

INSERT INTO `ace_object_palette_change` (`aceObjectId`, `subPaletteId`, `offset`, `length`)
VALUES (1971707924, 67111920, 0, 0);

INSERT INTO `ace_object_texture_map_change` (`aceObjectId`, `index`, `oldId`, `newId`)
VALUES (1971707924, 0, 83889680, 83889680);

INSERT INTO `ace_object_animation_change` (`aceObjectId`, `index`, `animationId`)
VALUES (1971707924, 0, 16782860);

INSERT INTO `ace_object` (`aceObjectId`, `aceObjectDescriptionFlags`, `weenieClassId`, `weenieHeaderFlags`, `currentMotionState`, `physicsDescriptionFlag`)
VALUES (1971707925, 2097176, 47193, 20, NULL, 163841);

INSERT INTO `ace_position` (`aceObjectId`, `positionType`, `landblockRaw`, `posX`, `posY`, `posZ`, `qW`, `qX`, `qY`, `qZ`)
VALUES (1971707925, 1, 1482555684, 95.486, -66.6003, 0.016501, -0.7082309, 0, 0, -0.7059809);

INSERT INTO `ace_object_properties_string` (`aceObjectId`, `strPropertyId`, `propertyValue`)
VALUES (1971707925, 1, 'Ingot');

INSERT INTO `ace_object_properties_did` (`aceObjectId`, `didPropertyId`, `propertyValue`)
VALUES (1971707925, 8, 100668693)
     , (1971707925, 1, 33555677)
     , (1971707925, 6, 67111919);

INSERT INTO `ace_object_properties_int` (`aceObjectId`, `intPropertyId`, `propertyValue`)
VALUES (1971707925, 53, 101)
     , (1971707925, 1, 2048)
     , (1971707925, 5, 750)
     , (1971707925, 16, 1)
     , (1971707925, 19, 30)
     , (1971707925, 93, 1044);

INSERT INTO `ace_object_properties_bool` (`aceObjectId`, `boolPropertyId`, `propertyValue`)
VALUES (1971707925, 13, True)
     , (1971707925, 11, True)
     , (1971707925, 14, True);

INSERT INTO `ace_object_palette_change` (`aceObjectId`, `subPaletteId`, `offset`, `length`)
VALUES (1971707925, 67111920, 0, 0);

INSERT INTO `ace_object_texture_map_change` (`aceObjectId`, `index`, `oldId`, `newId`)
VALUES (1971707925, 0, 83889680, 83889680);

INSERT INTO `ace_object_animation_change` (`aceObjectId`, `index`, `animationId`)
VALUES (1971707925, 0, 16782860);

INSERT INTO `ace_object` (`aceObjectId`, `aceObjectDescriptionFlags`, `weenieClassId`, `weenieHeaderFlags`, `currentMotionState`, `physicsDescriptionFlag`)
VALUES (1971707926, 2097176, 47193, 20, NULL, 163841);

INSERT INTO `ace_position` (`aceObjectId`, `positionType`, `landblockRaw`, `posX`, `posY`, `posZ`, `qW`, `qX`, `qY`, `qZ`)
VALUES (1971707926, 1, 1482555684, 95.4886, -66.0302, 0.016501, -0.7082309, 0, 0, -0.7059809);

INSERT INTO `ace_object_properties_string` (`aceObjectId`, `strPropertyId`, `propertyValue`)
VALUES (1971707926, 1, 'Ingot');

INSERT INTO `ace_object_properties_did` (`aceObjectId`, `didPropertyId`, `propertyValue`)
VALUES (1971707926, 8, 100668693)
     , (1971707926, 1, 33555677)
     , (1971707926, 6, 67111919);

INSERT INTO `ace_object_properties_int` (`aceObjectId`, `intPropertyId`, `propertyValue`)
VALUES (1971707926, 53, 101)
     , (1971707926, 1, 2048)
     , (1971707926, 5, 750)
     , (1971707926, 16, 1)
     , (1971707926, 19, 30)
     , (1971707926, 93, 1044);

INSERT INTO `ace_object_properties_bool` (`aceObjectId`, `boolPropertyId`, `propertyValue`)
VALUES (1971707926, 13, True)
     , (1971707926, 11, True)
     , (1971707926, 14, True);

INSERT INTO `ace_object_palette_change` (`aceObjectId`, `subPaletteId`, `offset`, `length`)
VALUES (1971707926, 67111920, 0, 0);

INSERT INTO `ace_object_texture_map_change` (`aceObjectId`, `index`, `oldId`, `newId`)
VALUES (1971707926, 0, 83889680, 83889680);

INSERT INTO `ace_object_animation_change` (`aceObjectId`, `index`, `animationId`)
VALUES (1971707926, 0, 16782860);

INSERT INTO `ace_object` (`aceObjectId`, `aceObjectDescriptionFlags`, `weenieClassId`, `weenieHeaderFlags`, `currentMotionState`, `physicsDescriptionFlag`)
VALUES (1971707927, 2097176, 47193, 20, NULL, 163841);

INSERT INTO `ace_position` (`aceObjectId`, `positionType`, `landblockRaw`, `posX`, `posY`, `posZ`, `qW`, `qX`, `qY`, `qZ`)
VALUES (1971707927, 1, 1482555684, 95.4978, -65.5044, 0.016501, -0.7082309, 0, 0, -0.7059809);

INSERT INTO `ace_object_properties_string` (`aceObjectId`, `strPropertyId`, `propertyValue`)
VALUES (1971707927, 1, 'Ingot');

INSERT INTO `ace_object_properties_did` (`aceObjectId`, `didPropertyId`, `propertyValue`)
VALUES (1971707927, 8, 100668693)
     , (1971707927, 1, 33555677)
     , (1971707927, 6, 67111919);

INSERT INTO `ace_object_properties_int` (`aceObjectId`, `intPropertyId`, `propertyValue`)
VALUES (1971707927, 53, 101)
     , (1971707927, 1, 2048)
     , (1971707927, 5, 750)
     , (1971707927, 16, 1)
     , (1971707927, 19, 30)
     , (1971707927, 93, 1044);

INSERT INTO `ace_object_properties_bool` (`aceObjectId`, `boolPropertyId`, `propertyValue`)
VALUES (1971707927, 13, True)
     , (1971707927, 11, True)
     , (1971707927, 14, True);

INSERT INTO `ace_object_palette_change` (`aceObjectId`, `subPaletteId`, `offset`, `length`)
VALUES (1971707927, 67111920, 0, 0);

INSERT INTO `ace_object_texture_map_change` (`aceObjectId`, `index`, `oldId`, `newId`)
VALUES (1971707927, 0, 83889680, 83889680);

INSERT INTO `ace_object_animation_change` (`aceObjectId`, `index`, `animationId`)
VALUES (1971707927, 0, 16782860);

INSERT INTO `ace_object` (`aceObjectId`, `aceObjectDescriptionFlags`, `weenieClassId`, `weenieHeaderFlags`, `currentMotionState`, `physicsDescriptionFlag`)
VALUES (1971707928, 2097176, 47195, 20, NULL, 163841);

INSERT INTO `ace_position` (`aceObjectId`, `positionType`, `landblockRaw`, `posX`, `posY`, `posZ`, `qW`, `qX`, `qY`, `qZ`)
VALUES (1971707928, 1, 1482555684, 97.9721, -67.7845, 0.016501, -0.709399, 0, 0, -0.704807);

INSERT INTO `ace_object_properties_string` (`aceObjectId`, `strPropertyId`, `propertyValue`)
VALUES (1971707928, 1, 'Ingot');

INSERT INTO `ace_object_properties_did` (`aceObjectId`, `didPropertyId`, `propertyValue`)
VALUES (1971707928, 8, 100668701)
     , (1971707928, 1, 33555677)
     , (1971707928, 6, 67111919);

INSERT INTO `ace_object_properties_int` (`aceObjectId`, `intPropertyId`, `propertyValue`)
VALUES (1971707928, 53, 101)
     , (1971707928, 1, 2048)
     , (1971707928, 5, 750)
     , (1971707928, 16, 1)
     , (1971707928, 19, 30)
     , (1971707928, 93, 1044);

INSERT INTO `ace_object_properties_bool` (`aceObjectId`, `boolPropertyId`, `propertyValue`)
VALUES (1971707928, 13, True)
     , (1971707928, 11, True)
     , (1971707928, 14, True);

INSERT INTO `ace_object_palette_change` (`aceObjectId`, `subPaletteId`, `offset`, `length`)
VALUES (1971707928, 67111926, 0, 0);

INSERT INTO `ace_object_texture_map_change` (`aceObjectId`, `index`, `oldId`, `newId`)
VALUES (1971707928, 0, 83889680, 83889680);

INSERT INTO `ace_object_animation_change` (`aceObjectId`, `index`, `animationId`)
VALUES (1971707928, 0, 16782860);

INSERT INTO `ace_object` (`aceObjectId`, `aceObjectDescriptionFlags`, `weenieClassId`, `weenieHeaderFlags`, `currentMotionState`, `physicsDescriptionFlag`)
VALUES (1971707929, 2097176, 47195, 20, NULL, 163841);

INSERT INTO `ace_position` (`aceObjectId`, `positionType`, `landblockRaw`, `posX`, `posY`, `posZ`, `qW`, `qX`, `qY`, `qZ`)
VALUES (1971707929, 1, 1482555684, 97.9993, -67.2002, 0.016501, -0.7256573, 0, 0, -0.6880563);

INSERT INTO `ace_object_properties_string` (`aceObjectId`, `strPropertyId`, `propertyValue`)
VALUES (1971707929, 1, 'Ingot');

INSERT INTO `ace_object_properties_did` (`aceObjectId`, `didPropertyId`, `propertyValue`)
VALUES (1971707929, 8, 100668701)
     , (1971707929, 1, 33555677)
     , (1971707929, 6, 67111919);

INSERT INTO `ace_object_properties_int` (`aceObjectId`, `intPropertyId`, `propertyValue`)
VALUES (1971707929, 53, 101)
     , (1971707929, 1, 2048)
     , (1971707929, 5, 750)
     , (1971707929, 16, 1)
     , (1971707929, 19, 30)
     , (1971707929, 93, 1044);

INSERT INTO `ace_object_properties_bool` (`aceObjectId`, `boolPropertyId`, `propertyValue`)
VALUES (1971707929, 13, True)
     , (1971707929, 11, True)
     , (1971707929, 14, True);

INSERT INTO `ace_object_palette_change` (`aceObjectId`, `subPaletteId`, `offset`, `length`)
VALUES (1971707929, 67111926, 0, 0);

INSERT INTO `ace_object_texture_map_change` (`aceObjectId`, `index`, `oldId`, `newId`)
VALUES (1971707929, 0, 83889680, 83889680);

INSERT INTO `ace_object_animation_change` (`aceObjectId`, `index`, `animationId`)
VALUES (1971707929, 0, 16782860);

INSERT INTO `ace_object` (`aceObjectId`, `aceObjectDescriptionFlags`, `weenieClassId`, `weenieHeaderFlags`, `currentMotionState`, `physicsDescriptionFlag`)
VALUES (1971707930, 2097176, 47195, 20, NULL, 163841);

INSERT INTO `ace_position` (`aceObjectId`, `positionType`, `landblockRaw`, `posX`, `posY`, `posZ`, `qW`, `qX`, `qY`, `qZ`)
VALUES (1971707930, 1, 1482555684, 97.9747, -66.6018, 0.016501, -0.7256573, 0, 0, -0.6880563);

INSERT INTO `ace_object_properties_string` (`aceObjectId`, `strPropertyId`, `propertyValue`)
VALUES (1971707930, 1, 'Ingot');

INSERT INTO `ace_object_properties_did` (`aceObjectId`, `didPropertyId`, `propertyValue`)
VALUES (1971707930, 8, 100668701)
     , (1971707930, 1, 33555677)
     , (1971707930, 6, 67111919);

INSERT INTO `ace_object_properties_int` (`aceObjectId`, `intPropertyId`, `propertyValue`)
VALUES (1971707930, 53, 101)
     , (1971707930, 1, 2048)
     , (1971707930, 5, 750)
     , (1971707930, 16, 1)
     , (1971707930, 19, 30)
     , (1971707930, 93, 1044);

INSERT INTO `ace_object_properties_bool` (`aceObjectId`, `boolPropertyId`, `propertyValue`)
VALUES (1971707930, 13, True)
     , (1971707930, 11, True)
     , (1971707930, 14, True);

INSERT INTO `ace_object_palette_change` (`aceObjectId`, `subPaletteId`, `offset`, `length`)
VALUES (1971707930, 67111926, 0, 0);

INSERT INTO `ace_object_texture_map_change` (`aceObjectId`, `index`, `oldId`, `newId`)
VALUES (1971707930, 0, 83889680, 83889680);

INSERT INTO `ace_object_animation_change` (`aceObjectId`, `index`, `animationId`)
VALUES (1971707930, 0, 16782860);

INSERT INTO `ace_object` (`aceObjectId`, `aceObjectDescriptionFlags`, `weenieClassId`, `weenieHeaderFlags`, `currentMotionState`, `physicsDescriptionFlag`)
VALUES (1971707931, 2097176, 47195, 20, NULL, 163841);

INSERT INTO `ace_position` (`aceObjectId`, `positionType`, `landblockRaw`, `posX`, `posY`, `posZ`, `qW`, `qX`, `qY`, `qZ`)
VALUES (1971707931, 1, 1482555684, 97.9391, -66.0371, 0.016501, -0.7256573, 0, 0, -0.6880563);

INSERT INTO `ace_object_properties_string` (`aceObjectId`, `strPropertyId`, `propertyValue`)
VALUES (1971707931, 1, 'Ingot');

INSERT INTO `ace_object_properties_did` (`aceObjectId`, `didPropertyId`, `propertyValue`)
VALUES (1971707931, 8, 100668701)
     , (1971707931, 1, 33555677)
     , (1971707931, 6, 67111919);

INSERT INTO `ace_object_properties_int` (`aceObjectId`, `intPropertyId`, `propertyValue`)
VALUES (1971707931, 53, 101)
     , (1971707931, 1, 2048)
     , (1971707931, 5, 750)
     , (1971707931, 16, 1)
     , (1971707931, 19, 30)
     , (1971707931, 93, 1044);

INSERT INTO `ace_object_properties_bool` (`aceObjectId`, `boolPropertyId`, `propertyValue`)
VALUES (1971707931, 13, True)
     , (1971707931, 11, True)
     , (1971707931, 14, True);

INSERT INTO `ace_object_palette_change` (`aceObjectId`, `subPaletteId`, `offset`, `length`)
VALUES (1971707931, 67111926, 0, 0);

INSERT INTO `ace_object_texture_map_change` (`aceObjectId`, `index`, `oldId`, `newId`)
VALUES (1971707931, 0, 83889680, 83889680);

INSERT INTO `ace_object_animation_change` (`aceObjectId`, `index`, `animationId`)
VALUES (1971707931, 0, 16782860);

INSERT INTO `ace_object` (`aceObjectId`, `aceObjectDescriptionFlags`, `weenieClassId`, `weenieHeaderFlags`, `currentMotionState`, `physicsDescriptionFlag`)
VALUES (1971707932, 2097176, 47195, 20, NULL, 163841);

INSERT INTO `ace_position` (`aceObjectId`, `positionType`, `landblockRaw`, `posX`, `posY`, `posZ`, `qW`, `qX`, `qY`, `qZ`)
VALUES (1971707932, 1, 1482555684, 97.9544, -65.2977, 0.016501, -0.7082309, 0, 0, -0.7059809);

INSERT INTO `ace_object_properties_string` (`aceObjectId`, `strPropertyId`, `propertyValue`)
VALUES (1971707932, 1, 'Ingot');

INSERT INTO `ace_object_properties_did` (`aceObjectId`, `didPropertyId`, `propertyValue`)
VALUES (1971707932, 8, 100668701)
     , (1971707932, 1, 33555677)
     , (1971707932, 6, 67111919);

INSERT INTO `ace_object_properties_int` (`aceObjectId`, `intPropertyId`, `propertyValue`)
VALUES (1971707932, 53, 101)
     , (1971707932, 1, 2048)
     , (1971707932, 5, 750)
     , (1971707932, 16, 1)
     , (1971707932, 19, 30)
     , (1971707932, 93, 1044);

INSERT INTO `ace_object_properties_bool` (`aceObjectId`, `boolPropertyId`, `propertyValue`)
VALUES (1971707932, 13, True)
     , (1971707932, 11, True)
     , (1971707932, 14, True);

INSERT INTO `ace_object_palette_change` (`aceObjectId`, `subPaletteId`, `offset`, `length`)
VALUES (1971707932, 67111926, 0, 0);

INSERT INTO `ace_object_texture_map_change` (`aceObjectId`, `index`, `oldId`, `newId`)
VALUES (1971707932, 0, 83889680, 83889680);

INSERT INTO `ace_object_animation_change` (`aceObjectId`, `index`, `animationId`)
VALUES (1971707932, 0, 16782860);

INSERT INTO `ace_object` (`aceObjectId`, `aceObjectDescriptionFlags`, `weenieClassId`, `weenieHeaderFlags`, `currentMotionState`, `physicsDescriptionFlag`)
VALUES (1971707933, 2097176, 47194, 20, NULL, 163841);

INSERT INTO `ace_position` (`aceObjectId`, `positionType`, `landblockRaw`, `posX`, `posY`, `posZ`, `qW`, `qX`, `qY`, `qZ`)
VALUES (1971707933, 1, 1482555684, 95.8806, -74.4561, 0.016501, -0.7256573, 0, 0, -0.6880563);

INSERT INTO `ace_object_properties_string` (`aceObjectId`, `strPropertyId`, `propertyValue`)
VALUES (1971707933, 1, 'Ingot');

INSERT INTO `ace_object_properties_did` (`aceObjectId`, `didPropertyId`, `propertyValue`)
VALUES (1971707933, 8, 100668700)
     , (1971707933, 1, 33555677)
     , (1971707933, 6, 67111919);

INSERT INTO `ace_object_properties_int` (`aceObjectId`, `intPropertyId`, `propertyValue`)
VALUES (1971707933, 53, 101)
     , (1971707933, 1, 2048)
     , (1971707933, 5, 750)
     , (1971707933, 16, 1)
     , (1971707933, 19, 30)
     , (1971707933, 93, 1044);

INSERT INTO `ace_object_properties_bool` (`aceObjectId`, `boolPropertyId`, `propertyValue`)
VALUES (1971707933, 13, True)
     , (1971707933, 11, True)
     , (1971707933, 14, True);

INSERT INTO `ace_object_palette_change` (`aceObjectId`, `subPaletteId`, `offset`, `length`)
VALUES (1971707933, 67111925, 0, 0);

INSERT INTO `ace_object_texture_map_change` (`aceObjectId`, `index`, `oldId`, `newId`)
VALUES (1971707933, 0, 83889680, 83889680);

INSERT INTO `ace_object_animation_change` (`aceObjectId`, `index`, `animationId`)
VALUES (1971707933, 0, 16782860);

INSERT INTO `ace_object` (`aceObjectId`, `aceObjectDescriptionFlags`, `weenieClassId`, `weenieHeaderFlags`, `currentMotionState`, `physicsDescriptionFlag`)
VALUES (1971707934, 2097176, 47194, 20, NULL, 163841);

INSERT INTO `ace_position` (`aceObjectId`, `positionType`, `landblockRaw`, `posX`, `posY`, `posZ`, `qW`, `qX`, `qY`, `qZ`)
VALUES (1971707934, 1, 1482555684, 95.8508, -72.5511, 0.016501, -0.7082309, 0, 0, -0.7059809);

INSERT INTO `ace_object_properties_string` (`aceObjectId`, `strPropertyId`, `propertyValue`)
VALUES (1971707934, 1, 'Ingot');

INSERT INTO `ace_object_properties_did` (`aceObjectId`, `didPropertyId`, `propertyValue`)
VALUES (1971707934, 8, 100668700)
     , (1971707934, 1, 33555677)
     , (1971707934, 6, 67111919);

INSERT INTO `ace_object_properties_int` (`aceObjectId`, `intPropertyId`, `propertyValue`)
VALUES (1971707934, 53, 101)
     , (1971707934, 1, 2048)
     , (1971707934, 5, 750)
     , (1971707934, 16, 1)
     , (1971707934, 19, 30)
     , (1971707934, 93, 1044);

INSERT INTO `ace_object_properties_bool` (`aceObjectId`, `boolPropertyId`, `propertyValue`)
VALUES (1971707934, 13, True)
     , (1971707934, 11, True)
     , (1971707934, 14, True);

INSERT INTO `ace_object_palette_change` (`aceObjectId`, `subPaletteId`, `offset`, `length`)
VALUES (1971707934, 67111925, 0, 0);

INSERT INTO `ace_object_texture_map_change` (`aceObjectId`, `index`, `oldId`, `newId`)
VALUES (1971707934, 0, 83889680, 83889680);

INSERT INTO `ace_object_animation_change` (`aceObjectId`, `index`, `animationId`)
VALUES (1971707934, 0, 16782860);

INSERT INTO `ace_object` (`aceObjectId`, `aceObjectDescriptionFlags`, `weenieClassId`, `weenieHeaderFlags`, `currentMotionState`, `physicsDescriptionFlag`)
VALUES (1971707935, 2097176, 47194, 20, NULL, 163841);

INSERT INTO `ace_position` (`aceObjectId`, `positionType`, `landblockRaw`, `posX`, `posY`, `posZ`, `qW`, `qX`, `qY`, `qZ`)
VALUES (1971707935, 1, 1482555684, 95.8228, -72.9789, 0.016501, -0.7082309, 0, 0, -0.7059809);

INSERT INTO `ace_object_properties_string` (`aceObjectId`, `strPropertyId`, `propertyValue`)
VALUES (1971707935, 1, 'Ingot');

INSERT INTO `ace_object_properties_did` (`aceObjectId`, `didPropertyId`, `propertyValue`)
VALUES (1971707935, 8, 100668700)
     , (1971707935, 1, 33555677)
     , (1971707935, 6, 67111919);

INSERT INTO `ace_object_properties_int` (`aceObjectId`, `intPropertyId`, `propertyValue`)
VALUES (1971707935, 53, 101)
     , (1971707935, 1, 2048)
     , (1971707935, 5, 750)
     , (1971707935, 16, 1)
     , (1971707935, 19, 30)
     , (1971707935, 93, 1044);

INSERT INTO `ace_object_properties_bool` (`aceObjectId`, `boolPropertyId`, `propertyValue`)
VALUES (1971707935, 13, True)
     , (1971707935, 11, True)
     , (1971707935, 14, True);

INSERT INTO `ace_object_palette_change` (`aceObjectId`, `subPaletteId`, `offset`, `length`)
VALUES (1971707935, 67111925, 0, 0);

INSERT INTO `ace_object_texture_map_change` (`aceObjectId`, `index`, `oldId`, `newId`)
VALUES (1971707935, 0, 83889680, 83889680);

INSERT INTO `ace_object_animation_change` (`aceObjectId`, `index`, `animationId`)
VALUES (1971707935, 0, 16782860);

INSERT INTO `ace_object` (`aceObjectId`, `aceObjectDescriptionFlags`, `weenieClassId`, `weenieHeaderFlags`, `currentMotionState`, `physicsDescriptionFlag`)
VALUES (1971707919, 2097176, 47195, 20, NULL, 163841);

INSERT INTO `ace_position` (`aceObjectId`, `positionType`, `landblockRaw`, `posX`, `posY`, `posZ`, `qW`, `qX`, `qY`, `qZ`)
VALUES (1971707919, 1, 1482555683, 98.0042, -64.4072, 0.016501, -0.7082309, 0, 0, -0.7059809);

INSERT INTO `ace_object_properties_string` (`aceObjectId`, `strPropertyId`, `propertyValue`)
VALUES (1971707919, 1, 'Ingot');

INSERT INTO `ace_object_properties_did` (`aceObjectId`, `didPropertyId`, `propertyValue`)
VALUES (1971707919, 8, 100668701)
     , (1971707919, 1, 33555677)
     , (1971707919, 6, 67111919);

INSERT INTO `ace_object_properties_int` (`aceObjectId`, `intPropertyId`, `propertyValue`)
VALUES (1971707919, 53, 101)
     , (1971707919, 1, 2048)
     , (1971707919, 5, 750)
     , (1971707919, 16, 1)
     , (1971707919, 19, 30)
     , (1971707919, 93, 1044);

INSERT INTO `ace_object_properties_bool` (`aceObjectId`, `boolPropertyId`, `propertyValue`)
VALUES (1971707919, 13, True)
     , (1971707919, 11, True)
     , (1971707919, 14, True);

INSERT INTO `ace_object_palette_change` (`aceObjectId`, `subPaletteId`, `offset`, `length`)
VALUES (1971707919, 67111926, 0, 0);

INSERT INTO `ace_object_texture_map_change` (`aceObjectId`, `index`, `oldId`, `newId`)
VALUES (1971707919, 0, 83889680, 83889680);

INSERT INTO `ace_object_animation_change` (`aceObjectId`, `index`, `animationId`)
VALUES (1971707919, 0, 16782860);

INSERT INTO `ace_object` (`aceObjectId`, `aceObjectDescriptionFlags`, `weenieClassId`, `weenieHeaderFlags`, `currentMotionState`, `physicsDescriptionFlag`)
VALUES (1971707920, 2097176, 47193, 20, NULL, 163841);

INSERT INTO `ace_position` (`aceObjectId`, `positionType`, `landblockRaw`, `posX`, `posY`, `posZ`, `qW`, `qX`, `qY`, `qZ`)
VALUES (1971707920, 1, 1482555683, 96.9228, -64.5433, 0.016501, -0.7152049, 0, 0, -0.6989149);

INSERT INTO `ace_object_properties_string` (`aceObjectId`, `strPropertyId`, `propertyValue`)
VALUES (1971707920, 1, 'Ingot');

INSERT INTO `ace_object_properties_did` (`aceObjectId`, `didPropertyId`, `propertyValue`)
VALUES (1971707920, 8, 100668693)
     , (1971707920, 1, 33555677)
     , (1971707920, 6, 67111919);

INSERT INTO `ace_object_properties_int` (`aceObjectId`, `intPropertyId`, `propertyValue`)
VALUES (1971707920, 53, 101)
     , (1971707920, 1, 2048)
     , (1971707920, 5, 750)
     , (1971707920, 16, 1)
     , (1971707920, 19, 30)
     , (1971707920, 93, 1044);

INSERT INTO `ace_object_properties_bool` (`aceObjectId`, `boolPropertyId`, `propertyValue`)
VALUES (1971707920, 13, True)
     , (1971707920, 11, True)
     , (1971707920, 14, True);

INSERT INTO `ace_object_palette_change` (`aceObjectId`, `subPaletteId`, `offset`, `length`)
VALUES (1971707920, 67111920, 0, 0);

INSERT INTO `ace_object_texture_map_change` (`aceObjectId`, `index`, `oldId`, `newId`)
VALUES (1971707920, 0, 83889680, 83889680);

INSERT INTO `ace_object_animation_change` (`aceObjectId`, `index`, `animationId`)
VALUES (1971707920, 0, 16782860);

INSERT INTO `ace_object` (`aceObjectId`, `aceObjectDescriptionFlags`, `weenieClassId`, `weenieHeaderFlags`, `currentMotionState`, `physicsDescriptionFlag`)
VALUES (1971707921, 2097176, 47193, 20, NULL, 163841);

INSERT INTO `ace_position` (`aceObjectId`, `positionType`, `landblockRaw`, `posX`, `posY`, `posZ`, `qW`, `qX`, `qY`, `qZ`)
VALUES (1971707921, 1, 1482555683, 96.935, -64.0134, 0.016501, -0.7152049, 0, 0, -0.6989149);

INSERT INTO `ace_object_properties_string` (`aceObjectId`, `strPropertyId`, `propertyValue`)
VALUES (1971707921, 1, 'Ingot');

INSERT INTO `ace_object_properties_did` (`aceObjectId`, `didPropertyId`, `propertyValue`)
VALUES (1971707921, 8, 100668693)
     , (1971707921, 1, 33555677)
     , (1971707921, 6, 67111919);

INSERT INTO `ace_object_properties_int` (`aceObjectId`, `intPropertyId`, `propertyValue`)
VALUES (1971707921, 53, 101)
     , (1971707921, 1, 2048)
     , (1971707921, 5, 750)
     , (1971707921, 16, 1)
     , (1971707921, 19, 30)
     , (1971707921, 93, 1044);

INSERT INTO `ace_object_properties_bool` (`aceObjectId`, `boolPropertyId`, `propertyValue`)
VALUES (1971707921, 13, True)
     , (1971707921, 11, True)
     , (1971707921, 14, True);

INSERT INTO `ace_object_palette_change` (`aceObjectId`, `subPaletteId`, `offset`, `length`)
VALUES (1971707921, 67111920, 0, 0);

INSERT INTO `ace_object_texture_map_change` (`aceObjectId`, `index`, `oldId`, `newId`)
VALUES (1971707921, 0, 83889680, 83889680);

INSERT INTO `ace_object_animation_change` (`aceObjectId`, `index`, `animationId`)
VALUES (1971707921, 0, 16782860);

INSERT INTO `ace_object` (`aceObjectId`, `aceObjectDescriptionFlags`, `weenieClassId`, `weenieHeaderFlags`, `currentMotionState`, `physicsDescriptionFlag`)
VALUES (1971707922, 2097176, 47195, 20, NULL, 163841);

INSERT INTO `ace_position` (`aceObjectId`, `positionType`, `landblockRaw`, `posX`, `posY`, `posZ`, `qW`, `qX`, `qY`, `qZ`)
VALUES (1971707922, 1, 1482555683, 97.9904, -63.8416, 0.016501, -0.7054223, 0, 0, -0.7087873);

INSERT INTO `ace_object_properties_string` (`aceObjectId`, `strPropertyId`, `propertyValue`)
VALUES (1971707922, 1, 'Ingot');

INSERT INTO `ace_object_properties_did` (`aceObjectId`, `didPropertyId`, `propertyValue`)
VALUES (1971707922, 8, 100668701)
     , (1971707922, 1, 33555677)
     , (1971707922, 6, 67111919);

INSERT INTO `ace_object_properties_int` (`aceObjectId`, `intPropertyId`, `propertyValue`)
VALUES (1971707922, 53, 101)
     , (1971707922, 1, 2048)
     , (1971707922, 5, 750)
     , (1971707922, 16, 1)
     , (1971707922, 19, 30)
     , (1971707922, 93, 1044);

INSERT INTO `ace_object_properties_bool` (`aceObjectId`, `boolPropertyId`, `propertyValue`)
VALUES (1971707922, 13, True)
     , (1971707922, 11, True)
     , (1971707922, 14, True);

INSERT INTO `ace_object_palette_change` (`aceObjectId`, `subPaletteId`, `offset`, `length`)
VALUES (1971707922, 67111926, 0, 0);

INSERT INTO `ace_object_texture_map_change` (`aceObjectId`, `index`, `oldId`, `newId`)
VALUES (1971707922, 0, 83889680, 83889680);

INSERT INTO `ace_object_animation_change` (`aceObjectId`, `index`, `animationId`)
VALUES (1971707922, 0, 16782860);

INSERT INTO `ace_object` (`aceObjectId`, `aceObjectDescriptionFlags`, `weenieClassId`, `weenieHeaderFlags`, `currentMotionState`, `physicsDescriptionFlag`)
VALUES (1971707923, 2097176, 47195, 20, NULL, 163841);

INSERT INTO `ace_position` (`aceObjectId`, `positionType`, `landblockRaw`, `posX`, `posY`, `posZ`, `qW`, `qX`, `qY`, `qZ`)
VALUES (1971707923, 1, 1482555683, 98.0144, -63.2396, 0.016501, -0.7054223, 0, 0, -0.7087873);

INSERT INTO `ace_object_properties_string` (`aceObjectId`, `strPropertyId`, `propertyValue`)
VALUES (1971707923, 1, 'Ingot');

INSERT INTO `ace_object_properties_did` (`aceObjectId`, `didPropertyId`, `propertyValue`)
VALUES (1971707923, 8, 100668701)
     , (1971707923, 1, 33555677)
     , (1971707923, 6, 67111919);

INSERT INTO `ace_object_properties_int` (`aceObjectId`, `intPropertyId`, `propertyValue`)
VALUES (1971707923, 53, 101)
     , (1971707923, 1, 2048)
     , (1971707923, 5, 750)
     , (1971707923, 16, 1)
     , (1971707923, 19, 30)
     , (1971707923, 93, 1044);

INSERT INTO `ace_object_properties_bool` (`aceObjectId`, `boolPropertyId`, `propertyValue`)
VALUES (1971707923, 13, True)
     , (1971707923, 11, True)
     , (1971707923, 14, True);

INSERT INTO `ace_object_palette_change` (`aceObjectId`, `subPaletteId`, `offset`, `length`)
VALUES (1971707923, 67111926, 0, 0);

INSERT INTO `ace_object_texture_map_change` (`aceObjectId`, `index`, `oldId`, `newId`)
VALUES (1971707923, 0, 83889680, 83889680);

INSERT INTO `ace_object_animation_change` (`aceObjectId`, `index`, `animationId`)
VALUES (1971707923, 0, 16782860);

INSERT INTO `ace_object` (`aceObjectId`, `aceObjectDescriptionFlags`, `weenieClassId`, `weenieHeaderFlags`, `currentMotionState`, `physicsDescriptionFlag`)
VALUES (2090741769, 2097200, 8377, 20, NULL, 169985);

INSERT INTO `ace_position` (`aceObjectId`, `positionType`, `landblockRaw`, `posX`, `posY`, `posZ`, `qW`, `qX`, `qY`, `qZ`)
VALUES (2090741769, 1, 3387097099, 28.247, 55.475, 14.81, -4.37114E-08, 0, 0, -1);

INSERT INTO `ace_object_properties_string` (`aceObjectId`, `strPropertyId`, `propertyValue`)
VALUES (2090741769, 1, 'Beer Keg');

INSERT INTO `ace_object_properties_did` (`aceObjectId`, `didPropertyId`, `propertyValue`)
VALUES (2090741769, 8, 100667431)
     , (2090741769, 1, 33556853)
     , (2090741769, 3, 536870932)
     , (2090741769, 22, 872415275);

INSERT INTO `ace_object_properties_int` (`aceObjectId`, `intPropertyId`, `propertyValue`)
VALUES (2090741769, 53, 101)
     , (2090741769, 1, 4194304)
     , (2090741769, 5, 1000)
     , (2090741769, 16, 48)
     , (2090741769, 93, 1048);

INSERT INTO `ace_object_properties_double` (`aceObjectId`, `dblPropertyId`, `propertyValue`)
VALUES (2090741769, 54, 2);

INSERT INTO `ace_object_properties_bool` (`aceObjectId`, `boolPropertyId`, `propertyValue`)
VALUES (2090741769, 12, True)
     , (2090741769, 11, True)
     , (2090741769, 14, True);

INSERT INTO `ace_object` (`aceObjectId`, `aceObjectDescriptionFlags`, `weenieClassId`, `weenieHeaderFlags`, `currentMotionState`, `physicsDescriptionFlag`)
VALUES (2088382467, 6291512, 174, 20, NULL, 169985);

INSERT INTO `ace_position` (`aceObjectId`, `positionType`, `landblockRaw`, `posX`, `posY`, `posZ`, `qW`, `qX`, `qY`, `qZ`)
VALUES (2088382467, 1, 3349348407, 162.927, 163.194, 38, -0.707107, 0, 0, -0.707107);

INSERT INTO `ace_object_properties_string` (`aceObjectId`, `strPropertyId`, `propertyValue`)
VALUES (2088382467, 1, 'Well');

INSERT INTO `ace_object_properties_did` (`aceObjectId`, `didPropertyId`, `propertyValue`)
VALUES (2088382467, 8, 100667466)
     , (2088382467, 1, 33554816)
     , (2088382467, 3, 536870932)
     , (2088382467, 22, 872415275)
     , (2088382467, 28, 1183);

INSERT INTO `ace_object_properties_int` (`aceObjectId`, `intPropertyId`, `propertyValue`)
VALUES (2088382467, 53, 101)
     , (2088382467, 1, 4194304)
     , (2088382467, 5, 6000)
     , (2088382467, 16, 48)
     , (2088382467, 19, 200)
     , (2088382467, 93, 1048);

INSERT INTO `ace_object_properties_double` (`aceObjectId`, `dblPropertyId`, `propertyValue`)
VALUES (2088382467, 54, 2);

INSERT INTO `ace_object_properties_bool` (`aceObjectId`, `boolPropertyId`, `propertyValue`)
VALUES (2088382467, 12, True)
     , (2088382467, 11, True)
     , (2088382467, 14, True);

INSERT INTO `ace_object` (`aceObjectId`, `aceObjectDescriptionFlags`, `weenieClassId`, `weenieHeaderFlags`, `currentMotionState`, `physicsDescriptionFlag`)
VALUES (2060152836, 6291512, 174, 20, NULL, 169985);

INSERT INTO `ace_position` (`aceObjectId`, `positionType`, `landblockRaw`, `posX`, `posY`, `posZ`, `qW`, `qX`, `qY`, `qZ`)
VALUES (2060152836, 1, 2897674301, 173.496, 103.492, 102, -0.94818, 0, 0, 0.317734);

INSERT INTO `ace_object_properties_string` (`aceObjectId`, `strPropertyId`, `propertyValue`)
VALUES (2060152836, 1, 'Well');

INSERT INTO `ace_object_properties_did` (`aceObjectId`, `didPropertyId`, `propertyValue`)
VALUES (2060152836, 8, 100667466)
     , (2060152836, 1, 33554816)
     , (2060152836, 3, 536870932)
     , (2060152836, 22, 872415275)
     , (2060152836, 28, 1183);

INSERT INTO `ace_object_properties_int` (`aceObjectId`, `intPropertyId`, `propertyValue`)
VALUES (2060152836, 53, 101)
     , (2060152836, 1, 4194304)
     , (2060152836, 5, 6000)
     , (2060152836, 16, 48)
     , (2060152836, 19, 200)
     , (2060152836, 93, 1048);

INSERT INTO `ace_object_properties_double` (`aceObjectId`, `dblPropertyId`, `propertyValue`)
VALUES (2060152836, 54, 2);

INSERT INTO `ace_object_properties_bool` (`aceObjectId`, `boolPropertyId`, `propertyValue`)
VALUES (2060152836, 12, True)
     , (2060152836, 11, True)
     , (2060152836, 14, True);

INSERT INTO `ace_object` (`aceObjectId`, `aceObjectDescriptionFlags`, `weenieClassId`, `weenieHeaderFlags`, `currentMotionState`, `physicsDescriptionFlag`)
VALUES (2019573861, 2097200, 8377, 20, NULL, 169985);

INSERT INTO `ace_position` (`aceObjectId`, `positionType`, `landblockRaw`, `posX`, `posY`, `posZ`, `qW`, `qX`, `qY`, `qZ`)
VALUES (2019573861, 1, 2248409899, 73.3792, -72.9959, 12.793, 0.285455, 0, 0, -0.9583921);

INSERT INTO `ace_object_properties_string` (`aceObjectId`, `strPropertyId`, `propertyValue`)
VALUES (2019573861, 1, 'Beer Keg');

INSERT INTO `ace_object_properties_did` (`aceObjectId`, `didPropertyId`, `propertyValue`)
VALUES (2019573861, 8, 100667431)
     , (2019573861, 1, 33556853)
     , (2019573861, 3, 536870932)
     , (2019573861, 22, 872415275);

INSERT INTO `ace_object_properties_int` (`aceObjectId`, `intPropertyId`, `propertyValue`)
VALUES (2019573861, 53, 101)
     , (2019573861, 1, 4194304)
     , (2019573861, 5, 1000)
     , (2019573861, 16, 48)
     , (2019573861, 93, 1048);

INSERT INTO `ace_object_properties_double` (`aceObjectId`, `dblPropertyId`, `propertyValue`)
VALUES (2019573861, 54, 2);

INSERT INTO `ace_object_properties_bool` (`aceObjectId`, `boolPropertyId`, `propertyValue`)
VALUES (2019573861, 12, True)
     , (2019573861, 11, True)
     , (2019573861, 14, True);

INSERT INTO `ace_object` (`aceObjectId`, `aceObjectDescriptionFlags`, `weenieClassId`, `weenieHeaderFlags`, `currentMotionState`, `physicsDescriptionFlag`)
VALUES (1881006117, 6291512, 152, 20, NULL, 169985);

INSERT INTO `ace_position` (`aceObjectId`, `positionType`, `landblockRaw`, `posX`, `posY`, `posZ`, `qW`, `qX`, `qY`, `qZ`)
VALUES (1881006117, 1, 31326678, 70, -52, -0.00749898, 1, 0, 0, 0);

INSERT INTO `ace_object_properties_string` (`aceObjectId`, `strPropertyId`, `propertyValue`)
VALUES (1881006117, 1, 'Font');

INSERT INTO `ace_object_properties_did` (`aceObjectId`, `didPropertyId`, `propertyValue`)
VALUES (1881006117, 8, 100668104)
     , (1881006117, 1, 33554710)
     , (1881006117, 3, 536870932)
     , (1881006117, 22, 872415275)
     , (1881006117, 28, 1183);

INSERT INTO `ace_object_properties_int` (`aceObjectId`, `intPropertyId`, `propertyValue`)
VALUES (1881006117, 53, 101)
     , (1881006117, 1, 4194304)
     , (1881006117, 5, 6000)
     , (1881006117, 16, 48)
     , (1881006117, 19, 200)
     , (1881006117, 93, 1048);

INSERT INTO `ace_object_properties_double` (`aceObjectId`, `dblPropertyId`, `propertyValue`)
VALUES (1881006117, 54, 2);

INSERT INTO `ace_object_properties_bool` (`aceObjectId`, `boolPropertyId`, `propertyValue`)
VALUES (1881006117, 12, True)
     , (1881006117, 11, True)
     , (1881006117, 14, True);

INSERT INTO `ace_object` (`aceObjectId`, `aceObjectDescriptionFlags`, `weenieClassId`, `weenieHeaderFlags`, `currentMotionState`, `physicsDescriptionFlag`)
VALUES (1880805380, 6291512, 152, 20, NULL, 169985);

INSERT INTO `ace_position` (`aceObjectId`, `positionType`, `landblockRaw`, `posX`, `posY`, `posZ`, `qW`, `qX`, `qY`, `qZ`)
VALUES (1880805380, 1, 28115218, 30, -20, -0.00749898, 1, 0, 0, 0);

INSERT INTO `ace_object_properties_string` (`aceObjectId`, `strPropertyId`, `propertyValue`)
VALUES (1880805380, 1, 'Font');

INSERT INTO `ace_object_properties_did` (`aceObjectId`, `didPropertyId`, `propertyValue`)
VALUES (1880805380, 8, 100668104)
     , (1880805380, 1, 33554710)
     , (1880805380, 3, 536870932)
     , (1880805380, 22, 872415275)
     , (1880805380, 28, 1183);

INSERT INTO `ace_object_properties_int` (`aceObjectId`, `intPropertyId`, `propertyValue`)
VALUES (1880805380, 53, 101)
     , (1880805380, 1, 4194304)
     , (1880805380, 5, 6000)
     , (1880805380, 16, 48)
     , (1880805380, 19, 200)
     , (1880805380, 93, 1048);

INSERT INTO `ace_object_properties_double` (`aceObjectId`, `dblPropertyId`, `propertyValue`)
VALUES (1880805380, 54, 2);

INSERT INTO `ace_object_properties_bool` (`aceObjectId`, `boolPropertyId`, `propertyValue`)
VALUES (1880805380, 12, True)
     , (1880805380, 11, True)
     , (1880805380, 14, True);

INSERT INTO `ace_object` (`aceObjectId`, `aceObjectDescriptionFlags`, `weenieClassId`, `weenieHeaderFlags`, `currentMotionState`, `physicsDescriptionFlag`)
VALUES (1967542282, 2097200, 8377, 20, NULL, 169985);

INSERT INTO `ace_position` (`aceObjectId`, `positionType`, `landblockRaw`, `posX`, `posY`, `posZ`, `qW`, `qX`, `qY`, `qZ`)
VALUES (1967542282, 1, 1415905598, 43.4295, -49.9406, 0, 1, 0, 0, 0);

INSERT INTO `ace_object_properties_string` (`aceObjectId`, `strPropertyId`, `propertyValue`)
VALUES (1967542282, 1, 'Beer Keg');

INSERT INTO `ace_object_properties_did` (`aceObjectId`, `didPropertyId`, `propertyValue`)
VALUES (1967542282, 8, 100667431)
     , (1967542282, 1, 33556853)
     , (1967542282, 3, 536870932)
     , (1967542282, 22, 872415275);

INSERT INTO `ace_object_properties_int` (`aceObjectId`, `intPropertyId`, `propertyValue`)
VALUES (1967542282, 53, 101)
     , (1967542282, 1, 4194304)
     , (1967542282, 5, 1000)
     , (1967542282, 16, 48)
     , (1967542282, 93, 1048);

INSERT INTO `ace_object_properties_double` (`aceObjectId`, `dblPropertyId`, `propertyValue`)
VALUES (1967542282, 54, 2);

INSERT INTO `ace_object_properties_bool` (`aceObjectId`, `boolPropertyId`, `propertyValue`)
VALUES (1967542282, 12, True)
     , (1967542282, 11, True)
     , (1967542282, 14, True);

INSERT INTO `ace_object` (`aceObjectId`, `aceObjectDescriptionFlags`, `weenieClassId`, `weenieHeaderFlags`, `currentMotionState`, `physicsDescriptionFlag`)
VALUES (1967542283, 2097200, 8377, 20, NULL, 169985);

INSERT INTO `ace_position` (`aceObjectId`, `positionType`, `landblockRaw`, `posX`, `posY`, `posZ`, `qW`, `qX`, `qY`, `qZ`)
VALUES (1967542283, 1, 1415905598, 41.919, -49.973, 0, 1, 0, 0, 0);

INSERT INTO `ace_object_properties_string` (`aceObjectId`, `strPropertyId`, `propertyValue`)
VALUES (1967542283, 1, 'Beer Keg');

INSERT INTO `ace_object_properties_did` (`aceObjectId`, `didPropertyId`, `propertyValue`)
VALUES (1967542283, 8, 100667431)
     , (1967542283, 1, 33556853)
     , (1967542283, 3, 536870932)
     , (1967542283, 22, 872415275);

INSERT INTO `ace_object_properties_int` (`aceObjectId`, `intPropertyId`, `propertyValue`)
VALUES (1967542283, 53, 101)
     , (1967542283, 1, 4194304)
     , (1967542283, 5, 1000)
     , (1967542283, 16, 48)
     , (1967542283, 93, 1048);

INSERT INTO `ace_object_properties_double` (`aceObjectId`, `dblPropertyId`, `propertyValue`)
VALUES (1967542283, 54, 2);

INSERT INTO `ace_object_properties_bool` (`aceObjectId`, `boolPropertyId`, `propertyValue`)
VALUES (1967542283, 12, True)
     , (1967542283, 11, True)
     , (1967542283, 14, True);

INSERT INTO `ace_object` (`aceObjectId`, `aceObjectDescriptionFlags`, `weenieClassId`, `weenieHeaderFlags`, `currentMotionState`, `physicsDescriptionFlag`)
VALUES (1880903719, 6291512, 152, 20, NULL, 169985);

INSERT INTO `ace_position` (`aceObjectId`, `positionType`, `landblockRaw`, `posX`, `posY`, `posZ`, `qW`, `qX`, `qY`, `qZ`)
VALUES (1880903719, 1, 29688135, 50, 0, -6.007499, -4.37114E-08, 0, 0, -1);

INSERT INTO `ace_object_properties_string` (`aceObjectId`, `strPropertyId`, `propertyValue`)
VALUES (1880903719, 1, 'Font');

INSERT INTO `ace_object_properties_did` (`aceObjectId`, `didPropertyId`, `propertyValue`)
VALUES (1880903719, 8, 100668104)
     , (1880903719, 1, 33554710)
     , (1880903719, 3, 536870932)
     , (1880903719, 22, 872415275)
     , (1880903719, 28, 1183);

INSERT INTO `ace_object_properties_int` (`aceObjectId`, `intPropertyId`, `propertyValue`)
VALUES (1880903719, 53, 101)
     , (1880903719, 1, 4194304)
     , (1880903719, 5, 6000)
     , (1880903719, 16, 48)
     , (1880903719, 19, 200)
     , (1880903719, 93, 1048);

INSERT INTO `ace_object_properties_double` (`aceObjectId`, `dblPropertyId`, `propertyValue`)
VALUES (1880903719, 54, 2);

INSERT INTO `ace_object_properties_bool` (`aceObjectId`, `boolPropertyId`, `propertyValue`)
VALUES (1880903719, 12, True)
     , (1880903719, 11, True)
     , (1880903719, 14, True);

INSERT INTO `ace_object` (`aceObjectId`, `aceObjectDescriptionFlags`, `weenieClassId`, `weenieHeaderFlags`, `currentMotionState`, `physicsDescriptionFlag`)
VALUES (1880694831, 6291512, 152, 20, NULL, 169985);

INSERT INTO `ace_position` (`aceObjectId`, `positionType`, `landblockRaw`, `posX`, `posY`, `posZ`, `qW`, `qX`, `qY`, `qZ`)
VALUES (1880694831, 1, 26345807, 18, -20.043, -6.007499, -0.7071068, 0, 0, -0.7071068);

INSERT INTO `ace_object_properties_string` (`aceObjectId`, `strPropertyId`, `propertyValue`)
VALUES (1880694831, 1, 'Font');

INSERT INTO `ace_object_properties_did` (`aceObjectId`, `didPropertyId`, `propertyValue`)
VALUES (1880694831, 8, 100668104)
     , (1880694831, 1, 33554710)
     , (1880694831, 3, 536870932)
     , (1880694831, 22, 872415275)
     , (1880694831, 28, 1183);

INSERT INTO `ace_object_properties_int` (`aceObjectId`, `intPropertyId`, `propertyValue`)
VALUES (1880694831, 53, 101)
     , (1880694831, 1, 4194304)
     , (1880694831, 5, 6000)
     , (1880694831, 16, 48)
     , (1880694831, 19, 200)
     , (1880694831, 93, 1048);

INSERT INTO `ace_object_properties_double` (`aceObjectId`, `dblPropertyId`, `propertyValue`)
VALUES (1880694831, 54, 2);

INSERT INTO `ace_object_properties_bool` (`aceObjectId`, `boolPropertyId`, `propertyValue`)
VALUES (1880694831, 12, True)
     , (1880694831, 11, True)
     , (1880694831, 14, True);

INSERT INTO `ace_object` (`aceObjectId`, `aceObjectDescriptionFlags`, `weenieClassId`, `weenieHeaderFlags`, `currentMotionState`, `physicsDescriptionFlag`)
VALUES (2110074881, 0, 14341, 20, NULL, 32769);

INSERT INTO `ace_position` (`aceObjectId`, `positionType`, `landblockRaw`, `posX`, `posY`, `posZ`, `qW`, `qX`, `qY`, `qZ`)
VALUES (2110074881, 1, 3696427060, 156, 84, 14.44472, 1, 0, 0, 0);

INSERT INTO `ace_object_properties_string` (`aceObjectId`, `strPropertyId`, `propertyValue`)
VALUES (2110074881, 1, 'Chess Board');

INSERT INTO `ace_object_properties_did` (`aceObjectId`, `didPropertyId`, `propertyValue`)
VALUES (2110074881, 8, 100673558)
     , (2110074881, 1, 33558037);

INSERT INTO `ace_object_properties_int` (`aceObjectId`, `intPropertyId`, `propertyValue`)
VALUES (2110074881, 1, 2147483648)
     , (2110074881, 93, 1040);

INSERT INTO `ace_object_properties_bool` (`aceObjectId`, `boolPropertyId`, `propertyValue`)
VALUES (2110074881, 11, True)
     , (2110074881, 14, True);

INSERT INTO `ace_object` (`aceObjectId`, `aceObjectDescriptionFlags`, `weenieClassId`, `weenieHeaderFlags`, `currentMotionState`, `physicsDescriptionFlag`)
VALUES (2073473033, 6291512, 153, 20, NULL, 169985);

INSERT INTO `ace_position` (`aceObjectId`, `positionType`, `landblockRaw`, `posX`, `posY`, `posZ`, `qW`, `qX`, `qY`, `qZ`)
VALUES (2073473033, 1, 3110797572, 86.199, 179.963, 4.792501, 0.7071068, 0, 0, -0.7071068);

INSERT INTO `ace_object_properties_string` (`aceObjectId`, `strPropertyId`, `propertyValue`)
VALUES (2073473033, 1, 'Fountain');

INSERT INTO `ace_object_properties_did` (`aceObjectId`, `didPropertyId`, `propertyValue`)
VALUES (2073473033, 8, 100668104)
     , (2073473033, 1, 33555071)
     , (2073473033, 3, 536870932)
     , (2073473033, 22, 872415275)
     , (2073473033, 28, 1183);

INSERT INTO `ace_object_properties_int` (`aceObjectId`, `intPropertyId`, `propertyValue`)
VALUES (2073473033, 53, 101)
     , (2073473033, 1, 4194304)
     , (2073473033, 5, 6000)
     , (2073473033, 16, 48)
     , (2073473033, 19, 200)
     , (2073473033, 93, 1048);

INSERT INTO `ace_object_properties_double` (`aceObjectId`, `dblPropertyId`, `propertyValue`)
VALUES (2073473033, 54, 2);

INSERT INTO `ace_object_properties_bool` (`aceObjectId`, `boolPropertyId`, `propertyValue`)
VALUES (2073473033, 12, True)
     , (2073473033, 11, True)
     , (2073473033, 14, True);

INSERT INTO `ace_object` (`aceObjectId`, `aceObjectDescriptionFlags`, `weenieClassId`, `weenieHeaderFlags`, `currentMotionState`, `physicsDescriptionFlag`)
VALUES (2105880580, 6291512, 174, 20, NULL, 169985);

INSERT INTO `ace_position` (`aceObjectId`, `positionType`, `landblockRaw`, `posX`, `posY`, `posZ`, `qW`, `qX`, `qY`, `qZ`)
VALUES (2105880580, 1, 3629318176, 91.6652, 175.938, 32, 0.701325, 0, 0, -0.712841);

INSERT INTO `ace_object_properties_string` (`aceObjectId`, `strPropertyId`, `propertyValue`)
VALUES (2105880580, 1, 'Well');

INSERT INTO `ace_object_properties_did` (`aceObjectId`, `didPropertyId`, `propertyValue`)
VALUES (2105880580, 8, 100667466)
     , (2105880580, 1, 33554816)
     , (2105880580, 3, 536870932)
     , (2105880580, 22, 872415275)
     , (2105880580, 28, 1183);

INSERT INTO `ace_object_properties_int` (`aceObjectId`, `intPropertyId`, `propertyValue`)
VALUES (2105880580, 53, 101)
     , (2105880580, 1, 4194304)
     , (2105880580, 5, 6000)
     , (2105880580, 16, 48)
     , (2105880580, 19, 200)
     , (2105880580, 93, 1048);

INSERT INTO `ace_object_properties_double` (`aceObjectId`, `dblPropertyId`, `propertyValue`)
VALUES (2105880580, 54, 2);

INSERT INTO `ace_object_properties_bool` (`aceObjectId`, `boolPropertyId`, `propertyValue`)
VALUES (2105880580, 12, True)
     , (2105880580, 11, True)
     , (2105880580, 14, True);

INSERT INTO `ace_object` (`aceObjectId`, `aceObjectDescriptionFlags`, `weenieClassId`, `weenieHeaderFlags`, `currentMotionState`, `physicsDescriptionFlag`)
VALUES (1928871938, 6291512, 171, 20, NULL, 169985);

INSERT INTO `ace_position` (`aceObjectId`, `positionType`, `landblockRaw`, `posX`, `posY`, `posZ`, `qW`, `qX`, `qY`, `qZ`)
VALUES (1928871938, 1, 797180160, 111.102, 152.973, 26, 0.4297621, 0, 0, -0.9029422);

INSERT INTO `ace_object_properties_string` (`aceObjectId`, `strPropertyId`, `propertyValue`)
VALUES (1928871938, 1, 'Vat');

INSERT INTO `ace_object_properties_did` (`aceObjectId`, `didPropertyId`, `propertyValue`)
VALUES (1928871938, 8, 100668110)
     , (1928871938, 1, 33554796)
     , (1928871938, 3, 536870932)
     , (1928871938, 22, 872415275)
     , (1928871938, 28, 1183);

INSERT INTO `ace_object_properties_int` (`aceObjectId`, `intPropertyId`, `propertyValue`)
VALUES (1928871938, 53, 101)
     , (1928871938, 1, 4194304)
     , (1928871938, 5, 6000)
     , (1928871938, 16, 48)
     , (1928871938, 19, 200)
     , (1928871938, 93, 66584);

INSERT INTO `ace_object_properties_double` (`aceObjectId`, `dblPropertyId`, `propertyValue`)
VALUES (1928871938, 54, 2);

INSERT INTO `ace_object_properties_bool` (`aceObjectId`, `boolPropertyId`, `propertyValue`)
VALUES (1928871938, 12, True)
     , (1928871938, 11, True)
     , (1928871938, 14, True);

INSERT INTO `ace_object` (`aceObjectId`, `aceObjectDescriptionFlags`, `weenieClassId`, `weenieHeaderFlags`, `currentMotionState`, `physicsDescriptionFlag`)
VALUES (1880977466, 6291512, 171, 20, NULL, 169985);

INSERT INTO `ace_position` (`aceObjectId`, `positionType`, `landblockRaw`, `posX`, `posY`, `posZ`, `qW`, `qX`, `qY`, `qZ`)
VALUES (1880977466, 1, 30867789, 36.8383, -52.554, -18, -4.37114E-08, 0, 0, -1);

INSERT INTO `ace_object_properties_string` (`aceObjectId`, `strPropertyId`, `propertyValue`)
VALUES (1880977466, 1, 'Vat');

INSERT INTO `ace_object_properties_did` (`aceObjectId`, `didPropertyId`, `propertyValue`)
VALUES (1880977466, 8, 100668110)
     , (1880977466, 1, 33554796)
     , (1880977466, 3, 536870932)
     , (1880977466, 22, 872415275)
     , (1880977466, 28, 1183);

INSERT INTO `ace_object_properties_int` (`aceObjectId`, `intPropertyId`, `propertyValue`)
VALUES (1880977466, 53, 101)
     , (1880977466, 1, 4194304)
     , (1880977466, 5, 6000)
     , (1880977466, 16, 48)
     , (1880977466, 19, 200)
     , (1880977466, 93, 66584);

INSERT INTO `ace_object_properties_double` (`aceObjectId`, `dblPropertyId`, `propertyValue`)
VALUES (1880977466, 54, 2);

INSERT INTO `ace_object_properties_bool` (`aceObjectId`, `boolPropertyId`, `propertyValue`)
VALUES (1880977466, 12, True)
     , (1880977466, 11, True)
     , (1880977466, 14, True);

INSERT INTO `ace_object` (`aceObjectId`, `aceObjectDescriptionFlags`, `weenieClassId`, `weenieHeaderFlags`, `currentMotionState`, `physicsDescriptionFlag`)
VALUES (1880977467, 6291512, 171, 20, NULL, 169985);

INSERT INTO `ace_position` (`aceObjectId`, `positionType`, `landblockRaw`, `posX`, `posY`, `posZ`, `qW`, `qX`, `qY`, `qZ`)
VALUES (1880977467, 1, 30867789, 43.121, -52.6006, -18, -4.37114E-08, 0, 0, -1);

INSERT INTO `ace_object_properties_string` (`aceObjectId`, `strPropertyId`, `propertyValue`)
VALUES (1880977467, 1, 'Vat');

INSERT INTO `ace_object_properties_did` (`aceObjectId`, `didPropertyId`, `propertyValue`)
VALUES (1880977467, 8, 100668110)
     , (1880977467, 1, 33554796)
     , (1880977467, 3, 536870932)
     , (1880977467, 22, 872415275)
     , (1880977467, 28, 1183);

INSERT INTO `ace_object_properties_int` (`aceObjectId`, `intPropertyId`, `propertyValue`)
VALUES (1880977467, 53, 101)
     , (1880977467, 1, 4194304)
     , (1880977467, 5, 6000)
     , (1880977467, 16, 48)
     , (1880977467, 19, 200)
     , (1880977467, 93, 66584);

INSERT INTO `ace_object_properties_double` (`aceObjectId`, `dblPropertyId`, `propertyValue`)
VALUES (1880977467, 54, 2);

INSERT INTO `ace_object_properties_bool` (`aceObjectId`, `boolPropertyId`, `propertyValue`)
VALUES (1880977467, 12, True)
     , (1880977467, 11, True)
     , (1880977467, 14, True);

INSERT INTO `ace_object` (`aceObjectId`, `aceObjectDescriptionFlags`, `weenieClassId`, `weenieHeaderFlags`, `currentMotionState`, `physicsDescriptionFlag`)
VALUES (1880977455, 6291512, 153, 20, NULL, 169985);

INSERT INTO `ace_position` (`aceObjectId`, `positionType`, `landblockRaw`, `posX`, `posY`, `posZ`, `qW`, `qX`, `qY`, `qZ`)
VALUES (1880977455, 1, 30867760, 20, -80, -18.0075, 1, 0, 0, 0);

INSERT INTO `ace_object_properties_string` (`aceObjectId`, `strPropertyId`, `propertyValue`)
VALUES (1880977455, 1, 'Fountain');

INSERT INTO `ace_object_properties_did` (`aceObjectId`, `didPropertyId`, `propertyValue`)
VALUES (1880977455, 8, 100668104)
     , (1880977455, 1, 33555071)
     , (1880977455, 3, 536870932)
     , (1880977455, 22, 872415275)
     , (1880977455, 28, 1183);

INSERT INTO `ace_object_properties_int` (`aceObjectId`, `intPropertyId`, `propertyValue`)
VALUES (1880977455, 53, 101)
     , (1880977455, 1, 4194304)
     , (1880977455, 5, 6000)
     , (1880977455, 16, 48)
     , (1880977455, 19, 200)
     , (1880977455, 93, 1048);

INSERT INTO `ace_object_properties_double` (`aceObjectId`, `dblPropertyId`, `propertyValue`)
VALUES (1880977455, 54, 2);

INSERT INTO `ace_object_properties_bool` (`aceObjectId`, `boolPropertyId`, `propertyValue`)
VALUES (1880977455, 12, True)
     , (1880977455, 11, True)
     , (1880977455, 14, True);

INSERT INTO `ace_object` (`aceObjectId`, `aceObjectDescriptionFlags`, `weenieClassId`, `weenieHeaderFlags`, `currentMotionState`, `physicsDescriptionFlag`)
VALUES (1880187056, 6291512, 165, 20, NULL, 169985);

INSERT INTO `ace_position` (`aceObjectId`, `positionType`, `landblockRaw`, `posX`, `posY`, `posZ`, `qW`, `qX`, `qY`, `qZ`)
VALUES (1880187056, 1, 18219426, 30, -100.935, -65.95, -0.7071068, 0, 0, -0.7071068);

INSERT INTO `ace_object_properties_string` (`aceObjectId`, `strPropertyId`, `propertyValue`)
VALUES (1880187056, 1, 'Pool');

INSERT INTO `ace_object_properties_did` (`aceObjectId`, `didPropertyId`, `propertyValue`)
VALUES (1880187056, 8, 100668107)
     , (1880187056, 1, 33554711)
     , (1880187056, 3, 536870932)
     , (1880187056, 22, 872415275)
     , (1880187056, 28, 1183);

INSERT INTO `ace_object_properties_int` (`aceObjectId`, `intPropertyId`, `propertyValue`)
VALUES (1880187056, 53, 101)
     , (1880187056, 1, 4194304)
     , (1880187056, 5, 6000)
     , (1880187056, 16, 48)
     , (1880187056, 19, 200)
     , (1880187056, 93, 66584);

INSERT INTO `ace_object_properties_double` (`aceObjectId`, `dblPropertyId`, `propertyValue`)
VALUES (1880187056, 54, 2);

INSERT INTO `ace_object_properties_bool` (`aceObjectId`, `boolPropertyId`, `propertyValue`)
VALUES (1880187056, 12, True)
     , (1880187056, 11, True)
     , (1880187056, 14, True);

INSERT INTO `ace_object` (`aceObjectId`, `aceObjectDescriptionFlags`, `weenieClassId`, `weenieHeaderFlags`, `currentMotionState`, `physicsDescriptionFlag`)
VALUES (1881100501, 6291512, 153, 20, NULL, 169985);

INSERT INTO `ace_position` (`aceObjectId`, `positionType`, `landblockRaw`, `posX`, `posY`, `posZ`, `qW`, `qX`, `qY`, `qZ`)
VALUES (1881100501, 1, 32834092, 60, -110, -0.00749898, 1, 0, 0, 0);

INSERT INTO `ace_object_properties_string` (`aceObjectId`, `strPropertyId`, `propertyValue`)
VALUES (1881100501, 1, 'Fountain');

INSERT INTO `ace_object_properties_did` (`aceObjectId`, `didPropertyId`, `propertyValue`)
VALUES (1881100501, 8, 100668104)
     , (1881100501, 1, 33555071)
     , (1881100501, 3, 536870932)
     , (1881100501, 22, 872415275)
     , (1881100501, 28, 1183);

INSERT INTO `ace_object_properties_int` (`aceObjectId`, `intPropertyId`, `propertyValue`)
VALUES (1881100501, 53, 101)
     , (1881100501, 1, 4194304)
     , (1881100501, 5, 6000)
     , (1881100501, 16, 48)
     , (1881100501, 19, 200)
     , (1881100501, 93, 1048);

INSERT INTO `ace_object_properties_double` (`aceObjectId`, `dblPropertyId`, `propertyValue`)
VALUES (1881100501, 54, 2);

INSERT INTO `ace_object_properties_bool` (`aceObjectId`, `boolPropertyId`, `propertyValue`)
VALUES (1881100501, 12, True)
     , (1881100501, 11, True)
     , (1881100501, 14, True);

INSERT INTO `ace_object` (`aceObjectId`, `aceObjectDescriptionFlags`, `weenieClassId`, `weenieHeaderFlags`, `currentMotionState`, `physicsDescriptionFlag`)
VALUES (1881100413, 6291512, 171, 20, NULL, 169985);

INSERT INTO `ace_position` (`aceObjectId`, `positionType`, `landblockRaw`, `posX`, `posY`, `posZ`, `qW`, `qX`, `qY`, `qZ`)
VALUES (1881100413, 1, 32833970, 23.8765, -56.3999, -18, 0.132902, 0, 0, -0.9911292);

INSERT INTO `ace_object_properties_string` (`aceObjectId`, `strPropertyId`, `propertyValue`)
VALUES (1881100413, 1, 'Vat');

INSERT INTO `ace_object_properties_did` (`aceObjectId`, `didPropertyId`, `propertyValue`)
VALUES (1881100413, 8, 100668110)
     , (1881100413, 1, 33554796)
     , (1881100413, 3, 536870932)
     , (1881100413, 22, 872415275)
     , (1881100413, 28, 1183);

INSERT INTO `ace_object_properties_int` (`aceObjectId`, `intPropertyId`, `propertyValue`)
VALUES (1881100413, 53, 101)
     , (1881100413, 1, 4194304)
     , (1881100413, 5, 6000)
     , (1881100413, 16, 48)
     , (1881100413, 19, 200)
     , (1881100413, 93, 66584);

INSERT INTO `ace_object_properties_double` (`aceObjectId`, `dblPropertyId`, `propertyValue`)
VALUES (1881100413, 54, 2);

INSERT INTO `ace_object_properties_bool` (`aceObjectId`, `boolPropertyId`, `propertyValue`)
VALUES (1881100413, 12, True)
     , (1881100413, 11, True)
     , (1881100413, 14, True);

INSERT INTO `ace_object` (`aceObjectId`, `aceObjectDescriptionFlags`, `weenieClassId`, `weenieHeaderFlags`, `currentMotionState`, `physicsDescriptionFlag`)
VALUES (1881100416, 6291512, 152, 20, NULL, 169985);

INSERT INTO `ace_position` (`aceObjectId`, `positionType`, `landblockRaw`, `posX`, `posY`, `posZ`, `qW`, `qX`, `qY`, `qZ`)
VALUES (1881100416, 1, 32833971, 23.454, -67.4816, -18.0075, -4.37114E-08, 0, 0, -1);

INSERT INTO `ace_object_properties_string` (`aceObjectId`, `strPropertyId`, `propertyValue`)
VALUES (1881100416, 1, 'Font');

INSERT INTO `ace_object_properties_did` (`aceObjectId`, `didPropertyId`, `propertyValue`)
VALUES (1881100416, 8, 100668104)
     , (1881100416, 1, 33554710)
     , (1881100416, 3, 536870932)
     , (1881100416, 22, 872415275)
     , (1881100416, 28, 1183);

INSERT INTO `ace_object_properties_int` (`aceObjectId`, `intPropertyId`, `propertyValue`)
VALUES (1881100416, 53, 101)
     , (1881100416, 1, 4194304)
     , (1881100416, 5, 6000)
     , (1881100416, 16, 48)
     , (1881100416, 19, 200)
     , (1881100416, 93, 1048);

INSERT INTO `ace_object_properties_double` (`aceObjectId`, `dblPropertyId`, `propertyValue`)
VALUES (1881100416, 54, 2);

INSERT INTO `ace_object_properties_bool` (`aceObjectId`, `boolPropertyId`, `propertyValue`)
VALUES (1881100416, 12, True)
     , (1881100416, 11, True)
     , (1881100416, 14, True);

INSERT INTO `ace_object` (`aceObjectId`, `aceObjectDescriptionFlags`, `weenieClassId`, `weenieHeaderFlags`, `currentMotionState`, `physicsDescriptionFlag`)
VALUES (1880973362, 6291512, 171, 20, NULL, 169985);

INSERT INTO `ace_position` (`aceObjectId`, `positionType`, `landblockRaw`, `posX`, `posY`, `posZ`, `qW`, `qX`, `qY`, `qZ`)
VALUES (1880973362, 1, 30802362, 144.208, -19.1592, 0, 0.772835, 0, 0, -0.634607);

INSERT INTO `ace_object_properties_string` (`aceObjectId`, `strPropertyId`, `propertyValue`)
VALUES (1880973362, 1, 'Vat');

INSERT INTO `ace_object_properties_did` (`aceObjectId`, `didPropertyId`, `propertyValue`)
VALUES (1880973362, 8, 100668110)
     , (1880973362, 1, 33554796)
     , (1880973362, 3, 536870932)
     , (1880973362, 22, 872415275)
     , (1880973362, 28, 1183);

INSERT INTO `ace_object_properties_int` (`aceObjectId`, `intPropertyId`, `propertyValue`)
VALUES (1880973362, 53, 101)
     , (1880973362, 1, 4194304)
     , (1880973362, 5, 6000)
     , (1880973362, 16, 48)
     , (1880973362, 19, 200)
     , (1880973362, 93, 66584);

INSERT INTO `ace_object_properties_double` (`aceObjectId`, `dblPropertyId`, `propertyValue`)
VALUES (1880973362, 54, 2);

INSERT INTO `ace_object_properties_bool` (`aceObjectId`, `boolPropertyId`, `propertyValue`)
VALUES (1880973362, 12, True)
     , (1880973362, 11, True)
     , (1880973362, 14, True);

INSERT INTO `ace_object` (`aceObjectId`, `aceObjectDescriptionFlags`, `weenieClassId`, `weenieHeaderFlags`, `currentMotionState`, `physicsDescriptionFlag`)
VALUES (2052800529, 6291512, 174, 20, NULL, 169985);

INSERT INTO `ace_position` (`aceObjectId`, `positionType`, `landblockRaw`, `posX`, `posY`, `posZ`, `qW`, `qX`, `qY`, `qZ`)
VALUES (2052800529, 1, 2780037180, 187.646, 78.799, 46, 0.0871558, 0, 0, -0.996195);

INSERT INTO `ace_object_properties_string` (`aceObjectId`, `strPropertyId`, `propertyValue`)
VALUES (2052800529, 1, 'Well');

INSERT INTO `ace_object_properties_did` (`aceObjectId`, `didPropertyId`, `propertyValue`)
VALUES (2052800529, 8, 100667466)
     , (2052800529, 1, 33554816)
     , (2052800529, 3, 536870932)
     , (2052800529, 22, 872415275)
     , (2052800529, 28, 1183);

INSERT INTO `ace_object_properties_int` (`aceObjectId`, `intPropertyId`, `propertyValue`)
VALUES (2052800529, 53, 101)
     , (2052800529, 1, 4194304)
     , (2052800529, 5, 6000)
     , (2052800529, 16, 48)
     , (2052800529, 19, 200)
     , (2052800529, 93, 1048);

INSERT INTO `ace_object_properties_double` (`aceObjectId`, `dblPropertyId`, `propertyValue`)
VALUES (2052800529, 54, 2);

INSERT INTO `ace_object_properties_bool` (`aceObjectId`, `boolPropertyId`, `propertyValue`)
VALUES (2052800529, 12, True)
     , (2052800529, 11, True)
     , (2052800529, 14, True);

INSERT INTO `ace_object` (`aceObjectId`, `aceObjectDescriptionFlags`, `weenieClassId`, `weenieHeaderFlags`, `currentMotionState`, `physicsDescriptionFlag`)
VALUES (2051751937, 6291512, 152, 20, NULL, 169985);

INSERT INTO `ace_position` (`aceObjectId`, `positionType`, `landblockRaw`, `posX`, `posY`, `posZ`, `qW`, `qX`, `qY`, `qZ`)
VALUES (2051751937, 1, 2763259908, 22.429, 77.719, 121.5159, 1, 0, 0, 0);

INSERT INTO `ace_object_properties_string` (`aceObjectId`, `strPropertyId`, `propertyValue`)
VALUES (2051751937, 1, 'Font');

INSERT INTO `ace_object_properties_did` (`aceObjectId`, `didPropertyId`, `propertyValue`)
VALUES (2051751937, 8, 100668104)
     , (2051751937, 1, 33554710)
     , (2051751937, 3, 536870932)
     , (2051751937, 22, 872415275)
     , (2051751937, 28, 1183);

INSERT INTO `ace_object_properties_int` (`aceObjectId`, `intPropertyId`, `propertyValue`)
VALUES (2051751937, 53, 101)
     , (2051751937, 1, 4194304)
     , (2051751937, 5, 6000)
     , (2051751937, 16, 48)
     , (2051751937, 19, 200)
     , (2051751937, 93, 1048);

INSERT INTO `ace_object_properties_double` (`aceObjectId`, `dblPropertyId`, `propertyValue`)
VALUES (2051751937, 54, 2);

INSERT INTO `ace_object_properties_bool` (`aceObjectId`, `boolPropertyId`, `propertyValue`)
VALUES (2051751937, 12, True)
     , (2051751937, 11, True)
     , (2051751937, 14, True);

INSERT INTO `ace_object` (`aceObjectId`, `aceObjectDescriptionFlags`, `weenieClassId`, `weenieHeaderFlags`, `currentMotionState`, `physicsDescriptionFlag`)
VALUES (1965510665, 2359312, 14423, 20, NULL, 169985);

INSERT INTO `ace_position` (`aceObjectId`, `positionType`, `landblockRaw`, `posX`, `posY`, `posZ`, `qW`, `qX`, `qY`, `qZ`)
VALUES (1965510665, 1, 1383399680, 41.846, -5.738, -5.0825, 0.999411, 0, 0, -0.034315);

INSERT INTO `ace_object_properties_string` (`aceObjectId`, `strPropertyId`, `propertyValue`)
VALUES (1965510665, 1, 'Folded Strathelar Guards Uniform');

INSERT INTO `ace_object_properties_did` (`aceObjectId`, `didPropertyId`, `propertyValue`)
VALUES (1965510665, 8, 100672470)
     , (1965510665, 1, 33557480)
     , (1965510665, 3, 536870932)
     , (1965510665, 22, 872415275)
     , (1965510665, 6, 67108990);

INSERT INTO `ace_object_properties_int` (`aceObjectId`, `intPropertyId`, `propertyValue`)
VALUES (1965510665, 53, 101)
     , (1965510665, 1, 2)
     , (1965510665, 5, 500)
     , (1965510665, 16, 1)
     , (1965510665, 4, 81664)
     , (1965510665, 93, 1044);

INSERT INTO `ace_object_properties_bool` (`aceObjectId`, `boolPropertyId`, `propertyValue`)
VALUES (1965510665, 13, True)
     , (1965510665, 11, True)
     , (1965510665, 14, True);

INSERT INTO `ace_object_palette_change` (`aceObjectId`, `subPaletteId`, `offset`, `length`)
VALUES (1965510665, 67113726, 40, 40)
     , (1965510665, 67113687, 80, 12)
     , (1965510665, 67113687, 116, 12)
     , (1965510665, 67110546, 96, 12)
     , (1965510665, 67111304, 250, 6);

INSERT INTO `ace_object_texture_map_change` (`aceObjectId`, `index`, `oldId`, `newId`)
VALUES (1965510665, 0, 83887061, 83893840)
     , (1965510665, 0, 83887060, 83893839)
     , (1965510665, 0, 83889072, 83893836)
     , (1965510665, 0, 83889342, 83893836);

INSERT INTO `ace_object_animation_change` (`aceObjectId`, `index`, `animationId`)
VALUES (1965510665, 0, 16778367);

INSERT INTO `ace_object` (`aceObjectId`, `aceObjectDescriptionFlags`, `weenieClassId`, `weenieHeaderFlags`, `currentMotionState`, `physicsDescriptionFlag`)
VALUES (1965510664, 2359312, 14423, 20, NULL, 169985);

INSERT INTO `ace_position` (`aceObjectId`, `positionType`, `landblockRaw`, `posX`, `posY`, `posZ`, `qW`, `qX`, `qY`, `qZ`)
VALUES (1965510664, 1, 1383399680, 44.299, -9.746, -5.0825, 0.671675, 0, 0, -0.7408459);

INSERT INTO `ace_object_properties_string` (`aceObjectId`, `strPropertyId`, `propertyValue`)
VALUES (1965510664, 1, 'Folded Strathelar Guards Uniform');

INSERT INTO `ace_object_properties_did` (`aceObjectId`, `didPropertyId`, `propertyValue`)
VALUES (1965510664, 8, 100672470)
     , (1965510664, 1, 33557480)
     , (1965510664, 3, 536870932)
     , (1965510664, 22, 872415275)
     , (1965510664, 6, 67108990);

INSERT INTO `ace_object_properties_int` (`aceObjectId`, `intPropertyId`, `propertyValue`)
VALUES (1965510664, 53, 101)
     , (1965510664, 1, 2)
     , (1965510664, 5, 500)
     , (1965510664, 16, 1)
     , (1965510664, 4, 81664)
     , (1965510664, 93, 1044);

INSERT INTO `ace_object_properties_bool` (`aceObjectId`, `boolPropertyId`, `propertyValue`)
VALUES (1965510664, 13, True)
     , (1965510664, 11, True)
     , (1965510664, 14, True);

INSERT INTO `ace_object_palette_change` (`aceObjectId`, `subPaletteId`, `offset`, `length`)
VALUES (1965510664, 67113726, 40, 40)
     , (1965510664, 67113687, 80, 12)
     , (1965510664, 67113687, 116, 12)
     , (1965510664, 67110546, 96, 12)
     , (1965510664, 67111304, 250, 6);

INSERT INTO `ace_object_texture_map_change` (`aceObjectId`, `index`, `oldId`, `newId`)
VALUES (1965510664, 0, 83887061, 83893840)
     , (1965510664, 0, 83887060, 83893839)
     , (1965510664, 0, 83889072, 83893836)
     , (1965510664, 0, 83889342, 83893836);

INSERT INTO `ace_object_animation_change` (`aceObjectId`, `index`, `animationId`)
VALUES (1965510664, 0, 16778367);

INSERT INTO `ace_object` (`aceObjectId`, `aceObjectDescriptionFlags`, `weenieClassId`, `weenieHeaderFlags`, `currentMotionState`, `physicsDescriptionFlag`)
VALUES (1965510663, 2359312, 14423, 20, NULL, 169985);

INSERT INTO `ace_position` (`aceObjectId`, `positionType`, `landblockRaw`, `posX`, `posY`, `posZ`, `qW`, `qX`, `qY`, `qZ`)
VALUES (1965510663, 1, 1383399680, 44.272, -11.558, -5.0825, 0.671675, 0, 0, -0.7408459);

INSERT INTO `ace_object_properties_string` (`aceObjectId`, `strPropertyId`, `propertyValue`)
VALUES (1965510663, 1, 'Folded Strathelar Guards Uniform');

INSERT INTO `ace_object_properties_did` (`aceObjectId`, `didPropertyId`, `propertyValue`)
VALUES (1965510663, 8, 100672470)
     , (1965510663, 1, 33557480)
     , (1965510663, 3, 536870932)
     , (1965510663, 22, 872415275)
     , (1965510663, 6, 67108990);

INSERT INTO `ace_object_properties_int` (`aceObjectId`, `intPropertyId`, `propertyValue`)
VALUES (1965510663, 53, 101)
     , (1965510663, 1, 2)
     , (1965510663, 5, 500)
     , (1965510663, 16, 1)
     , (1965510663, 4, 81664)
     , (1965510663, 93, 1044);

INSERT INTO `ace_object_properties_bool` (`aceObjectId`, `boolPropertyId`, `propertyValue`)
VALUES (1965510663, 13, True)
     , (1965510663, 11, True)
     , (1965510663, 14, True);

INSERT INTO `ace_object_palette_change` (`aceObjectId`, `subPaletteId`, `offset`, `length`)
VALUES (1965510663, 67113726, 40, 40)
     , (1965510663, 67113687, 80, 12)
     , (1965510663, 67113687, 116, 12)
     , (1965510663, 67110546, 96, 12)
     , (1965510663, 67111304, 250, 6);

INSERT INTO `ace_object_texture_map_change` (`aceObjectId`, `index`, `oldId`, `newId`)
VALUES (1965510663, 0, 83887061, 83893840)
     , (1965510663, 0, 83887060, 83893839)
     , (1965510663, 0, 83889072, 83893836)
     , (1965510663, 0, 83889342, 83893836);

INSERT INTO `ace_object_animation_change` (`aceObjectId`, `index`, `animationId`)
VALUES (1965510663, 0, 16778367);

INSERT INTO `ace_object` (`aceObjectId`, `aceObjectDescriptionFlags`, `weenieClassId`, `weenieHeaderFlags`, `currentMotionState`, `physicsDescriptionFlag`)
VALUES (1965510662, 2359312, 14423, 20, NULL, 169985);

INSERT INTO `ace_position` (`aceObjectId`, `positionType`, `landblockRaw`, `posX`, `posY`, `posZ`, `qW`, `qX`, `qY`, `qZ`)
VALUES (1965510662, 1, 1383399680, 44.365, -10.349, -5.0825, 0.671675, 0, 0, -0.7408459);

INSERT INTO `ace_object_properties_string` (`aceObjectId`, `strPropertyId`, `propertyValue`)
VALUES (1965510662, 1, 'Folded Strathelar Guards Uniform');

INSERT INTO `ace_object_properties_did` (`aceObjectId`, `didPropertyId`, `propertyValue`)
VALUES (1965510662, 8, 100672470)
     , (1965510662, 1, 33557480)
     , (1965510662, 3, 536870932)
     , (1965510662, 22, 872415275)
     , (1965510662, 6, 67108990);

INSERT INTO `ace_object_properties_int` (`aceObjectId`, `intPropertyId`, `propertyValue`)
VALUES (1965510662, 53, 101)
     , (1965510662, 1, 2)
     , (1965510662, 5, 500)
     , (1965510662, 16, 1)
     , (1965510662, 4, 81664)
     , (1965510662, 93, 1044);

INSERT INTO `ace_object_properties_bool` (`aceObjectId`, `boolPropertyId`, `propertyValue`)
VALUES (1965510662, 13, True)
     , (1965510662, 11, True)
     , (1965510662, 14, True);

INSERT INTO `ace_object_palette_change` (`aceObjectId`, `subPaletteId`, `offset`, `length`)
VALUES (1965510662, 67113726, 40, 40)
     , (1965510662, 67113687, 80, 12)
     , (1965510662, 67113687, 116, 12)
     , (1965510662, 67110546, 96, 12)
     , (1965510662, 67111304, 250, 6);

INSERT INTO `ace_object_texture_map_change` (`aceObjectId`, `index`, `oldId`, `newId`)
VALUES (1965510662, 0, 83887061, 83893840)
     , (1965510662, 0, 83887060, 83893839)
     , (1965510662, 0, 83889072, 83893836)
     , (1965510662, 0, 83889342, 83893836);

INSERT INTO `ace_object_animation_change` (`aceObjectId`, `index`, `animationId`)
VALUES (1965510662, 0, 16778367);

INSERT INTO `ace_object` (`aceObjectId`, `aceObjectDescriptionFlags`, `weenieClassId`, `weenieHeaderFlags`, `currentMotionState`, `physicsDescriptionFlag`)
VALUES (1965510661, 2359312, 14423, 20, NULL, 169985);

INSERT INTO `ace_position` (`aceObjectId`, `positionType`, `landblockRaw`, `posX`, `posY`, `posZ`, `qW`, `qX`, `qY`, `qZ`)
VALUES (1965510661, 1, 1383399680, 44.348, -12.199, -5.0825, 0.671675, 0, 0, -0.7408459);

INSERT INTO `ace_object_properties_string` (`aceObjectId`, `strPropertyId`, `propertyValue`)
VALUES (1965510661, 1, 'Folded Strathelar Guards Uniform');

INSERT INTO `ace_object_properties_did` (`aceObjectId`, `didPropertyId`, `propertyValue`)
VALUES (1965510661, 8, 100672470)
     , (1965510661, 1, 33557480)
     , (1965510661, 3, 536870932)
     , (1965510661, 22, 872415275)
     , (1965510661, 6, 67108990);

INSERT INTO `ace_object_properties_int` (`aceObjectId`, `intPropertyId`, `propertyValue`)
VALUES (1965510661, 53, 101)
     , (1965510661, 1, 2)
     , (1965510661, 5, 500)
     , (1965510661, 16, 1)
     , (1965510661, 4, 81664)
     , (1965510661, 93, 1044);

INSERT INTO `ace_object_properties_bool` (`aceObjectId`, `boolPropertyId`, `propertyValue`)
VALUES (1965510661, 13, True)
     , (1965510661, 11, True)
     , (1965510661, 14, True);

INSERT INTO `ace_object_palette_change` (`aceObjectId`, `subPaletteId`, `offset`, `length`)
VALUES (1965510661, 67113726, 40, 40)
     , (1965510661, 67113687, 80, 12)
     , (1965510661, 67113687, 116, 12)
     , (1965510661, 67110546, 96, 12)
     , (1965510661, 67111304, 250, 6);

INSERT INTO `ace_object_texture_map_change` (`aceObjectId`, `index`, `oldId`, `newId`)
VALUES (1965510661, 0, 83887061, 83893840)
     , (1965510661, 0, 83887060, 83893839)
     , (1965510661, 0, 83889072, 83893836)
     , (1965510661, 0, 83889342, 83893836);

INSERT INTO `ace_object_animation_change` (`aceObjectId`, `index`, `animationId`)
VALUES (1965510661, 0, 16778367);

INSERT INTO `ace_object` (`aceObjectId`, `aceObjectDescriptionFlags`, `weenieClassId`, `weenieHeaderFlags`, `currentMotionState`, `physicsDescriptionFlag`)
VALUES (1965510660, 2359312, 14423, 20, NULL, 169985);

INSERT INTO `ace_position` (`aceObjectId`, `positionType`, `landblockRaw`, `posX`, `posY`, `posZ`, `qW`, `qX`, `qY`, `qZ`)
VALUES (1965510660, 1, 1383399680, 35.6, -7.868, -5.072499, -0.7512812, 0, 0, -0.6599822);

INSERT INTO `ace_object_properties_string` (`aceObjectId`, `strPropertyId`, `propertyValue`)
VALUES (1965510660, 1, 'Folded Strathelar Guards Uniform');

INSERT INTO `ace_object_properties_did` (`aceObjectId`, `didPropertyId`, `propertyValue`)
VALUES (1965510660, 8, 100672470)
     , (1965510660, 1, 33557480)
     , (1965510660, 3, 536870932)
     , (1965510660, 22, 872415275)
     , (1965510660, 6, 67108990);

INSERT INTO `ace_object_properties_int` (`aceObjectId`, `intPropertyId`, `propertyValue`)
VALUES (1965510660, 53, 101)
     , (1965510660, 1, 2)
     , (1965510660, 5, 500)
     , (1965510660, 16, 1)
     , (1965510660, 4, 81664)
     , (1965510660, 93, 1044);

INSERT INTO `ace_object_properties_bool` (`aceObjectId`, `boolPropertyId`, `propertyValue`)
VALUES (1965510660, 13, True)
     , (1965510660, 11, True)
     , (1965510660, 14, True);

INSERT INTO `ace_object_palette_change` (`aceObjectId`, `subPaletteId`, `offset`, `length`)
VALUES (1965510660, 67113726, 40, 40)
     , (1965510660, 67113687, 80, 12)
     , (1965510660, 67113687, 116, 12)
     , (1965510660, 67110546, 96, 12)
     , (1965510660, 67111304, 250, 6);

INSERT INTO `ace_object_texture_map_change` (`aceObjectId`, `index`, `oldId`, `newId`)
VALUES (1965510660, 0, 83887061, 83893840)
     , (1965510660, 0, 83887060, 83893839)
     , (1965510660, 0, 83889072, 83893836)
     , (1965510660, 0, 83889342, 83893836);

INSERT INTO `ace_object_animation_change` (`aceObjectId`, `index`, `animationId`)
VALUES (1965510660, 0, 16778367);

INSERT INTO `ace_object` (`aceObjectId`, `aceObjectDescriptionFlags`, `weenieClassId`, `weenieHeaderFlags`, `currentMotionState`, `physicsDescriptionFlag`)
VALUES (1965510659, 2359312, 14423, 20, NULL, 169985);

INSERT INTO `ace_position` (`aceObjectId`, `positionType`, `landblockRaw`, `posX`, `posY`, `posZ`, `qW`, `qX`, `qY`, `qZ`)
VALUES (1965510659, 1, 1383399680, 35.614, -11.475, -5.072499, -0.6997191, 0, 0, -0.7144181);

INSERT INTO `ace_object_properties_string` (`aceObjectId`, `strPropertyId`, `propertyValue`)
VALUES (1965510659, 1, 'Folded Strathelar Guards Uniform');

INSERT INTO `ace_object_properties_did` (`aceObjectId`, `didPropertyId`, `propertyValue`)
VALUES (1965510659, 8, 100672470)
     , (1965510659, 1, 33557480)
     , (1965510659, 3, 536870932)
     , (1965510659, 22, 872415275)
     , (1965510659, 6, 67108990);

INSERT INTO `ace_object_properties_int` (`aceObjectId`, `intPropertyId`, `propertyValue`)
VALUES (1965510659, 53, 101)
     , (1965510659, 1, 2)
     , (1965510659, 5, 500)
     , (1965510659, 16, 1)
     , (1965510659, 4, 81664)
     , (1965510659, 93, 1044);

INSERT INTO `ace_object_properties_bool` (`aceObjectId`, `boolPropertyId`, `propertyValue`)
VALUES (1965510659, 13, True)
     , (1965510659, 11, True)
     , (1965510659, 14, True);

INSERT INTO `ace_object_palette_change` (`aceObjectId`, `subPaletteId`, `offset`, `length`)
VALUES (1965510659, 67113726, 40, 40)
     , (1965510659, 67113687, 80, 12)
     , (1965510659, 67113687, 116, 12)
     , (1965510659, 67110546, 96, 12)
     , (1965510659, 67111304, 250, 6);

INSERT INTO `ace_object_texture_map_change` (`aceObjectId`, `index`, `oldId`, `newId`)
VALUES (1965510659, 0, 83887061, 83893840)
     , (1965510659, 0, 83887060, 83893839)
     , (1965510659, 0, 83889072, 83893836)
     , (1965510659, 0, 83889342, 83893836);

INSERT INTO `ace_object_animation_change` (`aceObjectId`, `index`, `animationId`)
VALUES (1965510659, 0, 16778367);

INSERT INTO `ace_object` (`aceObjectId`, `aceObjectDescriptionFlags`, `weenieClassId`, `weenieHeaderFlags`, `currentMotionState`, `physicsDescriptionFlag`)
VALUES (1965510658, 2359312, 14423, 20, NULL, 169985);

INSERT INTO `ace_position` (`aceObjectId`, `positionType`, `landblockRaw`, `posX`, `posY`, `posZ`, `qW`, `qX`, `qY`, `qZ`)
VALUES (1965510658, 1, 1383399680, 35.678, -10.521, -5.0825, -0.7298279, 0, 0, -0.6836309);

INSERT INTO `ace_object_properties_string` (`aceObjectId`, `strPropertyId`, `propertyValue`)
VALUES (1965510658, 1, 'Folded Strathelar Guards Uniform');

INSERT INTO `ace_object_properties_did` (`aceObjectId`, `didPropertyId`, `propertyValue`)
VALUES (1965510658, 8, 100672470)
     , (1965510658, 1, 33557480)
     , (1965510658, 3, 536870932)
     , (1965510658, 22, 872415275)
     , (1965510658, 6, 67108990);

INSERT INTO `ace_object_properties_int` (`aceObjectId`, `intPropertyId`, `propertyValue`)
VALUES (1965510658, 53, 101)
     , (1965510658, 1, 2)
     , (1965510658, 5, 500)
     , (1965510658, 16, 1)
     , (1965510658, 4, 81664)
     , (1965510658, 93, 1044);

INSERT INTO `ace_object_properties_bool` (`aceObjectId`, `boolPropertyId`, `propertyValue`)
VALUES (1965510658, 13, True)
     , (1965510658, 11, True)
     , (1965510658, 14, True);

INSERT INTO `ace_object_palette_change` (`aceObjectId`, `subPaletteId`, `offset`, `length`)
VALUES (1965510658, 67113726, 40, 40)
     , (1965510658, 67113687, 80, 12)
     , (1965510658, 67113687, 116, 12)
     , (1965510658, 67110546, 96, 12)
     , (1965510658, 67111304, 250, 6);

INSERT INTO `ace_object_texture_map_change` (`aceObjectId`, `index`, `oldId`, `newId`)
VALUES (1965510658, 0, 83887061, 83893840)
     , (1965510658, 0, 83887060, 83893839)
     , (1965510658, 0, 83889072, 83893836)
     , (1965510658, 0, 83889342, 83893836);

INSERT INTO `ace_object_animation_change` (`aceObjectId`, `index`, `animationId`)
VALUES (1965510658, 0, 16778367);

INSERT INTO `ace_object` (`aceObjectId`, `aceObjectDescriptionFlags`, `weenieClassId`, `weenieHeaderFlags`, `currentMotionState`, `physicsDescriptionFlag`)
VALUES (1965510657, 2359312, 14423, 20, NULL, 169985);

INSERT INTO `ace_position` (`aceObjectId`, `positionType`, `landblockRaw`, `posX`, `posY`, `posZ`, `qW`, `qX`, `qY`, `qZ`)
VALUES (1965510657, 1, 1383399680, 35.533, -9.816, -5.0825, -0.7298279, 0, 0, -0.6836309);

INSERT INTO `ace_object_properties_string` (`aceObjectId`, `strPropertyId`, `propertyValue`)
VALUES (1965510657, 1, 'Folded Strathelar Guards Uniform');

INSERT INTO `ace_object_properties_did` (`aceObjectId`, `didPropertyId`, `propertyValue`)
VALUES (1965510657, 8, 100672470)
     , (1965510657, 1, 33557480)
     , (1965510657, 3, 536870932)
     , (1965510657, 22, 872415275)
     , (1965510657, 6, 67108990);

INSERT INTO `ace_object_properties_int` (`aceObjectId`, `intPropertyId`, `propertyValue`)
VALUES (1965510657, 53, 101)
     , (1965510657, 1, 2)
     , (1965510657, 5, 500)
     , (1965510657, 16, 1)
     , (1965510657, 4, 81664)
     , (1965510657, 93, 1044);

INSERT INTO `ace_object_properties_bool` (`aceObjectId`, `boolPropertyId`, `propertyValue`)
VALUES (1965510657, 13, True)
     , (1965510657, 11, True)
     , (1965510657, 14, True);

INSERT INTO `ace_object_palette_change` (`aceObjectId`, `subPaletteId`, `offset`, `length`)
VALUES (1965510657, 67113726, 40, 40)
     , (1965510657, 67113687, 80, 12)
     , (1965510657, 67113687, 116, 12)
     , (1965510657, 67110546, 96, 12)
     , (1965510657, 67111304, 250, 6);

INSERT INTO `ace_object_texture_map_change` (`aceObjectId`, `index`, `oldId`, `newId`)
VALUES (1965510657, 0, 83887061, 83893840)
     , (1965510657, 0, 83887060, 83893839)
     , (1965510657, 0, 83889072, 83893836)
     , (1965510657, 0, 83889342, 83893836);

INSERT INTO `ace_object_animation_change` (`aceObjectId`, `index`, `animationId`)
VALUES (1965510657, 0, 16778367);

INSERT INTO `ace_object` (`aceObjectId`, `aceObjectDescriptionFlags`, `weenieClassId`, `weenieHeaderFlags`, `currentMotionState`, `physicsDescriptionFlag`)
VALUES (1965510656, 2359312, 14423, 20, NULL, 169985);

INSERT INTO `ace_position` (`aceObjectId`, `positionType`, `landblockRaw`, `posX`, `posY`, `posZ`, `qW`, `qX`, `qY`, `qZ`)
VALUES (1965510656, 1, 1383399680, 35.532, -8.65, -5.072499, -0.7298279, 0, 0, -0.6836309);

INSERT INTO `ace_object_properties_string` (`aceObjectId`, `strPropertyId`, `propertyValue`)
VALUES (1965510656, 1, 'Folded Strathelar Guards Uniform');

INSERT INTO `ace_object_properties_did` (`aceObjectId`, `didPropertyId`, `propertyValue`)
VALUES (1965510656, 8, 100672470)
     , (1965510656, 1, 33557480)
     , (1965510656, 3, 536870932)
     , (1965510656, 22, 872415275)
     , (1965510656, 6, 67108990);

INSERT INTO `ace_object_properties_int` (`aceObjectId`, `intPropertyId`, `propertyValue`)
VALUES (1965510656, 53, 101)
     , (1965510656, 1, 2)
     , (1965510656, 5, 500)
     , (1965510656, 16, 1)
     , (1965510656, 4, 81664)
     , (1965510656, 93, 1044);

INSERT INTO `ace_object_properties_bool` (`aceObjectId`, `boolPropertyId`, `propertyValue`)
VALUES (1965510656, 13, True)
     , (1965510656, 11, True)
     , (1965510656, 14, True);

INSERT INTO `ace_object_palette_change` (`aceObjectId`, `subPaletteId`, `offset`, `length`)
VALUES (1965510656, 67113726, 40, 40)
     , (1965510656, 67113687, 80, 12)
     , (1965510656, 67113687, 116, 12)
     , (1965510656, 67110546, 96, 12)
     , (1965510656, 67111304, 250, 6);

INSERT INTO `ace_object_texture_map_change` (`aceObjectId`, `index`, `oldId`, `newId`)
VALUES (1965510656, 0, 83887061, 83893840)
     , (1965510656, 0, 83887060, 83893839)
     , (1965510656, 0, 83889072, 83893836)
     , (1965510656, 0, 83889342, 83893836);

INSERT INTO `ace_object_animation_change` (`aceObjectId`, `index`, `animationId`)
VALUES (1965510656, 0, 16778367);

INSERT INTO `ace_object` (`aceObjectId`, `aceObjectDescriptionFlags`, `weenieClassId`, `weenieHeaderFlags`, `currentMotionState`, `physicsDescriptionFlag`)
VALUES (1965510678, 2359312, 14423, 20, NULL, 169985);

INSERT INTO `ace_position` (`aceObjectId`, `positionType`, `landblockRaw`, `posX`, `posY`, `posZ`, `qW`, `qX`, `qY`, `qZ`)
VALUES (1965510678, 1, 1383399680, 35.6106, -12.1705, -5.072499, -0.6997191, 0, 0, -0.7144181);

INSERT INTO `ace_object_properties_string` (`aceObjectId`, `strPropertyId`, `propertyValue`)
VALUES (1965510678, 1, 'Folded Strathelar Guards Uniform');

INSERT INTO `ace_object_properties_did` (`aceObjectId`, `didPropertyId`, `propertyValue`)
VALUES (1965510678, 8, 100672470)
     , (1965510678, 1, 33557480)
     , (1965510678, 3, 536870932)
     , (1965510678, 22, 872415275)
     , (1965510678, 6, 67108990);

INSERT INTO `ace_object_properties_int` (`aceObjectId`, `intPropertyId`, `propertyValue`)
VALUES (1965510678, 53, 101)
     , (1965510678, 1, 2)
     , (1965510678, 5, 500)
     , (1965510678, 16, 1)
     , (1965510678, 4, 81664)
     , (1965510678, 93, 1044);

INSERT INTO `ace_object_properties_bool` (`aceObjectId`, `boolPropertyId`, `propertyValue`)
VALUES (1965510678, 13, True)
     , (1965510678, 11, True)
     , (1965510678, 14, True);

INSERT INTO `ace_object_palette_change` (`aceObjectId`, `subPaletteId`, `offset`, `length`)
VALUES (1965510678, 67113726, 40, 40)
     , (1965510678, 67113687, 80, 12)
     , (1965510678, 67113687, 116, 12)
     , (1965510678, 67110546, 96, 12)
     , (1965510678, 67111304, 250, 6);

INSERT INTO `ace_object_texture_map_change` (`aceObjectId`, `index`, `oldId`, `newId`)
VALUES (1965510678, 0, 83887061, 83893840)
     , (1965510678, 0, 83887060, 83893839)
     , (1965510678, 0, 83889072, 83893836)
     , (1965510678, 0, 83889342, 83893836);

INSERT INTO `ace_object_animation_change` (`aceObjectId`, `index`, `animationId`)
VALUES (1965510678, 0, 16778367);

INSERT INTO `ace_object` (`aceObjectId`, `aceObjectDescriptionFlags`, `weenieClassId`, `weenieHeaderFlags`, `currentMotionState`, `physicsDescriptionFlag`)
VALUES (1965510666, 2359312, 14423, 20, NULL, 169985);

INSERT INTO `ace_position` (`aceObjectId`, `positionType`, `landblockRaw`, `posX`, `posY`, `posZ`, `qW`, `qX`, `qY`, `qZ`)
VALUES (1965510666, 1, 1383399680, 42.551, -5.663, -5.0825, 0.999411, 0, 0, -0.034315);

INSERT INTO `ace_object_properties_string` (`aceObjectId`, `strPropertyId`, `propertyValue`)
VALUES (1965510666, 1, 'Folded Strathelar Guards Uniform');

INSERT INTO `ace_object_properties_did` (`aceObjectId`, `didPropertyId`, `propertyValue`)
VALUES (1965510666, 8, 100672470)
     , (1965510666, 1, 33557480)
     , (1965510666, 3, 536870932)
     , (1965510666, 22, 872415275)
     , (1965510666, 6, 67108990);

INSERT INTO `ace_object_properties_int` (`aceObjectId`, `intPropertyId`, `propertyValue`)
VALUES (1965510666, 53, 101)
     , (1965510666, 1, 2)
     , (1965510666, 5, 500)
     , (1965510666, 16, 1)
     , (1965510666, 4, 81664)
     , (1965510666, 93, 1044);

INSERT INTO `ace_object_properties_bool` (`aceObjectId`, `boolPropertyId`, `propertyValue`)
VALUES (1965510666, 13, True)
     , (1965510666, 11, True)
     , (1965510666, 14, True);

INSERT INTO `ace_object_palette_change` (`aceObjectId`, `subPaletteId`, `offset`, `length`)
VALUES (1965510666, 67113726, 40, 40)
     , (1965510666, 67113687, 80, 12)
     , (1965510666, 67113687, 116, 12)
     , (1965510666, 67110546, 96, 12)
     , (1965510666, 67111304, 250, 6);

INSERT INTO `ace_object_texture_map_change` (`aceObjectId`, `index`, `oldId`, `newId`)
VALUES (1965510666, 0, 83887061, 83893840)
     , (1965510666, 0, 83887060, 83893839)
     , (1965510666, 0, 83889072, 83893836)
     , (1965510666, 0, 83889342, 83893836);

INSERT INTO `ace_object_animation_change` (`aceObjectId`, `index`, `animationId`)
VALUES (1965510666, 0, 16778367);

INSERT INTO `ace_object` (`aceObjectId`, `aceObjectDescriptionFlags`, `weenieClassId`, `weenieHeaderFlags`, `currentMotionState`, `physicsDescriptionFlag`)
VALUES (1920040960, 6291512, 171, 20, NULL, 169985);

INSERT INTO `ace_position` (`aceObjectId`, `positionType`, `landblockRaw`, `posX`, `posY`, `posZ`, `qW`, `qX`, `qY`, `qZ`)
VALUES (1920040960, 1, 655884544, 149.99, 30.8226, 49.655, -0.7063344, 0, 0, 0.7078784);

INSERT INTO `ace_object_properties_string` (`aceObjectId`, `strPropertyId`, `propertyValue`)
VALUES (1920040960, 1, 'Vat');

INSERT INTO `ace_object_properties_did` (`aceObjectId`, `didPropertyId`, `propertyValue`)
VALUES (1920040960, 8, 100668110)
     , (1920040960, 1, 33554796)
     , (1920040960, 3, 536870932)
     , (1920040960, 22, 872415275)
     , (1920040960, 28, 1183);

INSERT INTO `ace_object_properties_int` (`aceObjectId`, `intPropertyId`, `propertyValue`)
VALUES (1920040960, 53, 101)
     , (1920040960, 1, 4194304)
     , (1920040960, 5, 6000)
     , (1920040960, 16, 48)
     , (1920040960, 19, 200)
     , (1920040960, 93, 66584);

INSERT INTO `ace_object_properties_double` (`aceObjectId`, `dblPropertyId`, `propertyValue`)
VALUES (1920040960, 54, 2);

INSERT INTO `ace_object_properties_bool` (`aceObjectId`, `boolPropertyId`, `propertyValue`)
VALUES (1920040960, 12, True)
     , (1920040960, 11, True)
     , (1920040960, 14, True);

INSERT INTO `ace_object` (`aceObjectId`, `aceObjectDescriptionFlags`, `weenieClassId`, `weenieHeaderFlags`, `currentMotionState`, `physicsDescriptionFlag`)
VALUES (1894490124, 2097200, 8377, 20, NULL, 169985);

INSERT INTO `ace_position` (`aceObjectId`, `positionType`, `landblockRaw`, `posX`, `posY`, `posZ`, `qW`, `qX`, `qY`, `qZ`)
VALUES (1894490124, 1, 247070976, 131.722, 64.308, 2.625, 0.7827767, 0, 0, -0.6223027);

INSERT INTO `ace_object_properties_string` (`aceObjectId`, `strPropertyId`, `propertyValue`)
VALUES (1894490124, 1, 'Beer Keg');

INSERT INTO `ace_object_properties_did` (`aceObjectId`, `didPropertyId`, `propertyValue`)
VALUES (1894490124, 8, 100667431)
     , (1894490124, 1, 33556853)
     , (1894490124, 3, 536870932)
     , (1894490124, 22, 872415275);

INSERT INTO `ace_object_properties_int` (`aceObjectId`, `intPropertyId`, `propertyValue`)
VALUES (1894490124, 53, 101)
     , (1894490124, 1, 4194304)
     , (1894490124, 5, 1000)
     , (1894490124, 16, 48)
     , (1894490124, 93, 1048);

INSERT INTO `ace_object_properties_double` (`aceObjectId`, `dblPropertyId`, `propertyValue`)
VALUES (1894490124, 54, 2);

INSERT INTO `ace_object_properties_bool` (`aceObjectId`, `boolPropertyId`, `propertyValue`)
VALUES (1894490124, 12, True)
     , (1894490124, 11, True)
     , (1894490124, 14, True);

INSERT INTO `ace_object` (`aceObjectId`, `aceObjectDescriptionFlags`, `weenieClassId`, `weenieHeaderFlags`, `currentMotionState`, `physicsDescriptionFlag`)
VALUES (2039111683, 6291512, 174, 20, NULL, 169985);

INSERT INTO `ace_position` (`aceObjectId`, `positionType`, `landblockRaw`, `posX`, `posY`, `posZ`, `qW`, `qX`, `qY`, `qZ`)
VALUES (2039111683, 1, 2561015812, 17.6098, 94.9732, 76, 0.555384, 0, 0, -0.831594);

INSERT INTO `ace_object_properties_string` (`aceObjectId`, `strPropertyId`, `propertyValue`)
VALUES (2039111683, 1, 'Well');

INSERT INTO `ace_object_properties_did` (`aceObjectId`, `didPropertyId`, `propertyValue`)
VALUES (2039111683, 8, 100667466)
     , (2039111683, 1, 33554816)
     , (2039111683, 3, 536870932)
     , (2039111683, 22, 872415275)
     , (2039111683, 28, 1183);

INSERT INTO `ace_object_properties_int` (`aceObjectId`, `intPropertyId`, `propertyValue`)
VALUES (2039111683, 53, 101)
     , (2039111683, 1, 4194304)
     , (2039111683, 5, 6000)
     , (2039111683, 16, 48)
     , (2039111683, 19, 200)
     , (2039111683, 93, 1048);

INSERT INTO `ace_object_properties_double` (`aceObjectId`, `dblPropertyId`, `propertyValue`)
VALUES (2039111683, 54, 2);

INSERT INTO `ace_object_properties_bool` (`aceObjectId`, `boolPropertyId`, `propertyValue`)
VALUES (2039111683, 12, True)
     , (2039111683, 11, True)
     , (2039111683, 14, True);

INSERT INTO `ace_object` (`aceObjectId`, `aceObjectDescriptionFlags`, `weenieClassId`, `weenieHeaderFlags`, `currentMotionState`, `physicsDescriptionFlag`)
VALUES (2039975937, 6291512, 153, 20, NULL, 169985);

INSERT INTO `ace_position` (`aceObjectId`, `positionType`, `landblockRaw`, `posX`, `posY`, `posZ`, `qW`, `qX`, `qY`, `qZ`)
VALUES (2039975937, 1, 2574844162, 107.889, 49.759, 20.7925, 1, 0, 0, 0);

INSERT INTO `ace_object_properties_string` (`aceObjectId`, `strPropertyId`, `propertyValue`)
VALUES (2039975937, 1, 'Fountain');

INSERT INTO `ace_object_properties_did` (`aceObjectId`, `didPropertyId`, `propertyValue`)
VALUES (2039975937, 8, 100668104)
     , (2039975937, 1, 33555071)
     , (2039975937, 3, 536870932)
     , (2039975937, 22, 872415275)
     , (2039975937, 28, 1183);

INSERT INTO `ace_object_properties_int` (`aceObjectId`, `intPropertyId`, `propertyValue`)
VALUES (2039975937, 53, 101)
     , (2039975937, 1, 4194304)
     , (2039975937, 5, 6000)
     , (2039975937, 16, 48)
     , (2039975937, 19, 200)
     , (2039975937, 93, 1048);

INSERT INTO `ace_object_properties_double` (`aceObjectId`, `dblPropertyId`, `propertyValue`)
VALUES (2039975937, 54, 2);

INSERT INTO `ace_object_properties_bool` (`aceObjectId`, `boolPropertyId`, `propertyValue`)
VALUES (2039975937, 12, True)
     , (2039975937, 11, True)
     , (2039975937, 14, True);

INSERT INTO `ace_object` (`aceObjectId`, `aceObjectDescriptionFlags`, `weenieClassId`, `weenieHeaderFlags`, `currentMotionState`, `physicsDescriptionFlag`)
VALUES (1992171525, 6291512, 174, 20, NULL, 169985);

INSERT INTO `ace_position` (`aceObjectId`, `positionType`, `landblockRaw`, `posX`, `posY`, `posZ`, `qW`, `qX`, `qY`, `qZ`)
VALUES (1992171525, 1, 1809973300, 155.928, 77.6639, 84, 1, 0, 0, 0);

INSERT INTO `ace_object_properties_string` (`aceObjectId`, `strPropertyId`, `propertyValue`)
VALUES (1992171525, 1, 'Well');

INSERT INTO `ace_object_properties_did` (`aceObjectId`, `didPropertyId`, `propertyValue`)
VALUES (1992171525, 8, 100667466)
     , (1992171525, 1, 33554816)
     , (1992171525, 3, 536870932)
     , (1992171525, 22, 872415275)
     , (1992171525, 28, 1183);

INSERT INTO `ace_object_properties_int` (`aceObjectId`, `intPropertyId`, `propertyValue`)
VALUES (1992171525, 53, 101)
     , (1992171525, 1, 4194304)
     , (1992171525, 5, 6000)
     , (1992171525, 16, 48)
     , (1992171525, 19, 200)
     , (1992171525, 93, 1048);

INSERT INTO `ace_object_properties_double` (`aceObjectId`, `dblPropertyId`, `propertyValue`)
VALUES (1992171525, 54, 2);

INSERT INTO `ace_object_properties_bool` (`aceObjectId`, `boolPropertyId`, `propertyValue`)
VALUES (1992171525, 12, True)
     , (1992171525, 11, True)
     , (1992171525, 14, True);

INSERT INTO `ace_object` (`aceObjectId`, `aceObjectDescriptionFlags`, `weenieClassId`, `weenieHeaderFlags`, `currentMotionState`, `physicsDescriptionFlag`)
VALUES (1880625224, 6291512, 153, 20, NULL, 169985);

INSERT INTO `ace_position` (`aceObjectId`, `positionType`, `landblockRaw`, `posX`, `posY`, `posZ`, `qW`, `qX`, `qY`, `qZ`)
VALUES (1880625224, 1, 25231922, 89.9997, -56.5433, 17.9925, -4.37114E-08, 0, 0, -1);

INSERT INTO `ace_object_properties_string` (`aceObjectId`, `strPropertyId`, `propertyValue`)
VALUES (1880625224, 1, 'Fountain');

INSERT INTO `ace_object_properties_did` (`aceObjectId`, `didPropertyId`, `propertyValue`)
VALUES (1880625224, 8, 100668104)
     , (1880625224, 1, 33555071)
     , (1880625224, 3, 536870932)
     , (1880625224, 22, 872415275)
     , (1880625224, 28, 1183);

INSERT INTO `ace_object_properties_int` (`aceObjectId`, `intPropertyId`, `propertyValue`)
VALUES (1880625224, 53, 101)
     , (1880625224, 1, 4194304)
     , (1880625224, 5, 6000)
     , (1880625224, 16, 48)
     , (1880625224, 19, 200)
     , (1880625224, 93, 1048);

INSERT INTO `ace_object_properties_double` (`aceObjectId`, `dblPropertyId`, `propertyValue`)
VALUES (1880625224, 54, 2);

INSERT INTO `ace_object_properties_bool` (`aceObjectId`, `boolPropertyId`, `propertyValue`)
VALUES (1880625224, 12, True)
     , (1880625224, 11, True)
     , (1880625224, 14, True);

INSERT INTO `ace_object` (`aceObjectId`, `aceObjectDescriptionFlags`, `weenieClassId`, `weenieHeaderFlags`, `currentMotionState`, `physicsDescriptionFlag`)
VALUES (2009489408, 0, 14341, 20, NULL, 32769);

INSERT INTO `ace_position` (`aceObjectId`, `positionType`, `landblockRaw`, `posX`, `posY`, `posZ`, `qW`, `qX`, `qY`, `qZ`)
VALUES (2009489408, 1, 2087059489, 108, 12, 12.44472, 1, 0, 0, 0);

INSERT INTO `ace_object_properties_string` (`aceObjectId`, `strPropertyId`, `propertyValue`)
VALUES (2009489408, 1, 'Chess Board');

INSERT INTO `ace_object_properties_did` (`aceObjectId`, `didPropertyId`, `propertyValue`)
VALUES (2009489408, 8, 100673558)
     , (2009489408, 1, 33558037);

INSERT INTO `ace_object_properties_int` (`aceObjectId`, `intPropertyId`, `propertyValue`)
VALUES (2009489408, 1, 2147483648)
     , (2009489408, 93, 1040);

INSERT INTO `ace_object_properties_bool` (`aceObjectId`, `boolPropertyId`, `propertyValue`)
VALUES (2009489408, 11, True)
     , (2009489408, 14, True);

INSERT INTO `ace_object` (`aceObjectId`, `aceObjectDescriptionFlags`, `weenieClassId`, `weenieHeaderFlags`, `currentMotionState`, `physicsDescriptionFlag`)
VALUES (2010546183, 6291512, 171, 20, NULL, 169985);

INSERT INTO `ace_position` (`aceObjectId`, `positionType`, `landblockRaw`, `posX`, `posY`, `posZ`, `qW`, `qX`, `qY`, `qZ`)
VALUES (2010546183, 1, 2103968001, 129.155, 5.1085, 9.7, -0.314338, 0, 0, -0.9493111);

INSERT INTO `ace_object_properties_string` (`aceObjectId`, `strPropertyId`, `propertyValue`)
VALUES (2010546183, 1, 'Vat');

INSERT INTO `ace_object_properties_did` (`aceObjectId`, `didPropertyId`, `propertyValue`)
VALUES (2010546183, 8, 100668110)
     , (2010546183, 1, 33554796)
     , (2010546183, 3, 536870932)
     , (2010546183, 22, 872415275)
     , (2010546183, 28, 1183);

INSERT INTO `ace_object_properties_int` (`aceObjectId`, `intPropertyId`, `propertyValue`)
VALUES (2010546183, 53, 101)
     , (2010546183, 1, 4194304)
     , (2010546183, 5, 6000)
     , (2010546183, 16, 48)
     , (2010546183, 19, 200)
     , (2010546183, 93, 66584);

INSERT INTO `ace_object_properties_double` (`aceObjectId`, `dblPropertyId`, `propertyValue`)
VALUES (2010546183, 54, 2);

INSERT INTO `ace_object_properties_bool` (`aceObjectId`, `boolPropertyId`, `propertyValue`)
VALUES (2010546183, 12, True)
     , (2010546183, 11, True)
     , (2010546183, 14, True);

INSERT INTO `ace_object` (`aceObjectId`, `aceObjectDescriptionFlags`, `weenieClassId`, `weenieHeaderFlags`, `currentMotionState`, `physicsDescriptionFlag`)
VALUES (2010546180, 6291512, 153, 20, NULL, 169985);

INSERT INTO `ace_position` (`aceObjectId`, `positionType`, `landblockRaw`, `posX`, `posY`, `posZ`, `qW`, `qX`, `qY`, `qZ`)
VALUES (2010546180, 1, 2103967777, 106.314, 18.9905, 9.992501, -0.6969088, 0, 0, -0.7171597);

INSERT INTO `ace_object_properties_string` (`aceObjectId`, `strPropertyId`, `propertyValue`)
VALUES (2010546180, 1, 'Fountain');

INSERT INTO `ace_object_properties_did` (`aceObjectId`, `didPropertyId`, `propertyValue`)
VALUES (2010546180, 8, 100668104)
     , (2010546180, 1, 33555071)
     , (2010546180, 3, 536870932)
     , (2010546180, 22, 872415275)
     , (2010546180, 28, 1183);

INSERT INTO `ace_object_properties_int` (`aceObjectId`, `intPropertyId`, `propertyValue`)
VALUES (2010546180, 53, 101)
     , (2010546180, 1, 4194304)
     , (2010546180, 5, 6000)
     , (2010546180, 16, 48)
     , (2010546180, 19, 200)
     , (2010546180, 93, 1048);

INSERT INTO `ace_object_properties_double` (`aceObjectId`, `dblPropertyId`, `propertyValue`)
VALUES (2010546180, 54, 2);

INSERT INTO `ace_object_properties_bool` (`aceObjectId`, `boolPropertyId`, `propertyValue`)
VALUES (2010546180, 12, True)
     , (2010546180, 11, True)
     , (2010546180, 14, True);

INSERT INTO `ace_object` (`aceObjectId`, `aceObjectDescriptionFlags`, `weenieClassId`, `weenieHeaderFlags`, `currentMotionState`, `physicsDescriptionFlag`)
VALUES (2018025474, 6291512, 153, 20, NULL, 169985);

INSERT INTO `ace_position` (`aceObjectId`, `positionType`, `landblockRaw`, `posX`, `posY`, `posZ`, `qW`, `qX`, `qY`, `qZ`)
VALUES (2018025474, 1, 2223636761, 155.732, 131.277, 299.9925, 0.9972518, 0, 0, -0.07408658);

INSERT INTO `ace_object_properties_string` (`aceObjectId`, `strPropertyId`, `propertyValue`)
VALUES (2018025474, 1, 'Fountain');

INSERT INTO `ace_object_properties_did` (`aceObjectId`, `didPropertyId`, `propertyValue`)
VALUES (2018025474, 8, 100668104)
     , (2018025474, 1, 33555071)
     , (2018025474, 3, 536870932)
     , (2018025474, 22, 872415275)
     , (2018025474, 28, 1183);

INSERT INTO `ace_object_properties_int` (`aceObjectId`, `intPropertyId`, `propertyValue`)
VALUES (2018025474, 53, 101)
     , (2018025474, 1, 4194304)
     , (2018025474, 5, 6000)
     , (2018025474, 16, 48)
     , (2018025474, 19, 200)
     , (2018025474, 93, 1048);

INSERT INTO `ace_object_properties_double` (`aceObjectId`, `dblPropertyId`, `propertyValue`)
VALUES (2018025474, 54, 2);

INSERT INTO `ace_object_properties_bool` (`aceObjectId`, `boolPropertyId`, `propertyValue`)
VALUES (2018025474, 12, True)
     , (2018025474, 11, True)
     , (2018025474, 14, True);

INSERT INTO `ace_object` (`aceObjectId`, `aceObjectDescriptionFlags`, `weenieClassId`, `weenieHeaderFlags`, `currentMotionState`, `physicsDescriptionFlag`)
VALUES (2046443527, 6291512, 174, 20, NULL, 169985);

INSERT INTO `ace_position` (`aceObjectId`, `positionType`, `landblockRaw`, `posX`, `posY`, `posZ`, `qW`, `qX`, `qY`, `qZ`)
VALUES (2046443527, 1, 2678325303, 152.896, 148.302, 85.64149, -0.315111, 0, 0, 0.949055);

INSERT INTO `ace_object_properties_string` (`aceObjectId`, `strPropertyId`, `propertyValue`)
VALUES (2046443527, 1, 'Well');

INSERT INTO `ace_object_properties_did` (`aceObjectId`, `didPropertyId`, `propertyValue`)
VALUES (2046443527, 8, 100667466)
     , (2046443527, 1, 33554816)
     , (2046443527, 3, 536870932)
     , (2046443527, 22, 872415275)
     , (2046443527, 28, 1183);

INSERT INTO `ace_object_properties_int` (`aceObjectId`, `intPropertyId`, `propertyValue`)
VALUES (2046443527, 53, 101)
     , (2046443527, 1, 4194304)
     , (2046443527, 5, 6000)
     , (2046443527, 16, 48)
     , (2046443527, 19, 200)
     , (2046443527, 93, 1048);

INSERT INTO `ace_object_properties_double` (`aceObjectId`, `dblPropertyId`, `propertyValue`)
VALUES (2046443527, 54, 2);

INSERT INTO `ace_object_properties_bool` (`aceObjectId`, `boolPropertyId`, `propertyValue`)
VALUES (2046443527, 12, True)
     , (2046443527, 11, True)
     , (2046443527, 14, True);

INSERT INTO `ace_object` (`aceObjectId`, `aceObjectDescriptionFlags`, `weenieClassId`, `weenieHeaderFlags`, `currentMotionState`, `physicsDescriptionFlag`)
VALUES (2089320464, 6291512, 6441, 20, NULL, 169985);

INSERT INTO `ace_position` (`aceObjectId`, `positionType`, `landblockRaw`, `posX`, `posY`, `posZ`, `qW`, `qX`, `qY`, `qZ`)
VALUES (2089320464, 1, 3364356112, 36.706, 188.789, 34, -0.7071068, 0, 0, -0.7071068);

INSERT INTO `ace_object_properties_string` (`aceObjectId`, `strPropertyId`, `propertyValue`)
VALUES (2089320464, 1, 'Well');

INSERT INTO `ace_object_properties_did` (`aceObjectId`, `didPropertyId`, `propertyValue`)
VALUES (2089320464, 8, 100667466)
     , (2089320464, 1, 33554712)
     , (2089320464, 3, 536870932)
     , (2089320464, 22, 872415275)
     , (2089320464, 28, 1183);

INSERT INTO `ace_object_properties_int` (`aceObjectId`, `intPropertyId`, `propertyValue`)
VALUES (2089320464, 53, 101)
     , (2089320464, 1, 4194304)
     , (2089320464, 5, 6000)
     , (2089320464, 16, 48)
     , (2089320464, 19, 200)
     , (2089320464, 93, 1048);

INSERT INTO `ace_object_properties_double` (`aceObjectId`, `dblPropertyId`, `propertyValue`)
VALUES (2089320464, 54, 2);

INSERT INTO `ace_object_properties_bool` (`aceObjectId`, `boolPropertyId`, `propertyValue`)
VALUES (2089320464, 12, True)
     , (2089320464, 11, True)
     , (2089320464, 14, True);

INSERT INTO `ace_object` (`aceObjectId`, `aceObjectDescriptionFlags`, `weenieClassId`, `weenieHeaderFlags`, `currentMotionState`, `physicsDescriptionFlag`)
VALUES (2019999752, 6291512, 171, 20, NULL, 169985);

INSERT INTO `ace_position` (`aceObjectId`, `positionType`, `landblockRaw`, `posX`, `posY`, `posZ`, `qW`, `qX`, `qY`, `qZ`)
VALUES (2019999752, 1, 2255225093, 40.7258, 58.7628, 9.7, -0.5776188, 0, 0, 0.8163067);

INSERT INTO `ace_object_properties_string` (`aceObjectId`, `strPropertyId`, `propertyValue`)
VALUES (2019999752, 1, 'Vat');

INSERT INTO `ace_object_properties_did` (`aceObjectId`, `didPropertyId`, `propertyValue`)
VALUES (2019999752, 8, 100668110)
     , (2019999752, 1, 33554796)
     , (2019999752, 3, 536870932)
     , (2019999752, 22, 872415275)
     , (2019999752, 28, 1183);

INSERT INTO `ace_object_properties_int` (`aceObjectId`, `intPropertyId`, `propertyValue`)
VALUES (2019999752, 53, 101)
     , (2019999752, 1, 4194304)
     , (2019999752, 5, 6000)
     , (2019999752, 16, 48)
     , (2019999752, 19, 200)
     , (2019999752, 93, 66584);

INSERT INTO `ace_object_properties_double` (`aceObjectId`, `dblPropertyId`, `propertyValue`)
VALUES (2019999752, 54, 2);

INSERT INTO `ace_object_properties_bool` (`aceObjectId`, `boolPropertyId`, `propertyValue`)
VALUES (2019999752, 12, True)
     , (2019999752, 11, True)
     , (2019999752, 14, True);

INSERT INTO `ace_object` (`aceObjectId`, `aceObjectDescriptionFlags`, `weenieClassId`, `weenieHeaderFlags`, `currentMotionState`, `physicsDescriptionFlag`)
VALUES (2019999754, 6291512, 6441, 20, NULL, 169985);

INSERT INTO `ace_position` (`aceObjectId`, `positionType`, `landblockRaw`, `posX`, `posY`, `posZ`, `qW`, `qX`, `qY`, `qZ`)
VALUES (2019999754, 1, 2255224888, 156.129, 169.143, 10, 0.2177151, 0, 0, -0.9760123);

INSERT INTO `ace_object_properties_string` (`aceObjectId`, `strPropertyId`, `propertyValue`)
VALUES (2019999754, 1, 'Well');

INSERT INTO `ace_object_properties_did` (`aceObjectId`, `didPropertyId`, `propertyValue`)
VALUES (2019999754, 8, 100667466)
     , (2019999754, 1, 33554712)
     , (2019999754, 3, 536870932)
     , (2019999754, 22, 872415275)
     , (2019999754, 28, 1183);

INSERT INTO `ace_object_properties_int` (`aceObjectId`, `intPropertyId`, `propertyValue`)
VALUES (2019999754, 53, 101)
     , (2019999754, 1, 4194304)
     , (2019999754, 5, 6000)
     , (2019999754, 16, 48)
     , (2019999754, 19, 200)
     , (2019999754, 93, 1048);

INSERT INTO `ace_object_properties_double` (`aceObjectId`, `dblPropertyId`, `propertyValue`)
VALUES (2019999754, 54, 2);

INSERT INTO `ace_object_properties_bool` (`aceObjectId`, `boolPropertyId`, `propertyValue`)
VALUES (2019999754, 12, True)
     , (2019999754, 11, True)
     , (2019999754, 14, True);

INSERT INTO `ace_object` (`aceObjectId`, `aceObjectDescriptionFlags`, `weenieClassId`, `weenieHeaderFlags`, `currentMotionState`, `physicsDescriptionFlag`)
VALUES (2034745346, 6291512, 174, 20, NULL, 169985);

INSERT INTO `ace_position` (`aceObjectId`, `positionType`, `landblockRaw`, `posX`, `posY`, `posZ`, `qW`, `qX`, `qY`, `qZ`)
VALUES (2034745346, 1, 2491154450, 60.0771, 28.4278, 38, -0.809004, 0, 0, 0.587804);

INSERT INTO `ace_object_properties_string` (`aceObjectId`, `strPropertyId`, `propertyValue`)
VALUES (2034745346, 1, 'Well');

INSERT INTO `ace_object_properties_did` (`aceObjectId`, `didPropertyId`, `propertyValue`)
VALUES (2034745346, 8, 100667466)
     , (2034745346, 1, 33554816)
     , (2034745346, 3, 536870932)
     , (2034745346, 22, 872415275)
     , (2034745346, 28, 1183);

INSERT INTO `ace_object_properties_int` (`aceObjectId`, `intPropertyId`, `propertyValue`)
VALUES (2034745346, 53, 101)
     , (2034745346, 1, 4194304)
     , (2034745346, 5, 6000)
     , (2034745346, 16, 48)
     , (2034745346, 19, 200)
     , (2034745346, 93, 1048);

INSERT INTO `ace_object_properties_double` (`aceObjectId`, `dblPropertyId`, `propertyValue`)
VALUES (2034745346, 54, 2);

INSERT INTO `ace_object_properties_bool` (`aceObjectId`, `boolPropertyId`, `propertyValue`)
VALUES (2034745346, 12, True)
     , (2034745346, 11, True)
     , (2034745346, 14, True);

INSERT INTO `ace_object` (`aceObjectId`, `aceObjectDescriptionFlags`, `weenieClassId`, `weenieHeaderFlags`, `currentMotionState`, `physicsDescriptionFlag`)
VALUES (1880522776, 6291512, 152, 20, NULL, 169985);

INSERT INTO `ace_position` (`aceObjectId`, `positionType`, `landblockRaw`, `posX`, `posY`, `posZ`, `qW`, `qX`, `qY`, `qZ`)
VALUES (1880522776, 1, 23593321, 68.6583, -50.7356, -0.00749898, 0.7071068, 0, 0, -0.7071068);

INSERT INTO `ace_object_properties_string` (`aceObjectId`, `strPropertyId`, `propertyValue`)
VALUES (1880522776, 1, 'Font');

INSERT INTO `ace_object_properties_did` (`aceObjectId`, `didPropertyId`, `propertyValue`)
VALUES (1880522776, 8, 100668104)
     , (1880522776, 1, 33554710)
     , (1880522776, 3, 536870932)
     , (1880522776, 22, 872415275)
     , (1880522776, 28, 1183);

INSERT INTO `ace_object_properties_int` (`aceObjectId`, `intPropertyId`, `propertyValue`)
VALUES (1880522776, 53, 101)
     , (1880522776, 1, 4194304)
     , (1880522776, 5, 6000)
     , (1880522776, 16, 48)
     , (1880522776, 19, 200)
     , (1880522776, 93, 1048);

INSERT INTO `ace_object_properties_double` (`aceObjectId`, `dblPropertyId`, `propertyValue`)
VALUES (1880522776, 54, 2);

INSERT INTO `ace_object_properties_bool` (`aceObjectId`, `boolPropertyId`, `propertyValue`)
VALUES (1880522776, 12, True)
     , (1880522776, 11, True)
     , (1880522776, 14, True);

INSERT INTO `ace_object` (`aceObjectId`, `aceObjectDescriptionFlags`, `weenieClassId`, `weenieHeaderFlags`, `currentMotionState`, `physicsDescriptionFlag`)
VALUES (1880522774, 6291512, 165, 20, NULL, 169985);

INSERT INTO `ace_position` (`aceObjectId`, `positionType`, `landblockRaw`, `posX`, `posY`, `posZ`, `qW`, `qX`, `qY`, `qZ`)
VALUES (1880522774, 1, 23593302, 60, -60, 0.05, -4.37114E-08, 0, 0, -1);

INSERT INTO `ace_object_properties_string` (`aceObjectId`, `strPropertyId`, `propertyValue`)
VALUES (1880522774, 1, 'Pool');

INSERT INTO `ace_object_properties_did` (`aceObjectId`, `didPropertyId`, `propertyValue`)
VALUES (1880522774, 8, 100668107)
     , (1880522774, 1, 33554711)
     , (1880522774, 3, 536870932)
     , (1880522774, 22, 872415275)
     , (1880522774, 28, 1183);

INSERT INTO `ace_object_properties_int` (`aceObjectId`, `intPropertyId`, `propertyValue`)
VALUES (1880522774, 53, 101)
     , (1880522774, 1, 4194304)
     , (1880522774, 5, 6000)
     , (1880522774, 16, 48)
     , (1880522774, 19, 200)
     , (1880522774, 93, 66584);

INSERT INTO `ace_object_properties_double` (`aceObjectId`, `dblPropertyId`, `propertyValue`)
VALUES (1880522774, 54, 2);

INSERT INTO `ace_object_properties_bool` (`aceObjectId`, `boolPropertyId`, `propertyValue`)
VALUES (1880522774, 12, True)
     , (1880522774, 11, True)
     , (1880522774, 14, True);

INSERT INTO `ace_object` (`aceObjectId`, `aceObjectDescriptionFlags`, `weenieClassId`, `weenieHeaderFlags`, `currentMotionState`, `physicsDescriptionFlag`)
VALUES (1880522760, 6291512, 153, 20, NULL, 169985);

INSERT INTO `ace_position` (`aceObjectId`, `positionType`, `landblockRaw`, `posX`, `posY`, `posZ`, `qW`, `qX`, `qY`, `qZ`)
VALUES (1880522760, 1, 23593245, 70, -120, -6.007499, 1, 0, 0, 0);

INSERT INTO `ace_object_properties_string` (`aceObjectId`, `strPropertyId`, `propertyValue`)
VALUES (1880522760, 1, 'Fountain');

INSERT INTO `ace_object_properties_did` (`aceObjectId`, `didPropertyId`, `propertyValue`)
VALUES (1880522760, 8, 100668104)
     , (1880522760, 1, 33555071)
     , (1880522760, 3, 536870932)
     , (1880522760, 22, 872415275)
     , (1880522760, 28, 1183);

INSERT INTO `ace_object_properties_int` (`aceObjectId`, `intPropertyId`, `propertyValue`)
VALUES (1880522760, 53, 101)
     , (1880522760, 1, 4194304)
     , (1880522760, 5, 6000)
     , (1880522760, 16, 48)
     , (1880522760, 19, 200)
     , (1880522760, 93, 1048);

INSERT INTO `ace_object_properties_double` (`aceObjectId`, `dblPropertyId`, `propertyValue`)
VALUES (1880522760, 54, 2);

INSERT INTO `ace_object_properties_bool` (`aceObjectId`, `boolPropertyId`, `propertyValue`)
VALUES (1880522760, 12, True)
     , (1880522760, 11, True)
     , (1880522760, 14, True);

INSERT INTO `ace_object` (`aceObjectId`, `aceObjectDescriptionFlags`, `weenieClassId`, `weenieHeaderFlags`, `currentMotionState`, `physicsDescriptionFlag`)
VALUES (1880776884, 6291512, 174, 20, NULL, 169985);

INSERT INTO `ace_position` (`aceObjectId`, `positionType`, `landblockRaw`, `posX`, `posY`, `posZ`, `qW`, `qX`, `qY`, `qZ`)
VALUES (1880776884, 1, 27656884, 30, -50, 12, 0.707107, 0, 0, -0.707107);

INSERT INTO `ace_object_properties_string` (`aceObjectId`, `strPropertyId`, `propertyValue`)
VALUES (1880776884, 1, 'Well');

INSERT INTO `ace_object_properties_did` (`aceObjectId`, `didPropertyId`, `propertyValue`)
VALUES (1880776884, 8, 100667466)
     , (1880776884, 1, 33554816)
     , (1880776884, 3, 536870932)
     , (1880776884, 22, 872415275)
     , (1880776884, 28, 1183);

INSERT INTO `ace_object_properties_int` (`aceObjectId`, `intPropertyId`, `propertyValue`)
VALUES (1880776884, 53, 101)
     , (1880776884, 1, 4194304)
     , (1880776884, 5, 6000)
     , (1880776884, 16, 48)
     , (1880776884, 19, 200)
     , (1880776884, 93, 1048);

INSERT INTO `ace_object_properties_double` (`aceObjectId`, `dblPropertyId`, `propertyValue`)
VALUES (1880776884, 54, 2);

INSERT INTO `ace_object_properties_bool` (`aceObjectId`, `boolPropertyId`, `propertyValue`)
VALUES (1880776884, 12, True)
     , (1880776884, 11, True)
     , (1880776884, 14, True);

INSERT INTO `ace_object` (`aceObjectId`, `aceObjectDescriptionFlags`, `weenieClassId`, `weenieHeaderFlags`, `currentMotionState`, `physicsDescriptionFlag`)
VALUES (2008645648, 6291512, 6441, 20, NULL, 169985);

INSERT INTO `ace_position` (`aceObjectId`, `positionType`, `landblockRaw`, `posX`, `posY`, `posZ`, `qW`, `qX`, `qY`, `qZ`)
VALUES (2008645648, 1, 2073559058, 57.549, 31.459, 112.7958, 1, 0, 0, 0);

INSERT INTO `ace_object_properties_string` (`aceObjectId`, `strPropertyId`, `propertyValue`)
VALUES (2008645648, 1, 'Well');

INSERT INTO `ace_object_properties_did` (`aceObjectId`, `didPropertyId`, `propertyValue`)
VALUES (2008645648, 8, 100667466)
     , (2008645648, 1, 33554712)
     , (2008645648, 3, 536870932)
     , (2008645648, 22, 872415275)
     , (2008645648, 28, 1183);

INSERT INTO `ace_object_properties_int` (`aceObjectId`, `intPropertyId`, `propertyValue`)
VALUES (2008645648, 53, 101)
     , (2008645648, 1, 4194304)
     , (2008645648, 5, 6000)
     , (2008645648, 16, 48)
     , (2008645648, 19, 200)
     , (2008645648, 93, 1048);

INSERT INTO `ace_object_properties_double` (`aceObjectId`, `dblPropertyId`, `propertyValue`)
VALUES (2008645648, 54, 2);

INSERT INTO `ace_object_properties_bool` (`aceObjectId`, `boolPropertyId`, `propertyValue`)
VALUES (2008645648, 12, True)
     , (2008645648, 11, True)
     , (2008645648, 14, True);

INSERT INTO `ace_object` (`aceObjectId`, `aceObjectDescriptionFlags`, `weenieClassId`, `weenieHeaderFlags`, `currentMotionState`, `physicsDescriptionFlag`)
VALUES (2060963846, 6291512, 153, 20, NULL, 169985);

INSERT INTO `ace_position` (`aceObjectId`, `positionType`, `landblockRaw`, `posX`, `posY`, `posZ`, `qW`, `qX`, `qY`, `qZ`)
VALUES (2060963846, 1, 2910650640, 36, 78, 51.9925, 1, 0, 0, 0);

INSERT INTO `ace_object_properties_string` (`aceObjectId`, `strPropertyId`, `propertyValue`)
VALUES (2060963846, 1, 'Fountain');

INSERT INTO `ace_object_properties_did` (`aceObjectId`, `didPropertyId`, `propertyValue`)
VALUES (2060963846, 8, 100668104)
     , (2060963846, 1, 33555071)
     , (2060963846, 3, 536870932)
     , (2060963846, 22, 872415275)
     , (2060963846, 28, 1183);

INSERT INTO `ace_object_properties_int` (`aceObjectId`, `intPropertyId`, `propertyValue`)
VALUES (2060963846, 53, 101)
     , (2060963846, 1, 4194304)
     , (2060963846, 5, 6000)
     , (2060963846, 16, 48)
     , (2060963846, 19, 200)
     , (2060963846, 93, 1048);

INSERT INTO `ace_object_properties_double` (`aceObjectId`, `dblPropertyId`, `propertyValue`)
VALUES (2060963846, 54, 2);

INSERT INTO `ace_object_properties_bool` (`aceObjectId`, `boolPropertyId`, `propertyValue`)
VALUES (2060963846, 12, True)
     , (2060963846, 11, True)
     , (2060963846, 14, True);

INSERT INTO `ace_object` (`aceObjectId`, `aceObjectDescriptionFlags`, `weenieClassId`, `weenieHeaderFlags`, `currentMotionState`, `physicsDescriptionFlag`)
VALUES (2116337664, 6291512, 153, 20, NULL, 169985);

INSERT INTO `ace_position` (`aceObjectId`, `positionType`, `landblockRaw`, `posX`, `posY`, `posZ`, `qW`, `qX`, `qY`, `qZ`)
VALUES (2116337664, 1, 3796631568, 35.852, 174.563, 23.9925, 0.5167497, 0, 0, 0.8561365);

INSERT INTO `ace_object_properties_string` (`aceObjectId`, `strPropertyId`, `propertyValue`)
VALUES (2116337664, 1, 'Fountain');

INSERT INTO `ace_object_properties_did` (`aceObjectId`, `didPropertyId`, `propertyValue`)
VALUES (2116337664, 8, 100668104)
     , (2116337664, 1, 33555071)
     , (2116337664, 3, 536870932)
     , (2116337664, 22, 872415275)
     , (2116337664, 28, 1183);

INSERT INTO `ace_object_properties_int` (`aceObjectId`, `intPropertyId`, `propertyValue`)
VALUES (2116337664, 53, 101)
     , (2116337664, 1, 4194304)
     , (2116337664, 5, 6000)
     , (2116337664, 16, 48)
     , (2116337664, 19, 200)
     , (2116337664, 93, 1048);

INSERT INTO `ace_object_properties_double` (`aceObjectId`, `dblPropertyId`, `propertyValue`)
VALUES (2116337664, 54, 2);

INSERT INTO `ace_object_properties_bool` (`aceObjectId`, `boolPropertyId`, `propertyValue`)
VALUES (2116337664, 12, True)
     , (2116337664, 11, True)
     , (2116337664, 14, True);

INSERT INTO `ace_object` (`aceObjectId`, `aceObjectDescriptionFlags`, `weenieClassId`, `weenieHeaderFlags`, `currentMotionState`, `physicsDescriptionFlag`)
VALUES (2002485250, 6291512, 174, 20, NULL, 169985);

INSERT INTO `ace_position` (`aceObjectId`, `positionType`, `landblockRaw`, `posX`, `posY`, `posZ`, `qW`, `qX`, `qY`, `qZ`)
VALUES (2002485250, 1, 1974992928, 78.8868, 173.445, 128, -0.785294, 0, 0, -0.619123);

INSERT INTO `ace_object_properties_string` (`aceObjectId`, `strPropertyId`, `propertyValue`)
VALUES (2002485250, 1, 'Well');

INSERT INTO `ace_object_properties_did` (`aceObjectId`, `didPropertyId`, `propertyValue`)
VALUES (2002485250, 8, 100667466)
     , (2002485250, 1, 33554816)
     , (2002485250, 3, 536870932)
     , (2002485250, 22, 872415275)
     , (2002485250, 28, 1183);

INSERT INTO `ace_object_properties_int` (`aceObjectId`, `intPropertyId`, `propertyValue`)
VALUES (2002485250, 53, 101)
     , (2002485250, 1, 4194304)
     , (2002485250, 5, 6000)
     , (2002485250, 16, 48)
     , (2002485250, 19, 200)
     , (2002485250, 93, 1048);

INSERT INTO `ace_object_properties_double` (`aceObjectId`, `dblPropertyId`, `propertyValue`)
VALUES (2002485250, 54, 2);

INSERT INTO `ace_object_properties_bool` (`aceObjectId`, `boolPropertyId`, `propertyValue`)
VALUES (2002485250, 12, True)
     , (2002485250, 11, True)
     , (2002485250, 14, True);

INSERT INTO `ace_object` (`aceObjectId`, `aceObjectDescriptionFlags`, `weenieClassId`, `weenieHeaderFlags`, `currentMotionState`, `physicsDescriptionFlag`)
VALUES (2007801868, 2097200, 8377, 20, NULL, 169985);

INSERT INTO `ace_position` (`aceObjectId`, `positionType`, `landblockRaw`, `posX`, `posY`, `posZ`, `qW`, `qX`, `qY`, `qZ`)
VALUES (2007801868, 1, 2060058896, 33.25, 38.75, 200.9241, 1, 0, 0, 0);

INSERT INTO `ace_object_properties_string` (`aceObjectId`, `strPropertyId`, `propertyValue`)
VALUES (2007801868, 1, 'Beer Keg');

INSERT INTO `ace_object_properties_did` (`aceObjectId`, `didPropertyId`, `propertyValue`)
VALUES (2007801868, 8, 100667431)
     , (2007801868, 1, 33556853)
     , (2007801868, 3, 536870932)
     , (2007801868, 22, 872415275);

INSERT INTO `ace_object_properties_int` (`aceObjectId`, `intPropertyId`, `propertyValue`)
VALUES (2007801868, 53, 101)
     , (2007801868, 1, 4194304)
     , (2007801868, 5, 1000)
     , (2007801868, 16, 48)
     , (2007801868, 93, 1048);

INSERT INTO `ace_object_properties_double` (`aceObjectId`, `dblPropertyId`, `propertyValue`)
VALUES (2007801868, 54, 2);

INSERT INTO `ace_object_properties_bool` (`aceObjectId`, `boolPropertyId`, `propertyValue`)
VALUES (2007801868, 12, True)
     , (2007801868, 11, True)
     , (2007801868, 14, True);

INSERT INTO `ace_object` (`aceObjectId`, `aceObjectDescriptionFlags`, `weenieClassId`, `weenieHeaderFlags`, `currentMotionState`, `physicsDescriptionFlag`)
VALUES (2007801865, 6291512, 153, 20, NULL, 169985);

INSERT INTO `ace_position` (`aceObjectId`, `positionType`, `landblockRaw`, `posX`, `posY`, `posZ`, `qW`, `qX`, `qY`, `qZ`)
VALUES (2007801865, 1, 2060058650, 75.388, 29.914, 199.9925, 1, 0, 0, 0);

INSERT INTO `ace_object_properties_string` (`aceObjectId`, `strPropertyId`, `propertyValue`)
VALUES (2007801865, 1, 'Fountain');

INSERT INTO `ace_object_properties_did` (`aceObjectId`, `didPropertyId`, `propertyValue`)
VALUES (2007801865, 8, 100668104)
     , (2007801865, 1, 33555071)
     , (2007801865, 3, 536870932)
     , (2007801865, 22, 872415275)
     , (2007801865, 28, 1183);

INSERT INTO `ace_object_properties_int` (`aceObjectId`, `intPropertyId`, `propertyValue`)
VALUES (2007801865, 53, 101)
     , (2007801865, 1, 4194304)
     , (2007801865, 5, 6000)
     , (2007801865, 16, 48)
     , (2007801865, 19, 200)
     , (2007801865, 93, 1048);

INSERT INTO `ace_object_properties_double` (`aceObjectId`, `dblPropertyId`, `propertyValue`)
VALUES (2007801865, 54, 2);

INSERT INTO `ace_object_properties_bool` (`aceObjectId`, `boolPropertyId`, `propertyValue`)
VALUES (2007801865, 12, True)
     , (2007801865, 11, True)
     , (2007801865, 14, True);

INSERT INTO `ace_object` (`aceObjectId`, `aceObjectDescriptionFlags`, `weenieClassId`, `weenieHeaderFlags`, `currentMotionState`, `physicsDescriptionFlag`)
VALUES (1880182825, 6291512, 153, 20, NULL, 169985);

INSERT INTO `ace_position` (`aceObjectId`, `positionType`, `landblockRaw`, `posX`, `posY`, `posZ`, `qW`, `qX`, `qY`, `qZ`)
VALUES (1880182825, 1, 18153890, 80, -60, 11.9925, 1, 0, 0, 0);

INSERT INTO `ace_object_properties_string` (`aceObjectId`, `strPropertyId`, `propertyValue`)
VALUES (1880182825, 1, 'Fountain');

INSERT INTO `ace_object_properties_did` (`aceObjectId`, `didPropertyId`, `propertyValue`)
VALUES (1880182825, 8, 100668104)
     , (1880182825, 1, 33555071)
     , (1880182825, 3, 536870932)
     , (1880182825, 22, 872415275)
     , (1880182825, 28, 1183);

INSERT INTO `ace_object_properties_int` (`aceObjectId`, `intPropertyId`, `propertyValue`)
VALUES (1880182825, 53, 101)
     , (1880182825, 1, 4194304)
     , (1880182825, 5, 6000)
     , (1880182825, 16, 48)
     , (1880182825, 19, 200)
     , (1880182825, 93, 1048);

INSERT INTO `ace_object_properties_double` (`aceObjectId`, `dblPropertyId`, `propertyValue`)
VALUES (1880182825, 54, 2);

INSERT INTO `ace_object_properties_bool` (`aceObjectId`, `boolPropertyId`, `propertyValue`)
VALUES (1880182825, 12, True)
     , (1880182825, 11, True)
     , (1880182825, 14, True);

INSERT INTO `ace_object` (`aceObjectId`, `aceObjectDescriptionFlags`, `weenieClassId`, `weenieHeaderFlags`, `currentMotionState`, `physicsDescriptionFlag`)
VALUES (1880182817, 6291512, 153, 20, NULL, 169985);

INSERT INTO `ace_position` (`aceObjectId`, `positionType`, `landblockRaw`, `posX`, `posY`, `posZ`, `qW`, `qX`, `qY`, `qZ`)
VALUES (1880182817, 1, 18153814, 50, -50, 5.992501, -4.37114E-08, 0, 0, -1);

INSERT INTO `ace_object_properties_string` (`aceObjectId`, `strPropertyId`, `propertyValue`)
VALUES (1880182817, 1, 'Fountain');

INSERT INTO `ace_object_properties_did` (`aceObjectId`, `didPropertyId`, `propertyValue`)
VALUES (1880182817, 8, 100668104)
     , (1880182817, 1, 33555071)
     , (1880182817, 3, 536870932)
     , (1880182817, 22, 872415275)
     , (1880182817, 28, 1183);

INSERT INTO `ace_object_properties_int` (`aceObjectId`, `intPropertyId`, `propertyValue`)
VALUES (1880182817, 53, 101)
     , (1880182817, 1, 4194304)
     , (1880182817, 5, 6000)
     , (1880182817, 16, 48)
     , (1880182817, 19, 200)
     , (1880182817, 93, 1048);

INSERT INTO `ace_object_properties_double` (`aceObjectId`, `dblPropertyId`, `propertyValue`)
VALUES (1880182817, 54, 2);

INSERT INTO `ace_object_properties_bool` (`aceObjectId`, `boolPropertyId`, `propertyValue`)
VALUES (1880182817, 12, True)
     , (1880182817, 11, True)
     , (1880182817, 14, True);

INSERT INTO `ace_object` (`aceObjectId`, `aceObjectDescriptionFlags`, `weenieClassId`, `weenieHeaderFlags`, `currentMotionState`, `physicsDescriptionFlag`)
VALUES (2012229733, 2097200, 8377, 20, NULL, 169985);

INSERT INTO `ace_position` (`aceObjectId`, `positionType`, `landblockRaw`, `posX`, `posY`, `posZ`, `qW`, `qX`, `qY`, `qZ`)
VALUES (2012229733, 1, 2130903851, 73.3792, -72.9959, 12.793, 0.285455, 0, 0, -0.9583921);

INSERT INTO `ace_object_properties_string` (`aceObjectId`, `strPropertyId`, `propertyValue`)
VALUES (2012229733, 1, 'Beer Keg');

INSERT INTO `ace_object_properties_did` (`aceObjectId`, `didPropertyId`, `propertyValue`)
VALUES (2012229733, 8, 100667431)
     , (2012229733, 1, 33556853)
     , (2012229733, 3, 536870932)
     , (2012229733, 22, 872415275);

INSERT INTO `ace_object_properties_int` (`aceObjectId`, `intPropertyId`, `propertyValue`)
VALUES (2012229733, 53, 101)
     , (2012229733, 1, 4194304)
     , (2012229733, 5, 1000)
     , (2012229733, 16, 48)
     , (2012229733, 93, 1048);

INSERT INTO `ace_object_properties_double` (`aceObjectId`, `dblPropertyId`, `propertyValue`)
VALUES (2012229733, 54, 2);

INSERT INTO `ace_object_properties_bool` (`aceObjectId`, `boolPropertyId`, `propertyValue`)
VALUES (2012229733, 12, True)
     , (2012229733, 11, True)
     , (2012229733, 14, True);

INSERT INTO `ace_object` (`aceObjectId`, `aceObjectDescriptionFlags`, `weenieClassId`, `weenieHeaderFlags`, `currentMotionState`, `physicsDescriptionFlag`)
VALUES (1880842265, 6291512, 165, 20, NULL, 169985);

INSERT INTO `ace_position` (`aceObjectId`, `positionType`, `landblockRaw`, `posX`, `posY`, `posZ`, `qW`, `qX`, `qY`, `qZ`)
VALUES (1880842265, 1, 28705081, 40, -20, 0.05, 0.7071068, 0, 0, -0.7071068);

INSERT INTO `ace_object_properties_string` (`aceObjectId`, `strPropertyId`, `propertyValue`)
VALUES (1880842265, 1, 'Pool');

INSERT INTO `ace_object_properties_did` (`aceObjectId`, `didPropertyId`, `propertyValue`)
VALUES (1880842265, 8, 100668107)
     , (1880842265, 1, 33554711)
     , (1880842265, 3, 536870932)
     , (1880842265, 22, 872415275)
     , (1880842265, 28, 1183);

INSERT INTO `ace_object_properties_int` (`aceObjectId`, `intPropertyId`, `propertyValue`)
VALUES (1880842265, 53, 101)
     , (1880842265, 1, 4194304)
     , (1880842265, 5, 6000)
     , (1880842265, 16, 48)
     , (1880842265, 19, 200)
     , (1880842265, 93, 66584);

INSERT INTO `ace_object_properties_double` (`aceObjectId`, `dblPropertyId`, `propertyValue`)
VALUES (1880842265, 54, 2);

INSERT INTO `ace_object_properties_bool` (`aceObjectId`, `boolPropertyId`, `propertyValue`)
VALUES (1880842265, 12, True)
     , (1880842265, 11, True)
     , (1880842265, 14, True);

INSERT INTO `ace_object` (`aceObjectId`, `aceObjectDescriptionFlags`, `weenieClassId`, `weenieHeaderFlags`, `currentMotionState`, `physicsDescriptionFlag`)
VALUES (1880842269, 6291512, 165, 20, NULL, 169985);

INSERT INTO `ace_position` (`aceObjectId`, `positionType`, `landblockRaw`, `posX`, `posY`, `posZ`, `qW`, `qX`, `qY`, `qZ`)
VALUES (1880842269, 1, 28705085, 40, -60, 0.05, -0.7071068, 0, 0, -0.7071068);

INSERT INTO `ace_object_properties_string` (`aceObjectId`, `strPropertyId`, `propertyValue`)
VALUES (1880842269, 1, 'Pool');

INSERT INTO `ace_object_properties_did` (`aceObjectId`, `didPropertyId`, `propertyValue`)
VALUES (1880842269, 8, 100668107)
     , (1880842269, 1, 33554711)
     , (1880842269, 3, 536870932)
     , (1880842269, 22, 872415275)
     , (1880842269, 28, 1183);

INSERT INTO `ace_object_properties_int` (`aceObjectId`, `intPropertyId`, `propertyValue`)
VALUES (1880842269, 53, 101)
     , (1880842269, 1, 4194304)
     , (1880842269, 5, 6000)
     , (1880842269, 16, 48)
     , (1880842269, 19, 200)
     , (1880842269, 93, 66584);

INSERT INTO `ace_object_properties_double` (`aceObjectId`, `dblPropertyId`, `propertyValue`)
VALUES (1880842269, 54, 2);

INSERT INTO `ace_object_properties_bool` (`aceObjectId`, `boolPropertyId`, `propertyValue`)
VALUES (1880842269, 12, True)
     , (1880842269, 11, True)
     , (1880842269, 14, True);

INSERT INTO `ace_object` (`aceObjectId`, `aceObjectDescriptionFlags`, `weenieClassId`, `weenieHeaderFlags`, `currentMotionState`, `physicsDescriptionFlag`)
VALUES (1880842250, 6291512, 165, 20, NULL, 169985);

INSERT INTO `ace_position` (`aceObjectId`, `positionType`, `landblockRaw`, `posX`, `posY`, `posZ`, `qW`, `qX`, `qY`, `qZ`)
VALUES (1880842250, 1, 28705053, 20, 0, 0.05, -4.37114E-08, 0, 0, -1);

INSERT INTO `ace_object_properties_string` (`aceObjectId`, `strPropertyId`, `propertyValue`)
VALUES (1880842250, 1, 'Pool');

INSERT INTO `ace_object_properties_did` (`aceObjectId`, `didPropertyId`, `propertyValue`)
VALUES (1880842250, 8, 100668107)
     , (1880842250, 1, 33554711)
     , (1880842250, 3, 536870932)
     , (1880842250, 22, 872415275)
     , (1880842250, 28, 1183);

INSERT INTO `ace_object_properties_int` (`aceObjectId`, `intPropertyId`, `propertyValue`)
VALUES (1880842250, 53, 101)
     , (1880842250, 1, 4194304)
     , (1880842250, 5, 6000)
     , (1880842250, 16, 48)
     , (1880842250, 19, 200)
     , (1880842250, 93, 66584);

INSERT INTO `ace_object_properties_double` (`aceObjectId`, `dblPropertyId`, `propertyValue`)
VALUES (1880842250, 54, 2);

INSERT INTO `ace_object_properties_bool` (`aceObjectId`, `boolPropertyId`, `propertyValue`)
VALUES (1880842250, 12, True)
     , (1880842250, 11, True)
     , (1880842250, 14, True);

INSERT INTO `ace_object` (`aceObjectId`, `aceObjectDescriptionFlags`, `weenieClassId`, `weenieHeaderFlags`, `currentMotionState`, `physicsDescriptionFlag`)
VALUES (1880842274, 6291512, 165, 20, NULL, 169985);

INSERT INTO `ace_position` (`aceObjectId`, `positionType`, `landblockRaw`, `posX`, `posY`, `posZ`, `qW`, `qX`, `qY`, `qZ`)
VALUES (1880842274, 1, 28705097, 60, -60, 0.05, -4.37114E-08, 0, 0, -1);

INSERT INTO `ace_object_properties_string` (`aceObjectId`, `strPropertyId`, `propertyValue`)
VALUES (1880842274, 1, 'Pool');

INSERT INTO `ace_object_properties_did` (`aceObjectId`, `didPropertyId`, `propertyValue`)
VALUES (1880842274, 8, 100668107)
     , (1880842274, 1, 33554711)
     , (1880842274, 3, 536870932)
     , (1880842274, 22, 872415275)
     , (1880842274, 28, 1183);

INSERT INTO `ace_object_properties_int` (`aceObjectId`, `intPropertyId`, `propertyValue`)
VALUES (1880842274, 53, 101)
     , (1880842274, 1, 4194304)
     , (1880842274, 5, 6000)
     , (1880842274, 16, 48)
     , (1880842274, 19, 200)
     , (1880842274, 93, 66584);

INSERT INTO `ace_object_properties_double` (`aceObjectId`, `dblPropertyId`, `propertyValue`)
VALUES (1880842274, 54, 2);

INSERT INTO `ace_object_properties_bool` (`aceObjectId`, `boolPropertyId`, `propertyValue`)
VALUES (1880842274, 12, True)
     , (1880842274, 11, True)
     , (1880842274, 14, True);

INSERT INTO `ace_object` (`aceObjectId`, `aceObjectDescriptionFlags`, `weenieClassId`, `weenieHeaderFlags`, `currentMotionState`, `physicsDescriptionFlag`)
VALUES (1880842268, 6291512, 153, 20, NULL, 169985);

INSERT INTO `ace_position` (`aceObjectId`, `positionType`, `landblockRaw`, `posX`, `posY`, `posZ`, `qW`, `qX`, `qY`, `qZ`)
VALUES (1880842268, 1, 28705083, 40, -40, -0.00749898, -0.7071068, 0, 0, -0.7071068);

INSERT INTO `ace_object_properties_string` (`aceObjectId`, `strPropertyId`, `propertyValue`)
VALUES (1880842268, 1, 'Fountain');

INSERT INTO `ace_object_properties_did` (`aceObjectId`, `didPropertyId`, `propertyValue`)
VALUES (1880842268, 8, 100668104)
     , (1880842268, 1, 33555071)
     , (1880842268, 3, 536870932)
     , (1880842268, 22, 872415275)
     , (1880842268, 28, 1183);

INSERT INTO `ace_object_properties_int` (`aceObjectId`, `intPropertyId`, `propertyValue`)
VALUES (1880842268, 53, 101)
     , (1880842268, 1, 4194304)
     , (1880842268, 5, 6000)
     , (1880842268, 16, 48)
     , (1880842268, 19, 200)
     , (1880842268, 93, 1048);

INSERT INTO `ace_object_properties_double` (`aceObjectId`, `dblPropertyId`, `propertyValue`)
VALUES (1880842268, 54, 2);

INSERT INTO `ace_object_properties_bool` (`aceObjectId`, `boolPropertyId`, `propertyValue`)
VALUES (1880842268, 12, True)
     , (1880842268, 11, True)
     , (1880842268, 14, True);

INSERT INTO `ace_object` (`aceObjectId`, `aceObjectDescriptionFlags`, `weenieClassId`, `weenieHeaderFlags`, `currentMotionState`, `physicsDescriptionFlag`)
VALUES (1880842277, 6291512, 165, 20, NULL, 169985);

INSERT INTO `ace_position` (`aceObjectId`, `positionType`, `landblockRaw`, `posX`, `posY`, `posZ`, `qW`, `qX`, `qY`, `qZ`)
VALUES (1880842277, 1, 28705112, 90.0923, -21.9394, 0.05, 1, 0, 0, 0);

INSERT INTO `ace_object_properties_string` (`aceObjectId`, `strPropertyId`, `propertyValue`)
VALUES (1880842277, 1, 'Pool');

INSERT INTO `ace_object_properties_did` (`aceObjectId`, `didPropertyId`, `propertyValue`)
VALUES (1880842277, 8, 100668107)
     , (1880842277, 1, 33554711)
     , (1880842277, 3, 536870932)
     , (1880842277, 22, 872415275)
     , (1880842277, 28, 1183);

INSERT INTO `ace_object_properties_int` (`aceObjectId`, `intPropertyId`, `propertyValue`)
VALUES (1880842277, 53, 101)
     , (1880842277, 1, 4194304)
     , (1880842277, 5, 6000)
     , (1880842277, 16, 48)
     , (1880842277, 19, 200)
     , (1880842277, 93, 66584);

INSERT INTO `ace_object_properties_double` (`aceObjectId`, `dblPropertyId`, `propertyValue`)
VALUES (1880842277, 54, 2);

INSERT INTO `ace_object_properties_bool` (`aceObjectId`, `boolPropertyId`, `propertyValue`)
VALUES (1880842277, 12, True)
     , (1880842277, 11, True)
     , (1880842277, 14, True);

INSERT INTO `ace_object` (`aceObjectId`, `aceObjectDescriptionFlags`, `weenieClassId`, `weenieHeaderFlags`, `currentMotionState`, `physicsDescriptionFlag`)
VALUES (1880375319, 6291512, 152, 20, NULL, 169985);

INSERT INTO `ace_position` (`aceObjectId`, `positionType`, `landblockRaw`, `posX`, `posY`, `posZ`, `qW`, `qX`, `qY`, `qZ`)
VALUES (1880375319, 1, 21234031, 30, -50, 5.992501, 1, 0, 0, 0);

INSERT INTO `ace_object_properties_string` (`aceObjectId`, `strPropertyId`, `propertyValue`)
VALUES (1880375319, 1, 'Font');

INSERT INTO `ace_object_properties_did` (`aceObjectId`, `didPropertyId`, `propertyValue`)
VALUES (1880375319, 8, 100668104)
     , (1880375319, 1, 33554710)
     , (1880375319, 3, 536870932)
     , (1880375319, 22, 872415275)
     , (1880375319, 28, 1183);

INSERT INTO `ace_object_properties_int` (`aceObjectId`, `intPropertyId`, `propertyValue`)
VALUES (1880375319, 53, 101)
     , (1880375319, 1, 4194304)
     , (1880375319, 5, 6000)
     , (1880375319, 16, 48)
     , (1880375319, 19, 200)
     , (1880375319, 93, 1048);

INSERT INTO `ace_object_properties_double` (`aceObjectId`, `dblPropertyId`, `propertyValue`)
VALUES (1880375319, 54, 2);

INSERT INTO `ace_object_properties_bool` (`aceObjectId`, `boolPropertyId`, `propertyValue`)
VALUES (1880375319, 12, True)
     , (1880375319, 11, True)
     , (1880375319, 14, True);

INSERT INTO `ace_object` (`aceObjectId`, `aceObjectDescriptionFlags`, `weenieClassId`, `weenieHeaderFlags`, `currentMotionState`, `physicsDescriptionFlag`)
VALUES (1880375314, 6291512, 153, 20, NULL, 169985);

INSERT INTO `ace_position` (`aceObjectId`, `positionType`, `landblockRaw`, `posX`, `posY`, `posZ`, `qW`, `qX`, `qY`, `qZ`)
VALUES (1880375314, 1, 21234006, 19.9972, -39.9702, 5.992501, 1, 0, 0, 0);

INSERT INTO `ace_object_properties_string` (`aceObjectId`, `strPropertyId`, `propertyValue`)
VALUES (1880375314, 1, 'Fountain');

INSERT INTO `ace_object_properties_did` (`aceObjectId`, `didPropertyId`, `propertyValue`)
VALUES (1880375314, 8, 100668104)
     , (1880375314, 1, 33555071)
     , (1880375314, 3, 536870932)
     , (1880375314, 22, 872415275)
     , (1880375314, 28, 1183);

INSERT INTO `ace_object_properties_int` (`aceObjectId`, `intPropertyId`, `propertyValue`)
VALUES (1880375314, 53, 101)
     , (1880375314, 1, 4194304)
     , (1880375314, 5, 6000)
     , (1880375314, 16, 48)
     , (1880375314, 19, 200)
     , (1880375314, 93, 1048);

INSERT INTO `ace_object_properties_double` (`aceObjectId`, `dblPropertyId`, `propertyValue`)
VALUES (1880375314, 54, 2);

INSERT INTO `ace_object_properties_bool` (`aceObjectId`, `boolPropertyId`, `propertyValue`)
VALUES (1880375314, 12, True)
     , (1880375314, 11, True)
     , (1880375314, 14, True);

INSERT INTO `ace_object` (`aceObjectId`, `aceObjectDescriptionFlags`, `weenieClassId`, `weenieHeaderFlags`, `currentMotionState`, `physicsDescriptionFlag`)
VALUES (1880375321, 6291512, 152, 20, NULL, 169985);

INSERT INTO `ace_position` (`aceObjectId`, `positionType`, `landblockRaw`, `posX`, `posY`, `posZ`, `qW`, `qX`, `qY`, `qZ`)
VALUES (1880375321, 1, 21234040, 40, -40, 5.992501, 1, 0, 0, 0);

INSERT INTO `ace_object_properties_string` (`aceObjectId`, `strPropertyId`, `propertyValue`)
VALUES (1880375321, 1, 'Font');

INSERT INTO `ace_object_properties_did` (`aceObjectId`, `didPropertyId`, `propertyValue`)
VALUES (1880375321, 8, 100668104)
     , (1880375321, 1, 33554710)
     , (1880375321, 3, 536870932)
     , (1880375321, 22, 872415275)
     , (1880375321, 28, 1183);

INSERT INTO `ace_object_properties_int` (`aceObjectId`, `intPropertyId`, `propertyValue`)
VALUES (1880375321, 53, 101)
     , (1880375321, 1, 4194304)
     , (1880375321, 5, 6000)
     , (1880375321, 16, 48)
     , (1880375321, 19, 200)
     , (1880375321, 93, 1048);

INSERT INTO `ace_object_properties_double` (`aceObjectId`, `dblPropertyId`, `propertyValue`)
VALUES (1880375321, 54, 2);

INSERT INTO `ace_object_properties_bool` (`aceObjectId`, `boolPropertyId`, `propertyValue`)
VALUES (1880375321, 12, True)
     , (1880375321, 11, True)
     , (1880375321, 14, True);

INSERT INTO `ace_object` (`aceObjectId`, `aceObjectDescriptionFlags`, `weenieClassId`, `weenieHeaderFlags`, `currentMotionState`, `physicsDescriptionFlag`)
VALUES (1880375318, 6291512, 152, 20, NULL, 169985);

INSERT INTO `ace_position` (`aceObjectId`, `positionType`, `landblockRaw`, `posX`, `posY`, `posZ`, `qW`, `qX`, `qY`, `qZ`)
VALUES (1880375318, 1, 21234020, 29.977, -30.0355, 5.992501, -4.37114E-08, 0, 0, -1);

INSERT INTO `ace_object_properties_string` (`aceObjectId`, `strPropertyId`, `propertyValue`)
VALUES (1880375318, 1, 'Font');

INSERT INTO `ace_object_properties_did` (`aceObjectId`, `didPropertyId`, `propertyValue`)
VALUES (1880375318, 8, 100668104)
     , (1880375318, 1, 33554710)
     , (1880375318, 3, 536870932)
     , (1880375318, 22, 872415275)
     , (1880375318, 28, 1183);

INSERT INTO `ace_object_properties_int` (`aceObjectId`, `intPropertyId`, `propertyValue`)
VALUES (1880375318, 53, 101)
     , (1880375318, 1, 4194304)
     , (1880375318, 5, 6000)
     , (1880375318, 16, 48)
     , (1880375318, 19, 200)
     , (1880375318, 93, 1048);

INSERT INTO `ace_object_properties_double` (`aceObjectId`, `dblPropertyId`, `propertyValue`)
VALUES (1880375318, 54, 2);

INSERT INTO `ace_object_properties_bool` (`aceObjectId`, `boolPropertyId`, `propertyValue`)
VALUES (1880375318, 12, True)
     , (1880375318, 11, True)
     , (1880375318, 14, True);

INSERT INTO `ace_object` (`aceObjectId`, `aceObjectDescriptionFlags`, `weenieClassId`, `weenieHeaderFlags`, `currentMotionState`, `physicsDescriptionFlag`)
VALUES (1880784918, 6291512, 153, 20, NULL, 169985);

INSERT INTO `ace_position` (`aceObjectId`, `positionType`, `landblockRaw`, `posX`, `posY`, `posZ`, `qW`, `qX`, `qY`, `qZ`)
VALUES (1880784918, 1, 27787591, 30, -10, -0.00749898, 0.7071068, 0, 0, -0.7071068);

INSERT INTO `ace_object_properties_string` (`aceObjectId`, `strPropertyId`, `propertyValue`)
VALUES (1880784918, 1, 'Fountain');

INSERT INTO `ace_object_properties_did` (`aceObjectId`, `didPropertyId`, `propertyValue`)
VALUES (1880784918, 8, 100668104)
     , (1880784918, 1, 33555071)
     , (1880784918, 3, 536870932)
     , (1880784918, 22, 872415275)
     , (1880784918, 28, 1183);

INSERT INTO `ace_object_properties_int` (`aceObjectId`, `intPropertyId`, `propertyValue`)
VALUES (1880784918, 53, 101)
     , (1880784918, 1, 4194304)
     , (1880784918, 5, 6000)
     , (1880784918, 16, 48)
     , (1880784918, 19, 200)
     , (1880784918, 93, 1048);

INSERT INTO `ace_object_properties_double` (`aceObjectId`, `dblPropertyId`, `propertyValue`)
VALUES (1880784918, 54, 2);

INSERT INTO `ace_object_properties_bool` (`aceObjectId`, `boolPropertyId`, `propertyValue`)
VALUES (1880784918, 12, True)
     , (1880784918, 11, True)
     , (1880784918, 14, True);

INSERT INTO `ace_object` (`aceObjectId`, `aceObjectDescriptionFlags`, `weenieClassId`, `weenieHeaderFlags`, `currentMotionState`, `physicsDescriptionFlag`)
VALUES (2033496132, 6291512, 153, 20, NULL, 169985);

INSERT INTO `ace_position` (`aceObjectId`, `positionType`, `landblockRaw`, `posX`, `posY`, `posZ`, `qW`, `qX`, `qY`, `qZ`)
VALUES (2033496132, 1, 2471166472, 147.988, 34.995, -19.6075, -4.37114E-08, 0, 0, -1);

INSERT INTO `ace_object_properties_string` (`aceObjectId`, `strPropertyId`, `propertyValue`)
VALUES (2033496132, 1, 'Fountain');

INSERT INTO `ace_object_properties_did` (`aceObjectId`, `didPropertyId`, `propertyValue`)
VALUES (2033496132, 8, 100668104)
     , (2033496132, 1, 33555071)
     , (2033496132, 3, 536870932)
     , (2033496132, 22, 872415275)
     , (2033496132, 28, 1183);

INSERT INTO `ace_object_properties_int` (`aceObjectId`, `intPropertyId`, `propertyValue`)
VALUES (2033496132, 53, 101)
     , (2033496132, 1, 4194304)
     , (2033496132, 5, 6000)
     , (2033496132, 16, 48)
     , (2033496132, 19, 200)
     , (2033496132, 93, 1048);

INSERT INTO `ace_object_properties_double` (`aceObjectId`, `dblPropertyId`, `propertyValue`)
VALUES (2033496132, 54, 2);

INSERT INTO `ace_object_properties_bool` (`aceObjectId`, `boolPropertyId`, `propertyValue`)
VALUES (2033496132, 12, True)
     , (2033496132, 11, True)
     , (2033496132, 14, True);

INSERT INTO `ace_object` (`aceObjectId`, `aceObjectDescriptionFlags`, `weenieClassId`, `weenieHeaderFlags`, `currentMotionState`, `physicsDescriptionFlag`)
VALUES (1880854538, 6291512, 152, 20, NULL, 169985);

INSERT INTO `ace_position` (`aceObjectId`, `positionType`, `landblockRaw`, `posX`, `posY`, `posZ`, `qW`, `qX`, `qY`, `qZ`)
VALUES (1880854538, 1, 28901671, 20, 0, -0.00749898, -0.7071068, 0, 0, -0.7071068);

INSERT INTO `ace_object_properties_string` (`aceObjectId`, `strPropertyId`, `propertyValue`)
VALUES (1880854538, 1, 'Font');

INSERT INTO `ace_object_properties_did` (`aceObjectId`, `didPropertyId`, `propertyValue`)
VALUES (1880854538, 8, 100668104)
     , (1880854538, 1, 33554710)
     , (1880854538, 3, 536870932)
     , (1880854538, 22, 872415275)
     , (1880854538, 28, 1183);

INSERT INTO `ace_object_properties_int` (`aceObjectId`, `intPropertyId`, `propertyValue`)
VALUES (1880854538, 53, 101)
     , (1880854538, 1, 4194304)
     , (1880854538, 5, 6000)
     , (1880854538, 16, 48)
     , (1880854538, 19, 200)
     , (1880854538, 93, 1048);

INSERT INTO `ace_object_properties_double` (`aceObjectId`, `dblPropertyId`, `propertyValue`)
VALUES (1880854538, 54, 2);

INSERT INTO `ace_object_properties_bool` (`aceObjectId`, `boolPropertyId`, `propertyValue`)
VALUES (1880854538, 12, True)
     , (1880854538, 11, True)
     , (1880854538, 14, True);

INSERT INTO `ace_object` (`aceObjectId`, `aceObjectDescriptionFlags`, `weenieClassId`, `weenieHeaderFlags`, `currentMotionState`, `physicsDescriptionFlag`)
VALUES (2124664843, 6291512, 171, 20, NULL, 169985);

INSERT INTO `ace_position` (`aceObjectId`, `positionType`, `landblockRaw`, `posX`, `posY`, `posZ`, `qW`, `qX`, `qY`, `qZ`)
VALUES (2124664843, 1, 3929866501, 7.97564, 174.74, 78, -0.5719739, 0, 0, -0.8202718);

INSERT INTO `ace_object_properties_string` (`aceObjectId`, `strPropertyId`, `propertyValue`)
VALUES (2124664843, 1, 'Vat');

INSERT INTO `ace_object_properties_did` (`aceObjectId`, `didPropertyId`, `propertyValue`)
VALUES (2124664843, 8, 100668110)
     , (2124664843, 1, 33554796)
     , (2124664843, 3, 536870932)
     , (2124664843, 22, 872415275)
     , (2124664843, 28, 1183);

INSERT INTO `ace_object_properties_int` (`aceObjectId`, `intPropertyId`, `propertyValue`)
VALUES (2124664843, 53, 101)
     , (2124664843, 1, 4194304)
     , (2124664843, 5, 6000)
     , (2124664843, 16, 48)
     , (2124664843, 19, 200)
     , (2124664843, 93, 66584);

INSERT INTO `ace_object_properties_double` (`aceObjectId`, `dblPropertyId`, `propertyValue`)
VALUES (2124664843, 54, 2);

INSERT INTO `ace_object_properties_bool` (`aceObjectId`, `boolPropertyId`, `propertyValue`)
VALUES (2124664843, 12, True)
     , (2124664843, 11, True)
     , (2124664843, 14, True);

INSERT INTO `ace_object` (`aceObjectId`, `aceObjectDescriptionFlags`, `weenieClassId`, `weenieHeaderFlags`, `currentMotionState`, `physicsDescriptionFlag`)
VALUES (2124664842, 6291512, 174, 20, NULL, 169985);

INSERT INTO `ace_position` (`aceObjectId`, `positionType`, `landblockRaw`, `posX`, `posY`, `posZ`, `qW`, `qX`, `qY`, `qZ`)
VALUES (2124664842, 1, 3929866248, 17.036, 174.877, 78, 0.382683, 0, 0, -0.92388);

INSERT INTO `ace_object_properties_string` (`aceObjectId`, `strPropertyId`, `propertyValue`)
VALUES (2124664842, 1, 'Well');

INSERT INTO `ace_object_properties_did` (`aceObjectId`, `didPropertyId`, `propertyValue`)
VALUES (2124664842, 8, 100667466)
     , (2124664842, 1, 33554816)
     , (2124664842, 3, 536870932)
     , (2124664842, 22, 872415275)
     , (2124664842, 28, 1183);

INSERT INTO `ace_object_properties_int` (`aceObjectId`, `intPropertyId`, `propertyValue`)
VALUES (2124664842, 53, 101)
     , (2124664842, 1, 4194304)
     , (2124664842, 5, 6000)
     , (2124664842, 16, 48)
     , (2124664842, 19, 200)
     , (2124664842, 93, 1048);

INSERT INTO `ace_object_properties_double` (`aceObjectId`, `dblPropertyId`, `propertyValue`)
VALUES (2124664842, 54, 2);

INSERT INTO `ace_object_properties_bool` (`aceObjectId`, `boolPropertyId`, `propertyValue`)
VALUES (2124664842, 12, True)
     , (2124664842, 11, True)
     , (2124664842, 14, True);

INSERT INTO `ace_object` (`aceObjectId`, `aceObjectDescriptionFlags`, `weenieClassId`, `weenieHeaderFlags`, `currentMotionState`, `physicsDescriptionFlag`)
VALUES (2047504389, 6291512, 174, 20, NULL, 169985);

INSERT INTO `ace_position` (`aceObjectId`, `positionType`, `landblockRaw`, `posX`, `posY`, `posZ`, `qW`, `qX`, `qY`, `qZ`)
VALUES (2047504389, 1, 2695299089, 65.926, 9.52949, 64.00001, 0.148652, 0, 0, -0.98889);

INSERT INTO `ace_object_properties_string` (`aceObjectId`, `strPropertyId`, `propertyValue`)
VALUES (2047504389, 1, 'Well');

INSERT INTO `ace_object_properties_did` (`aceObjectId`, `didPropertyId`, `propertyValue`)
VALUES (2047504389, 8, 100667466)
     , (2047504389, 1, 33554816)
     , (2047504389, 3, 536870932)
     , (2047504389, 22, 872415275)
     , (2047504389, 28, 1183);

INSERT INTO `ace_object_properties_int` (`aceObjectId`, `intPropertyId`, `propertyValue`)
VALUES (2047504389, 53, 101)
     , (2047504389, 1, 4194304)
     , (2047504389, 5, 6000)
     , (2047504389, 16, 48)
     , (2047504389, 19, 200)
     , (2047504389, 93, 1048);

INSERT INTO `ace_object_properties_double` (`aceObjectId`, `dblPropertyId`, `propertyValue`)
VALUES (2047504389, 54, 2);

INSERT INTO `ace_object_properties_bool` (`aceObjectId`, `boolPropertyId`, `propertyValue`)
VALUES (2047504389, 12, True)
     , (2047504389, 11, True)
     , (2047504389, 14, True);

INSERT INTO `ace_object` (`aceObjectId`, `aceObjectDescriptionFlags`, `weenieClassId`, `weenieHeaderFlags`, `currentMotionState`, `physicsDescriptionFlag`)
VALUES (1980342297, 6291512, 174, 20, NULL, 169985);

INSERT INTO `ace_position` (`aceObjectId`, `positionType`, `landblockRaw`, `posX`, `posY`, `posZ`, `qW`, `qX`, `qY`, `qZ`)
VALUES (1980342297, 1, 1620705323, 136.689, 66.8406, 2, 0.998513, 0, 0, -0.0545183);

INSERT INTO `ace_object_properties_string` (`aceObjectId`, `strPropertyId`, `propertyValue`)
VALUES (1980342297, 1, 'Well');

INSERT INTO `ace_object_properties_did` (`aceObjectId`, `didPropertyId`, `propertyValue`)
VALUES (1980342297, 8, 100667466)
     , (1980342297, 1, 33554816)
     , (1980342297, 3, 536870932)
     , (1980342297, 22, 872415275)
     , (1980342297, 28, 1183);

INSERT INTO `ace_object_properties_int` (`aceObjectId`, `intPropertyId`, `propertyValue`)
VALUES (1980342297, 53, 101)
     , (1980342297, 1, 4194304)
     , (1980342297, 5, 6000)
     , (1980342297, 16, 48)
     , (1980342297, 19, 200)
     , (1980342297, 93, 1048);

INSERT INTO `ace_object_properties_double` (`aceObjectId`, `dblPropertyId`, `propertyValue`)
VALUES (1980342297, 54, 2);

INSERT INTO `ace_object_properties_bool` (`aceObjectId`, `boolPropertyId`, `propertyValue`)
VALUES (1980342297, 12, True)
     , (1980342297, 11, True)
     , (1980342297, 14, True);

INSERT INTO `ace_object` (`aceObjectId`, `aceObjectDescriptionFlags`, `weenieClassId`, `weenieHeaderFlags`, `currentMotionState`, `physicsDescriptionFlag`)
VALUES (1975218177, 6291512, 174, 20, NULL, 169985);

INSERT INTO `ace_position` (`aceObjectId`, `positionType`, `landblockRaw`, `posX`, `posY`, `posZ`, `qW`, `qX`, `qY`, `qZ`)
VALUES (1975218177, 1, 1538719794, 150.772, 42.8581, -3.72529E-09, 0.751388, 0, 0, 0.65986);

INSERT INTO `ace_object_properties_string` (`aceObjectId`, `strPropertyId`, `propertyValue`)
VALUES (1975218177, 1, 'Well');

INSERT INTO `ace_object_properties_did` (`aceObjectId`, `didPropertyId`, `propertyValue`)
VALUES (1975218177, 8, 100667466)
     , (1975218177, 1, 33554816)
     , (1975218177, 3, 536870932)
     , (1975218177, 22, 872415275)
     , (1975218177, 28, 1183);

INSERT INTO `ace_object_properties_int` (`aceObjectId`, `intPropertyId`, `propertyValue`)
VALUES (1975218177, 53, 101)
     , (1975218177, 1, 4194304)
     , (1975218177, 5, 6000)
     , (1975218177, 16, 48)
     , (1975218177, 19, 200)
     , (1975218177, 93, 1048);

INSERT INTO `ace_object_properties_double` (`aceObjectId`, `dblPropertyId`, `propertyValue`)
VALUES (1975218177, 54, 2);

INSERT INTO `ace_object_properties_bool` (`aceObjectId`, `boolPropertyId`, `propertyValue`)
VALUES (1975218177, 12, True)
     , (1975218177, 11, True)
     , (1975218177, 14, True);

INSERT INTO `ace_object` (`aceObjectId`, `aceObjectDescriptionFlags`, `weenieClassId`, `weenieHeaderFlags`, `currentMotionState`, `physicsDescriptionFlag`)
VALUES (1880969223, 6291512, 171, 20, NULL, 169985);

INSERT INTO `ace_position` (`aceObjectId`, `positionType`, `landblockRaw`, `posX`, `posY`, `posZ`, `qW`, `qX`, `qY`, `qZ`)
VALUES (1880969223, 1, 30736721, 13.558, -20.6483, 36, -0.7071068, 0, 0, -0.7071068);

INSERT INTO `ace_object_properties_string` (`aceObjectId`, `strPropertyId`, `propertyValue`)
VALUES (1880969223, 1, 'Vat');

INSERT INTO `ace_object_properties_did` (`aceObjectId`, `didPropertyId`, `propertyValue`)
VALUES (1880969223, 8, 100668110)
     , (1880969223, 1, 33554796)
     , (1880969223, 3, 536870932)
     , (1880969223, 22, 872415275)
     , (1880969223, 28, 1183);

INSERT INTO `ace_object_properties_int` (`aceObjectId`, `intPropertyId`, `propertyValue`)
VALUES (1880969223, 53, 101)
     , (1880969223, 1, 4194304)
     , (1880969223, 5, 6000)
     , (1880969223, 16, 48)
     , (1880969223, 19, 200)
     , (1880969223, 93, 66584);

INSERT INTO `ace_object_properties_double` (`aceObjectId`, `dblPropertyId`, `propertyValue`)
VALUES (1880969223, 54, 2);

INSERT INTO `ace_object_properties_bool` (`aceObjectId`, `boolPropertyId`, `propertyValue`)
VALUES (1880969223, 12, True)
     , (1880969223, 11, True)
     , (1880969223, 14, True);

INSERT INTO `ace_object` (`aceObjectId`, `aceObjectDescriptionFlags`, `weenieClassId`, `weenieHeaderFlags`, `currentMotionState`, `physicsDescriptionFlag`)
VALUES (2092535810, 6291512, 174, 20, NULL, 169985);

INSERT INTO `ace_position` (`aceObjectId`, `positionType`, `landblockRaw`, `posX`, `posY`, `posZ`, `qW`, `qX`, `qY`, `qZ`)
VALUES (2092535810, 1, 3415801865, 36.9801, 12.2862, 20.91833, 0.688976, 0, 0, -0.724784);

INSERT INTO `ace_object_properties_string` (`aceObjectId`, `strPropertyId`, `propertyValue`)
VALUES (2092535810, 1, 'Well');

INSERT INTO `ace_object_properties_did` (`aceObjectId`, `didPropertyId`, `propertyValue`)
VALUES (2092535810, 8, 100667466)
     , (2092535810, 1, 33554816)
     , (2092535810, 3, 536870932)
     , (2092535810, 22, 872415275)
     , (2092535810, 28, 1183);

INSERT INTO `ace_object_properties_int` (`aceObjectId`, `intPropertyId`, `propertyValue`)
VALUES (2092535810, 53, 101)
     , (2092535810, 1, 4194304)
     , (2092535810, 5, 6000)
     , (2092535810, 16, 48)
     , (2092535810, 19, 200)
     , (2092535810, 93, 1048);

INSERT INTO `ace_object_properties_double` (`aceObjectId`, `dblPropertyId`, `propertyValue`)
VALUES (2092535810, 54, 2);

INSERT INTO `ace_object_properties_bool` (`aceObjectId`, `boolPropertyId`, `propertyValue`)
VALUES (2092535810, 12, True)
     , (2092535810, 11, True)
     , (2092535810, 14, True);

INSERT INTO `ace_object` (`aceObjectId`, `aceObjectDescriptionFlags`, `weenieClassId`, `weenieHeaderFlags`, `currentMotionState`, `physicsDescriptionFlag`)
VALUES (2094645262, 6291512, 174, 20, NULL, 169985);

INSERT INTO `ace_position` (`aceObjectId`, `positionType`, `landblockRaw`, `posX`, `posY`, `posZ`, `qW`, `qX`, `qY`, `qZ`)
VALUES (2094645262, 1, 3449552919, 55.9345, 150.022, 22, -0.549164, 0, 0, 0.835714);

INSERT INTO `ace_object_properties_string` (`aceObjectId`, `strPropertyId`, `propertyValue`)
VALUES (2094645262, 1, 'Well');

INSERT INTO `ace_object_properties_did` (`aceObjectId`, `didPropertyId`, `propertyValue`)
VALUES (2094645262, 8, 100667466)
     , (2094645262, 1, 33554816)
     , (2094645262, 3, 536870932)
     , (2094645262, 22, 872415275)
     , (2094645262, 28, 1183);

INSERT INTO `ace_object_properties_int` (`aceObjectId`, `intPropertyId`, `propertyValue`)
VALUES (2094645262, 53, 101)
     , (2094645262, 1, 4194304)
     , (2094645262, 5, 6000)
     , (2094645262, 16, 48)
     , (2094645262, 19, 200)
     , (2094645262, 93, 1048);

INSERT INTO `ace_object_properties_double` (`aceObjectId`, `dblPropertyId`, `propertyValue`)
VALUES (2094645262, 54, 2);

INSERT INTO `ace_object_properties_bool` (`aceObjectId`, `boolPropertyId`, `propertyValue`)
VALUES (2094645262, 12, True)
     , (2094645262, 11, True)
     , (2094645262, 14, True);

INSERT INTO `ace_object` (`aceObjectId`, `aceObjectDescriptionFlags`, `weenieClassId`, `weenieHeaderFlags`, `currentMotionState`, `physicsDescriptionFlag`)
VALUES (2059087878, 6291512, 174, 20, NULL, 169985);

INSERT INTO `ace_position` (`aceObjectId`, `positionType`, `landblockRaw`, `posX`, `posY`, `posZ`, `qW`, `qX`, `qY`, `qZ`)
VALUES (2059087878, 1, 2880634909, 93.5287, 97.5613, 66, -0.493025, 0, 0, 0.870015);

INSERT INTO `ace_object_properties_string` (`aceObjectId`, `strPropertyId`, `propertyValue`)
VALUES (2059087878, 1, 'Well');

INSERT INTO `ace_object_properties_did` (`aceObjectId`, `didPropertyId`, `propertyValue`)
VALUES (2059087878, 8, 100667466)
     , (2059087878, 1, 33554816)
     , (2059087878, 3, 536870932)
     , (2059087878, 22, 872415275)
     , (2059087878, 28, 1183);

INSERT INTO `ace_object_properties_int` (`aceObjectId`, `intPropertyId`, `propertyValue`)
VALUES (2059087878, 53, 101)
     , (2059087878, 1, 4194304)
     , (2059087878, 5, 6000)
     , (2059087878, 16, 48)
     , (2059087878, 19, 200)
     , (2059087878, 93, 1048);

INSERT INTO `ace_object_properties_double` (`aceObjectId`, `dblPropertyId`, `propertyValue`)
VALUES (2059087878, 54, 2);

INSERT INTO `ace_object_properties_bool` (`aceObjectId`, `boolPropertyId`, `propertyValue`)
VALUES (2059087878, 12, True)
     , (2059087878, 11, True)
     , (2059087878, 14, True);

INSERT INTO `ace_object` (`aceObjectId`, `aceObjectDescriptionFlags`, `weenieClassId`, `weenieHeaderFlags`, `currentMotionState`, `physicsDescriptionFlag`)
VALUES (1881051210, 6291512, 171, 20, NULL, 169985);

INSERT INTO `ace_position` (`aceObjectId`, `positionType`, `landblockRaw`, `posX`, `posY`, `posZ`, `qW`, `qX`, `qY`, `qZ`)
VALUES (1881051210, 1, 32047677, 53.0495, -190, -6, 1, 0, 0, 0);

INSERT INTO `ace_object_properties_string` (`aceObjectId`, `strPropertyId`, `propertyValue`)
VALUES (1881051210, 1, 'Vat');

INSERT INTO `ace_object_properties_did` (`aceObjectId`, `didPropertyId`, `propertyValue`)
VALUES (1881051210, 8, 100668110)
     , (1881051210, 1, 33554796)
     , (1881051210, 3, 536870932)
     , (1881051210, 22, 872415275)
     , (1881051210, 28, 1183);

INSERT INTO `ace_object_properties_int` (`aceObjectId`, `intPropertyId`, `propertyValue`)
VALUES (1881051210, 53, 101)
     , (1881051210, 1, 4194304)
     , (1881051210, 5, 6000)
     , (1881051210, 16, 48)
     , (1881051210, 19, 200)
     , (1881051210, 93, 66584);

INSERT INTO `ace_object_properties_double` (`aceObjectId`, `dblPropertyId`, `propertyValue`)
VALUES (1881051210, 54, 2);

INSERT INTO `ace_object_properties_bool` (`aceObjectId`, `boolPropertyId`, `propertyValue`)
VALUES (1881051210, 12, True)
     , (1881051210, 11, True)
     , (1881051210, 14, True);

INSERT INTO `ace_object` (`aceObjectId`, `aceObjectDescriptionFlags`, `weenieClassId`, `weenieHeaderFlags`, `currentMotionState`, `physicsDescriptionFlag`)
VALUES (2027954276, 2097200, 8377, 20, NULL, 169985);

INSERT INTO `ace_position` (`aceObjectId`, `positionType`, `landblockRaw`, `posX`, `posY`, `posZ`, `qW`, `qX`, `qY`, `qZ`)
VALUES (2027954276, 1, 2382496555, 73.3792, -72.9959, 12.793, 0.285455, 0, 0, -0.9583921);

INSERT INTO `ace_object_properties_string` (`aceObjectId`, `strPropertyId`, `propertyValue`)
VALUES (2027954276, 1, 'Beer Keg');

INSERT INTO `ace_object_properties_did` (`aceObjectId`, `didPropertyId`, `propertyValue`)
VALUES (2027954276, 8, 100667431)
     , (2027954276, 1, 33556853)
     , (2027954276, 3, 536870932)
     , (2027954276, 22, 872415275);

INSERT INTO `ace_object_properties_int` (`aceObjectId`, `intPropertyId`, `propertyValue`)
VALUES (2027954276, 53, 101)
     , (2027954276, 1, 4194304)
     , (2027954276, 5, 1000)
     , (2027954276, 16, 48)
     , (2027954276, 93, 1048);

INSERT INTO `ace_object_properties_double` (`aceObjectId`, `dblPropertyId`, `propertyValue`)
VALUES (2027954276, 54, 2);

INSERT INTO `ace_object_properties_bool` (`aceObjectId`, `boolPropertyId`, `propertyValue`)
VALUES (2027954276, 12, True)
     , (2027954276, 11, True)
     , (2027954276, 14, True);

INSERT INTO `ace_object` (`aceObjectId`, `aceObjectDescriptionFlags`, `weenieClassId`, `weenieHeaderFlags`, `currentMotionState`, `physicsDescriptionFlag`)
VALUES (1970626632, 6291512, 165, 20, NULL, 169985);

INSERT INTO `ace_position` (`aceObjectId`, `positionType`, `landblockRaw`, `posX`, `posY`, `posZ`, `qW`, `qX`, `qY`, `qZ`)
VALUES (1970626632, 1, 1465254370, 30, -40, 18.05, 1, 0, 0, 0);

INSERT INTO `ace_object_properties_string` (`aceObjectId`, `strPropertyId`, `propertyValue`)
VALUES (1970626632, 1, 'Pool');

INSERT INTO `ace_object_properties_did` (`aceObjectId`, `didPropertyId`, `propertyValue`)
VALUES (1970626632, 8, 100668107)
     , (1970626632, 1, 33554711)
     , (1970626632, 3, 536870932)
     , (1970626632, 22, 872415275)
     , (1970626632, 28, 1183);

INSERT INTO `ace_object_properties_int` (`aceObjectId`, `intPropertyId`, `propertyValue`)
VALUES (1970626632, 53, 101)
     , (1970626632, 1, 4194304)
     , (1970626632, 5, 6000)
     , (1970626632, 16, 48)
     , (1970626632, 19, 200)
     , (1970626632, 93, 66584);

INSERT INTO `ace_object_properties_double` (`aceObjectId`, `dblPropertyId`, `propertyValue`)
VALUES (1970626632, 54, 2);

INSERT INTO `ace_object_properties_bool` (`aceObjectId`, `boolPropertyId`, `propertyValue`)
VALUES (1970626632, 12, True)
     , (1970626632, 11, True)
     , (1970626632, 14, True);

INSERT INTO `ace_object` (`aceObjectId`, `aceObjectDescriptionFlags`, `weenieClassId`, `weenieHeaderFlags`, `currentMotionState`, `physicsDescriptionFlag`)
VALUES (1970626633, 6291512, 165, 20, NULL, 169985);

INSERT INTO `ace_position` (`aceObjectId`, `positionType`, `landblockRaw`, `posX`, `posY`, `posZ`, `qW`, `qX`, `qY`, `qZ`)
VALUES (1970626633, 1, 1465254370, 25.08, -40.08, 18.05, 0.7071068, 0, 0, -0.7071068);

INSERT INTO `ace_object_properties_string` (`aceObjectId`, `strPropertyId`, `propertyValue`)
VALUES (1970626633, 1, 'Pool');

INSERT INTO `ace_object_properties_did` (`aceObjectId`, `didPropertyId`, `propertyValue`)
VALUES (1970626633, 8, 100668107)
     , (1970626633, 1, 33554711)
     , (1970626633, 3, 536870932)
     , (1970626633, 22, 872415275)
     , (1970626633, 28, 1183);

INSERT INTO `ace_object_properties_int` (`aceObjectId`, `intPropertyId`, `propertyValue`)
VALUES (1970626633, 53, 101)
     , (1970626633, 1, 4194304)
     , (1970626633, 5, 6000)
     , (1970626633, 16, 48)
     , (1970626633, 19, 200)
     , (1970626633, 93, 66584);

INSERT INTO `ace_object_properties_double` (`aceObjectId`, `dblPropertyId`, `propertyValue`)
VALUES (1970626633, 54, 2);

INSERT INTO `ace_object_properties_bool` (`aceObjectId`, `boolPropertyId`, `propertyValue`)
VALUES (1970626633, 12, True)
     , (1970626633, 11, True)
     , (1970626633, 14, True);

INSERT INTO `ace_object` (`aceObjectId`, `aceObjectDescriptionFlags`, `weenieClassId`, `weenieHeaderFlags`, `currentMotionState`, `physicsDescriptionFlag`)
VALUES (1970626631, 6291512, 165, 20, NULL, 169985);

INSERT INTO `ace_position` (`aceObjectId`, `positionType`, `landblockRaw`, `posX`, `posY`, `posZ`, `qW`, `qX`, `qY`, `qZ`)
VALUES (1970626631, 1, 1465254369, 20, -40, 18.05, 1, 0, 0, 0);

INSERT INTO `ace_object_properties_string` (`aceObjectId`, `strPropertyId`, `propertyValue`)
VALUES (1970626631, 1, 'Pool');

INSERT INTO `ace_object_properties_did` (`aceObjectId`, `didPropertyId`, `propertyValue`)
VALUES (1970626631, 8, 100668107)
     , (1970626631, 1, 33554711)
     , (1970626631, 3, 536870932)
     , (1970626631, 22, 872415275)
     , (1970626631, 28, 1183);

INSERT INTO `ace_object_properties_int` (`aceObjectId`, `intPropertyId`, `propertyValue`)
VALUES (1970626631, 53, 101)
     , (1970626631, 1, 4194304)
     , (1970626631, 5, 6000)
     , (1970626631, 16, 48)
     , (1970626631, 19, 200)
     , (1970626631, 93, 66584);

INSERT INTO `ace_object_properties_double` (`aceObjectId`, `dblPropertyId`, `propertyValue`)
VALUES (1970626631, 54, 2);

INSERT INTO `ace_object_properties_bool` (`aceObjectId`, `boolPropertyId`, `propertyValue`)
VALUES (1970626631, 12, True)
     , (1970626631, 11, True)
     , (1970626631, 14, True);

INSERT INTO `ace_object` (`aceObjectId`, `aceObjectDescriptionFlags`, `weenieClassId`, `weenieHeaderFlags`, `currentMotionState`, `physicsDescriptionFlag`)
VALUES (1998598245, 2097200, 8377, 20, NULL, 169985);

INSERT INTO `ace_position` (`aceObjectId`, `positionType`, `landblockRaw`, `posX`, `posY`, `posZ`, `qW`, `qX`, `qY`, `qZ`)
VALUES (1998598245, 1, 1912800043, 73.3792, -72.9959, 12.793, 0.285455, 0, 0, -0.9583921);

INSERT INTO `ace_object_properties_string` (`aceObjectId`, `strPropertyId`, `propertyValue`)
VALUES (1998598245, 1, 'Beer Keg');

INSERT INTO `ace_object_properties_did` (`aceObjectId`, `didPropertyId`, `propertyValue`)
VALUES (1998598245, 8, 100667431)
     , (1998598245, 1, 33556853)
     , (1998598245, 3, 536870932)
     , (1998598245, 22, 872415275);

INSERT INTO `ace_object_properties_int` (`aceObjectId`, `intPropertyId`, `propertyValue`)
VALUES (1998598245, 53, 101)
     , (1998598245, 1, 4194304)
     , (1998598245, 5, 1000)
     , (1998598245, 16, 48)
     , (1998598245, 93, 1048);

INSERT INTO `ace_object_properties_double` (`aceObjectId`, `dblPropertyId`, `propertyValue`)
VALUES (1998598245, 54, 2);

INSERT INTO `ace_object_properties_bool` (`aceObjectId`, `boolPropertyId`, `propertyValue`)
VALUES (1998598245, 12, True)
     , (1998598245, 11, True)
     , (1998598245, 14, True);

INSERT INTO `ace_object` (`aceObjectId`, `aceObjectDescriptionFlags`, `weenieClassId`, `weenieHeaderFlags`, `currentMotionState`, `physicsDescriptionFlag`)
VALUES (1917325314, 6291512, 171, 20, NULL, 169985);

INSERT INTO `ace_position` (`aceObjectId`, `positionType`, `landblockRaw`, `posX`, `posY`, `posZ`, `qW`, `qX`, `qY`, `qZ`)
VALUES (1917325314, 1, 612433950, 88.5596, 127.871, 220, 0.6733823, 0, 0, 0.7392944);

INSERT INTO `ace_object_properties_string` (`aceObjectId`, `strPropertyId`, `propertyValue`)
VALUES (1917325314, 1, 'Vat');

INSERT INTO `ace_object_properties_did` (`aceObjectId`, `didPropertyId`, `propertyValue`)
VALUES (1917325314, 8, 100668110)
     , (1917325314, 1, 33554796)
     , (1917325314, 3, 536870932)
     , (1917325314, 22, 872415275)
     , (1917325314, 28, 1183);

INSERT INTO `ace_object_properties_int` (`aceObjectId`, `intPropertyId`, `propertyValue`)
VALUES (1917325314, 53, 101)
     , (1917325314, 1, 4194304)
     , (1917325314, 5, 6000)
     , (1917325314, 16, 48)
     , (1917325314, 19, 200)
     , (1917325314, 93, 66584);

INSERT INTO `ace_object_properties_double` (`aceObjectId`, `dblPropertyId`, `propertyValue`)
VALUES (1917325314, 54, 2);

INSERT INTO `ace_object_properties_bool` (`aceObjectId`, `boolPropertyId`, `propertyValue`)
VALUES (1917325314, 12, True)
     , (1917325314, 11, True)
     , (1917325314, 14, True);

INSERT INTO `ace_object` (`aceObjectId`, `aceObjectDescriptionFlags`, `weenieClassId`, `weenieHeaderFlags`, `currentMotionState`, `physicsDescriptionFlag`)
VALUES (2056978442, 6291512, 174, 20, NULL, 169985);

INSERT INTO `ace_position` (`aceObjectId`, `positionType`, `landblockRaw`, `posX`, `posY`, `posZ`, `qW`, `qX`, `qY`, `qZ`)
VALUES (2056978442, 1, 2846883847, 10.1058, 167.755, 58, -0.852039, 0, 0, -0.523478);

INSERT INTO `ace_object_properties_string` (`aceObjectId`, `strPropertyId`, `propertyValue`)
VALUES (2056978442, 1, 'Well');

INSERT INTO `ace_object_properties_did` (`aceObjectId`, `didPropertyId`, `propertyValue`)
VALUES (2056978442, 8, 100667466)
     , (2056978442, 1, 33554816)
     , (2056978442, 3, 536870932)
     , (2056978442, 22, 872415275)
     , (2056978442, 28, 1183);

INSERT INTO `ace_object_properties_int` (`aceObjectId`, `intPropertyId`, `propertyValue`)
VALUES (2056978442, 53, 101)
     , (2056978442, 1, 4194304)
     , (2056978442, 5, 6000)
     , (2056978442, 16, 48)
     , (2056978442, 19, 200)
     , (2056978442, 93, 1048);

INSERT INTO `ace_object_properties_double` (`aceObjectId`, `dblPropertyId`, `propertyValue`)
VALUES (2056978442, 54, 2);

INSERT INTO `ace_object_properties_bool` (`aceObjectId`, `boolPropertyId`, `propertyValue`)
VALUES (2056978442, 12, True)
     , (2056978442, 11, True)
     , (2056978442, 14, True);

INSERT INTO `ace_object` (`aceObjectId`, `aceObjectDescriptionFlags`, `weenieClassId`, `weenieHeaderFlags`, `currentMotionState`, `physicsDescriptionFlag`)
VALUES (2030419973, 6291512, 171, 20, NULL, 169985);

INSERT INTO `ace_position` (`aceObjectId`, `positionType`, `landblockRaw`, `posX`, `posY`, `posZ`, `qW`, `qX`, `qY`, `qZ`)
VALUES (2030419973, 1, 2421948675, 134.129, 32.0193, 25.7, 0.1694981, 0, 0, -0.9855305);

INSERT INTO `ace_object_properties_string` (`aceObjectId`, `strPropertyId`, `propertyValue`)
VALUES (2030419973, 1, 'Vat');

INSERT INTO `ace_object_properties_did` (`aceObjectId`, `didPropertyId`, `propertyValue`)
VALUES (2030419973, 8, 100668110)
     , (2030419973, 1, 33554796)
     , (2030419973, 3, 536870932)
     , (2030419973, 22, 872415275)
     , (2030419973, 28, 1183);

INSERT INTO `ace_object_properties_int` (`aceObjectId`, `intPropertyId`, `propertyValue`)
VALUES (2030419973, 53, 101)
     , (2030419973, 1, 4194304)
     , (2030419973, 5, 6000)
     , (2030419973, 16, 48)
     , (2030419973, 19, 200)
     , (2030419973, 93, 66584);

INSERT INTO `ace_object_properties_double` (`aceObjectId`, `dblPropertyId`, `propertyValue`)
VALUES (2030419973, 54, 2);

INSERT INTO `ace_object_properties_bool` (`aceObjectId`, `boolPropertyId`, `propertyValue`)
VALUES (2030419973, 12, True)
     , (2030419973, 11, True)
     , (2030419973, 14, True);

INSERT INTO `ace_object` (`aceObjectId`, `aceObjectDescriptionFlags`, `weenieClassId`, `weenieHeaderFlags`, `currentMotionState`, `physicsDescriptionFlag`)
VALUES (2000453632, 2097176, 39200, 148, NULL, 39041);

INSERT INTO `ace_position` (`aceObjectId`, `positionType`, `landblockRaw`, `posX`, `posY`, `posZ`, `qW`, `qX`, `qY`, `qZ`)
VALUES (2000453632, 1, 1942487076, 108, 84, 96, -0.92388, 0, 0, -0.382683);

INSERT INTO `ace_object_properties_string` (`aceObjectId`, `strPropertyId`, `propertyValue`)
VALUES (2000453632, 1, 'Cathedral Portal');

INSERT INTO `ace_object_properties_did` (`aceObjectId`, `didPropertyId`, `propertyValue`)
VALUES (2000453632, 8, 100675779)
     , (2000453632, 1, 33558603)
     , (2000453632, 3, 536870932)
     , (2000453632, 22, 872415275);

INSERT INTO `ace_object_properties_int` (`aceObjectId`, `intPropertyId`, `propertyValue`)
VALUES (2000453632, 1, 1024)
     , (2000453632, 5, 50)
     , (2000453632, 16, 1)
     , (2000453632, 19, 7)
     , (2000453632, 93, 2068);

INSERT INTO `ace_object_properties_double` (`aceObjectId`, `dblPropertyId`, `propertyValue`)
VALUES (2000453632, 39, 1.5);

INSERT INTO `ace_object_properties_bool` (`aceObjectId`, `boolPropertyId`, `propertyValue`)
VALUES (2000453632, 13, True)
     , (2000453632, 11, True)
     , (2000453632, 15, True);

INSERT INTO `ace_object` (`aceObjectId`, `aceObjectDescriptionFlags`, `weenieClassId`, `weenieHeaderFlags`, `currentMotionState`, `physicsDescriptionFlag`)
VALUES (2000453633, 2097176, 39201, 148, NULL, 39041);

INSERT INTO `ace_position` (`aceObjectId`, `positionType`, `landblockRaw`, `posX`, `posY`, `posZ`, `qW`, `qX`, `qY`, `qZ`)
VALUES (2000453633, 1, 1942487076, 108, 84, 96, -0.92388, 0, 0, -0.382683);

INSERT INTO `ace_object_properties_string` (`aceObjectId`, `strPropertyId`, `propertyValue`)
VALUES (2000453633, 1, 'Falatacot Pyramid');

INSERT INTO `ace_object_properties_did` (`aceObjectId`, `didPropertyId`, `propertyValue`)
VALUES (2000453633, 8, 100689628)
     , (2000453633, 1, 33560689)
     , (2000453633, 3, 536870932)
     , (2000453633, 22, 872415275);

INSERT INTO `ace_object_properties_int` (`aceObjectId`, `intPropertyId`, `propertyValue`)
VALUES (2000453633, 1, 1024)
     , (2000453633, 5, 50)
     , (2000453633, 16, 1)
     , (2000453633, 19, 7)
     , (2000453633, 93, 2068);

INSERT INTO `ace_object_properties_double` (`aceObjectId`, `dblPropertyId`, `propertyValue`)
VALUES (2000453633, 39, 5);

INSERT INTO `ace_object_properties_bool` (`aceObjectId`, `boolPropertyId`, `propertyValue`)
VALUES (2000453633, 13, True)
     , (2000453633, 11, True)
     , (2000453633, 15, True);

INSERT INTO `ace_object` (`aceObjectId`, `aceObjectDescriptionFlags`, `weenieClassId`, `weenieHeaderFlags`, `currentMotionState`, `physicsDescriptionFlag`)
VALUES (1998356481, 2097176, 39201, 148, NULL, 39041);

INSERT INTO `ace_position` (`aceObjectId`, `positionType`, `landblockRaw`, `posX`, `posY`, `posZ`, `qW`, `qX`, `qY`, `qZ`)
VALUES (1998356481, 1, 1908932636, 84, 84, 96, 0.92388, 0, 0, -0.382683);

INSERT INTO `ace_object_properties_string` (`aceObjectId`, `strPropertyId`, `propertyValue`)
VALUES (1998356481, 1, 'Falatacot Pyramid');

INSERT INTO `ace_object_properties_did` (`aceObjectId`, `didPropertyId`, `propertyValue`)
VALUES (1998356481, 8, 100689628)
     , (1998356481, 1, 33560689)
     , (1998356481, 3, 536870932)
     , (1998356481, 22, 872415275);

INSERT INTO `ace_object_properties_int` (`aceObjectId`, `intPropertyId`, `propertyValue`)
VALUES (1998356481, 1, 1024)
     , (1998356481, 5, 50)
     , (1998356481, 16, 1)
     , (1998356481, 19, 7)
     , (1998356481, 93, 2068);

INSERT INTO `ace_object_properties_double` (`aceObjectId`, `dblPropertyId`, `propertyValue`)
VALUES (1998356481, 39, 5);

INSERT INTO `ace_object_properties_bool` (`aceObjectId`, `boolPropertyId`, `propertyValue`)
VALUES (1998356481, 13, True)
     , (1998356481, 11, True)
     , (1998356481, 15, True);

INSERT INTO `ace_object` (`aceObjectId`, `aceObjectDescriptionFlags`, `weenieClassId`, `weenieHeaderFlags`, `currentMotionState`, `physicsDescriptionFlag`)
VALUES (1998356480, 2097176, 39200, 148, NULL, 39041);

INSERT INTO `ace_position` (`aceObjectId`, `positionType`, `landblockRaw`, `posX`, `posY`, `posZ`, `qW`, `qX`, `qY`, `qZ`)
VALUES (1998356480, 1, 1908932636, 84, 84, 96, 0.92388, 0, 0, -0.382683);

INSERT INTO `ace_object_properties_string` (`aceObjectId`, `strPropertyId`, `propertyValue`)
VALUES (1998356480, 1, 'Cathedral Portal');

INSERT INTO `ace_object_properties_did` (`aceObjectId`, `didPropertyId`, `propertyValue`)
VALUES (1998356480, 8, 100675779)
     , (1998356480, 1, 33558603)
     , (1998356480, 3, 536870932)
     , (1998356480, 22, 872415275);

INSERT INTO `ace_object_properties_int` (`aceObjectId`, `intPropertyId`, `propertyValue`)
VALUES (1998356480, 1, 1024)
     , (1998356480, 5, 50)
     , (1998356480, 16, 1)
     , (1998356480, 19, 7)
     , (1998356480, 93, 2068);

INSERT INTO `ace_object_properties_double` (`aceObjectId`, `dblPropertyId`, `propertyValue`)
VALUES (1998356480, 39, 1.5);

INSERT INTO `ace_object_properties_bool` (`aceObjectId`, `boolPropertyId`, `propertyValue`)
VALUES (1998356480, 13, True)
     , (1998356480, 11, True)
     , (1998356480, 15, True);

INSERT INTO `ace_object` (`aceObjectId`, `aceObjectDescriptionFlags`, `weenieClassId`, `weenieHeaderFlags`, `currentMotionState`, `physicsDescriptionFlag`)
VALUES (2070519812, 6291512, 174, 20, NULL, 169985);

INSERT INTO `ace_position` (`aceObjectId`, `positionType`, `landblockRaw`, `posX`, `posY`, `posZ`, `qW`, `qX`, `qY`, `qZ`)
VALUES (2070519812, 1, 3063545912, 155.49, 170.645, 48, -0.92311, 0, 0, -0.384535);

INSERT INTO `ace_object_properties_string` (`aceObjectId`, `strPropertyId`, `propertyValue`)
VALUES (2070519812, 1, 'Well');

INSERT INTO `ace_object_properties_did` (`aceObjectId`, `didPropertyId`, `propertyValue`)
VALUES (2070519812, 8, 100667466)
     , (2070519812, 1, 33554816)
     , (2070519812, 3, 536870932)
     , (2070519812, 22, 872415275)
     , (2070519812, 28, 1183);

INSERT INTO `ace_object_properties_int` (`aceObjectId`, `intPropertyId`, `propertyValue`)
VALUES (2070519812, 53, 101)
     , (2070519812, 1, 4194304)
     , (2070519812, 5, 6000)
     , (2070519812, 16, 48)
     , (2070519812, 19, 200)
     , (2070519812, 93, 1048);

INSERT INTO `ace_object_properties_double` (`aceObjectId`, `dblPropertyId`, `propertyValue`)
VALUES (2070519812, 54, 2);

INSERT INTO `ace_object_properties_bool` (`aceObjectId`, `boolPropertyId`, `propertyValue`)
VALUES (2070519812, 12, True)
     , (2070519812, 11, True)
     , (2070519812, 14, True);

INSERT INTO `ace_object` (`aceObjectId`, `aceObjectDescriptionFlags`, `weenieClassId`, `weenieHeaderFlags`, `currentMotionState`, `physicsDescriptionFlag`)
VALUES (2019569760, 2097200, 8377, 20, NULL, 169985);

INSERT INTO `ace_position` (`aceObjectId`, `positionType`, `landblockRaw`, `posX`, `posY`, `posZ`, `qW`, `qX`, `qY`, `qZ`)
VALUES (2019569760, 1, 2248344363, 73.3792, -72.9959, 12.793, 0.285455, 0, 0, -0.9583921);

INSERT INTO `ace_object_properties_string` (`aceObjectId`, `strPropertyId`, `propertyValue`)
VALUES (2019569760, 1, 'Beer Keg');

INSERT INTO `ace_object_properties_did` (`aceObjectId`, `didPropertyId`, `propertyValue`)
VALUES (2019569760, 8, 100667431)
     , (2019569760, 1, 33556853)
     , (2019569760, 3, 536870932)
     , (2019569760, 22, 872415275);

INSERT INTO `ace_object_properties_int` (`aceObjectId`, `intPropertyId`, `propertyValue`)
VALUES (2019569760, 53, 101)
     , (2019569760, 1, 4194304)
     , (2019569760, 5, 1000)
     , (2019569760, 16, 48)
     , (2019569760, 93, 1048);

INSERT INTO `ace_object_properties_double` (`aceObjectId`, `dblPropertyId`, `propertyValue`)
VALUES (2019569760, 54, 2);

INSERT INTO `ace_object_properties_bool` (`aceObjectId`, `boolPropertyId`, `propertyValue`)
VALUES (2019569760, 12, True)
     , (2019569760, 11, True)
     , (2019569760, 14, True);

INSERT INTO `ace_object` (`aceObjectId`, `aceObjectDescriptionFlags`, `weenieClassId`, `weenieHeaderFlags`, `currentMotionState`, `physicsDescriptionFlag`)
VALUES (2052780035, 6291512, 174, 20, NULL, 169985);

INSERT INTO `ace_position` (`aceObjectId`, `positionType`, `landblockRaw`, `posX`, `posY`, `posZ`, `qW`, `qX`, `qY`, `qZ`)
VALUES (2052780035, 1, 2779709470, 73.7056, 121.265, 44, -0.334089, 0, 0, 0.942541);

INSERT INTO `ace_object_properties_string` (`aceObjectId`, `strPropertyId`, `propertyValue`)
VALUES (2052780035, 1, 'Well');

INSERT INTO `ace_object_properties_did` (`aceObjectId`, `didPropertyId`, `propertyValue`)
VALUES (2052780035, 8, 100667466)
     , (2052780035, 1, 33554816)
     , (2052780035, 3, 536870932)
     , (2052780035, 22, 872415275)
     , (2052780035, 28, 1183);

INSERT INTO `ace_object_properties_int` (`aceObjectId`, `intPropertyId`, `propertyValue`)
VALUES (2052780035, 53, 101)
     , (2052780035, 1, 4194304)
     , (2052780035, 5, 6000)
     , (2052780035, 16, 48)
     , (2052780035, 19, 200)
     , (2052780035, 93, 1048);

INSERT INTO `ace_object_properties_double` (`aceObjectId`, `dblPropertyId`, `propertyValue`)
VALUES (2052780035, 54, 2);

INSERT INTO `ace_object_properties_bool` (`aceObjectId`, `boolPropertyId`, `propertyValue`)
VALUES (2052780035, 12, True)
     , (2052780035, 11, True)
     , (2052780035, 14, True);

INSERT INTO `ace_object` (`aceObjectId`, `aceObjectDescriptionFlags`, `weenieClassId`, `weenieHeaderFlags`, `currentMotionState`, `physicsDescriptionFlag`)
VALUES (2041311236, 6291512, 174, 20, NULL, 169985);

INSERT INTO `ace_position` (`aceObjectId`, `positionType`, `landblockRaw`, `posX`, `posY`, `posZ`, `qW`, `qX`, `qY`, `qZ`)
VALUES (2041311236, 1, 2596208642, 20.673, 31.08, 66, 1, 0, 0, 0);

INSERT INTO `ace_object_properties_string` (`aceObjectId`, `strPropertyId`, `propertyValue`)
VALUES (2041311236, 1, 'Well');

INSERT INTO `ace_object_properties_did` (`aceObjectId`, `didPropertyId`, `propertyValue`)
VALUES (2041311236, 8, 100667466)
     , (2041311236, 1, 33554816)
     , (2041311236, 3, 536870932)
     , (2041311236, 22, 872415275)
     , (2041311236, 28, 1183);

INSERT INTO `ace_object_properties_int` (`aceObjectId`, `intPropertyId`, `propertyValue`)
VALUES (2041311236, 53, 101)
     , (2041311236, 1, 4194304)
     , (2041311236, 5, 6000)
     , (2041311236, 16, 48)
     , (2041311236, 19, 200)
     , (2041311236, 93, 1048);

INSERT INTO `ace_object_properties_double` (`aceObjectId`, `dblPropertyId`, `propertyValue`)
VALUES (2041311236, 54, 2);

INSERT INTO `ace_object_properties_bool` (`aceObjectId`, `boolPropertyId`, `propertyValue`)
VALUES (2041311236, 12, True)
     , (2041311236, 11, True)
     , (2041311236, 14, True);

INSERT INTO `ace_object` (`aceObjectId`, `aceObjectDescriptionFlags`, `weenieClassId`, `weenieHeaderFlags`, `currentMotionState`, `physicsDescriptionFlag`)
VALUES (1969577994, 2097200, 8377, 20, NULL, 169985);

INSERT INTO `ace_position` (`aceObjectId`, `positionType`, `landblockRaw`, `posX`, `posY`, `posZ`, `qW`, `qX`, `qY`, `qZ`)
VALUES (1969577994, 1, 1448476990, 42.9216, -49.9764, 0, 1, 0, 0, 0);

INSERT INTO `ace_object_properties_string` (`aceObjectId`, `strPropertyId`, `propertyValue`)
VALUES (1969577994, 1, 'Beer Keg');

INSERT INTO `ace_object_properties_did` (`aceObjectId`, `didPropertyId`, `propertyValue`)
VALUES (1969577994, 8, 100667431)
     , (1969577994, 1, 33556853)
     , (1969577994, 3, 536870932)
     , (1969577994, 22, 872415275);

INSERT INTO `ace_object_properties_int` (`aceObjectId`, `intPropertyId`, `propertyValue`)
VALUES (1969577994, 53, 101)
     , (1969577994, 1, 4194304)
     , (1969577994, 5, 1000)
     , (1969577994, 16, 48)
     , (1969577994, 93, 1048);

INSERT INTO `ace_object_properties_double` (`aceObjectId`, `dblPropertyId`, `propertyValue`)
VALUES (1969577994, 54, 2);

INSERT INTO `ace_object_properties_bool` (`aceObjectId`, `boolPropertyId`, `propertyValue`)
VALUES (1969577994, 12, True)
     , (1969577994, 11, True)
     , (1969577994, 14, True);

INSERT INTO `ace_object` (`aceObjectId`, `aceObjectDescriptionFlags`, `weenieClassId`, `weenieHeaderFlags`, `currentMotionState`, `physicsDescriptionFlag`)
VALUES (2081943552, 6291512, 174, 20, NULL, 169985);

INSERT INTO `ace_position` (`aceObjectId`, `positionType`, `landblockRaw`, `posX`, `posY`, `posZ`, `qW`, `qX`, `qY`, `qZ`)
VALUES (2081943552, 1, 3246325773, 26.0376, 97.9362, 26, -0.109012, 0, 0, -0.99404);

INSERT INTO `ace_object_properties_string` (`aceObjectId`, `strPropertyId`, `propertyValue`)
VALUES (2081943552, 1, 'Well');

INSERT INTO `ace_object_properties_did` (`aceObjectId`, `didPropertyId`, `propertyValue`)
VALUES (2081943552, 8, 100667466)
     , (2081943552, 1, 33554816)
     , (2081943552, 3, 536870932)
     , (2081943552, 22, 872415275)
     , (2081943552, 28, 1183);

INSERT INTO `ace_object_properties_int` (`aceObjectId`, `intPropertyId`, `propertyValue`)
VALUES (2081943552, 53, 101)
     , (2081943552, 1, 4194304)
     , (2081943552, 5, 6000)
     , (2081943552, 16, 48)
     , (2081943552, 19, 200)
     , (2081943552, 93, 1048);

INSERT INTO `ace_object_properties_double` (`aceObjectId`, `dblPropertyId`, `propertyValue`)
VALUES (2081943552, 54, 2);

INSERT INTO `ace_object_properties_bool` (`aceObjectId`, `boolPropertyId`, `propertyValue`)
VALUES (2081943552, 12, True)
     , (2081943552, 11, True)
     , (2081943552, 14, True);

INSERT INTO `ace_object` (`aceObjectId`, `aceObjectDescriptionFlags`, `weenieClassId`, `weenieHeaderFlags`, `currentMotionState`, `physicsDescriptionFlag`)
VALUES (1880182828, 6291512, 152, 20, NULL, 169985);

INSERT INTO `ace_position` (`aceObjectId`, `positionType`, `landblockRaw`, `posX`, `posY`, `posZ`, `qW`, `qX`, `qY`, `qZ`)
VALUES (1880182828, 1, 18153902, 70, -70, 17.9925, 0.9999319, 0, 0, -0.011672);

INSERT INTO `ace_object_properties_string` (`aceObjectId`, `strPropertyId`, `propertyValue`)
VALUES (1880182828, 1, 'Font');

INSERT INTO `ace_object_properties_did` (`aceObjectId`, `didPropertyId`, `propertyValue`)
VALUES (1880182828, 8, 100668104)
     , (1880182828, 1, 33554710)
     , (1880182828, 3, 536870932)
     , (1880182828, 22, 872415275)
     , (1880182828, 28, 1183);

INSERT INTO `ace_object_properties_int` (`aceObjectId`, `intPropertyId`, `propertyValue`)
VALUES (1880182828, 53, 101)
     , (1880182828, 1, 4194304)
     , (1880182828, 5, 6000)
     , (1880182828, 16, 48)
     , (1880182828, 19, 200)
     , (1880182828, 93, 1048);

INSERT INTO `ace_object_properties_double` (`aceObjectId`, `dblPropertyId`, `propertyValue`)
VALUES (1880182828, 54, 2);

INSERT INTO `ace_object_properties_bool` (`aceObjectId`, `boolPropertyId`, `propertyValue`)
VALUES (1880182828, 12, True)
     , (1880182828, 11, True)
     , (1880182828, 14, True);

INSERT INTO `ace_object` (`aceObjectId`, `aceObjectDescriptionFlags`, `weenieClassId`, `weenieHeaderFlags`, `currentMotionState`, `physicsDescriptionFlag`)
VALUES (2083045390, 0, 14341, 20, NULL, 32769);

INSERT INTO `ace_position` (`aceObjectId`, `positionType`, `landblockRaw`, `posX`, `posY`, `posZ`, `qW`, `qX`, `qY`, `qZ`)
VALUES (2083045390, 1, 3263954979, 108, 60, 24.44472, 1, 0, 0, 0);

INSERT INTO `ace_object_properties_string` (`aceObjectId`, `strPropertyId`, `propertyValue`)
VALUES (2083045390, 1, 'Chess Board');

INSERT INTO `ace_object_properties_did` (`aceObjectId`, `didPropertyId`, `propertyValue`)
VALUES (2083045390, 8, 100673558)
     , (2083045390, 1, 33558037);

INSERT INTO `ace_object_properties_int` (`aceObjectId`, `intPropertyId`, `propertyValue`)
VALUES (2083045390, 1, 2147483648)
     , (2083045390, 93, 1040);

INSERT INTO `ace_object_properties_bool` (`aceObjectId`, `boolPropertyId`, `propertyValue`)
VALUES (2083045390, 11, True)
     , (2083045390, 14, True);

INSERT INTO `ace_object` (`aceObjectId`, `aceObjectDescriptionFlags`, `weenieClassId`, `weenieHeaderFlags`, `currentMotionState`, `physicsDescriptionFlag`)
VALUES (2083045387, 0, 14341, 20, NULL, 32769);

INSERT INTO `ace_position` (`aceObjectId`, `positionType`, `landblockRaw`, `posX`, `posY`, `posZ`, `qW`, `qX`, `qY`, `qZ`)
VALUES (2083045387, 1, 3263954981, 108, 108, 24.44472, 1, 0, 0, 0);

INSERT INTO `ace_object_properties_string` (`aceObjectId`, `strPropertyId`, `propertyValue`)
VALUES (2083045387, 1, 'Chess Board');

INSERT INTO `ace_object_properties_did` (`aceObjectId`, `didPropertyId`, `propertyValue`)
VALUES (2083045387, 8, 100673558)
     , (2083045387, 1, 33558037);

INSERT INTO `ace_object_properties_int` (`aceObjectId`, `intPropertyId`, `propertyValue`)
VALUES (2083045387, 1, 2147483648)
     , (2083045387, 93, 1040);

INSERT INTO `ace_object_properties_bool` (`aceObjectId`, `boolPropertyId`, `propertyValue`)
VALUES (2083045387, 11, True)
     , (2083045387, 14, True);

INSERT INTO `ace_object` (`aceObjectId`, `aceObjectDescriptionFlags`, `weenieClassId`, `weenieHeaderFlags`, `currentMotionState`, `physicsDescriptionFlag`)
VALUES (2060812291, 6291512, 171, 20, NULL, 169985);

INSERT INTO `ace_position` (`aceObjectId`, `positionType`, `landblockRaw`, `posX`, `posY`, `posZ`, `qW`, `qX`, `qY`, `qZ`)
VALUES (2060812291, 1, 2908225585, 149.032, 16.239, 58, -0.1576481, 0, 0, 0.9874954);

INSERT INTO `ace_object_properties_string` (`aceObjectId`, `strPropertyId`, `propertyValue`)
VALUES (2060812291, 1, 'Vat');

INSERT INTO `ace_object_properties_did` (`aceObjectId`, `didPropertyId`, `propertyValue`)
VALUES (2060812291, 8, 100668110)
     , (2060812291, 1, 33554796)
     , (2060812291, 3, 536870932)
     , (2060812291, 22, 872415275)
     , (2060812291, 28, 1183);

INSERT INTO `ace_object_properties_int` (`aceObjectId`, `intPropertyId`, `propertyValue`)
VALUES (2060812291, 53, 101)
     , (2060812291, 1, 4194304)
     , (2060812291, 5, 6000)
     , (2060812291, 16, 48)
     , (2060812291, 19, 200)
     , (2060812291, 93, 66584);

INSERT INTO `ace_object_properties_double` (`aceObjectId`, `dblPropertyId`, `propertyValue`)
VALUES (2060812291, 54, 2);

INSERT INTO `ace_object_properties_bool` (`aceObjectId`, `boolPropertyId`, `propertyValue`)
VALUES (2060812291, 12, True)
     , (2060812291, 11, True)
     , (2060812291, 14, True);

INSERT INTO `ace_object` (`aceObjectId`, `aceObjectDescriptionFlags`, `weenieClassId`, `weenieHeaderFlags`, `currentMotionState`, `physicsDescriptionFlag`)
VALUES (2002370562, 6291512, 165, 20, NULL, 169985);

INSERT INTO `ace_position` (`aceObjectId`, `positionType`, `landblockRaw`, `posX`, `posY`, `posZ`, `qW`, `qX`, `qY`, `qZ`)
VALUES (2002370562, 1, 1973157934, 141.629, 137.875, 240.05, 1, 0, 0, 0);

INSERT INTO `ace_object_properties_string` (`aceObjectId`, `strPropertyId`, `propertyValue`)
VALUES (2002370562, 1, 'Pool');

INSERT INTO `ace_object_properties_did` (`aceObjectId`, `didPropertyId`, `propertyValue`)
VALUES (2002370562, 8, 100668107)
     , (2002370562, 1, 33554711)
     , (2002370562, 3, 536870932)
     , (2002370562, 22, 872415275)
     , (2002370562, 28, 1183);

INSERT INTO `ace_object_properties_int` (`aceObjectId`, `intPropertyId`, `propertyValue`)
VALUES (2002370562, 53, 101)
     , (2002370562, 1, 4194304)
     , (2002370562, 5, 6000)
     , (2002370562, 16, 48)
     , (2002370562, 19, 200)
     , (2002370562, 93, 66584);

INSERT INTO `ace_object_properties_double` (`aceObjectId`, `dblPropertyId`, `propertyValue`)
VALUES (2002370562, 54, 2);

INSERT INTO `ace_object_properties_bool` (`aceObjectId`, `boolPropertyId`, `propertyValue`)
VALUES (2002370562, 12, True)
     , (2002370562, 11, True)
     , (2002370562, 14, True);

INSERT INTO `ace_object` (`aceObjectId`, `aceObjectDescriptionFlags`, `weenieClassId`, `weenieHeaderFlags`, `currentMotionState`, `physicsDescriptionFlag`)
VALUES (1880440867, 6291512, 153, 20, NULL, 169985);

INSERT INTO `ace_position` (`aceObjectId`, `positionType`, `landblockRaw`, `posX`, `posY`, `posZ`, `qW`, `qX`, `qY`, `qZ`)
VALUES (1880440867, 1, 22282699, 30, -50, -0.00749898, 0.7071068, 0, 0, -0.7071068);

INSERT INTO `ace_object_properties_string` (`aceObjectId`, `strPropertyId`, `propertyValue`)
VALUES (1880440867, 1, 'Fountain');

INSERT INTO `ace_object_properties_did` (`aceObjectId`, `didPropertyId`, `propertyValue`)
VALUES (1880440867, 8, 100668104)
     , (1880440867, 1, 33555071)
     , (1880440867, 3, 536870932)
     , (1880440867, 22, 872415275)
     , (1880440867, 28, 1183);

INSERT INTO `ace_object_properties_int` (`aceObjectId`, `intPropertyId`, `propertyValue`)
VALUES (1880440867, 53, 101)
     , (1880440867, 1, 4194304)
     , (1880440867, 5, 6000)
     , (1880440867, 16, 48)
     , (1880440867, 19, 200)
     , (1880440867, 93, 1048);

INSERT INTO `ace_object_properties_double` (`aceObjectId`, `dblPropertyId`, `propertyValue`)
VALUES (1880440867, 54, 2);

INSERT INTO `ace_object_properties_bool` (`aceObjectId`, `boolPropertyId`, `propertyValue`)
VALUES (1880440867, 12, True)
     , (1880440867, 11, True)
     , (1880440867, 14, True);

INSERT INTO `ace_object` (`aceObjectId`, `aceObjectDescriptionFlags`, `weenieClassId`, `weenieHeaderFlags`, `currentMotionState`, `physicsDescriptionFlag`)
VALUES (2019999755, 6291512, 6441, 20, NULL, 169985);

INSERT INTO `ace_position` (`aceObjectId`, `positionType`, `landblockRaw`, `posX`, `posY`, `posZ`, `qW`, `qX`, `qY`, `qZ`)
VALUES (2019999755, 1, 2255224843, 37.3695, 67.8959, 10, -0.4629497, 0, 0, -0.8863845);

INSERT INTO `ace_object_properties_string` (`aceObjectId`, `strPropertyId`, `propertyValue`)
VALUES (2019999755, 1, 'Well');

INSERT INTO `ace_object_properties_did` (`aceObjectId`, `didPropertyId`, `propertyValue`)
VALUES (2019999755, 8, 100667466)
     , (2019999755, 1, 33554712)
     , (2019999755, 3, 536870932)
     , (2019999755, 22, 872415275)
     , (2019999755, 28, 1183);

INSERT INTO `ace_object_properties_int` (`aceObjectId`, `intPropertyId`, `propertyValue`)
VALUES (2019999755, 53, 101)
     , (2019999755, 1, 4194304)
     , (2019999755, 5, 6000)
     , (2019999755, 16, 48)
     , (2019999755, 19, 200)
     , (2019999755, 93, 1048);

INSERT INTO `ace_object_properties_double` (`aceObjectId`, `dblPropertyId`, `propertyValue`)
VALUES (2019999755, 54, 2);

INSERT INTO `ace_object_properties_bool` (`aceObjectId`, `boolPropertyId`, `propertyValue`)
VALUES (2019999755, 12, True)
     , (2019999755, 11, True)
     , (2019999755, 14, True);

INSERT INTO `ace_object` (`aceObjectId`, `aceObjectDescriptionFlags`, `weenieClassId`, `weenieHeaderFlags`, `currentMotionState`, `physicsDescriptionFlag`)
VALUES (2013278309, 2097200, 8377, 20, NULL, 169985);

INSERT INTO `ace_position` (`aceObjectId`, `positionType`, `landblockRaw`, `posX`, `posY`, `posZ`, `qW`, `qX`, `qY`, `qZ`)
VALUES (2013278309, 1, 2147681067, 73.3792, -72.9959, 12.793, 0.285455, 0, 0, -0.9583921);

INSERT INTO `ace_object_properties_string` (`aceObjectId`, `strPropertyId`, `propertyValue`)
VALUES (2013278309, 1, 'Beer Keg');

INSERT INTO `ace_object_properties_did` (`aceObjectId`, `didPropertyId`, `propertyValue`)
VALUES (2013278309, 8, 100667431)
     , (2013278309, 1, 33556853)
     , (2013278309, 3, 536870932)
     , (2013278309, 22, 872415275);

INSERT INTO `ace_object_properties_int` (`aceObjectId`, `intPropertyId`, `propertyValue`)
VALUES (2013278309, 53, 101)
     , (2013278309, 1, 4194304)
     , (2013278309, 5, 1000)
     , (2013278309, 16, 48)
     , (2013278309, 93, 1048);

INSERT INTO `ace_object_properties_double` (`aceObjectId`, `dblPropertyId`, `propertyValue`)
VALUES (2013278309, 54, 2);

INSERT INTO `ace_object_properties_bool` (`aceObjectId`, `boolPropertyId`, `propertyValue`)
VALUES (2013278309, 12, True)
     , (2013278309, 11, True)
     , (2013278309, 14, True);

INSERT INTO `ace_object` (`aceObjectId`, `aceObjectDescriptionFlags`, `weenieClassId`, `weenieHeaderFlags`, `currentMotionState`, `physicsDescriptionFlag`)
VALUES (2015944714, 6291512, 6441, 20, NULL, 169985);

INSERT INTO `ace_position` (`aceObjectId`, `positionType`, `landblockRaw`, `posX`, `posY`, `posZ`, `qW`, `qX`, `qY`, `qZ`)
VALUES (2015944714, 1, 2190344213, 66.5424, 110.587, 124, -0.3134271, 0, 0, -0.9496123);

INSERT INTO `ace_object_properties_string` (`aceObjectId`, `strPropertyId`, `propertyValue`)
VALUES (2015944714, 1, 'Well');

INSERT INTO `ace_object_properties_did` (`aceObjectId`, `didPropertyId`, `propertyValue`)
VALUES (2015944714, 8, 100667466)
     , (2015944714, 1, 33554712)
     , (2015944714, 3, 536870932)
     , (2015944714, 22, 872415275)
     , (2015944714, 28, 1183);

INSERT INTO `ace_object_properties_int` (`aceObjectId`, `intPropertyId`, `propertyValue`)
VALUES (2015944714, 53, 101)
     , (2015944714, 1, 4194304)
     , (2015944714, 5, 6000)
     , (2015944714, 16, 48)
     , (2015944714, 19, 200)
     , (2015944714, 93, 1048);

INSERT INTO `ace_object_properties_double` (`aceObjectId`, `dblPropertyId`, `propertyValue`)
VALUES (2015944714, 54, 2);

INSERT INTO `ace_object_properties_bool` (`aceObjectId`, `boolPropertyId`, `propertyValue`)
VALUES (2015944714, 12, True)
     , (2015944714, 11, True)
     , (2015944714, 14, True);

INSERT INTO `ace_object` (`aceObjectId`, `aceObjectDescriptionFlags`, `weenieClassId`, `weenieHeaderFlags`, `currentMotionState`, `physicsDescriptionFlag`)
VALUES (1969553418, 2097200, 8377, 20, NULL, 169985);

INSERT INTO `ace_position` (`aceObjectId`, `positionType`, `landblockRaw`, `posX`, `posY`, `posZ`, `qW`, `qX`, `qY`, `qZ`)
VALUES (1969553418, 1, 1448083774, 42.9216, -49.9764, 0, 1, 0, 0, 0);

INSERT INTO `ace_object_properties_string` (`aceObjectId`, `strPropertyId`, `propertyValue`)
VALUES (1969553418, 1, 'Beer Keg');

INSERT INTO `ace_object_properties_did` (`aceObjectId`, `didPropertyId`, `propertyValue`)
VALUES (1969553418, 8, 100667431)
     , (1969553418, 1, 33556853)
     , (1969553418, 3, 536870932)
     , (1969553418, 22, 872415275);

INSERT INTO `ace_object_properties_int` (`aceObjectId`, `intPropertyId`, `propertyValue`)
VALUES (1969553418, 53, 101)
     , (1969553418, 1, 4194304)
     , (1969553418, 5, 1000)
     , (1969553418, 16, 48)
     , (1969553418, 93, 1048);

INSERT INTO `ace_object_properties_double` (`aceObjectId`, `dblPropertyId`, `propertyValue`)
VALUES (1969553418, 54, 2);

INSERT INTO `ace_object_properties_bool` (`aceObjectId`, `boolPropertyId`, `propertyValue`)
VALUES (1969553418, 12, True)
     , (1969553418, 11, True)
     , (1969553418, 14, True);

INSERT INTO `ace_object` (`aceObjectId`, `aceObjectDescriptionFlags`, `weenieClassId`, `weenieHeaderFlags`, `currentMotionState`, `physicsDescriptionFlag`)
VALUES (1901494281, 6291512, 174, 20, NULL, 169985);

INSERT INTO `ace_position` (`aceObjectId`, `positionType`, `landblockRaw`, `posX`, `posY`, `posZ`, `qW`, `qX`, `qY`, `qZ`)
VALUES (1901494281, 1, 359137330, 163.475, 29.2322, 2, 0.180841, 0, 0, 0.983512);

INSERT INTO `ace_object_properties_string` (`aceObjectId`, `strPropertyId`, `propertyValue`)
VALUES (1901494281, 1, 'Well');

INSERT INTO `ace_object_properties_did` (`aceObjectId`, `didPropertyId`, `propertyValue`)
VALUES (1901494281, 8, 100667466)
     , (1901494281, 1, 33554816)
     , (1901494281, 3, 536870932)
     , (1901494281, 22, 872415275)
     , (1901494281, 28, 1183);

INSERT INTO `ace_object_properties_int` (`aceObjectId`, `intPropertyId`, `propertyValue`)
VALUES (1901494281, 53, 101)
     , (1901494281, 1, 4194304)
     , (1901494281, 5, 6000)
     , (1901494281, 16, 48)
     , (1901494281, 19, 200)
     , (1901494281, 93, 1048);

INSERT INTO `ace_object_properties_double` (`aceObjectId`, `dblPropertyId`, `propertyValue`)
VALUES (1901494281, 54, 2);

INSERT INTO `ace_object_properties_bool` (`aceObjectId`, `boolPropertyId`, `propertyValue`)
VALUES (1901494281, 12, True)
     , (1901494281, 11, True)
     , (1901494281, 14, True);

INSERT INTO `ace_object` (`aceObjectId`, `aceObjectDescriptionFlags`, `weenieClassId`, `weenieHeaderFlags`, `currentMotionState`, `physicsDescriptionFlag`)
VALUES (1981071363, 2687128, 24065, 20, NULL, 169985);

INSERT INTO `ace_position` (`aceObjectId`, `positionType`, `landblockRaw`, `posX`, `posY`, `posZ`, `qW`, `qX`, `qY`, `qZ`)
VALUES (1981071363, 1, 1632371085, 76.1944, -130.061, -21.3789, 0.9879932, 0, 0, -0.154497);

INSERT INTO `ace_object_properties_string` (`aceObjectId`, `strPropertyId`, `propertyValue`)
VALUES (1981071363, 1, 'Globe of Auberean');

INSERT INTO `ace_object_properties_did` (`aceObjectId`, `didPropertyId`, `propertyValue`)
VALUES (1981071363, 8, 100671368)
     , (1981071363, 1, 33556967)
     , (1981071363, 3, 536870932)
     , (1981071363, 22, 872415275)
     , (1981071363, 6, 67113133);

INSERT INTO `ace_object_properties_int` (`aceObjectId`, `intPropertyId`, `propertyValue`)
VALUES (1981071363, 53, 101)
     , (1981071363, 1, 32768)
     , (1981071363, 5, 10)
     , (1981071363, 18, 1)
     , (1981071363, 94, 16)
     , (1981071363, 16, 1)
     , (1981071363, 9, 16777216)
     , (1981071363, 19, 10)
     , (1981071363, 93, 20);

INSERT INTO `ace_object_properties_bool` (`aceObjectId`, `boolPropertyId`, `propertyValue`)
VALUES (1981071363, 13, True)
     , (1981071363, 11, True);

INSERT INTO `ace_object_palette_change` (`aceObjectId`, `subPaletteId`, `offset`, `length`)
VALUES (1981071363, 67111092, 0, 0);

INSERT INTO `ace_object_texture_map_change` (`aceObjectId`, `index`, `oldId`, `newId`)
VALUES (1981071363, 0, 83893054, 83893054)
     , (1981071363, 0, 83893053, 83893053);

INSERT INTO `ace_object_animation_change` (`aceObjectId`, `index`, `animationId`)
VALUES (1981071363, 0, 16785592);

INSERT INTO `ace_object` (`aceObjectId`, `aceObjectDescriptionFlags`, `weenieClassId`, `weenieHeaderFlags`, `currentMotionState`, `physicsDescriptionFlag`)
VALUES (1969610762, 2097200, 8377, 20, NULL, 169985);

INSERT INTO `ace_position` (`aceObjectId`, `positionType`, `landblockRaw`, `posX`, `posY`, `posZ`, `qW`, `qX`, `qY`, `qZ`)
VALUES (1969610762, 1, 1449001278, 42.9216, -49.9764, 0, 1, 0, 0, 0);

INSERT INTO `ace_object_properties_string` (`aceObjectId`, `strPropertyId`, `propertyValue`)
VALUES (1969610762, 1, 'Beer Keg');

INSERT INTO `ace_object_properties_did` (`aceObjectId`, `didPropertyId`, `propertyValue`)
VALUES (1969610762, 8, 100667431)
     , (1969610762, 1, 33556853)
     , (1969610762, 3, 536870932)
     , (1969610762, 22, 872415275);

INSERT INTO `ace_object_properties_int` (`aceObjectId`, `intPropertyId`, `propertyValue`)
VALUES (1969610762, 53, 101)
     , (1969610762, 1, 4194304)
     , (1969610762, 5, 1000)
     , (1969610762, 16, 48)
     , (1969610762, 93, 1048);

INSERT INTO `ace_object_properties_double` (`aceObjectId`, `dblPropertyId`, `propertyValue`)
VALUES (1969610762, 54, 2);

INSERT INTO `ace_object_properties_bool` (`aceObjectId`, `boolPropertyId`, `propertyValue`)
VALUES (1969610762, 12, True)
     , (1969610762, 11, True)
     , (1969610762, 14, True);

INSERT INTO `ace_object` (`aceObjectId`, `aceObjectDescriptionFlags`, `weenieClassId`, `weenieHeaderFlags`, `currentMotionState`, `physicsDescriptionFlag`)
VALUES (1881022543, 6291512, 153, 20, NULL, 169985);

INSERT INTO `ace_position` (`aceObjectId`, `positionType`, `landblockRaw`, `posX`, `posY`, `posZ`, `qW`, `qX`, `qY`, `qZ`)
VALUES (1881022543, 1, 31588736, 63.5075, -73.2559, -12.0075, 0.7071068, 0, 0, -0.7071068);

INSERT INTO `ace_object_properties_string` (`aceObjectId`, `strPropertyId`, `propertyValue`)
VALUES (1881022543, 1, 'Fountain');

INSERT INTO `ace_object_properties_did` (`aceObjectId`, `didPropertyId`, `propertyValue`)
VALUES (1881022543, 8, 100668104)
     , (1881022543, 1, 33555071)
     , (1881022543, 3, 536870932)
     , (1881022543, 22, 872415275)
     , (1881022543, 28, 1183);

INSERT INTO `ace_object_properties_int` (`aceObjectId`, `intPropertyId`, `propertyValue`)
VALUES (1881022543, 53, 101)
     , (1881022543, 1, 4194304)
     , (1881022543, 5, 6000)
     , (1881022543, 16, 48)
     , (1881022543, 19, 200)
     , (1881022543, 93, 1048);

INSERT INTO `ace_object_properties_double` (`aceObjectId`, `dblPropertyId`, `propertyValue`)
VALUES (1881022543, 54, 2);

INSERT INTO `ace_object_properties_bool` (`aceObjectId`, `boolPropertyId`, `propertyValue`)
VALUES (1881022543, 12, True)
     , (1881022543, 11, True)
     , (1881022543, 14, True);

INSERT INTO `ace_object` (`aceObjectId`, `aceObjectDescriptionFlags`, `weenieClassId`, `weenieHeaderFlags`, `currentMotionState`, `physicsDescriptionFlag`)
VALUES (1983139908, 6291512, 153, 20, NULL, 169985);

INSERT INTO `ace_position` (`aceObjectId`, `positionType`, `landblockRaw`, `posX`, `posY`, `posZ`, `qW`, `qX`, `qY`, `qZ`)
VALUES (1983139908, 1, 1665466756, 85.846, -57.301, -6.007499, -0.7071068, 0, 0, 0.7071068);

INSERT INTO `ace_object_properties_string` (`aceObjectId`, `strPropertyId`, `propertyValue`)
VALUES (1983139908, 1, 'Fountain');

INSERT INTO `ace_object_properties_did` (`aceObjectId`, `didPropertyId`, `propertyValue`)
VALUES (1983139908, 8, 100668104)
     , (1983139908, 1, 33555071)
     , (1983139908, 3, 536870932)
     , (1983139908, 22, 872415275)
     , (1983139908, 28, 1183);

INSERT INTO `ace_object_properties_int` (`aceObjectId`, `intPropertyId`, `propertyValue`)
VALUES (1983139908, 53, 101)
     , (1983139908, 1, 4194304)
     , (1983139908, 5, 6000)
     , (1983139908, 16, 48)
     , (1983139908, 19, 200)
     , (1983139908, 93, 1048);

INSERT INTO `ace_object_properties_double` (`aceObjectId`, `dblPropertyId`, `propertyValue`)
VALUES (1983139908, 54, 2);

INSERT INTO `ace_object_properties_bool` (`aceObjectId`, `boolPropertyId`, `propertyValue`)
VALUES (1983139908, 12, True)
     , (1983139908, 11, True)
     , (1983139908, 14, True);

INSERT INTO `ace_object` (`aceObjectId`, `aceObjectDescriptionFlags`, `weenieClassId`, `weenieHeaderFlags`, `currentMotionState`, `physicsDescriptionFlag`)
VALUES (1983139994, 6291512, 153, 20, NULL, 169985);

INSERT INTO `ace_position` (`aceObjectId`, `positionType`, `landblockRaw`, `posX`, `posY`, `posZ`, `qW`, `qX`, `qY`, `qZ`)
VALUES (1983139994, 1, 1665466842, 77.301, -24.154, -0.00749898, -1, 0, 0, 4.37114E-08);

INSERT INTO `ace_object_properties_string` (`aceObjectId`, `strPropertyId`, `propertyValue`)
VALUES (1983139994, 1, 'Fountain');

INSERT INTO `ace_object_properties_did` (`aceObjectId`, `didPropertyId`, `propertyValue`)
VALUES (1983139994, 8, 100668104)
     , (1983139994, 1, 33555071)
     , (1983139994, 3, 536870932)
     , (1983139994, 22, 872415275)
     , (1983139994, 28, 1183);

INSERT INTO `ace_object_properties_int` (`aceObjectId`, `intPropertyId`, `propertyValue`)
VALUES (1983139994, 53, 101)
     , (1983139994, 1, 4194304)
     , (1983139994, 5, 6000)
     , (1983139994, 16, 48)
     , (1983139994, 19, 200)
     , (1983139994, 93, 1048);

INSERT INTO `ace_object_properties_double` (`aceObjectId`, `dblPropertyId`, `propertyValue`)
VALUES (1983139994, 54, 2);

INSERT INTO `ace_object_properties_bool` (`aceObjectId`, `boolPropertyId`, `propertyValue`)
VALUES (1983139994, 12, True)
     , (1983139994, 11, True)
     , (1983139994, 14, True);

INSERT INTO `ace_object` (`aceObjectId`, `aceObjectDescriptionFlags`, `weenieClassId`, `weenieHeaderFlags`, `currentMotionState`, `physicsDescriptionFlag`)
VALUES (1983139987, 6291512, 153, 20, NULL, 169985);

INSERT INTO `ace_position` (`aceObjectId`, `positionType`, `landblockRaw`, `posX`, `posY`, `posZ`, `qW`, `qX`, `qY`, `qZ`)
VALUES (1983139987, 1, 1665466839, 72.699, -15.846, -0.00749898, 0, 0, 0, -1);

INSERT INTO `ace_object_properties_string` (`aceObjectId`, `strPropertyId`, `propertyValue`)
VALUES (1983139987, 1, 'Fountain');

INSERT INTO `ace_object_properties_did` (`aceObjectId`, `didPropertyId`, `propertyValue`)
VALUES (1983139987, 8, 100668104)
     , (1983139987, 1, 33555071)
     , (1983139987, 3, 536870932)
     , (1983139987, 22, 872415275)
     , (1983139987, 28, 1183);

INSERT INTO `ace_object_properties_int` (`aceObjectId`, `intPropertyId`, `propertyValue`)
VALUES (1983139987, 53, 101)
     , (1983139987, 1, 4194304)
     , (1983139987, 5, 6000)
     , (1983139987, 16, 48)
     , (1983139987, 19, 200)
     , (1983139987, 93, 1048);

INSERT INTO `ace_object_properties_double` (`aceObjectId`, `dblPropertyId`, `propertyValue`)
VALUES (1983139987, 54, 2);

INSERT INTO `ace_object_properties_bool` (`aceObjectId`, `boolPropertyId`, `propertyValue`)
VALUES (1983139987, 12, True)
     , (1983139987, 11, True)
     , (1983139987, 14, True);

INSERT INTO `ace_object` (`aceObjectId`, `aceObjectDescriptionFlags`, `weenieClassId`, `weenieHeaderFlags`, `currentMotionState`, `physicsDescriptionFlag`)
VALUES (1983139881, 6291512, 153, 20, NULL, 169985);

INSERT INTO `ace_position` (`aceObjectId`, `positionType`, `landblockRaw`, `posX`, `posY`, `posZ`, `qW`, `qX`, `qY`, `qZ`)
VALUES (1983139881, 1, 1665466702, 35.846, -37.301, -12.0075, -0.7071068, 0, 0, 0.7071068);

INSERT INTO `ace_object_properties_string` (`aceObjectId`, `strPropertyId`, `propertyValue`)
VALUES (1983139881, 1, 'Fountain');

INSERT INTO `ace_object_properties_did` (`aceObjectId`, `didPropertyId`, `propertyValue`)
VALUES (1983139881, 8, 100668104)
     , (1983139881, 1, 33555071)
     , (1983139881, 3, 536870932)
     , (1983139881, 22, 872415275)
     , (1983139881, 28, 1183);

INSERT INTO `ace_object_properties_int` (`aceObjectId`, `intPropertyId`, `propertyValue`)
VALUES (1983139881, 53, 101)
     , (1983139881, 1, 4194304)
     , (1983139881, 5, 6000)
     , (1983139881, 16, 48)
     , (1983139881, 19, 200)
     , (1983139881, 93, 1048);

INSERT INTO `ace_object_properties_double` (`aceObjectId`, `dblPropertyId`, `propertyValue`)
VALUES (1983139881, 54, 2);

INSERT INTO `ace_object_properties_bool` (`aceObjectId`, `boolPropertyId`, `propertyValue`)
VALUES (1983139881, 12, True)
     , (1983139881, 11, True)
     , (1983139881, 14, True);

INSERT INTO `ace_object` (`aceObjectId`, `aceObjectDescriptionFlags`, `weenieClassId`, `weenieHeaderFlags`, `currentMotionState`, `physicsDescriptionFlag`)
VALUES (1983139877, 6291512, 153, 20, NULL, 169985);

INSERT INTO `ace_position` (`aceObjectId`, `positionType`, `landblockRaw`, `posX`, `posY`, `posZ`, `qW`, `qX`, `qY`, `qZ`)
VALUES (1983139877, 1, 1665466701, 44.154, -32.699, -12.0075, -0.7071068, 0, 0, -0.7071068);

INSERT INTO `ace_object_properties_string` (`aceObjectId`, `strPropertyId`, `propertyValue`)
VALUES (1983139877, 1, 'Fountain');

INSERT INTO `ace_object_properties_did` (`aceObjectId`, `didPropertyId`, `propertyValue`)
VALUES (1983139877, 8, 100668104)
     , (1983139877, 1, 33555071)
     , (1983139877, 3, 536870932)
     , (1983139877, 22, 872415275)
     , (1983139877, 28, 1183);

INSERT INTO `ace_object_properties_int` (`aceObjectId`, `intPropertyId`, `propertyValue`)
VALUES (1983139877, 53, 101)
     , (1983139877, 1, 4194304)
     , (1983139877, 5, 6000)
     , (1983139877, 16, 48)
     , (1983139877, 19, 200)
     , (1983139877, 93, 1048);

INSERT INTO `ace_object_properties_double` (`aceObjectId`, `dblPropertyId`, `propertyValue`)
VALUES (1983139877, 54, 2);

INSERT INTO `ace_object_properties_bool` (`aceObjectId`, `boolPropertyId`, `propertyValue`)
VALUES (1983139877, 12, True)
     , (1983139877, 11, True)
     , (1983139877, 14, True);

INSERT INTO `ace_object` (`aceObjectId`, `aceObjectDescriptionFlags`, `weenieClassId`, `weenieHeaderFlags`, `currentMotionState`, `physicsDescriptionFlag`)
VALUES (1983139871, 6291512, 153, 20, NULL, 169985);

INSERT INTO `ace_position` (`aceObjectId`, `positionType`, `landblockRaw`, `posX`, `posY`, `posZ`, `qW`, `qX`, `qY`, `qZ`)
VALUES (1983139871, 1, 1665466669, 72.699, -45.846, -18.0075, 0, 0, 0, -1);

INSERT INTO `ace_object_properties_string` (`aceObjectId`, `strPropertyId`, `propertyValue`)
VALUES (1983139871, 1, 'Fountain');

INSERT INTO `ace_object_properties_did` (`aceObjectId`, `didPropertyId`, `propertyValue`)
VALUES (1983139871, 8, 100668104)
     , (1983139871, 1, 33555071)
     , (1983139871, 3, 536870932)
     , (1983139871, 22, 872415275)
     , (1983139871, 28, 1183);

INSERT INTO `ace_object_properties_int` (`aceObjectId`, `intPropertyId`, `propertyValue`)
VALUES (1983139871, 53, 101)
     , (1983139871, 1, 4194304)
     , (1983139871, 5, 6000)
     , (1983139871, 16, 48)
     , (1983139871, 19, 200)
     , (1983139871, 93, 1048);

INSERT INTO `ace_object_properties_double` (`aceObjectId`, `dblPropertyId`, `propertyValue`)
VALUES (1983139871, 54, 2);

INSERT INTO `ace_object_properties_bool` (`aceObjectId`, `boolPropertyId`, `propertyValue`)
VALUES (1983139871, 12, True)
     , (1983139871, 11, True)
     , (1983139871, 14, True);

INSERT INTO `ace_object` (`aceObjectId`, `aceObjectDescriptionFlags`, `weenieClassId`, `weenieHeaderFlags`, `currentMotionState`, `physicsDescriptionFlag`)
VALUES (1900761097, 2097200, 8377, 20, NULL, 169985);

INSERT INTO `ace_position` (`aceObjectId`, `positionType`, `landblockRaw`, `posX`, `posY`, `posZ`, `qW`, `qX`, `qY`, `qZ`)
VALUES (1900761097, 1, 347406598, 138.338, 184.597, 19.725, 0.9866546, 0, 0, -0.1628269);

INSERT INTO `ace_object_properties_string` (`aceObjectId`, `strPropertyId`, `propertyValue`)
VALUES (1900761097, 1, 'Beer Keg');

INSERT INTO `ace_object_properties_did` (`aceObjectId`, `didPropertyId`, `propertyValue`)
VALUES (1900761097, 8, 100667431)
     , (1900761097, 1, 33556853)
     , (1900761097, 3, 536870932)
     , (1900761097, 22, 872415275);

INSERT INTO `ace_object_properties_int` (`aceObjectId`, `intPropertyId`, `propertyValue`)
VALUES (1900761097, 53, 101)
     , (1900761097, 1, 4194304)
     , (1900761097, 5, 1000)
     , (1900761097, 16, 48)
     , (1900761097, 93, 1048);

INSERT INTO `ace_object_properties_double` (`aceObjectId`, `dblPropertyId`, `propertyValue`)
VALUES (1900761097, 54, 2);

INSERT INTO `ace_object_properties_bool` (`aceObjectId`, `boolPropertyId`, `propertyValue`)
VALUES (1900761097, 12, True)
     , (1900761097, 11, True)
     , (1900761097, 14, True);

INSERT INTO `ace_object` (`aceObjectId`, `aceObjectDescriptionFlags`, `weenieClassId`, `weenieHeaderFlags`, `currentMotionState`, `physicsDescriptionFlag`)
VALUES (2046509060, 6291512, 174, 20, NULL, 169985);

INSERT INTO `ace_position` (`aceObjectId`, `positionType`, `landblockRaw`, `posX`, `posY`, `posZ`, `qW`, `qX`, `qY`, `qZ`)
VALUES (2046509060, 1, 2679373878, 161.931, 141.501, 80, -0.975049, 0, 0, 0.221991);

INSERT INTO `ace_object_properties_string` (`aceObjectId`, `strPropertyId`, `propertyValue`)
VALUES (2046509060, 1, 'Well');

INSERT INTO `ace_object_properties_did` (`aceObjectId`, `didPropertyId`, `propertyValue`)
VALUES (2046509060, 8, 100667466)
     , (2046509060, 1, 33554816)
     , (2046509060, 3, 536870932)
     , (2046509060, 22, 872415275)
     , (2046509060, 28, 1183);

INSERT INTO `ace_object_properties_int` (`aceObjectId`, `intPropertyId`, `propertyValue`)
VALUES (2046509060, 53, 101)
     , (2046509060, 1, 4194304)
     , (2046509060, 5, 6000)
     , (2046509060, 16, 48)
     , (2046509060, 19, 200)
     , (2046509060, 93, 1048);

INSERT INTO `ace_object_properties_double` (`aceObjectId`, `dblPropertyId`, `propertyValue`)
VALUES (2046509060, 54, 2);

INSERT INTO `ace_object_properties_bool` (`aceObjectId`, `boolPropertyId`, `propertyValue`)
VALUES (2046509060, 12, True)
     , (2046509060, 11, True)
     , (2046509060, 14, True);

INSERT INTO `ace_object` (`aceObjectId`, `aceObjectDescriptionFlags`, `weenieClassId`, `weenieHeaderFlags`, `currentMotionState`, `physicsDescriptionFlag`)
VALUES (1937154079, 6291512, 153, 20, NULL, 169985);

INSERT INTO `ace_position` (`aceObjectId`, `positionType`, `landblockRaw`, `posX`, `posY`, `posZ`, `qW`, `qX`, `qY`, `qZ`)
VALUES (1937154079, 1, 929694038, 156, 108, 33.9925, 0.7071068, 0, 0, -0.7071068);

INSERT INTO `ace_object_properties_string` (`aceObjectId`, `strPropertyId`, `propertyValue`)
VALUES (1937154079, 1, 'Fountain');

INSERT INTO `ace_object_properties_did` (`aceObjectId`, `didPropertyId`, `propertyValue`)
VALUES (1937154079, 8, 100668104)
     , (1937154079, 1, 33555071)
     , (1937154079, 3, 536870932)
     , (1937154079, 22, 872415275)
     , (1937154079, 28, 1183);

INSERT INTO `ace_object_properties_int` (`aceObjectId`, `intPropertyId`, `propertyValue`)
VALUES (1937154079, 53, 101)
     , (1937154079, 1, 4194304)
     , (1937154079, 5, 6000)
     , (1937154079, 16, 48)
     , (1937154079, 19, 200)
     , (1937154079, 93, 1048);

INSERT INTO `ace_object_properties_double` (`aceObjectId`, `dblPropertyId`, `propertyValue`)
VALUES (1937154079, 54, 2);

INSERT INTO `ace_object_properties_bool` (`aceObjectId`, `boolPropertyId`, `propertyValue`)
VALUES (1937154079, 12, True)
     , (1937154079, 11, True)
     , (1937154079, 14, True);

INSERT INTO `ace_object` (`aceObjectId`, `aceObjectDescriptionFlags`, `weenieClassId`, `weenieHeaderFlags`, `currentMotionState`, `physicsDescriptionFlag`)
VALUES (1937154050, 6291512, 174, 20, NULL, 169985);

INSERT INTO `ace_position` (`aceObjectId`, `positionType`, `landblockRaw`, `posX`, `posY`, `posZ`, `qW`, `qX`, `qY`, `qZ`)
VALUES (1937154050, 1, 929693749, 150.763, 103.116, 34, 1, 0, 0, 0);

INSERT INTO `ace_object_properties_string` (`aceObjectId`, `strPropertyId`, `propertyValue`)
VALUES (1937154050, 1, 'Well');

INSERT INTO `ace_object_properties_did` (`aceObjectId`, `didPropertyId`, `propertyValue`)
VALUES (1937154050, 8, 100667466)
     , (1937154050, 1, 33554816)
     , (1937154050, 3, 536870932)
     , (1937154050, 22, 872415275)
     , (1937154050, 28, 1183);

INSERT INTO `ace_object_properties_int` (`aceObjectId`, `intPropertyId`, `propertyValue`)
VALUES (1937154050, 53, 101)
     , (1937154050, 1, 4194304)
     , (1937154050, 5, 6000)
     , (1937154050, 16, 48)
     , (1937154050, 19, 200)
     , (1937154050, 93, 1048);

INSERT INTO `ace_object_properties_double` (`aceObjectId`, `dblPropertyId`, `propertyValue`)
VALUES (1937154050, 54, 2);

INSERT INTO `ace_object_properties_bool` (`aceObjectId`, `boolPropertyId`, `propertyValue`)
VALUES (1937154050, 12, True)
     , (1937154050, 11, True)
     , (1937154050, 14, True);

INSERT INTO `ace_object` (`aceObjectId`, `aceObjectDescriptionFlags`, `weenieClassId`, `weenieHeaderFlags`, `currentMotionState`, `physicsDescriptionFlag`)
VALUES (2052784129, 6291512, 174, 20, NULL, 169985);

INSERT INTO `ace_position` (`aceObjectId`, `positionType`, `landblockRaw`, `posX`, `posY`, `posZ`, `qW`, `qX`, `qY`, `qZ`)
VALUES (2052784129, 1, 2779774997, 66.6561, 100.454, 42, 0.0381081, 0, 0, -0.999274);

INSERT INTO `ace_object_properties_string` (`aceObjectId`, `strPropertyId`, `propertyValue`)
VALUES (2052784129, 1, 'Well');

INSERT INTO `ace_object_properties_did` (`aceObjectId`, `didPropertyId`, `propertyValue`)
VALUES (2052784129, 8, 100667466)
     , (2052784129, 1, 33554816)
     , (2052784129, 3, 536870932)
     , (2052784129, 22, 872415275)
     , (2052784129, 28, 1183);

INSERT INTO `ace_object_properties_int` (`aceObjectId`, `intPropertyId`, `propertyValue`)
VALUES (2052784129, 53, 101)
     , (2052784129, 1, 4194304)
     , (2052784129, 5, 6000)
     , (2052784129, 16, 48)
     , (2052784129, 19, 200)
     , (2052784129, 93, 1048);

INSERT INTO `ace_object_properties_double` (`aceObjectId`, `dblPropertyId`, `propertyValue`)
VALUES (2052784129, 54, 2);

INSERT INTO `ace_object_properties_bool` (`aceObjectId`, `boolPropertyId`, `propertyValue`)
VALUES (2052784129, 12, True)
     , (2052784129, 11, True)
     , (2052784129, 14, True);

INSERT INTO `ace_object` (`aceObjectId`, `aceObjectDescriptionFlags`, `weenieClassId`, `weenieHeaderFlags`, `currentMotionState`, `physicsDescriptionFlag`)
VALUES (1879875603, 6291512, 153, 20, NULL, 169985);

INSERT INTO `ace_position` (`aceObjectId`, `positionType`, `landblockRaw`, `posX`, `posY`, `posZ`, `qW`, `qX`, `qY`, `qZ`)
VALUES (1879875603, 1, 13238664, 18.8505, -18.0486, -0.007499039, 0.9999975, 0, 0, 0.002235001);

INSERT INTO `ace_object_properties_string` (`aceObjectId`, `strPropertyId`, `propertyValue`)
VALUES (1879875603, 1, 'Fountain');

INSERT INTO `ace_object_properties_did` (`aceObjectId`, `didPropertyId`, `propertyValue`)
VALUES (1879875603, 8, 100668104)
     , (1879875603, 1, 33555071)
     , (1879875603, 3, 536870932)
     , (1879875603, 22, 872415275)
     , (1879875603, 28, 1183);

INSERT INTO `ace_object_properties_int` (`aceObjectId`, `intPropertyId`, `propertyValue`)
VALUES (1879875603, 53, 101)
     , (1879875603, 1, 4194304)
     , (1879875603, 5, 6000)
     , (1879875603, 16, 48)
     , (1879875603, 19, 200)
     , (1879875603, 93, 1048);

INSERT INTO `ace_object_properties_double` (`aceObjectId`, `dblPropertyId`, `propertyValue`)
VALUES (1879875603, 54, 2);

INSERT INTO `ace_object_properties_bool` (`aceObjectId`, `boolPropertyId`, `propertyValue`)
VALUES (1879875603, 12, True)
     , (1879875603, 11, True)
     , (1879875603, 14, True);

INSERT INTO `ace_object` (`aceObjectId`, `aceObjectDescriptionFlags`, `weenieClassId`, `weenieHeaderFlags`, `currentMotionState`, `physicsDescriptionFlag`)
VALUES (2021671040, 2097200, 8377, 20, NULL, 169985);

INSERT INTO `ace_position` (`aceObjectId`, `positionType`, `landblockRaw`, `posX`, `posY`, `posZ`, `qW`, `qX`, `qY`, `qZ`)
VALUES (2021671040, 1, 2281964510, 29.4732, -131.9, 0, 0.7071068, 0, 0, -0.7071068);

INSERT INTO `ace_object_properties_string` (`aceObjectId`, `strPropertyId`, `propertyValue`)
VALUES (2021671040, 1, 'Beer Keg');

INSERT INTO `ace_object_properties_did` (`aceObjectId`, `didPropertyId`, `propertyValue`)
VALUES (2021671040, 8, 100667431)
     , (2021671040, 1, 33556853)
     , (2021671040, 3, 536870932)
     , (2021671040, 22, 872415275);

INSERT INTO `ace_object_properties_int` (`aceObjectId`, `intPropertyId`, `propertyValue`)
VALUES (2021671040, 53, 101)
     , (2021671040, 1, 4194304)
     , (2021671040, 5, 1000)
     , (2021671040, 16, 48)
     , (2021671040, 93, 1048);

INSERT INTO `ace_object_properties_double` (`aceObjectId`, `dblPropertyId`, `propertyValue`)
VALUES (2021671040, 54, 2);

INSERT INTO `ace_object_properties_bool` (`aceObjectId`, `boolPropertyId`, `propertyValue`)
VALUES (2021671040, 12, True)
     , (2021671040, 11, True)
     , (2021671040, 14, True);

INSERT INTO `ace_object` (`aceObjectId`, `aceObjectDescriptionFlags`, `weenieClassId`, `weenieHeaderFlags`, `currentMotionState`, `physicsDescriptionFlag`)
VALUES (2021671039, 2097200, 8377, 20, NULL, 169985);

INSERT INTO `ace_position` (`aceObjectId`, `positionType`, `landblockRaw`, `posX`, `posY`, `posZ`, `qW`, `qX`, `qY`, `qZ`)
VALUES (2021671039, 1, 2281964510, 29.447, -133.05, 0, 0.7071068, 0, 0, -0.7071068);

INSERT INTO `ace_object_properties_string` (`aceObjectId`, `strPropertyId`, `propertyValue`)
VALUES (2021671039, 1, 'Beer Keg');

INSERT INTO `ace_object_properties_did` (`aceObjectId`, `didPropertyId`, `propertyValue`)
VALUES (2021671039, 8, 100667431)
     , (2021671039, 1, 33556853)
     , (2021671039, 3, 536870932)
     , (2021671039, 22, 872415275);

INSERT INTO `ace_object_properties_int` (`aceObjectId`, `intPropertyId`, `propertyValue`)
VALUES (2021671039, 53, 101)
     , (2021671039, 1, 4194304)
     , (2021671039, 5, 1000)
     , (2021671039, 16, 48)
     , (2021671039, 93, 1048);

INSERT INTO `ace_object_properties_double` (`aceObjectId`, `dblPropertyId`, `propertyValue`)
VALUES (2021671039, 54, 2);

INSERT INTO `ace_object_properties_bool` (`aceObjectId`, `boolPropertyId`, `propertyValue`)
VALUES (2021671039, 12, True)
     , (2021671039, 11, True)
     , (2021671039, 14, True);

INSERT INTO `ace_object` (`aceObjectId`, `aceObjectDescriptionFlags`, `weenieClassId`, `weenieHeaderFlags`, `currentMotionState`, `physicsDescriptionFlag`)
VALUES (2021671030, 6291512, 153, 20, NULL, 169985);

INSERT INTO `ace_position` (`aceObjectId`, `positionType`, `landblockRaw`, `posX`, `posY`, `posZ`, `qW`, `qX`, `qY`, `qZ`)
VALUES (2021671030, 1, 2281964476, 18.8505, -18.0486, -0.007499039, 0.9999975, 0, 0, 0.002235001);

INSERT INTO `ace_object_properties_string` (`aceObjectId`, `strPropertyId`, `propertyValue`)
VALUES (2021671030, 1, 'Fountain');

INSERT INTO `ace_object_properties_did` (`aceObjectId`, `didPropertyId`, `propertyValue`)
VALUES (2021671030, 8, 100668104)
     , (2021671030, 1, 33555071)
     , (2021671030, 3, 536870932)
     , (2021671030, 22, 872415275)
     , (2021671030, 28, 1183);

INSERT INTO `ace_object_properties_int` (`aceObjectId`, `intPropertyId`, `propertyValue`)
VALUES (2021671030, 53, 101)
     , (2021671030, 1, 4194304)
     , (2021671030, 5, 6000)
     , (2021671030, 16, 48)
     , (2021671030, 19, 200)
     , (2021671030, 93, 1048);

INSERT INTO `ace_object_properties_double` (`aceObjectId`, `dblPropertyId`, `propertyValue`)
VALUES (2021671030, 54, 2);

INSERT INTO `ace_object_properties_bool` (`aceObjectId`, `boolPropertyId`, `propertyValue`)
VALUES (2021671030, 12, True)
     , (2021671030, 11, True)
     , (2021671030, 14, True);

INSERT INTO `ace_object` (`aceObjectId`, `aceObjectDescriptionFlags`, `weenieClassId`, `weenieHeaderFlags`, `currentMotionState`, `physicsDescriptionFlag`)
VALUES (2021670991, 2097200, 8377, 20, NULL, 169985);

INSERT INTO `ace_position` (`aceObjectId`, `positionType`, `landblockRaw`, `posX`, `posY`, `posZ`, `qW`, `qX`, `qY`, `qZ`)
VALUES (2021670991, 1, 2281964228, 29.4732, -131.9, -120, 0.7071068, 0, 0, -0.7071068);

INSERT INTO `ace_object_properties_string` (`aceObjectId`, `strPropertyId`, `propertyValue`)
VALUES (2021670991, 1, 'Beer Keg');

INSERT INTO `ace_object_properties_did` (`aceObjectId`, `didPropertyId`, `propertyValue`)
VALUES (2021670991, 8, 100667431)
     , (2021670991, 1, 33556853)
     , (2021670991, 3, 536870932)
     , (2021670991, 22, 872415275);

INSERT INTO `ace_object_properties_int` (`aceObjectId`, `intPropertyId`, `propertyValue`)
VALUES (2021670991, 53, 101)
     , (2021670991, 1, 4194304)
     , (2021670991, 5, 1000)
     , (2021670991, 16, 48)
     , (2021670991, 93, 1048);

INSERT INTO `ace_object_properties_double` (`aceObjectId`, `dblPropertyId`, `propertyValue`)
VALUES (2021670991, 54, 2);

INSERT INTO `ace_object_properties_bool` (`aceObjectId`, `boolPropertyId`, `propertyValue`)
VALUES (2021670991, 12, True)
     , (2021670991, 11, True)
     , (2021670991, 14, True);

INSERT INTO `ace_object` (`aceObjectId`, `aceObjectDescriptionFlags`, `weenieClassId`, `weenieHeaderFlags`, `currentMotionState`, `physicsDescriptionFlag`)
VALUES (2021670990, 2097200, 8377, 20, NULL, 169985);

INSERT INTO `ace_position` (`aceObjectId`, `positionType`, `landblockRaw`, `posX`, `posY`, `posZ`, `qW`, `qX`, `qY`, `qZ`)
VALUES (2021670990, 1, 2281964228, 29.447, -133.05, -120, 0.7071068, 0, 0, -0.7071068);

INSERT INTO `ace_object_properties_string` (`aceObjectId`, `strPropertyId`, `propertyValue`)
VALUES (2021670990, 1, 'Beer Keg');

INSERT INTO `ace_object_properties_did` (`aceObjectId`, `didPropertyId`, `propertyValue`)
VALUES (2021670990, 8, 100667431)
     , (2021670990, 1, 33556853)
     , (2021670990, 3, 536870932)
     , (2021670990, 22, 872415275);

INSERT INTO `ace_object_properties_int` (`aceObjectId`, `intPropertyId`, `propertyValue`)
VALUES (2021670990, 53, 101)
     , (2021670990, 1, 4194304)
     , (2021670990, 5, 1000)
     , (2021670990, 16, 48)
     , (2021670990, 93, 1048);

INSERT INTO `ace_object_properties_double` (`aceObjectId`, `dblPropertyId`, `propertyValue`)
VALUES (2021670990, 54, 2);

INSERT INTO `ace_object_properties_bool` (`aceObjectId`, `boolPropertyId`, `propertyValue`)
VALUES (2021670990, 12, True)
     , (2021670990, 11, True)
     , (2021670990, 14, True);

INSERT INTO `ace_object` (`aceObjectId`, `aceObjectDescriptionFlags`, `weenieClassId`, `weenieHeaderFlags`, `currentMotionState`, `physicsDescriptionFlag`)
VALUES (2021670981, 6291512, 153, 20, NULL, 169985);

INSERT INTO `ace_position` (`aceObjectId`, `positionType`, `landblockRaw`, `posX`, `posY`, `posZ`, `qW`, `qX`, `qY`, `qZ`)
VALUES (2021670981, 1, 2281964194, 18.8505, -18.0486, -120.0075, 0.9999975, 0, 0, 0.002235001);

INSERT INTO `ace_object_properties_string` (`aceObjectId`, `strPropertyId`, `propertyValue`)
VALUES (2021670981, 1, 'Fountain');

INSERT INTO `ace_object_properties_did` (`aceObjectId`, `didPropertyId`, `propertyValue`)
VALUES (2021670981, 8, 100668104)
     , (2021670981, 1, 33555071)
     , (2021670981, 3, 536870932)
     , (2021670981, 22, 872415275)
     , (2021670981, 28, 1183);

INSERT INTO `ace_object_properties_int` (`aceObjectId`, `intPropertyId`, `propertyValue`)
VALUES (2021670981, 53, 101)
     , (2021670981, 1, 4194304)
     , (2021670981, 5, 6000)
     , (2021670981, 16, 48)
     , (2021670981, 19, 200)
     , (2021670981, 93, 1048);

INSERT INTO `ace_object_properties_double` (`aceObjectId`, `dblPropertyId`, `propertyValue`)
VALUES (2021670981, 54, 2);

INSERT INTO `ace_object_properties_bool` (`aceObjectId`, `boolPropertyId`, `propertyValue`)
VALUES (2021670981, 12, True)
     , (2021670981, 11, True)
     , (2021670981, 14, True);

INSERT INTO `ace_object` (`aceObjectId`, `aceObjectDescriptionFlags`, `weenieClassId`, `weenieHeaderFlags`, `currentMotionState`, `physicsDescriptionFlag`)
VALUES (2021670941, 2097200, 8377, 20, NULL, 169985);

INSERT INTO `ace_position` (`aceObjectId`, `positionType`, `landblockRaw`, `posX`, `posY`, `posZ`, `qW`, `qX`, `qY`, `qZ`)
VALUES (2021670941, 1, 2281963946, 29.447, -133.05, -240, 0.7071068, 0, 0, -0.7071068);

INSERT INTO `ace_object_properties_string` (`aceObjectId`, `strPropertyId`, `propertyValue`)
VALUES (2021670941, 1, 'Beer Keg');

INSERT INTO `ace_object_properties_did` (`aceObjectId`, `didPropertyId`, `propertyValue`)
VALUES (2021670941, 8, 100667431)
     , (2021670941, 1, 33556853)
     , (2021670941, 3, 536870932)
     , (2021670941, 22, 872415275);

INSERT INTO `ace_object_properties_int` (`aceObjectId`, `intPropertyId`, `propertyValue`)
VALUES (2021670941, 53, 101)
     , (2021670941, 1, 4194304)
     , (2021670941, 5, 1000)
     , (2021670941, 16, 48)
     , (2021670941, 93, 1048);

INSERT INTO `ace_object_properties_double` (`aceObjectId`, `dblPropertyId`, `propertyValue`)
VALUES (2021670941, 54, 2);

INSERT INTO `ace_object_properties_bool` (`aceObjectId`, `boolPropertyId`, `propertyValue`)
VALUES (2021670941, 12, True)
     , (2021670941, 11, True)
     , (2021670941, 14, True);

INSERT INTO `ace_object` (`aceObjectId`, `aceObjectDescriptionFlags`, `weenieClassId`, `weenieHeaderFlags`, `currentMotionState`, `physicsDescriptionFlag`)
VALUES (2021670942, 2097200, 8377, 20, NULL, 169985);

INSERT INTO `ace_position` (`aceObjectId`, `positionType`, `landblockRaw`, `posX`, `posY`, `posZ`, `qW`, `qX`, `qY`, `qZ`)
VALUES (2021670942, 1, 2281963946, 29.4732, -131.9, -240, 0.7071068, 0, 0, -0.7071068);

INSERT INTO `ace_object_properties_string` (`aceObjectId`, `strPropertyId`, `propertyValue`)
VALUES (2021670942, 1, 'Beer Keg');

INSERT INTO `ace_object_properties_did` (`aceObjectId`, `didPropertyId`, `propertyValue`)
VALUES (2021670942, 8, 100667431)
     , (2021670942, 1, 33556853)
     , (2021670942, 3, 536870932)
     , (2021670942, 22, 872415275);

INSERT INTO `ace_object_properties_int` (`aceObjectId`, `intPropertyId`, `propertyValue`)
VALUES (2021670942, 53, 101)
     , (2021670942, 1, 4194304)
     , (2021670942, 5, 1000)
     , (2021670942, 16, 48)
     , (2021670942, 93, 1048);

INSERT INTO `ace_object_properties_double` (`aceObjectId`, `dblPropertyId`, `propertyValue`)
VALUES (2021670942, 54, 2);

INSERT INTO `ace_object_properties_bool` (`aceObjectId`, `boolPropertyId`, `propertyValue`)
VALUES (2021670942, 12, True)
     , (2021670942, 11, True)
     , (2021670942, 14, True);

INSERT INTO `ace_object` (`aceObjectId`, `aceObjectDescriptionFlags`, `weenieClassId`, `weenieHeaderFlags`, `currentMotionState`, `physicsDescriptionFlag`)
VALUES (2021670932, 6291512, 153, 20, NULL, 169985);

INSERT INTO `ace_position` (`aceObjectId`, `positionType`, `landblockRaw`, `posX`, `posY`, `posZ`, `qW`, `qX`, `qY`, `qZ`)
VALUES (2021670932, 1, 2281963912, 18.8505, -18.0486, -240.0075, 0.9999975, 0, 0, 0.002235001);

INSERT INTO `ace_object_properties_string` (`aceObjectId`, `strPropertyId`, `propertyValue`)
VALUES (2021670932, 1, 'Fountain');

INSERT INTO `ace_object_properties_did` (`aceObjectId`, `didPropertyId`, `propertyValue`)
VALUES (2021670932, 8, 100668104)
     , (2021670932, 1, 33555071)
     , (2021670932, 3, 536870932)
     , (2021670932, 22, 872415275)
     , (2021670932, 28, 1183);

INSERT INTO `ace_object_properties_int` (`aceObjectId`, `intPropertyId`, `propertyValue`)
VALUES (2021670932, 53, 101)
     , (2021670932, 1, 4194304)
     , (2021670932, 5, 6000)
     , (2021670932, 16, 48)
     , (2021670932, 19, 200)
     , (2021670932, 93, 1048);

INSERT INTO `ace_object_properties_double` (`aceObjectId`, `dblPropertyId`, `propertyValue`)
VALUES (2021670932, 54, 2);

INSERT INTO `ace_object_properties_bool` (`aceObjectId`, `boolPropertyId`, `propertyValue`)
VALUES (2021670932, 12, True)
     , (2021670932, 11, True)
     , (2021670932, 14, True);

INSERT INTO `ace_object` (`aceObjectId`, `aceObjectDescriptionFlags`, `weenieClassId`, `weenieHeaderFlags`, `currentMotionState`, `physicsDescriptionFlag`)
VALUES (2021671088, 2097200, 8377, 20, NULL, 169985);

INSERT INTO `ace_position` (`aceObjectId`, `positionType`, `landblockRaw`, `posX`, `posY`, `posZ`, `qW`, `qX`, `qY`, `qZ`)
VALUES (2021671088, 1, 2281964792, 29.4732, -131.9, 120, 0.7071068, 0, 0, -0.7071068);

INSERT INTO `ace_object_properties_string` (`aceObjectId`, `strPropertyId`, `propertyValue`)
VALUES (2021671088, 1, 'Beer Keg');

INSERT INTO `ace_object_properties_did` (`aceObjectId`, `didPropertyId`, `propertyValue`)
VALUES (2021671088, 8, 100667431)
     , (2021671088, 1, 33556853)
     , (2021671088, 3, 536870932)
     , (2021671088, 22, 872415275);

INSERT INTO `ace_object_properties_int` (`aceObjectId`, `intPropertyId`, `propertyValue`)
VALUES (2021671088, 53, 101)
     , (2021671088, 1, 4194304)
     , (2021671088, 5, 1000)
     , (2021671088, 16, 48)
     , (2021671088, 93, 1048);

INSERT INTO `ace_object_properties_double` (`aceObjectId`, `dblPropertyId`, `propertyValue`)
VALUES (2021671088, 54, 2);

INSERT INTO `ace_object_properties_bool` (`aceObjectId`, `boolPropertyId`, `propertyValue`)
VALUES (2021671088, 12, True)
     , (2021671088, 11, True)
     , (2021671088, 14, True);

INSERT INTO `ace_object` (`aceObjectId`, `aceObjectDescriptionFlags`, `weenieClassId`, `weenieHeaderFlags`, `currentMotionState`, `physicsDescriptionFlag`)
VALUES (2021671087, 2097200, 8377, 20, NULL, 169985);

INSERT INTO `ace_position` (`aceObjectId`, `positionType`, `landblockRaw`, `posX`, `posY`, `posZ`, `qW`, `qX`, `qY`, `qZ`)
VALUES (2021671087, 1, 2281964792, 29.447, -133.05, 120, 0.7071068, 0, 0, -0.7071068);

INSERT INTO `ace_object_properties_string` (`aceObjectId`, `strPropertyId`, `propertyValue`)
VALUES (2021671087, 1, 'Beer Keg');

INSERT INTO `ace_object_properties_did` (`aceObjectId`, `didPropertyId`, `propertyValue`)
VALUES (2021671087, 8, 100667431)
     , (2021671087, 1, 33556853)
     , (2021671087, 3, 536870932)
     , (2021671087, 22, 872415275);

INSERT INTO `ace_object_properties_int` (`aceObjectId`, `intPropertyId`, `propertyValue`)
VALUES (2021671087, 53, 101)
     , (2021671087, 1, 4194304)
     , (2021671087, 5, 1000)
     , (2021671087, 16, 48)
     , (2021671087, 93, 1048);

INSERT INTO `ace_object_properties_double` (`aceObjectId`, `dblPropertyId`, `propertyValue`)
VALUES (2021671087, 54, 2);

INSERT INTO `ace_object_properties_bool` (`aceObjectId`, `boolPropertyId`, `propertyValue`)
VALUES (2021671087, 12, True)
     , (2021671087, 11, True)
     , (2021671087, 14, True);

INSERT INTO `ace_object` (`aceObjectId`, `aceObjectDescriptionFlags`, `weenieClassId`, `weenieHeaderFlags`, `currentMotionState`, `physicsDescriptionFlag`)
VALUES (2021671078, 6291512, 153, 20, NULL, 169985);

INSERT INTO `ace_position` (`aceObjectId`, `positionType`, `landblockRaw`, `posX`, `posY`, `posZ`, `qW`, `qX`, `qY`, `qZ`)
VALUES (2021671078, 1, 2281964758, 18.8505, -18.0486, 119.9925, 0.9999975, 0, 0, 0.002235001);

INSERT INTO `ace_object_properties_string` (`aceObjectId`, `strPropertyId`, `propertyValue`)
VALUES (2021671078, 1, 'Fountain');

INSERT INTO `ace_object_properties_did` (`aceObjectId`, `didPropertyId`, `propertyValue`)
VALUES (2021671078, 8, 100668104)
     , (2021671078, 1, 33555071)
     , (2021671078, 3, 536870932)
     , (2021671078, 22, 872415275)
     , (2021671078, 28, 1183);

INSERT INTO `ace_object_properties_int` (`aceObjectId`, `intPropertyId`, `propertyValue`)
VALUES (2021671078, 53, 101)
     , (2021671078, 1, 4194304)
     , (2021671078, 5, 6000)
     , (2021671078, 16, 48)
     , (2021671078, 19, 200)
     , (2021671078, 93, 1048);

INSERT INTO `ace_object_properties_double` (`aceObjectId`, `dblPropertyId`, `propertyValue`)
VALUES (2021671078, 54, 2);

INSERT INTO `ace_object_properties_bool` (`aceObjectId`, `boolPropertyId`, `propertyValue`)
VALUES (2021671078, 12, True)
     , (2021671078, 11, True)
     , (2021671078, 14, True);

INSERT INTO `ace_object` (`aceObjectId`, `aceObjectDescriptionFlags`, `weenieClassId`, `weenieHeaderFlags`, `currentMotionState`, `physicsDescriptionFlag`)
VALUES (1999413249, 2097176, 39201, 148, NULL, 39041);

INSERT INTO `ace_position` (`aceObjectId`, `positionType`, `landblockRaw`, `posX`, `posY`, `posZ`, `qW`, `qX`, `qY`, `qZ`)
VALUES (1999413249, 1, 1925840934, 108, 132, 96, -4.37114E-08, 0, 0, -1);

INSERT INTO `ace_object_properties_string` (`aceObjectId`, `strPropertyId`, `propertyValue`)
VALUES (1999413249, 1, 'Falatacot Pyramid');

INSERT INTO `ace_object_properties_did` (`aceObjectId`, `didPropertyId`, `propertyValue`)
VALUES (1999413249, 8, 100689628)
     , (1999413249, 1, 33560689)
     , (1999413249, 3, 536870932)
     , (1999413249, 22, 872415275);

INSERT INTO `ace_object_properties_int` (`aceObjectId`, `intPropertyId`, `propertyValue`)
VALUES (1999413249, 1, 1024)
     , (1999413249, 5, 50)
     , (1999413249, 16, 1)
     , (1999413249, 19, 7)
     , (1999413249, 93, 2068);

INSERT INTO `ace_object_properties_double` (`aceObjectId`, `dblPropertyId`, `propertyValue`)
VALUES (1999413249, 39, 5);

INSERT INTO `ace_object_properties_bool` (`aceObjectId`, `boolPropertyId`, `propertyValue`)
VALUES (1999413249, 13, True)
     , (1999413249, 11, True)
     , (1999413249, 15, True);

INSERT INTO `ace_object` (`aceObjectId`, `aceObjectDescriptionFlags`, `weenieClassId`, `weenieHeaderFlags`, `currentMotionState`, `physicsDescriptionFlag`)
VALUES (1999413248, 2097176, 39200, 148, NULL, 39041);

INSERT INTO `ace_position` (`aceObjectId`, `positionType`, `landblockRaw`, `posX`, `posY`, `posZ`, `qW`, `qX`, `qY`, `qZ`)
VALUES (1999413248, 1, 1925840934, 108, 132, 96, -4.37114E-08, 0, 0, -1);

INSERT INTO `ace_object_properties_string` (`aceObjectId`, `strPropertyId`, `propertyValue`)
VALUES (1999413248, 1, 'Cathedral Portal');

INSERT INTO `ace_object_properties_did` (`aceObjectId`, `didPropertyId`, `propertyValue`)
VALUES (1999413248, 8, 100675779)
     , (1999413248, 1, 33558603)
     , (1999413248, 3, 536870932)
     , (1999413248, 22, 872415275);

INSERT INTO `ace_object_properties_int` (`aceObjectId`, `intPropertyId`, `propertyValue`)
VALUES (1999413248, 1, 1024)
     , (1999413248, 5, 50)
     , (1999413248, 16, 1)
     , (1999413248, 19, 7)
     , (1999413248, 93, 2068);

INSERT INTO `ace_object_properties_double` (`aceObjectId`, `dblPropertyId`, `propertyValue`)
VALUES (1999413248, 39, 1.5);

INSERT INTO `ace_object_properties_bool` (`aceObjectId`, `boolPropertyId`, `propertyValue`)
VALUES (1999413248, 13, True)
     , (1999413248, 11, True)
     , (1999413248, 15, True);

INSERT INTO `ace_object` (`aceObjectId`, `aceObjectDescriptionFlags`, `weenieClassId`, `weenieHeaderFlags`, `currentMotionState`, `physicsDescriptionFlag`)
VALUES (2093588487, 6291512, 174, 20, NULL, 169985);

INSERT INTO `ace_position` (`aceObjectId`, `positionType`, `landblockRaw`, `posX`, `posY`, `posZ`, `qW`, `qX`, `qY`, `qZ`)
VALUES (2093588487, 1, 3432644637, 75.1597, 111.807, 6, 0.994302, 0, 0, 0.1066);

INSERT INTO `ace_object_properties_string` (`aceObjectId`, `strPropertyId`, `propertyValue`)
VALUES (2093588487, 1, 'Well');

INSERT INTO `ace_object_properties_did` (`aceObjectId`, `didPropertyId`, `propertyValue`)
VALUES (2093588487, 8, 100667466)
     , (2093588487, 1, 33554816)
     , (2093588487, 3, 536870932)
     , (2093588487, 22, 872415275)
     , (2093588487, 28, 1183);

INSERT INTO `ace_object_properties_int` (`aceObjectId`, `intPropertyId`, `propertyValue`)
VALUES (2093588487, 53, 101)
     , (2093588487, 1, 4194304)
     , (2093588487, 5, 6000)
     , (2093588487, 16, 48)
     , (2093588487, 19, 200)
     , (2093588487, 93, 1048);

INSERT INTO `ace_object_properties_double` (`aceObjectId`, `dblPropertyId`, `propertyValue`)
VALUES (2093588487, 54, 2);

INSERT INTO `ace_object_properties_bool` (`aceObjectId`, `boolPropertyId`, `propertyValue`)
VALUES (2093588487, 12, True)
     , (2093588487, 11, True)
     , (2093588487, 14, True);

INSERT INTO `ace_object` (`aceObjectId`, `aceObjectDescriptionFlags`, `weenieClassId`, `weenieHeaderFlags`, `currentMotionState`, `physicsDescriptionFlag`)
VALUES (2020614245, 2097200, 8377, 20, NULL, 169985);

INSERT INTO `ace_position` (`aceObjectId`, `positionType`, `landblockRaw`, `posX`, `posY`, `posZ`, `qW`, `qX`, `qY`, `qZ`)
VALUES (2020614245, 1, 2265056043, 73.3792, -72.9959, 12.793, 0.285455, 0, 0, -0.9583921);

INSERT INTO `ace_object_properties_string` (`aceObjectId`, `strPropertyId`, `propertyValue`)
VALUES (2020614245, 1, 'Beer Keg');

INSERT INTO `ace_object_properties_did` (`aceObjectId`, `didPropertyId`, `propertyValue`)
VALUES (2020614245, 8, 100667431)
     , (2020614245, 1, 33556853)
     , (2020614245, 3, 536870932)
     , (2020614245, 22, 872415275);

INSERT INTO `ace_object_properties_int` (`aceObjectId`, `intPropertyId`, `propertyValue`)
VALUES (2020614245, 53, 101)
     , (2020614245, 1, 4194304)
     , (2020614245, 5, 1000)
     , (2020614245, 16, 48)
     , (2020614245, 93, 1048);

INSERT INTO `ace_object_properties_double` (`aceObjectId`, `dblPropertyId`, `propertyValue`)
VALUES (2020614245, 54, 2);

INSERT INTO `ace_object_properties_bool` (`aceObjectId`, `boolPropertyId`, `propertyValue`)
VALUES (2020614245, 12, True)
     , (2020614245, 11, True)
     , (2020614245, 14, True);

INSERT INTO `ace_object` (`aceObjectId`, `aceObjectDescriptionFlags`, `weenieClassId`, `weenieHeaderFlags`, `currentMotionState`, `physicsDescriptionFlag`)
VALUES (2025865317, 2097200, 8377, 20, NULL, 169985);

INSERT INTO `ace_position` (`aceObjectId`, `positionType`, `landblockRaw`, `posX`, `posY`, `posZ`, `qW`, `qX`, `qY`, `qZ`)
VALUES (2025865317, 1, 2349073195, 73.3792, -72.9959, 12.793, 0.285455, 0, 0, -0.9583921);

INSERT INTO `ace_object_properties_string` (`aceObjectId`, `strPropertyId`, `propertyValue`)
VALUES (2025865317, 1, 'Beer Keg');

INSERT INTO `ace_object_properties_did` (`aceObjectId`, `didPropertyId`, `propertyValue`)
VALUES (2025865317, 8, 100667431)
     , (2025865317, 1, 33556853)
     , (2025865317, 3, 536870932)
     , (2025865317, 22, 872415275);

INSERT INTO `ace_object_properties_int` (`aceObjectId`, `intPropertyId`, `propertyValue`)
VALUES (2025865317, 53, 101)
     , (2025865317, 1, 4194304)
     , (2025865317, 5, 1000)
     , (2025865317, 16, 48)
     , (2025865317, 93, 1048);

INSERT INTO `ace_object_properties_double` (`aceObjectId`, `dblPropertyId`, `propertyValue`)
VALUES (2025865317, 54, 2);

INSERT INTO `ace_object_properties_bool` (`aceObjectId`, `boolPropertyId`, `propertyValue`)
VALUES (2025865317, 12, True)
     , (2025865317, 11, True)
     , (2025865317, 14, True);

INSERT INTO `ace_object` (`aceObjectId`, `aceObjectDescriptionFlags`, `weenieClassId`, `weenieHeaderFlags`, `currentMotionState`, `physicsDescriptionFlag`)
VALUES (2026905701, 2097200, 8377, 20, NULL, 169985);

INSERT INTO `ace_position` (`aceObjectId`, `positionType`, `landblockRaw`, `posX`, `posY`, `posZ`, `qW`, `qX`, `qY`, `qZ`)
VALUES (2026905701, 1, 2365719339, 73.3792, -72.9959, 12.793, 0.285455, 0, 0, -0.9583921);

INSERT INTO `ace_object_properties_string` (`aceObjectId`, `strPropertyId`, `propertyValue`)
VALUES (2026905701, 1, 'Beer Keg');

INSERT INTO `ace_object_properties_did` (`aceObjectId`, `didPropertyId`, `propertyValue`)
VALUES (2026905701, 8, 100667431)
     , (2026905701, 1, 33556853)
     , (2026905701, 3, 536870932)
     , (2026905701, 22, 872415275);

INSERT INTO `ace_object_properties_int` (`aceObjectId`, `intPropertyId`, `propertyValue`)
VALUES (2026905701, 53, 101)
     , (2026905701, 1, 4194304)
     , (2026905701, 5, 1000)
     , (2026905701, 16, 48)
     , (2026905701, 93, 1048);

INSERT INTO `ace_object_properties_double` (`aceObjectId`, `dblPropertyId`, `propertyValue`)
VALUES (2026905701, 54, 2);

INSERT INTO `ace_object_properties_bool` (`aceObjectId`, `boolPropertyId`, `propertyValue`)
VALUES (2026905701, 12, True)
     , (2026905701, 11, True)
     , (2026905701, 14, True);

INSERT INTO `ace_object` (`aceObjectId`, `aceObjectDescriptionFlags`, `weenieClassId`, `weenieHeaderFlags`, `currentMotionState`, `physicsDescriptionFlag`)
VALUES (2040668172, 0, 14341, 20, NULL, 32769);

INSERT INTO `ace_position` (`aceObjectId`, `positionType`, `landblockRaw`, `posX`, `posY`, `posZ`, `qW`, `qX`, `qY`, `qZ`)
VALUES (2040668172, 1, 2585919542, 156, 132, 108.4447, 1, 0, 0, 0);

INSERT INTO `ace_object_properties_string` (`aceObjectId`, `strPropertyId`, `propertyValue`)
VALUES (2040668172, 1, 'Chess Board');

INSERT INTO `ace_object_properties_did` (`aceObjectId`, `didPropertyId`, `propertyValue`)
VALUES (2040668172, 8, 100673558)
     , (2040668172, 1, 33558037);

INSERT INTO `ace_object_properties_int` (`aceObjectId`, `intPropertyId`, `propertyValue`)
VALUES (2040668172, 1, 2147483648)
     , (2040668172, 93, 1040);

INSERT INTO `ace_object_properties_bool` (`aceObjectId`, `boolPropertyId`, `propertyValue`)
VALUES (2040668172, 11, True)
     , (2040668172, 14, True);

INSERT INTO `ace_object` (`aceObjectId`, `aceObjectDescriptionFlags`, `weenieClassId`, `weenieHeaderFlags`, `currentMotionState`, `physicsDescriptionFlag`)
VALUES (2040668174, 0, 14341, 20, NULL, 32769);

INSERT INTO `ace_position` (`aceObjectId`, `positionType`, `landblockRaw`, `posX`, `posY`, `posZ`, `qW`, `qX`, `qY`, `qZ`)
VALUES (2040668174, 1, 2585919547, 180, 60, 108.4447, 1, 0, 0, 0);

INSERT INTO `ace_object_properties_string` (`aceObjectId`, `strPropertyId`, `propertyValue`)
VALUES (2040668174, 1, 'Chess Board');

INSERT INTO `ace_object_properties_did` (`aceObjectId`, `didPropertyId`, `propertyValue`)
VALUES (2040668174, 8, 100673558)
     , (2040668174, 1, 33558037);

INSERT INTO `ace_object_properties_int` (`aceObjectId`, `intPropertyId`, `propertyValue`)
VALUES (2040668174, 1, 2147483648)
     , (2040668174, 93, 1040);

INSERT INTO `ace_object_properties_bool` (`aceObjectId`, `boolPropertyId`, `propertyValue`)
VALUES (2040668174, 11, True)
     , (2040668174, 14, True);

INSERT INTO `ace_object` (`aceObjectId`, `aceObjectDescriptionFlags`, `weenieClassId`, `weenieHeaderFlags`, `currentMotionState`, `physicsDescriptionFlag`)
VALUES (2040668169, 6291512, 153, 20, NULL, 169985);

INSERT INTO `ace_position` (`aceObjectId`, `positionType`, `landblockRaw`, `posX`, `posY`, `posZ`, `qW`, `qX`, `qY`, `qZ`)
VALUES (2040668169, 1, 2585919538, 147.878, 47.874, 107.9925, -0.9063079, 0, 0, -0.422618);

INSERT INTO `ace_object_properties_string` (`aceObjectId`, `strPropertyId`, `propertyValue`)
VALUES (2040668169, 1, 'Fountain');

INSERT INTO `ace_object_properties_did` (`aceObjectId`, `didPropertyId`, `propertyValue`)
VALUES (2040668169, 8, 100668104)
     , (2040668169, 1, 33555071)
     , (2040668169, 3, 536870932)
     , (2040668169, 22, 872415275)
     , (2040668169, 28, 1183);

INSERT INTO `ace_object_properties_int` (`aceObjectId`, `intPropertyId`, `propertyValue`)
VALUES (2040668169, 53, 101)
     , (2040668169, 1, 4194304)
     , (2040668169, 5, 6000)
     , (2040668169, 16, 48)
     , (2040668169, 19, 200)
     , (2040668169, 93, 1048);

INSERT INTO `ace_object_properties_double` (`aceObjectId`, `dblPropertyId`, `propertyValue`)
VALUES (2040668169, 54, 2);

INSERT INTO `ace_object_properties_bool` (`aceObjectId`, `boolPropertyId`, `propertyValue`)
VALUES (2040668169, 12, True)
     , (2040668169, 11, True)
     , (2040668169, 14, True);

INSERT INTO `ace_object` (`aceObjectId`, `aceObjectDescriptionFlags`, `weenieClassId`, `weenieHeaderFlags`, `currentMotionState`, `physicsDescriptionFlag`)
VALUES (1880850449, 6291512, 152, 20, NULL, 169985);

INSERT INTO `ace_position` (`aceObjectId`, `positionType`, `landblockRaw`, `posX`, `posY`, `posZ`, `qW`, `qX`, `qY`, `qZ`)
VALUES (1880850449, 1, 28836138, 30, -30, -0.00749898, 0.7071068, 0, 0, -0.7071068);

INSERT INTO `ace_object_properties_string` (`aceObjectId`, `strPropertyId`, `propertyValue`)
VALUES (1880850449, 1, 'Font');

INSERT INTO `ace_object_properties_did` (`aceObjectId`, `didPropertyId`, `propertyValue`)
VALUES (1880850449, 8, 100668104)
     , (1880850449, 1, 33554710)
     , (1880850449, 3, 536870932)
     , (1880850449, 22, 872415275)
     , (1880850449, 28, 1183);

INSERT INTO `ace_object_properties_int` (`aceObjectId`, `intPropertyId`, `propertyValue`)
VALUES (1880850449, 53, 101)
     , (1880850449, 1, 4194304)
     , (1880850449, 5, 6000)
     , (1880850449, 16, 48)
     , (1880850449, 19, 200)
     , (1880850449, 93, 1048);

INSERT INTO `ace_object_properties_double` (`aceObjectId`, `dblPropertyId`, `propertyValue`)
VALUES (1880850449, 54, 2);

INSERT INTO `ace_object_properties_bool` (`aceObjectId`, `boolPropertyId`, `propertyValue`)
VALUES (1880850449, 12, True)
     , (1880850449, 11, True)
     , (1880850449, 14, True);

INSERT INTO `ace_object` (`aceObjectId`, `aceObjectDescriptionFlags`, `weenieClassId`, `weenieHeaderFlags`, `currentMotionState`, `physicsDescriptionFlag`)
VALUES (2070532096, 6291512, 153, 20, NULL, 169985);

INSERT INTO `ace_position` (`aceObjectId`, `positionType`, `landblockRaw`, `posX`, `posY`, `posZ`, `qW`, `qX`, `qY`, `qZ`)
VALUES (2070532096, 1, 3063742486, 57.8998, 132.517, 55.94674, 1, 0, 0, 0);

INSERT INTO `ace_object_properties_string` (`aceObjectId`, `strPropertyId`, `propertyValue`)
VALUES (2070532096, 1, 'Fountain');

INSERT INTO `ace_object_properties_did` (`aceObjectId`, `didPropertyId`, `propertyValue`)
VALUES (2070532096, 8, 100668104)
     , (2070532096, 1, 33555071)
     , (2070532096, 3, 536870932)
     , (2070532096, 22, 872415275)
     , (2070532096, 28, 1183);

INSERT INTO `ace_object_properties_int` (`aceObjectId`, `intPropertyId`, `propertyValue`)
VALUES (2070532096, 53, 101)
     , (2070532096, 1, 4194304)
     , (2070532096, 5, 6000)
     , (2070532096, 16, 48)
     , (2070532096, 19, 200)
     , (2070532096, 93, 1048);

INSERT INTO `ace_object_properties_double` (`aceObjectId`, `dblPropertyId`, `propertyValue`)
VALUES (2070532096, 54, 2);

INSERT INTO `ace_object_properties_bool` (`aceObjectId`, `boolPropertyId`, `propertyValue`)
VALUES (2070532096, 12, True)
     , (2070532096, 11, True)
     , (2070532096, 14, True);

INSERT INTO `ace_object` (`aceObjectId`, `aceObjectDescriptionFlags`, `weenieClassId`, `weenieHeaderFlags`, `currentMotionState`, `physicsDescriptionFlag`)
VALUES (1991094272, 6291512, 153, 20, NULL, 169985);

INSERT INTO `ace_position` (`aceObjectId`, `positionType`, `landblockRaw`, `posX`, `posY`, `posZ`, `qW`, `qX`, `qY`, `qZ`)
VALUES (1991094272, 1, 1792737341, 178.649, 108.19, 320.9767, 1, 0, 0, 0);

INSERT INTO `ace_object_properties_string` (`aceObjectId`, `strPropertyId`, `propertyValue`)
VALUES (1991094272, 1, 'Fountain');

INSERT INTO `ace_object_properties_did` (`aceObjectId`, `didPropertyId`, `propertyValue`)
VALUES (1991094272, 8, 100668104)
     , (1991094272, 1, 33555071)
     , (1991094272, 3, 536870932)
     , (1991094272, 22, 872415275)
     , (1991094272, 28, 1183);

INSERT INTO `ace_object_properties_int` (`aceObjectId`, `intPropertyId`, `propertyValue`)
VALUES (1991094272, 53, 101)
     , (1991094272, 1, 4194304)
     , (1991094272, 5, 6000)
     , (1991094272, 16, 48)
     , (1991094272, 19, 200)
     , (1991094272, 93, 1048);

INSERT INTO `ace_object_properties_double` (`aceObjectId`, `dblPropertyId`, `propertyValue`)
VALUES (1991094272, 54, 2);

INSERT INTO `ace_object_properties_bool` (`aceObjectId`, `boolPropertyId`, `propertyValue`)
VALUES (1991094272, 12, True)
     , (1991094272, 11, True)
     , (1991094272, 14, True);

INSERT INTO `ace_object` (`aceObjectId`, `aceObjectDescriptionFlags`, `weenieClassId`, `weenieHeaderFlags`, `currentMotionState`, `physicsDescriptionFlag`)
VALUES (2035904515, 6291512, 6441, 20, NULL, 169985);

INSERT INTO `ace_position` (`aceObjectId`, `positionType`, `landblockRaw`, `posX`, `posY`, `posZ`, `qW`, `qX`, `qY`, `qZ`)
VALUES (2035904515, 1, 2509701149, 76.3578, 103.391, 224, 0.9983184, 0, 0, 0.05796952);

INSERT INTO `ace_object_properties_string` (`aceObjectId`, `strPropertyId`, `propertyValue`)
VALUES (2035904515, 1, 'Well');

INSERT INTO `ace_object_properties_did` (`aceObjectId`, `didPropertyId`, `propertyValue`)
VALUES (2035904515, 8, 100667466)
     , (2035904515, 1, 33554712)
     , (2035904515, 3, 536870932)
     , (2035904515, 22, 872415275)
     , (2035904515, 28, 1183);

INSERT INTO `ace_object_properties_int` (`aceObjectId`, `intPropertyId`, `propertyValue`)
VALUES (2035904515, 53, 101)
     , (2035904515, 1, 4194304)
     , (2035904515, 5, 6000)
     , (2035904515, 16, 48)
     , (2035904515, 19, 200)
     , (2035904515, 93, 1048);

INSERT INTO `ace_object_properties_double` (`aceObjectId`, `dblPropertyId`, `propertyValue`)
VALUES (2035904515, 54, 2);

INSERT INTO `ace_object_properties_bool` (`aceObjectId`, `boolPropertyId`, `propertyValue`)
VALUES (2035904515, 12, True)
     , (2035904515, 11, True)
     , (2035904515, 14, True);

INSERT INTO `ace_object` (`aceObjectId`, `aceObjectDescriptionFlags`, `weenieClassId`, `weenieHeaderFlags`, `currentMotionState`, `physicsDescriptionFlag`)
VALUES (1880494151, 6291512, 153, 20, NULL, 169985);

INSERT INTO `ace_position` (`aceObjectId`, `positionType`, `landblockRaw`, `posX`, `posY`, `posZ`, `qW`, `qX`, `qY`, `qZ`)
VALUES (1880494151, 1, 23134806, 70, -50, -0.00749898, 1, 0, 0, 0);

INSERT INTO `ace_object_properties_string` (`aceObjectId`, `strPropertyId`, `propertyValue`)
VALUES (1880494151, 1, 'Fountain');

INSERT INTO `ace_object_properties_did` (`aceObjectId`, `didPropertyId`, `propertyValue`)
VALUES (1880494151, 8, 100668104)
     , (1880494151, 1, 33555071)
     , (1880494151, 3, 536870932)
     , (1880494151, 22, 872415275)
     , (1880494151, 28, 1183);

INSERT INTO `ace_object_properties_int` (`aceObjectId`, `intPropertyId`, `propertyValue`)
VALUES (1880494151, 53, 101)
     , (1880494151, 1, 4194304)
     , (1880494151, 5, 6000)
     , (1880494151, 16, 48)
     , (1880494151, 19, 200)
     , (1880494151, 93, 1048);

INSERT INTO `ace_object_properties_double` (`aceObjectId`, `dblPropertyId`, `propertyValue`)
VALUES (1880494151, 54, 2);

INSERT INTO `ace_object_properties_bool` (`aceObjectId`, `boolPropertyId`, `propertyValue`)
VALUES (1880494151, 12, True)
     , (1880494151, 11, True)
     , (1880494151, 14, True);

INSERT INTO `ace_object` (`aceObjectId`, `aceObjectDescriptionFlags`, `weenieClassId`, `weenieHeaderFlags`, `currentMotionState`, `physicsDescriptionFlag`)
VALUES (1880428569, 6291512, 165, 20, NULL, 169985);

INSERT INTO `ace_position` (`aceObjectId`, `positionType`, `landblockRaw`, `posX`, `posY`, `posZ`, `qW`, `qX`, `qY`, `qZ`)
VALUES (1880428569, 1, 22086049, 80, -70, 6.05, -0.7071068, 0, 0, -0.7071068);

INSERT INTO `ace_object_properties_string` (`aceObjectId`, `strPropertyId`, `propertyValue`)
VALUES (1880428569, 1, 'Pool');

INSERT INTO `ace_object_properties_did` (`aceObjectId`, `didPropertyId`, `propertyValue`)
VALUES (1880428569, 8, 100668107)
     , (1880428569, 1, 33554711)
     , (1880428569, 3, 536870932)
     , (1880428569, 22, 872415275)
     , (1880428569, 28, 1183);

INSERT INTO `ace_object_properties_int` (`aceObjectId`, `intPropertyId`, `propertyValue`)
VALUES (1880428569, 53, 101)
     , (1880428569, 1, 4194304)
     , (1880428569, 5, 6000)
     , (1880428569, 16, 48)
     , (1880428569, 19, 200)
     , (1880428569, 93, 66584);

INSERT INTO `ace_object_properties_double` (`aceObjectId`, `dblPropertyId`, `propertyValue`)
VALUES (1880428569, 54, 2);

INSERT INTO `ace_object_properties_bool` (`aceObjectId`, `boolPropertyId`, `propertyValue`)
VALUES (1880428569, 12, True)
     , (1880428569, 11, True)
     , (1880428569, 14, True);

INSERT INTO `ace_object` (`aceObjectId`, `aceObjectDescriptionFlags`, `weenieClassId`, `weenieHeaderFlags`, `currentMotionState`, `physicsDescriptionFlag`)
VALUES (1880428565, 6291512, 153, 20, NULL, 169985);

INSERT INTO `ace_position` (`aceObjectId`, `positionType`, `landblockRaw`, `posX`, `posY`, `posZ`, `qW`, `qX`, `qY`, `qZ`)
VALUES (1880428565, 1, 22086029, 62.4448, -60.7681, 5.992501, 1, 0, 0, 0);

INSERT INTO `ace_object_properties_string` (`aceObjectId`, `strPropertyId`, `propertyValue`)
VALUES (1880428565, 1, 'Fountain');

INSERT INTO `ace_object_properties_did` (`aceObjectId`, `didPropertyId`, `propertyValue`)
VALUES (1880428565, 8, 100668104)
     , (1880428565, 1, 33555071)
     , (1880428565, 3, 536870932)
     , (1880428565, 22, 872415275)
     , (1880428565, 28, 1183);

INSERT INTO `ace_object_properties_int` (`aceObjectId`, `intPropertyId`, `propertyValue`)
VALUES (1880428565, 53, 101)
     , (1880428565, 1, 4194304)
     , (1880428565, 5, 6000)
     , (1880428565, 16, 48)
     , (1880428565, 19, 200)
     , (1880428565, 93, 1048);

INSERT INTO `ace_object_properties_double` (`aceObjectId`, `dblPropertyId`, `propertyValue`)
VALUES (1880428565, 54, 2);

INSERT INTO `ace_object_properties_bool` (`aceObjectId`, `boolPropertyId`, `propertyValue`)
VALUES (1880428565, 12, True)
     , (1880428565, 11, True)
     , (1880428565, 14, True);

INSERT INTO `ace_object` (`aceObjectId`, `aceObjectDescriptionFlags`, `weenieClassId`, `weenieHeaderFlags`, `currentMotionState`, `physicsDescriptionFlag`)
VALUES (1880428568, 6291512, 165, 20, NULL, 169985);

INSERT INTO `ace_position` (`aceObjectId`, `positionType`, `landblockRaw`, `posX`, `posY`, `posZ`, `qW`, `qX`, `qY`, `qZ`)
VALUES (1880428568, 1, 22086048, 80.3363, -51.3972, 6.05, 0.7071068, 0, 0, -0.7071068);

INSERT INTO `ace_object_properties_string` (`aceObjectId`, `strPropertyId`, `propertyValue`)
VALUES (1880428568, 1, 'Pool');

INSERT INTO `ace_object_properties_did` (`aceObjectId`, `didPropertyId`, `propertyValue`)
VALUES (1880428568, 8, 100668107)
     , (1880428568, 1, 33554711)
     , (1880428568, 3, 536870932)
     , (1880428568, 22, 872415275)
     , (1880428568, 28, 1183);

INSERT INTO `ace_object_properties_int` (`aceObjectId`, `intPropertyId`, `propertyValue`)
VALUES (1880428568, 53, 101)
     , (1880428568, 1, 4194304)
     , (1880428568, 5, 6000)
     , (1880428568, 16, 48)
     , (1880428568, 19, 200)
     , (1880428568, 93, 66584);

INSERT INTO `ace_object_properties_double` (`aceObjectId`, `dblPropertyId`, `propertyValue`)
VALUES (1880428568, 54, 2);

INSERT INTO `ace_object_properties_bool` (`aceObjectId`, `boolPropertyId`, `propertyValue`)
VALUES (1880428568, 12, True)
     , (1880428568, 11, True)
     , (1880428568, 14, True);

INSERT INTO `ace_object` (`aceObjectId`, `aceObjectDescriptionFlags`, `weenieClassId`, `weenieHeaderFlags`, `currentMotionState`, `physicsDescriptionFlag`)
VALUES (1880821797, 6291512, 153, 20, NULL, 169985);

INSERT INTO `ace_position` (`aceObjectId`, `positionType`, `landblockRaw`, `posX`, `posY`, `posZ`, `qW`, `qX`, `qY`, `qZ`)
VALUES (1880821797, 1, 28377744, 72.1568, -67.1887, -0.00749898, 1, 0, 0, 0);

INSERT INTO `ace_object_properties_string` (`aceObjectId`, `strPropertyId`, `propertyValue`)
VALUES (1880821797, 1, 'Fountain');

INSERT INTO `ace_object_properties_did` (`aceObjectId`, `didPropertyId`, `propertyValue`)
VALUES (1880821797, 8, 100668104)
     , (1880821797, 1, 33555071)
     , (1880821797, 3, 536870932)
     , (1880821797, 22, 872415275)
     , (1880821797, 28, 1183);

INSERT INTO `ace_object_properties_int` (`aceObjectId`, `intPropertyId`, `propertyValue`)
VALUES (1880821797, 53, 101)
     , (1880821797, 1, 4194304)
     , (1880821797, 5, 6000)
     , (1880821797, 16, 48)
     , (1880821797, 19, 200)
     , (1880821797, 93, 1048);

INSERT INTO `ace_object_properties_double` (`aceObjectId`, `dblPropertyId`, `propertyValue`)
VALUES (1880821797, 54, 2);

INSERT INTO `ace_object_properties_bool` (`aceObjectId`, `boolPropertyId`, `propertyValue`)
VALUES (1880821797, 12, True)
     , (1880821797, 11, True)
     , (1880821797, 14, True);

INSERT INTO `ace_object` (`aceObjectId`, `aceObjectDescriptionFlags`, `weenieClassId`, `weenieHeaderFlags`, `currentMotionState`, `physicsDescriptionFlag`)
VALUES (1880821780, 6291512, 165, 20, NULL, 169985);

INSERT INTO `ace_position` (`aceObjectId`, `positionType`, `landblockRaw`, `posX`, `posY`, `posZ`, `qW`, `qX`, `qY`, `qZ`)
VALUES (1880821780, 1, 28377468, 0, -140, -29.95, 0.7071068, 0, 0, -0.7071068);

INSERT INTO `ace_object_properties_string` (`aceObjectId`, `strPropertyId`, `propertyValue`)
VALUES (1880821780, 1, 'Pool');

INSERT INTO `ace_object_properties_did` (`aceObjectId`, `didPropertyId`, `propertyValue`)
VALUES (1880821780, 8, 100668107)
     , (1880821780, 1, 33554711)
     , (1880821780, 3, 536870932)
     , (1880821780, 22, 872415275)
     , (1880821780, 28, 1183);

INSERT INTO `ace_object_properties_int` (`aceObjectId`, `intPropertyId`, `propertyValue`)
VALUES (1880821780, 53, 101)
     , (1880821780, 1, 4194304)
     , (1880821780, 5, 6000)
     , (1880821780, 16, 48)
     , (1880821780, 19, 200)
     , (1880821780, 93, 66584);

INSERT INTO `ace_object_properties_double` (`aceObjectId`, `dblPropertyId`, `propertyValue`)
VALUES (1880821780, 54, 2);

INSERT INTO `ace_object_properties_bool` (`aceObjectId`, `boolPropertyId`, `propertyValue`)
VALUES (1880821780, 12, True)
     , (1880821780, 11, True)
     , (1880821780, 14, True);

INSERT INTO `ace_object` (`aceObjectId`, `aceObjectDescriptionFlags`, `weenieClassId`, `weenieHeaderFlags`, `currentMotionState`, `physicsDescriptionFlag`)
VALUES (1880838153, 6291512, 153, 20, NULL, 169985);

INSERT INTO `ace_position` (`aceObjectId`, `positionType`, `landblockRaw`, `posX`, `posY`, `posZ`, `qW`, `qX`, `qY`, `qZ`)
VALUES (1880838153, 1, 28639565, 78.3232, -47.875, -0.00749898, -4.37114E-08, 0, 0, -1);

INSERT INTO `ace_object_properties_string` (`aceObjectId`, `strPropertyId`, `propertyValue`)
VALUES (1880838153, 1, 'Fountain');

INSERT INTO `ace_object_properties_did` (`aceObjectId`, `didPropertyId`, `propertyValue`)
VALUES (1880838153, 8, 100668104)
     , (1880838153, 1, 33555071)
     , (1880838153, 3, 536870932)
     , (1880838153, 22, 872415275)
     , (1880838153, 28, 1183);

INSERT INTO `ace_object_properties_int` (`aceObjectId`, `intPropertyId`, `propertyValue`)
VALUES (1880838153, 53, 101)
     , (1880838153, 1, 4194304)
     , (1880838153, 5, 6000)
     , (1880838153, 16, 48)
     , (1880838153, 19, 200)
     , (1880838153, 93, 1048);

INSERT INTO `ace_object_properties_double` (`aceObjectId`, `dblPropertyId`, `propertyValue`)
VALUES (1880838153, 54, 2);

INSERT INTO `ace_object_properties_bool` (`aceObjectId`, `boolPropertyId`, `propertyValue`)
VALUES (1880838153, 12, True)
     , (1880838153, 11, True)
     , (1880838153, 14, True);

INSERT INTO `ace_object` (`aceObjectId`, `aceObjectDescriptionFlags`, `weenieClassId`, `weenieHeaderFlags`, `currentMotionState`, `physicsDescriptionFlag`)
VALUES (1880432654, 6291512, 165, 20, NULL, 169985);

INSERT INTO `ace_position` (`aceObjectId`, `positionType`, `landblockRaw`, `posX`, `posY`, `posZ`, `qW`, `qX`, `qY`, `qZ`)
VALUES (1880432654, 1, 22151467, 50, -100, -17.95, 0.7071068, 0, 0, -0.7071068);

INSERT INTO `ace_object_properties_string` (`aceObjectId`, `strPropertyId`, `propertyValue`)
VALUES (1880432654, 1, 'Pool');

INSERT INTO `ace_object_properties_did` (`aceObjectId`, `didPropertyId`, `propertyValue`)
VALUES (1880432654, 8, 100668107)
     , (1880432654, 1, 33554711)
     , (1880432654, 3, 536870932)
     , (1880432654, 22, 872415275)
     , (1880432654, 28, 1183);

INSERT INTO `ace_object_properties_int` (`aceObjectId`, `intPropertyId`, `propertyValue`)
VALUES (1880432654, 53, 101)
     , (1880432654, 1, 4194304)
     , (1880432654, 5, 6000)
     , (1880432654, 16, 48)
     , (1880432654, 19, 200)
     , (1880432654, 93, 66584);

INSERT INTO `ace_object_properties_double` (`aceObjectId`, `dblPropertyId`, `propertyValue`)
VALUES (1880432654, 54, 2);

INSERT INTO `ace_object_properties_bool` (`aceObjectId`, `boolPropertyId`, `propertyValue`)
VALUES (1880432654, 12, True)
     , (1880432654, 11, True)
     , (1880432654, 14, True);

INSERT INTO `ace_object` (`aceObjectId`, `aceObjectDescriptionFlags`, `weenieClassId`, `weenieHeaderFlags`, `currentMotionState`, `physicsDescriptionFlag`)
VALUES (1880903727, 6291512, 152, 20, NULL, 169985);

INSERT INTO `ace_position` (`aceObjectId`, `positionType`, `landblockRaw`, `posX`, `posY`, `posZ`, `qW`, `qX`, `qY`, `qZ`)
VALUES (1880903727, 1, 29688156, 60.0061, -39.9881, -6.007499, -0.7071068, 0, 0, -0.7071068);

INSERT INTO `ace_object_properties_string` (`aceObjectId`, `strPropertyId`, `propertyValue`)
VALUES (1880903727, 1, 'Font');

INSERT INTO `ace_object_properties_did` (`aceObjectId`, `didPropertyId`, `propertyValue`)
VALUES (1880903727, 8, 100668104)
     , (1880903727, 1, 33554710)
     , (1880903727, 3, 536870932)
     , (1880903727, 22, 872415275)
     , (1880903727, 28, 1183);

INSERT INTO `ace_object_properties_int` (`aceObjectId`, `intPropertyId`, `propertyValue`)
VALUES (1880903727, 53, 101)
     , (1880903727, 1, 4194304)
     , (1880903727, 5, 6000)
     , (1880903727, 16, 48)
     , (1880903727, 19, 200)
     , (1880903727, 93, 1048);

INSERT INTO `ace_object_properties_double` (`aceObjectId`, `dblPropertyId`, `propertyValue`)
VALUES (1880903727, 54, 2);

INSERT INTO `ace_object_properties_bool` (`aceObjectId`, `boolPropertyId`, `propertyValue`)
VALUES (1880903727, 12, True)
     , (1880903727, 11, True)
     , (1880903727, 14, True);

INSERT INTO `ace_object` (`aceObjectId`, `aceObjectDescriptionFlags`, `weenieClassId`, `weenieHeaderFlags`, `currentMotionState`, `physicsDescriptionFlag`)
VALUES (1880903705, 6291512, 152, 20, NULL, 169985);

INSERT INTO `ace_position` (`aceObjectId`, `positionType`, `landblockRaw`, `posX`, `posY`, `posZ`, `qW`, `qX`, `qY`, `qZ`)
VALUES (1880903705, 1, 29688107, 30, -40, -6.007499, 0.7071068, 0, 0, -0.7071068);

INSERT INTO `ace_object_properties_string` (`aceObjectId`, `strPropertyId`, `propertyValue`)
VALUES (1880903705, 1, 'Font');

INSERT INTO `ace_object_properties_did` (`aceObjectId`, `didPropertyId`, `propertyValue`)
VALUES (1880903705, 8, 100668104)
     , (1880903705, 1, 33554710)
     , (1880903705, 3, 536870932)
     , (1880903705, 22, 872415275)
     , (1880903705, 28, 1183);

INSERT INTO `ace_object_properties_int` (`aceObjectId`, `intPropertyId`, `propertyValue`)
VALUES (1880903705, 53, 101)
     , (1880903705, 1, 4194304)
     , (1880903705, 5, 6000)
     , (1880903705, 16, 48)
     , (1880903705, 19, 200)
     , (1880903705, 93, 1048);

INSERT INTO `ace_object_properties_double` (`aceObjectId`, `dblPropertyId`, `propertyValue`)
VALUES (1880903705, 54, 2);

INSERT INTO `ace_object_properties_bool` (`aceObjectId`, `boolPropertyId`, `propertyValue`)
VALUES (1880903705, 12, True)
     , (1880903705, 11, True)
     , (1880903705, 14, True);

INSERT INTO `ace_object` (`aceObjectId`, `aceObjectDescriptionFlags`, `weenieClassId`, `weenieHeaderFlags`, `currentMotionState`, `physicsDescriptionFlag`)
VALUES (1880862755, 6291512, 152, 20, NULL, 169985);

INSERT INTO `ace_position` (`aceObjectId`, `positionType`, `landblockRaw`, `posX`, `posY`, `posZ`, `qW`, `qX`, `qY`, `qZ`)
VALUES (1880862755, 1, 29032797, 57.6233, -47.4414, -0.00749898, -4.37114E-08, 0, 0, -1);

INSERT INTO `ace_object_properties_string` (`aceObjectId`, `strPropertyId`, `propertyValue`)
VALUES (1880862755, 1, 'Font');

INSERT INTO `ace_object_properties_did` (`aceObjectId`, `didPropertyId`, `propertyValue`)
VALUES (1880862755, 8, 100668104)
     , (1880862755, 1, 33554710)
     , (1880862755, 3, 536870932)
     , (1880862755, 22, 872415275)
     , (1880862755, 28, 1183);

INSERT INTO `ace_object_properties_int` (`aceObjectId`, `intPropertyId`, `propertyValue`)
VALUES (1880862755, 53, 101)
     , (1880862755, 1, 4194304)
     , (1880862755, 5, 6000)
     , (1880862755, 16, 48)
     , (1880862755, 19, 200)
     , (1880862755, 93, 1048);

INSERT INTO `ace_object_properties_double` (`aceObjectId`, `dblPropertyId`, `propertyValue`)
VALUES (1880862755, 54, 2);

INSERT INTO `ace_object_properties_bool` (`aceObjectId`, `boolPropertyId`, `propertyValue`)
VALUES (1880862755, 12, True)
     , (1880862755, 11, True)
     , (1880862755, 14, True);

INSERT INTO `ace_object` (`aceObjectId`, `aceObjectDescriptionFlags`, `weenieClassId`, `weenieHeaderFlags`, `currentMotionState`, `physicsDescriptionFlag`)
VALUES (1880756263, 6291512, 171, 20, NULL, 169985);

INSERT INTO `ace_position` (`aceObjectId`, `positionType`, `landblockRaw`, `posX`, `posY`, `posZ`, `qW`, `qX`, `qY`, `qZ`)
VALUES (1880756263, 1, 27328829, 27.0079, -26.604, 24, -0.7071068, 0, 0, -0.7071068);

INSERT INTO `ace_object_properties_string` (`aceObjectId`, `strPropertyId`, `propertyValue`)
VALUES (1880756263, 1, 'Vat');

INSERT INTO `ace_object_properties_did` (`aceObjectId`, `didPropertyId`, `propertyValue`)
VALUES (1880756263, 8, 100668110)
     , (1880756263, 1, 33554796)
     , (1880756263, 3, 536870932)
     , (1880756263, 22, 872415275)
     , (1880756263, 28, 1183);

INSERT INTO `ace_object_properties_int` (`aceObjectId`, `intPropertyId`, `propertyValue`)
VALUES (1880756263, 53, 101)
     , (1880756263, 1, 4194304)
     , (1880756263, 5, 6000)
     , (1880756263, 16, 48)
     , (1880756263, 19, 200)
     , (1880756263, 93, 66584);

INSERT INTO `ace_object_properties_double` (`aceObjectId`, `dblPropertyId`, `propertyValue`)
VALUES (1880756263, 54, 2);

INSERT INTO `ace_object_properties_bool` (`aceObjectId`, `boolPropertyId`, `propertyValue`)
VALUES (1880756263, 12, True)
     , (1880756263, 11, True)
     , (1880756263, 14, True);

INSERT INTO `ace_object` (`aceObjectId`, `aceObjectDescriptionFlags`, `weenieClassId`, `weenieHeaderFlags`, `currentMotionState`, `physicsDescriptionFlag`)
VALUES (2048552962, 6291512, 6441, 20, NULL, 169985);

INSERT INTO `ace_position` (`aceObjectId`, `positionType`, `landblockRaw`, `posX`, `posY`, `posZ`, `qW`, `qX`, `qY`, `qZ`)
VALUES (2048552962, 1, 2712076319, 75.9187, 145.261, 62.22148, 0.07006772, 0, 0, -0.9975423);

INSERT INTO `ace_object_properties_string` (`aceObjectId`, `strPropertyId`, `propertyValue`)
VALUES (2048552962, 1, 'Well');

INSERT INTO `ace_object_properties_did` (`aceObjectId`, `didPropertyId`, `propertyValue`)
VALUES (2048552962, 8, 100667466)
     , (2048552962, 1, 33554712)
     , (2048552962, 3, 536870932)
     , (2048552962, 22, 872415275)
     , (2048552962, 28, 1183);

INSERT INTO `ace_object_properties_int` (`aceObjectId`, `intPropertyId`, `propertyValue`)
VALUES (2048552962, 53, 101)
     , (2048552962, 1, 4194304)
     , (2048552962, 5, 6000)
     , (2048552962, 16, 48)
     , (2048552962, 19, 200)
     , (2048552962, 93, 1048);

INSERT INTO `ace_object_properties_double` (`aceObjectId`, `dblPropertyId`, `propertyValue`)
VALUES (2048552962, 54, 2);

INSERT INTO `ace_object_properties_bool` (`aceObjectId`, `boolPropertyId`, `propertyValue`)
VALUES (2048552962, 12, True)
     , (2048552962, 11, True)
     , (2048552962, 14, True);

INSERT INTO `ace_object` (`aceObjectId`, `aceObjectDescriptionFlags`, `weenieClassId`, `weenieHeaderFlags`, `currentMotionState`, `physicsDescriptionFlag`)
VALUES (1880145922, 6291512, 153, 20, NULL, 169985);

INSERT INTO `ace_position` (`aceObjectId`, `positionType`, `landblockRaw`, `posX`, `posY`, `posZ`, `qW`, `qX`, `qY`, `qZ`)
VALUES (1880145922, 1, 17563920, 23.5419, -85.161, -6.007499, 0.7071068, 0, 0, -0.7071068);

INSERT INTO `ace_object_properties_string` (`aceObjectId`, `strPropertyId`, `propertyValue`)
VALUES (1880145922, 1, 'Fountain');

INSERT INTO `ace_object_properties_did` (`aceObjectId`, `didPropertyId`, `propertyValue`)
VALUES (1880145922, 8, 100668104)
     , (1880145922, 1, 33555071)
     , (1880145922, 3, 536870932)
     , (1880145922, 22, 872415275)
     , (1880145922, 28, 1183);

INSERT INTO `ace_object_properties_int` (`aceObjectId`, `intPropertyId`, `propertyValue`)
VALUES (1880145922, 53, 101)
     , (1880145922, 1, 4194304)
     , (1880145922, 5, 6000)
     , (1880145922, 16, 48)
     , (1880145922, 19, 200)
     , (1880145922, 93, 1048);

INSERT INTO `ace_object_properties_double` (`aceObjectId`, `dblPropertyId`, `propertyValue`)
VALUES (1880145922, 54, 2);

INSERT INTO `ace_object_properties_bool` (`aceObjectId`, `boolPropertyId`, `propertyValue`)
VALUES (1880145922, 12, True)
     , (1880145922, 11, True)
     , (1880145922, 14, True);

INSERT INTO `ace_object` (`aceObjectId`, `aceObjectDescriptionFlags`, `weenieClassId`, `weenieHeaderFlags`, `currentMotionState`, `physicsDescriptionFlag`)
VALUES (1880420383, 6291512, 171, 20, NULL, 169985);

INSERT INTO `ace_position` (`aceObjectId`, `positionType`, `landblockRaw`, `posX`, `posY`, `posZ`, `qW`, `qX`, `qY`, `qZ`)
VALUES (1880420383, 1, 21955018, 37.5604, -43.6154, -12, -4.37114E-08, 0, 0, -1);

INSERT INTO `ace_object_properties_string` (`aceObjectId`, `strPropertyId`, `propertyValue`)
VALUES (1880420383, 1, 'Vat');

INSERT INTO `ace_object_properties_did` (`aceObjectId`, `didPropertyId`, `propertyValue`)
VALUES (1880420383, 8, 100668110)
     , (1880420383, 1, 33554796)
     , (1880420383, 3, 536870932)
     , (1880420383, 22, 872415275)
     , (1880420383, 28, 1183);

INSERT INTO `ace_object_properties_int` (`aceObjectId`, `intPropertyId`, `propertyValue`)
VALUES (1880420383, 53, 101)
     , (1880420383, 1, 4194304)
     , (1880420383, 5, 6000)
     , (1880420383, 16, 48)
     , (1880420383, 19, 200)
     , (1880420383, 93, 66584);

INSERT INTO `ace_object_properties_double` (`aceObjectId`, `dblPropertyId`, `propertyValue`)
VALUES (1880420383, 54, 2);

INSERT INTO `ace_object_properties_bool` (`aceObjectId`, `boolPropertyId`, `propertyValue`)
VALUES (1880420383, 12, True)
     , (1880420383, 11, True)
     , (1880420383, 14, True);

INSERT INTO `ace_object` (`aceObjectId`, `aceObjectDescriptionFlags`, `weenieClassId`, `weenieHeaderFlags`, `currentMotionState`, `physicsDescriptionFlag`)
VALUES (1880899601, 6291512, 153, 20, NULL, 169985);

INSERT INTO `ace_position` (`aceObjectId`, `positionType`, `landblockRaw`, `posX`, `posY`, `posZ`, `qW`, `qX`, `qY`, `qZ`)
VALUES (1880899601, 1, 29622558, 40, -40, -0.00749898, -0.7071068, 0, 0, -0.7071068);

INSERT INTO `ace_object_properties_string` (`aceObjectId`, `strPropertyId`, `propertyValue`)
VALUES (1880899601, 1, 'Fountain');

INSERT INTO `ace_object_properties_did` (`aceObjectId`, `didPropertyId`, `propertyValue`)
VALUES (1880899601, 8, 100668104)
     , (1880899601, 1, 33555071)
     , (1880899601, 3, 536870932)
     , (1880899601, 22, 872415275)
     , (1880899601, 28, 1183);

INSERT INTO `ace_object_properties_int` (`aceObjectId`, `intPropertyId`, `propertyValue`)
VALUES (1880899601, 53, 101)
     , (1880899601, 1, 4194304)
     , (1880899601, 5, 6000)
     , (1880899601, 16, 48)
     , (1880899601, 19, 200)
     , (1880899601, 93, 1048);

INSERT INTO `ace_object_properties_double` (`aceObjectId`, `dblPropertyId`, `propertyValue`)
VALUES (1880899601, 54, 2);

INSERT INTO `ace_object_properties_bool` (`aceObjectId`, `boolPropertyId`, `propertyValue`)
VALUES (1880899601, 12, True)
     , (1880899601, 11, True)
     , (1880899601, 14, True);

INSERT INTO `ace_object` (`aceObjectId`, `aceObjectDescriptionFlags`, `weenieClassId`, `weenieHeaderFlags`, `currentMotionState`, `physicsDescriptionFlag`)
VALUES (1943400450, 6291512, 171, 20, NULL, 169985);

INSERT INTO `ace_position` (`aceObjectId`, `positionType`, `landblockRaw`, `posX`, `posY`, `posZ`, `qW`, `qX`, `qY`, `qZ`)
VALUES (1943400450, 1, 1029636354, 12.6496, 181.462, 39.2, 0.8143871, 0, 0, 0.5803221);

INSERT INTO `ace_object_properties_string` (`aceObjectId`, `strPropertyId`, `propertyValue`)
VALUES (1943400450, 1, 'Vat');

INSERT INTO `ace_object_properties_did` (`aceObjectId`, `didPropertyId`, `propertyValue`)
VALUES (1943400450, 8, 100668110)
     , (1943400450, 1, 33554796)
     , (1943400450, 3, 536870932)
     , (1943400450, 22, 872415275)
     , (1943400450, 28, 1183);

INSERT INTO `ace_object_properties_int` (`aceObjectId`, `intPropertyId`, `propertyValue`)
VALUES (1943400450, 53, 101)
     , (1943400450, 1, 4194304)
     , (1943400450, 5, 6000)
     , (1943400450, 16, 48)
     , (1943400450, 19, 200)
     , (1943400450, 93, 66584);

INSERT INTO `ace_object_properties_double` (`aceObjectId`, `dblPropertyId`, `propertyValue`)
VALUES (1943400450, 54, 2);

INSERT INTO `ace_object_properties_bool` (`aceObjectId`, `boolPropertyId`, `propertyValue`)
VALUES (1943400450, 12, True)
     , (1943400450, 11, True)
     , (1943400450, 14, True);

INSERT INTO `ace_object` (`aceObjectId`, `aceObjectDescriptionFlags`, `weenieClassId`, `weenieHeaderFlags`, `currentMotionState`, `physicsDescriptionFlag`)
VALUES (2087333888, 6291512, 153, 20, NULL, 169985);

INSERT INTO `ace_position` (`aceObjectId`, `positionType`, `landblockRaw`, `posX`, `posY`, `posZ`, `qW`, `qX`, `qY`, `qZ`)
VALUES (2087333888, 1, 3332571165, 73.894, 97.8565, 33.9925, 0.9703627, 0, 0, -0.2416529);

INSERT INTO `ace_object_properties_string` (`aceObjectId`, `strPropertyId`, `propertyValue`)
VALUES (2087333888, 1, 'Fountain');

INSERT INTO `ace_object_properties_did` (`aceObjectId`, `didPropertyId`, `propertyValue`)
VALUES (2087333888, 8, 100668104)
     , (2087333888, 1, 33555071)
     , (2087333888, 3, 536870932)
     , (2087333888, 22, 872415275)
     , (2087333888, 28, 1183);

INSERT INTO `ace_object_properties_int` (`aceObjectId`, `intPropertyId`, `propertyValue`)
VALUES (2087333888, 53, 101)
     , (2087333888, 1, 4194304)
     , (2087333888, 5, 6000)
     , (2087333888, 16, 48)
     , (2087333888, 19, 200)
     , (2087333888, 93, 1048);

INSERT INTO `ace_object_properties_double` (`aceObjectId`, `dblPropertyId`, `propertyValue`)
VALUES (2087333888, 54, 2);

INSERT INTO `ace_object_properties_bool` (`aceObjectId`, `boolPropertyId`, `propertyValue`)
VALUES (2087333888, 12, True)
     , (2087333888, 11, True)
     , (2087333888, 14, True);

