INSERT INTO `ace_object` (`aceObjectId`, `aceObjectDescriptionFlags`, `weenieClassId`, `weenieHeaderFlags`, `currentMotionState`, `physicsDescriptionFlag`)
VALUES (1927557120, 9437232, 509, 16404, 'AAA9AAAAAAA=', 100355);

INSERT INTO `ace_position` (`aceObjectId`, `positionType`, `landblockRaw`, `posX`, `posY`, `posZ`, `qW`, `qX`, `qY`, `qZ`)
VALUES (1927557120, 1, 776142852, 6.56236, 83.9235, 8.546864, -0.868467, 0, 0, -0.495747);

INSERT INTO `ace_object_properties_string` (`aceObjectId`, `strPropertyId`, `propertyValue`)
VALUES (1927557120, 1, 'Life Stone');

INSERT INTO `ace_object_properties_did` (`aceObjectId`, `didPropertyId`, `propertyValue`)
VALUES (1927557120, 8, 100668245)
     , (1927557120, 1, 33555182)
     , (1927557120, 3, 536870932)
     , (1927557120, 2, 150994982);

INSERT INTO `ace_object_properties_int` (`aceObjectId`, `intPropertyId`, `propertyValue`)
VALUES (1927557120, 1, 268435456)
     , (1927557120, 95, 1)
     , (1927557120, 133, 4)
     , (1927557120, 16, 32)
     , (1927557120, 93, 1040);

INSERT INTO `ace_object_properties_double` (`aceObjectId`, `dblPropertyId`, `propertyValue`)
VALUES (1927557120, 54, 2);

INSERT INTO `ace_object_properties_bool` (`aceObjectId`, `boolPropertyId`, `propertyValue`)
VALUES (1927557120, 11, True)
     , (1927557120, 14, True);

INSERT INTO `ace_object` (`aceObjectId`, `aceObjectDescriptionFlags`, `weenieClassId`, `weenieHeaderFlags`, `currentMotionState`, `physicsDescriptionFlag`)
VALUES (1933414446, 9437232, 509, 16404, 'AAA9AAAAAAA=', 100355);

INSERT INTO `ace_position` (`aceObjectId`, `positionType`, `landblockRaw`, `posX`, `posY`, `posZ`, `qW`, `qX`, `qY`, `qZ`)
VALUES (1933414446, 1, 869859336, 12.1586, 179.951, 52, 0.6581542, 0, 0, -0.7528832);

INSERT INTO `ace_object_properties_string` (`aceObjectId`, `strPropertyId`, `propertyValue`)
VALUES (1933414446, 1, 'Life Stone');

INSERT INTO `ace_object_properties_did` (`aceObjectId`, `didPropertyId`, `propertyValue`)
VALUES (1933414446, 8, 100668245)
     , (1933414446, 1, 33555182)
     , (1933414446, 3, 536870932)
     , (1933414446, 2, 150994982);

INSERT INTO `ace_object_properties_int` (`aceObjectId`, `intPropertyId`, `propertyValue`)
VALUES (1933414446, 1, 268435456)
     , (1933414446, 95, 1)
     , (1933414446, 133, 4)
     , (1933414446, 16, 32)
     , (1933414446, 93, 1040);

INSERT INTO `ace_object_properties_double` (`aceObjectId`, `dblPropertyId`, `propertyValue`)
VALUES (1933414446, 54, 2);

INSERT INTO `ace_object_properties_bool` (`aceObjectId`, `boolPropertyId`, `propertyValue`)
VALUES (1933414446, 11, True)
     , (1933414446, 14, True);

INSERT INTO `ace_object` (`aceObjectId`, `aceObjectDescriptionFlags`, `weenieClassId`, `weenieHeaderFlags`, `currentMotionState`, `physicsDescriptionFlag`)
VALUES (2087358533, 9437232, 509, 16404, 'AAA9AAAAAAA=', 100355);

INSERT INTO `ace_position` (`aceObjectId`, `positionType`, `landblockRaw`, `posX`, `posY`, `posZ`, `qW`, `qX`, `qY`, `qZ`)
VALUES (2087358533, 1, 3332964380, 80.4637, 81.6297, 42, -0.9999852, 0, 0, 0.005434721);

INSERT INTO `ace_object_properties_string` (`aceObjectId`, `strPropertyId`, `propertyValue`)
VALUES (2087358533, 1, 'Life Stone');

INSERT INTO `ace_object_properties_did` (`aceObjectId`, `didPropertyId`, `propertyValue`)
VALUES (2087358533, 8, 100668245)
     , (2087358533, 1, 33555182)
     , (2087358533, 3, 536870932)
     , (2087358533, 2, 150994982);

INSERT INTO `ace_object_properties_int` (`aceObjectId`, `intPropertyId`, `propertyValue`)
VALUES (2087358533, 1, 268435456)
     , (2087358533, 95, 1)
     , (2087358533, 133, 4)
     , (2087358533, 16, 32)
     , (2087358533, 93, 1040);

INSERT INTO `ace_object_properties_double` (`aceObjectId`, `dblPropertyId`, `propertyValue`)
VALUES (2087358533, 54, 2);

INSERT INTO `ace_object_properties_bool` (`aceObjectId`, `boolPropertyId`, `propertyValue`)
VALUES (2087358533, 11, True)
     , (2087358533, 14, True);

INSERT INTO `ace_object` (`aceObjectId`, `aceObjectDescriptionFlags`, `weenieClassId`, `weenieHeaderFlags`, `currentMotionState`, `physicsDescriptionFlag`)
VALUES (2048540706, 9437232, 509, 16404, 'AAA9AAAAAAA=', 100355);

INSERT INTO `ace_position` (`aceObjectId`, `positionType`, `landblockRaw`, `posX`, `posY`, `posZ`, `qW`, `qX`, `qY`, `qZ`)
VALUES (2048540706, 1, 2711879685, 5.4, 101.28, 50, 1, 0, 0, 0);

INSERT INTO `ace_object_properties_string` (`aceObjectId`, `strPropertyId`, `propertyValue`)
VALUES (2048540706, 1, 'Life Stone');

INSERT INTO `ace_object_properties_did` (`aceObjectId`, `didPropertyId`, `propertyValue`)
VALUES (2048540706, 8, 100668245)
     , (2048540706, 1, 33555182)
     , (2048540706, 3, 536870932)
     , (2048540706, 2, 150994982);

INSERT INTO `ace_object_properties_int` (`aceObjectId`, `intPropertyId`, `propertyValue`)
VALUES (2048540706, 1, 268435456)
     , (2048540706, 95, 1)
     , (2048540706, 133, 4)
     , (2048540706, 16, 32)
     , (2048540706, 93, 1040);

INSERT INTO `ace_object_properties_double` (`aceObjectId`, `dblPropertyId`, `propertyValue`)
VALUES (2048540706, 54, 2);

INSERT INTO `ace_object_properties_bool` (`aceObjectId`, `boolPropertyId`, `propertyValue`)
VALUES (2048540706, 11, True)
     , (2048540706, 14, True);

INSERT INTO `ace_object` (`aceObjectId`, `aceObjectDescriptionFlags`, `weenieClassId`, `weenieHeaderFlags`, `currentMotionState`, `physicsDescriptionFlag`)
VALUES (2030895104, 9437232, 509, 16404, 'AAA9AAAAAAA=', 100355);

INSERT INTO `ace_position` (`aceObjectId`, `positionType`, `landblockRaw`, `posX`, `posY`, `posZ`, `qW`, `qX`, `qY`, `qZ`)
VALUES (2030895104, 1, 2429550604, 36.7909, 89.1648, 282.9341, -0.9481963, 0, 0, -0.3176851);

INSERT INTO `ace_object_properties_string` (`aceObjectId`, `strPropertyId`, `propertyValue`)
VALUES (2030895104, 1, 'Life Stone');

INSERT INTO `ace_object_properties_did` (`aceObjectId`, `didPropertyId`, `propertyValue`)
VALUES (2030895104, 8, 100668245)
     , (2030895104, 1, 33555182)
     , (2030895104, 3, 536870932)
     , (2030895104, 2, 150994982);

INSERT INTO `ace_object_properties_int` (`aceObjectId`, `intPropertyId`, `propertyValue`)
VALUES (2030895104, 1, 268435456)
     , (2030895104, 95, 1)
     , (2030895104, 133, 4)
     , (2030895104, 16, 32)
     , (2030895104, 93, 1040);

INSERT INTO `ace_object_properties_double` (`aceObjectId`, `dblPropertyId`, `propertyValue`)
VALUES (2030895104, 54, 2);

INSERT INTO `ace_object_properties_bool` (`aceObjectId`, `boolPropertyId`, `propertyValue`)
VALUES (2030895104, 11, True)
     , (2030895104, 14, True);

INSERT INTO `ace_object` (`aceObjectId`, `aceObjectDescriptionFlags`, `weenieClassId`, `weenieHeaderFlags`, `currentMotionState`, `physicsDescriptionFlag`)
VALUES (2089717762, 9437232, 509, 16404, 'AAA9AAAAAAA=', 100355);

INSERT INTO `ace_position` (`aceObjectId`, `positionType`, `landblockRaw`, `posX`, `posY`, `posZ`, `qW`, `qX`, `qY`, `qZ`)
VALUES (2089717762, 1, 3370713130, 132.475, 38.2142, 0, -0.9432769, 0, 0, -0.332007);

INSERT INTO `ace_object_properties_string` (`aceObjectId`, `strPropertyId`, `propertyValue`)
VALUES (2089717762, 1, 'Life Stone');

INSERT INTO `ace_object_properties_did` (`aceObjectId`, `didPropertyId`, `propertyValue`)
VALUES (2089717762, 8, 100668245)
     , (2089717762, 1, 33555182)
     , (2089717762, 3, 536870932)
     , (2089717762, 2, 150994982);

INSERT INTO `ace_object_properties_int` (`aceObjectId`, `intPropertyId`, `propertyValue`)
VALUES (2089717762, 1, 268435456)
     , (2089717762, 95, 1)
     , (2089717762, 133, 4)
     , (2089717762, 16, 32)
     , (2089717762, 93, 1040);

INSERT INTO `ace_object_properties_double` (`aceObjectId`, `dblPropertyId`, `propertyValue`)
VALUES (2089717762, 54, 2);

INSERT INTO `ace_object_properties_bool` (`aceObjectId`, `boolPropertyId`, `propertyValue`)
VALUES (2089717762, 11, True)
     , (2089717762, 14, True);

INSERT INTO `ace_object` (`aceObjectId`, `aceObjectDescriptionFlags`, `weenieClassId`, `weenieHeaderFlags`, `currentMotionState`, `physicsDescriptionFlag`)
VALUES (1924210744, 9437232, 509, 16404, 'AAA9AAAAAAA=', 100355);

INSERT INTO `ace_position` (`aceObjectId`, `positionType`, `landblockRaw`, `posX`, `posY`, `posZ`, `qW`, `qX`, `qY`, `qZ`)
VALUES (1924210744, 1, 722599969, 109.413, 9.47661, 48, 0.864827, 0, 0, -0.50207);

INSERT INTO `ace_object_properties_string` (`aceObjectId`, `strPropertyId`, `propertyValue`)
VALUES (1924210744, 1, 'Life Stone');

INSERT INTO `ace_object_properties_did` (`aceObjectId`, `didPropertyId`, `propertyValue`)
VALUES (1924210744, 8, 100668245)
     , (1924210744, 1, 33555182)
     , (1924210744, 3, 536870932)
     , (1924210744, 2, 150994982);

INSERT INTO `ace_object_properties_int` (`aceObjectId`, `intPropertyId`, `propertyValue`)
VALUES (1924210744, 1, 268435456)
     , (1924210744, 95, 1)
     , (1924210744, 133, 4)
     , (1924210744, 16, 32)
     , (1924210744, 93, 1040);

INSERT INTO `ace_object_properties_double` (`aceObjectId`, `dblPropertyId`, `propertyValue`)
VALUES (1924210744, 54, 2);

INSERT INTO `ace_object_properties_bool` (`aceObjectId`, `boolPropertyId`, `propertyValue`)
VALUES (1924210744, 11, True)
     , (1924210744, 14, True);

INSERT INTO `ace_object` (`aceObjectId`, `aceObjectDescriptionFlags`, `weenieClassId`, `weenieHeaderFlags`, `currentMotionState`, `physicsDescriptionFlag`)
VALUES (2090184781, 9437232, 509, 16404, 'AAA9AAAAAAA=', 100355);

INSERT INTO `ace_position` (`aceObjectId`, `positionType`, `landblockRaw`, `posX`, `posY`, `posZ`, `qW`, `qX`, `qY`, `qZ`)
VALUES (2090184781, 1, 3378184228, 111.467, 87.5341, 12, -0.8695362, 0, 0, 0.4938692);

INSERT INTO `ace_object_properties_string` (`aceObjectId`, `strPropertyId`, `propertyValue`)
VALUES (2090184781, 1, 'Life Stone');

INSERT INTO `ace_object_properties_did` (`aceObjectId`, `didPropertyId`, `propertyValue`)
VALUES (2090184781, 8, 100668245)
     , (2090184781, 1, 33555182)
     , (2090184781, 3, 536870932)
     , (2090184781, 2, 150994982);

INSERT INTO `ace_object_properties_int` (`aceObjectId`, `intPropertyId`, `propertyValue`)
VALUES (2090184781, 1, 268435456)
     , (2090184781, 95, 1)
     , (2090184781, 133, 4)
     , (2090184781, 16, 32)
     , (2090184781, 93, 1040);

INSERT INTO `ace_object_properties_double` (`aceObjectId`, `dblPropertyId`, `propertyValue`)
VALUES (2090184781, 54, 2);

INSERT INTO `ace_object_properties_bool` (`aceObjectId`, `boolPropertyId`, `propertyValue`)
VALUES (2090184781, 11, True)
     , (2090184781, 14, True);

INSERT INTO `ace_object` (`aceObjectId`, `aceObjectDescriptionFlags`, `weenieClassId`, `weenieHeaderFlags`, `currentMotionState`, `physicsDescriptionFlag`)
VALUES (2088103941, 9437232, 509, 16404, 'AAA9AAAAAAA=', 100355);

INSERT INTO `ace_position` (`aceObjectId`, `positionType`, `landblockRaw`, `posX`, `posY`, `posZ`, `qW`, `qX`, `qY`, `qZ`)
VALUES (2088103941, 1, 3344891946, 136.247, 35.2271, 6, -0.7678612, 0, 0, -0.6406162);

INSERT INTO `ace_object_properties_string` (`aceObjectId`, `strPropertyId`, `propertyValue`)
VALUES (2088103941, 1, 'Life Stone');

INSERT INTO `ace_object_properties_did` (`aceObjectId`, `didPropertyId`, `propertyValue`)
VALUES (2088103941, 8, 100668245)
     , (2088103941, 1, 33555182)
     , (2088103941, 3, 536870932)
     , (2088103941, 2, 150994982);

INSERT INTO `ace_object_properties_int` (`aceObjectId`, `intPropertyId`, `propertyValue`)
VALUES (2088103941, 1, 268435456)
     , (2088103941, 95, 1)
     , (2088103941, 133, 4)
     , (2088103941, 16, 32)
     , (2088103941, 93, 1040);

INSERT INTO `ace_object_properties_double` (`aceObjectId`, `dblPropertyId`, `propertyValue`)
VALUES (2088103941, 54, 2);

INSERT INTO `ace_object_properties_bool` (`aceObjectId`, `boolPropertyId`, `propertyValue`)
VALUES (2088103941, 11, True)
     , (2088103941, 14, True);

INSERT INTO `ace_object` (`aceObjectId`, `aceObjectDescriptionFlags`, `weenieClassId`, `weenieHeaderFlags`, `currentMotionState`, `physicsDescriptionFlag`)
VALUES (1984778298, 9437232, 509, 16404, 'AAA9AAAAAAA=', 100355);

INSERT INTO `ace_position` (`aceObjectId`, `positionType`, `landblockRaw`, `posX`, `posY`, `posZ`, `qW`, `qX`, `qY`, `qZ`)
VALUES (1984778298, 1, 1691680781, 29.2109, 99.801, 78, -0.9997835, 0, 0, -0.02080809);

INSERT INTO `ace_object_properties_string` (`aceObjectId`, `strPropertyId`, `propertyValue`)
VALUES (1984778298, 1, 'Life Stone');

INSERT INTO `ace_object_properties_did` (`aceObjectId`, `didPropertyId`, `propertyValue`)
VALUES (1984778298, 8, 100668245)
     , (1984778298, 1, 33555182)
     , (1984778298, 3, 536870932)
     , (1984778298, 2, 150994982);

INSERT INTO `ace_object_properties_int` (`aceObjectId`, `intPropertyId`, `propertyValue`)
VALUES (1984778298, 1, 268435456)
     , (1984778298, 95, 1)
     , (1984778298, 133, 4)
     , (1984778298, 16, 32)
     , (1984778298, 93, 1040);

INSERT INTO `ace_object_properties_double` (`aceObjectId`, `dblPropertyId`, `propertyValue`)
VALUES (1984778298, 54, 2);

INSERT INTO `ace_object_properties_bool` (`aceObjectId`, `boolPropertyId`, `propertyValue`)
VALUES (1984778298, 11, True)
     , (1984778298, 14, True);

INSERT INTO `ace_object` (`aceObjectId`, `aceObjectDescriptionFlags`, `weenieClassId`, `weenieHeaderFlags`, `currentMotionState`, `physicsDescriptionFlag`)
VALUES (2090389505, 9437232, 509, 16404, 'AAA9AAAAAAA=', 100355);

INSERT INTO `ace_position` (`aceObjectId`, `positionType`, `landblockRaw`, `posX`, `posY`, `posZ`, `qW`, `qX`, `qY`, `qZ`)
VALUES (2090389505, 1, 3381461036, 134.193, 92.2762, 22, -0.7706059, 0, 0, -0.6373119);

INSERT INTO `ace_object_properties_string` (`aceObjectId`, `strPropertyId`, `propertyValue`)
VALUES (2090389505, 1, 'Life Stone');

INSERT INTO `ace_object_properties_did` (`aceObjectId`, `didPropertyId`, `propertyValue`)
VALUES (2090389505, 8, 100668245)
     , (2090389505, 1, 33555182)
     , (2090389505, 3, 536870932)
     , (2090389505, 2, 150994982);

INSERT INTO `ace_object_properties_int` (`aceObjectId`, `intPropertyId`, `propertyValue`)
VALUES (2090389505, 1, 268435456)
     , (2090389505, 95, 1)
     , (2090389505, 133, 4)
     , (2090389505, 16, 32)
     , (2090389505, 93, 1040);

INSERT INTO `ace_object_properties_double` (`aceObjectId`, `dblPropertyId`, `propertyValue`)
VALUES (2090389505, 54, 2);

INSERT INTO `ace_object_properties_bool` (`aceObjectId`, `boolPropertyId`, `propertyValue`)
VALUES (2090389505, 11, True)
     , (2090389505, 14, True);

INSERT INTO `ace_object` (`aceObjectId`, `aceObjectDescriptionFlags`, `weenieClassId`, `weenieHeaderFlags`, `currentMotionState`, `physicsDescriptionFlag`)
VALUES (2096713728, 9437232, 509, 16404, 'AAA9AAAAAAA=', 100355);

INSERT INTO `ace_position` (`aceObjectId`, `positionType`, `landblockRaw`, `posX`, `posY`, `posZ`, `qW`, `qX`, `qY`, `qZ`)
VALUES (2096713728, 1, 3482648630, 146.905, 134.13, 20, -0.9903731, 0, 0, 0.138424);

INSERT INTO `ace_object_properties_string` (`aceObjectId`, `strPropertyId`, `propertyValue`)
VALUES (2096713728, 1, 'Life Stone');

INSERT INTO `ace_object_properties_did` (`aceObjectId`, `didPropertyId`, `propertyValue`)
VALUES (2096713728, 8, 100668245)
     , (2096713728, 1, 33555182)
     , (2096713728, 3, 536870932)
     , (2096713728, 2, 150994982);

INSERT INTO `ace_object_properties_int` (`aceObjectId`, `intPropertyId`, `propertyValue`)
VALUES (2096713728, 1, 268435456)
     , (2096713728, 95, 1)
     , (2096713728, 133, 4)
     , (2096713728, 16, 32)
     , (2096713728, 93, 1040);

INSERT INTO `ace_object_properties_double` (`aceObjectId`, `dblPropertyId`, `propertyValue`)
VALUES (2096713728, 54, 2);

INSERT INTO `ace_object_properties_bool` (`aceObjectId`, `boolPropertyId`, `propertyValue`)
VALUES (2096713728, 11, True)
     , (2096713728, 14, True);

INSERT INTO `ace_object` (`aceObjectId`, `aceObjectDescriptionFlags`, `weenieClassId`, `weenieHeaderFlags`, `currentMotionState`, `physicsDescriptionFlag`)
VALUES (1975107595, 9437232, 509, 16404, 'AAA9AAAAAAA=', 100355);

INSERT INTO `ace_position` (`aceObjectId`, `positionType`, `landblockRaw`, `posX`, `posY`, `posZ`, `qW`, `qX`, `qY`, `qZ`)
VALUES (1975107595, 1, 1536950311, 119.04, 151.61, 14, 0.9971694, 0, 0, -0.07518832);

INSERT INTO `ace_object_properties_string` (`aceObjectId`, `strPropertyId`, `propertyValue`)
VALUES (1975107595, 1, 'Life Stone');

INSERT INTO `ace_object_properties_did` (`aceObjectId`, `didPropertyId`, `propertyValue`)
VALUES (1975107595, 8, 100668245)
     , (1975107595, 1, 33555182)
     , (1975107595, 3, 536870932)
     , (1975107595, 2, 150994982);

INSERT INTO `ace_object_properties_int` (`aceObjectId`, `intPropertyId`, `propertyValue`)
VALUES (1975107595, 1, 268435456)
     , (1975107595, 95, 1)
     , (1975107595, 133, 4)
     , (1975107595, 16, 32)
     , (1975107595, 93, 1040);

INSERT INTO `ace_object_properties_double` (`aceObjectId`, `dblPropertyId`, `propertyValue`)
VALUES (1975107595, 54, 2);

INSERT INTO `ace_object_properties_bool` (`aceObjectId`, `boolPropertyId`, `propertyValue`)
VALUES (1975107595, 11, True)
     , (1975107595, 14, True);

INSERT INTO `ace_object` (`aceObjectId`, `aceObjectDescriptionFlags`, `weenieClassId`, `weenieHeaderFlags`, `currentMotionState`, `physicsDescriptionFlag`)
VALUES (1916641280, 9437232, 509, 16404, 'AAA9AAAAAAA=', 100355);

INSERT INTO `ace_position` (`aceObjectId`, `positionType`, `landblockRaw`, `posX`, `posY`, `posZ`, `qW`, `qX`, `qY`, `qZ`)
VALUES (1916641280, 1, 601489452, 135.975, 81.4763, 2, 0.1496069, 0, 0, 0.9887456);

INSERT INTO `ace_object_properties_string` (`aceObjectId`, `strPropertyId`, `propertyValue`)
VALUES (1916641280, 1, 'Life Stone');

INSERT INTO `ace_object_properties_did` (`aceObjectId`, `didPropertyId`, `propertyValue`)
VALUES (1916641280, 8, 100668245)
     , (1916641280, 1, 33555182)
     , (1916641280, 3, 536870932)
     , (1916641280, 2, 150994982);

INSERT INTO `ace_object_properties_int` (`aceObjectId`, `intPropertyId`, `propertyValue`)
VALUES (1916641280, 1, 268435456)
     , (1916641280, 95, 1)
     , (1916641280, 133, 4)
     , (1916641280, 16, 32)
     , (1916641280, 93, 1040);

INSERT INTO `ace_object_properties_double` (`aceObjectId`, `dblPropertyId`, `propertyValue`)
VALUES (1916641280, 54, 2);

INSERT INTO `ace_object_properties_bool` (`aceObjectId`, `boolPropertyId`, `propertyValue`)
VALUES (1916641280, 11, True)
     , (1916641280, 14, True);

INSERT INTO `ace_object` (`aceObjectId`, `aceObjectDescriptionFlags`, `weenieClassId`, `weenieHeaderFlags`, `currentMotionState`, `physicsDescriptionFlag`)
VALUES (1896042496, 9437232, 509, 16404, 'AAA9AAAAAAA=', 100355);

INSERT INTO `ace_position` (`aceObjectId`, `positionType`, `landblockRaw`, `posX`, `posY`, `posZ`, `qW`, `qX`, `qY`, `qZ`)
VALUES (1896042496, 1, 271908926, 186.487, 129.966, 72, -0.3088641, 0, 0, 0.9511062);

INSERT INTO `ace_object_properties_string` (`aceObjectId`, `strPropertyId`, `propertyValue`)
VALUES (1896042496, 1, 'Life Stone');

INSERT INTO `ace_object_properties_did` (`aceObjectId`, `didPropertyId`, `propertyValue`)
VALUES (1896042496, 8, 100668245)
     , (1896042496, 1, 33555182)
     , (1896042496, 3, 536870932)
     , (1896042496, 2, 150994982);

INSERT INTO `ace_object_properties_int` (`aceObjectId`, `intPropertyId`, `propertyValue`)
VALUES (1896042496, 1, 268435456)
     , (1896042496, 95, 1)
     , (1896042496, 133, 4)
     , (1896042496, 16, 32)
     , (1896042496, 93, 1040);

INSERT INTO `ace_object_properties_double` (`aceObjectId`, `dblPropertyId`, `propertyValue`)
VALUES (1896042496, 54, 2);

INSERT INTO `ace_object_properties_bool` (`aceObjectId`, `boolPropertyId`, `propertyValue`)
VALUES (1896042496, 11, True)
     , (1896042496, 14, True);

INSERT INTO `ace_object` (`aceObjectId`, `aceObjectDescriptionFlags`, `weenieClassId`, `weenieHeaderFlags`, `currentMotionState`, `physicsDescriptionFlag`)
VALUES (1882009601, 9437232, 509, 16404, 'AAA9AAAAAAA=', 100355);

INSERT INTO `ace_position` (`aceObjectId`, `positionType`, `landblockRaw`, `posX`, `posY`, `posZ`, `qW`, `qX`, `qY`, `qZ`)
VALUES (1882009601, 1, 47382794, 21.5664, -40.9855, 0, -4.37114E-08, 0, 0, -1);

INSERT INTO `ace_object_properties_string` (`aceObjectId`, `strPropertyId`, `propertyValue`)
VALUES (1882009601, 1, 'Life Stone');

INSERT INTO `ace_object_properties_did` (`aceObjectId`, `didPropertyId`, `propertyValue`)
VALUES (1882009601, 8, 100668245)
     , (1882009601, 1, 33555182)
     , (1882009601, 3, 536870932)
     , (1882009601, 2, 150994982);

INSERT INTO `ace_object_properties_int` (`aceObjectId`, `intPropertyId`, `propertyValue`)
VALUES (1882009601, 1, 268435456)
     , (1882009601, 95, 1)
     , (1882009601, 133, 4)
     , (1882009601, 16, 32)
     , (1882009601, 93, 1040);

INSERT INTO `ace_object_properties_double` (`aceObjectId`, `dblPropertyId`, `propertyValue`)
VALUES (1882009601, 54, 2);

INSERT INTO `ace_object_properties_bool` (`aceObjectId`, `boolPropertyId`, `propertyValue`)
VALUES (1882009601, 11, True)
     , (1882009601, 14, True);

INSERT INTO `ace_object` (`aceObjectId`, `aceObjectDescriptionFlags`, `weenieClassId`, `weenieHeaderFlags`, `currentMotionState`, `physicsDescriptionFlag`)
VALUES (1880801289, 9437232, 509, 16404, 'AAA9AAAAAAA=', 100355);

INSERT INTO `ace_position` (`aceObjectId`, `positionType`, `landblockRaw`, `posX`, `posY`, `posZ`, `qW`, `qX`, `qY`, `qZ`)
VALUES (1880801289, 1, 28049695, 40, -20, 0, -4.37114E-08, 0, 0, -1);

INSERT INTO `ace_object_properties_string` (`aceObjectId`, `strPropertyId`, `propertyValue`)
VALUES (1880801289, 1, 'Life Stone');

INSERT INTO `ace_object_properties_did` (`aceObjectId`, `didPropertyId`, `propertyValue`)
VALUES (1880801289, 8, 100668245)
     , (1880801289, 1, 33555182)
     , (1880801289, 3, 536870932)
     , (1880801289, 2, 150994982);

INSERT INTO `ace_object_properties_int` (`aceObjectId`, `intPropertyId`, `propertyValue`)
VALUES (1880801289, 1, 268435456)
     , (1880801289, 95, 1)
     , (1880801289, 133, 4)
     , (1880801289, 16, 32)
     , (1880801289, 93, 1040);

INSERT INTO `ace_object_properties_double` (`aceObjectId`, `dblPropertyId`, `propertyValue`)
VALUES (1880801289, 54, 2);

INSERT INTO `ace_object_properties_bool` (`aceObjectId`, `boolPropertyId`, `propertyValue`)
VALUES (1880801289, 11, True)
     , (1880801289, 14, True);

INSERT INTO `ace_object` (`aceObjectId`, `aceObjectDescriptionFlags`, `weenieClassId`, `weenieHeaderFlags`, `currentMotionState`, `physicsDescriptionFlag`)
VALUES (1944932361, 9437232, 509, 16404, 'AAA9AAAAAAA=', 100355);

INSERT INTO `ace_position` (`aceObjectId`, `positionType`, `landblockRaw`, `posX`, `posY`, `posZ`, `qW`, `qX`, `qY`, `qZ`)
VALUES (1944932361, 1, 1054146615, 151.496, 158.072, 0, -1, 0, 0, 0.000175099);

INSERT INTO `ace_object_properties_string` (`aceObjectId`, `strPropertyId`, `propertyValue`)
VALUES (1944932361, 1, 'Life Stone');

INSERT INTO `ace_object_properties_did` (`aceObjectId`, `didPropertyId`, `propertyValue`)
VALUES (1944932361, 8, 100668245)
     , (1944932361, 1, 33555182)
     , (1944932361, 3, 536870932)
     , (1944932361, 2, 150994982);

INSERT INTO `ace_object_properties_int` (`aceObjectId`, `intPropertyId`, `propertyValue`)
VALUES (1944932361, 1, 268435456)
     , (1944932361, 95, 1)
     , (1944932361, 133, 4)
     , (1944932361, 16, 32)
     , (1944932361, 93, 1040);

INSERT INTO `ace_object_properties_double` (`aceObjectId`, `dblPropertyId`, `propertyValue`)
VALUES (1944932361, 54, 2);

INSERT INTO `ace_object_properties_bool` (`aceObjectId`, `boolPropertyId`, `propertyValue`)
VALUES (1944932361, 11, True)
     , (1944932361, 14, True);

INSERT INTO `ace_object` (`aceObjectId`, `aceObjectDescriptionFlags`, `weenieClassId`, `weenieHeaderFlags`, `currentMotionState`, `physicsDescriptionFlag`)
VALUES (1879805968, 8388624, 37165, 20, 'AAA9AAAAAAA=', 100355);

INSERT INTO `ace_position` (`aceObjectId`, `positionType`, `landblockRaw`, `posX`, `posY`, `posZ`, `qW`, `qX`, `qY`, `qZ`)
VALUES (1879805968, 1, 12124442, 102.212, -139.965, -24, -0.3826841, 0, 0, -0.9238793);

INSERT INTO `ace_object_properties_string` (`aceObjectId`, `strPropertyId`, `propertyValue`)
VALUES (1879805968, 1, 'Mana Foci');

INSERT INTO `ace_object_properties_did` (`aceObjectId`, `didPropertyId`, `propertyValue`)
VALUES (1879805968, 8, 100668245)
     , (1879805968, 1, 33558189)
     , (1879805968, 3, 536870932)
     , (1879805968, 2, 150995232);

INSERT INTO `ace_object_properties_int` (`aceObjectId`, `intPropertyId`, `propertyValue`)
VALUES (1879805968, 1, 268435456)
     , (1879805968, 133, 1)
     , (1879805968, 16, 1)
     , (1879805968, 93, 1040);

INSERT INTO `ace_object_properties_bool` (`aceObjectId`, `boolPropertyId`, `propertyValue`)
VALUES (1879805968, 11, True)
     , (1879805968, 14, True);

INSERT INTO `ace_object` (`aceObjectId`, `aceObjectDescriptionFlags`, `weenieClassId`, `weenieHeaderFlags`, `currentMotionState`, `physicsDescriptionFlag`)
VALUES (1879805970, 8388624, 37165, 20, 'AAA9AAAAAAA=', 100355);

INSERT INTO `ace_position` (`aceObjectId`, `positionType`, `landblockRaw`, `posX`, `posY`, `posZ`, `qW`, `qX`, `qY`, `qZ`)
VALUES (1879805970, 1, 12124450, 117.76, -139.991, -24, 0.3826829, 0, 0, -0.9238797);

INSERT INTO `ace_object_properties_string` (`aceObjectId`, `strPropertyId`, `propertyValue`)
VALUES (1879805970, 1, 'Mana Foci');

INSERT INTO `ace_object_properties_did` (`aceObjectId`, `didPropertyId`, `propertyValue`)
VALUES (1879805970, 8, 100668245)
     , (1879805970, 1, 33558189)
     , (1879805970, 3, 536870932)
     , (1879805970, 2, 150995232);

INSERT INTO `ace_object_properties_int` (`aceObjectId`, `intPropertyId`, `propertyValue`)
VALUES (1879805970, 1, 268435456)
     , (1879805970, 133, 1)
     , (1879805970, 16, 1)
     , (1879805970, 93, 1040);

INSERT INTO `ace_object_properties_bool` (`aceObjectId`, `boolPropertyId`, `propertyValue`)
VALUES (1879805970, 11, True)
     , (1879805970, 14, True);

INSERT INTO `ace_object` (`aceObjectId`, `aceObjectDescriptionFlags`, `weenieClassId`, `weenieHeaderFlags`, `currentMotionState`, `physicsDescriptionFlag`)
VALUES (3692698002, 8388624, 38054, 20, NULL, 34817);

INSERT INTO `ace_position` (`aceObjectId`, `positionType`, `landblockRaw`, `posX`, `posY`, `posZ`, `qW`, `qX`, `qY`, `qZ`)
VALUES (3692698002, 1, 2315452963, 229.2103, -358.9973, 0, -0.9238795, 0, 0, -0.3826835);

INSERT INTO `ace_object_properties_string` (`aceObjectId`, `strPropertyId`, `propertyValue`)
VALUES (3692698002, 1, 'Eldrytch Web Banner');

INSERT INTO `ace_object_properties_did` (`aceObjectId`, `didPropertyId`, `propertyValue`)
VALUES (3692698002, 8, 100689889)
     , (3692698002, 1, 33560563)
     , (3692698002, 3, 536870932);

INSERT INTO `ace_object_properties_int` (`aceObjectId`, `intPropertyId`, `propertyValue`)
VALUES (3692698002, 1, 268435456)
     , (3692698002, 133, 1)
     , (3692698002, 16, 1)
     , (3692698002, 93, 1040);

INSERT INTO `ace_object_properties_bool` (`aceObjectId`, `boolPropertyId`, `propertyValue`)
VALUES (3692698002, 11, True)
     , (3692698002, 14, True);

INSERT INTO `ace_object` (`aceObjectId`, `aceObjectDescriptionFlags`, `weenieClassId`, `weenieHeaderFlags`, `currentMotionState`, `physicsDescriptionFlag`)
VALUES (3693483152, 8388624, 38054, 20, NULL, 34817);

INSERT INTO `ace_position` (`aceObjectId`, `positionType`, `landblockRaw`, `posX`, `posY`, `posZ`, `qW`, `qX`, `qY`, `qZ`)
VALUES (3693483152, 1, 2315452920, 211.1191, -359.3298, 0, 0.9238795, 0, 0, -0.3826835);

INSERT INTO `ace_object_properties_string` (`aceObjectId`, `strPropertyId`, `propertyValue`)
VALUES (3693483152, 1, 'Eldrytch Web Banner');

INSERT INTO `ace_object_properties_did` (`aceObjectId`, `didPropertyId`, `propertyValue`)
VALUES (3693483152, 8, 100689889)
     , (3693483152, 1, 33560563)
     , (3693483152, 3, 536870932);

INSERT INTO `ace_object_properties_int` (`aceObjectId`, `intPropertyId`, `propertyValue`)
VALUES (3693483152, 1, 268435456)
     , (3693483152, 133, 1)
     , (3693483152, 16, 1)
     , (3693483152, 93, 1040);

INSERT INTO `ace_object_properties_bool` (`aceObjectId`, `boolPropertyId`, `propertyValue`)
VALUES (3693483152, 11, True)
     , (3693483152, 14, True);

INSERT INTO `ace_object` (`aceObjectId`, `aceObjectDescriptionFlags`, `weenieClassId`, `weenieHeaderFlags`, `currentMotionState`, `physicsDescriptionFlag`)
VALUES (2056994895, 9437232, 509, 16404, 'AAA9AAAAAAA=', 100355);

INSERT INTO `ace_position` (`aceObjectId`, `positionType`, `landblockRaw`, `posX`, `posY`, `posZ`, `qW`, `qX`, `qY`, `qZ`)
VALUES (2056994895, 1, 2847146009, 81.3304, 11.7974, 94, 0.839091, 0, 0, -0.543991);

INSERT INTO `ace_object_properties_string` (`aceObjectId`, `strPropertyId`, `propertyValue`)
VALUES (2056994895, 1, 'Life Stone');

INSERT INTO `ace_object_properties_did` (`aceObjectId`, `didPropertyId`, `propertyValue`)
VALUES (2056994895, 8, 100668245)
     , (2056994895, 1, 33555182)
     , (2056994895, 3, 536870932)
     , (2056994895, 2, 150994982);

INSERT INTO `ace_object_properties_int` (`aceObjectId`, `intPropertyId`, `propertyValue`)
VALUES (2056994895, 1, 268435456)
     , (2056994895, 95, 1)
     , (2056994895, 133, 4)
     , (2056994895, 16, 32)
     , (2056994895, 93, 1040);

INSERT INTO `ace_object_properties_double` (`aceObjectId`, `dblPropertyId`, `propertyValue`)
VALUES (2056994895, 54, 2);

INSERT INTO `ace_object_properties_bool` (`aceObjectId`, `boolPropertyId`, `propertyValue`)
VALUES (2056994895, 11, True)
     , (2056994895, 14, True);

INSERT INTO `ace_object` (`aceObjectId`, `aceObjectDescriptionFlags`, `weenieClassId`, `weenieHeaderFlags`, `currentMotionState`, `physicsDescriptionFlag`)
VALUES (2119491593, 9437232, 509, 16404, 'AAA9AAAAAAA=', 100355);

INSERT INTO `ace_position` (`aceObjectId`, `positionType`, `landblockRaw`, `posX`, `posY`, `posZ`, `qW`, `qX`, `qY`, `qZ`)
VALUES (2119491593, 1, 3847094301, 83.9762, 108.323, 12, 0.03399939, 0, 0, -0.9994218);

INSERT INTO `ace_object_properties_string` (`aceObjectId`, `strPropertyId`, `propertyValue`)
VALUES (2119491593, 1, 'Life Stone');

INSERT INTO `ace_object_properties_did` (`aceObjectId`, `didPropertyId`, `propertyValue`)
VALUES (2119491593, 8, 100668245)
     , (2119491593, 1, 33555182)
     , (2119491593, 3, 536870932)
     , (2119491593, 2, 150994982);

INSERT INTO `ace_object_properties_int` (`aceObjectId`, `intPropertyId`, `propertyValue`)
VALUES (2119491593, 1, 268435456)
     , (2119491593, 95, 1)
     , (2119491593, 133, 4)
     , (2119491593, 16, 32)
     , (2119491593, 93, 1040);

INSERT INTO `ace_object_properties_double` (`aceObjectId`, `dblPropertyId`, `propertyValue`)
VALUES (2119491593, 54, 2);

INSERT INTO `ace_object_properties_bool` (`aceObjectId`, `boolPropertyId`, `propertyValue`)
VALUES (2119491593, 11, True)
     , (2119491593, 14, True);

INSERT INTO `ace_object` (`aceObjectId`, `aceObjectDescriptionFlags`, `weenieClassId`, `weenieHeaderFlags`, `currentMotionState`, `physicsDescriptionFlag`)
VALUES (2121588905, 9437232, 509, 16404, 'AAA9AAAAAAA=', 100355);

INSERT INTO `ace_position` (`aceObjectId`, `positionType`, `landblockRaw`, `posX`, `posY`, `posZ`, `qW`, `qX`, `qY`, `qZ`)
VALUES (2121588905, 1, 3880648726, 68.3347, 123.928, 32, 0.2953041, 0, 0, -0.9554033);

INSERT INTO `ace_object_properties_string` (`aceObjectId`, `strPropertyId`, `propertyValue`)
VALUES (2121588905, 1, 'Life Stone');

INSERT INTO `ace_object_properties_did` (`aceObjectId`, `didPropertyId`, `propertyValue`)
VALUES (2121588905, 8, 100668245)
     , (2121588905, 1, 33555182)
     , (2121588905, 3, 536870932)
     , (2121588905, 2, 150994982);

INSERT INTO `ace_object_properties_int` (`aceObjectId`, `intPropertyId`, `propertyValue`)
VALUES (2121588905, 1, 268435456)
     , (2121588905, 95, 1)
     , (2121588905, 133, 4)
     , (2121588905, 16, 32)
     , (2121588905, 93, 1040);

INSERT INTO `ace_object_properties_double` (`aceObjectId`, `dblPropertyId`, `propertyValue`)
VALUES (2121588905, 54, 2);

INSERT INTO `ace_object_properties_bool` (`aceObjectId`, `boolPropertyId`, `propertyValue`)
VALUES (2121588905, 11, True)
     , (2121588905, 14, True);

INSERT INTO `ace_object` (`aceObjectId`, `aceObjectDescriptionFlags`, `weenieClassId`, `weenieHeaderFlags`, `currentMotionState`, `physicsDescriptionFlag`)
VALUES (2119442441, 9437232, 509, 16404, 'AAA9AAAAAAA=', 100355);

INSERT INTO `ace_position` (`aceObjectId`, `positionType`, `landblockRaw`, `posX`, `posY`, `posZ`, `qW`, `qX`, `qY`, `qZ`)
VALUES (2119442441, 1, 3846307866, 85.5193, 25.5125, 58, 0.7557901, 0, 0, -0.6548141);

INSERT INTO `ace_object_properties_string` (`aceObjectId`, `strPropertyId`, `propertyValue`)
VALUES (2119442441, 1, 'Life Stone');

INSERT INTO `ace_object_properties_did` (`aceObjectId`, `didPropertyId`, `propertyValue`)
VALUES (2119442441, 8, 100668245)
     , (2119442441, 1, 33555182)
     , (2119442441, 3, 536870932)
     , (2119442441, 2, 150994982);

INSERT INTO `ace_object_properties_int` (`aceObjectId`, `intPropertyId`, `propertyValue`)
VALUES (2119442441, 1, 268435456)
     , (2119442441, 95, 1)
     , (2119442441, 133, 4)
     , (2119442441, 16, 32)
     , (2119442441, 93, 1040);

INSERT INTO `ace_object_properties_double` (`aceObjectId`, `dblPropertyId`, `propertyValue`)
VALUES (2119442441, 54, 2);

INSERT INTO `ace_object_properties_bool` (`aceObjectId`, `boolPropertyId`, `propertyValue`)
VALUES (2119442441, 11, True)
     , (2119442441, 14, True);

INSERT INTO `ace_object` (`aceObjectId`, `aceObjectDescriptionFlags`, `weenieClassId`, `weenieHeaderFlags`, `currentMotionState`, `physicsDescriptionFlag`)
VALUES (2136313860, 9437232, 509, 16404, 'AAA9AAAAAAA=', 100355);

INSERT INTO `ace_position` (`aceObjectId`, `positionType`, `landblockRaw`, `posX`, `posY`, `posZ`, `qW`, `qX`, `qY`, `qZ`)
VALUES (2136313860, 1, 4116250677, 163.24, 101.351, 20, 0.9740156, 0, 0, -0.2264809);

INSERT INTO `ace_object_properties_string` (`aceObjectId`, `strPropertyId`, `propertyValue`)
VALUES (2136313860, 1, 'Life Stone');

INSERT INTO `ace_object_properties_did` (`aceObjectId`, `didPropertyId`, `propertyValue`)
VALUES (2136313860, 8, 100668245)
     , (2136313860, 1, 33555182)
     , (2136313860, 3, 536870932)
     , (2136313860, 2, 150994982);

INSERT INTO `ace_object_properties_int` (`aceObjectId`, `intPropertyId`, `propertyValue`)
VALUES (2136313860, 1, 268435456)
     , (2136313860, 95, 1)
     , (2136313860, 133, 4)
     , (2136313860, 16, 32)
     , (2136313860, 93, 1040);

INSERT INTO `ace_object_properties_double` (`aceObjectId`, `dblPropertyId`, `propertyValue`)
VALUES (2136313860, 54, 2);

INSERT INTO `ace_object_properties_bool` (`aceObjectId`, `boolPropertyId`, `propertyValue`)
VALUES (2136313860, 11, True)
     , (2136313860, 14, True);

INSERT INTO `ace_object` (`aceObjectId`, `aceObjectDescriptionFlags`, `weenieClassId`, `weenieHeaderFlags`, `currentMotionState`, `physicsDescriptionFlag`)
VALUES (2094272604, 9437232, 509, 16404, 'AAA9AAAAAAA=', 100355);

INSERT INTO `ace_position` (`aceObjectId`, `positionType`, `landblockRaw`, `posX`, `posY`, `posZ`, `qW`, `qX`, `qY`, `qZ`)
VALUES (2094272604, 1, 3443589148, 83.5755, 84.0811, 54, 0.430868, 0, 0, 0.902415);

INSERT INTO `ace_object_properties_string` (`aceObjectId`, `strPropertyId`, `propertyValue`)
VALUES (2094272604, 1, 'Life Stone');

INSERT INTO `ace_object_properties_did` (`aceObjectId`, `didPropertyId`, `propertyValue`)
VALUES (2094272604, 8, 100668245)
     , (2094272604, 1, 33555182)
     , (2094272604, 3, 536870932)
     , (2094272604, 2, 150994982);

INSERT INTO `ace_object_properties_int` (`aceObjectId`, `intPropertyId`, `propertyValue`)
VALUES (2094272604, 1, 268435456)
     , (2094272604, 95, 1)
     , (2094272604, 133, 4)
     , (2094272604, 16, 32)
     , (2094272604, 93, 1040);

INSERT INTO `ace_object_properties_double` (`aceObjectId`, `dblPropertyId`, `propertyValue`)
VALUES (2094272604, 54, 2);

INSERT INTO `ace_object_properties_bool` (`aceObjectId`, `boolPropertyId`, `propertyValue`)
VALUES (2094272604, 11, True)
     , (2094272604, 14, True);

INSERT INTO `ace_object` (`aceObjectId`, `aceObjectDescriptionFlags`, `weenieClassId`, `weenieHeaderFlags`, `currentMotionState`, `physicsDescriptionFlag`)
VALUES (2010529856, 9437232, 509, 16404, 'AAA9AAAAAAA=', 100355);

INSERT INTO `ace_position` (`aceObjectId`, `positionType`, `landblockRaw`, `posX`, `posY`, `posZ`, `qW`, `qX`, `qY`, `qZ`)
VALUES (2010529856, 1, 2103705613, 37.7105, 105.788, 12, 0.6609458, 0, 0, -0.7504337);

INSERT INTO `ace_object_properties_string` (`aceObjectId`, `strPropertyId`, `propertyValue`)
VALUES (2010529856, 1, 'Life Stone');

INSERT INTO `ace_object_properties_did` (`aceObjectId`, `didPropertyId`, `propertyValue`)
VALUES (2010529856, 8, 100668245)
     , (2010529856, 1, 33555182)
     , (2010529856, 3, 536870932)
     , (2010529856, 2, 150994982);

INSERT INTO `ace_object_properties_int` (`aceObjectId`, `intPropertyId`, `propertyValue`)
VALUES (2010529856, 1, 268435456)
     , (2010529856, 95, 1)
     , (2010529856, 133, 4)
     , (2010529856, 16, 32)
     , (2010529856, 93, 1040);

INSERT INTO `ace_object_properties_double` (`aceObjectId`, `dblPropertyId`, `propertyValue`)
VALUES (2010529856, 54, 2);

INSERT INTO `ace_object_properties_bool` (`aceObjectId`, `boolPropertyId`, `propertyValue`)
VALUES (2010529856, 11, True)
     , (2010529856, 14, True);

INSERT INTO `ace_object` (`aceObjectId`, `aceObjectDescriptionFlags`, `weenieClassId`, `weenieHeaderFlags`, `currentMotionState`, `physicsDescriptionFlag`)
VALUES (2107879473, 9437232, 509, 16404, 'AAA9AAAAAAA=', 100355);

INSERT INTO `ace_position` (`aceObjectId`, `positionType`, `landblockRaw`, `posX`, `posY`, `posZ`, `qW`, `qX`, `qY`, `qZ`)
VALUES (2107879473, 1, 3661299763, 156.478, 57.1226, 0, -0.9723626, 0, 0, -0.2334759);

INSERT INTO `ace_object_properties_string` (`aceObjectId`, `strPropertyId`, `propertyValue`)
VALUES (2107879473, 1, 'Life Stone');

INSERT INTO `ace_object_properties_did` (`aceObjectId`, `didPropertyId`, `propertyValue`)
VALUES (2107879473, 8, 100668245)
     , (2107879473, 1, 33555182)
     , (2107879473, 3, 536870932)
     , (2107879473, 2, 150994982);

INSERT INTO `ace_object_properties_int` (`aceObjectId`, `intPropertyId`, `propertyValue`)
VALUES (2107879473, 1, 268435456)
     , (2107879473, 95, 1)
     , (2107879473, 133, 4)
     , (2107879473, 16, 32)
     , (2107879473, 93, 1040);

INSERT INTO `ace_object_properties_double` (`aceObjectId`, `dblPropertyId`, `propertyValue`)
VALUES (2107879473, 54, 2);

INSERT INTO `ace_object_properties_bool` (`aceObjectId`, `boolPropertyId`, `propertyValue`)
VALUES (2107879473, 11, True)
     , (2107879473, 14, True);

INSERT INTO `ace_object` (`aceObjectId`, `aceObjectDescriptionFlags`, `weenieClassId`, `weenieHeaderFlags`, `currentMotionState`, `physicsDescriptionFlag`)
VALUES (2076831821, 9437232, 509, 16404, 'AAA9AAAAAAA=', 100355);

INSERT INTO `ace_position` (`aceObjectId`, `positionType`, `landblockRaw`, `posX`, `posY`, `posZ`, `qW`, `qX`, `qY`, `qZ`)
VALUES (2076831821, 1, 3164536884, 147.772, 75.9942, 32, -0.6766171, 0, 0, 0.736335);

INSERT INTO `ace_object_properties_string` (`aceObjectId`, `strPropertyId`, `propertyValue`)
VALUES (2076831821, 1, 'Life Stone');

INSERT INTO `ace_object_properties_did` (`aceObjectId`, `didPropertyId`, `propertyValue`)
VALUES (2076831821, 8, 100668245)
     , (2076831821, 1, 33555182)
     , (2076831821, 3, 536870932)
     , (2076831821, 2, 150994982);

INSERT INTO `ace_object_properties_int` (`aceObjectId`, `intPropertyId`, `propertyValue`)
VALUES (2076831821, 1, 268435456)
     , (2076831821, 95, 1)
     , (2076831821, 133, 4)
     , (2076831821, 16, 32)
     , (2076831821, 93, 1040);

INSERT INTO `ace_object_properties_double` (`aceObjectId`, `dblPropertyId`, `propertyValue`)
VALUES (2076831821, 54, 2);

INSERT INTO `ace_object_properties_bool` (`aceObjectId`, `boolPropertyId`, `propertyValue`)
VALUES (2076831821, 11, True)
     , (2076831821, 14, True);

INSERT INTO `ace_object` (`aceObjectId`, `aceObjectDescriptionFlags`, `weenieClassId`, `weenieHeaderFlags`, `currentMotionState`, `physicsDescriptionFlag`)
VALUES (1903460352, 9437232, 509, 16404, 'AAA9AAAAAAA=', 100355);

INSERT INTO `ace_position` (`aceObjectId`, `positionType`, `landblockRaw`, `posX`, `posY`, `posZ`, `qW`, `qX`, `qY`, `qZ`)
VALUES (1903460352, 1, 390594608, 132.042, 179.916, 16.39862, -0.3765069, 0, 0, -0.9264138);

INSERT INTO `ace_object_properties_string` (`aceObjectId`, `strPropertyId`, `propertyValue`)
VALUES (1903460352, 1, 'Life Stone');

INSERT INTO `ace_object_properties_did` (`aceObjectId`, `didPropertyId`, `propertyValue`)
VALUES (1903460352, 8, 100668245)
     , (1903460352, 1, 33555182)
     , (1903460352, 3, 536870932)
     , (1903460352, 2, 150994982);

INSERT INTO `ace_object_properties_int` (`aceObjectId`, `intPropertyId`, `propertyValue`)
VALUES (1903460352, 1, 268435456)
     , (1903460352, 95, 1)
     , (1903460352, 133, 4)
     , (1903460352, 16, 32)
     , (1903460352, 93, 1040);

INSERT INTO `ace_object_properties_double` (`aceObjectId`, `dblPropertyId`, `propertyValue`)
VALUES (1903460352, 54, 2);

INSERT INTO `ace_object_properties_bool` (`aceObjectId`, `boolPropertyId`, `propertyValue`)
VALUES (1903460352, 11, True)
     , (1903460352, 14, True);

INSERT INTO `ace_object` (`aceObjectId`, `aceObjectDescriptionFlags`, `weenieClassId`, `weenieHeaderFlags`, `currentMotionState`, `physicsDescriptionFlag`)
VALUES (1919860739, 9437232, 509, 16404, 'AAA9AAAAAAA=', 100355);

INSERT INTO `ace_position` (`aceObjectId`, `positionType`, `landblockRaw`, `posX`, `posY`, `posZ`, `qW`, `qX`, `qY`, `qZ`)
VALUES (1919860739, 1, 653000765, 182.994, 108.757, 80, 0.000529433, 0, 0, -0.9999999);

INSERT INTO `ace_object_properties_string` (`aceObjectId`, `strPropertyId`, `propertyValue`)
VALUES (1919860739, 1, 'Life Stone');

INSERT INTO `ace_object_properties_did` (`aceObjectId`, `didPropertyId`, `propertyValue`)
VALUES (1919860739, 8, 100668245)
     , (1919860739, 1, 33555182)
     , (1919860739, 3, 536870932)
     , (1919860739, 2, 150994982);

INSERT INTO `ace_object_properties_int` (`aceObjectId`, `intPropertyId`, `propertyValue`)
VALUES (1919860739, 1, 268435456)
     , (1919860739, 95, 1)
     , (1919860739, 133, 4)
     , (1919860739, 16, 32)
     , (1919860739, 93, 1040);

INSERT INTO `ace_object_properties_double` (`aceObjectId`, `dblPropertyId`, `propertyValue`)
VALUES (1919860739, 54, 2);

INSERT INTO `ace_object_properties_bool` (`aceObjectId`, `boolPropertyId`, `propertyValue`)
VALUES (1919860739, 11, True)
     , (1919860739, 14, True);

INSERT INTO `ace_object` (`aceObjectId`, `aceObjectDescriptionFlags`, `weenieClassId`, `weenieHeaderFlags`, `currentMotionState`, `physicsDescriptionFlag`)
VALUES (2037522502, 9437232, 509, 16404, 'AAA9AAAAAAA=', 100355);

INSERT INTO `ace_position` (`aceObjectId`, `positionType`, `landblockRaw`, `posX`, `posY`, `posZ`, `qW`, `qX`, `qY`, `qZ`)
VALUES (2037522502, 1, 2535587891, 146.035, 65.7887, 102, 0.9390785, 0, 0, -0.3437028);

INSERT INTO `ace_object_properties_string` (`aceObjectId`, `strPropertyId`, `propertyValue`)
VALUES (2037522502, 1, 'Life Stone');

INSERT INTO `ace_object_properties_did` (`aceObjectId`, `didPropertyId`, `propertyValue`)
VALUES (2037522502, 8, 100668245)
     , (2037522502, 1, 33555182)
     , (2037522502, 3, 536870932)
     , (2037522502, 2, 150994982);

INSERT INTO `ace_object_properties_int` (`aceObjectId`, `intPropertyId`, `propertyValue`)
VALUES (2037522502, 1, 268435456)
     , (2037522502, 95, 1)
     , (2037522502, 133, 4)
     , (2037522502, 16, 32)
     , (2037522502, 93, 1040);

INSERT INTO `ace_object_properties_double` (`aceObjectId`, `dblPropertyId`, `propertyValue`)
VALUES (2037522502, 54, 2);

INSERT INTO `ace_object_properties_bool` (`aceObjectId`, `boolPropertyId`, `propertyValue`)
VALUES (2037522502, 11, True)
     , (2037522502, 14, True);

INSERT INTO `ace_object` (`aceObjectId`, `aceObjectDescriptionFlags`, `weenieClassId`, `weenieHeaderFlags`, `currentMotionState`, `physicsDescriptionFlag`)
VALUES (2112163845, 9437232, 509, 16404, 'AAA9AAAAAAA=', 100355);

INSERT INTO `ace_position` (`aceObjectId`, `positionType`, `landblockRaw`, `posX`, `posY`, `posZ`, `qW`, `qX`, `qY`, `qZ`)
VALUES (2112163845, 1, 3729850381, 27.1355, 101.376, 17.29071, -0.3211882, 0, 0, -0.9470154);

INSERT INTO `ace_object_properties_string` (`aceObjectId`, `strPropertyId`, `propertyValue`)
VALUES (2112163845, 1, 'Life Stone');

INSERT INTO `ace_object_properties_did` (`aceObjectId`, `didPropertyId`, `propertyValue`)
VALUES (2112163845, 8, 100668245)
     , (2112163845, 1, 33555182)
     , (2112163845, 3, 536870932)
     , (2112163845, 2, 150994982);

INSERT INTO `ace_object_properties_int` (`aceObjectId`, `intPropertyId`, `propertyValue`)
VALUES (2112163845, 1, 268435456)
     , (2112163845, 95, 1)
     , (2112163845, 133, 4)
     , (2112163845, 16, 32)
     , (2112163845, 93, 1040);

INSERT INTO `ace_object_properties_double` (`aceObjectId`, `dblPropertyId`, `propertyValue`)
VALUES (2112163845, 54, 2);

INSERT INTO `ace_object_properties_bool` (`aceObjectId`, `boolPropertyId`, `propertyValue`)
VALUES (2112163845, 11, True)
     , (2112163845, 14, True);

INSERT INTO `ace_object` (`aceObjectId`, `aceObjectDescriptionFlags`, `weenieClassId`, `weenieHeaderFlags`, `currentMotionState`, `physicsDescriptionFlag`)
VALUES (1985826816, 9437232, 509, 16404, 'AAA9AAAAAAA=', 100355);

INSERT INTO `ace_position` (`aceObjectId`, `positionType`, `landblockRaw`, `posX`, `posY`, `posZ`, `qW`, `qX`, `qY`, `qZ`)
VALUES (1985826816, 1, 1708457993, 25.3557, 3.36543, 73.71954, 0.8021771, 0, 0, -0.5970861);

INSERT INTO `ace_object_properties_string` (`aceObjectId`, `strPropertyId`, `propertyValue`)
VALUES (1985826816, 1, 'Life Stone');

INSERT INTO `ace_object_properties_did` (`aceObjectId`, `didPropertyId`, `propertyValue`)
VALUES (1985826816, 8, 100668245)
     , (1985826816, 1, 33555182)
     , (1985826816, 3, 536870932)
     , (1985826816, 2, 150994982);

INSERT INTO `ace_object_properties_int` (`aceObjectId`, `intPropertyId`, `propertyValue`)
VALUES (1985826816, 1, 268435456)
     , (1985826816, 95, 1)
     , (1985826816, 133, 4)
     , (1985826816, 16, 32)
     , (1985826816, 93, 1040);

INSERT INTO `ace_object_properties_double` (`aceObjectId`, `dblPropertyId`, `propertyValue`)
VALUES (1985826816, 54, 2);

INSERT INTO `ace_object_properties_bool` (`aceObjectId`, `boolPropertyId`, `propertyValue`)
VALUES (1985826816, 11, True)
     , (1985826816, 14, True);

INSERT INTO `ace_object` (`aceObjectId`, `aceObjectDescriptionFlags`, `weenieClassId`, `weenieHeaderFlags`, `currentMotionState`, `physicsDescriptionFlag`)
VALUES (2077036544, 9437232, 509, 16404, 'AAA9AAAAAAA=', 100355);

INSERT INTO `ace_position` (`aceObjectId`, `positionType`, `landblockRaw`, `posX`, `posY`, `posZ`, `qW`, `qX`, `qY`, `qZ`)
VALUES (2077036544, 1, 3167813674, 133.01, 44.2595, 102.3117, 0.104769, 0, 0, -0.9944966);

INSERT INTO `ace_object_properties_string` (`aceObjectId`, `strPropertyId`, `propertyValue`)
VALUES (2077036544, 1, 'Life Stone');

INSERT INTO `ace_object_properties_did` (`aceObjectId`, `didPropertyId`, `propertyValue`)
VALUES (2077036544, 8, 100668245)
     , (2077036544, 1, 33555182)
     , (2077036544, 3, 536870932)
     , (2077036544, 2, 150994982);

INSERT INTO `ace_object_properties_int` (`aceObjectId`, `intPropertyId`, `propertyValue`)
VALUES (2077036544, 1, 268435456)
     , (2077036544, 95, 1)
     , (2077036544, 133, 4)
     , (2077036544, 16, 32)
     , (2077036544, 93, 1040);

INSERT INTO `ace_object_properties_double` (`aceObjectId`, `dblPropertyId`, `propertyValue`)
VALUES (2077036544, 54, 2);

INSERT INTO `ace_object_properties_bool` (`aceObjectId`, `boolPropertyId`, `propertyValue`)
VALUES (2077036544, 11, True)
     , (2077036544, 14, True);

INSERT INTO `ace_object` (`aceObjectId`, `aceObjectDescriptionFlags`, `weenieClassId`, `weenieHeaderFlags`, `currentMotionState`, `physicsDescriptionFlag`)
VALUES (2107986010, 9437232, 509, 16404, 'AAA9AAAAAAA=', 100355);

INSERT INTO `ace_position` (`aceObjectId`, `positionType`, `landblockRaw`, `posX`, `posY`, `posZ`, `qW`, `qX`, `qY`, `qZ`)
VALUES (2107986010, 1, 3663003677, 88.7966, 103.088, 20, 0.5143959, 0, 0, -0.8575528);

INSERT INTO `ace_object_properties_string` (`aceObjectId`, `strPropertyId`, `propertyValue`)
VALUES (2107986010, 1, 'Life Stone');

INSERT INTO `ace_object_properties_did` (`aceObjectId`, `didPropertyId`, `propertyValue`)
VALUES (2107986010, 8, 100668245)
     , (2107986010, 1, 33555182)
     , (2107986010, 3, 536870932)
     , (2107986010, 2, 150994982);

INSERT INTO `ace_object_properties_int` (`aceObjectId`, `intPropertyId`, `propertyValue`)
VALUES (2107986010, 1, 268435456)
     , (2107986010, 95, 1)
     , (2107986010, 133, 4)
     , (2107986010, 16, 32)
     , (2107986010, 93, 1040);

INSERT INTO `ace_object_properties_double` (`aceObjectId`, `dblPropertyId`, `propertyValue`)
VALUES (2107986010, 54, 2);

INSERT INTO `ace_object_properties_bool` (`aceObjectId`, `boolPropertyId`, `propertyValue`)
VALUES (2107986010, 11, True)
     , (2107986010, 14, True);

INSERT INTO `ace_object` (`aceObjectId`, `aceObjectDescriptionFlags`, `weenieClassId`, `weenieHeaderFlags`, `currentMotionState`, `physicsDescriptionFlag`)
VALUES (2036162561, 9437232, 509, 16404, 'AAA9AAAAAAA=', 100355);

INSERT INTO `ace_position` (`aceObjectId`, `positionType`, `landblockRaw`, `posX`, `posY`, `posZ`, `qW`, `qX`, `qY`, `qZ`)
VALUES (2036162561, 1, 2513829925, 98.2192, 99.0071, 100, 0.986775, 0, 0, -0.162096);

INSERT INTO `ace_object_properties_string` (`aceObjectId`, `strPropertyId`, `propertyValue`)
VALUES (2036162561, 1, 'Life Stone');

INSERT INTO `ace_object_properties_did` (`aceObjectId`, `didPropertyId`, `propertyValue`)
VALUES (2036162561, 8, 100668245)
     , (2036162561, 1, 33555182)
     , (2036162561, 3, 536870932)
     , (2036162561, 2, 150994982);

INSERT INTO `ace_object_properties_int` (`aceObjectId`, `intPropertyId`, `propertyValue`)
VALUES (2036162561, 1, 268435456)
     , (2036162561, 95, 1)
     , (2036162561, 133, 4)
     , (2036162561, 16, 32)
     , (2036162561, 93, 1040);

INSERT INTO `ace_object_properties_double` (`aceObjectId`, `dblPropertyId`, `propertyValue`)
VALUES (2036162561, 54, 2);

INSERT INTO `ace_object_properties_bool` (`aceObjectId`, `boolPropertyId`, `propertyValue`)
VALUES (2036162561, 11, True)
     , (2036162561, 14, True);

INSERT INTO `ace_object` (`aceObjectId`, `aceObjectDescriptionFlags`, `weenieClassId`, `weenieHeaderFlags`, `currentMotionState`, `physicsDescriptionFlag`)
VALUES (2013855822, 9437232, 509, 16404, 'AAA9AAAAAAA=', 100355);

INSERT INTO `ace_position` (`aceObjectId`, `positionType`, `landblockRaw`, `posX`, `posY`, `posZ`, `qW`, `qX`, `qY`, `qZ`)
VALUES (2013855822, 1, 2156920838, 16.3444, 140.231, 124, -0.8688976, 0, 0, -0.4949918);

INSERT INTO `ace_object_properties_string` (`aceObjectId`, `strPropertyId`, `propertyValue`)
VALUES (2013855822, 1, 'Life Stone');

INSERT INTO `ace_object_properties_did` (`aceObjectId`, `didPropertyId`, `propertyValue`)
VALUES (2013855822, 8, 100668245)
     , (2013855822, 1, 33555182)
     , (2013855822, 3, 536870932)
     , (2013855822, 2, 150994982);

INSERT INTO `ace_object_properties_int` (`aceObjectId`, `intPropertyId`, `propertyValue`)
VALUES (2013855822, 1, 268435456)
     , (2013855822, 95, 1)
     , (2013855822, 133, 4)
     , (2013855822, 16, 32)
     , (2013855822, 93, 1040);

INSERT INTO `ace_object_properties_double` (`aceObjectId`, `dblPropertyId`, `propertyValue`)
VALUES (2013855822, 54, 2);

INSERT INTO `ace_object_properties_bool` (`aceObjectId`, `boolPropertyId`, `propertyValue`)
VALUES (2013855822, 11, True)
     , (2013855822, 14, True);

INSERT INTO `ace_object` (`aceObjectId`, `aceObjectDescriptionFlags`, `weenieClassId`, `weenieHeaderFlags`, `currentMotionState`, `physicsDescriptionFlag`)
VALUES (2120425499, 9437232, 509, 16404, 'AAA9AAAAAAA=', 100355);

INSERT INTO `ace_position` (`aceObjectId`, `positionType`, `landblockRaw`, `posX`, `posY`, `posZ`, `qW`, `qX`, `qY`, `qZ`)
VALUES (2120425499, 1, 3862036497, 59.4909, 11.2163, 28, -0.9808412, 0, 0, -0.194809);

INSERT INTO `ace_object_properties_string` (`aceObjectId`, `strPropertyId`, `propertyValue`)
VALUES (2120425499, 1, 'Life Stone');

INSERT INTO `ace_object_properties_did` (`aceObjectId`, `didPropertyId`, `propertyValue`)
VALUES (2120425499, 8, 100668245)
     , (2120425499, 1, 33555182)
     , (2120425499, 3, 536870932)
     , (2120425499, 2, 150994982);

INSERT INTO `ace_object_properties_int` (`aceObjectId`, `intPropertyId`, `propertyValue`)
VALUES (2120425499, 1, 268435456)
     , (2120425499, 95, 1)
     , (2120425499, 133, 4)
     , (2120425499, 16, 32)
     , (2120425499, 93, 1040);

INSERT INTO `ace_object_properties_double` (`aceObjectId`, `dblPropertyId`, `propertyValue`)
VALUES (2120425499, 54, 2);

INSERT INTO `ace_object_properties_bool` (`aceObjectId`, `boolPropertyId`, `propertyValue`)
VALUES (2120425499, 11, True)
     , (2120425499, 14, True);

INSERT INTO `ace_object` (`aceObjectId`, `aceObjectDescriptionFlags`, `weenieClassId`, `weenieHeaderFlags`, `currentMotionState`, `physicsDescriptionFlag`)
VALUES (2117279744, 9437232, 509, 16404, 'AAA9AAAAAAA=', 100355);

INSERT INTO `ace_position` (`aceObjectId`, `positionType`, `landblockRaw`, `posX`, `posY`, `posZ`, `qW`, `qX`, `qY`, `qZ`)
VALUES (2117279744, 1, 3811704861, 93.4678, 115.326, 86, 0.9300634, 0, 0, 0.3673992);

INSERT INTO `ace_object_properties_string` (`aceObjectId`, `strPropertyId`, `propertyValue`)
VALUES (2117279744, 1, 'Life Stone');

INSERT INTO `ace_object_properties_did` (`aceObjectId`, `didPropertyId`, `propertyValue`)
VALUES (2117279744, 8, 100668245)
     , (2117279744, 1, 33555182)
     , (2117279744, 3, 536870932)
     , (2117279744, 2, 150994982);

INSERT INTO `ace_object_properties_int` (`aceObjectId`, `intPropertyId`, `propertyValue`)
VALUES (2117279744, 1, 268435456)
     , (2117279744, 95, 1)
     , (2117279744, 133, 4)
     , (2117279744, 16, 32)
     , (2117279744, 93, 1040);

INSERT INTO `ace_object_properties_double` (`aceObjectId`, `dblPropertyId`, `propertyValue`)
VALUES (2117279744, 54, 2);

INSERT INTO `ace_object_properties_bool` (`aceObjectId`, `boolPropertyId`, `propertyValue`)
VALUES (2117279744, 11, True)
     , (2117279744, 14, True);

INSERT INTO `ace_object` (`aceObjectId`, `aceObjectDescriptionFlags`, `weenieClassId`, `weenieHeaderFlags`, `currentMotionState`, `physicsDescriptionFlag`)
VALUES (2123677696, 9437232, 509, 16404, 'AAA9AAAAAAA=', 100355);

INSERT INTO `ace_position` (`aceObjectId`, `positionType`, `landblockRaw`, `posX`, `posY`, `posZ`, `qW`, `qX`, `qY`, `qZ`)
VALUES (2123677696, 1, 3914072101, 108.252, 98.0178, 32, 0.8126004, 0, 0, -0.5828212);

INSERT INTO `ace_object_properties_string` (`aceObjectId`, `strPropertyId`, `propertyValue`)
VALUES (2123677696, 1, 'Life Stone');

INSERT INTO `ace_object_properties_did` (`aceObjectId`, `didPropertyId`, `propertyValue`)
VALUES (2123677696, 8, 100668245)
     , (2123677696, 1, 33555182)
     , (2123677696, 3, 536870932)
     , (2123677696, 2, 150994982);

INSERT INTO `ace_object_properties_int` (`aceObjectId`, `intPropertyId`, `propertyValue`)
VALUES (2123677696, 1, 268435456)
     , (2123677696, 95, 1)
     , (2123677696, 133, 4)
     , (2123677696, 16, 32)
     , (2123677696, 93, 1040);

INSERT INTO `ace_object_properties_double` (`aceObjectId`, `dblPropertyId`, `propertyValue`)
VALUES (2123677696, 54, 2);

INSERT INTO `ace_object_properties_bool` (`aceObjectId`, `boolPropertyId`, `propertyValue`)
VALUES (2123677696, 11, True)
     , (2123677696, 14, True);

INSERT INTO `ace_object` (`aceObjectId`, `aceObjectDescriptionFlags`, `weenieClassId`, `weenieHeaderFlags`, `currentMotionState`, `physicsDescriptionFlag`)
VALUES (2030403634, 9437232, 509, 16404, 'AAA9AAAAAAA=', 100355);

INSERT INTO `ace_position` (`aceObjectId`, `positionType`, `landblockRaw`, `posX`, `posY`, `posZ`, `qW`, `qX`, `qY`, `qZ`)
VALUES (2030403634, 1, 2421686299, 78.466, 56.2945, -0.1, 0.07628133, 0, 0, -0.9970863);

INSERT INTO `ace_object_properties_string` (`aceObjectId`, `strPropertyId`, `propertyValue`)
VALUES (2030403634, 1, 'Life Stone');

INSERT INTO `ace_object_properties_did` (`aceObjectId`, `didPropertyId`, `propertyValue`)
VALUES (2030403634, 8, 100668245)
     , (2030403634, 1, 33555182)
     , (2030403634, 3, 536870932)
     , (2030403634, 2, 150994982);

INSERT INTO `ace_object_properties_int` (`aceObjectId`, `intPropertyId`, `propertyValue`)
VALUES (2030403634, 1, 268435456)
     , (2030403634, 95, 1)
     , (2030403634, 133, 4)
     , (2030403634, 16, 32)
     , (2030403634, 93, 1040);

INSERT INTO `ace_object_properties_double` (`aceObjectId`, `dblPropertyId`, `propertyValue`)
VALUES (2030403634, 54, 2);

INSERT INTO `ace_object_properties_bool` (`aceObjectId`, `boolPropertyId`, `propertyValue`)
VALUES (2030403634, 11, True)
     , (2030403634, 14, True);

INSERT INTO `ace_object` (`aceObjectId`, `aceObjectDescriptionFlags`, `weenieClassId`, `weenieHeaderFlags`, `currentMotionState`, `physicsDescriptionFlag`)
VALUES (2019065905, 9437232, 509, 16404, 'AAA9AAAAAAA=', 100355);

INSERT INTO `ace_position` (`aceObjectId`, `positionType`, `landblockRaw`, `posX`, `posY`, `posZ`, `qW`, `qX`, `qY`, `qZ`)
VALUES (2019065905, 1, 2240282645, 64.6986, 104.385, 86, 0.9431527, 0, 0, 0.3323599);

INSERT INTO `ace_object_properties_string` (`aceObjectId`, `strPropertyId`, `propertyValue`)
VALUES (2019065905, 1, 'Life Stone');

INSERT INTO `ace_object_properties_did` (`aceObjectId`, `didPropertyId`, `propertyValue`)
VALUES (2019065905, 8, 100668245)
     , (2019065905, 1, 33555182)
     , (2019065905, 3, 536870932)
     , (2019065905, 2, 150994982);

INSERT INTO `ace_object_properties_int` (`aceObjectId`, `intPropertyId`, `propertyValue`)
VALUES (2019065905, 1, 268435456)
     , (2019065905, 95, 1)
     , (2019065905, 133, 4)
     , (2019065905, 16, 32)
     , (2019065905, 93, 1040);

INSERT INTO `ace_object_properties_double` (`aceObjectId`, `dblPropertyId`, `propertyValue`)
VALUES (2019065905, 54, 2);

INSERT INTO `ace_object_properties_bool` (`aceObjectId`, `boolPropertyId`, `propertyValue`)
VALUES (2019065905, 11, True)
     , (2019065905, 14, True);

INSERT INTO `ace_object` (`aceObjectId`, `aceObjectDescriptionFlags`, `weenieClassId`, `weenieHeaderFlags`, `currentMotionState`, `physicsDescriptionFlag`)
VALUES (2049040396, 9437232, 27096, 16404, 'AAA9AAAAAAA=', 100355);

INSERT INTO `ace_position` (`aceObjectId`, `positionType`, `landblockRaw`, `posX`, `posY`, `posZ`, `qW`, `qX`, `qY`, `qZ`)
VALUES (2049040396, 1, 2719875481, 136.06, 136.225, 577, -0.558915, 0, 0, -0.829225);

INSERT INTO `ace_object_properties_string` (`aceObjectId`, `strPropertyId`, `propertyValue`)
VALUES (2049040396, 1, 'Lugian Lifestone');

INSERT INTO `ace_object_properties_did` (`aceObjectId`, `didPropertyId`, `propertyValue`)
VALUES (2049040396, 8, 100675939)
     , (2049040396, 1, 33558653)
     , (2049040396, 3, 536870932)
     , (2049040396, 2, 150995280);

INSERT INTO `ace_object_properties_int` (`aceObjectId`, `intPropertyId`, `propertyValue`)
VALUES (2049040396, 1, 268435456)
     , (2049040396, 95, 1)
     , (2049040396, 133, 4)
     , (2049040396, 16, 32)
     , (2049040396, 93, 1040);

INSERT INTO `ace_object_properties_double` (`aceObjectId`, `dblPropertyId`, `propertyValue`)
VALUES (2049040396, 54, 2);

INSERT INTO `ace_object_properties_bool` (`aceObjectId`, `boolPropertyId`, `propertyValue`)
VALUES (2049040396, 11, True)
     , (2049040396, 14, True);

INSERT INTO `ace_object` (`aceObjectId`, `aceObjectDescriptionFlags`, `weenieClassId`, `weenieHeaderFlags`, `currentMotionState`, `physicsDescriptionFlag`)
VALUES (1956577280, 9437232, 509, 16404, 'AAA9AAAAAAA=', 100355);

INSERT INTO `ace_position` (`aceObjectId`, `positionType`, `landblockRaw`, `posX`, `posY`, `posZ`, `qW`, `qX`, `qY`, `qZ`)
VALUES (1956577280, 1, 1240465436, 76.9331, 77.1259, 170, -0.7742603, 0, 0, 0.6328673);

INSERT INTO `ace_object_properties_string` (`aceObjectId`, `strPropertyId`, `propertyValue`)
VALUES (1956577280, 1, 'Life Stone');

INSERT INTO `ace_object_properties_did` (`aceObjectId`, `didPropertyId`, `propertyValue`)
VALUES (1956577280, 8, 100668245)
     , (1956577280, 1, 33555182)
     , (1956577280, 3, 536870932)
     , (1956577280, 2, 150994982);

INSERT INTO `ace_object_properties_int` (`aceObjectId`, `intPropertyId`, `propertyValue`)
VALUES (1956577280, 1, 268435456)
     , (1956577280, 95, 1)
     , (1956577280, 133, 4)
     , (1956577280, 16, 32)
     , (1956577280, 93, 1040);

INSERT INTO `ace_object_properties_double` (`aceObjectId`, `dblPropertyId`, `propertyValue`)
VALUES (1956577280, 54, 2);

INSERT INTO `ace_object_properties_bool` (`aceObjectId`, `boolPropertyId`, `propertyValue`)
VALUES (1956577280, 11, True)
     , (1956577280, 14, True);

INSERT INTO `ace_object` (`aceObjectId`, `aceObjectDescriptionFlags`, `weenieClassId`, `weenieHeaderFlags`, `currentMotionState`, `physicsDescriptionFlag`)
VALUES (1914372123, 9437232, 509, 16404, 'AAA9AAAAAAA=', 100355);

INSERT INTO `ace_position` (`aceObjectId`, `positionType`, `landblockRaw`, `posX`, `posY`, `posZ`, `qW`, `qX`, `qY`, `qZ`)
VALUES (1914372123, 1, 565182485, 50.6199, 116.939, 0, -9.71743E-05, 0, 0, 1);

INSERT INTO `ace_object_properties_string` (`aceObjectId`, `strPropertyId`, `propertyValue`)
VALUES (1914372123, 1, 'Life Stone');

INSERT INTO `ace_object_properties_did` (`aceObjectId`, `didPropertyId`, `propertyValue`)
VALUES (1914372123, 8, 100668245)
     , (1914372123, 1, 33555182)
     , (1914372123, 3, 536870932)
     , (1914372123, 2, 150994982);

INSERT INTO `ace_object_properties_int` (`aceObjectId`, `intPropertyId`, `propertyValue`)
VALUES (1914372123, 1, 268435456)
     , (1914372123, 95, 1)
     , (1914372123, 133, 4)
     , (1914372123, 16, 32)
     , (1914372123, 93, 1040);

INSERT INTO `ace_object_properties_double` (`aceObjectId`, `dblPropertyId`, `propertyValue`)
VALUES (1914372123, 54, 2);

INSERT INTO `ace_object_properties_bool` (`aceObjectId`, `boolPropertyId`, `propertyValue`)
VALUES (1914372123, 11, True)
     , (1914372123, 14, True);

INSERT INTO `ace_object` (`aceObjectId`, `aceObjectDescriptionFlags`, `weenieClassId`, `weenieHeaderFlags`, `currentMotionState`, `physicsDescriptionFlag`)
VALUES (2045001757, 9437232, 509, 16404, 'AAA9AAAAAAA=', 100355);

INSERT INTO `ace_position` (`aceObjectId`, `positionType`, `landblockRaw`, `posX`, `posY`, `posZ`, `qW`, `qX`, `qY`, `qZ`)
VALUES (2045001757, 1, 2655256610, 106.12, 34.9864, 34.91553, -0.0590332, 0, 0, -0.998256);

INSERT INTO `ace_object_properties_string` (`aceObjectId`, `strPropertyId`, `propertyValue`)
VALUES (2045001757, 1, 'Life Stone');

INSERT INTO `ace_object_properties_did` (`aceObjectId`, `didPropertyId`, `propertyValue`)
VALUES (2045001757, 8, 100668245)
     , (2045001757, 1, 33555182)
     , (2045001757, 3, 536870932)
     , (2045001757, 2, 150994982);

INSERT INTO `ace_object_properties_int` (`aceObjectId`, `intPropertyId`, `propertyValue`)
VALUES (2045001757, 1, 268435456)
     , (2045001757, 95, 1)
     , (2045001757, 133, 4)
     , (2045001757, 16, 32)
     , (2045001757, 93, 1040);

INSERT INTO `ace_object_properties_double` (`aceObjectId`, `dblPropertyId`, `propertyValue`)
VALUES (2045001757, 54, 2);

INSERT INTO `ace_object_properties_bool` (`aceObjectId`, `boolPropertyId`, `propertyValue`)
VALUES (2045001757, 11, True)
     , (2045001757, 14, True);

INSERT INTO `ace_object` (`aceObjectId`, `aceObjectDescriptionFlags`, `weenieClassId`, `weenieHeaderFlags`, `currentMotionState`, `physicsDescriptionFlag`)
VALUES (1880924165, 9437232, 509, 16404, 'AAA9AAAAAAA=', 100355);

INSERT INTO `ace_position` (`aceObjectId`, `positionType`, `landblockRaw`, `posX`, `posY`, `posZ`, `qW`, `qX`, `qY`, `qZ`)
VALUES (1880924165, 1, 30015750, 30, -60, -78, 1, 0, 0, 0);

INSERT INTO `ace_object_properties_string` (`aceObjectId`, `strPropertyId`, `propertyValue`)
VALUES (1880924165, 1, 'Life Stone');

INSERT INTO `ace_object_properties_did` (`aceObjectId`, `didPropertyId`, `propertyValue`)
VALUES (1880924165, 8, 100668245)
     , (1880924165, 1, 33555182)
     , (1880924165, 3, 536870932)
     , (1880924165, 2, 150994982);

INSERT INTO `ace_object_properties_int` (`aceObjectId`, `intPropertyId`, `propertyValue`)
VALUES (1880924165, 1, 268435456)
     , (1880924165, 95, 1)
     , (1880924165, 133, 4)
     , (1880924165, 16, 32)
     , (1880924165, 93, 1040);

INSERT INTO `ace_object_properties_double` (`aceObjectId`, `dblPropertyId`, `propertyValue`)
VALUES (1880924165, 54, 2);

INSERT INTO `ace_object_properties_bool` (`aceObjectId`, `boolPropertyId`, `propertyValue`)
VALUES (1880924165, 11, True)
     , (1880924165, 14, True);

INSERT INTO `ace_object` (`aceObjectId`, `aceObjectDescriptionFlags`, `weenieClassId`, `weenieHeaderFlags`, `currentMotionState`, `physicsDescriptionFlag`)
VALUES (1880924169, 9437232, 509, 16404, 'AAA9AAAAAAA=', 100355);

INSERT INTO `ace_position` (`aceObjectId`, `positionType`, `landblockRaw`, `posX`, `posY`, `posZ`, `qW`, `qX`, `qY`, `qZ`)
VALUES (1880924169, 1, 30015766, 50, -90, -78, -4.37114E-08, 0, 0, -1);

INSERT INTO `ace_object_properties_string` (`aceObjectId`, `strPropertyId`, `propertyValue`)
VALUES (1880924169, 1, 'Life Stone');

INSERT INTO `ace_object_properties_did` (`aceObjectId`, `didPropertyId`, `propertyValue`)
VALUES (1880924169, 8, 100668245)
     , (1880924169, 1, 33555182)
     , (1880924169, 3, 536870932)
     , (1880924169, 2, 150994982);

INSERT INTO `ace_object_properties_int` (`aceObjectId`, `intPropertyId`, `propertyValue`)
VALUES (1880924169, 1, 268435456)
     , (1880924169, 95, 1)
     , (1880924169, 133, 4)
     , (1880924169, 16, 32)
     , (1880924169, 93, 1040);

INSERT INTO `ace_object_properties_double` (`aceObjectId`, `dblPropertyId`, `propertyValue`)
VALUES (1880924169, 54, 2);

INSERT INTO `ace_object_properties_bool` (`aceObjectId`, `boolPropertyId`, `propertyValue`)
VALUES (1880924169, 11, True)
     , (1880924169, 14, True);

INSERT INTO `ace_object` (`aceObjectId`, `aceObjectDescriptionFlags`, `weenieClassId`, `weenieHeaderFlags`, `currentMotionState`, `physicsDescriptionFlag`)
VALUES (1880924170, 9437232, 509, 16404, 'AAA9AAAAAAA=', 100355);

INSERT INTO `ace_position` (`aceObjectId`, `positionType`, `landblockRaw`, `posX`, `posY`, `posZ`, `qW`, `qX`, `qY`, `qZ`)
VALUES (1880924170, 1, 30015774, 70, -50, -78, 1, 0, 0, 0);

INSERT INTO `ace_object_properties_string` (`aceObjectId`, `strPropertyId`, `propertyValue`)
VALUES (1880924170, 1, 'Life Stone');

INSERT INTO `ace_object_properties_did` (`aceObjectId`, `didPropertyId`, `propertyValue`)
VALUES (1880924170, 8, 100668245)
     , (1880924170, 1, 33555182)
     , (1880924170, 3, 536870932)
     , (1880924170, 2, 150994982);

INSERT INTO `ace_object_properties_int` (`aceObjectId`, `intPropertyId`, `propertyValue`)
VALUES (1880924170, 1, 268435456)
     , (1880924170, 95, 1)
     , (1880924170, 133, 4)
     , (1880924170, 16, 32)
     , (1880924170, 93, 1040);

INSERT INTO `ace_object_properties_double` (`aceObjectId`, `dblPropertyId`, `propertyValue`)
VALUES (1880924170, 54, 2);

INSERT INTO `ace_object_properties_bool` (`aceObjectId`, `boolPropertyId`, `propertyValue`)
VALUES (1880924170, 11, True)
     , (1880924170, 14, True);

INSERT INTO `ace_object` (`aceObjectId`, `aceObjectDescriptionFlags`, `weenieClassId`, `weenieHeaderFlags`, `currentMotionState`, `physicsDescriptionFlag`)
VALUES (2117423105, 9437232, 509, 16404, 'AAA9AAAAAAA=', 100355);

INSERT INTO `ace_position` (`aceObjectId`, `positionType`, `landblockRaw`, `posX`, `posY`, `posZ`, `qW`, `qX`, `qY`, `qZ`)
VALUES (2117423105, 1, 3813998611, 51.1372, 68.6835, 4, 0.3429389, 0, 0, -0.9393577);

INSERT INTO `ace_object_properties_string` (`aceObjectId`, `strPropertyId`, `propertyValue`)
VALUES (2117423105, 1, 'Life Stone');

INSERT INTO `ace_object_properties_did` (`aceObjectId`, `didPropertyId`, `propertyValue`)
VALUES (2117423105, 8, 100668245)
     , (2117423105, 1, 33555182)
     , (2117423105, 3, 536870932)
     , (2117423105, 2, 150994982);

INSERT INTO `ace_object_properties_int` (`aceObjectId`, `intPropertyId`, `propertyValue`)
VALUES (2117423105, 1, 268435456)
     , (2117423105, 95, 1)
     , (2117423105, 133, 4)
     , (2117423105, 16, 32)
     , (2117423105, 93, 1040);

INSERT INTO `ace_object_properties_double` (`aceObjectId`, `dblPropertyId`, `propertyValue`)
VALUES (2117423105, 54, 2);

INSERT INTO `ace_object_properties_bool` (`aceObjectId`, `boolPropertyId`, `propertyValue`)
VALUES (2117423105, 11, True)
     , (2117423105, 14, True);

INSERT INTO `ace_object` (`aceObjectId`, `aceObjectDescriptionFlags`, `weenieClassId`, `weenieHeaderFlags`, `currentMotionState`, `physicsDescriptionFlag`)
VALUES (2068250674, 9437232, 509, 16404, 'AAA9AAAAAAA=', 100355);

INSERT INTO `ace_position` (`aceObjectId`, `positionType`, `landblockRaw`, `posX`, `posY`, `posZ`, `qW`, `qX`, `qY`, `qZ`)
VALUES (2068250674, 1, 3027238939, 83.2232, 58.8635, 42, 0.9994505, 0, 0, 0.03314589);

INSERT INTO `ace_object_properties_string` (`aceObjectId`, `strPropertyId`, `propertyValue`)
VALUES (2068250674, 1, 'Life Stone');

INSERT INTO `ace_object_properties_did` (`aceObjectId`, `didPropertyId`, `propertyValue`)
VALUES (2068250674, 8, 100668245)
     , (2068250674, 1, 33555182)
     , (2068250674, 3, 536870932)
     , (2068250674, 2, 150994982);

INSERT INTO `ace_object_properties_int` (`aceObjectId`, `intPropertyId`, `propertyValue`)
VALUES (2068250674, 1, 268435456)
     , (2068250674, 95, 1)
     , (2068250674, 133, 4)
     , (2068250674, 16, 32)
     , (2068250674, 93, 1040);

INSERT INTO `ace_object_properties_double` (`aceObjectId`, `dblPropertyId`, `propertyValue`)
VALUES (2068250674, 54, 2);

INSERT INTO `ace_object_properties_bool` (`aceObjectId`, `boolPropertyId`, `propertyValue`)
VALUES (2068250674, 11, True)
     , (2068250674, 14, True);

INSERT INTO `ace_object` (`aceObjectId`, `aceObjectDescriptionFlags`, `weenieClassId`, `weenieHeaderFlags`, `currentMotionState`, `physicsDescriptionFlag`)
VALUES (2082947076, 9437232, 509, 16404, 'AAA9AAAAAAA=', 100355);

INSERT INTO `ace_position` (`aceObjectId`, `positionType`, `landblockRaw`, `posX`, `posY`, `posZ`, `qW`, `qX`, `qY`, `qZ`)
VALUES (2082947076, 1, 3262382125, 138.373, 111.336, 24, -0.9898993, 0, 0, -0.141772);

INSERT INTO `ace_object_properties_string` (`aceObjectId`, `strPropertyId`, `propertyValue`)
VALUES (2082947076, 1, 'Life Stone');

INSERT INTO `ace_object_properties_did` (`aceObjectId`, `didPropertyId`, `propertyValue`)
VALUES (2082947076, 8, 100668245)
     , (2082947076, 1, 33555182)
     , (2082947076, 3, 536870932)
     , (2082947076, 2, 150994982);

INSERT INTO `ace_object_properties_int` (`aceObjectId`, `intPropertyId`, `propertyValue`)
VALUES (2082947076, 1, 268435456)
     , (2082947076, 95, 1)
     , (2082947076, 133, 4)
     , (2082947076, 16, 32)
     , (2082947076, 93, 1040);

INSERT INTO `ace_object_properties_double` (`aceObjectId`, `dblPropertyId`, `propertyValue`)
VALUES (2082947076, 54, 2);

INSERT INTO `ace_object_properties_bool` (`aceObjectId`, `boolPropertyId`, `propertyValue`)
VALUES (2082947076, 11, True)
     , (2082947076, 14, True);

INSERT INTO `ace_object` (`aceObjectId`, `aceObjectDescriptionFlags`, `weenieClassId`, `weenieHeaderFlags`, `currentMotionState`, `physicsDescriptionFlag`)
VALUES (2074177585, 9437232, 509, 16404, 'AAA9AAAAAAA=', 100355);

INSERT INTO `ace_position` (`aceObjectId`, `positionType`, `landblockRaw`, `posX`, `posY`, `posZ`, `qW`, `qX`, `qY`, `qZ`)
VALUES (2074177585, 1, 3122069515, 33.9878, 53.2589, 132, -0.7924491, 0, 0, -0.6099381);

INSERT INTO `ace_object_properties_string` (`aceObjectId`, `strPropertyId`, `propertyValue`)
VALUES (2074177585, 1, 'Life Stone');

INSERT INTO `ace_object_properties_did` (`aceObjectId`, `didPropertyId`, `propertyValue`)
VALUES (2074177585, 8, 100668245)
     , (2074177585, 1, 33555182)
     , (2074177585, 3, 536870932)
     , (2074177585, 2, 150994982);

INSERT INTO `ace_object_properties_int` (`aceObjectId`, `intPropertyId`, `propertyValue`)
VALUES (2074177585, 1, 268435456)
     , (2074177585, 95, 1)
     , (2074177585, 133, 4)
     , (2074177585, 16, 32)
     , (2074177585, 93, 1040);

INSERT INTO `ace_object_properties_double` (`aceObjectId`, `dblPropertyId`, `propertyValue`)
VALUES (2074177585, 54, 2);

INSERT INTO `ace_object_properties_bool` (`aceObjectId`, `boolPropertyId`, `propertyValue`)
VALUES (2074177585, 11, True)
     , (2074177585, 14, True);

INSERT INTO `ace_object` (`aceObjectId`, `aceObjectDescriptionFlags`, `weenieClassId`, `weenieHeaderFlags`, `currentMotionState`, `physicsDescriptionFlag`)
VALUES (2013339648, 9437232, 509, 16404, 'AAA9AAAAAAA=', 100355);

INSERT INTO `ace_position` (`aceObjectId`, `positionType`, `landblockRaw`, `posX`, `posY`, `posZ`, `qW`, `qX`, `qY`, `qZ`)
VALUES (2013339648, 1, 2148663319, 65.7135, 144.597, -0.1, 0.0296293, 0, 0, 0.999561);

INSERT INTO `ace_object_properties_string` (`aceObjectId`, `strPropertyId`, `propertyValue`)
VALUES (2013339648, 1, 'Life Stone');

INSERT INTO `ace_object_properties_did` (`aceObjectId`, `didPropertyId`, `propertyValue`)
VALUES (2013339648, 8, 100668245)
     , (2013339648, 1, 33555182)
     , (2013339648, 3, 536870932)
     , (2013339648, 2, 150994982);

INSERT INTO `ace_object_properties_int` (`aceObjectId`, `intPropertyId`, `propertyValue`)
VALUES (2013339648, 1, 268435456)
     , (2013339648, 95, 1)
     , (2013339648, 133, 4)
     , (2013339648, 16, 32)
     , (2013339648, 93, 1040);

INSERT INTO `ace_object_properties_double` (`aceObjectId`, `dblPropertyId`, `propertyValue`)
VALUES (2013339648, 54, 2);

INSERT INTO `ace_object_properties_bool` (`aceObjectId`, `boolPropertyId`, `propertyValue`)
VALUES (2013339648, 11, True)
     , (2013339648, 14, True);

INSERT INTO `ace_object` (`aceObjectId`, `aceObjectDescriptionFlags`, `weenieClassId`, `weenieHeaderFlags`, `currentMotionState`, `physicsDescriptionFlag`)
VALUES (2072080384, 9437232, 509, 16404, 'AAA9AAAAAAA=', 100355);

INSERT INTO `ace_position` (`aceObjectId`, `positionType`, `landblockRaw`, `posX`, `posY`, `posZ`, `qW`, `qX`, `qY`, `qZ`)
VALUES (2072080384, 1, 3088515134, 169.278, 140.476, 49.9, 0.7988914, 0, 0, 0.6014753);

INSERT INTO `ace_object_properties_string` (`aceObjectId`, `strPropertyId`, `propertyValue`)
VALUES (2072080384, 1, 'Life Stone');

INSERT INTO `ace_object_properties_did` (`aceObjectId`, `didPropertyId`, `propertyValue`)
VALUES (2072080384, 8, 100668245)
     , (2072080384, 1, 33555182)
     , (2072080384, 3, 536870932)
     , (2072080384, 2, 150994982);

INSERT INTO `ace_object_properties_int` (`aceObjectId`, `intPropertyId`, `propertyValue`)
VALUES (2072080384, 1, 268435456)
     , (2072080384, 95, 1)
     , (2072080384, 133, 4)
     , (2072080384, 16, 32)
     , (2072080384, 93, 1040);

INSERT INTO `ace_object_properties_double` (`aceObjectId`, `dblPropertyId`, `propertyValue`)
VALUES (2072080384, 54, 2);

INSERT INTO `ace_object_properties_bool` (`aceObjectId`, `boolPropertyId`, `propertyValue`)
VALUES (2072080384, 11, True)
     , (2072080384, 14, True);

INSERT INTO `ace_object` (`aceObjectId`, `aceObjectDescriptionFlags`, `weenieClassId`, `weenieHeaderFlags`, `currentMotionState`, `physicsDescriptionFlag`)
VALUES (1976160256, 9437232, 509, 16404, 'AAA9AAAAAAA=', 100355);

INSERT INTO `ace_position` (`aceObjectId`, `positionType`, `landblockRaw`, `posX`, `posY`, `posZ`, `qW`, `qX`, `qY`, `qZ`)
VALUES (1976160256, 1, 1553793045, 51.3491, 100.502, 26.97058, -0.5556723, 0, 0, 0.8314014);

INSERT INTO `ace_object_properties_string` (`aceObjectId`, `strPropertyId`, `propertyValue`)
VALUES (1976160256, 1, 'Life Stone');

INSERT INTO `ace_object_properties_did` (`aceObjectId`, `didPropertyId`, `propertyValue`)
VALUES (1976160256, 8, 100668245)
     , (1976160256, 1, 33555182)
     , (1976160256, 3, 536870932)
     , (1976160256, 2, 150994982);

INSERT INTO `ace_object_properties_int` (`aceObjectId`, `intPropertyId`, `propertyValue`)
VALUES (1976160256, 1, 268435456)
     , (1976160256, 95, 1)
     , (1976160256, 133, 4)
     , (1976160256, 16, 32)
     , (1976160256, 93, 1040);

INSERT INTO `ace_object_properties_double` (`aceObjectId`, `dblPropertyId`, `propertyValue`)
VALUES (1976160256, 54, 2);

INSERT INTO `ace_object_properties_bool` (`aceObjectId`, `boolPropertyId`, `propertyValue`)
VALUES (1976160256, 11, True)
     , (1976160256, 14, True);

INSERT INTO `ace_object` (`aceObjectId`, `aceObjectDescriptionFlags`, `weenieClassId`, `weenieHeaderFlags`, `currentMotionState`, `physicsDescriptionFlag`)
VALUES (1912377345, 9437232, 23618, 16404, 'AAA9AAAAAAA=', 100355);

INSERT INTO `ace_position` (`aceObjectId`, `positionType`, `landblockRaw`, `posX`, `posY`, `posZ`, `qW`, `qX`, `qY`, `qZ`)
VALUES (1912377345, 1, 533266452, 59.9473, 83.9393, 0, 0.9999985, 0, 0, 0.001755201);

INSERT INTO `ace_object_properties_string` (`aceObjectId`, `strPropertyId`, `propertyValue`)
VALUES (1912377345, 1, 'Life Stone');

INSERT INTO `ace_object_properties_did` (`aceObjectId`, `didPropertyId`, `propertyValue`)
VALUES (1912377345, 8, 100668245)
     , (1912377345, 1, 33558189)
     , (1912377345, 3, 536870932)
     , (1912377345, 2, 150995232);

INSERT INTO `ace_object_properties_int` (`aceObjectId`, `intPropertyId`, `propertyValue`)
VALUES (1912377345, 1, 268435456)
     , (1912377345, 95, 1)
     , (1912377345, 133, 4)
     , (1912377345, 16, 32)
     , (1912377345, 93, 1040);

INSERT INTO `ace_object_properties_double` (`aceObjectId`, `dblPropertyId`, `propertyValue`)
VALUES (1912377345, 54, 2);

INSERT INTO `ace_object_properties_bool` (`aceObjectId`, `boolPropertyId`, `propertyValue`)
VALUES (1912377345, 11, True)
     , (1912377345, 14, True);

INSERT INTO `ace_object` (`aceObjectId`, `aceObjectDescriptionFlags`, `weenieClassId`, `weenieHeaderFlags`, `currentMotionState`, `physicsDescriptionFlag`)
VALUES (2071392256, 9437232, 509, 16404, 'AAA9AAAAAAA=', 100355);

INSERT INTO `ace_position` (`aceObjectId`, `positionType`, `landblockRaw`, `posX`, `posY`, `posZ`, `qW`, `qX`, `qY`, `qZ`)
VALUES (2071392256, 1, 3077505076, 151.183, 80.4998, 18, -0.755412, 0, 0, -0.6552501);

INSERT INTO `ace_object_properties_string` (`aceObjectId`, `strPropertyId`, `propertyValue`)
VALUES (2071392256, 1, 'Life Stone');

INSERT INTO `ace_object_properties_did` (`aceObjectId`, `didPropertyId`, `propertyValue`)
VALUES (2071392256, 8, 100668245)
     , (2071392256, 1, 33555182)
     , (2071392256, 3, 536870932)
     , (2071392256, 2, 150994982);

INSERT INTO `ace_object_properties_int` (`aceObjectId`, `intPropertyId`, `propertyValue`)
VALUES (2071392256, 1, 268435456)
     , (2071392256, 95, 1)
     , (2071392256, 133, 4)
     , (2071392256, 16, 32)
     , (2071392256, 93, 1040);

INSERT INTO `ace_object_properties_double` (`aceObjectId`, `dblPropertyId`, `propertyValue`)
VALUES (2071392256, 54, 2);

INSERT INTO `ace_object_properties_bool` (`aceObjectId`, `boolPropertyId`, `propertyValue`)
VALUES (2071392256, 11, True)
     , (2071392256, 14, True);

INSERT INTO `ace_object` (`aceObjectId`, `aceObjectDescriptionFlags`, `weenieClassId`, `weenieHeaderFlags`, `currentMotionState`, `physicsDescriptionFlag`)
VALUES (2037887048, 9437232, 509, 16404, 'AAA9AAAAAAA=', 100355);

INSERT INTO `ace_position` (`aceObjectId`, `positionType`, `landblockRaw`, `posX`, `posY`, `posZ`, `qW`, `qX`, `qY`, `qZ`)
VALUES (2037887048, 1, 2541420582, 109.511, 128.157, 0, 0.9444981, 0, 0, -0.328517);

INSERT INTO `ace_object_properties_string` (`aceObjectId`, `strPropertyId`, `propertyValue`)
VALUES (2037887048, 1, 'Life Stone');

INSERT INTO `ace_object_properties_did` (`aceObjectId`, `didPropertyId`, `propertyValue`)
VALUES (2037887048, 8, 100668245)
     , (2037887048, 1, 33555182)
     , (2037887048, 3, 536870932)
     , (2037887048, 2, 150994982);

INSERT INTO `ace_object_properties_int` (`aceObjectId`, `intPropertyId`, `propertyValue`)
VALUES (2037887048, 1, 268435456)
     , (2037887048, 95, 1)
     , (2037887048, 133, 4)
     , (2037887048, 16, 32)
     , (2037887048, 93, 1040);

INSERT INTO `ace_object_properties_double` (`aceObjectId`, `dblPropertyId`, `propertyValue`)
VALUES (2037887048, 54, 2);

INSERT INTO `ace_object_properties_bool` (`aceObjectId`, `boolPropertyId`, `propertyValue`)
VALUES (2037887048, 11, True)
     , (2037887048, 14, True);

INSERT INTO `ace_object` (`aceObjectId`, `aceObjectDescriptionFlags`, `weenieClassId`, `weenieHeaderFlags`, `currentMotionState`, `physicsDescriptionFlag`)
VALUES (2016968704, 9437232, 509, 16404, 'AAA9AAAAAAA=', 100355);

INSERT INTO `ace_position` (`aceObjectId`, `positionType`, `landblockRaw`, `posX`, `posY`, `posZ`, `qW`, `qX`, `qY`, `qZ`)
VALUES (2016968704, 1, 2206728203, 31.4672, 64.8126, 86, -0.810463, 0, 0, -0.5857899);

INSERT INTO `ace_object_properties_string` (`aceObjectId`, `strPropertyId`, `propertyValue`)
VALUES (2016968704, 1, 'Life Stone');

INSERT INTO `ace_object_properties_did` (`aceObjectId`, `didPropertyId`, `propertyValue`)
VALUES (2016968704, 8, 100668245)
     , (2016968704, 1, 33555182)
     , (2016968704, 3, 536870932)
     , (2016968704, 2, 150994982);

INSERT INTO `ace_object_properties_int` (`aceObjectId`, `intPropertyId`, `propertyValue`)
VALUES (2016968704, 1, 268435456)
     , (2016968704, 95, 1)
     , (2016968704, 133, 4)
     , (2016968704, 16, 32)
     , (2016968704, 93, 1040);

INSERT INTO `ace_object_properties_double` (`aceObjectId`, `dblPropertyId`, `propertyValue`)
VALUES (2016968704, 54, 2);

INSERT INTO `ace_object_properties_bool` (`aceObjectId`, `boolPropertyId`, `propertyValue`)
VALUES (2016968704, 11, True)
     , (2016968704, 14, True);

INSERT INTO `ace_object` (`aceObjectId`, `aceObjectDescriptionFlags`, `weenieClassId`, `weenieHeaderFlags`, `currentMotionState`, `physicsDescriptionFlag`)
VALUES (2099081216, 9437232, 23618, 16404, 'AAA9AAAAAAA=', 100355);

INSERT INTO `ace_position` (`aceObjectId`, `positionType`, `landblockRaw`, `posX`, `posY`, `posZ`, `qW`, `qX`, `qY`, `qZ`)
VALUES (2099081216, 1, 3520528402, 61.4974, 31.0924, 0, 0.9988952, 0, 0, -0.04699281);

INSERT INTO `ace_object_properties_string` (`aceObjectId`, `strPropertyId`, `propertyValue`)
VALUES (2099081216, 1, 'Life Stone');

INSERT INTO `ace_object_properties_did` (`aceObjectId`, `didPropertyId`, `propertyValue`)
VALUES (2099081216, 8, 100668245)
     , (2099081216, 1, 33558189)
     , (2099081216, 3, 536870932)
     , (2099081216, 2, 150995232);

INSERT INTO `ace_object_properties_int` (`aceObjectId`, `intPropertyId`, `propertyValue`)
VALUES (2099081216, 1, 268435456)
     , (2099081216, 95, 1)
     , (2099081216, 133, 4)
     , (2099081216, 16, 32)
     , (2099081216, 93, 1040);

INSERT INTO `ace_object_properties_double` (`aceObjectId`, `dblPropertyId`, `propertyValue`)
VALUES (2099081216, 54, 2);

INSERT INTO `ace_object_properties_bool` (`aceObjectId`, `boolPropertyId`, `propertyValue`)
VALUES (2099081216, 11, True)
     , (2099081216, 14, True);

INSERT INTO `ace_object` (`aceObjectId`, `aceObjectDescriptionFlags`, `weenieClassId`, `weenieHeaderFlags`, `currentMotionState`, `physicsDescriptionFlag`)
VALUES (1956339773, 9437232, 509, 16404, 'AAA9AAAAAAA=', 100355);

INSERT INTO `ace_position` (`aceObjectId`, `positionType`, `landblockRaw`, `posX`, `posY`, `posZ`, `qW`, `qX`, `qY`, `qZ`)
VALUES (1956339773, 1, 1236664339, 59.5604, 68.8548, 239.7379, 0.9345207, 0, 0, 0.3559089);

INSERT INTO `ace_object_properties_string` (`aceObjectId`, `strPropertyId`, `propertyValue`)
VALUES (1956339773, 1, 'Life Stone');

INSERT INTO `ace_object_properties_did` (`aceObjectId`, `didPropertyId`, `propertyValue`)
VALUES (1956339773, 8, 100668245)
     , (1956339773, 1, 33555182)
     , (1956339773, 3, 536870932)
     , (1956339773, 2, 150994982);

INSERT INTO `ace_object_properties_int` (`aceObjectId`, `intPropertyId`, `propertyValue`)
VALUES (1956339773, 1, 268435456)
     , (1956339773, 95, 1)
     , (1956339773, 133, 4)
     , (1956339773, 16, 32)
     , (1956339773, 93, 1040);

INSERT INTO `ace_object_properties_double` (`aceObjectId`, `dblPropertyId`, `propertyValue`)
VALUES (1956339773, 54, 2);

INSERT INTO `ace_object_properties_bool` (`aceObjectId`, `boolPropertyId`, `propertyValue`)
VALUES (1956339773, 11, True)
     , (1956339773, 14, True);

INSERT INTO `ace_object` (`aceObjectId`, `aceObjectDescriptionFlags`, `weenieClassId`, `weenieHeaderFlags`, `currentMotionState`, `physicsDescriptionFlag`)
VALUES (1958436864, 9437232, 509, 16404, 'AAA9AAAAAAA=', 100355);

INSERT INTO `ace_position` (`aceObjectId`, `positionType`, `landblockRaw`, `posX`, `posY`, `posZ`, `qW`, `qX`, `qY`, `qZ`)
VALUES (1958436864, 1, 1270218784, 93.0383, 174.94, 237.4217, 0.8400319, 0, 0, -0.542537);

INSERT INTO `ace_object_properties_string` (`aceObjectId`, `strPropertyId`, `propertyValue`)
VALUES (1958436864, 1, 'Life Stone');

INSERT INTO `ace_object_properties_did` (`aceObjectId`, `didPropertyId`, `propertyValue`)
VALUES (1958436864, 8, 100668245)
     , (1958436864, 1, 33555182)
     , (1958436864, 3, 536870932)
     , (1958436864, 2, 150994982);

INSERT INTO `ace_object_properties_int` (`aceObjectId`, `intPropertyId`, `propertyValue`)
VALUES (1958436864, 1, 268435456)
     , (1958436864, 95, 1)
     , (1958436864, 133, 4)
     , (1958436864, 16, 32)
     , (1958436864, 93, 1040);

INSERT INTO `ace_object_properties_double` (`aceObjectId`, `dblPropertyId`, `propertyValue`)
VALUES (1958436864, 54, 2);

INSERT INTO `ace_object_properties_bool` (`aceObjectId`, `boolPropertyId`, `propertyValue`)
VALUES (1958436864, 11, True)
     , (1958436864, 14, True);

INSERT INTO `ace_object` (`aceObjectId`, `aceObjectDescriptionFlags`, `weenieClassId`, `weenieHeaderFlags`, `currentMotionState`, `physicsDescriptionFlag`)
VALUES (1974304768, 9437232, 509, 16404, 'AAA9AAAAAAA=', 100355);

INSERT INTO `ace_position` (`aceObjectId`, `positionType`, `landblockRaw`, `posX`, `posY`, `posZ`, `qW`, `qX`, `qY`, `qZ`)
VALUES (1974304768, 1, 1524105231, 43.9724, 165.216, 80.33563, 0.509075, 0, 0, 0.8607221);

INSERT INTO `ace_object_properties_string` (`aceObjectId`, `strPropertyId`, `propertyValue`)
VALUES (1974304768, 1, 'Life Stone');

INSERT INTO `ace_object_properties_did` (`aceObjectId`, `didPropertyId`, `propertyValue`)
VALUES (1974304768, 8, 100668245)
     , (1974304768, 1, 33555182)
     , (1974304768, 3, 536870932)
     , (1974304768, 2, 150994982);

INSERT INTO `ace_object_properties_int` (`aceObjectId`, `intPropertyId`, `propertyValue`)
VALUES (1974304768, 1, 268435456)
     , (1974304768, 95, 1)
     , (1974304768, 133, 4)
     , (1974304768, 16, 32)
     , (1974304768, 93, 1040);

INSERT INTO `ace_object_properties_double` (`aceObjectId`, `dblPropertyId`, `propertyValue`)
VALUES (1974304768, 54, 2);

INSERT INTO `ace_object_properties_bool` (`aceObjectId`, `boolPropertyId`, `propertyValue`)
VALUES (1974304768, 11, True)
     , (1974304768, 14, True);

INSERT INTO `ace_object` (`aceObjectId`, `aceObjectDescriptionFlags`, `weenieClassId`, `weenieHeaderFlags`, `currentMotionState`, `physicsDescriptionFlag`)
VALUES (2078089228, 9437232, 509, 16404, 'AAA9AAAAAAA=', 100355);

INSERT INTO `ace_position` (`aceObjectId`, `positionType`, `landblockRaw`, `posX`, `posY`, `posZ`, `qW`, `qX`, `qY`, `qZ`)
VALUES (2078089228, 1, 3184656428, 130.512, 92.5485, 186, -0.7463871, 0, 0, -0.6655121);

INSERT INTO `ace_object_properties_string` (`aceObjectId`, `strPropertyId`, `propertyValue`)
VALUES (2078089228, 1, 'Life Stone');

INSERT INTO `ace_object_properties_did` (`aceObjectId`, `didPropertyId`, `propertyValue`)
VALUES (2078089228, 8, 100668245)
     , (2078089228, 1, 33555182)
     , (2078089228, 3, 536870932)
     , (2078089228, 2, 150994982);

INSERT INTO `ace_object_properties_int` (`aceObjectId`, `intPropertyId`, `propertyValue`)
VALUES (2078089228, 1, 268435456)
     , (2078089228, 95, 1)
     , (2078089228, 133, 4)
     , (2078089228, 16, 32)
     , (2078089228, 93, 1040);

INSERT INTO `ace_object_properties_double` (`aceObjectId`, `dblPropertyId`, `propertyValue`)
VALUES (2078089228, 54, 2);

INSERT INTO `ace_object_properties_bool` (`aceObjectId`, `boolPropertyId`, `propertyValue`)
VALUES (2078089228, 11, True)
     , (2078089228, 14, True);

INSERT INTO `ace_object` (`aceObjectId`, `aceObjectDescriptionFlags`, `weenieClassId`, `weenieHeaderFlags`, `currentMotionState`, `physicsDescriptionFlag`)
VALUES (2015965184, 9437232, 509, 16404, 'AAA9AAAAAAA=', 100355);

INSERT INTO `ace_position` (`aceObjectId`, `positionType`, `landblockRaw`, `posX`, `posY`, `posZ`, `qW`, `qX`, `qY`, `qZ`)
VALUES (2015965184, 1, 2190671874, 22.847, 44.6796, 124, -0.0491975, 0, 0, 0.9987891);

INSERT INTO `ace_object_properties_string` (`aceObjectId`, `strPropertyId`, `propertyValue`)
VALUES (2015965184, 1, 'Life Stone');

INSERT INTO `ace_object_properties_did` (`aceObjectId`, `didPropertyId`, `propertyValue`)
VALUES (2015965184, 8, 100668245)
     , (2015965184, 1, 33555182)
     , (2015965184, 3, 536870932)
     , (2015965184, 2, 150994982);

INSERT INTO `ace_object_properties_int` (`aceObjectId`, `intPropertyId`, `propertyValue`)
VALUES (2015965184, 1, 268435456)
     , (2015965184, 95, 1)
     , (2015965184, 133, 4)
     , (2015965184, 16, 32)
     , (2015965184, 93, 1040);

INSERT INTO `ace_object_properties_double` (`aceObjectId`, `dblPropertyId`, `propertyValue`)
VALUES (2015965184, 54, 2);

INSERT INTO `ace_object_properties_bool` (`aceObjectId`, `boolPropertyId`, `propertyValue`)
VALUES (2015965184, 11, True)
     , (2015965184, 14, True);

INSERT INTO `ace_object` (`aceObjectId`, `aceObjectDescriptionFlags`, `weenieClassId`, `weenieHeaderFlags`, `currentMotionState`, `physicsDescriptionFlag`)
VALUES (2049310753, 9437232, 509, 16404, 'AAA9AAAAAAA=', 100355);

INSERT INTO `ace_position` (`aceObjectId`, `positionType`, `landblockRaw`, `posX`, `posY`, `posZ`, `qW`, `qX`, `qY`, `qZ`)
VALUES (2049310753, 1, 2724200491, 135.024, 54.9381, 20, 0.9083256, 0, 0, 0.4182638);

INSERT INTO `ace_object_properties_string` (`aceObjectId`, `strPropertyId`, `propertyValue`)
VALUES (2049310753, 1, 'Life Stone');

INSERT INTO `ace_object_properties_did` (`aceObjectId`, `didPropertyId`, `propertyValue`)
VALUES (2049310753, 8, 100668245)
     , (2049310753, 1, 33555182)
     , (2049310753, 3, 536870932)
     , (2049310753, 2, 150994982);

INSERT INTO `ace_object_properties_int` (`aceObjectId`, `intPropertyId`, `propertyValue`)
VALUES (2049310753, 1, 268435456)
     , (2049310753, 95, 1)
     , (2049310753, 133, 4)
     , (2049310753, 16, 32)
     , (2049310753, 93, 1040);

INSERT INTO `ace_object_properties_double` (`aceObjectId`, `dblPropertyId`, `propertyValue`)
VALUES (2049310753, 54, 2);

INSERT INTO `ace_object_properties_bool` (`aceObjectId`, `boolPropertyId`, `propertyValue`)
VALUES (2049310753, 11, True)
     , (2049310753, 14, True);

INSERT INTO `ace_object` (`aceObjectId`, `aceObjectDescriptionFlags`, `weenieClassId`, `weenieHeaderFlags`, `currentMotionState`, `physicsDescriptionFlag`)
VALUES (2119426066, 9437232, 509, 16404, 'AAA9AAAAAAA=', 100355);

INSERT INTO `ace_position` (`aceObjectId`, `positionType`, `landblockRaw`, `posX`, `posY`, `posZ`, `qW`, `qX`, `qY`, `qZ`)
VALUES (2119426066, 1, 3846045722, 90.7519, 41.3387, 118, -0.567908, 0, 0, 0.823092);

INSERT INTO `ace_object_properties_string` (`aceObjectId`, `strPropertyId`, `propertyValue`)
VALUES (2119426066, 1, 'Life Stone');

INSERT INTO `ace_object_properties_did` (`aceObjectId`, `didPropertyId`, `propertyValue`)
VALUES (2119426066, 8, 100668245)
     , (2119426066, 1, 33555182)
     , (2119426066, 3, 536870932)
     , (2119426066, 2, 150994982);

INSERT INTO `ace_object_properties_int` (`aceObjectId`, `intPropertyId`, `propertyValue`)
VALUES (2119426066, 1, 268435456)
     , (2119426066, 95, 1)
     , (2119426066, 133, 4)
     , (2119426066, 16, 32)
     , (2119426066, 93, 1040);

INSERT INTO `ace_object_properties_double` (`aceObjectId`, `dblPropertyId`, `propertyValue`)
VALUES (2119426066, 54, 2);

INSERT INTO `ace_object_properties_bool` (`aceObjectId`, `boolPropertyId`, `propertyValue`)
VALUES (2119426066, 11, True)
     , (2119426066, 14, True);

INSERT INTO `ace_object` (`aceObjectId`, `aceObjectDescriptionFlags`, `weenieClassId`, `weenieHeaderFlags`, `currentMotionState`, `physicsDescriptionFlag`)
VALUES (2117324801, 9437232, 509, 16404, 'AAA9AAAAAAA=', 100355);

INSERT INTO `ace_position` (`aceObjectId`, `positionType`, `landblockRaw`, `posX`, `posY`, `posZ`, `qW`, `qX`, `qY`, `qZ`)
VALUES (2117324801, 1, 3812425773, 122.843, 108.621, 131.7631, 0.6295693, 0, 0, 0.7769443);

INSERT INTO `ace_object_properties_string` (`aceObjectId`, `strPropertyId`, `propertyValue`)
VALUES (2117324801, 1, 'Life Stone');

INSERT INTO `ace_object_properties_did` (`aceObjectId`, `didPropertyId`, `propertyValue`)
VALUES (2117324801, 8, 100668245)
     , (2117324801, 1, 33555182)
     , (2117324801, 3, 536870932)
     , (2117324801, 2, 150994982);

INSERT INTO `ace_object_properties_int` (`aceObjectId`, `intPropertyId`, `propertyValue`)
VALUES (2117324801, 1, 268435456)
     , (2117324801, 95, 1)
     , (2117324801, 133, 4)
     , (2117324801, 16, 32)
     , (2117324801, 93, 1040);

INSERT INTO `ace_object_properties_double` (`aceObjectId`, `dblPropertyId`, `propertyValue`)
VALUES (2117324801, 54, 2);

INSERT INTO `ace_object_properties_bool` (`aceObjectId`, `boolPropertyId`, `propertyValue`)
VALUES (2117324801, 11, True)
     , (2117324801, 14, True);

INSERT INTO `ace_object` (`aceObjectId`, `aceObjectDescriptionFlags`, `weenieClassId`, `weenieHeaderFlags`, `currentMotionState`, `physicsDescriptionFlag`)
VALUES (1938780160, 9437232, 509, 16404, 'AAA9AAAAAAA=', 100355);

INSERT INTO `ace_position` (`aceObjectId`, `positionType`, `landblockRaw`, `posX`, `posY`, `posZ`, `qW`, `qX`, `qY`, `qZ`)
VALUES (1938780160, 1, 955711515, 83.5592, 51.8239, -0.1, -0.6953191, 0, 0, -0.7187011);

INSERT INTO `ace_object_properties_string` (`aceObjectId`, `strPropertyId`, `propertyValue`)
VALUES (1938780160, 1, 'Life Stone');

INSERT INTO `ace_object_properties_did` (`aceObjectId`, `didPropertyId`, `propertyValue`)
VALUES (1938780160, 8, 100668245)
     , (1938780160, 1, 33555182)
     , (1938780160, 3, 536870932)
     , (1938780160, 2, 150994982);

INSERT INTO `ace_object_properties_int` (`aceObjectId`, `intPropertyId`, `propertyValue`)
VALUES (1938780160, 1, 268435456)
     , (1938780160, 95, 1)
     , (1938780160, 133, 4)
     , (1938780160, 16, 32)
     , (1938780160, 93, 1040);

INSERT INTO `ace_object_properties_double` (`aceObjectId`, `dblPropertyId`, `propertyValue`)
VALUES (1938780160, 54, 2);

INSERT INTO `ace_object_properties_bool` (`aceObjectId`, `boolPropertyId`, `propertyValue`)
VALUES (1938780160, 11, True)
     , (1938780160, 14, True);

INSERT INTO `ace_object` (`aceObjectId`, `aceObjectDescriptionFlags`, `weenieClassId`, `weenieHeaderFlags`, `currentMotionState`, `physicsDescriptionFlag`)
VALUES (1924878345, 9437232, 509, 16404, 'AAA9AAAAAAA=', 100355);

INSERT INTO `ace_position` (`aceObjectId`, `positionType`, `landblockRaw`, `posX`, `posY`, `posZ`, `qW`, `qX`, `qY`, `qZ`)
VALUES (1924878345, 1, 733282353, 155.643, 9.71925, 99, 0.2716299, 0, 0, -0.9624017);

INSERT INTO `ace_object_properties_string` (`aceObjectId`, `strPropertyId`, `propertyValue`)
VALUES (1924878345, 1, 'Life Stone');

INSERT INTO `ace_object_properties_did` (`aceObjectId`, `didPropertyId`, `propertyValue`)
VALUES (1924878345, 8, 100668245)
     , (1924878345, 1, 33555182)
     , (1924878345, 3, 536870932)
     , (1924878345, 2, 150994982);

INSERT INTO `ace_object_properties_int` (`aceObjectId`, `intPropertyId`, `propertyValue`)
VALUES (1924878345, 1, 268435456)
     , (1924878345, 95, 1)
     , (1924878345, 133, 4)
     , (1924878345, 16, 32)
     , (1924878345, 93, 1040);

INSERT INTO `ace_object_properties_double` (`aceObjectId`, `dblPropertyId`, `propertyValue`)
VALUES (1924878345, 54, 2);

INSERT INTO `ace_object_properties_bool` (`aceObjectId`, `boolPropertyId`, `propertyValue`)
VALUES (1924878345, 11, True)
     , (1924878345, 14, True);

INSERT INTO `ace_object` (`aceObjectId`, `aceObjectDescriptionFlags`, `weenieClassId`, `weenieHeaderFlags`, `currentMotionState`, `physicsDescriptionFlag`)
VALUES (1948344320, 9437232, 509, 16404, 'AAA9AAAAAAA=', 100355);

INSERT INTO `ace_position` (`aceObjectId`, `positionType`, `landblockRaw`, `posX`, `posY`, `posZ`, `qW`, `qX`, `qY`, `qZ`)
VALUES (1948344320, 1, 1108738074, 83.4707, 36.2119, 3.911784, 0.6490531, 0, 0, -0.7607431);

INSERT INTO `ace_object_properties_string` (`aceObjectId`, `strPropertyId`, `propertyValue`)
VALUES (1948344320, 1, 'Life Stone');

INSERT INTO `ace_object_properties_did` (`aceObjectId`, `didPropertyId`, `propertyValue`)
VALUES (1948344320, 8, 100668245)
     , (1948344320, 1, 33555182)
     , (1948344320, 3, 536870932)
     , (1948344320, 2, 150994982);

INSERT INTO `ace_object_properties_int` (`aceObjectId`, `intPropertyId`, `propertyValue`)
VALUES (1948344320, 1, 268435456)
     , (1948344320, 95, 1)
     , (1948344320, 133, 4)
     , (1948344320, 16, 32)
     , (1948344320, 93, 1040);

INSERT INTO `ace_object_properties_double` (`aceObjectId`, `dblPropertyId`, `propertyValue`)
VALUES (1948344320, 54, 2);

INSERT INTO `ace_object_properties_bool` (`aceObjectId`, `boolPropertyId`, `propertyValue`)
VALUES (1948344320, 11, True)
     , (1948344320, 14, True);

INSERT INTO `ace_object` (`aceObjectId`, `aceObjectDescriptionFlags`, `weenieClassId`, `weenieHeaderFlags`, `currentMotionState`, `physicsDescriptionFlag`)
VALUES (1964081152, 9437232, 509, 16404, 'AAA9AAAAAAA=', 100355);

INSERT INTO `ace_position` (`aceObjectId`, `positionType`, `landblockRaw`, `posX`, `posY`, `posZ`, `qW`, `qX`, `qY`, `qZ`)
VALUES (1964081152, 1, 1360527414, 165.407, 133.044, 120, 0.117064, 0, 0, -0.9931244);

INSERT INTO `ace_object_properties_string` (`aceObjectId`, `strPropertyId`, `propertyValue`)
VALUES (1964081152, 1, 'Life Stone');

INSERT INTO `ace_object_properties_did` (`aceObjectId`, `didPropertyId`, `propertyValue`)
VALUES (1964081152, 8, 100668245)
     , (1964081152, 1, 33555182)
     , (1964081152, 3, 536870932)
     , (1964081152, 2, 150994982);

INSERT INTO `ace_object_properties_int` (`aceObjectId`, `intPropertyId`, `propertyValue`)
VALUES (1964081152, 1, 268435456)
     , (1964081152, 95, 1)
     , (1964081152, 133, 4)
     , (1964081152, 16, 32)
     , (1964081152, 93, 1040);

INSERT INTO `ace_object_properties_double` (`aceObjectId`, `dblPropertyId`, `propertyValue`)
VALUES (1964081152, 54, 2);

INSERT INTO `ace_object_properties_bool` (`aceObjectId`, `boolPropertyId`, `propertyValue`)
VALUES (1964081152, 11, True)
     , (1964081152, 14, True);

INSERT INTO `ace_object` (`aceObjectId`, `aceObjectDescriptionFlags`, `weenieClassId`, `weenieHeaderFlags`, `currentMotionState`, `physicsDescriptionFlag`)
VALUES (1920466944, 9437232, 509, 16404, 'AAA9AAAAAAA=', 100355);

INSERT INTO `ace_position` (`aceObjectId`, `positionType`, `landblockRaw`, `posX`, `posY`, `posZ`, `qW`, `qX`, `qY`, `qZ`)
VALUES (1920466944, 1, 662700038, 18.7945, 137.695, 144, -0.2683639, 0, 0, 0.9633176);

INSERT INTO `ace_object_properties_string` (`aceObjectId`, `strPropertyId`, `propertyValue`)
VALUES (1920466944, 1, 'Life Stone');

INSERT INTO `ace_object_properties_did` (`aceObjectId`, `didPropertyId`, `propertyValue`)
VALUES (1920466944, 8, 100668245)
     , (1920466944, 1, 33555182)
     , (1920466944, 3, 536870932)
     , (1920466944, 2, 150994982);

INSERT INTO `ace_object_properties_int` (`aceObjectId`, `intPropertyId`, `propertyValue`)
VALUES (1920466944, 1, 268435456)
     , (1920466944, 95, 1)
     , (1920466944, 133, 4)
     , (1920466944, 16, 32)
     , (1920466944, 93, 1040);

INSERT INTO `ace_object_properties_double` (`aceObjectId`, `dblPropertyId`, `propertyValue`)
VALUES (1920466944, 54, 2);

INSERT INTO `ace_object_properties_bool` (`aceObjectId`, `boolPropertyId`, `propertyValue`)
VALUES (1920466944, 11, True)
     , (1920466944, 14, True);

INSERT INTO `ace_object` (`aceObjectId`, `aceObjectDescriptionFlags`, `weenieClassId`, `weenieHeaderFlags`, `currentMotionState`, `physicsDescriptionFlag`)
VALUES (2064850944, 9437232, 509, 16404, 'AAA9AAAAAAA=', 100355);

INSERT INTO `ace_position` (`aceObjectId`, `positionType`, `landblockRaw`, `posX`, `posY`, `posZ`, `qW`, `qX`, `qY`, `qZ`)
VALUES (2064850944, 1, 2972844050, 62.1586, 36.5546, 50.41139, 0.5987402, 0, 0, 0.8009433);

INSERT INTO `ace_object_properties_string` (`aceObjectId`, `strPropertyId`, `propertyValue`)
VALUES (2064850944, 1, 'Life Stone');

INSERT INTO `ace_object_properties_did` (`aceObjectId`, `didPropertyId`, `propertyValue`)
VALUES (2064850944, 8, 100668245)
     , (2064850944, 1, 33555182)
     , (2064850944, 3, 536870932)
     , (2064850944, 2, 150994982);

INSERT INTO `ace_object_properties_int` (`aceObjectId`, `intPropertyId`, `propertyValue`)
VALUES (2064850944, 1, 268435456)
     , (2064850944, 95, 1)
     , (2064850944, 133, 4)
     , (2064850944, 16, 32)
     , (2064850944, 93, 1040);

INSERT INTO `ace_object_properties_double` (`aceObjectId`, `dblPropertyId`, `propertyValue`)
VALUES (2064850944, 54, 2);

INSERT INTO `ace_object_properties_bool` (`aceObjectId`, `boolPropertyId`, `propertyValue`)
VALUES (2064850944, 11, True)
     , (2064850944, 14, True);

INSERT INTO `ace_object` (`aceObjectId`, `aceObjectDescriptionFlags`, `weenieClassId`, `weenieHeaderFlags`, `currentMotionState`, `physicsDescriptionFlag`)
VALUES (2070528000, 9437232, 509, 16404, 'AAA9AAAAAAA=', 100355);

INSERT INTO `ace_position` (`aceObjectId`, `positionType`, `landblockRaw`, `posX`, `posY`, `posZ`, `qW`, `qX`, `qY`, `qZ`)
VALUES (2070528000, 1, 3063676956, 87.7331, 84.2289, 61.01907, -0.673475, 0, 0, -0.73921);

INSERT INTO `ace_object_properties_string` (`aceObjectId`, `strPropertyId`, `propertyValue`)
VALUES (2070528000, 1, 'Life Stone');

INSERT INTO `ace_object_properties_did` (`aceObjectId`, `didPropertyId`, `propertyValue`)
VALUES (2070528000, 8, 100668245)
     , (2070528000, 1, 33555182)
     , (2070528000, 3, 536870932)
     , (2070528000, 2, 150994982);

INSERT INTO `ace_object_properties_int` (`aceObjectId`, `intPropertyId`, `propertyValue`)
VALUES (2070528000, 1, 268435456)
     , (2070528000, 95, 1)
     , (2070528000, 133, 4)
     , (2070528000, 16, 32)
     , (2070528000, 93, 1040);

INSERT INTO `ace_object_properties_double` (`aceObjectId`, `dblPropertyId`, `propertyValue`)
VALUES (2070528000, 54, 2);

INSERT INTO `ace_object_properties_bool` (`aceObjectId`, `boolPropertyId`, `propertyValue`)
VALUES (2070528000, 11, True)
     , (2070528000, 14, True);

INSERT INTO `ace_object` (`aceObjectId`, `aceObjectDescriptionFlags`, `weenieClassId`, `weenieHeaderFlags`, `currentMotionState`, `physicsDescriptionFlag`)
VALUES (2137165824, 9437232, 509, 16404, 'AAA9AAAAAAA=', 100355);

INSERT INTO `ace_position` (`aceObjectId`, `positionType`, `landblockRaw`, `posX`, `posY`, `posZ`, `qW`, `qX`, `qY`, `qZ`)
VALUES (2137165824, 1, 4129882118, 19.4796, 132.69, 0, -0.7136547, 0, 0, -0.7004977);

INSERT INTO `ace_object_properties_string` (`aceObjectId`, `strPropertyId`, `propertyValue`)
VALUES (2137165824, 1, 'Life Stone');

INSERT INTO `ace_object_properties_did` (`aceObjectId`, `didPropertyId`, `propertyValue`)
VALUES (2137165824, 8, 100668245)
     , (2137165824, 1, 33555182)
     , (2137165824, 3, 536870932)
     , (2137165824, 2, 150994982);

INSERT INTO `ace_object_properties_int` (`aceObjectId`, `intPropertyId`, `propertyValue`)
VALUES (2137165824, 1, 268435456)
     , (2137165824, 95, 1)
     , (2137165824, 133, 4)
     , (2137165824, 16, 32)
     , (2137165824, 93, 1040);

INSERT INTO `ace_object_properties_double` (`aceObjectId`, `dblPropertyId`, `propertyValue`)
VALUES (2137165824, 54, 2);

INSERT INTO `ace_object_properties_bool` (`aceObjectId`, `boolPropertyId`, `propertyValue`)
VALUES (2137165824, 11, True)
     , (2137165824, 14, True);

INSERT INTO `ace_object` (`aceObjectId`, `aceObjectDescriptionFlags`, `weenieClassId`, `weenieHeaderFlags`, `currentMotionState`, `physicsDescriptionFlag`)
VALUES (3710937461, 8388624, 38055, 20, NULL, 34817);

INSERT INTO `ace_position` (`aceObjectId`, `positionType`, `landblockRaw`, `posX`, `posY`, `posZ`, `qW`, `qX`, `qY`, `qZ`)
VALUES (3710937461, 1, 2315452819, 89.46724, -148.7411, 0, -0.9238795, 0, 0, -0.3826835);

INSERT INTO `ace_object_properties_string` (`aceObjectId`, `strPropertyId`, `propertyValue`)
VALUES (3710937461, 1, 'Radiant Blood Banner');

INSERT INTO `ace_object_properties_did` (`aceObjectId`, `didPropertyId`, `propertyValue`)
VALUES (3710937461, 8, 100689890)
     , (3710937461, 1, 33560564)
     , (3710937461, 3, 536870932);

INSERT INTO `ace_object_properties_int` (`aceObjectId`, `intPropertyId`, `propertyValue`)
VALUES (3710937461, 1, 268435456)
     , (3710937461, 133, 1)
     , (3710937461, 16, 1)
     , (3710937461, 93, 1040);

INSERT INTO `ace_object_properties_bool` (`aceObjectId`, `boolPropertyId`, `propertyValue`)
VALUES (3710937461, 11, True)
     , (3710937461, 14, True);

INSERT INTO `ace_object` (`aceObjectId`, `aceObjectDescriptionFlags`, `weenieClassId`, `weenieHeaderFlags`, `currentMotionState`, `physicsDescriptionFlag`)
VALUES (3710937462, 8388624, 38055, 20, NULL, 34817);

INSERT INTO `ace_position` (`aceObjectId`, `positionType`, `landblockRaw`, `posX`, `posY`, `posZ`, `qW`, `qX`, `qY`, `qZ`)
VALUES (3710937462, 1, 2315452776, 71.22791, -149.4381, 0, 0.9238795, 0, 0, -0.3826835);

INSERT INTO `ace_object_properties_string` (`aceObjectId`, `strPropertyId`, `propertyValue`)
VALUES (3710937462, 1, 'Radiant Blood Banner');

INSERT INTO `ace_object_properties_did` (`aceObjectId`, `didPropertyId`, `propertyValue`)
VALUES (3710937462, 8, 100689890)
     , (3710937462, 1, 33560564)
     , (3710937462, 3, 536870932);

INSERT INTO `ace_object_properties_int` (`aceObjectId`, `intPropertyId`, `propertyValue`)
VALUES (3710937462, 1, 268435456)
     , (3710937462, 133, 1)
     , (3710937462, 16, 1)
     , (3710937462, 93, 1040);

INSERT INTO `ace_object_properties_bool` (`aceObjectId`, `boolPropertyId`, `propertyValue`)
VALUES (3710937462, 11, True)
     , (3710937462, 14, True);

INSERT INTO `ace_object` (`aceObjectId`, `aceObjectDescriptionFlags`, `weenieClassId`, `weenieHeaderFlags`, `currentMotionState`, `physicsDescriptionFlag`)
VALUES (2088480768, 9437232, 23618, 16404, 'AAA9AAAAAAA=', 100355);

INSERT INTO `ace_position` (`aceObjectId`, `positionType`, `landblockRaw`, `posX`, `posY`, `posZ`, `qW`, `qX`, `qY`, `qZ`)
VALUES (2088480768, 1, 3350921231, 36.2672, 156.867, 116, 0.005600611, 0, 0, 0.9999843);

INSERT INTO `ace_object_properties_string` (`aceObjectId`, `strPropertyId`, `propertyValue`)
VALUES (2088480768, 1, 'Life Stone');

INSERT INTO `ace_object_properties_did` (`aceObjectId`, `didPropertyId`, `propertyValue`)
VALUES (2088480768, 8, 100668245)
     , (2088480768, 1, 33558189)
     , (2088480768, 3, 536870932)
     , (2088480768, 2, 150995232);

INSERT INTO `ace_object_properties_int` (`aceObjectId`, `intPropertyId`, `propertyValue`)
VALUES (2088480768, 1, 268435456)
     , (2088480768, 95, 1)
     , (2088480768, 133, 4)
     , (2088480768, 16, 32)
     , (2088480768, 93, 1040);

INSERT INTO `ace_object_properties_double` (`aceObjectId`, `dblPropertyId`, `propertyValue`)
VALUES (2088480768, 54, 2);

INSERT INTO `ace_object_properties_bool` (`aceObjectId`, `boolPropertyId`, `propertyValue`)
VALUES (2088480768, 11, True)
     , (2088480768, 14, True);

INSERT INTO `ace_object` (`aceObjectId`, `aceObjectDescriptionFlags`, `weenieClassId`, `weenieHeaderFlags`, `currentMotionState`, `physicsDescriptionFlag`)
VALUES (2120417280, 9437232, 509, 16404, 'AAA9AAAAAAA=', 100355);

INSERT INTO `ace_position` (`aceObjectId`, `positionType`, `landblockRaw`, `posX`, `posY`, `posZ`, `qW`, `qX`, `qY`, `qZ`)
VALUES (2120417280, 1, 3861905445, 96.9662, 111.509, 90.70759, -0.9989182, 0, 0, -0.04650081);

INSERT INTO `ace_object_properties_string` (`aceObjectId`, `strPropertyId`, `propertyValue`)
VALUES (2120417280, 1, 'Life Stone');

INSERT INTO `ace_object_properties_did` (`aceObjectId`, `didPropertyId`, `propertyValue`)
VALUES (2120417280, 8, 100668245)
     , (2120417280, 1, 33555182)
     , (2120417280, 3, 536870932)
     , (2120417280, 2, 150994982);

INSERT INTO `ace_object_properties_int` (`aceObjectId`, `intPropertyId`, `propertyValue`)
VALUES (2120417280, 1, 268435456)
     , (2120417280, 95, 1)
     , (2120417280, 133, 4)
     , (2120417280, 16, 32)
     , (2120417280, 93, 1040);

INSERT INTO `ace_object_properties_double` (`aceObjectId`, `dblPropertyId`, `propertyValue`)
VALUES (2120417280, 54, 2);

INSERT INTO `ace_object_properties_bool` (`aceObjectId`, `boolPropertyId`, `propertyValue`)
VALUES (2120417280, 11, True)
     , (2120417280, 14, True);

INSERT INTO `ace_object` (`aceObjectId`, `aceObjectDescriptionFlags`, `weenieClassId`, `weenieHeaderFlags`, `currentMotionState`, `physicsDescriptionFlag`)
VALUES (2103791626, 9437232, 509, 16404, 'AAA9AAAAAAA=', 100355);

INSERT INTO `ace_position` (`aceObjectId`, `positionType`, `landblockRaw`, `posX`, `posY`, `posZ`, `qW`, `qX`, `qY`, `qZ`)
VALUES (2103791626, 1, 3595894836, 151.276, 81.7088, 44, -0.125403, 0, 0, 0.9921059);

INSERT INTO `ace_object_properties_string` (`aceObjectId`, `strPropertyId`, `propertyValue`)
VALUES (2103791626, 1, 'Life Stone');

INSERT INTO `ace_object_properties_did` (`aceObjectId`, `didPropertyId`, `propertyValue`)
VALUES (2103791626, 8, 100668245)
     , (2103791626, 1, 33555182)
     , (2103791626, 3, 536870932)
     , (2103791626, 2, 150994982);

INSERT INTO `ace_object_properties_int` (`aceObjectId`, `intPropertyId`, `propertyValue`)
VALUES (2103791626, 1, 268435456)
     , (2103791626, 95, 1)
     , (2103791626, 133, 4)
     , (2103791626, 16, 32)
     , (2103791626, 93, 1040);

INSERT INTO `ace_object_properties_double` (`aceObjectId`, `dblPropertyId`, `propertyValue`)
VALUES (2103791626, 54, 2);

INSERT INTO `ace_object_properties_bool` (`aceObjectId`, `boolPropertyId`, `propertyValue`)
VALUES (2103791626, 11, True)
     , (2103791626, 14, True);

INSERT INTO `ace_object` (`aceObjectId`, `aceObjectDescriptionFlags`, `weenieClassId`, `weenieHeaderFlags`, `currentMotionState`, `physicsDescriptionFlag`)
VALUES (2014724098, 9437232, 509, 16404, 'AAA9AAAAAAA=', 100355);

INSERT INTO `ace_position` (`aceObjectId`, `positionType`, `landblockRaw`, `posX`, `posY`, `posZ`, `qW`, `qX`, `qY`, `qZ`)
VALUES (2014724098, 1, 2170814471, 19.2176, 148.024, 24, 0.614668, 0, 0, 0.7887859);

INSERT INTO `ace_object_properties_string` (`aceObjectId`, `strPropertyId`, `propertyValue`)
VALUES (2014724098, 1, 'Life Stone');

INSERT INTO `ace_object_properties_did` (`aceObjectId`, `didPropertyId`, `propertyValue`)
VALUES (2014724098, 8, 100668245)
     , (2014724098, 1, 33555182)
     , (2014724098, 3, 536870932)
     , (2014724098, 2, 150994982);

INSERT INTO `ace_object_properties_int` (`aceObjectId`, `intPropertyId`, `propertyValue`)
VALUES (2014724098, 1, 268435456)
     , (2014724098, 95, 1)
     , (2014724098, 133, 4)
     , (2014724098, 16, 32)
     , (2014724098, 93, 1040);

INSERT INTO `ace_object_properties_double` (`aceObjectId`, `dblPropertyId`, `propertyValue`)
VALUES (2014724098, 54, 2);

INSERT INTO `ace_object_properties_bool` (`aceObjectId`, `boolPropertyId`, `propertyValue`)
VALUES (2014724098, 11, True)
     , (2014724098, 14, True);

INSERT INTO `ace_object` (`aceObjectId`, `aceObjectDescriptionFlags`, `weenieClassId`, `weenieHeaderFlags`, `currentMotionState`, `physicsDescriptionFlag`)
VALUES (2016772097, 9437232, 509, 16404, 'AAA9AAAAAAA=', 100355);

INSERT INTO `ace_position` (`aceObjectId`, `positionType`, `landblockRaw`, `posX`, `posY`, `posZ`, `qW`, `qX`, `qY`, `qZ`)
VALUES (2016772097, 1, 2203582523, 174.303, 67.0709, 0, 0.1436991, 0, 0, -0.9896215);

INSERT INTO `ace_object_properties_string` (`aceObjectId`, `strPropertyId`, `propertyValue`)
VALUES (2016772097, 1, 'Life Stone');

INSERT INTO `ace_object_properties_did` (`aceObjectId`, `didPropertyId`, `propertyValue`)
VALUES (2016772097, 8, 100668245)
     , (2016772097, 1, 33555182)
     , (2016772097, 3, 536870932)
     , (2016772097, 2, 150994982);

INSERT INTO `ace_object_properties_int` (`aceObjectId`, `intPropertyId`, `propertyValue`)
VALUES (2016772097, 1, 268435456)
     , (2016772097, 95, 1)
     , (2016772097, 133, 4)
     , (2016772097, 16, 32)
     , (2016772097, 93, 1040);

INSERT INTO `ace_object_properties_double` (`aceObjectId`, `dblPropertyId`, `propertyValue`)
VALUES (2016772097, 54, 2);

INSERT INTO `ace_object_properties_bool` (`aceObjectId`, `boolPropertyId`, `propertyValue`)
VALUES (2016772097, 11, True)
     , (2016772097, 14, True);

INSERT INTO `ace_object` (`aceObjectId`, `aceObjectDescriptionFlags`, `weenieClassId`, `weenieHeaderFlags`, `currentMotionState`, `physicsDescriptionFlag`)
VALUES (2121474048, 9437232, 509, 16404, 'AAA9AAAAAAA=', 100355);

INSERT INTO `ace_position` (`aceObjectId`, `positionType`, `landblockRaw`, `posX`, `posY`, `posZ`, `qW`, `qX`, `qY`, `qZ`)
VALUES (2121474048, 1, 3878813732, 116.714, 87.6789, 0, -0.3987339, 0, 0, 0.9170667);

INSERT INTO `ace_object_properties_string` (`aceObjectId`, `strPropertyId`, `propertyValue`)
VALUES (2121474048, 1, 'Life Stone');

INSERT INTO `ace_object_properties_did` (`aceObjectId`, `didPropertyId`, `propertyValue`)
VALUES (2121474048, 8, 100668245)
     , (2121474048, 1, 33555182)
     , (2121474048, 3, 536870932)
     , (2121474048, 2, 150994982);

INSERT INTO `ace_object_properties_int` (`aceObjectId`, `intPropertyId`, `propertyValue`)
VALUES (2121474048, 1, 268435456)
     , (2121474048, 95, 1)
     , (2121474048, 133, 4)
     , (2121474048, 16, 32)
     , (2121474048, 93, 1040);

INSERT INTO `ace_object_properties_double` (`aceObjectId`, `dblPropertyId`, `propertyValue`)
VALUES (2121474048, 54, 2);

INSERT INTO `ace_object_properties_bool` (`aceObjectId`, `boolPropertyId`, `propertyValue`)
VALUES (2121474048, 11, True)
     , (2121474048, 14, True);

INSERT INTO `ace_object` (`aceObjectId`, `aceObjectDescriptionFlags`, `weenieClassId`, `weenieHeaderFlags`, `currentMotionState`, `physicsDescriptionFlag`)
VALUES (2085257220, 9437232, 509, 16404, 'AAA9AAAAAAA=', 100355);

INSERT INTO `ace_position` (`aceObjectId`, `positionType`, `landblockRaw`, `posX`, `posY`, `posZ`, `qW`, `qX`, `qY`, `qZ`)
VALUES (2085257220, 1, 3299344401, 55.2651, 12.317, 59.39457, 0.3928849, 0, 0, -0.9195877);

INSERT INTO `ace_object_properties_string` (`aceObjectId`, `strPropertyId`, `propertyValue`)
VALUES (2085257220, 1, 'Life Stone');

INSERT INTO `ace_object_properties_did` (`aceObjectId`, `didPropertyId`, `propertyValue`)
VALUES (2085257220, 8, 100668245)
     , (2085257220, 1, 33555182)
     , (2085257220, 3, 536870932)
     , (2085257220, 2, 150994982);

INSERT INTO `ace_object_properties_int` (`aceObjectId`, `intPropertyId`, `propertyValue`)
VALUES (2085257220, 1, 268435456)
     , (2085257220, 95, 1)
     , (2085257220, 133, 4)
     , (2085257220, 16, 32)
     , (2085257220, 93, 1040);

INSERT INTO `ace_object_properties_double` (`aceObjectId`, `dblPropertyId`, `propertyValue`)
VALUES (2085257220, 54, 2);

INSERT INTO `ace_object_properties_bool` (`aceObjectId`, `boolPropertyId`, `propertyValue`)
VALUES (2085257220, 11, True)
     , (2085257220, 14, True);

INSERT INTO `ace_object` (`aceObjectId`, `aceObjectDescriptionFlags`, `weenieClassId`, `weenieHeaderFlags`, `currentMotionState`, `physicsDescriptionFlag`)
VALUES (1989849089, 9437232, 509, 16404, 'AAA9AAAAAAA=', 100355);

INSERT INTO `ace_position` (`aceObjectId`, `positionType`, `landblockRaw`, `posX`, `posY`, `posZ`, `qW`, `qX`, `qY`, `qZ`)
VALUES (1989849089, 1, 1772814346, 39.916, 37.227, 240, 1, 0, 0, 0);

INSERT INTO `ace_object_properties_string` (`aceObjectId`, `strPropertyId`, `propertyValue`)
VALUES (1989849089, 1, 'Life Stone');

INSERT INTO `ace_object_properties_did` (`aceObjectId`, `didPropertyId`, `propertyValue`)
VALUES (1989849089, 8, 100668245)
     , (1989849089, 1, 33555182)
     , (1989849089, 3, 536870932)
     , (1989849089, 2, 150994982);

INSERT INTO `ace_object_properties_int` (`aceObjectId`, `intPropertyId`, `propertyValue`)
VALUES (1989849089, 1, 268435456)
     , (1989849089, 95, 1)
     , (1989849089, 133, 4)
     , (1989849089, 16, 32)
     , (1989849089, 93, 1040);

INSERT INTO `ace_object_properties_double` (`aceObjectId`, `dblPropertyId`, `propertyValue`)
VALUES (1989849089, 54, 2);

INSERT INTO `ace_object_properties_bool` (`aceObjectId`, `boolPropertyId`, `propertyValue`)
VALUES (1989849089, 11, True)
     , (1989849089, 14, True);

INSERT INTO `ace_object` (`aceObjectId`, `aceObjectDescriptionFlags`, `weenieClassId`, `weenieHeaderFlags`, `currentMotionState`, `physicsDescriptionFlag`)
VALUES (1999646728, 9437232, 509, 16404, 'AAA9AAAAAAA=', 100355);

INSERT INTO `ace_position` (`aceObjectId`, `positionType`, `landblockRaw`, `posX`, `posY`, `posZ`, `qW`, `qX`, `qY`, `qZ`)
VALUES (1999646728, 1, 1929576756, 120, -160, -6, 0.020795, 0, 0, 0.9997838);

INSERT INTO `ace_object_properties_string` (`aceObjectId`, `strPropertyId`, `propertyValue`)
VALUES (1999646728, 1, 'Life Stone');

INSERT INTO `ace_object_properties_did` (`aceObjectId`, `didPropertyId`, `propertyValue`)
VALUES (1999646728, 8, 100668245)
     , (1999646728, 1, 33555182)
     , (1999646728, 3, 536870932)
     , (1999646728, 2, 150994982);

INSERT INTO `ace_object_properties_int` (`aceObjectId`, `intPropertyId`, `propertyValue`)
VALUES (1999646728, 1, 268435456)
     , (1999646728, 95, 1)
     , (1999646728, 133, 4)
     , (1999646728, 16, 32)
     , (1999646728, 93, 1040);

INSERT INTO `ace_object_properties_double` (`aceObjectId`, `dblPropertyId`, `propertyValue`)
VALUES (1999646728, 54, 2);

INSERT INTO `ace_object_properties_bool` (`aceObjectId`, `boolPropertyId`, `propertyValue`)
VALUES (1999646728, 11, True)
     , (1999646728, 14, True);

INSERT INTO `ace_object` (`aceObjectId`, `aceObjectDescriptionFlags`, `weenieClassId`, `weenieHeaderFlags`, `currentMotionState`, `physicsDescriptionFlag`)
VALUES (2079850586, 9437232, 509, 16404, 'AAA9AAAAAAA=', 100355);

INSERT INTO `ace_position` (`aceObjectId`, `positionType`, `landblockRaw`, `posX`, `posY`, `posZ`, `qW`, `qX`, `qY`, `qZ`)
VALUES (2079850586, 1, 3212836914, 144.614, 26.9077, 34, 0.8846503, 0, 0, 0.4662552);

INSERT INTO `ace_object_properties_string` (`aceObjectId`, `strPropertyId`, `propertyValue`)
VALUES (2079850586, 1, 'Life Stone');

INSERT INTO `ace_object_properties_did` (`aceObjectId`, `didPropertyId`, `propertyValue`)
VALUES (2079850586, 8, 100668245)
     , (2079850586, 1, 33555182)
     , (2079850586, 3, 536870932)
     , (2079850586, 2, 150994982);

INSERT INTO `ace_object_properties_int` (`aceObjectId`, `intPropertyId`, `propertyValue`)
VALUES (2079850586, 1, 268435456)
     , (2079850586, 95, 1)
     , (2079850586, 133, 4)
     , (2079850586, 16, 32)
     , (2079850586, 93, 1040);

INSERT INTO `ace_object_properties_double` (`aceObjectId`, `dblPropertyId`, `propertyValue`)
VALUES (2079850586, 54, 2);

INSERT INTO `ace_object_properties_bool` (`aceObjectId`, `boolPropertyId`, `propertyValue`)
VALUES (2079850586, 11, True)
     , (2079850586, 14, True);

INSERT INTO `ace_object` (`aceObjectId`, `aceObjectDescriptionFlags`, `weenieClassId`, `weenieHeaderFlags`, `currentMotionState`, `physicsDescriptionFlag`)
VALUES (2084044810, 9437232, 509, 16404, 'AAA9AAAAAAA=', 100355);

INSERT INTO `ace_position` (`aceObjectId`, `positionType`, `landblockRaw`, `posX`, `posY`, `posZ`, `qW`, `qX`, `qY`, `qZ`)
VALUES (2084044810, 1, 3279945734, 17.9662, 125.489, 34, -0.437001, 0, 0, 0.899461);

INSERT INTO `ace_object_properties_string` (`aceObjectId`, `strPropertyId`, `propertyValue`)
VALUES (2084044810, 1, 'Life Stone');

INSERT INTO `ace_object_properties_did` (`aceObjectId`, `didPropertyId`, `propertyValue`)
VALUES (2084044810, 8, 100668245)
     , (2084044810, 1, 33555182)
     , (2084044810, 3, 536870932)
     , (2084044810, 2, 150994982);

INSERT INTO `ace_object_properties_int` (`aceObjectId`, `intPropertyId`, `propertyValue`)
VALUES (2084044810, 1, 268435456)
     , (2084044810, 95, 1)
     , (2084044810, 133, 4)
     , (2084044810, 16, 32)
     , (2084044810, 93, 1040);

INSERT INTO `ace_object_properties_double` (`aceObjectId`, `dblPropertyId`, `propertyValue`)
VALUES (2084044810, 54, 2);

INSERT INTO `ace_object_properties_bool` (`aceObjectId`, `boolPropertyId`, `propertyValue`)
VALUES (2084044810, 11, True)
     , (2084044810, 14, True);

INSERT INTO `ace_object` (`aceObjectId`, `aceObjectDescriptionFlags`, `weenieClassId`, `weenieHeaderFlags`, `currentMotionState`, `physicsDescriptionFlag`)
VALUES (2047209472, 9437232, 509, 16404, 'AAA9AAAAAAA=', 100355);

INSERT INTO `ace_position` (`aceObjectId`, `positionType`, `landblockRaw`, `posX`, `posY`, `posZ`, `qW`, `qX`, `qY`, `qZ`)
VALUES (2047209472, 1, 2690580521, 140.024, 11.7193, 69.35473, 0.618684, 0, 0, -0.7856399);

INSERT INTO `ace_object_properties_string` (`aceObjectId`, `strPropertyId`, `propertyValue`)
VALUES (2047209472, 1, 'Life Stone');

INSERT INTO `ace_object_properties_did` (`aceObjectId`, `didPropertyId`, `propertyValue`)
VALUES (2047209472, 8, 100668245)
     , (2047209472, 1, 33555182)
     , (2047209472, 3, 536870932)
     , (2047209472, 2, 150994982);

INSERT INTO `ace_object_properties_int` (`aceObjectId`, `intPropertyId`, `propertyValue`)
VALUES (2047209472, 1, 268435456)
     , (2047209472, 95, 1)
     , (2047209472, 133, 4)
     , (2047209472, 16, 32)
     , (2047209472, 93, 1040);

INSERT INTO `ace_object_properties_double` (`aceObjectId`, `dblPropertyId`, `propertyValue`)
VALUES (2047209472, 54, 2);

INSERT INTO `ace_object_properties_bool` (`aceObjectId`, `boolPropertyId`, `propertyValue`)
VALUES (2047209472, 11, True)
     , (2047209472, 14, True);

INSERT INTO `ace_object` (`aceObjectId`, `aceObjectDescriptionFlags`, `weenieClassId`, `weenieHeaderFlags`, `currentMotionState`, `physicsDescriptionFlag`)
VALUES (2042081283, 9437232, 509, 16404, 'AAA9AAAAAAA=', 100355);

INSERT INTO `ace_position` (`aceObjectId`, `positionType`, `landblockRaw`, `posX`, `posY`, `posZ`, `qW`, `qX`, `qY`, `qZ`)
VALUES (2042081283, 1, 2608529421, 29.7163, 104.495, 16.47636, 0.4689049, 0, 0, 0.8832487);

INSERT INTO `ace_object_properties_string` (`aceObjectId`, `strPropertyId`, `propertyValue`)
VALUES (2042081283, 1, 'Life Stone');

INSERT INTO `ace_object_properties_did` (`aceObjectId`, `didPropertyId`, `propertyValue`)
VALUES (2042081283, 8, 100668245)
     , (2042081283, 1, 33555182)
     , (2042081283, 3, 536870932)
     , (2042081283, 2, 150994982);

INSERT INTO `ace_object_properties_int` (`aceObjectId`, `intPropertyId`, `propertyValue`)
VALUES (2042081283, 1, 268435456)
     , (2042081283, 95, 1)
     , (2042081283, 133, 4)
     , (2042081283, 16, 32)
     , (2042081283, 93, 1040);

INSERT INTO `ace_object_properties_double` (`aceObjectId`, `dblPropertyId`, `propertyValue`)
VALUES (2042081283, 54, 2);

INSERT INTO `ace_object_properties_bool` (`aceObjectId`, `boolPropertyId`, `propertyValue`)
VALUES (2042081283, 11, True)
     , (2042081283, 14, True);

INSERT INTO `ace_object` (`aceObjectId`, `aceObjectDescriptionFlags`, `weenieClassId`, `weenieHeaderFlags`, `currentMotionState`, `physicsDescriptionFlag`)
VALUES (2070302727, 9437232, 509, 16404, 'AAA9AAAAAAA=', 100355);

INSERT INTO `ace_position` (`aceObjectId`, `positionType`, `landblockRaw`, `posX`, `posY`, `posZ`, `qW`, `qX`, `qY`, `qZ`)
VALUES (2070302727, 1, 3060072502, 156.64, 131.992, 14, 0.325404, 0, 0, 0.9455751);

INSERT INTO `ace_object_properties_string` (`aceObjectId`, `strPropertyId`, `propertyValue`)
VALUES (2070302727, 1, 'Life Stone');

INSERT INTO `ace_object_properties_did` (`aceObjectId`, `didPropertyId`, `propertyValue`)
VALUES (2070302727, 8, 100668245)
     , (2070302727, 1, 33555182)
     , (2070302727, 3, 536870932)
     , (2070302727, 2, 150994982);

INSERT INTO `ace_object_properties_int` (`aceObjectId`, `intPropertyId`, `propertyValue`)
VALUES (2070302727, 1, 268435456)
     , (2070302727, 95, 1)
     , (2070302727, 133, 4)
     , (2070302727, 16, 32)
     , (2070302727, 93, 1040);

INSERT INTO `ace_object_properties_double` (`aceObjectId`, `dblPropertyId`, `propertyValue`)
VALUES (2070302727, 54, 2);

INSERT INTO `ace_object_properties_bool` (`aceObjectId`, `boolPropertyId`, `propertyValue`)
VALUES (2070302727, 11, True)
     , (2070302727, 14, True);

INSERT INTO `ace_object` (`aceObjectId`, `aceObjectDescriptionFlags`, `weenieClassId`, `weenieHeaderFlags`, `currentMotionState`, `physicsDescriptionFlag`)
VALUES (1962684418, 9437232, 509, 16404, 'AAA9AAAAAAA=', 100355);

INSERT INTO `ace_position` (`aceObjectId`, `positionType`, `landblockRaw`, `posX`, `posY`, `posZ`, `qW`, `qX`, `qY`, `qZ`)
VALUES (1962684418, 1, 1338179620, 111.321, 95.9742, 0, -0.9804089, 0, 0, -0.196973);

INSERT INTO `ace_object_properties_string` (`aceObjectId`, `strPropertyId`, `propertyValue`)
VALUES (1962684418, 1, 'Life Stone');

INSERT INTO `ace_object_properties_did` (`aceObjectId`, `didPropertyId`, `propertyValue`)
VALUES (1962684418, 8, 100668245)
     , (1962684418, 1, 33555182)
     , (1962684418, 3, 536870932)
     , (1962684418, 2, 150994982);

INSERT INTO `ace_object_properties_int` (`aceObjectId`, `intPropertyId`, `propertyValue`)
VALUES (1962684418, 1, 268435456)
     , (1962684418, 95, 1)
     , (1962684418, 133, 4)
     , (1962684418, 16, 32)
     , (1962684418, 93, 1040);

INSERT INTO `ace_object_properties_double` (`aceObjectId`, `dblPropertyId`, `propertyValue`)
VALUES (1962684418, 54, 2);

INSERT INTO `ace_object_properties_bool` (`aceObjectId`, `boolPropertyId`, `propertyValue`)
VALUES (1962684418, 11, True)
     , (1962684418, 14, True);

INSERT INTO `ace_object` (`aceObjectId`, `aceObjectDescriptionFlags`, `weenieClassId`, `weenieHeaderFlags`, `currentMotionState`, `physicsDescriptionFlag`)
VALUES (1978474496, 9437232, 509, 16404, 'AAA9AAAAAAA=', 100355);

INSERT INTO `ace_position` (`aceObjectId`, `positionType`, `landblockRaw`, `posX`, `posY`, `posZ`, `qW`, `qX`, `qY`, `qZ`)
VALUES (1978474496, 1, 1590820894, 90.195, 139.761, 25.64675, 0.8305099, 0, 0, -0.5570039);

INSERT INTO `ace_object_properties_string` (`aceObjectId`, `strPropertyId`, `propertyValue`)
VALUES (1978474496, 1, 'Life Stone');

INSERT INTO `ace_object_properties_did` (`aceObjectId`, `didPropertyId`, `propertyValue`)
VALUES (1978474496, 8, 100668245)
     , (1978474496, 1, 33555182)
     , (1978474496, 3, 536870932)
     , (1978474496, 2, 150994982);

INSERT INTO `ace_object_properties_int` (`aceObjectId`, `intPropertyId`, `propertyValue`)
VALUES (1978474496, 1, 268435456)
     , (1978474496, 95, 1)
     , (1978474496, 133, 4)
     , (1978474496, 16, 32)
     , (1978474496, 93, 1040);

INSERT INTO `ace_object_properties_double` (`aceObjectId`, `dblPropertyId`, `propertyValue`)
VALUES (1978474496, 54, 2);

INSERT INTO `ace_object_properties_bool` (`aceObjectId`, `boolPropertyId`, `propertyValue`)
VALUES (1978474496, 11, True)
     , (1978474496, 14, True);

INSERT INTO `ace_object` (`aceObjectId`, `aceObjectDescriptionFlags`, `weenieClassId`, `weenieHeaderFlags`, `currentMotionState`, `physicsDescriptionFlag`)
VALUES (2042900480, 9437232, 509, 16404, 'AAA9AAAAAAA=', 100355);

INSERT INTO `ace_position` (`aceObjectId`, `positionType`, `landblockRaw`, `posX`, `posY`, `posZ`, `qW`, `qX`, `qY`, `qZ`)
VALUES (2042900480, 1, 2621636635, 74.736, 67.3363, 112.3886, -0.9504551, 0, 0, -0.310862);

INSERT INTO `ace_object_properties_string` (`aceObjectId`, `strPropertyId`, `propertyValue`)
VALUES (2042900480, 1, 'Life Stone');

INSERT INTO `ace_object_properties_did` (`aceObjectId`, `didPropertyId`, `propertyValue`)
VALUES (2042900480, 8, 100668245)
     , (2042900480, 1, 33555182)
     , (2042900480, 3, 536870932)
     , (2042900480, 2, 150994982);

INSERT INTO `ace_object_properties_int` (`aceObjectId`, `intPropertyId`, `propertyValue`)
VALUES (2042900480, 1, 268435456)
     , (2042900480, 95, 1)
     , (2042900480, 133, 4)
     , (2042900480, 16, 32)
     , (2042900480, 93, 1040);

INSERT INTO `ace_object_properties_double` (`aceObjectId`, `dblPropertyId`, `propertyValue`)
VALUES (2042900480, 54, 2);

INSERT INTO `ace_object_properties_bool` (`aceObjectId`, `boolPropertyId`, `propertyValue`)
VALUES (2042900480, 11, True)
     , (2042900480, 14, True);

INSERT INTO `ace_object` (`aceObjectId`, `aceObjectDescriptionFlags`, `weenieClassId`, `weenieHeaderFlags`, `currentMotionState`, `physicsDescriptionFlag`)
VALUES (2026209282, 9437232, 509, 16404, 'AAA9AAAAAAA=', 100355);

INSERT INTO `ace_position` (`aceObjectId`, `positionType`, `landblockRaw`, `posX`, `posY`, `posZ`, `qW`, `qX`, `qY`, `qZ`)
VALUES (2026209282, 1, 2354577468, 173.682, 80.76, 30.4735, -0.8262584, 0, 0, 0.5632913);

INSERT INTO `ace_object_properties_string` (`aceObjectId`, `strPropertyId`, `propertyValue`)
VALUES (2026209282, 1, 'Life Stone');

INSERT INTO `ace_object_properties_did` (`aceObjectId`, `didPropertyId`, `propertyValue`)
VALUES (2026209282, 8, 100668245)
     , (2026209282, 1, 33555182)
     , (2026209282, 3, 536870932)
     , (2026209282, 2, 150994982);

INSERT INTO `ace_object_properties_int` (`aceObjectId`, `intPropertyId`, `propertyValue`)
VALUES (2026209282, 1, 268435456)
     , (2026209282, 95, 1)
     , (2026209282, 133, 4)
     , (2026209282, 16, 32)
     , (2026209282, 93, 1040);

INSERT INTO `ace_object_properties_double` (`aceObjectId`, `dblPropertyId`, `propertyValue`)
VALUES (2026209282, 54, 2);

INSERT INTO `ace_object_properties_bool` (`aceObjectId`, `boolPropertyId`, `propertyValue`)
VALUES (2026209282, 11, True)
     , (2026209282, 14, True);

INSERT INTO `ace_object` (`aceObjectId`, `aceObjectDescriptionFlags`, `weenieClassId`, `weenieHeaderFlags`, `currentMotionState`, `physicsDescriptionFlag`)
VALUES (2124734464, 9437232, 509, 16404, 'AAA9AAAAAAA=', 100355);

INSERT INTO `ace_position` (`aceObjectId`, `positionType`, `landblockRaw`, `posX`, `posY`, `posZ`, `qW`, `qX`, `qY`, `qZ`)
VALUES (2124734464, 1, 3930980380, 85.17, 87.8154, -0.45, 0.9556234, 0, 0, -0.2945911);

INSERT INTO `ace_object_properties_string` (`aceObjectId`, `strPropertyId`, `propertyValue`)
VALUES (2124734464, 1, 'Life Stone');

INSERT INTO `ace_object_properties_did` (`aceObjectId`, `didPropertyId`, `propertyValue`)
VALUES (2124734464, 8, 100668245)
     , (2124734464, 1, 33555182)
     , (2124734464, 3, 536870932)
     , (2124734464, 2, 150994982);

INSERT INTO `ace_object_properties_int` (`aceObjectId`, `intPropertyId`, `propertyValue`)
VALUES (2124734464, 1, 268435456)
     , (2124734464, 95, 1)
     , (2124734464, 133, 4)
     , (2124734464, 16, 32)
     , (2124734464, 93, 1040);

INSERT INTO `ace_object_properties_double` (`aceObjectId`, `dblPropertyId`, `propertyValue`)
VALUES (2124734464, 54, 2);

INSERT INTO `ace_object_properties_bool` (`aceObjectId`, `boolPropertyId`, `propertyValue`)
VALUES (2124734464, 11, True)
     , (2124734464, 14, True);

INSERT INTO `ace_object` (`aceObjectId`, `aceObjectDescriptionFlags`, `weenieClassId`, `weenieHeaderFlags`, `currentMotionState`, `physicsDescriptionFlag`)
VALUES (2039611392, 9437232, 509, 16404, 'AAA9AAAAAAA=', 100355);

INSERT INTO `ace_position` (`aceObjectId`, `positionType`, `landblockRaw`, `posX`, `posY`, `posZ`, `qW`, `qX`, `qY`, `qZ`)
VALUES (2039611392, 1, 2569011262, 175.051, 135.901, 130, 0.9956941, 0, 0, -0.09269991);

INSERT INTO `ace_object_properties_string` (`aceObjectId`, `strPropertyId`, `propertyValue`)
VALUES (2039611392, 1, 'Life Stone');

INSERT INTO `ace_object_properties_did` (`aceObjectId`, `didPropertyId`, `propertyValue`)
VALUES (2039611392, 8, 100668245)
     , (2039611392, 1, 33555182)
     , (2039611392, 3, 536870932)
     , (2039611392, 2, 150994982);

INSERT INTO `ace_object_properties_int` (`aceObjectId`, `intPropertyId`, `propertyValue`)
VALUES (2039611392, 1, 268435456)
     , (2039611392, 95, 1)
     , (2039611392, 133, 4)
     , (2039611392, 16, 32)
     , (2039611392, 93, 1040);

INSERT INTO `ace_object_properties_double` (`aceObjectId`, `dblPropertyId`, `propertyValue`)
VALUES (2039611392, 54, 2);

INSERT INTO `ace_object_properties_bool` (`aceObjectId`, `boolPropertyId`, `propertyValue`)
VALUES (2039611392, 11, True)
     , (2039611392, 14, True);

INSERT INTO `ace_object` (`aceObjectId`, `aceObjectDescriptionFlags`, `weenieClassId`, `weenieHeaderFlags`, `currentMotionState`, `physicsDescriptionFlag`)
VALUES (1903894542, 9437232, 509, 16404, 'AAA9AAAAAAA=', 100355);

INSERT INTO `ace_position` (`aceObjectId`, `positionType`, `landblockRaw`, `posX`, `posY`, `posZ`, `qW`, `qX`, `qY`, `qZ`)
VALUES (1903894542, 1, 397541411, 101.375, 53.2718, 44, 0.977793, 0, 0, 0.209573);

INSERT INTO `ace_object_properties_string` (`aceObjectId`, `strPropertyId`, `propertyValue`)
VALUES (1903894542, 1, 'Life Stone');

INSERT INTO `ace_object_properties_did` (`aceObjectId`, `didPropertyId`, `propertyValue`)
VALUES (1903894542, 8, 100668245)
     , (1903894542, 1, 33555182)
     , (1903894542, 3, 536870932)
     , (1903894542, 2, 150994982);

INSERT INTO `ace_object_properties_int` (`aceObjectId`, `intPropertyId`, `propertyValue`)
VALUES (1903894542, 1, 268435456)
     , (1903894542, 95, 1)
     , (1903894542, 133, 4)
     , (1903894542, 16, 32)
     , (1903894542, 93, 1040);

INSERT INTO `ace_object_properties_double` (`aceObjectId`, `dblPropertyId`, `propertyValue`)
VALUES (1903894542, 54, 2);

INSERT INTO `ace_object_properties_bool` (`aceObjectId`, `boolPropertyId`, `propertyValue`)
VALUES (1903894542, 11, True)
     , (1903894542, 14, True);

INSERT INTO `ace_object` (`aceObjectId`, `aceObjectDescriptionFlags`, `weenieClassId`, `weenieHeaderFlags`, `currentMotionState`, `physicsDescriptionFlag`)
VALUES (2080907264, 9437232, 509, 16404, 'AAA9AAAAAAA=', 100355);

INSERT INTO `ace_position` (`aceObjectId`, `positionType`, `landblockRaw`, `posX`, `posY`, `posZ`, `qW`, `qX`, `qY`, `qZ`)
VALUES (2080907264, 1, 3229745155, 6.17334, 60.6673, 45.57005, -0.951112, 0, 0, 0.308846);

INSERT INTO `ace_object_properties_string` (`aceObjectId`, `strPropertyId`, `propertyValue`)
VALUES (2080907264, 1, 'Life Stone');

INSERT INTO `ace_object_properties_did` (`aceObjectId`, `didPropertyId`, `propertyValue`)
VALUES (2080907264, 8, 100668245)
     , (2080907264, 1, 33555182)
     , (2080907264, 3, 536870932)
     , (2080907264, 2, 150994982);

INSERT INTO `ace_object_properties_int` (`aceObjectId`, `intPropertyId`, `propertyValue`)
VALUES (2080907264, 1, 268435456)
     , (2080907264, 95, 1)
     , (2080907264, 133, 4)
     , (2080907264, 16, 32)
     , (2080907264, 93, 1040);

INSERT INTO `ace_object_properties_double` (`aceObjectId`, `dblPropertyId`, `propertyValue`)
VALUES (2080907264, 54, 2);

INSERT INTO `ace_object_properties_bool` (`aceObjectId`, `boolPropertyId`, `propertyValue`)
VALUES (2080907264, 11, True)
     , (2080907264, 14, True);

INSERT INTO `ace_object` (`aceObjectId`, `aceObjectDescriptionFlags`, `weenieClassId`, `weenieHeaderFlags`, `currentMotionState`, `physicsDescriptionFlag`)
VALUES (2075656197, 9437232, 509, 16404, 'AAA9AAAAAAA=', 100355);

INSERT INTO `ace_position` (`aceObjectId`, `positionType`, `landblockRaw`, `posX`, `posY`, `posZ`, `qW`, `qX`, `qY`, `qZ`)
VALUES (2075656197, 1, 3145728063, 171.236, 150.405, 44, 0.9930732, 0, 0, -0.117497);

INSERT INTO `ace_object_properties_string` (`aceObjectId`, `strPropertyId`, `propertyValue`)
VALUES (2075656197, 1, 'Life Stone');

INSERT INTO `ace_object_properties_did` (`aceObjectId`, `didPropertyId`, `propertyValue`)
VALUES (2075656197, 8, 100668245)
     , (2075656197, 1, 33555182)
     , (2075656197, 3, 536870932)
     , (2075656197, 2, 150994982);

INSERT INTO `ace_object_properties_int` (`aceObjectId`, `intPropertyId`, `propertyValue`)
VALUES (2075656197, 1, 268435456)
     , (2075656197, 95, 1)
     , (2075656197, 133, 4)
     , (2075656197, 16, 32)
     , (2075656197, 93, 1040);

INSERT INTO `ace_object_properties_double` (`aceObjectId`, `dblPropertyId`, `propertyValue`)
VALUES (2075656197, 54, 2);

INSERT INTO `ace_object_properties_bool` (`aceObjectId`, `boolPropertyId`, `propertyValue`)
VALUES (2075656197, 11, True)
     , (2075656197, 14, True);

INSERT INTO `ace_object` (`aceObjectId`, `aceObjectDescriptionFlags`, `weenieClassId`, `weenieHeaderFlags`, `currentMotionState`, `physicsDescriptionFlag`)
VALUES (2036477953, 9437232, 509, 16404, 'AAA9AAAAAAA=', 100355);

INSERT INTO `ace_position` (`aceObjectId`, `positionType`, `landblockRaw`, `posX`, `posY`, `posZ`, `qW`, `qX`, `qY`, `qZ`)
VALUES (2036477953, 1, 2518876167, 11.6267, 161.083, 95.42358, -0.5673179, 0, 0, 0.8234988);

INSERT INTO `ace_object_properties_string` (`aceObjectId`, `strPropertyId`, `propertyValue`)
VALUES (2036477953, 1, 'Life Stone');

INSERT INTO `ace_object_properties_did` (`aceObjectId`, `didPropertyId`, `propertyValue`)
VALUES (2036477953, 8, 100668245)
     , (2036477953, 1, 33555182)
     , (2036477953, 3, 536870932)
     , (2036477953, 2, 150994982);

INSERT INTO `ace_object_properties_int` (`aceObjectId`, `intPropertyId`, `propertyValue`)
VALUES (2036477953, 1, 268435456)
     , (2036477953, 95, 1)
     , (2036477953, 133, 4)
     , (2036477953, 16, 32)
     , (2036477953, 93, 1040);

INSERT INTO `ace_object_properties_double` (`aceObjectId`, `dblPropertyId`, `propertyValue`)
VALUES (2036477953, 54, 2);

INSERT INTO `ace_object_properties_bool` (`aceObjectId`, `boolPropertyId`, `propertyValue`)
VALUES (2036477953, 11, True)
     , (2036477953, 14, True);

INSERT INTO `ace_object` (`aceObjectId`, `aceObjectDescriptionFlags`, `weenieClassId`, `weenieHeaderFlags`, `currentMotionState`, `physicsDescriptionFlag`)
VALUES (2032287744, 9437232, 509, 16404, 'AAA9AAAAAAA=', 100355);

INSERT INTO `ace_position` (`aceObjectId`, `positionType`, `landblockRaw`, `posX`, `posY`, `posZ`, `qW`, `qX`, `qY`, `qZ`)
VALUES (2032287744, 1, 2451832853, 62.39, 105.068, 88.75567, -0.9933312, 0, 0, -0.115296);

INSERT INTO `ace_object_properties_string` (`aceObjectId`, `strPropertyId`, `propertyValue`)
VALUES (2032287744, 1, 'Life Stone');

INSERT INTO `ace_object_properties_did` (`aceObjectId`, `didPropertyId`, `propertyValue`)
VALUES (2032287744, 8, 100668245)
     , (2032287744, 1, 33555182)
     , (2032287744, 3, 536870932)
     , (2032287744, 2, 150994982);

INSERT INTO `ace_object_properties_int` (`aceObjectId`, `intPropertyId`, `propertyValue`)
VALUES (2032287744, 1, 268435456)
     , (2032287744, 95, 1)
     , (2032287744, 133, 4)
     , (2032287744, 16, 32)
     , (2032287744, 93, 1040);

INSERT INTO `ace_object_properties_double` (`aceObjectId`, `dblPropertyId`, `propertyValue`)
VALUES (2032287744, 54, 2);

INSERT INTO `ace_object_properties_bool` (`aceObjectId`, `boolPropertyId`, `propertyValue`)
VALUES (2032287744, 11, True)
     , (2032287744, 14, True);

INSERT INTO `ace_object` (`aceObjectId`, `aceObjectDescriptionFlags`, `weenieClassId`, `weenieHeaderFlags`, `currentMotionState`, `physicsDescriptionFlag`)
VALUES (1932595202, 9437232, 509, 16404, 'AAA9AAAAAAA=', 100355);

INSERT INTO `ace_position` (`aceObjectId`, `positionType`, `landblockRaw`, `posX`, `posY`, `posZ`, `qW`, `qX`, `qY`, `qZ`)
VALUES (1932595202, 1, 856752145, 64.8614, 14.5966, 13.40512, -0.9798895, 0, 0, -0.1995409);

INSERT INTO `ace_object_properties_string` (`aceObjectId`, `strPropertyId`, `propertyValue`)
VALUES (1932595202, 1, 'Life Stone');

INSERT INTO `ace_object_properties_did` (`aceObjectId`, `didPropertyId`, `propertyValue`)
VALUES (1932595202, 8, 100668245)
     , (1932595202, 1, 33555182)
     , (1932595202, 3, 536870932)
     , (1932595202, 2, 150994982);

INSERT INTO `ace_object_properties_int` (`aceObjectId`, `intPropertyId`, `propertyValue`)
VALUES (1932595202, 1, 268435456)
     , (1932595202, 95, 1)
     , (1932595202, 133, 4)
     , (1932595202, 16, 32)
     , (1932595202, 93, 1040);

INSERT INTO `ace_object_properties_double` (`aceObjectId`, `dblPropertyId`, `propertyValue`)
VALUES (1932595202, 54, 2);

INSERT INTO `ace_object_properties_bool` (`aceObjectId`, `boolPropertyId`, `propertyValue`)
VALUES (1932595202, 11, True)
     , (1932595202, 14, True);

INSERT INTO `ace_object` (`aceObjectId`, `aceObjectDescriptionFlags`, `weenieClassId`, `weenieHeaderFlags`, `currentMotionState`, `physicsDescriptionFlag`)
VALUES (2089455616, 9437232, 509, 16404, 'AAA9AAAAAAA=', 100355);

INSERT INTO `ace_position` (`aceObjectId`, `positionType`, `landblockRaw`, `posX`, `posY`, `posZ`, `qW`, `qX`, `qY`, `qZ`)
VALUES (2089455616, 1, 3366518799, 29.0622, 164.809, 110.3119, 0.5688412, 0, 0, 0.8224474);

INSERT INTO `ace_object_properties_string` (`aceObjectId`, `strPropertyId`, `propertyValue`)
VALUES (2089455616, 1, 'Life Stone');

INSERT INTO `ace_object_properties_did` (`aceObjectId`, `didPropertyId`, `propertyValue`)
VALUES (2089455616, 8, 100668245)
     , (2089455616, 1, 33555182)
     , (2089455616, 3, 536870932)
     , (2089455616, 2, 150994982);

INSERT INTO `ace_object_properties_int` (`aceObjectId`, `intPropertyId`, `propertyValue`)
VALUES (2089455616, 1, 268435456)
     , (2089455616, 95, 1)
     , (2089455616, 133, 4)
     , (2089455616, 16, 32)
     , (2089455616, 93, 1040);

INSERT INTO `ace_object_properties_double` (`aceObjectId`, `dblPropertyId`, `propertyValue`)
VALUES (2089455616, 54, 2);

INSERT INTO `ace_object_properties_bool` (`aceObjectId`, `boolPropertyId`, `propertyValue`)
VALUES (2089455616, 11, True)
     , (2089455616, 14, True);

INSERT INTO `ace_object` (`aceObjectId`, `aceObjectDescriptionFlags`, `weenieClassId`, `weenieHeaderFlags`, `currentMotionState`, `physicsDescriptionFlag`)
VALUES (1927352320, 9437232, 509, 16404, 'AAA9AAAAAAA=', 100355);

INSERT INTO `ace_position` (`aceObjectId`, `positionType`, `landblockRaw`, `posX`, `posY`, `posZ`, `qW`, `qX`, `qY`, `qZ`)
VALUES (1927352320, 1, 772866097, 155.536, 10.2494, 56, -0.9993261, 0, 0, 0.0367067);

INSERT INTO `ace_object_properties_string` (`aceObjectId`, `strPropertyId`, `propertyValue`)
VALUES (1927352320, 1, 'Life Stone');

INSERT INTO `ace_object_properties_did` (`aceObjectId`, `didPropertyId`, `propertyValue`)
VALUES (1927352320, 8, 100668245)
     , (1927352320, 1, 33555182)
     , (1927352320, 3, 536870932)
     , (1927352320, 2, 150994982);

INSERT INTO `ace_object_properties_int` (`aceObjectId`, `intPropertyId`, `propertyValue`)
VALUES (1927352320, 1, 268435456)
     , (1927352320, 95, 1)
     , (1927352320, 133, 4)
     , (1927352320, 16, 32)
     , (1927352320, 93, 1040);

INSERT INTO `ace_object_properties_double` (`aceObjectId`, `dblPropertyId`, `propertyValue`)
VALUES (1927352320, 54, 2);

INSERT INTO `ace_object_properties_bool` (`aceObjectId`, `boolPropertyId`, `propertyValue`)
VALUES (1927352320, 11, True)
     , (1927352320, 14, True);

INSERT INTO `ace_object` (`aceObjectId`, `aceObjectDescriptionFlags`, `weenieClassId`, `weenieHeaderFlags`, `currentMotionState`, `physicsDescriptionFlag`)
VALUES (1996558336, 9437232, 509, 16404, 'AAA9AAAAAAA=', 100355);

INSERT INTO `ace_position` (`aceObjectId`, `positionType`, `landblockRaw`, `posX`, `posY`, `posZ`, `qW`, `qX`, `qY`, `qZ`)
VALUES (1996558336, 1, 1880162312, 19.3048, 177.802, 54.39127, 0.9715072, 0, 0, 0.23701);

INSERT INTO `ace_object_properties_string` (`aceObjectId`, `strPropertyId`, `propertyValue`)
VALUES (1996558336, 1, 'Life Stone');

INSERT INTO `ace_object_properties_did` (`aceObjectId`, `didPropertyId`, `propertyValue`)
VALUES (1996558336, 8, 100668245)
     , (1996558336, 1, 33555182)
     , (1996558336, 3, 536870932)
     , (1996558336, 2, 150994982);

INSERT INTO `ace_object_properties_int` (`aceObjectId`, `intPropertyId`, `propertyValue`)
VALUES (1996558336, 1, 268435456)
     , (1996558336, 95, 1)
     , (1996558336, 133, 4)
     , (1996558336, 16, 32)
     , (1996558336, 93, 1040);

INSERT INTO `ace_object_properties_double` (`aceObjectId`, `dblPropertyId`, `propertyValue`)
VALUES (1996558336, 54, 2);

INSERT INTO `ace_object_properties_bool` (`aceObjectId`, `boolPropertyId`, `propertyValue`)
VALUES (1996558336, 11, True)
     , (1996558336, 14, True);

INSERT INTO `ace_object` (`aceObjectId`, `aceObjectDescriptionFlags`, `weenieClassId`, `weenieHeaderFlags`, `currentMotionState`, `physicsDescriptionFlag`)
VALUES (2090741760, 9437232, 509, 16404, 'AAA9AAAAAAA=', 100355);

INSERT INTO `ace_position` (`aceObjectId`, `positionType`, `landblockRaw`, `posX`, `posY`, `posZ`, `qW`, `qX`, `qY`, `qZ`)
VALUES (2090741760, 1, 3387097134, 133.764, 131.426, 26, 0.999959, 0, 0, -0.00905322);

INSERT INTO `ace_object_properties_string` (`aceObjectId`, `strPropertyId`, `propertyValue`)
VALUES (2090741760, 1, 'Life Stone');

INSERT INTO `ace_object_properties_did` (`aceObjectId`, `didPropertyId`, `propertyValue`)
VALUES (2090741760, 8, 100668245)
     , (2090741760, 1, 33555182)
     , (2090741760, 3, 536870932)
     , (2090741760, 2, 150994982);

INSERT INTO `ace_object_properties_int` (`aceObjectId`, `intPropertyId`, `propertyValue`)
VALUES (2090741760, 1, 268435456)
     , (2090741760, 95, 1)
     , (2090741760, 133, 4)
     , (2090741760, 16, 32)
     , (2090741760, 93, 1040);

INSERT INTO `ace_object_properties_double` (`aceObjectId`, `dblPropertyId`, `propertyValue`)
VALUES (2090741760, 54, 2);

INSERT INTO `ace_object_properties_bool` (`aceObjectId`, `boolPropertyId`, `propertyValue`)
VALUES (2090741760, 11, True)
     , (2090741760, 14, True);

INSERT INTO `ace_object` (`aceObjectId`, `aceObjectDescriptionFlags`, `weenieClassId`, `weenieHeaderFlags`, `currentMotionState`, `physicsDescriptionFlag`)
VALUES (2019573768, 9437232, 509, 16404, 'AAA9AAAAAAA=', 100355);

INSERT INTO `ace_position` (`aceObjectId`, `positionType`, `landblockRaw`, `posX`, `posY`, `posZ`, `qW`, `qX`, `qY`, `qZ`)
VALUES (2019573768, 1, 2248409396, 120, -160, -6, 0.020795, 0, 0, 0.9997838);

INSERT INTO `ace_object_properties_string` (`aceObjectId`, `strPropertyId`, `propertyValue`)
VALUES (2019573768, 1, 'Life Stone');

INSERT INTO `ace_object_properties_did` (`aceObjectId`, `didPropertyId`, `propertyValue`)
VALUES (2019573768, 8, 100668245)
     , (2019573768, 1, 33555182)
     , (2019573768, 3, 536870932)
     , (2019573768, 2, 150994982);

INSERT INTO `ace_object_properties_int` (`aceObjectId`, `intPropertyId`, `propertyValue`)
VALUES (2019573768, 1, 268435456)
     , (2019573768, 95, 1)
     , (2019573768, 133, 4)
     , (2019573768, 16, 32)
     , (2019573768, 93, 1040);

INSERT INTO `ace_object_properties_double` (`aceObjectId`, `dblPropertyId`, `propertyValue`)
VALUES (2019573768, 54, 2);

INSERT INTO `ace_object_properties_bool` (`aceObjectId`, `boolPropertyId`, `propertyValue`)
VALUES (2019573768, 11, True)
     , (2019573768, 14, True);

INSERT INTO `ace_object` (`aceObjectId`, `aceObjectDescriptionFlags`, `weenieClassId`, `weenieHeaderFlags`, `currentMotionState`, `physicsDescriptionFlag`)
VALUES (1880690712, 9437232, 509, 16404, 'AAA9AAAAAAA=', 100355);

INSERT INTO `ace_position` (`aceObjectId`, `positionType`, `landblockRaw`, `posX`, `posY`, `posZ`, `qW`, `qX`, `qY`, `qZ`)
VALUES (1880690712, 1, 26280250, 20, -20, -60, 0.7071068, 0, 0, -0.7071068);

INSERT INTO `ace_object_properties_string` (`aceObjectId`, `strPropertyId`, `propertyValue`)
VALUES (1880690712, 1, 'Life Stone');

INSERT INTO `ace_object_properties_did` (`aceObjectId`, `didPropertyId`, `propertyValue`)
VALUES (1880690712, 8, 100668245)
     , (1880690712, 1, 33555182)
     , (1880690712, 3, 536870932)
     , (1880690712, 2, 150994982);

INSERT INTO `ace_object_properties_int` (`aceObjectId`, `intPropertyId`, `propertyValue`)
VALUES (1880690712, 1, 268435456)
     , (1880690712, 95, 1)
     , (1880690712, 133, 4)
     , (1880690712, 16, 32)
     , (1880690712, 93, 1040);

INSERT INTO `ace_object_properties_double` (`aceObjectId`, `dblPropertyId`, `propertyValue`)
VALUES (1880690712, 54, 2);

INSERT INTO `ace_object_properties_bool` (`aceObjectId`, `boolPropertyId`, `propertyValue`)
VALUES (1880690712, 11, True)
     , (1880690712, 14, True);

INSERT INTO `ace_object` (`aceObjectId`, `aceObjectDescriptionFlags`, `weenieClassId`, `weenieHeaderFlags`, `currentMotionState`, `physicsDescriptionFlag`)
VALUES (1990029313, 9437232, 509, 16404, 'AAA9AAAAAAA=', 100355);

INSERT INTO `ace_position` (`aceObjectId`, `positionType`, `landblockRaw`, `posX`, `posY`, `posZ`, `qW`, `qX`, `qY`, `qZ`)
VALUES (1990029313, 1, 1775697972, 157.753, 90.5397, 249.545, 0.8915943, 0, 0, -0.4528351);

INSERT INTO `ace_object_properties_string` (`aceObjectId`, `strPropertyId`, `propertyValue`)
VALUES (1990029313, 1, 'Life Stone');

INSERT INTO `ace_object_properties_did` (`aceObjectId`, `didPropertyId`, `propertyValue`)
VALUES (1990029313, 8, 100668245)
     , (1990029313, 1, 33555182)
     , (1990029313, 3, 536870932)
     , (1990029313, 2, 150994982);

INSERT INTO `ace_object_properties_int` (`aceObjectId`, `intPropertyId`, `propertyValue`)
VALUES (1990029313, 1, 268435456)
     , (1990029313, 95, 1)
     , (1990029313, 133, 4)
     , (1990029313, 16, 32)
     , (1990029313, 93, 1040);

INSERT INTO `ace_object_properties_double` (`aceObjectId`, `dblPropertyId`, `propertyValue`)
VALUES (1990029313, 54, 2);

INSERT INTO `ace_object_properties_bool` (`aceObjectId`, `boolPropertyId`, `propertyValue`)
VALUES (1990029313, 11, True)
     , (1990029313, 14, True);

INSERT INTO `ace_object` (`aceObjectId`, `aceObjectDescriptionFlags`, `weenieClassId`, `weenieHeaderFlags`, `currentMotionState`, `physicsDescriptionFlag`)
VALUES (2036961280, 9437232, 509, 16404, 'AAA9AAAAAAA=', 100355);

INSERT INTO `ace_position` (`aceObjectId`, `positionType`, `landblockRaw`, `posX`, `posY`, `posZ`, `qW`, `qX`, `qY`, `qZ`)
VALUES (2036961280, 1, 2526609454, 138.622, 122.379, 224, 0.9998537, 0, 0, 0.0171045);

INSERT INTO `ace_object_properties_string` (`aceObjectId`, `strPropertyId`, `propertyValue`)
VALUES (2036961280, 1, 'Life Stone');

INSERT INTO `ace_object_properties_did` (`aceObjectId`, `didPropertyId`, `propertyValue`)
VALUES (2036961280, 8, 100668245)
     , (2036961280, 1, 33555182)
     , (2036961280, 3, 536870932)
     , (2036961280, 2, 150994982);

INSERT INTO `ace_object_properties_int` (`aceObjectId`, `intPropertyId`, `propertyValue`)
VALUES (2036961280, 1, 268435456)
     , (2036961280, 95, 1)
     , (2036961280, 133, 4)
     , (2036961280, 16, 32)
     , (2036961280, 93, 1040);

INSERT INTO `ace_object_properties_double` (`aceObjectId`, `dblPropertyId`, `propertyValue`)
VALUES (2036961280, 54, 2);

INSERT INTO `ace_object_properties_bool` (`aceObjectId`, `boolPropertyId`, `propertyValue`)
VALUES (2036961280, 11, True)
     , (2036961280, 14, True);

INSERT INTO `ace_object` (`aceObjectId`, `aceObjectDescriptionFlags`, `weenieClassId`, `weenieHeaderFlags`, `currentMotionState`, `physicsDescriptionFlag`)
VALUES (1938341888, 9437232, 509, 16404, 'AAA9AAAAAAA=', 100355);

INSERT INTO `ace_position` (`aceObjectId`, `positionType`, `landblockRaw`, `posX`, `posY`, `posZ`, `qW`, `qX`, `qY`, `qZ`)
VALUES (1938341888, 1, 948699194, 184.699, 40.6984, 82, -0.06152892, 0, 0, -0.9981053);

INSERT INTO `ace_object_properties_string` (`aceObjectId`, `strPropertyId`, `propertyValue`)
VALUES (1938341888, 1, 'Life Stone');

INSERT INTO `ace_object_properties_did` (`aceObjectId`, `didPropertyId`, `propertyValue`)
VALUES (1938341888, 8, 100668245)
     , (1938341888, 1, 33555182)
     , (1938341888, 3, 536870932)
     , (1938341888, 2, 150994982);

INSERT INTO `ace_object_properties_int` (`aceObjectId`, `intPropertyId`, `propertyValue`)
VALUES (1938341888, 1, 268435456)
     , (1938341888, 95, 1)
     , (1938341888, 133, 4)
     , (1938341888, 16, 32)
     , (1938341888, 93, 1040);

INSERT INTO `ace_object_properties_double` (`aceObjectId`, `dblPropertyId`, `propertyValue`)
VALUES (1938341888, 54, 2);

INSERT INTO `ace_object_properties_bool` (`aceObjectId`, `boolPropertyId`, `propertyValue`)
VALUES (1938341888, 11, True)
     , (1938341888, 14, True);

INSERT INTO `ace_object` (`aceObjectId`, `aceObjectDescriptionFlags`, `weenieClassId`, `weenieHeaderFlags`, `currentMotionState`, `physicsDescriptionFlag`)
VALUES (2052800521, 9437232, 509, 16404, 'AAA9AAAAAAA=', 100355);

INSERT INTO `ace_position` (`aceObjectId`, `positionType`, `landblockRaw`, `posX`, `posY`, `posZ`, `qW`, `qX`, `qY`, `qZ`)
VALUES (2052800521, 1, 2780037181, 174.116, 103.073, 46, 0.9247142, 0, 0, -0.3806621);

INSERT INTO `ace_object_properties_string` (`aceObjectId`, `strPropertyId`, `propertyValue`)
VALUES (2052800521, 1, 'Life Stone');

INSERT INTO `ace_object_properties_did` (`aceObjectId`, `didPropertyId`, `propertyValue`)
VALUES (2052800521, 8, 100668245)
     , (2052800521, 1, 33555182)
     , (2052800521, 3, 536870932)
     , (2052800521, 2, 150994982);

INSERT INTO `ace_object_properties_int` (`aceObjectId`, `intPropertyId`, `propertyValue`)
VALUES (2052800521, 1, 268435456)
     , (2052800521, 95, 1)
     , (2052800521, 133, 4)
     , (2052800521, 16, 32)
     , (2052800521, 93, 1040);

INSERT INTO `ace_object_properties_double` (`aceObjectId`, `dblPropertyId`, `propertyValue`)
VALUES (2052800521, 54, 2);

INSERT INTO `ace_object_properties_bool` (`aceObjectId`, `boolPropertyId`, `propertyValue`)
VALUES (2052800521, 11, True)
     , (2052800521, 14, True);

INSERT INTO `ace_object` (`aceObjectId`, `aceObjectDescriptionFlags`, `weenieClassId`, `weenieHeaderFlags`, `currentMotionState`, `physicsDescriptionFlag`)
VALUES (2047098880, 9437232, 509, 16404, 'AAA9AAAAAAA=', 100355);

INSERT INTO `ace_position` (`aceObjectId`, `positionType`, `landblockRaw`, `posX`, `posY`, `posZ`, `qW`, `qX`, `qY`, `qZ`)
VALUES (2047098880, 1, 2688811043, 99.9775, 54.1059, 56.68619, -0.09531422, 0, 0, -0.9954472);

INSERT INTO `ace_object_properties_string` (`aceObjectId`, `strPropertyId`, `propertyValue`)
VALUES (2047098880, 1, 'Life Stone');

INSERT INTO `ace_object_properties_did` (`aceObjectId`, `didPropertyId`, `propertyValue`)
VALUES (2047098880, 8, 100668245)
     , (2047098880, 1, 33555182)
     , (2047098880, 3, 536870932)
     , (2047098880, 2, 150994982);

INSERT INTO `ace_object_properties_int` (`aceObjectId`, `intPropertyId`, `propertyValue`)
VALUES (2047098880, 1, 268435456)
     , (2047098880, 95, 1)
     , (2047098880, 133, 4)
     , (2047098880, 16, 32)
     , (2047098880, 93, 1040);

INSERT INTO `ace_object_properties_double` (`aceObjectId`, `dblPropertyId`, `propertyValue`)
VALUES (2047098880, 54, 2);

INSERT INTO `ace_object_properties_bool` (`aceObjectId`, `boolPropertyId`, `propertyValue`)
VALUES (2047098880, 11, True)
     , (2047098880, 14, True);

INSERT INTO `ace_object` (`aceObjectId`, `aceObjectDescriptionFlags`, `weenieClassId`, `weenieHeaderFlags`, `currentMotionState`, `physicsDescriptionFlag`)
VALUES (2050637830, 9437232, 509, 16404, 'AAA9AAAAAAA=', 100355);

INSERT INTO `ace_position` (`aceObjectId`, `positionType`, `landblockRaw`, `posX`, `posY`, `posZ`, `qW`, `qX`, `qY`, `qZ`)
VALUES (2050637830, 1, 2745434149, 117.425, 103.42, 80, -0.8311148, 0, 0, 0.5561009);

INSERT INTO `ace_object_properties_string` (`aceObjectId`, `strPropertyId`, `propertyValue`)
VALUES (2050637830, 1, 'Life Stone');

INSERT INTO `ace_object_properties_did` (`aceObjectId`, `didPropertyId`, `propertyValue`)
VALUES (2050637830, 8, 100668245)
     , (2050637830, 1, 33555182)
     , (2050637830, 3, 536870932)
     , (2050637830, 2, 150994982);

INSERT INTO `ace_object_properties_int` (`aceObjectId`, `intPropertyId`, `propertyValue`)
VALUES (2050637830, 1, 268435456)
     , (2050637830, 95, 1)
     , (2050637830, 133, 4)
     , (2050637830, 16, 32)
     , (2050637830, 93, 1040);

INSERT INTO `ace_object_properties_double` (`aceObjectId`, `dblPropertyId`, `propertyValue`)
VALUES (2050637830, 54, 2);

INSERT INTO `ace_object_properties_bool` (`aceObjectId`, `boolPropertyId`, `propertyValue`)
VALUES (2050637830, 11, True)
     , (2050637830, 14, True);

INSERT INTO `ace_object` (`aceObjectId`, `aceObjectDescriptionFlags`, `weenieClassId`, `weenieHeaderFlags`, `currentMotionState`, `physicsDescriptionFlag`)
VALUES (2097500160, 9437232, 509, 16404, 'AAA9AAAAAAA=', 100355);

INSERT INTO `ace_position` (`aceObjectId`, `positionType`, `landblockRaw`, `posX`, `posY`, `posZ`, `qW`, `qX`, `qY`, `qZ`)
VALUES (2097500160, 1, 3495231521, 102.678, 12.7019, 238, -0.016965, 0, 0, -0.9998561);

INSERT INTO `ace_object_properties_string` (`aceObjectId`, `strPropertyId`, `propertyValue`)
VALUES (2097500160, 1, 'Life Stone');

INSERT INTO `ace_object_properties_did` (`aceObjectId`, `didPropertyId`, `propertyValue`)
VALUES (2097500160, 8, 100668245)
     , (2097500160, 1, 33555182)
     , (2097500160, 3, 536870932)
     , (2097500160, 2, 150994982);

INSERT INTO `ace_object_properties_int` (`aceObjectId`, `intPropertyId`, `propertyValue`)
VALUES (2097500160, 1, 268435456)
     , (2097500160, 95, 1)
     , (2097500160, 133, 4)
     , (2097500160, 16, 32)
     , (2097500160, 93, 1040);

INSERT INTO `ace_object_properties_double` (`aceObjectId`, `dblPropertyId`, `propertyValue`)
VALUES (2097500160, 54, 2);

INSERT INTO `ace_object_properties_bool` (`aceObjectId`, `boolPropertyId`, `propertyValue`)
VALUES (2097500160, 11, True)
     , (2097500160, 14, True);

INSERT INTO `ace_object` (`aceObjectId`, `aceObjectDescriptionFlags`, `weenieClassId`, `weenieHeaderFlags`, `currentMotionState`, `physicsDescriptionFlag`)
VALUES (1992171524, 9437232, 509, 16404, 'AAA9AAAAAAA=', 100355);

INSERT INTO `ace_position` (`aceObjectId`, `positionType`, `landblockRaw`, `posX`, `posY`, `posZ`, `qW`, `qX`, `qY`, `qZ`)
VALUES (1992171524, 1, 1809973300, 148.302, 92.4129, 84, 0.8442358, 0, 0, 0.5359719);

INSERT INTO `ace_object_properties_string` (`aceObjectId`, `strPropertyId`, `propertyValue`)
VALUES (1992171524, 1, 'Life Stone');

INSERT INTO `ace_object_properties_did` (`aceObjectId`, `didPropertyId`, `propertyValue`)
VALUES (1992171524, 8, 100668245)
     , (1992171524, 1, 33555182)
     , (1992171524, 3, 536870932)
     , (1992171524, 2, 150994982);

INSERT INTO `ace_object_properties_int` (`aceObjectId`, `intPropertyId`, `propertyValue`)
VALUES (1992171524, 1, 268435456)
     , (1992171524, 95, 1)
     , (1992171524, 133, 4)
     , (1992171524, 16, 32)
     , (1992171524, 93, 1040);

INSERT INTO `ace_object_properties_double` (`aceObjectId`, `dblPropertyId`, `propertyValue`)
VALUES (1992171524, 54, 2);

INSERT INTO `ace_object_properties_bool` (`aceObjectId`, `boolPropertyId`, `propertyValue`)
VALUES (1992171524, 11, True)
     , (1992171524, 14, True);

INSERT INTO `ace_object` (`aceObjectId`, `aceObjectDescriptionFlags`, `weenieClassId`, `weenieHeaderFlags`, `currentMotionState`, `physicsDescriptionFlag`)
VALUES (2109968387, 9437232, 509, 16404, 'AAA9AAAAAAA=', 100355);

INSERT INTO `ace_position` (`aceObjectId`, `positionType`, `landblockRaw`, `posX`, `posY`, `posZ`, `qW`, `qX`, `qY`, `qZ`)
VALUES (2109968387, 1, 3694723080, 5.57258, 173.828, 14, -0.8503788, 0, 0, 0.5261709);

INSERT INTO `ace_object_properties_string` (`aceObjectId`, `strPropertyId`, `propertyValue`)
VALUES (2109968387, 1, 'Life Stone');

INSERT INTO `ace_object_properties_did` (`aceObjectId`, `didPropertyId`, `propertyValue`)
VALUES (2109968387, 8, 100668245)
     , (2109968387, 1, 33555182)
     , (2109968387, 3, 536870932)
     , (2109968387, 2, 150994982);

INSERT INTO `ace_object_properties_int` (`aceObjectId`, `intPropertyId`, `propertyValue`)
VALUES (2109968387, 1, 268435456)
     , (2109968387, 95, 1)
     , (2109968387, 133, 4)
     , (2109968387, 16, 32)
     , (2109968387, 93, 1040);

INSERT INTO `ace_object_properties_double` (`aceObjectId`, `dblPropertyId`, `propertyValue`)
VALUES (2109968387, 54, 2);

INSERT INTO `ace_object_properties_bool` (`aceObjectId`, `boolPropertyId`, `propertyValue`)
VALUES (2109968387, 11, True)
     , (2109968387, 14, True);

INSERT INTO `ace_object` (`aceObjectId`, `aceObjectDescriptionFlags`, `weenieClassId`, `weenieHeaderFlags`, `currentMotionState`, `physicsDescriptionFlag`)
VALUES (2091122688, 9437232, 509, 16404, 'AAA9AAAAAAA=', 100355);

INSERT INTO `ace_position` (`aceObjectId`, `positionType`, `landblockRaw`, `posX`, `posY`, `posZ`, `qW`, `qX`, `qY`, `qZ`)
VALUES (2091122688, 1, 3393191947, 46.8114, 56.8978, 150, 0.9113312, 0, 0, -0.4116741);

INSERT INTO `ace_object_properties_string` (`aceObjectId`, `strPropertyId`, `propertyValue`)
VALUES (2091122688, 1, 'Life Stone');

INSERT INTO `ace_object_properties_did` (`aceObjectId`, `didPropertyId`, `propertyValue`)
VALUES (2091122688, 8, 100668245)
     , (2091122688, 1, 33555182)
     , (2091122688, 3, 536870932)
     , (2091122688, 2, 150994982);

INSERT INTO `ace_object_properties_int` (`aceObjectId`, `intPropertyId`, `propertyValue`)
VALUES (2091122688, 1, 268435456)
     , (2091122688, 95, 1)
     , (2091122688, 133, 4)
     , (2091122688, 16, 32)
     , (2091122688, 93, 1040);

INSERT INTO `ace_object_properties_double` (`aceObjectId`, `dblPropertyId`, `propertyValue`)
VALUES (2091122688, 54, 2);

INSERT INTO `ace_object_properties_bool` (`aceObjectId`, `boolPropertyId`, `propertyValue`)
VALUES (2091122688, 11, True)
     , (2091122688, 14, True);

INSERT INTO `ace_object` (`aceObjectId`, `aceObjectDescriptionFlags`, `weenieClassId`, `weenieHeaderFlags`, `currentMotionState`, `physicsDescriptionFlag`)
VALUES (2038923264, 9437232, 509, 16404, 'AAA9AAAAAAA=', 100355);

INSERT INTO `ace_position` (`aceObjectId`, `positionType`, `landblockRaw`, `posX`, `posY`, `posZ`, `qW`, `qX`, `qY`, `qZ`)
VALUES (2038923264, 1, 2558001172, 49.6096, 94.6732, 32.13413, -0.8325, 0, 0, 0.554025);

INSERT INTO `ace_object_properties_string` (`aceObjectId`, `strPropertyId`, `propertyValue`)
VALUES (2038923264, 1, 'Life Stone');

INSERT INTO `ace_object_properties_did` (`aceObjectId`, `didPropertyId`, `propertyValue`)
VALUES (2038923264, 8, 100668245)
     , (2038923264, 1, 33555182)
     , (2038923264, 3, 536870932)
     , (2038923264, 2, 150994982);

INSERT INTO `ace_object_properties_int` (`aceObjectId`, `intPropertyId`, `propertyValue`)
VALUES (2038923264, 1, 268435456)
     , (2038923264, 95, 1)
     , (2038923264, 133, 4)
     , (2038923264, 16, 32)
     , (2038923264, 93, 1040);

INSERT INTO `ace_object_properties_double` (`aceObjectId`, `dblPropertyId`, `propertyValue`)
VALUES (2038923264, 54, 2);

INSERT INTO `ace_object_properties_bool` (`aceObjectId`, `boolPropertyId`, `propertyValue`)
VALUES (2038923264, 11, True)
     , (2038923264, 14, True);

INSERT INTO `ace_object` (`aceObjectId`, `aceObjectDescriptionFlags`, `weenieClassId`, `weenieHeaderFlags`, `currentMotionState`, `physicsDescriptionFlag`)
VALUES (2010546177, 9437232, 509, 16404, 'AAA9AAAAAAA=', 100355);

INSERT INTO `ace_position` (`aceObjectId`, `positionType`, `landblockRaw`, `posX`, `posY`, `posZ`, `qW`, `qX`, `qY`, `qZ`)
VALUES (2010546177, 1, 2103967777, 108.103, 14.1641, 10, 0.7178149, 0, 0, 0.6962339);

INSERT INTO `ace_object_properties_string` (`aceObjectId`, `strPropertyId`, `propertyValue`)
VALUES (2010546177, 1, 'Life Stone');

INSERT INTO `ace_object_properties_did` (`aceObjectId`, `didPropertyId`, `propertyValue`)
VALUES (2010546177, 8, 100668245)
     , (2010546177, 1, 33555182)
     , (2010546177, 3, 536870932)
     , (2010546177, 2, 150994982);

INSERT INTO `ace_object_properties_int` (`aceObjectId`, `intPropertyId`, `propertyValue`)
VALUES (2010546177, 1, 268435456)
     , (2010546177, 95, 1)
     , (2010546177, 133, 4)
     , (2010546177, 16, 32)
     , (2010546177, 93, 1040);

INSERT INTO `ace_object_properties_double` (`aceObjectId`, `dblPropertyId`, `propertyValue`)
VALUES (2010546177, 54, 2);

INSERT INTO `ace_object_properties_bool` (`aceObjectId`, `boolPropertyId`, `propertyValue`)
VALUES (2010546177, 11, True)
     , (2010546177, 14, True);

INSERT INTO `ace_object` (`aceObjectId`, `aceObjectDescriptionFlags`, `weenieClassId`, `weenieHeaderFlags`, `currentMotionState`, `physicsDescriptionFlag`)
VALUES (1944866818, 9437232, 509, 16404, 'AAA9AAAAAAA=', 100355);

INSERT INTO `ace_position` (`aceObjectId`, `positionType`, `landblockRaw`, `posX`, `posY`, `posZ`, `qW`, `qX`, `qY`, `qZ`)
VALUES (1944866818, 1, 1053097995, 31.7472, 66.0093, 8, 0.3547169, 0, 0, -0.9349738);

INSERT INTO `ace_object_properties_string` (`aceObjectId`, `strPropertyId`, `propertyValue`)
VALUES (1944866818, 1, 'Life Stone');

INSERT INTO `ace_object_properties_did` (`aceObjectId`, `didPropertyId`, `propertyValue`)
VALUES (1944866818, 8, 100668245)
     , (1944866818, 1, 33555182)
     , (1944866818, 3, 536870932)
     , (1944866818, 2, 150994982);

INSERT INTO `ace_object_properties_int` (`aceObjectId`, `intPropertyId`, `propertyValue`)
VALUES (1944866818, 1, 268435456)
     , (1944866818, 95, 1)
     , (1944866818, 133, 4)
     , (1944866818, 16, 32)
     , (1944866818, 93, 1040);

INSERT INTO `ace_object_properties_double` (`aceObjectId`, `dblPropertyId`, `propertyValue`)
VALUES (1944866818, 54, 2);

INSERT INTO `ace_object_properties_bool` (`aceObjectId`, `boolPropertyId`, `propertyValue`)
VALUES (1944866818, 11, True)
     , (1944866818, 14, True);

INSERT INTO `ace_object` (`aceObjectId`, `aceObjectDescriptionFlags`, `weenieClassId`, `weenieHeaderFlags`, `currentMotionState`, `physicsDescriptionFlag`)
VALUES (2062389255, 9437232, 509, 16404, 'AAA9AAAAAAA=', 100355);

INSERT INTO `ace_position` (`aceObjectId`, `positionType`, `landblockRaw`, `posX`, `posY`, `posZ`, `qW`, `qX`, `qY`, `qZ`)
VALUES (2062389255, 1, 2933456955, 178.332, 65.8374, 16, 0.999998, 0, 0, -0.00197659);

INSERT INTO `ace_object_properties_string` (`aceObjectId`, `strPropertyId`, `propertyValue`)
VALUES (2062389255, 1, 'Life Stone');

INSERT INTO `ace_object_properties_did` (`aceObjectId`, `didPropertyId`, `propertyValue`)
VALUES (2062389255, 8, 100668245)
     , (2062389255, 1, 33555182)
     , (2062389255, 3, 536870932)
     , (2062389255, 2, 150994982);

INSERT INTO `ace_object_properties_int` (`aceObjectId`, `intPropertyId`, `propertyValue`)
VALUES (2062389255, 1, 268435456)
     , (2062389255, 95, 1)
     , (2062389255, 133, 4)
     , (2062389255, 16, 32)
     , (2062389255, 93, 1040);

INSERT INTO `ace_object_properties_double` (`aceObjectId`, `dblPropertyId`, `propertyValue`)
VALUES (2062389255, 54, 2);

INSERT INTO `ace_object_properties_bool` (`aceObjectId`, `boolPropertyId`, `propertyValue`)
VALUES (2062389255, 11, True)
     , (2062389255, 14, True);

INSERT INTO `ace_object` (`aceObjectId`, `aceObjectDescriptionFlags`, `weenieClassId`, `weenieHeaderFlags`, `currentMotionState`, `physicsDescriptionFlag`)
VALUES (2067271686, 9437232, 509, 16404, 'AAA9AAAAAAA=', 100355);

INSERT INTO `ace_position` (`aceObjectId`, `positionType`, `landblockRaw`, `posX`, `posY`, `posZ`, `qW`, `qX`, `qY`, `qZ`)
VALUES (2067271686, 1, 3011575847, 113.068, 162.61, 24, -0.456331, 0, 0, 0.8898101);

INSERT INTO `ace_object_properties_string` (`aceObjectId`, `strPropertyId`, `propertyValue`)
VALUES (2067271686, 1, 'Life Stone');

INSERT INTO `ace_object_properties_did` (`aceObjectId`, `didPropertyId`, `propertyValue`)
VALUES (2067271686, 8, 100668245)
     , (2067271686, 1, 33555182)
     , (2067271686, 3, 536870932)
     , (2067271686, 2, 150994982);

INSERT INTO `ace_object_properties_int` (`aceObjectId`, `intPropertyId`, `propertyValue`)
VALUES (2067271686, 1, 268435456)
     , (2067271686, 95, 1)
     , (2067271686, 133, 4)
     , (2067271686, 16, 32)
     , (2067271686, 93, 1040);

INSERT INTO `ace_object_properties_double` (`aceObjectId`, `dblPropertyId`, `propertyValue`)
VALUES (2067271686, 54, 2);

INSERT INTO `ace_object_properties_bool` (`aceObjectId`, `boolPropertyId`, `propertyValue`)
VALUES (2067271686, 11, True)
     , (2067271686, 14, True);

INSERT INTO `ace_object` (`aceObjectId`, `aceObjectDescriptionFlags`, `weenieClassId`, `weenieHeaderFlags`, `currentMotionState`, `physicsDescriptionFlag`)
VALUES (2046443529, 9437232, 509, 16404, 'AAA9AAAAAAA=', 100355);

INSERT INTO `ace_position` (`aceObjectId`, `positionType`, `landblockRaw`, `posX`, `posY`, `posZ`, `qW`, `qX`, `qY`, `qZ`)
VALUES (2046443529, 1, 2678325303, 164.197, 163.109, 84.40759, 0.3965871, 0, 0, 0.9179971);

INSERT INTO `ace_object_properties_string` (`aceObjectId`, `strPropertyId`, `propertyValue`)
VALUES (2046443529, 1, 'Life Stone');

INSERT INTO `ace_object_properties_did` (`aceObjectId`, `didPropertyId`, `propertyValue`)
VALUES (2046443529, 8, 100668245)
     , (2046443529, 1, 33555182)
     , (2046443529, 3, 536870932)
     , (2046443529, 2, 150994982);

INSERT INTO `ace_object_properties_int` (`aceObjectId`, `intPropertyId`, `propertyValue`)
VALUES (2046443529, 1, 268435456)
     , (2046443529, 95, 1)
     , (2046443529, 133, 4)
     , (2046443529, 16, 32)
     , (2046443529, 93, 1040);

INSERT INTO `ace_object_properties_double` (`aceObjectId`, `dblPropertyId`, `propertyValue`)
VALUES (2046443529, 54, 2);

INSERT INTO `ace_object_properties_bool` (`aceObjectId`, `boolPropertyId`, `propertyValue`)
VALUES (2046443529, 11, True)
     , (2046443529, 14, True);

INSERT INTO `ace_object` (`aceObjectId`, `aceObjectDescriptionFlags`, `weenieClassId`, `weenieHeaderFlags`, `currentMotionState`, `physicsDescriptionFlag`)
VALUES (2044469249, 9437232, 509, 16404, 'AAA9AAAAAAA=', 100355);

INSERT INTO `ace_position` (`aceObjectId`, `positionType`, `landblockRaw`, `posX`, `posY`, `posZ`, `qW`, `qX`, `qY`, `qZ`)
VALUES (2044469249, 1, 2646736940, 121.452, 90.6454, 27.9, -0.514882, 0, 0, 0.8572611);

INSERT INTO `ace_object_properties_string` (`aceObjectId`, `strPropertyId`, `propertyValue`)
VALUES (2044469249, 1, 'Life Stone');

INSERT INTO `ace_object_properties_did` (`aceObjectId`, `didPropertyId`, `propertyValue`)
VALUES (2044469249, 8, 100668245)
     , (2044469249, 1, 33555182)
     , (2044469249, 3, 536870932)
     , (2044469249, 2, 150994982);

INSERT INTO `ace_object_properties_int` (`aceObjectId`, `intPropertyId`, `propertyValue`)
VALUES (2044469249, 1, 268435456)
     , (2044469249, 95, 1)
     , (2044469249, 133, 4)
     , (2044469249, 16, 32)
     , (2044469249, 93, 1040);

INSERT INTO `ace_object_properties_double` (`aceObjectId`, `dblPropertyId`, `propertyValue`)
VALUES (2044469249, 54, 2);

INSERT INTO `ace_object_properties_bool` (`aceObjectId`, `boolPropertyId`, `propertyValue`)
VALUES (2044469249, 11, True)
     , (2044469249, 14, True);

INSERT INTO `ace_object` (`aceObjectId`, `aceObjectDescriptionFlags`, `weenieClassId`, `weenieHeaderFlags`, `currentMotionState`, `physicsDescriptionFlag`)
VALUES (2124533760, 9437232, 509, 16404, 'AAA9AAAAAAA=', 100355);

INSERT INTO `ace_position` (`aceObjectId`, `positionType`, `landblockRaw`, `posX`, `posY`, `posZ`, `qW`, `qX`, `qY`, `qZ`)
VALUES (2124533760, 1, 3927769094, 9.13829, 128.252, 0, -0.0008441177, 0, 0, 0.9999996);

INSERT INTO `ace_object_properties_string` (`aceObjectId`, `strPropertyId`, `propertyValue`)
VALUES (2124533760, 1, 'Life Stone');

INSERT INTO `ace_object_properties_did` (`aceObjectId`, `didPropertyId`, `propertyValue`)
VALUES (2124533760, 8, 100668245)
     , (2124533760, 1, 33555182)
     , (2124533760, 3, 536870932)
     , (2124533760, 2, 150994982);

INSERT INTO `ace_object_properties_int` (`aceObjectId`, `intPropertyId`, `propertyValue`)
VALUES (2124533760, 1, 268435456)
     , (2124533760, 95, 1)
     , (2124533760, 133, 4)
     , (2124533760, 16, 32)
     , (2124533760, 93, 1040);

INSERT INTO `ace_object_properties_double` (`aceObjectId`, `dblPropertyId`, `propertyValue`)
VALUES (2124533760, 54, 2);

INSERT INTO `ace_object_properties_bool` (`aceObjectId`, `boolPropertyId`, `propertyValue`)
VALUES (2124533760, 11, True)
     , (2124533760, 14, True);

INSERT INTO `ace_object` (`aceObjectId`, `aceObjectDescriptionFlags`, `weenieClassId`, `weenieHeaderFlags`, `currentMotionState`, `physicsDescriptionFlag`)
VALUES (2132942879, 9437232, 509, 16404, 'AAA9AAAAAAA=', 100355);

INSERT INTO `ace_position` (`aceObjectId`, `positionType`, `landblockRaw`, `posX`, `posY`, `posZ`, `qW`, `qX`, `qY`, `qZ`)
VALUES (2132942879, 1, 4062314540, 134.291, 94.0989, 18, -0.144952, 0, 0, 0.9894387);

INSERT INTO `ace_object_properties_string` (`aceObjectId`, `strPropertyId`, `propertyValue`)
VALUES (2132942879, 1, 'Life Stone');

INSERT INTO `ace_object_properties_did` (`aceObjectId`, `didPropertyId`, `propertyValue`)
VALUES (2132942879, 8, 100668245)
     , (2132942879, 1, 33555182)
     , (2132942879, 3, 536870932)
     , (2132942879, 2, 150994982);

INSERT INTO `ace_object_properties_int` (`aceObjectId`, `intPropertyId`, `propertyValue`)
VALUES (2132942879, 1, 268435456)
     , (2132942879, 95, 1)
     , (2132942879, 133, 4)
     , (2132942879, 16, 32)
     , (2132942879, 93, 1040);

INSERT INTO `ace_object_properties_double` (`aceObjectId`, `dblPropertyId`, `propertyValue`)
VALUES (2132942879, 54, 2);

INSERT INTO `ace_object_properties_bool` (`aceObjectId`, `boolPropertyId`, `propertyValue`)
VALUES (2132942879, 11, True)
     , (2132942879, 14, True);

INSERT INTO `ace_object` (`aceObjectId`, `aceObjectDescriptionFlags`, `weenieClassId`, `weenieHeaderFlags`, `currentMotionState`, `physicsDescriptionFlag`)
VALUES (2089320457, 9437232, 509, 16404, 'AAA9AAAAAAA=', 100355);

INSERT INTO `ace_position` (`aceObjectId`, `positionType`, `landblockRaw`, `posX`, `posY`, `posZ`, `qW`, `qX`, `qY`, `qZ`)
VALUES (2089320457, 1, 3364356136, 101.437, 172.17, 28, 0.870746, 0, 0, -0.491733);

INSERT INTO `ace_object_properties_string` (`aceObjectId`, `strPropertyId`, `propertyValue`)
VALUES (2089320457, 1, 'Life Stone');

INSERT INTO `ace_object_properties_did` (`aceObjectId`, `didPropertyId`, `propertyValue`)
VALUES (2089320457, 8, 100668245)
     , (2089320457, 1, 33555182)
     , (2089320457, 3, 536870932)
     , (2089320457, 2, 150994982);

INSERT INTO `ace_object_properties_int` (`aceObjectId`, `intPropertyId`, `propertyValue`)
VALUES (2089320457, 1, 268435456)
     , (2089320457, 95, 1)
     , (2089320457, 133, 4)
     , (2089320457, 16, 32)
     , (2089320457, 93, 1040);

INSERT INTO `ace_object_properties_double` (`aceObjectId`, `dblPropertyId`, `propertyValue`)
VALUES (2089320457, 54, 2);

INSERT INTO `ace_object_properties_bool` (`aceObjectId`, `boolPropertyId`, `propertyValue`)
VALUES (2089320457, 11, True)
     , (2089320457, 14, True);

INSERT INTO `ace_object` (`aceObjectId`, `aceObjectDescriptionFlags`, `weenieClassId`, `weenieHeaderFlags`, `currentMotionState`, `physicsDescriptionFlag`)
VALUES (1882832920, 9437232, 509, 16404, 'AAA9AAAAAAA=', 100355);

INSERT INTO `ace_position` (`aceObjectId`, `positionType`, `landblockRaw`, `posX`, `posY`, `posZ`, `qW`, `qX`, `qY`, `qZ`)
VALUES (1882832920, 1, 60555673, 89.9443, -101.554, -6, -0.7826788, 0, 0, -0.6224258);

INSERT INTO `ace_object_properties_string` (`aceObjectId`, `strPropertyId`, `propertyValue`)
VALUES (1882832920, 1, 'Life Stone');

INSERT INTO `ace_object_properties_did` (`aceObjectId`, `didPropertyId`, `propertyValue`)
VALUES (1882832920, 8, 100668245)
     , (1882832920, 1, 33555182)
     , (1882832920, 3, 536870932)
     , (1882832920, 2, 150994982);

INSERT INTO `ace_object_properties_int` (`aceObjectId`, `intPropertyId`, `propertyValue`)
VALUES (1882832920, 1, 268435456)
     , (1882832920, 95, 1)
     , (1882832920, 133, 4)
     , (1882832920, 16, 32)
     , (1882832920, 93, 1040);

INSERT INTO `ace_object_properties_double` (`aceObjectId`, `dblPropertyId`, `propertyValue`)
VALUES (1882832920, 54, 2);

INSERT INTO `ace_object_properties_bool` (`aceObjectId`, `boolPropertyId`, `propertyValue`)
VALUES (1882832920, 11, True)
     , (1882832920, 14, True);

INSERT INTO `ace_object` (`aceObjectId`, `aceObjectDescriptionFlags`, `weenieClassId`, `weenieHeaderFlags`, `currentMotionState`, `physicsDescriptionFlag`)
VALUES (2033709058, 9437232, 509, 16404, 'AAA9AAAAAAA=', 100355);

INSERT INTO `ace_position` (`aceObjectId`, `positionType`, `landblockRaw`, `posX`, `posY`, `posZ`, `qW`, `qX`, `qY`, `qZ`)
VALUES (2033709058, 1, 2474573877, 155.134, 115.58, 33.4405, -0.4828508, 0, 0, 0.8757026);

INSERT INTO `ace_object_properties_string` (`aceObjectId`, `strPropertyId`, `propertyValue`)
VALUES (2033709058, 1, 'Life Stone');

INSERT INTO `ace_object_properties_did` (`aceObjectId`, `didPropertyId`, `propertyValue`)
VALUES (2033709058, 8, 100668245)
     , (2033709058, 1, 33555182)
     , (2033709058, 3, 536870932)
     , (2033709058, 2, 150994982);

INSERT INTO `ace_object_properties_int` (`aceObjectId`, `intPropertyId`, `propertyValue`)
VALUES (2033709058, 1, 268435456)
     , (2033709058, 95, 1)
     , (2033709058, 133, 4)
     , (2033709058, 16, 32)
     , (2033709058, 93, 1040);

INSERT INTO `ace_object_properties_double` (`aceObjectId`, `dblPropertyId`, `propertyValue`)
VALUES (2033709058, 54, 2);

INSERT INTO `ace_object_properties_bool` (`aceObjectId`, `boolPropertyId`, `propertyValue`)
VALUES (2033709058, 11, True)
     , (2033709058, 14, True);

INSERT INTO `ace_object` (`aceObjectId`, `aceObjectDescriptionFlags`, `weenieClassId`, `weenieHeaderFlags`, `currentMotionState`, `physicsDescriptionFlag`)
VALUES (2020003842, 9437232, 509, 16404, 'AAA9AAAAAAA=', 100355);

INSERT INTO `ace_position` (`aceObjectId`, `positionType`, `landblockRaw`, `posX`, `posY`, `posZ`, `qW`, `qX`, `qY`, `qZ`)
VALUES (2020003842, 1, 2255290384, 30.9289, 186.236, -0.1, -0.7767953, 0, 0, -0.6297532);

INSERT INTO `ace_object_properties_string` (`aceObjectId`, `strPropertyId`, `propertyValue`)
VALUES (2020003842, 1, 'Life Stone');

INSERT INTO `ace_object_properties_did` (`aceObjectId`, `didPropertyId`, `propertyValue`)
VALUES (2020003842, 8, 100668245)
     , (2020003842, 1, 33555182)
     , (2020003842, 3, 536870932)
     , (2020003842, 2, 150994982);

INSERT INTO `ace_object_properties_int` (`aceObjectId`, `intPropertyId`, `propertyValue`)
VALUES (2020003842, 1, 268435456)
     , (2020003842, 95, 1)
     , (2020003842, 133, 4)
     , (2020003842, 16, 32)
     , (2020003842, 93, 1040);

INSERT INTO `ace_object_properties_double` (`aceObjectId`, `dblPropertyId`, `propertyValue`)
VALUES (2020003842, 54, 2);

INSERT INTO `ace_object_properties_bool` (`aceObjectId`, `boolPropertyId`, `propertyValue`)
VALUES (2020003842, 11, True)
     , (2020003842, 14, True);

INSERT INTO `ace_object` (`aceObjectId`, `aceObjectDescriptionFlags`, `weenieClassId`, `weenieHeaderFlags`, `currentMotionState`, `physicsDescriptionFlag`)
VALUES (2020012032, 9437232, 509, 16404, 'AAA9AAAAAAA=', 100355);

INSERT INTO `ace_position` (`aceObjectId`, `positionType`, `landblockRaw`, `posX`, `posY`, `posZ`, `qW`, `qX`, `qY`, `qZ`)
VALUES (2020012032, 1, 2255421483, 140.028, 55.6023, 10, 0.08234856, 0, 0, 0.9966036);

INSERT INTO `ace_object_properties_string` (`aceObjectId`, `strPropertyId`, `propertyValue`)
VALUES (2020012032, 1, 'Life Stone');

INSERT INTO `ace_object_properties_did` (`aceObjectId`, `didPropertyId`, `propertyValue`)
VALUES (2020012032, 8, 100668245)
     , (2020012032, 1, 33555182)
     , (2020012032, 3, 536870932)
     , (2020012032, 2, 150994982);

INSERT INTO `ace_object_properties_int` (`aceObjectId`, `intPropertyId`, `propertyValue`)
VALUES (2020012032, 1, 268435456)
     , (2020012032, 95, 1)
     , (2020012032, 133, 4)
     , (2020012032, 16, 32)
     , (2020012032, 93, 1040);

INSERT INTO `ace_object_properties_double` (`aceObjectId`, `dblPropertyId`, `propertyValue`)
VALUES (2020012032, 54, 2);

INSERT INTO `ace_object_properties_bool` (`aceObjectId`, `boolPropertyId`, `propertyValue`)
VALUES (2020012032, 11, True)
     , (2020012032, 14, True);

INSERT INTO `ace_object` (`aceObjectId`, `aceObjectDescriptionFlags`, `weenieClassId`, `weenieHeaderFlags`, `currentMotionState`, `physicsDescriptionFlag`)
VALUES (2022100992, 9437232, 509, 16404, 'AAA9AAAAAAA=', 100355);

INSERT INTO `ace_position` (`aceObjectId`, `positionType`, `landblockRaw`, `posX`, `posY`, `posZ`, `qW`, `qX`, `qY`, `qZ`)
VALUES (2022100992, 1, 2288844813, 32.3736, 114.775, 26, 0.5956547, 0, 0, 0.8032406);

INSERT INTO `ace_object_properties_string` (`aceObjectId`, `strPropertyId`, `propertyValue`)
VALUES (2022100992, 1, 'Life Stone');

INSERT INTO `ace_object_properties_did` (`aceObjectId`, `didPropertyId`, `propertyValue`)
VALUES (2022100992, 8, 100668245)
     , (2022100992, 1, 33555182)
     , (2022100992, 3, 536870932)
     , (2022100992, 2, 150994982);

INSERT INTO `ace_object_properties_int` (`aceObjectId`, `intPropertyId`, `propertyValue`)
VALUES (2022100992, 1, 268435456)
     , (2022100992, 95, 1)
     , (2022100992, 133, 4)
     , (2022100992, 16, 32)
     , (2022100992, 93, 1040);

INSERT INTO `ace_object_properties_double` (`aceObjectId`, `dblPropertyId`, `propertyValue`)
VALUES (2022100992, 54, 2);

INSERT INTO `ace_object_properties_bool` (`aceObjectId`, `boolPropertyId`, `propertyValue`)
VALUES (2022100992, 11, True)
     , (2022100992, 14, True);

INSERT INTO `ace_object` (`aceObjectId`, `aceObjectDescriptionFlags`, `weenieClassId`, `weenieHeaderFlags`, `currentMotionState`, `physicsDescriptionFlag`)
VALUES (2017906688, 9437232, 509, 16404, 'AAA9AAAAAAA=', 100355);

INSERT INTO `ace_position` (`aceObjectId`, `positionType`, `landblockRaw`, `posX`, `posY`, `posZ`, `qW`, `qX`, `qY`, `qZ`)
VALUES (2017906688, 1, 2221735941, 16.3626, 117.45, 18, 0.7429092, 0, 0, -0.6693922);

INSERT INTO `ace_object_properties_string` (`aceObjectId`, `strPropertyId`, `propertyValue`)
VALUES (2017906688, 1, 'Life Stone');

INSERT INTO `ace_object_properties_did` (`aceObjectId`, `didPropertyId`, `propertyValue`)
VALUES (2017906688, 8, 100668245)
     , (2017906688, 1, 33555182)
     , (2017906688, 3, 536870932)
     , (2017906688, 2, 150994982);

INSERT INTO `ace_object_properties_int` (`aceObjectId`, `intPropertyId`, `propertyValue`)
VALUES (2017906688, 1, 268435456)
     , (2017906688, 95, 1)
     , (2017906688, 133, 4)
     , (2017906688, 16, 32)
     , (2017906688, 93, 1040);

INSERT INTO `ace_object_properties_double` (`aceObjectId`, `dblPropertyId`, `propertyValue`)
VALUES (2017906688, 54, 2);

INSERT INTO `ace_object_properties_bool` (`aceObjectId`, `boolPropertyId`, `propertyValue`)
VALUES (2017906688, 11, True)
     , (2017906688, 14, True);

INSERT INTO `ace_object` (`aceObjectId`, `aceObjectDescriptionFlags`, `weenieClassId`, `weenieHeaderFlags`, `currentMotionState`, `physicsDescriptionFlag`)
VALUES (2008645632, 9437232, 509, 16404, 'AAA9AAAAAAA=', 100355);

INSERT INTO `ace_position` (`aceObjectId`, `positionType`, `landblockRaw`, `posX`, `posY`, `posZ`, `qW`, `qX`, `qY`, `qZ`)
VALUES (2008645632, 1, 2073559057, 56.439, 14.9822, 112.7033, -0.5858579, 0, 0, 0.8104138);

INSERT INTO `ace_object_properties_string` (`aceObjectId`, `strPropertyId`, `propertyValue`)
VALUES (2008645632, 1, 'Life Stone');

INSERT INTO `ace_object_properties_did` (`aceObjectId`, `didPropertyId`, `propertyValue`)
VALUES (2008645632, 8, 100668245)
     , (2008645632, 1, 33555182)
     , (2008645632, 3, 536870932)
     , (2008645632, 2, 150994982);

INSERT INTO `ace_object_properties_int` (`aceObjectId`, `intPropertyId`, `propertyValue`)
VALUES (2008645632, 1, 268435456)
     , (2008645632, 95, 1)
     , (2008645632, 133, 4)
     , (2008645632, 16, 32)
     , (2008645632, 93, 1040);

INSERT INTO `ace_object_properties_double` (`aceObjectId`, `dblPropertyId`, `propertyValue`)
VALUES (2008645632, 54, 2);

INSERT INTO `ace_object_properties_bool` (`aceObjectId`, `boolPropertyId`, `propertyValue`)
VALUES (2008645632, 11, True)
     , (2008645632, 14, True);

INSERT INTO `ace_object` (`aceObjectId`, `aceObjectDescriptionFlags`, `weenieClassId`, `weenieHeaderFlags`, `currentMotionState`, `physicsDescriptionFlag`)
VALUES (2038575104, 9437232, 509, 16404, 'AAA9AAAAAAA=', 100355);

INSERT INTO `ace_position` (`aceObjectId`, `positionType`, `landblockRaw`, `posX`, `posY`, `posZ`, `qW`, `qX`, `qY`, `qZ`)
VALUES (2038575104, 1, 2552430648, 154.736, 177.799, 80.89467, -0.9979786, 0, 0, -0.06355137);

INSERT INTO `ace_object_properties_string` (`aceObjectId`, `strPropertyId`, `propertyValue`)
VALUES (2038575104, 1, 'Life Stone');

INSERT INTO `ace_object_properties_did` (`aceObjectId`, `didPropertyId`, `propertyValue`)
VALUES (2038575104, 8, 100668245)
     , (2038575104, 1, 33555182)
     , (2038575104, 3, 536870932)
     , (2038575104, 2, 150994982);

INSERT INTO `ace_object_properties_int` (`aceObjectId`, `intPropertyId`, `propertyValue`)
VALUES (2038575104, 1, 268435456)
     , (2038575104, 95, 1)
     , (2038575104, 133, 4)
     , (2038575104, 16, 32)
     , (2038575104, 93, 1040);

INSERT INTO `ace_object_properties_double` (`aceObjectId`, `dblPropertyId`, `propertyValue`)
VALUES (2038575104, 54, 2);

INSERT INTO `ace_object_properties_bool` (`aceObjectId`, `boolPropertyId`, `propertyValue`)
VALUES (2038575104, 11, True)
     , (2038575104, 14, True);

INSERT INTO `ace_object` (`aceObjectId`, `aceObjectDescriptionFlags`, `weenieClassId`, `weenieHeaderFlags`, `currentMotionState`, `physicsDescriptionFlag`)
VALUES (2122457102, 9437232, 509, 16404, 'AAA9AAAAAAA=', 100355);

INSERT INTO `ace_position` (`aceObjectId`, `positionType`, `landblockRaw`, `posX`, `posY`, `posZ`, `qW`, `qX`, `qY`, `qZ`)
VALUES (2122457102, 1, 3894542390, 154.895, 137.344, 0, -0.230506, 0, 0, 0.9730709);

INSERT INTO `ace_object_properties_string` (`aceObjectId`, `strPropertyId`, `propertyValue`)
VALUES (2122457102, 1, 'Life Stone');

INSERT INTO `ace_object_properties_did` (`aceObjectId`, `didPropertyId`, `propertyValue`)
VALUES (2122457102, 8, 100668245)
     , (2122457102, 1, 33555182)
     , (2122457102, 3, 536870932)
     , (2122457102, 2, 150994982);

INSERT INTO `ace_object_properties_int` (`aceObjectId`, `intPropertyId`, `propertyValue`)
VALUES (2122457102, 1, 268435456)
     , (2122457102, 95, 1)
     , (2122457102, 133, 4)
     , (2122457102, 16, 32)
     , (2122457102, 93, 1040);

INSERT INTO `ace_object_properties_double` (`aceObjectId`, `dblPropertyId`, `propertyValue`)
VALUES (2122457102, 54, 2);

INSERT INTO `ace_object_properties_bool` (`aceObjectId`, `boolPropertyId`, `propertyValue`)
VALUES (2122457102, 11, True)
     , (2122457102, 14, True);

INSERT INTO `ace_object` (`aceObjectId`, `aceObjectDescriptionFlags`, `weenieClassId`, `weenieHeaderFlags`, `currentMotionState`, `physicsDescriptionFlag`)
VALUES (2073473028, 9437232, 509, 16404, 'AAA9AAAAAAA=', 100355);

INSERT INTO `ace_position` (`aceObjectId`, `positionType`, `landblockRaw`, `posX`, `posY`, `posZ`, `qW`, `qX`, `qY`, `qZ`)
VALUES (2073473028, 1, 3110797352, 109.962, 173.984, 6, 0.9998003, 0, 0, -0.01998201);

INSERT INTO `ace_object_properties_string` (`aceObjectId`, `strPropertyId`, `propertyValue`)
VALUES (2073473028, 1, 'Life Stone');

INSERT INTO `ace_object_properties_did` (`aceObjectId`, `didPropertyId`, `propertyValue`)
VALUES (2073473028, 8, 100668245)
     , (2073473028, 1, 33555182)
     , (2073473028, 3, 536870932)
     , (2073473028, 2, 150994982);

INSERT INTO `ace_object_properties_int` (`aceObjectId`, `intPropertyId`, `propertyValue`)
VALUES (2073473028, 1, 268435456)
     , (2073473028, 95, 1)
     , (2073473028, 133, 4)
     , (2073473028, 16, 32)
     , (2073473028, 93, 1040);

INSERT INTO `ace_object_properties_double` (`aceObjectId`, `dblPropertyId`, `propertyValue`)
VALUES (2073473028, 54, 2);

INSERT INTO `ace_object_properties_bool` (`aceObjectId`, `boolPropertyId`, `propertyValue`)
VALUES (2073473028, 11, True)
     , (2073473028, 14, True);

INSERT INTO `ace_object` (`aceObjectId`, `aceObjectDescriptionFlags`, `weenieClassId`, `weenieHeaderFlags`, `currentMotionState`, `physicsDescriptionFlag`)
VALUES (1988829184, 9437232, 509, 16404, 'AAA9AAAAAAA=', 100355);

INSERT INTO `ace_position` (`aceObjectId`, `positionType`, `landblockRaw`, `posX`, `posY`, `posZ`, `qW`, `qX`, `qY`, `qZ`)
VALUES (1988829184, 1, 1756495876, 14.0667, 75.3146, 68.27622, -0.946473, 0, 0, 0.322783);

INSERT INTO `ace_object_properties_string` (`aceObjectId`, `strPropertyId`, `propertyValue`)
VALUES (1988829184, 1, 'Life Stone');

INSERT INTO `ace_object_properties_did` (`aceObjectId`, `didPropertyId`, `propertyValue`)
VALUES (1988829184, 8, 100668245)
     , (1988829184, 1, 33555182)
     , (1988829184, 3, 536870932)
     , (1988829184, 2, 150994982);

INSERT INTO `ace_object_properties_int` (`aceObjectId`, `intPropertyId`, `propertyValue`)
VALUES (1988829184, 1, 268435456)
     , (1988829184, 95, 1)
     , (1988829184, 133, 4)
     , (1988829184, 16, 32)
     , (1988829184, 93, 1040);

INSERT INTO `ace_object_properties_double` (`aceObjectId`, `dblPropertyId`, `propertyValue`)
VALUES (1988829184, 54, 2);

INSERT INTO `ace_object_properties_bool` (`aceObjectId`, `boolPropertyId`, `propertyValue`)
VALUES (1988829184, 11, True)
     , (1988829184, 14, True);

INSERT INTO `ace_object` (`aceObjectId`, `aceObjectDescriptionFlags`, `weenieClassId`, `weenieHeaderFlags`, `currentMotionState`, `physicsDescriptionFlag`)
VALUES (2002485249, 9437232, 509, 16404, 'AAA9AAAAAAA=', 100355);

INSERT INTO `ace_position` (`aceObjectId`, `positionType`, `landblockRaw`, `posX`, `posY`, `posZ`, `qW`, `qX`, `qY`, `qZ`)
VALUES (2002485249, 1, 1974992928, 92.1722, 172.784, 128, -0.7019778, 0, 0, -0.7121988);

INSERT INTO `ace_object_properties_string` (`aceObjectId`, `strPropertyId`, `propertyValue`)
VALUES (2002485249, 1, 'Life Stone');

INSERT INTO `ace_object_properties_did` (`aceObjectId`, `didPropertyId`, `propertyValue`)
VALUES (2002485249, 8, 100668245)
     , (2002485249, 1, 33555182)
     , (2002485249, 3, 536870932)
     , (2002485249, 2, 150994982);

INSERT INTO `ace_object_properties_int` (`aceObjectId`, `intPropertyId`, `propertyValue`)
VALUES (2002485249, 1, 268435456)
     , (2002485249, 95, 1)
     , (2002485249, 133, 4)
     , (2002485249, 16, 32)
     , (2002485249, 93, 1040);

INSERT INTO `ace_object_properties_double` (`aceObjectId`, `dblPropertyId`, `propertyValue`)
VALUES (2002485249, 54, 2);

INSERT INTO `ace_object_properties_bool` (`aceObjectId`, `boolPropertyId`, `propertyValue`)
VALUES (2002485249, 11, True)
     , (2002485249, 14, True);

INSERT INTO `ace_object` (`aceObjectId`, `aceObjectDescriptionFlags`, `weenieClassId`, `weenieHeaderFlags`, `currentMotionState`, `physicsDescriptionFlag`)
VALUES (2007801857, 9437232, 509, 16404, 'AAA9AAAAAAA=', 100355);

INSERT INTO `ace_position` (`aceObjectId`, `positionType`, `landblockRaw`, `posX`, `posY`, `posZ`, `qW`, `qX`, `qY`, `qZ`)
VALUES (2007801857, 1, 2060058634, 43.5416, 27.8085, 200, 0.999113, 0, 0, -0.042109);

INSERT INTO `ace_object_properties_string` (`aceObjectId`, `strPropertyId`, `propertyValue`)
VALUES (2007801857, 1, 'Life Stone');

INSERT INTO `ace_object_properties_did` (`aceObjectId`, `didPropertyId`, `propertyValue`)
VALUES (2007801857, 8, 100668245)
     , (2007801857, 1, 33555182)
     , (2007801857, 3, 536870932)
     , (2007801857, 2, 150994982);

INSERT INTO `ace_object_properties_int` (`aceObjectId`, `intPropertyId`, `propertyValue`)
VALUES (2007801857, 1, 268435456)
     , (2007801857, 95, 1)
     , (2007801857, 133, 4)
     , (2007801857, 16, 32)
     , (2007801857, 93, 1040);

INSERT INTO `ace_object_properties_double` (`aceObjectId`, `dblPropertyId`, `propertyValue`)
VALUES (2007801857, 54, 2);

INSERT INTO `ace_object_properties_bool` (`aceObjectId`, `boolPropertyId`, `propertyValue`)
VALUES (2007801857, 11, True)
     , (2007801857, 14, True);

INSERT INTO `ace_object` (`aceObjectId`, `aceObjectDescriptionFlags`, `weenieClassId`, `weenieHeaderFlags`, `currentMotionState`, `physicsDescriptionFlag`)
VALUES (2012229640, 9437232, 509, 16404, 'AAA9AAAAAAA=', 100355);

INSERT INTO `ace_position` (`aceObjectId`, `positionType`, `landblockRaw`, `posX`, `posY`, `posZ`, `qW`, `qX`, `qY`, `qZ`)
VALUES (2012229640, 1, 2130903348, 120, -160, -6, 0.020795, 0, 0, 0.9997838);

INSERT INTO `ace_object_properties_string` (`aceObjectId`, `strPropertyId`, `propertyValue`)
VALUES (2012229640, 1, 'Life Stone');

INSERT INTO `ace_object_properties_did` (`aceObjectId`, `didPropertyId`, `propertyValue`)
VALUES (2012229640, 8, 100668245)
     , (2012229640, 1, 33555182)
     , (2012229640, 3, 536870932)
     , (2012229640, 2, 150994982);

INSERT INTO `ace_object_properties_int` (`aceObjectId`, `intPropertyId`, `propertyValue`)
VALUES (2012229640, 1, 268435456)
     , (2012229640, 95, 1)
     , (2012229640, 133, 4)
     , (2012229640, 16, 32)
     , (2012229640, 93, 1040);

INSERT INTO `ace_object_properties_double` (`aceObjectId`, `dblPropertyId`, `propertyValue`)
VALUES (2012229640, 54, 2);

INSERT INTO `ace_object_properties_bool` (`aceObjectId`, `boolPropertyId`, `propertyValue`)
VALUES (2012229640, 11, True)
     , (2012229640, 14, True);

INSERT INTO `ace_object` (`aceObjectId`, `aceObjectDescriptionFlags`, `weenieClassId`, `weenieHeaderFlags`, `currentMotionState`, `physicsDescriptionFlag`)
VALUES (2077876225, 9437232, 509, 16404, 'AAA9AAAAAAA=', 100355);

INSERT INTO `ace_position` (`aceObjectId`, `positionType`, `landblockRaw`, `posX`, `posY`, `posZ`, `qW`, `qX`, `qY`, `qZ`)
VALUES (2077876225, 1, 3181248523, 42.3517, 58.6909, 9.595932, -0.398749, 0, 0, -0.9170601);

INSERT INTO `ace_object_properties_string` (`aceObjectId`, `strPropertyId`, `propertyValue`)
VALUES (2077876225, 1, 'Life Stone');

INSERT INTO `ace_object_properties_did` (`aceObjectId`, `didPropertyId`, `propertyValue`)
VALUES (2077876225, 8, 100668245)
     , (2077876225, 1, 33555182)
     , (2077876225, 3, 536870932)
     , (2077876225, 2, 150994982);

INSERT INTO `ace_object_properties_int` (`aceObjectId`, `intPropertyId`, `propertyValue`)
VALUES (2077876225, 1, 268435456)
     , (2077876225, 95, 1)
     , (2077876225, 133, 4)
     , (2077876225, 16, 32)
     , (2077876225, 93, 1040);

INSERT INTO `ace_object_properties_double` (`aceObjectId`, `dblPropertyId`, `propertyValue`)
VALUES (2077876225, 54, 2);

INSERT INTO `ace_object_properties_bool` (`aceObjectId`, `boolPropertyId`, `propertyValue`)
VALUES (2077876225, 11, True)
     , (2077876225, 14, True);

INSERT INTO `ace_object` (`aceObjectId`, `aceObjectDescriptionFlags`, `weenieClassId`, `weenieHeaderFlags`, `currentMotionState`, `physicsDescriptionFlag`)
VALUES (2075774976, 9437232, 509, 16404, 'AAA9AAAAAAA=', 100355);

INSERT INTO `ace_position` (`aceObjectId`, `positionType`, `landblockRaw`, `posX`, `posY`, `posZ`, `qW`, `qX`, `qY`, `qZ`)
VALUES (2075774976, 1, 3147628600, 155.176, 189.496, 36.65133, 0.90658, 0, 0, 0.422034);

INSERT INTO `ace_object_properties_string` (`aceObjectId`, `strPropertyId`, `propertyValue`)
VALUES (2075774976, 1, 'Life Stone');

INSERT INTO `ace_object_properties_did` (`aceObjectId`, `didPropertyId`, `propertyValue`)
VALUES (2075774976, 8, 100668245)
     , (2075774976, 1, 33555182)
     , (2075774976, 3, 536870932)
     , (2075774976, 2, 150994982);

INSERT INTO `ace_object_properties_int` (`aceObjectId`, `intPropertyId`, `propertyValue`)
VALUES (2075774976, 1, 268435456)
     , (2075774976, 95, 1)
     , (2075774976, 133, 4)
     , (2075774976, 16, 32)
     , (2075774976, 93, 1040);

INSERT INTO `ace_object_properties_double` (`aceObjectId`, `dblPropertyId`, `propertyValue`)
VALUES (2075774976, 54, 2);

INSERT INTO `ace_object_properties_bool` (`aceObjectId`, `boolPropertyId`, `propertyValue`)
VALUES (2075774976, 11, True)
     , (2075774976, 14, True);

INSERT INTO `ace_object` (`aceObjectId`, `aceObjectDescriptionFlags`, `weenieClassId`, `weenieHeaderFlags`, `currentMotionState`, `physicsDescriptionFlag`)
VALUES (1880784931, 9437232, 509, 16404, 'AAA9AAAAAAA=', 100355);

INSERT INTO `ace_position` (`aceObjectId`, `positionType`, `landblockRaw`, `posX`, `posY`, `posZ`, `qW`, `qX`, `qY`, `qZ`)
VALUES (1880784931, 1, 27787614, 40, -50, 0, 0.7071068, 0, 0, -0.7071068);

INSERT INTO `ace_object_properties_string` (`aceObjectId`, `strPropertyId`, `propertyValue`)
VALUES (1880784931, 1, 'Life Stone');

INSERT INTO `ace_object_properties_did` (`aceObjectId`, `didPropertyId`, `propertyValue`)
VALUES (1880784931, 8, 100668245)
     , (1880784931, 1, 33555182)
     , (1880784931, 3, 536870932)
     , (1880784931, 2, 150994982);

INSERT INTO `ace_object_properties_int` (`aceObjectId`, `intPropertyId`, `propertyValue`)
VALUES (1880784931, 1, 268435456)
     , (1880784931, 95, 1)
     , (1880784931, 133, 4)
     , (1880784931, 16, 32)
     , (1880784931, 93, 1040);

INSERT INTO `ace_object_properties_double` (`aceObjectId`, `dblPropertyId`, `propertyValue`)
VALUES (1880784931, 54, 2);

INSERT INTO `ace_object_properties_bool` (`aceObjectId`, `boolPropertyId`, `propertyValue`)
VALUES (1880784931, 11, True)
     , (1880784931, 14, True);

INSERT INTO `ace_object` (`aceObjectId`, `aceObjectDescriptionFlags`, `weenieClassId`, `weenieHeaderFlags`, `currentMotionState`, `physicsDescriptionFlag`)
VALUES (1880784923, 9437232, 509, 16404, 'AAA9AAAAAAA=', 100355);

INSERT INTO `ace_position` (`aceObjectId`, `positionType`, `landblockRaw`, `posX`, `posY`, `posZ`, `qW`, `qX`, `qY`, `qZ`)
VALUES (1880784923, 1, 27787601, 30, -80, 0, -0.7071068, 0, 0, -0.7071068);

INSERT INTO `ace_object_properties_string` (`aceObjectId`, `strPropertyId`, `propertyValue`)
VALUES (1880784923, 1, 'Life Stone');

INSERT INTO `ace_object_properties_did` (`aceObjectId`, `didPropertyId`, `propertyValue`)
VALUES (1880784923, 8, 100668245)
     , (1880784923, 1, 33555182)
     , (1880784923, 3, 536870932)
     , (1880784923, 2, 150994982);

INSERT INTO `ace_object_properties_int` (`aceObjectId`, `intPropertyId`, `propertyValue`)
VALUES (1880784923, 1, 268435456)
     , (1880784923, 95, 1)
     , (1880784923, 133, 4)
     , (1880784923, 16, 32)
     , (1880784923, 93, 1040);

INSERT INTO `ace_object_properties_double` (`aceObjectId`, `dblPropertyId`, `propertyValue`)
VALUES (1880784923, 54, 2);

INSERT INTO `ace_object_properties_bool` (`aceObjectId`, `boolPropertyId`, `propertyValue`)
VALUES (1880784923, 11, True)
     , (1880784923, 14, True);

INSERT INTO `ace_object` (`aceObjectId`, `aceObjectDescriptionFlags`, `weenieClassId`, `weenieHeaderFlags`, `currentMotionState`, `physicsDescriptionFlag`)
VALUES (2108416000, 9437232, 23618, 16404, 'AAA9AAAAAAA=', 100355);

INSERT INTO `ace_position` (`aceObjectId`, `positionType`, `landblockRaw`, `posX`, `posY`, `posZ`, `qW`, `qX`, `qY`, `qZ`)
VALUES (2108416000, 1, 3669884978, 155.427, 37.3825, 2, 0.5596507, 0, 0, -0.8287286);

INSERT INTO `ace_object_properties_string` (`aceObjectId`, `strPropertyId`, `propertyValue`)
VALUES (2108416000, 1, 'Life Stone');

INSERT INTO `ace_object_properties_did` (`aceObjectId`, `didPropertyId`, `propertyValue`)
VALUES (2108416000, 8, 100668245)
     , (2108416000, 1, 33558189)
     , (2108416000, 3, 536870932)
     , (2108416000, 2, 150995232);

INSERT INTO `ace_object_properties_int` (`aceObjectId`, `intPropertyId`, `propertyValue`)
VALUES (2108416000, 1, 268435456)
     , (2108416000, 95, 1)
     , (2108416000, 133, 4)
     , (2108416000, 16, 32)
     , (2108416000, 93, 1040);

INSERT INTO `ace_object_properties_double` (`aceObjectId`, `dblPropertyId`, `propertyValue`)
VALUES (2108416000, 54, 2);

INSERT INTO `ace_object_properties_bool` (`aceObjectId`, `boolPropertyId`, `propertyValue`)
VALUES (2108416000, 11, True)
     , (2108416000, 14, True);

INSERT INTO `ace_object` (`aceObjectId`, `aceObjectDescriptionFlags`, `weenieClassId`, `weenieHeaderFlags`, `currentMotionState`, `physicsDescriptionFlag`)
VALUES (2124664838, 9437232, 509, 16404, 'AAA9AAAAAAA=', 100355);

INSERT INTO `ace_position` (`aceObjectId`, `positionType`, `landblockRaw`, `posX`, `posY`, `posZ`, `qW`, `qX`, `qY`, `qZ`)
VALUES (2124664838, 1, 3929866256, 30.032, 182.433, 78.50267, 0.9974003, 0, 0, -0.07206012);

INSERT INTO `ace_object_properties_string` (`aceObjectId`, `strPropertyId`, `propertyValue`)
VALUES (2124664838, 1, 'Life Stone');

INSERT INTO `ace_object_properties_did` (`aceObjectId`, `didPropertyId`, `propertyValue`)
VALUES (2124664838, 8, 100668245)
     , (2124664838, 1, 33555182)
     , (2124664838, 3, 536870932)
     , (2124664838, 2, 150994982);

INSERT INTO `ace_object_properties_int` (`aceObjectId`, `intPropertyId`, `propertyValue`)
VALUES (2124664838, 1, 268435456)
     , (2124664838, 95, 1)
     , (2124664838, 133, 4)
     , (2124664838, 16, 32)
     , (2124664838, 93, 1040);

INSERT INTO `ace_object_properties_double` (`aceObjectId`, `dblPropertyId`, `propertyValue`)
VALUES (2124664838, 54, 2);

INSERT INTO `ace_object_properties_bool` (`aceObjectId`, `boolPropertyId`, `propertyValue`)
VALUES (2124664838, 11, True)
     , (2124664838, 14, True);

INSERT INTO `ace_object` (`aceObjectId`, `aceObjectDescriptionFlags`, `weenieClassId`, `weenieHeaderFlags`, `currentMotionState`, `physicsDescriptionFlag`)
VALUES (2096201728, 9437232, 509, 16404, 'AAA9AAAAAAA=', 100355);

INSERT INTO `ace_position` (`aceObjectId`, `positionType`, `landblockRaw`, `posX`, `posY`, `posZ`, `qW`, `qX`, `qY`, `qZ`)
VALUES (2096201728, 1, 3474456583, 3.75656, 150.849, 0, 0.970543, 0, 0, -0.240928);

INSERT INTO `ace_object_properties_string` (`aceObjectId`, `strPropertyId`, `propertyValue`)
VALUES (2096201728, 1, 'Life Stone');

INSERT INTO `ace_object_properties_did` (`aceObjectId`, `didPropertyId`, `propertyValue`)
VALUES (2096201728, 8, 100668245)
     , (2096201728, 1, 33555182)
     , (2096201728, 3, 536870932)
     , (2096201728, 2, 150994982);

INSERT INTO `ace_object_properties_int` (`aceObjectId`, `intPropertyId`, `propertyValue`)
VALUES (2096201728, 1, 268435456)
     , (2096201728, 95, 1)
     , (2096201728, 133, 4)
     , (2096201728, 16, 32)
     , (2096201728, 93, 1040);

INSERT INTO `ace_object_properties_double` (`aceObjectId`, `dblPropertyId`, `propertyValue`)
VALUES (2096201728, 54, 2);

INSERT INTO `ace_object_properties_bool` (`aceObjectId`, `boolPropertyId`, `propertyValue`)
VALUES (2096201728, 11, True)
     , (2096201728, 14, True);

INSERT INTO `ace_object` (`aceObjectId`, `aceObjectDescriptionFlags`, `weenieClassId`, `weenieHeaderFlags`, `currentMotionState`, `physicsDescriptionFlag`)
VALUES (2076299264, 9437232, 509, 16404, 'AAA9AAAAAAA=', 100355);

INSERT INTO `ace_position` (`aceObjectId`, `positionType`, `landblockRaw`, `posX`, `posY`, `posZ`, `qW`, `qX`, `qY`, `qZ`)
VALUES (2076299264, 1, 3156017161, 45.745, 5.54324, 0, -0.7870057, 0, 0, 0.6169457);

INSERT INTO `ace_object_properties_string` (`aceObjectId`, `strPropertyId`, `propertyValue`)
VALUES (2076299264, 1, 'Life Stone');

INSERT INTO `ace_object_properties_did` (`aceObjectId`, `didPropertyId`, `propertyValue`)
VALUES (2076299264, 8, 100668245)
     , (2076299264, 1, 33555182)
     , (2076299264, 3, 536870932)
     , (2076299264, 2, 150994982);

INSERT INTO `ace_object_properties_int` (`aceObjectId`, `intPropertyId`, `propertyValue`)
VALUES (2076299264, 1, 268435456)
     , (2076299264, 95, 1)
     , (2076299264, 133, 4)
     , (2076299264, 16, 32)
     , (2076299264, 93, 1040);

INSERT INTO `ace_object_properties_double` (`aceObjectId`, `dblPropertyId`, `propertyValue`)
VALUES (2076299264, 54, 2);

INSERT INTO `ace_object_properties_bool` (`aceObjectId`, `boolPropertyId`, `propertyValue`)
VALUES (2076299264, 11, True)
     , (2076299264, 14, True);

INSERT INTO `ace_object` (`aceObjectId`, `aceObjectDescriptionFlags`, `weenieClassId`, `weenieHeaderFlags`, `currentMotionState`, `physicsDescriptionFlag`)
VALUES (1944731649, 9437232, 509, 16404, 'AAA9AAAAAAA=', 100355);

INSERT INTO `ace_position` (`aceObjectId`, `positionType`, `landblockRaw`, `posX`, `posY`, `posZ`, `qW`, `qX`, `qY`, `qZ`)
VALUES (1944731649, 1, 1050935306, 35.8113, 38.1398, 0, 0.946879, 0, 0, -0.32159);

INSERT INTO `ace_object_properties_string` (`aceObjectId`, `strPropertyId`, `propertyValue`)
VALUES (1944731649, 1, 'Life Stone');

INSERT INTO `ace_object_properties_did` (`aceObjectId`, `didPropertyId`, `propertyValue`)
VALUES (1944731649, 8, 100668245)
     , (1944731649, 1, 33555182)
     , (1944731649, 3, 536870932)
     , (1944731649, 2, 150994982);

INSERT INTO `ace_object_properties_int` (`aceObjectId`, `intPropertyId`, `propertyValue`)
VALUES (1944731649, 1, 268435456)
     , (1944731649, 95, 1)
     , (1944731649, 133, 4)
     , (1944731649, 16, 32)
     , (1944731649, 93, 1040);

INSERT INTO `ace_object_properties_double` (`aceObjectId`, `dblPropertyId`, `propertyValue`)
VALUES (1944731649, 54, 2);

INSERT INTO `ace_object_properties_bool` (`aceObjectId`, `boolPropertyId`, `propertyValue`)
VALUES (1944731649, 11, True)
     , (1944731649, 14, True);

INSERT INTO `ace_object` (`aceObjectId`, `aceObjectDescriptionFlags`, `weenieClassId`, `weenieHeaderFlags`, `currentMotionState`, `physicsDescriptionFlag`)
VALUES (1954242560, 9437232, 509, 16404, 'AAA9AAAAAAA=', 100355);

INSERT INTO `ace_position` (`aceObjectId`, `positionType`, `landblockRaw`, `posX`, `posY`, `posZ`, `qW`, `qX`, `qY`, `qZ`)
VALUES (1954242560, 1, 1203109906, 51.1636, 43.975, 128.0718, 0.4358691, 0, 0, -0.9000101);

INSERT INTO `ace_object_properties_string` (`aceObjectId`, `strPropertyId`, `propertyValue`)
VALUES (1954242560, 1, 'Life Stone');

INSERT INTO `ace_object_properties_did` (`aceObjectId`, `didPropertyId`, `propertyValue`)
VALUES (1954242560, 8, 100668245)
     , (1954242560, 1, 33555182)
     , (1954242560, 3, 536870932)
     , (1954242560, 2, 150994982);

INSERT INTO `ace_object_properties_int` (`aceObjectId`, `intPropertyId`, `propertyValue`)
VALUES (1954242560, 1, 268435456)
     , (1954242560, 95, 1)
     , (1954242560, 133, 4)
     , (1954242560, 16, 32)
     , (1954242560, 93, 1040);

INSERT INTO `ace_object_properties_double` (`aceObjectId`, `dblPropertyId`, `propertyValue`)
VALUES (1954242560, 54, 2);

INSERT INTO `ace_object_properties_bool` (`aceObjectId`, `boolPropertyId`, `propertyValue`)
VALUES (1954242560, 11, True)
     , (1954242560, 14, True);

INSERT INTO `ace_object` (`aceObjectId`, `aceObjectDescriptionFlags`, `weenieClassId`, `weenieHeaderFlags`, `currentMotionState`, `physicsDescriptionFlag`)
VALUES (1975218179, 9437232, 509, 16404, 'AAA9AAAAAAA=', 100355);

INSERT INTO `ace_position` (`aceObjectId`, `positionType`, `landblockRaw`, `posX`, `posY`, `posZ`, `qW`, `qX`, `qY`, `qZ`)
VALUES (1975218179, 1, 1538719788, 128.343, 77.0408, -0.1, -0.9578022, 0, 0, -0.2874281);

INSERT INTO `ace_object_properties_string` (`aceObjectId`, `strPropertyId`, `propertyValue`)
VALUES (1975218179, 1, 'Life Stone');

INSERT INTO `ace_object_properties_did` (`aceObjectId`, `didPropertyId`, `propertyValue`)
VALUES (1975218179, 8, 100668245)
     , (1975218179, 1, 33555182)
     , (1975218179, 3, 536870932)
     , (1975218179, 2, 150994982);

INSERT INTO `ace_object_properties_int` (`aceObjectId`, `intPropertyId`, `propertyValue`)
VALUES (1975218179, 1, 268435456)
     , (1975218179, 95, 1)
     , (1975218179, 133, 4)
     , (1975218179, 16, 32)
     , (1975218179, 93, 1040);

INSERT INTO `ace_object_properties_double` (`aceObjectId`, `dblPropertyId`, `propertyValue`)
VALUES (1975218179, 54, 2);

INSERT INTO `ace_object_properties_bool` (`aceObjectId`, `boolPropertyId`, `propertyValue`)
VALUES (1975218179, 11, True)
     , (1975218179, 14, True);

INSERT INTO `ace_object` (`aceObjectId`, `aceObjectDescriptionFlags`, `weenieClassId`, `weenieHeaderFlags`, `currentMotionState`, `physicsDescriptionFlag`)
VALUES (1976475650, 9437232, 509, 16404, 'AAA9AAAAAAA=', 100355);

INSERT INTO `ace_position` (`aceObjectId`, `positionType`, `landblockRaw`, `posX`, `posY`, `posZ`, `qW`, `qX`, `qY`, `qZ`)
VALUES (1976475650, 1, 1558839352, 149.82, 183.906, -0.45, 0.8994168, 0, 0, 0.4370919);

INSERT INTO `ace_object_properties_string` (`aceObjectId`, `strPropertyId`, `propertyValue`)
VALUES (1976475650, 1, 'Life Stone');

INSERT INTO `ace_object_properties_did` (`aceObjectId`, `didPropertyId`, `propertyValue`)
VALUES (1976475650, 8, 100668245)
     , (1976475650, 1, 33555182)
     , (1976475650, 3, 536870932)
     , (1976475650, 2, 150994982);

INSERT INTO `ace_object_properties_int` (`aceObjectId`, `intPropertyId`, `propertyValue`)
VALUES (1976475650, 1, 268435456)
     , (1976475650, 95, 1)
     , (1976475650, 133, 4)
     , (1976475650, 16, 32)
     , (1976475650, 93, 1040);

INSERT INTO `ace_object_properties_double` (`aceObjectId`, `dblPropertyId`, `propertyValue`)
VALUES (1976475650, 54, 2);

INSERT INTO `ace_object_properties_bool` (`aceObjectId`, `boolPropertyId`, `propertyValue`)
VALUES (1976475650, 11, True)
     , (1976475650, 14, True);

INSERT INTO `ace_object` (`aceObjectId`, `aceObjectDescriptionFlags`, `weenieClassId`, `weenieHeaderFlags`, `currentMotionState`, `physicsDescriptionFlag`)
VALUES (2023702528, 9437232, 509, 16404, 'AAA9AAAAAAA=', 100355);

INSERT INTO `ace_position` (`aceObjectId`, `positionType`, `landblockRaw`, `posX`, `posY`, `posZ`, `qW`, `qX`, `qY`, `qZ`)
VALUES (2023702528, 1, 2314469381, 15.0139, 111.919, 6, -0.4314411, 0, 0, -0.9021411);

INSERT INTO `ace_object_properties_string` (`aceObjectId`, `strPropertyId`, `propertyValue`)
VALUES (2023702528, 1, 'Life Stone');

INSERT INTO `ace_object_properties_did` (`aceObjectId`, `didPropertyId`, `propertyValue`)
VALUES (2023702528, 8, 100668245)
     , (2023702528, 1, 33555182)
     , (2023702528, 3, 536870932)
     , (2023702528, 2, 150994982);

INSERT INTO `ace_object_properties_int` (`aceObjectId`, `intPropertyId`, `propertyValue`)
VALUES (2023702528, 1, 268435456)
     , (2023702528, 95, 1)
     , (2023702528, 133, 4)
     , (2023702528, 16, 32)
     , (2023702528, 93, 1040);

INSERT INTO `ace_object_properties_double` (`aceObjectId`, `dblPropertyId`, `propertyValue`)
VALUES (2023702528, 54, 2);

INSERT INTO `ace_object_properties_bool` (`aceObjectId`, `boolPropertyId`, `propertyValue`)
VALUES (2023702528, 11, True)
     , (2023702528, 14, True);

INSERT INTO `ace_object` (`aceObjectId`, `aceObjectDescriptionFlags`, `weenieClassId`, `weenieHeaderFlags`, `currentMotionState`, `physicsDescriptionFlag`)
VALUES (2094620673, 9437232, 509, 16404, 'AAA9AAAAAAA=', 100355);

INSERT INTO `ace_position` (`aceObjectId`, `positionType`, `landblockRaw`, `posX`, `posY`, `posZ`, `qW`, `qX`, `qY`, `qZ`)
VALUES (2094620673, 1, 3449159742, 173.669, 127.184, 19.52758, 0.4890499, 0, 0, -0.8722558);

INSERT INTO `ace_object_properties_string` (`aceObjectId`, `strPropertyId`, `propertyValue`)
VALUES (2094620673, 1, 'Life Stone');

INSERT INTO `ace_object_properties_did` (`aceObjectId`, `didPropertyId`, `propertyValue`)
VALUES (2094620673, 8, 100668245)
     , (2094620673, 1, 33555182)
     , (2094620673, 3, 536870932)
     , (2094620673, 2, 150994982);

INSERT INTO `ace_object_properties_int` (`aceObjectId`, `intPropertyId`, `propertyValue`)
VALUES (2094620673, 1, 268435456)
     , (2094620673, 95, 1)
     , (2094620673, 133, 4)
     , (2094620673, 16, 32)
     , (2094620673, 93, 1040);

INSERT INTO `ace_object_properties_double` (`aceObjectId`, `dblPropertyId`, `propertyValue`)
VALUES (2094620673, 54, 2);

INSERT INTO `ace_object_properties_bool` (`aceObjectId`, `boolPropertyId`, `propertyValue`)
VALUES (2094620673, 11, True)
     , (2094620673, 14, True);

INSERT INTO `ace_object` (`aceObjectId`, `aceObjectDescriptionFlags`, `weenieClassId`, `weenieHeaderFlags`, `currentMotionState`, `physicsDescriptionFlag`)
VALUES (2059087876, 9437232, 509, 16404, 'AAA9AAAAAAA=', 100355);

INSERT INTO `ace_position` (`aceObjectId`, `positionType`, `landblockRaw`, `posX`, `posY`, `posZ`, `qW`, `qX`, `qY`, `qZ`)
VALUES (2059087876, 1, 2880634888, 17.9975, 185.42, 57.49979, 0.9473121, 0, 0, -0.320312);

INSERT INTO `ace_object_properties_string` (`aceObjectId`, `strPropertyId`, `propertyValue`)
VALUES (2059087876, 1, 'Life Stone');

INSERT INTO `ace_object_properties_did` (`aceObjectId`, `didPropertyId`, `propertyValue`)
VALUES (2059087876, 8, 100668245)
     , (2059087876, 1, 33555182)
     , (2059087876, 3, 536870932)
     , (2059087876, 2, 150994982);

INSERT INTO `ace_object_properties_int` (`aceObjectId`, `intPropertyId`, `propertyValue`)
VALUES (2059087876, 1, 268435456)
     , (2059087876, 95, 1)
     , (2059087876, 133, 4)
     , (2059087876, 16, 32)
     , (2059087876, 93, 1040);

INSERT INTO `ace_object_properties_double` (`aceObjectId`, `dblPropertyId`, `propertyValue`)
VALUES (2059087876, 54, 2);

INSERT INTO `ace_object_properties_bool` (`aceObjectId`, `boolPropertyId`, `propertyValue`)
VALUES (2059087876, 11, True)
     , (2059087876, 14, True);

INSERT INTO `ace_object` (`aceObjectId`, `aceObjectDescriptionFlags`, `weenieClassId`, `weenieHeaderFlags`, `currentMotionState`, `physicsDescriptionFlag`)
VALUES (2089259008, 9437232, 509, 16404, 'AAA9AAAAAAA=', 100355);

INSERT INTO `ace_position` (`aceObjectId`, `positionType`, `landblockRaw`, `posX`, `posY`, `posZ`, `qW`, `qX`, `qY`, `qZ`)
VALUES (2089259008, 1, 3363373313, 60, 38, 22, 1, 0, 0, 0);

INSERT INTO `ace_object_properties_string` (`aceObjectId`, `strPropertyId`, `propertyValue`)
VALUES (2089259008, 1, 'Life Stone');

INSERT INTO `ace_object_properties_did` (`aceObjectId`, `didPropertyId`, `propertyValue`)
VALUES (2089259008, 8, 100668245)
     , (2089259008, 1, 33555182)
     , (2089259008, 3, 536870932)
     , (2089259008, 2, 150994982);

INSERT INTO `ace_object_properties_int` (`aceObjectId`, `intPropertyId`, `propertyValue`)
VALUES (2089259008, 1, 268435456)
     , (2089259008, 95, 1)
     , (2089259008, 133, 4)
     , (2089259008, 16, 32)
     , (2089259008, 93, 1040);

INSERT INTO `ace_object_properties_double` (`aceObjectId`, `dblPropertyId`, `propertyValue`)
VALUES (2089259008, 54, 2);

INSERT INTO `ace_object_properties_bool` (`aceObjectId`, `boolPropertyId`, `propertyValue`)
VALUES (2089259008, 11, True)
     , (2089259008, 14, True);

INSERT INTO `ace_object` (`aceObjectId`, `aceObjectDescriptionFlags`, `weenieClassId`, `weenieHeaderFlags`, `currentMotionState`, `physicsDescriptionFlag`)
VALUES (2027954184, 9437232, 509, 16404, 'AAA9AAAAAAA=', 100355);

INSERT INTO `ace_position` (`aceObjectId`, `positionType`, `landblockRaw`, `posX`, `posY`, `posZ`, `qW`, `qX`, `qY`, `qZ`)
VALUES (2027954184, 1, 2382496052, 120, -160, -6, 0.020795, 0, 0, 0.9997838);

INSERT INTO `ace_object_properties_string` (`aceObjectId`, `strPropertyId`, `propertyValue`)
VALUES (2027954184, 1, 'Life Stone');

INSERT INTO `ace_object_properties_did` (`aceObjectId`, `didPropertyId`, `propertyValue`)
VALUES (2027954184, 8, 100668245)
     , (2027954184, 1, 33555182)
     , (2027954184, 3, 536870932)
     , (2027954184, 2, 150994982);

INSERT INTO `ace_object_properties_int` (`aceObjectId`, `intPropertyId`, `propertyValue`)
VALUES (2027954184, 1, 268435456)
     , (2027954184, 95, 1)
     , (2027954184, 133, 4)
     , (2027954184, 16, 32)
     , (2027954184, 93, 1040);

INSERT INTO `ace_object_properties_double` (`aceObjectId`, `dblPropertyId`, `propertyValue`)
VALUES (2027954184, 54, 2);

INSERT INTO `ace_object_properties_bool` (`aceObjectId`, `boolPropertyId`, `propertyValue`)
VALUES (2027954184, 11, True)
     , (2027954184, 14, True);

INSERT INTO `ace_object` (`aceObjectId`, `aceObjectDescriptionFlags`, `weenieClassId`, `weenieHeaderFlags`, `currentMotionState`, `physicsDescriptionFlag`)
VALUES (3621494167, 8388624, 38055, 20, NULL, 34817);

INSERT INTO `ace_position` (`aceObjectId`, `positionType`, `landblockRaw`, `posX`, `posY`, `posZ`, `qW`, `qX`, `qY`, `qZ`)
VALUES (3621494167, 1, 2315453107, 359.3761, -158.836, 0, -0.9238795, 0, 0, -0.3826835);

INSERT INTO `ace_object_properties_string` (`aceObjectId`, `strPropertyId`, `propertyValue`)
VALUES (3621494167, 1, 'Radiant Blood Banner');

INSERT INTO `ace_object_properties_did` (`aceObjectId`, `didPropertyId`, `propertyValue`)
VALUES (3621494167, 8, 100689890)
     , (3621494167, 1, 33560564)
     , (3621494167, 3, 536870932);

INSERT INTO `ace_object_properties_int` (`aceObjectId`, `intPropertyId`, `propertyValue`)
VALUES (3621494167, 1, 268435456)
     , (3621494167, 133, 1)
     , (3621494167, 16, 1)
     , (3621494167, 93, 1040);

INSERT INTO `ace_object_properties_bool` (`aceObjectId`, `boolPropertyId`, `propertyValue`)
VALUES (3621494167, 11, True)
     , (3621494167, 14, True);

INSERT INTO `ace_object` (`aceObjectId`, `aceObjectDescriptionFlags`, `weenieClassId`, `weenieHeaderFlags`, `currentMotionState`, `physicsDescriptionFlag`)
VALUES (3619971446, 8388624, 38055, 20, NULL, 34817);

INSERT INTO `ace_position` (`aceObjectId`, `positionType`, `landblockRaw`, `posX`, `posY`, `posZ`, `qW`, `qX`, `qY`, `qZ`)
VALUES (3619971446, 1, 2315453064, 341.1772, -159.3926, 0, 0.9238795, 0, 0, -0.3826835);

INSERT INTO `ace_object_properties_string` (`aceObjectId`, `strPropertyId`, `propertyValue`)
VALUES (3619971446, 1, 'Radiant Blood Banner');

INSERT INTO `ace_object_properties_did` (`aceObjectId`, `didPropertyId`, `propertyValue`)
VALUES (3619971446, 8, 100689890)
     , (3619971446, 1, 33560564)
     , (3619971446, 3, 536870932);

INSERT INTO `ace_object_properties_int` (`aceObjectId`, `intPropertyId`, `propertyValue`)
VALUES (3619971446, 1, 268435456)
     , (3619971446, 133, 1)
     , (3619971446, 16, 1)
     , (3619971446, 93, 1040);

INSERT INTO `ace_object_properties_bool` (`aceObjectId`, `boolPropertyId`, `propertyValue`)
VALUES (3619971446, 11, True)
     , (3619971446, 14, True);

INSERT INTO `ace_object` (`aceObjectId`, `aceObjectDescriptionFlags`, `weenieClassId`, `weenieHeaderFlags`, `currentMotionState`, `physicsDescriptionFlag`)
VALUES (2017198080, 9437232, 509, 16404, 'AAA9AAAAAAA=', 100355);

INSERT INTO `ace_position` (`aceObjectId`, `positionType`, `landblockRaw`, `posX`, `posY`, `posZ`, `qW`, `qX`, `qY`, `qZ`)
VALUES (2017198080, 1, 2210398229, 51.4617, 108.444, 298, -0.9994532, 0, 0, 0.03306401);

INSERT INTO `ace_object_properties_string` (`aceObjectId`, `strPropertyId`, `propertyValue`)
VALUES (2017198080, 1, 'Life Stone');

INSERT INTO `ace_object_properties_did` (`aceObjectId`, `didPropertyId`, `propertyValue`)
VALUES (2017198080, 8, 100668245)
     , (2017198080, 1, 33555182)
     , (2017198080, 3, 536870932)
     , (2017198080, 2, 150994982);

INSERT INTO `ace_object_properties_int` (`aceObjectId`, `intPropertyId`, `propertyValue`)
VALUES (2017198080, 1, 268435456)
     , (2017198080, 95, 1)
     , (2017198080, 133, 4)
     , (2017198080, 16, 32)
     , (2017198080, 93, 1040);

INSERT INTO `ace_object_properties_double` (`aceObjectId`, `dblPropertyId`, `propertyValue`)
VALUES (2017198080, 54, 2);

INSERT INTO `ace_object_properties_bool` (`aceObjectId`, `boolPropertyId`, `propertyValue`)
VALUES (2017198080, 11, True)
     , (2017198080, 14, True);

INSERT INTO `ace_object` (`aceObjectId`, `aceObjectDescriptionFlags`, `weenieClassId`, `weenieHeaderFlags`, `currentMotionState`, `physicsDescriptionFlag`)
VALUES (2029723648, 9437232, 23618, 16404, 'AAA9AAAAAAA=', 100355);

INSERT INTO `ace_position` (`aceObjectId`, `positionType`, `landblockRaw`, `posX`, `posY`, `posZ`, `qW`, `qX`, `qY`, `qZ`)
VALUES (2029723648, 1, 2410807298, 5.97046, 34.9042, 58, 0.007458071, 0, 0, 0.9999722);

INSERT INTO `ace_object_properties_string` (`aceObjectId`, `strPropertyId`, `propertyValue`)
VALUES (2029723648, 1, 'Life Stone');

INSERT INTO `ace_object_properties_did` (`aceObjectId`, `didPropertyId`, `propertyValue`)
VALUES (2029723648, 8, 100668245)
     , (2029723648, 1, 33558189)
     , (2029723648, 3, 536870932)
     , (2029723648, 2, 150995232);

INSERT INTO `ace_object_properties_int` (`aceObjectId`, `intPropertyId`, `propertyValue`)
VALUES (2029723648, 1, 268435456)
     , (2029723648, 95, 1)
     , (2029723648, 133, 4)
     , (2029723648, 16, 32)
     , (2029723648, 93, 1040);

INSERT INTO `ace_object_properties_double` (`aceObjectId`, `dblPropertyId`, `propertyValue`)
VALUES (2029723648, 54, 2);

INSERT INTO `ace_object_properties_bool` (`aceObjectId`, `boolPropertyId`, `propertyValue`)
VALUES (2029723648, 11, True)
     , (2029723648, 14, True);

INSERT INTO `ace_object` (`aceObjectId`, `aceObjectDescriptionFlags`, `weenieClassId`, `weenieHeaderFlags`, `currentMotionState`, `physicsDescriptionFlag`)
VALUES (1945305088, 9437232, 509, 16404, 'AAA9AAAAAAA=', 100355);

INSERT INTO `ace_position` (`aceObjectId`, `positionType`, `landblockRaw`, `posX`, `posY`, `posZ`, `qW`, `qX`, `qY`, `qZ`)
VALUES (1945305088, 1, 1060110344, 1.96011, 187.743, -0.1, -0.1590571, 0, 0, -0.9872694);

INSERT INTO `ace_object_properties_string` (`aceObjectId`, `strPropertyId`, `propertyValue`)
VALUES (1945305088, 1, 'Life Stone');

INSERT INTO `ace_object_properties_did` (`aceObjectId`, `didPropertyId`, `propertyValue`)
VALUES (1945305088, 8, 100668245)
     , (1945305088, 1, 33555182)
     , (1945305088, 3, 536870932)
     , (1945305088, 2, 150994982);

INSERT INTO `ace_object_properties_int` (`aceObjectId`, `intPropertyId`, `propertyValue`)
VALUES (1945305088, 1, 268435456)
     , (1945305088, 95, 1)
     , (1945305088, 133, 4)
     , (1945305088, 16, 32)
     , (1945305088, 93, 1040);

INSERT INTO `ace_object_properties_double` (`aceObjectId`, `dblPropertyId`, `propertyValue`)
VALUES (1945305088, 54, 2);

INSERT INTO `ace_object_properties_bool` (`aceObjectId`, `boolPropertyId`, `propertyValue`)
VALUES (1945305088, 11, True)
     , (1945305088, 14, True);

INSERT INTO `ace_object` (`aceObjectId`, `aceObjectDescriptionFlags`, `weenieClassId`, `weenieHeaderFlags`, `currentMotionState`, `physicsDescriptionFlag`)
VALUES (1998598152, 9437232, 509, 16404, 'AAA9AAAAAAA=', 100355);

INSERT INTO `ace_position` (`aceObjectId`, `positionType`, `landblockRaw`, `posX`, `posY`, `posZ`, `qW`, `qX`, `qY`, `qZ`)
VALUES (1998598152, 1, 1912799540, 120, -160, -6, 0.020795, 0, 0, 0.9997838);

INSERT INTO `ace_object_properties_string` (`aceObjectId`, `strPropertyId`, `propertyValue`)
VALUES (1998598152, 1, 'Life Stone');

INSERT INTO `ace_object_properties_did` (`aceObjectId`, `didPropertyId`, `propertyValue`)
VALUES (1998598152, 8, 100668245)
     , (1998598152, 1, 33555182)
     , (1998598152, 3, 536870932)
     , (1998598152, 2, 150994982);

INSERT INTO `ace_object_properties_int` (`aceObjectId`, `intPropertyId`, `propertyValue`)
VALUES (1998598152, 1, 268435456)
     , (1998598152, 95, 1)
     , (1998598152, 133, 4)
     , (1998598152, 16, 32)
     , (1998598152, 93, 1040);

INSERT INTO `ace_object_properties_double` (`aceObjectId`, `dblPropertyId`, `propertyValue`)
VALUES (1998598152, 54, 2);

INSERT INTO `ace_object_properties_bool` (`aceObjectId`, `boolPropertyId`, `propertyValue`)
VALUES (1998598152, 11, True)
     , (1998598152, 14, True);

INSERT INTO `ace_object` (`aceObjectId`, `aceObjectDescriptionFlags`, `weenieClassId`, `weenieHeaderFlags`, `currentMotionState`, `physicsDescriptionFlag`)
VALUES (1914281984, 9437232, 23618, 16404, 'AAA9AAAAAAA=', 100355);

INSERT INTO `ace_position` (`aceObjectId`, `positionType`, `landblockRaw`, `posX`, `posY`, `posZ`, `qW`, `qX`, `qY`, `qZ`)
VALUES (1914281984, 1, 563740700, 84.7968, 84.2645, 30, 0.7082194, 0, 0, 0.7059924);

INSERT INTO `ace_object_properties_string` (`aceObjectId`, `strPropertyId`, `propertyValue`)
VALUES (1914281984, 1, 'Life Stone');

INSERT INTO `ace_object_properties_did` (`aceObjectId`, `didPropertyId`, `propertyValue`)
VALUES (1914281984, 8, 100668245)
     , (1914281984, 1, 33558189)
     , (1914281984, 3, 536870932)
     , (1914281984, 2, 150995232);

INSERT INTO `ace_object_properties_int` (`aceObjectId`, `intPropertyId`, `propertyValue`)
VALUES (1914281984, 1, 268435456)
     , (1914281984, 95, 1)
     , (1914281984, 133, 4)
     , (1914281984, 16, 32)
     , (1914281984, 93, 1040);

INSERT INTO `ace_object_properties_double` (`aceObjectId`, `dblPropertyId`, `propertyValue`)
VALUES (1914281984, 54, 2);

INSERT INTO `ace_object_properties_bool` (`aceObjectId`, `boolPropertyId`, `propertyValue`)
VALUES (1914281984, 11, True)
     , (1914281984, 14, True);

INSERT INTO `ace_object` (`aceObjectId`, `aceObjectDescriptionFlags`, `weenieClassId`, `weenieHeaderFlags`, `currentMotionState`, `physicsDescriptionFlag`)
VALUES (2019635200, 9437232, 509, 16404, 'AAA9AAAAAAA=', 100355);

INSERT INTO `ace_position` (`aceObjectId`, `positionType`, `landblockRaw`, `posX`, `posY`, `posZ`, `qW`, `qX`, `qY`, `qZ`)
VALUES (2019635200, 1, 2249392147, 48.5877, 64.8509, 262, 0.9469822, 0, 0, -0.3212861);

INSERT INTO `ace_object_properties_string` (`aceObjectId`, `strPropertyId`, `propertyValue`)
VALUES (2019635200, 1, 'Life Stone');

INSERT INTO `ace_object_properties_did` (`aceObjectId`, `didPropertyId`, `propertyValue`)
VALUES (2019635200, 8, 100668245)
     , (2019635200, 1, 33555182)
     , (2019635200, 3, 536870932)
     , (2019635200, 2, 150994982);

INSERT INTO `ace_object_properties_int` (`aceObjectId`, `intPropertyId`, `propertyValue`)
VALUES (2019635200, 1, 268435456)
     , (2019635200, 95, 1)
     , (2019635200, 133, 4)
     , (2019635200, 16, 32)
     , (2019635200, 93, 1040);

INSERT INTO `ace_object_properties_double` (`aceObjectId`, `dblPropertyId`, `propertyValue`)
VALUES (2019635200, 54, 2);

INSERT INTO `ace_object_properties_bool` (`aceObjectId`, `boolPropertyId`, `propertyValue`)
VALUES (2019635200, 11, True)
     , (2019635200, 14, True);

INSERT INTO `ace_object` (`aceObjectId`, `aceObjectDescriptionFlags`, `weenieClassId`, `weenieHeaderFlags`, `currentMotionState`, `physicsDescriptionFlag`)
VALUES (2056978437, 9437232, 509, 16404, 'AAA9AAAAAAA=', 100355);

INSERT INTO `ace_position` (`aceObjectId`, `positionType`, `landblockRaw`, `posX`, `posY`, `posZ`, `qW`, `qX`, `qY`, `qZ`)
VALUES (2056978437, 1, 2846883847, 21.5862, 146.569, 58, -0.8248909, 0, 0, -0.5652919);

INSERT INTO `ace_object_properties_string` (`aceObjectId`, `strPropertyId`, `propertyValue`)
VALUES (2056978437, 1, 'Life Stone');

INSERT INTO `ace_object_properties_did` (`aceObjectId`, `didPropertyId`, `propertyValue`)
VALUES (2056978437, 8, 100668245)
     , (2056978437, 1, 33555182)
     , (2056978437, 3, 536870932)
     , (2056978437, 2, 150994982);

INSERT INTO `ace_object_properties_int` (`aceObjectId`, `intPropertyId`, `propertyValue`)
VALUES (2056978437, 1, 268435456)
     , (2056978437, 95, 1)
     , (2056978437, 133, 4)
     , (2056978437, 16, 32)
     , (2056978437, 93, 1040);

INSERT INTO `ace_object_properties_double` (`aceObjectId`, `dblPropertyId`, `propertyValue`)
VALUES (2056978437, 54, 2);

INSERT INTO `ace_object_properties_bool` (`aceObjectId`, `boolPropertyId`, `propertyValue`)
VALUES (2056978437, 11, True)
     , (2056978437, 14, True);

INSERT INTO `ace_object` (`aceObjectId`, `aceObjectDescriptionFlags`, `weenieClassId`, `weenieHeaderFlags`, `currentMotionState`, `physicsDescriptionFlag`)
VALUES (1926619136, 9437232, 509, 16404, 'AAA9AAAAAAA=', 100355);

INSERT INTO `ace_position` (`aceObjectId`, `positionType`, `landblockRaw`, `posX`, `posY`, `posZ`, `qW`, `qX`, `qY`, `qZ`)
VALUES (1926619136, 1, 761135134, 90.8957, 125.598, 4, -0.06338452, 0, 0, 0.9979892);

INSERT INTO `ace_object_properties_string` (`aceObjectId`, `strPropertyId`, `propertyValue`)
VALUES (1926619136, 1, 'Life Stone');

INSERT INTO `ace_object_properties_did` (`aceObjectId`, `didPropertyId`, `propertyValue`)
VALUES (1926619136, 8, 100668245)
     , (1926619136, 1, 33555182)
     , (1926619136, 3, 536870932)
     , (1926619136, 2, 150994982);

INSERT INTO `ace_object_properties_int` (`aceObjectId`, `intPropertyId`, `propertyValue`)
VALUES (1926619136, 1, 268435456)
     , (1926619136, 95, 1)
     , (1926619136, 133, 4)
     , (1926619136, 16, 32)
     , (1926619136, 93, 1040);

INSERT INTO `ace_object_properties_double` (`aceObjectId`, `dblPropertyId`, `propertyValue`)
VALUES (1926619136, 54, 2);

INSERT INTO `ace_object_properties_bool` (`aceObjectId`, `boolPropertyId`, `propertyValue`)
VALUES (1926619136, 11, True)
     , (1926619136, 14, True);

INSERT INTO `ace_object` (`aceObjectId`, `aceObjectDescriptionFlags`, `weenieClassId`, `weenieHeaderFlags`, `currentMotionState`, `physicsDescriptionFlag`)
VALUES (2019569672, 9437232, 509, 16404, 'AAA9AAAAAAA=', 100355);

INSERT INTO `ace_position` (`aceObjectId`, `positionType`, `landblockRaw`, `posX`, `posY`, `posZ`, `qW`, `qX`, `qY`, `qZ`)
VALUES (2019569672, 1, 2248343860, 120, -160, -6, 0.020795, 0, 0, 0.9997838);

INSERT INTO `ace_object_properties_string` (`aceObjectId`, `strPropertyId`, `propertyValue`)
VALUES (2019569672, 1, 'Life Stone');

INSERT INTO `ace_object_properties_did` (`aceObjectId`, `didPropertyId`, `propertyValue`)
VALUES (2019569672, 8, 100668245)
     , (2019569672, 1, 33555182)
     , (2019569672, 3, 536870932)
     , (2019569672, 2, 150994982);

INSERT INTO `ace_object_properties_int` (`aceObjectId`, `intPropertyId`, `propertyValue`)
VALUES (2019569672, 1, 268435456)
     , (2019569672, 95, 1)
     , (2019569672, 133, 4)
     , (2019569672, 16, 32)
     , (2019569672, 93, 1040);

INSERT INTO `ace_object_properties_double` (`aceObjectId`, `dblPropertyId`, `propertyValue`)
VALUES (2019569672, 54, 2);

INSERT INTO `ace_object_properties_bool` (`aceObjectId`, `boolPropertyId`, `propertyValue`)
VALUES (2019569672, 11, True)
     , (2019569672, 14, True);

INSERT INTO `ace_object` (`aceObjectId`, `aceObjectDescriptionFlags`, `weenieClassId`, `weenieHeaderFlags`, `currentMotionState`, `physicsDescriptionFlag`)
VALUES (2070618112, 9437232, 509, 16404, 'AAA9AAAAAAA=', 100355);

INSERT INTO `ace_position` (`aceObjectId`, `positionType`, `landblockRaw`, `posX`, `posY`, `posZ`, `qW`, `qX`, `qY`, `qZ`)
VALUES (2070618112, 1, 3065118977, 132, 110, 82, 0.7071068, 0, 0, -0.7071068);

INSERT INTO `ace_object_properties_string` (`aceObjectId`, `strPropertyId`, `propertyValue`)
VALUES (2070618112, 1, 'Life Stone');

INSERT INTO `ace_object_properties_did` (`aceObjectId`, `didPropertyId`, `propertyValue`)
VALUES (2070618112, 8, 100668245)
     , (2070618112, 1, 33555182)
     , (2070618112, 3, 536870932)
     , (2070618112, 2, 150994982);

INSERT INTO `ace_object_properties_int` (`aceObjectId`, `intPropertyId`, `propertyValue`)
VALUES (2070618112, 1, 268435456)
     , (2070618112, 95, 1)
     , (2070618112, 133, 4)
     , (2070618112, 16, 32)
     , (2070618112, 93, 1040);

INSERT INTO `ace_object_properties_double` (`aceObjectId`, `dblPropertyId`, `propertyValue`)
VALUES (2070618112, 54, 2);

INSERT INTO `ace_object_properties_bool` (`aceObjectId`, `boolPropertyId`, `propertyValue`)
VALUES (2070618112, 11, True)
     , (2070618112, 14, True);

INSERT INTO `ace_object` (`aceObjectId`, `aceObjectDescriptionFlags`, `weenieClassId`, `weenieHeaderFlags`, `currentMotionState`, `physicsDescriptionFlag`)
VALUES (2041311235, 9437232, 509, 16404, 'AAA9AAAAAAA=', 100355);

INSERT INTO `ace_position` (`aceObjectId`, `positionType`, `landblockRaw`, `posX`, `posY`, `posZ`, `qW`, `qX`, `qY`, `qZ`)
VALUES (2041311235, 1, 2596208643, 7.18069, 50.9223, 66, -0.9082352, 0, 0, 0.4184601);

INSERT INTO `ace_object_properties_string` (`aceObjectId`, `strPropertyId`, `propertyValue`)
VALUES (2041311235, 1, 'Life Stone');

INSERT INTO `ace_object_properties_did` (`aceObjectId`, `didPropertyId`, `propertyValue`)
VALUES (2041311235, 8, 100668245)
     , (2041311235, 1, 33555182)
     , (2041311235, 3, 536870932)
     , (2041311235, 2, 150994982);

INSERT INTO `ace_object_properties_int` (`aceObjectId`, `intPropertyId`, `propertyValue`)
VALUES (2041311235, 1, 268435456)
     , (2041311235, 95, 1)
     , (2041311235, 133, 4)
     , (2041311235, 16, 32)
     , (2041311235, 93, 1040);

INSERT INTO `ace_object_properties_double` (`aceObjectId`, `dblPropertyId`, `propertyValue`)
VALUES (2041311235, 54, 2);

INSERT INTO `ace_object_properties_bool` (`aceObjectId`, `boolPropertyId`, `propertyValue`)
VALUES (2041311235, 11, True)
     , (2041311235, 14, True);

INSERT INTO `ace_object` (`aceObjectId`, `aceObjectDescriptionFlags`, `weenieClassId`, `weenieHeaderFlags`, `currentMotionState`, `physicsDescriptionFlag`)
VALUES (2035068928, 9437232, 509, 16404, 'AAA9AAAAAAA=', 100355);

INSERT INTO `ace_position` (`aceObjectId`, `positionType`, `landblockRaw`, `posX`, `posY`, `posZ`, `qW`, `qX`, `qY`, `qZ`)
VALUES (2035068928, 1, 2496331789, 26.4285, 100.783, 166.1962, -0.6998721, 0, 0, 0.7142681);

INSERT INTO `ace_object_properties_string` (`aceObjectId`, `strPropertyId`, `propertyValue`)
VALUES (2035068928, 1, 'Life Stone');

INSERT INTO `ace_object_properties_did` (`aceObjectId`, `didPropertyId`, `propertyValue`)
VALUES (2035068928, 8, 100668245)
     , (2035068928, 1, 33555182)
     , (2035068928, 3, 536870932)
     , (2035068928, 2, 150994982);

INSERT INTO `ace_object_properties_int` (`aceObjectId`, `intPropertyId`, `propertyValue`)
VALUES (2035068928, 1, 268435456)
     , (2035068928, 95, 1)
     , (2035068928, 133, 4)
     , (2035068928, 16, 32)
     , (2035068928, 93, 1040);

INSERT INTO `ace_object_properties_double` (`aceObjectId`, `dblPropertyId`, `propertyValue`)
VALUES (2035068928, 54, 2);

INSERT INTO `ace_object_properties_bool` (`aceObjectId`, `boolPropertyId`, `propertyValue`)
VALUES (2035068928, 11, True)
     , (2035068928, 14, True);

INSERT INTO `ace_object` (`aceObjectId`, `aceObjectDescriptionFlags`, `weenieClassId`, `weenieHeaderFlags`, `currentMotionState`, `physicsDescriptionFlag`)
VALUES (2105032707, 9437232, 509, 16404, 'AAA9AAAAAAA=', 100355);

INSERT INTO `ace_position` (`aceObjectId`, `positionType`, `landblockRaw`, `posX`, `posY`, `posZ`, `qW`, `qX`, `qY`, `qZ`)
VALUES (2105032707, 1, 3615752227, 104.297, 52.6375, 22, -0.9871457, 0, 0, 0.1598229);

INSERT INTO `ace_object_properties_string` (`aceObjectId`, `strPropertyId`, `propertyValue`)
VALUES (2105032707, 1, 'Life Stone');

INSERT INTO `ace_object_properties_did` (`aceObjectId`, `didPropertyId`, `propertyValue`)
VALUES (2105032707, 8, 100668245)
     , (2105032707, 1, 33555182)
     , (2105032707, 3, 536870932)
     , (2105032707, 2, 150994982);

INSERT INTO `ace_object_properties_int` (`aceObjectId`, `intPropertyId`, `propertyValue`)
VALUES (2105032707, 1, 268435456)
     , (2105032707, 95, 1)
     , (2105032707, 133, 4)
     , (2105032707, 16, 32)
     , (2105032707, 93, 1040);

INSERT INTO `ace_object_properties_double` (`aceObjectId`, `dblPropertyId`, `propertyValue`)
VALUES (2105032707, 54, 2);

INSERT INTO `ace_object_properties_bool` (`aceObjectId`, `boolPropertyId`, `propertyValue`)
VALUES (2105032707, 11, True)
     , (2105032707, 14, True);

INSERT INTO `ace_object` (`aceObjectId`, `aceObjectDescriptionFlags`, `weenieClassId`, `weenieHeaderFlags`, `currentMotionState`, `physicsDescriptionFlag`)
VALUES (2093531146, 9437232, 509, 16404, 'AAA9AAAAAAA=', 100355);

INSERT INTO `ace_position` (`aceObjectId`, `positionType`, `landblockRaw`, `posX`, `posY`, `posZ`, `qW`, `qX`, `qY`, `qZ`)
VALUES (2093531146, 1, 3431727116, 34.3448, 76.644, 24, -0.9994738, 0, 0, 0.0324358);

INSERT INTO `ace_object_properties_string` (`aceObjectId`, `strPropertyId`, `propertyValue`)
VALUES (2093531146, 1, 'Life Stone');

INSERT INTO `ace_object_properties_did` (`aceObjectId`, `didPropertyId`, `propertyValue`)
VALUES (2093531146, 8, 100668245)
     , (2093531146, 1, 33555182)
     , (2093531146, 3, 536870932)
     , (2093531146, 2, 150994982);

INSERT INTO `ace_object_properties_int` (`aceObjectId`, `intPropertyId`, `propertyValue`)
VALUES (2093531146, 1, 268435456)
     , (2093531146, 95, 1)
     , (2093531146, 133, 4)
     , (2093531146, 16, 32)
     , (2093531146, 93, 1040);

INSERT INTO `ace_object_properties_double` (`aceObjectId`, `dblPropertyId`, `propertyValue`)
VALUES (2093531146, 54, 2);

INSERT INTO `ace_object_properties_bool` (`aceObjectId`, `boolPropertyId`, `propertyValue`)
VALUES (2093531146, 11, True)
     , (2093531146, 14, True);

INSERT INTO `ace_object` (`aceObjectId`, `aceObjectDescriptionFlags`, `weenieClassId`, `weenieHeaderFlags`, `currentMotionState`, `physicsDescriptionFlag`)
VALUES (2092281856, 9437232, 509, 16404, 'AAA9AAAAAAA=', 100355);

INSERT INTO `ace_position` (`aceObjectId`, `positionType`, `landblockRaw`, `posX`, `posY`, `posZ`, `qW`, `qX`, `qY`, `qZ`)
VALUES (2092281856, 1, 3411738635, 31.3873, 70.58, 5.9, 0.8647613, 0, 0, 0.5021832);

INSERT INTO `ace_object_properties_string` (`aceObjectId`, `strPropertyId`, `propertyValue`)
VALUES (2092281856, 1, 'Life Stone');

INSERT INTO `ace_object_properties_did` (`aceObjectId`, `didPropertyId`, `propertyValue`)
VALUES (2092281856, 8, 100668245)
     , (2092281856, 1, 33555182)
     , (2092281856, 3, 536870932)
     , (2092281856, 2, 150994982);

INSERT INTO `ace_object_properties_int` (`aceObjectId`, `intPropertyId`, `propertyValue`)
VALUES (2092281856, 1, 268435456)
     , (2092281856, 95, 1)
     , (2092281856, 133, 4)
     , (2092281856, 16, 32)
     , (2092281856, 93, 1040);

INSERT INTO `ace_object_properties_double` (`aceObjectId`, `dblPropertyId`, `propertyValue`)
VALUES (2092281856, 54, 2);

INSERT INTO `ace_object_properties_bool` (`aceObjectId`, `boolPropertyId`, `propertyValue`)
VALUES (2092281856, 11, True)
     , (2092281856, 14, True);

INSERT INTO `ace_object` (`aceObjectId`, `aceObjectDescriptionFlags`, `weenieClassId`, `weenieHeaderFlags`, `currentMotionState`, `physicsDescriptionFlag`)
VALUES (2092249088, 9437232, 509, 16404, 'AAA9AAAAAAA=', 100355);

INSERT INTO `ace_position` (`aceObjectId`, `positionType`, `landblockRaw`, `posX`, `posY`, `posZ`, `qW`, `qX`, `qY`, `qZ`)
VALUES (2092249088, 1, 3411214344, 18.0533, 178.668, 20.99112, 0.5938579, 0, 0, 0.8045699);

INSERT INTO `ace_object_properties_string` (`aceObjectId`, `strPropertyId`, `propertyValue`)
VALUES (2092249088, 1, 'Life Stone');

INSERT INTO `ace_object_properties_did` (`aceObjectId`, `didPropertyId`, `propertyValue`)
VALUES (2092249088, 8, 100668245)
     , (2092249088, 1, 33555182)
     , (2092249088, 3, 536870932)
     , (2092249088, 2, 150994982);

INSERT INTO `ace_object_properties_int` (`aceObjectId`, `intPropertyId`, `propertyValue`)
VALUES (2092249088, 1, 268435456)
     , (2092249088, 95, 1)
     , (2092249088, 133, 4)
     , (2092249088, 16, 32)
     , (2092249088, 93, 1040);

INSERT INTO `ace_object_properties_double` (`aceObjectId`, `dblPropertyId`, `propertyValue`)
VALUES (2092249088, 54, 2);

INSERT INTO `ace_object_properties_bool` (`aceObjectId`, `boolPropertyId`, `propertyValue`)
VALUES (2092249088, 11, True)
     , (2092249088, 14, True);

INSERT INTO `ace_object` (`aceObjectId`, `aceObjectDescriptionFlags`, `weenieClassId`, `weenieHeaderFlags`, `currentMotionState`, `physicsDescriptionFlag`)
VALUES (2084794368, 9437232, 509, 16404, 'AAA9AAAAAAA=', 100355);

INSERT INTO `ace_position` (`aceObjectId`, `positionType`, `landblockRaw`, `posX`, `posY`, `posZ`, `qW`, `qX`, `qY`, `qZ`)
VALUES (2084794368, 1, 3291938838, 57.8491, 131.048, 64.92067, 0.9919195, 0, 0, 0.1268691);

INSERT INTO `ace_object_properties_string` (`aceObjectId`, `strPropertyId`, `propertyValue`)
VALUES (2084794368, 1, 'Life Stone');

INSERT INTO `ace_object_properties_did` (`aceObjectId`, `didPropertyId`, `propertyValue`)
VALUES (2084794368, 8, 100668245)
     , (2084794368, 1, 33555182)
     , (2084794368, 3, 536870932)
     , (2084794368, 2, 150994982);

INSERT INTO `ace_object_properties_int` (`aceObjectId`, `intPropertyId`, `propertyValue`)
VALUES (2084794368, 1, 268435456)
     , (2084794368, 95, 1)
     , (2084794368, 133, 4)
     , (2084794368, 16, 32)
     , (2084794368, 93, 1040);

INSERT INTO `ace_object_properties_double` (`aceObjectId`, `dblPropertyId`, `propertyValue`)
VALUES (2084794368, 54, 2);

INSERT INTO `ace_object_properties_bool` (`aceObjectId`, `boolPropertyId`, `propertyValue`)
VALUES (2084794368, 11, True)
     , (2084794368, 14, True);

INSERT INTO `ace_object` (`aceObjectId`, `aceObjectDescriptionFlags`, `weenieClassId`, `weenieHeaderFlags`, `currentMotionState`, `physicsDescriptionFlag`)
VALUES (2060812289, 9437232, 509, 16404, 'AAA9AAAAAAA=', 100355);

INSERT INTO `ace_position` (`aceObjectId`, `positionType`, `landblockRaw`, `posX`, `posY`, `posZ`, `qW`, `qX`, `qY`, `qZ`)
VALUES (2060812289, 1, 2908225585, 146.878, 21.6874, 58, -0.6192231, 0, 0, 0.7852151);

INSERT INTO `ace_object_properties_string` (`aceObjectId`, `strPropertyId`, `propertyValue`)
VALUES (2060812289, 1, 'Life Stone');

INSERT INTO `ace_object_properties_did` (`aceObjectId`, `didPropertyId`, `propertyValue`)
VALUES (2060812289, 8, 100668245)
     , (2060812289, 1, 33555182)
     , (2060812289, 3, 536870932)
     , (2060812289, 2, 150994982);

INSERT INTO `ace_object_properties_int` (`aceObjectId`, `intPropertyId`, `propertyValue`)
VALUES (2060812289, 1, 268435456)
     , (2060812289, 95, 1)
     , (2060812289, 133, 4)
     , (2060812289, 16, 32)
     , (2060812289, 93, 1040);

INSERT INTO `ace_object_properties_double` (`aceObjectId`, `dblPropertyId`, `propertyValue`)
VALUES (2060812289, 54, 2);

INSERT INTO `ace_object_properties_bool` (`aceObjectId`, `boolPropertyId`, `propertyValue`)
VALUES (2060812289, 11, True)
     , (2060812289, 14, True);

INSERT INTO `ace_object` (`aceObjectId`, `aceObjectDescriptionFlags`, `weenieClassId`, `weenieHeaderFlags`, `currentMotionState`, `physicsDescriptionFlag`)
VALUES (2002370560, 9437232, 509, 16404, 'AAA9AAAAAAA=', 100355);

INSERT INTO `ace_position` (`aceObjectId`, `positionType`, `landblockRaw`, `posX`, `posY`, `posZ`, `qW`, `qX`, `qY`, `qZ`)
VALUES (2002370560, 1, 1973157943, 148.412, 146.292, 240, -0.7960607, 0, 0, 0.6052168);

INSERT INTO `ace_object_properties_string` (`aceObjectId`, `strPropertyId`, `propertyValue`)
VALUES (2002370560, 1, 'Life Stone');

INSERT INTO `ace_object_properties_did` (`aceObjectId`, `didPropertyId`, `propertyValue`)
VALUES (2002370560, 8, 100668245)
     , (2002370560, 1, 33555182)
     , (2002370560, 3, 536870932)
     , (2002370560, 2, 150994982);

INSERT INTO `ace_object_properties_int` (`aceObjectId`, `intPropertyId`, `propertyValue`)
VALUES (2002370560, 1, 268435456)
     , (2002370560, 95, 1)
     , (2002370560, 133, 4)
     , (2002370560, 16, 32)
     , (2002370560, 93, 1040);

INSERT INTO `ace_object_properties_double` (`aceObjectId`, `dblPropertyId`, `propertyValue`)
VALUES (2002370560, 54, 2);

INSERT INTO `ace_object_properties_bool` (`aceObjectId`, `boolPropertyId`, `propertyValue`)
VALUES (2002370560, 11, True)
     , (2002370560, 14, True);

INSERT INTO `ace_object` (`aceObjectId`, `aceObjectDescriptionFlags`, `weenieClassId`, `weenieHeaderFlags`, `currentMotionState`, `physicsDescriptionFlag`)
VALUES (2139205632, 9437232, 23618, 16404, 'AAA9AAAAAAA=', 100355);

INSERT INTO `ace_position` (`aceObjectId`, `positionType`, `landblockRaw`, `posX`, `posY`, `posZ`, `qW`, `qX`, `qY`, `qZ`)
VALUES (2139205632, 1, 4162519059, 60.2075, 60.0127, 0, -0.8813367, 0, 0, -0.4724888);

INSERT INTO `ace_object_properties_string` (`aceObjectId`, `strPropertyId`, `propertyValue`)
VALUES (2139205632, 1, 'Life Stone');

INSERT INTO `ace_object_properties_did` (`aceObjectId`, `didPropertyId`, `propertyValue`)
VALUES (2139205632, 8, 100668245)
     , (2139205632, 1, 33558189)
     , (2139205632, 3, 536870932)
     , (2139205632, 2, 150995232);

INSERT INTO `ace_object_properties_int` (`aceObjectId`, `intPropertyId`, `propertyValue`)
VALUES (2139205632, 1, 268435456)
     , (2139205632, 95, 1)
     , (2139205632, 133, 4)
     , (2139205632, 16, 32)
     , (2139205632, 93, 1040);

INSERT INTO `ace_object_properties_double` (`aceObjectId`, `dblPropertyId`, `propertyValue`)
VALUES (2139205632, 54, 2);

INSERT INTO `ace_object_properties_bool` (`aceObjectId`, `boolPropertyId`, `propertyValue`)
VALUES (2139205632, 11, True)
     , (2139205632, 14, True);

INSERT INTO `ace_object` (`aceObjectId`, `aceObjectDescriptionFlags`, `weenieClassId`, `weenieHeaderFlags`, `currentMotionState`, `physicsDescriptionFlag`)
VALUES (2063364096, 9437232, 509, 16404, 'AAA9AAAAAAA=', 100355);

INSERT INTO `ace_position` (`aceObjectId`, `positionType`, `landblockRaw`, `posX`, `posY`, `posZ`, `qW`, `qX`, `qY`, `qZ`)
VALUES (2063364096, 1, 2949054506, 135.908, 27.8177, 170.9695, -0.261358, 0, 0, 0.965242);

INSERT INTO `ace_object_properties_string` (`aceObjectId`, `strPropertyId`, `propertyValue`)
VALUES (2063364096, 1, 'Life Stone');

INSERT INTO `ace_object_properties_did` (`aceObjectId`, `didPropertyId`, `propertyValue`)
VALUES (2063364096, 8, 100668245)
     , (2063364096, 1, 33555182)
     , (2063364096, 3, 536870932)
     , (2063364096, 2, 150994982);

INSERT INTO `ace_object_properties_int` (`aceObjectId`, `intPropertyId`, `propertyValue`)
VALUES (2063364096, 1, 268435456)
     , (2063364096, 95, 1)
     , (2063364096, 133, 4)
     , (2063364096, 16, 32)
     , (2063364096, 93, 1040);

INSERT INTO `ace_object_properties_double` (`aceObjectId`, `dblPropertyId`, `propertyValue`)
VALUES (2063364096, 54, 2);

INSERT INTO `ace_object_properties_bool` (`aceObjectId`, `boolPropertyId`, `propertyValue`)
VALUES (2063364096, 11, True)
     , (2063364096, 14, True);

INSERT INTO `ace_object` (`aceObjectId`, `aceObjectDescriptionFlags`, `weenieClassId`, `weenieHeaderFlags`, `currentMotionState`, `physicsDescriptionFlag`)
VALUES (2014904320, 9437232, 509, 16404, 'AAA9AAAAAAA=', 100355);

INSERT INTO `ace_position` (`aceObjectId`, `positionType`, `landblockRaw`, `posX`, `posY`, `posZ`, `qW`, `qX`, `qY`, `qZ`)
VALUES (2014904320, 1, 2173698067, 69.9582, 57.5844, 73.37145, 0.9043956, 0, 0, -0.4266948);

INSERT INTO `ace_object_properties_string` (`aceObjectId`, `strPropertyId`, `propertyValue`)
VALUES (2014904320, 1, 'Life Stone');

INSERT INTO `ace_object_properties_did` (`aceObjectId`, `didPropertyId`, `propertyValue`)
VALUES (2014904320, 8, 100668245)
     , (2014904320, 1, 33555182)
     , (2014904320, 3, 536870932)
     , (2014904320, 2, 150994982);

INSERT INTO `ace_object_properties_int` (`aceObjectId`, `intPropertyId`, `propertyValue`)
VALUES (2014904320, 1, 268435456)
     , (2014904320, 95, 1)
     , (2014904320, 133, 4)
     , (2014904320, 16, 32)
     , (2014904320, 93, 1040);

INSERT INTO `ace_object_properties_double` (`aceObjectId`, `dblPropertyId`, `propertyValue`)
VALUES (2014904320, 54, 2);

INSERT INTO `ace_object_properties_bool` (`aceObjectId`, `boolPropertyId`, `propertyValue`)
VALUES (2014904320, 11, True)
     , (2014904320, 14, True);

INSERT INTO `ace_object` (`aceObjectId`, `aceObjectDescriptionFlags`, `weenieClassId`, `weenieHeaderFlags`, `currentMotionState`, `physicsDescriptionFlag`)
VALUES (1924202497, 9437232, 24572, 16404, 'AAA9AAAAAAA=', 100355);

INSERT INTO `ace_position` (`aceObjectId`, `positionType`, `landblockRaw`, `posX`, `posY`, `posZ`, `qW`, `qX`, `qY`, `qZ`)
VALUES (1924202497, 1, 722468883, 69.293, 69.232, 74, 0.9238797, 0, 0, -0.3826829);

INSERT INTO `ace_object_properties_string` (`aceObjectId`, `strPropertyId`, `propertyValue`)
VALUES (1924202497, 1, 'Life Stone');

INSERT INTO `ace_object_properties_did` (`aceObjectId`, `didPropertyId`, `propertyValue`)
VALUES (1924202497, 8, 100668245)
     , (1924202497, 1, 33558189)
     , (1924202497, 3, 536870932)
     , (1924202497, 2, 150995232);

INSERT INTO `ace_object_properties_int` (`aceObjectId`, `intPropertyId`, `propertyValue`)
VALUES (1924202497, 1, 268435456)
     , (1924202497, 95, 1)
     , (1924202497, 133, 4)
     , (1924202497, 16, 32)
     , (1924202497, 93, 1040);

INSERT INTO `ace_object_properties_double` (`aceObjectId`, `dblPropertyId`, `propertyValue`)
VALUES (1924202497, 54, 2);

INSERT INTO `ace_object_properties_bool` (`aceObjectId`, `boolPropertyId`, `propertyValue`)
VALUES (1924202497, 11, True)
     , (1924202497, 14, True);

INSERT INTO `ace_object` (`aceObjectId`, `aceObjectDescriptionFlags`, `weenieClassId`, `weenieHeaderFlags`, `currentMotionState`, `physicsDescriptionFlag`)
VALUES (1921097728, 9437232, 509, 16404, 'AAA9AAAAAAA=', 100355);

INSERT INTO `ace_position` (`aceObjectId`, `positionType`, `landblockRaw`, `posX`, `posY`, `posZ`, `qW`, `qX`, `qY`, `qZ`)
VALUES (1921097728, 1, 672792579, 9.87889, 65.9915, 14.50071, 0.8745276, 0, 0, 0.4849758);

INSERT INTO `ace_object_properties_string` (`aceObjectId`, `strPropertyId`, `propertyValue`)
VALUES (1921097728, 1, 'Life Stone');

INSERT INTO `ace_object_properties_did` (`aceObjectId`, `didPropertyId`, `propertyValue`)
VALUES (1921097728, 8, 100668245)
     , (1921097728, 1, 33555182)
     , (1921097728, 3, 536870932)
     , (1921097728, 2, 150994982);

INSERT INTO `ace_object_properties_int` (`aceObjectId`, `intPropertyId`, `propertyValue`)
VALUES (1921097728, 1, 268435456)
     , (1921097728, 95, 1)
     , (1921097728, 133, 4)
     , (1921097728, 16, 32)
     , (1921097728, 93, 1040);

INSERT INTO `ace_object_properties_double` (`aceObjectId`, `dblPropertyId`, `propertyValue`)
VALUES (1921097728, 54, 2);

INSERT INTO `ace_object_properties_bool` (`aceObjectId`, `boolPropertyId`, `propertyValue`)
VALUES (1921097728, 11, True)
     , (1921097728, 14, True);

INSERT INTO `ace_object` (`aceObjectId`, `aceObjectDescriptionFlags`, `weenieClassId`, `weenieHeaderFlags`, `currentMotionState`, `physicsDescriptionFlag`)
VALUES (2030419991, 9437232, 509, 16404, 'AAA9AAAAAAA=', 100355);

INSERT INTO `ace_position` (`aceObjectId`, `positionType`, `landblockRaw`, `posX`, `posY`, `posZ`, `qW`, `qX`, `qY`, `qZ`)
VALUES (2030419991, 1, 2421948459, 132.495, 53.9008, 25.50827, 0.5039732, 0, 0, -0.8637193);

INSERT INTO `ace_object_properties_string` (`aceObjectId`, `strPropertyId`, `propertyValue`)
VALUES (2030419991, 1, 'Life Stone');

INSERT INTO `ace_object_properties_did` (`aceObjectId`, `didPropertyId`, `propertyValue`)
VALUES (2030419991, 8, 100668245)
     , (2030419991, 1, 33555182)
     , (2030419991, 3, 536870932)
     , (2030419991, 2, 150994982);

INSERT INTO `ace_object_properties_int` (`aceObjectId`, `intPropertyId`, `propertyValue`)
VALUES (2030419991, 1, 268435456)
     , (2030419991, 95, 1)
     , (2030419991, 133, 4)
     , (2030419991, 16, 32)
     , (2030419991, 93, 1040);

INSERT INTO `ace_object_properties_double` (`aceObjectId`, `dblPropertyId`, `propertyValue`)
VALUES (2030419991, 54, 2);

INSERT INTO `ace_object_properties_bool` (`aceObjectId`, `boolPropertyId`, `propertyValue`)
VALUES (2030419991, 11, True)
     , (2030419991, 14, True);

INSERT INTO `ace_object` (`aceObjectId`, `aceObjectDescriptionFlags`, `weenieClassId`, `weenieHeaderFlags`, `currentMotionState`, `physicsDescriptionFlag`)
VALUES (2073501730, 9437232, 509, 16404, 'AAA9AAAAAAA=', 100355);

INSERT INTO `ace_position` (`aceObjectId`, `positionType`, `landblockRaw`, `posX`, `posY`, `posZ`, `qW`, `qX`, `qY`, `qZ`)
VALUES (2073501730, 1, 3111256116, 147.649, 95.8163, 34, -0.613228, 0, 0, 0.789906);

INSERT INTO `ace_object_properties_string` (`aceObjectId`, `strPropertyId`, `propertyValue`)
VALUES (2073501730, 1, 'Life Stone');

INSERT INTO `ace_object_properties_did` (`aceObjectId`, `didPropertyId`, `propertyValue`)
VALUES (2073501730, 8, 100668245)
     , (2073501730, 1, 33555182)
     , (2073501730, 3, 536870932)
     , (2073501730, 2, 150994982);

INSERT INTO `ace_object_properties_int` (`aceObjectId`, `intPropertyId`, `propertyValue`)
VALUES (2073501730, 1, 268435456)
     , (2073501730, 95, 1)
     , (2073501730, 133, 4)
     , (2073501730, 16, 32)
     , (2073501730, 93, 1040);

INSERT INTO `ace_object_properties_double` (`aceObjectId`, `dblPropertyId`, `propertyValue`)
VALUES (2073501730, 54, 2);

INSERT INTO `ace_object_properties_bool` (`aceObjectId`, `boolPropertyId`, `propertyValue`)
VALUES (2073501730, 11, True)
     , (2073501730, 14, True);

INSERT INTO `ace_object` (`aceObjectId`, `aceObjectDescriptionFlags`, `weenieClassId`, `weenieHeaderFlags`, `currentMotionState`, `physicsDescriptionFlag`)
VALUES (2073505796, 9437232, 509, 16404, 'AAA9AAAAAAA=', 100355);

INSERT INTO `ace_position` (`aceObjectId`, `positionType`, `landblockRaw`, `posX`, `posY`, `posZ`, `qW`, `qX`, `qY`, `qZ`)
VALUES (2073505796, 1, 3111321649, 151.326, 15.9557, 40, 0.3890771, 0, 0, -0.9212052);

INSERT INTO `ace_object_properties_string` (`aceObjectId`, `strPropertyId`, `propertyValue`)
VALUES (2073505796, 1, 'Life Stone');

INSERT INTO `ace_object_properties_did` (`aceObjectId`, `didPropertyId`, `propertyValue`)
VALUES (2073505796, 8, 100668245)
     , (2073505796, 1, 33555182)
     , (2073505796, 3, 536870932)
     , (2073505796, 2, 150994982);

INSERT INTO `ace_object_properties_int` (`aceObjectId`, `intPropertyId`, `propertyValue`)
VALUES (2073505796, 1, 268435456)
     , (2073505796, 95, 1)
     , (2073505796, 133, 4)
     , (2073505796, 16, 32)
     , (2073505796, 93, 1040);

INSERT INTO `ace_object_properties_double` (`aceObjectId`, `dblPropertyId`, `propertyValue`)
VALUES (2073505796, 54, 2);

INSERT INTO `ace_object_properties_bool` (`aceObjectId`, `boolPropertyId`, `propertyValue`)
VALUES (2073505796, 11, True)
     , (2073505796, 14, True);

INSERT INTO `ace_object` (`aceObjectId`, `aceObjectDescriptionFlags`, `weenieClassId`, `weenieHeaderFlags`, `currentMotionState`, `physicsDescriptionFlag`)
VALUES (2013278216, 9437232, 509, 16404, 'AAA9AAAAAAA=', 100355);

INSERT INTO `ace_position` (`aceObjectId`, `positionType`, `landblockRaw`, `posX`, `posY`, `posZ`, `qW`, `qX`, `qY`, `qZ`)
VALUES (2013278216, 1, 2147680564, 120, -160, -6, 0.020795, 0, 0, 0.9997838);

INSERT INTO `ace_object_properties_string` (`aceObjectId`, `strPropertyId`, `propertyValue`)
VALUES (2013278216, 1, 'Life Stone');

INSERT INTO `ace_object_properties_did` (`aceObjectId`, `didPropertyId`, `propertyValue`)
VALUES (2013278216, 8, 100668245)
     , (2013278216, 1, 33555182)
     , (2013278216, 3, 536870932)
     , (2013278216, 2, 150994982);

INSERT INTO `ace_object_properties_int` (`aceObjectId`, `intPropertyId`, `propertyValue`)
VALUES (2013278216, 1, 268435456)
     , (2013278216, 95, 1)
     , (2013278216, 133, 4)
     , (2013278216, 16, 32)
     , (2013278216, 93, 1040);

INSERT INTO `ace_object_properties_double` (`aceObjectId`, `dblPropertyId`, `propertyValue`)
VALUES (2013278216, 54, 2);

INSERT INTO `ace_object_properties_bool` (`aceObjectId`, `boolPropertyId`, `propertyValue`)
VALUES (2013278216, 11, True)
     , (2013278216, 14, True);

INSERT INTO `ace_object` (`aceObjectId`, `aceObjectDescriptionFlags`, `weenieClassId`, `weenieHeaderFlags`, `currentMotionState`, `physicsDescriptionFlag`)
VALUES (2015944708, 9437232, 509, 16404, 'AAA9AAAAAAA=', 100355);

INSERT INTO `ace_position` (`aceObjectId`, `positionType`, `landblockRaw`, `posX`, `posY`, `posZ`, `qW`, `qX`, `qY`, `qZ`)
VALUES (2015944708, 1, 2190344221, 76.3446, 115.939, 124, -0.155771, 0, 0, 0.9877932);

INSERT INTO `ace_object_properties_string` (`aceObjectId`, `strPropertyId`, `propertyValue`)
VALUES (2015944708, 1, 'Life Stone');

INSERT INTO `ace_object_properties_did` (`aceObjectId`, `didPropertyId`, `propertyValue`)
VALUES (2015944708, 8, 100668245)
     , (2015944708, 1, 33555182)
     , (2015944708, 3, 536870932)
     , (2015944708, 2, 150994982);

INSERT INTO `ace_object_properties_int` (`aceObjectId`, `intPropertyId`, `propertyValue`)
VALUES (2015944708, 1, 268435456)
     , (2015944708, 95, 1)
     , (2015944708, 133, 4)
     , (2015944708, 16, 32)
     , (2015944708, 93, 1040);

INSERT INTO `ace_object_properties_double` (`aceObjectId`, `dblPropertyId`, `propertyValue`)
VALUES (2015944708, 54, 2);

INSERT INTO `ace_object_properties_bool` (`aceObjectId`, `boolPropertyId`, `propertyValue`)
VALUES (2015944708, 11, True)
     , (2015944708, 14, True);

INSERT INTO `ace_object` (`aceObjectId`, `aceObjectDescriptionFlags`, `weenieClassId`, `weenieHeaderFlags`, `currentMotionState`, `physicsDescriptionFlag`)
VALUES (1926950919, 9437232, 509, 16404, 'AAA9AAAAAAA=', 100355);

INSERT INTO `ace_position` (`aceObjectId`, `positionType`, `landblockRaw`, `posX`, `posY`, `posZ`, `qW`, `qX`, `qY`, `qZ`)
VALUES (1926950919, 1, 766443534, 45.7621, 141.364, 48, 0.7704461, 0, 0, -0.6375051);

INSERT INTO `ace_object_properties_string` (`aceObjectId`, `strPropertyId`, `propertyValue`)
VALUES (1926950919, 1, 'Life Stone');

INSERT INTO `ace_object_properties_did` (`aceObjectId`, `didPropertyId`, `propertyValue`)
VALUES (1926950919, 8, 100668245)
     , (1926950919, 1, 33555182)
     , (1926950919, 3, 536870932)
     , (1926950919, 2, 150994982);

INSERT INTO `ace_object_properties_int` (`aceObjectId`, `intPropertyId`, `propertyValue`)
VALUES (1926950919, 1, 268435456)
     , (1926950919, 95, 1)
     , (1926950919, 133, 4)
     , (1926950919, 16, 32)
     , (1926950919, 93, 1040);

INSERT INTO `ace_object_properties_double` (`aceObjectId`, `dblPropertyId`, `propertyValue`)
VALUES (1926950919, 54, 2);

INSERT INTO `ace_object_properties_bool` (`aceObjectId`, `boolPropertyId`, `propertyValue`)
VALUES (1926950919, 11, True)
     , (1926950919, 14, True);

INSERT INTO `ace_object` (`aceObjectId`, `aceObjectDescriptionFlags`, `weenieClassId`, `weenieHeaderFlags`, `currentMotionState`, `physicsDescriptionFlag`)
VALUES (1910542345, 9437232, 509, 16404, 'AAA9AAAAAAA=', 100355);

INSERT INTO `ace_position` (`aceObjectId`, `positionType`, `landblockRaw`, `posX`, `posY`, `posZ`, `qW`, `qX`, `qY`, `qZ`)
VALUES (1910542345, 1, 503906311, 2.04685, 158.217, 48, 0.109651, 0, 0, -0.9939702);

INSERT INTO `ace_object_properties_string` (`aceObjectId`, `strPropertyId`, `propertyValue`)
VALUES (1910542345, 1, 'Life Stone');

INSERT INTO `ace_object_properties_did` (`aceObjectId`, `didPropertyId`, `propertyValue`)
VALUES (1910542345, 8, 100668245)
     , (1910542345, 1, 33555182)
     , (1910542345, 3, 536870932)
     , (1910542345, 2, 150994982);

INSERT INTO `ace_object_properties_int` (`aceObjectId`, `intPropertyId`, `propertyValue`)
VALUES (1910542345, 1, 268435456)
     , (1910542345, 95, 1)
     , (1910542345, 133, 4)
     , (1910542345, 16, 32)
     , (1910542345, 93, 1040);

INSERT INTO `ace_object_properties_double` (`aceObjectId`, `dblPropertyId`, `propertyValue`)
VALUES (1910542345, 54, 2);

INSERT INTO `ace_object_properties_bool` (`aceObjectId`, `boolPropertyId`, `propertyValue`)
VALUES (1910542345, 11, True)
     , (1910542345, 14, True);

INSERT INTO `ace_object` (`aceObjectId`, `aceObjectDescriptionFlags`, `weenieClassId`, `weenieHeaderFlags`, `currentMotionState`, `physicsDescriptionFlag`)
VALUES (2033541120, 9437232, 509, 16404, 'AAA9AAAAAAA=', 100355);

INSERT INTO `ace_position` (`aceObjectId`, `positionType`, `landblockRaw`, `posX`, `posY`, `posZ`, `qW`, `qX`, `qY`, `qZ`)
VALUES (2033541120, 1, 2471886871, 50.244, 150.787, 19.24742, 0.8941839, 0, 0, 0.4476999);

INSERT INTO `ace_object_properties_string` (`aceObjectId`, `strPropertyId`, `propertyValue`)
VALUES (2033541120, 1, 'Life Stone');

INSERT INTO `ace_object_properties_did` (`aceObjectId`, `didPropertyId`, `propertyValue`)
VALUES (2033541120, 8, 100668245)
     , (2033541120, 1, 33555182)
     , (2033541120, 3, 536870932)
     , (2033541120, 2, 150994982);

INSERT INTO `ace_object_properties_int` (`aceObjectId`, `intPropertyId`, `propertyValue`)
VALUES (2033541120, 1, 268435456)
     , (2033541120, 95, 1)
     , (2033541120, 133, 4)
     , (2033541120, 16, 32)
     , (2033541120, 93, 1040);

INSERT INTO `ace_object_properties_double` (`aceObjectId`, `dblPropertyId`, `propertyValue`)
VALUES (2033541120, 54, 2);

INSERT INTO `ace_object_properties_bool` (`aceObjectId`, `boolPropertyId`, `propertyValue`)
VALUES (2033541120, 11, True)
     , (2033541120, 14, True);

INSERT INTO `ace_object` (`aceObjectId`, `aceObjectDescriptionFlags`, `weenieClassId`, `weenieHeaderFlags`, `currentMotionState`, `physicsDescriptionFlag`)
VALUES (2033688576, 9437232, 509, 16404, 'AAA9AAAAAAA=', 100355);

INSERT INTO `ace_position` (`aceObjectId`, `positionType`, `landblockRaw`, `posX`, `posY`, `posZ`, `qW`, `qX`, `qY`, `qZ`)
VALUES (2033688576, 1, 2474246161, 65.2787, 19.7839, 20, -0.8477269, 0, 0, 0.5304329);

INSERT INTO `ace_object_properties_string` (`aceObjectId`, `strPropertyId`, `propertyValue`)
VALUES (2033688576, 1, 'Life Stone');

INSERT INTO `ace_object_properties_did` (`aceObjectId`, `didPropertyId`, `propertyValue`)
VALUES (2033688576, 8, 100668245)
     , (2033688576, 1, 33555182)
     , (2033688576, 3, 536870932)
     , (2033688576, 2, 150994982);

INSERT INTO `ace_object_properties_int` (`aceObjectId`, `intPropertyId`, `propertyValue`)
VALUES (2033688576, 1, 268435456)
     , (2033688576, 95, 1)
     , (2033688576, 133, 4)
     , (2033688576, 16, 32)
     , (2033688576, 93, 1040);

INSERT INTO `ace_object_properties_double` (`aceObjectId`, `dblPropertyId`, `propertyValue`)
VALUES (2033688576, 54, 2);

INSERT INTO `ace_object_properties_bool` (`aceObjectId`, `boolPropertyId`, `propertyValue`)
VALUES (2033688576, 11, True)
     , (2033688576, 14, True);

INSERT INTO `ace_object` (`aceObjectId`, `aceObjectDescriptionFlags`, `weenieClassId`, `weenieHeaderFlags`, `currentMotionState`, `physicsDescriptionFlag`)
VALUES (2115350528, 9437232, 509, 16404, 'AAA9AAAAAAA=', 100355);

INSERT INTO `ace_position` (`aceObjectId`, `positionType`, `landblockRaw`, `posX`, `posY`, `posZ`, `qW`, `qX`, `qY`, `qZ`)
VALUES (2115350528, 1, 3780837398, 64.5134, 133.26, 11.37612, 0.7508391, 0, 0, 0.6604851);

INSERT INTO `ace_object_properties_string` (`aceObjectId`, `strPropertyId`, `propertyValue`)
VALUES (2115350528, 1, 'Life Stone');

INSERT INTO `ace_object_properties_did` (`aceObjectId`, `didPropertyId`, `propertyValue`)
VALUES (2115350528, 8, 100668245)
     , (2115350528, 1, 33555182)
     , (2115350528, 3, 536870932)
     , (2115350528, 2, 150994982);

INSERT INTO `ace_object_properties_int` (`aceObjectId`, `intPropertyId`, `propertyValue`)
VALUES (2115350528, 1, 268435456)
     , (2115350528, 95, 1)
     , (2115350528, 133, 4)
     , (2115350528, 16, 32)
     , (2115350528, 93, 1040);

INSERT INTO `ace_object_properties_double` (`aceObjectId`, `dblPropertyId`, `propertyValue`)
VALUES (2115350528, 54, 2);

INSERT INTO `ace_object_properties_bool` (`aceObjectId`, `boolPropertyId`, `propertyValue`)
VALUES (2115350528, 11, True)
     , (2115350528, 14, True);

INSERT INTO `ace_object` (`aceObjectId`, `aceObjectDescriptionFlags`, `weenieClassId`, `weenieHeaderFlags`, `currentMotionState`, `physicsDescriptionFlag`)
VALUES (1911234560, 9437232, 23618, 16404, 'AAA9AAAAAAA=', 100355);

INSERT INTO `ace_position` (`aceObjectId`, `positionType`, `landblockRaw`, `posX`, `posY`, `posZ`, `qW`, `qX`, `qY`, `qZ`)
VALUES (1911234560, 1, 514981934, 131.594, 131.909, 2, -0.9995194, 0, 0, -0.03099881);

INSERT INTO `ace_object_properties_string` (`aceObjectId`, `strPropertyId`, `propertyValue`)
VALUES (1911234560, 1, 'Life Stone');

INSERT INTO `ace_object_properties_did` (`aceObjectId`, `didPropertyId`, `propertyValue`)
VALUES (1911234560, 8, 100668245)
     , (1911234560, 1, 33558189)
     , (1911234560, 3, 536870932)
     , (1911234560, 2, 150995232);

INSERT INTO `ace_object_properties_int` (`aceObjectId`, `intPropertyId`, `propertyValue`)
VALUES (1911234560, 1, 268435456)
     , (1911234560, 95, 1)
     , (1911234560, 133, 4)
     , (1911234560, 16, 32)
     , (1911234560, 93, 1040);

INSERT INTO `ace_object_properties_double` (`aceObjectId`, `dblPropertyId`, `propertyValue`)
VALUES (1911234560, 54, 2);

INSERT INTO `ace_object_properties_bool` (`aceObjectId`, `boolPropertyId`, `propertyValue`)
VALUES (1911234560, 11, True)
     , (1911234560, 14, True);

INSERT INTO `ace_object` (`aceObjectId`, `aceObjectDescriptionFlags`, `weenieClassId`, `weenieHeaderFlags`, `currentMotionState`, `physicsDescriptionFlag`)
VALUES (2021163008, 9437232, 509, 16404, 'AAA9AAAAAAA=', 100355);

INSERT INTO `ace_position` (`aceObjectId`, `positionType`, `landblockRaw`, `posX`, `posY`, `posZ`, `qW`, `qX`, `qY`, `qZ`)
VALUES (2021163008, 1, 2273837060, 21.4482, 91.477, 108, 0.7154628, 0, 0, -0.6986508);

INSERT INTO `ace_object_properties_string` (`aceObjectId`, `strPropertyId`, `propertyValue`)
VALUES (2021163008, 1, 'Life Stone');

INSERT INTO `ace_object_properties_did` (`aceObjectId`, `didPropertyId`, `propertyValue`)
VALUES (2021163008, 8, 100668245)
     , (2021163008, 1, 33555182)
     , (2021163008, 3, 536870932)
     , (2021163008, 2, 150994982);

INSERT INTO `ace_object_properties_int` (`aceObjectId`, `intPropertyId`, `propertyValue`)
VALUES (2021163008, 1, 268435456)
     , (2021163008, 95, 1)
     , (2021163008, 133, 4)
     , (2021163008, 16, 32)
     , (2021163008, 93, 1040);

INSERT INTO `ace_object_properties_double` (`aceObjectId`, `dblPropertyId`, `propertyValue`)
VALUES (2021163008, 54, 2);

INSERT INTO `ace_object_properties_bool` (`aceObjectId`, `boolPropertyId`, `propertyValue`)
VALUES (2021163008, 11, True)
     , (2021163008, 14, True);

INSERT INTO `ace_object` (`aceObjectId`, `aceObjectDescriptionFlags`, `weenieClassId`, `weenieHeaderFlags`, `currentMotionState`, `physicsDescriptionFlag`)
VALUES (2010714112, 9437232, 509, 16404, 'AAA9AAAAAAA=', 100355);

INSERT INTO `ace_position` (`aceObjectId`, `positionType`, `landblockRaw`, `posX`, `posY`, `posZ`, `qW`, `qX`, `qY`, `qZ`)
VALUES (2010714112, 1, 2106654769, 155.135, 6.80181, 124, -0.2533321, 0, 0, 0.9673794);

INSERT INTO `ace_object_properties_string` (`aceObjectId`, `strPropertyId`, `propertyValue`)
VALUES (2010714112, 1, 'Life Stone');

INSERT INTO `ace_object_properties_did` (`aceObjectId`, `didPropertyId`, `propertyValue`)
VALUES (2010714112, 8, 100668245)
     , (2010714112, 1, 33555182)
     , (2010714112, 3, 536870932)
     , (2010714112, 2, 150994982);

INSERT INTO `ace_object_properties_int` (`aceObjectId`, `intPropertyId`, `propertyValue`)
VALUES (2010714112, 1, 268435456)
     , (2010714112, 95, 1)
     , (2010714112, 133, 4)
     , (2010714112, 16, 32)
     , (2010714112, 93, 1040);

INSERT INTO `ace_object_properties_double` (`aceObjectId`, `dblPropertyId`, `propertyValue`)
VALUES (2010714112, 54, 2);

INSERT INTO `ace_object_properties_bool` (`aceObjectId`, `boolPropertyId`, `propertyValue`)
VALUES (2010714112, 11, True)
     , (2010714112, 14, True);

INSERT INTO `ace_object` (`aceObjectId`, `aceObjectDescriptionFlags`, `weenieClassId`, `weenieHeaderFlags`, `currentMotionState`, `physicsDescriptionFlag`)
VALUES (2086256640, 9437232, 509, 16404, 'AAA9AAAAAAA=', 100355);

INSERT INTO `ace_position` (`aceObjectId`, `positionType`, `landblockRaw`, `posX`, `posY`, `posZ`, `qW`, `qX`, `qY`, `qZ`)
VALUES (2086256640, 1, 3315335213, 132, 111, 10, -0.9999998, 0, 0, -0.0007244668);

INSERT INTO `ace_object_properties_string` (`aceObjectId`, `strPropertyId`, `propertyValue`)
VALUES (2086256640, 1, 'Life Stone');

INSERT INTO `ace_object_properties_did` (`aceObjectId`, `didPropertyId`, `propertyValue`)
VALUES (2086256640, 8, 100668245)
     , (2086256640, 1, 33555182)
     , (2086256640, 3, 536870932)
     , (2086256640, 2, 150994982);

INSERT INTO `ace_object_properties_int` (`aceObjectId`, `intPropertyId`, `propertyValue`)
VALUES (2086256640, 1, 268435456)
     , (2086256640, 95, 1)
     , (2086256640, 133, 4)
     , (2086256640, 16, 32)
     , (2086256640, 93, 1040);

INSERT INTO `ace_object_properties_double` (`aceObjectId`, `dblPropertyId`, `propertyValue`)
VALUES (2086256640, 54, 2);

INSERT INTO `ace_object_properties_bool` (`aceObjectId`, `boolPropertyId`, `propertyValue`)
VALUES (2086256640, 11, True)
     , (2086256640, 14, True);

INSERT INTO `ace_object` (`aceObjectId`, `aceObjectDescriptionFlags`, `weenieClassId`, `weenieHeaderFlags`, `currentMotionState`, `physicsDescriptionFlag`)
VALUES (2046513152, 9437232, 509, 16404, 'AAA9AAAAAAA=', 100355);

INSERT INTO `ace_position` (`aceObjectId`, `positionType`, `landblockRaw`, `posX`, `posY`, `posZ`, `qW`, `qX`, `qY`, `qZ`)
VALUES (2046513152, 1, 2679439412, 157.726, 85.8647, 94.01156, -0.9765991, 0, 0, -0.215068);

INSERT INTO `ace_object_properties_string` (`aceObjectId`, `strPropertyId`, `propertyValue`)
VALUES (2046513152, 1, 'Life Stone');

INSERT INTO `ace_object_properties_did` (`aceObjectId`, `didPropertyId`, `propertyValue`)
VALUES (2046513152, 8, 100668245)
     , (2046513152, 1, 33555182)
     , (2046513152, 3, 536870932)
     , (2046513152, 2, 150994982);

INSERT INTO `ace_object_properties_int` (`aceObjectId`, `intPropertyId`, `propertyValue`)
VALUES (2046513152, 1, 268435456)
     , (2046513152, 95, 1)
     , (2046513152, 133, 4)
     , (2046513152, 16, 32)
     , (2046513152, 93, 1040);

INSERT INTO `ace_object_properties_double` (`aceObjectId`, `dblPropertyId`, `propertyValue`)
VALUES (2046513152, 54, 2);

INSERT INTO `ace_object_properties_bool` (`aceObjectId`, `boolPropertyId`, `propertyValue`)
VALUES (2046513152, 11, True)
     , (2046513152, 14, True);

INSERT INTO `ace_object` (`aceObjectId`, `aceObjectDescriptionFlags`, `weenieClassId`, `weenieHeaderFlags`, `currentMotionState`, `physicsDescriptionFlag`)
VALUES (2051403776, 9437232, 509, 16404, 'AAA9AAAAAAA=', 100355);

INSERT INTO `ace_position` (`aceObjectId`, `positionType`, `landblockRaw`, `posX`, `posY`, `posZ`, `qW`, `qX`, `qY`, `qZ`)
VALUES (2051403776, 1, 2757689395, 161.594, 69.204, 33.46616, 0.9718775, 0, 0, -0.2354869);

INSERT INTO `ace_object_properties_string` (`aceObjectId`, `strPropertyId`, `propertyValue`)
VALUES (2051403776, 1, 'Life Stone');

INSERT INTO `ace_object_properties_did` (`aceObjectId`, `didPropertyId`, `propertyValue`)
VALUES (2051403776, 8, 100668245)
     , (2051403776, 1, 33555182)
     , (2051403776, 3, 536870932)
     , (2051403776, 2, 150994982);

INSERT INTO `ace_object_properties_int` (`aceObjectId`, `intPropertyId`, `propertyValue`)
VALUES (2051403776, 1, 268435456)
     , (2051403776, 95, 1)
     , (2051403776, 133, 4)
     , (2051403776, 16, 32)
     , (2051403776, 93, 1040);

INSERT INTO `ace_object_properties_double` (`aceObjectId`, `dblPropertyId`, `propertyValue`)
VALUES (2051403776, 54, 2);

INSERT INTO `ace_object_properties_bool` (`aceObjectId`, `boolPropertyId`, `propertyValue`)
VALUES (2051403776, 11, True)
     , (2051403776, 14, True);

INSERT INTO `ace_object` (`aceObjectId`, `aceObjectDescriptionFlags`, `weenieClassId`, `weenieHeaderFlags`, `currentMotionState`, `physicsDescriptionFlag`)
VALUES (1915863040, 9437232, 509, 16404, 'AAA9AAAAAAA=', 100355);

INSERT INTO `ace_position` (`aceObjectId`, `positionType`, `landblockRaw`, `posX`, `posY`, `posZ`, `qW`, `qX`, `qY`, `qZ`)
VALUES (1915863040, 1, 589037615, 139.183, 150.765, 44, 0.9447703, 0, 0, 0.3277331);

INSERT INTO `ace_object_properties_string` (`aceObjectId`, `strPropertyId`, `propertyValue`)
VALUES (1915863040, 1, 'Life Stone');

INSERT INTO `ace_object_properties_did` (`aceObjectId`, `didPropertyId`, `propertyValue`)
VALUES (1915863040, 8, 100668245)
     , (1915863040, 1, 33555182)
     , (1915863040, 3, 536870932)
     , (1915863040, 2, 150994982);

INSERT INTO `ace_object_properties_int` (`aceObjectId`, `intPropertyId`, `propertyValue`)
VALUES (1915863040, 1, 268435456)
     , (1915863040, 95, 1)
     , (1915863040, 133, 4)
     , (1915863040, 16, 32)
     , (1915863040, 93, 1040);

INSERT INTO `ace_object_properties_double` (`aceObjectId`, `dblPropertyId`, `propertyValue`)
VALUES (1915863040, 54, 2);

INSERT INTO `ace_object_properties_bool` (`aceObjectId`, `boolPropertyId`, `propertyValue`)
VALUES (1915863040, 11, True)
     , (1915863040, 14, True);

INSERT INTO `ace_object` (`aceObjectId`, `aceObjectDescriptionFlags`, `weenieClassId`, `weenieHeaderFlags`, `currentMotionState`, `physicsDescriptionFlag`)
VALUES (1942228992, 9437232, 509, 16404, 'AAA9AAAAAAA=', 100355);

INSERT INTO `ace_position` (`aceObjectId`, `positionType`, `landblockRaw`, `posX`, `posY`, `posZ`, `qW`, `qX`, `qY`, `qZ`)
VALUES (1942228992, 1, 1010892817, 66.87206, 18.362, 12.26286, -0.4988959, 0, 0, -0.8666619);

INSERT INTO `ace_object_properties_string` (`aceObjectId`, `strPropertyId`, `propertyValue`)
VALUES (1942228992, 1, 'Life Stone');

INSERT INTO `ace_object_properties_did` (`aceObjectId`, `didPropertyId`, `propertyValue`)
VALUES (1942228992, 8, 100668245)
     , (1942228992, 1, 33555182)
     , (1942228992, 3, 536870932)
     , (1942228992, 2, 150994982);

INSERT INTO `ace_object_properties_int` (`aceObjectId`, `intPropertyId`, `propertyValue`)
VALUES (1942228992, 1, 268435456)
     , (1942228992, 95, 1)
     , (1942228992, 133, 4)
     , (1942228992, 16, 32)
     , (1942228992, 93, 1040);

INSERT INTO `ace_object_properties_double` (`aceObjectId`, `dblPropertyId`, `propertyValue`)
VALUES (1942228992, 54, 2);

INSERT INTO `ace_object_properties_bool` (`aceObjectId`, `boolPropertyId`, `propertyValue`)
VALUES (1942228992, 11, True)
     , (1942228992, 14, True);

INSERT INTO `ace_object` (`aceObjectId`, `aceObjectDescriptionFlags`, `weenieClassId`, `weenieHeaderFlags`, `currentMotionState`, `physicsDescriptionFlag`)
VALUES (1938194432, 9437232, 509, 16404, 'AAA9AAAAAAA=', 100355);

INSERT INTO `ace_position` (`aceObjectId`, `positionType`, `landblockRaw`, `posX`, `posY`, `posZ`, `qW`, `qX`, `qY`, `qZ`)
VALUES (1938194432, 1, 946339863, 68.7585, 164.861, 43.46829, 0.9816552, 0, 0, -0.190665);

INSERT INTO `ace_object_properties_string` (`aceObjectId`, `strPropertyId`, `propertyValue`)
VALUES (1938194432, 1, 'Life Stone');

INSERT INTO `ace_object_properties_did` (`aceObjectId`, `didPropertyId`, `propertyValue`)
VALUES (1938194432, 8, 100668245)
     , (1938194432, 1, 33555182)
     , (1938194432, 3, 536870932)
     , (1938194432, 2, 150994982);

INSERT INTO `ace_object_properties_int` (`aceObjectId`, `intPropertyId`, `propertyValue`)
VALUES (1938194432, 1, 268435456)
     , (1938194432, 95, 1)
     , (1938194432, 133, 4)
     , (1938194432, 16, 32)
     , (1938194432, 93, 1040);

INSERT INTO `ace_object_properties_double` (`aceObjectId`, `dblPropertyId`, `propertyValue`)
VALUES (1938194432, 54, 2);

INSERT INTO `ace_object_properties_bool` (`aceObjectId`, `boolPropertyId`, `propertyValue`)
VALUES (1938194432, 11, True)
     , (1938194432, 14, True);

INSERT INTO `ace_object` (`aceObjectId`, `aceObjectDescriptionFlags`, `weenieClassId`, `weenieHeaderFlags`, `currentMotionState`, `physicsDescriptionFlag`)
VALUES (2070224896, 9437232, 509, 16404, 'AAA9AAAAAAA=', 100355);

INSERT INTO `ace_position` (`aceObjectId`, `positionType`, `landblockRaw`, `posX`, `posY`, `posZ`, `qW`, `qX`, `qY`, `qZ`)
VALUES (2070224896, 1, 3058827315, 156.412, 65.5844, 4, 0.9991515, 0, 0, -0.04118622);

INSERT INTO `ace_object_properties_string` (`aceObjectId`, `strPropertyId`, `propertyValue`)
VALUES (2070224896, 1, 'Life Stone');

INSERT INTO `ace_object_properties_did` (`aceObjectId`, `didPropertyId`, `propertyValue`)
VALUES (2070224896, 8, 100668245)
     , (2070224896, 1, 33555182)
     , (2070224896, 3, 536870932)
     , (2070224896, 2, 150994982);

INSERT INTO `ace_object_properties_int` (`aceObjectId`, `intPropertyId`, `propertyValue`)
VALUES (2070224896, 1, 268435456)
     , (2070224896, 95, 1)
     , (2070224896, 133, 4)
     , (2070224896, 16, 32)
     , (2070224896, 93, 1040);

INSERT INTO `ace_object_properties_double` (`aceObjectId`, `dblPropertyId`, `propertyValue`)
VALUES (2070224896, 54, 2);

INSERT INTO `ace_object_properties_bool` (`aceObjectId`, `boolPropertyId`, `propertyValue`)
VALUES (2070224896, 11, True)
     , (2070224896, 14, True);

INSERT INTO `ace_object` (`aceObjectId`, `aceObjectDescriptionFlags`, `weenieClassId`, `weenieHeaderFlags`, `currentMotionState`, `physicsDescriptionFlag`)
VALUES (1897934938, 9437232, 27096, 16404, 'AAA9AAAAAAA=', 100355);

INSERT INTO `ace_position` (`aceObjectId`, `positionType`, `landblockRaw`, `posX`, `posY`, `posZ`, `qW`, `qX`, `qY`, `qZ`)
VALUES (1897934938, 1, 302186524, 86.3982, 87.6325, 51, -0.945018, 0, 0, -0.327018);

INSERT INTO `ace_object_properties_string` (`aceObjectId`, `strPropertyId`, `propertyValue`)
VALUES (1897934938, 1, 'Lugian Lifestone');

INSERT INTO `ace_object_properties_did` (`aceObjectId`, `didPropertyId`, `propertyValue`)
VALUES (1897934938, 8, 100675939)
     , (1897934938, 1, 33558653)
     , (1897934938, 3, 536870932)
     , (1897934938, 2, 150995280);

INSERT INTO `ace_object_properties_int` (`aceObjectId`, `intPropertyId`, `propertyValue`)
VALUES (1897934938, 1, 268435456)
     , (1897934938, 95, 1)
     , (1897934938, 133, 4)
     , (1897934938, 16, 32)
     , (1897934938, 93, 1040);

INSERT INTO `ace_object_properties_double` (`aceObjectId`, `dblPropertyId`, `propertyValue`)
VALUES (1897934938, 54, 2);

INSERT INTO `ace_object_properties_bool` (`aceObjectId`, `boolPropertyId`, `propertyValue`)
VALUES (1897934938, 11, True)
     , (1897934938, 14, True);

INSERT INTO `ace_object` (`aceObjectId`, `aceObjectDescriptionFlags`, `weenieClassId`, `weenieHeaderFlags`, `currentMotionState`, `physicsDescriptionFlag`)
VALUES (2049093632, 9437232, 509, 16404, 'AAA9AAAAAAA=', 100355);

INSERT INTO `ace_position` (`aceObjectId`, `positionType`, `landblockRaw`, `posX`, `posY`, `posZ`, `qW`, `qX`, `qY`, `qZ`)
VALUES (2049093632, 1, 2720727091, 155.769, 60.146, 140.4032, 0.6194299, 0, 0, -0.7850519);

INSERT INTO `ace_object_properties_string` (`aceObjectId`, `strPropertyId`, `propertyValue`)
VALUES (2049093632, 1, 'Life Stone');

INSERT INTO `ace_object_properties_did` (`aceObjectId`, `didPropertyId`, `propertyValue`)
VALUES (2049093632, 8, 100668245)
     , (2049093632, 1, 33555182)
     , (2049093632, 3, 536870932)
     , (2049093632, 2, 150994982);

INSERT INTO `ace_object_properties_int` (`aceObjectId`, `intPropertyId`, `propertyValue`)
VALUES (2049093632, 1, 268435456)
     , (2049093632, 95, 1)
     , (2049093632, 133, 4)
     , (2049093632, 16, 32)
     , (2049093632, 93, 1040);

INSERT INTO `ace_object_properties_double` (`aceObjectId`, `dblPropertyId`, `propertyValue`)
VALUES (2049093632, 54, 2);

INSERT INTO `ace_object_properties_bool` (`aceObjectId`, `boolPropertyId`, `propertyValue`)
VALUES (2049093632, 11, True)
     , (2049093632, 14, True);

INSERT INTO `ace_object` (`aceObjectId`, `aceObjectDescriptionFlags`, `weenieClassId`, `weenieHeaderFlags`, `currentMotionState`, `physicsDescriptionFlag`)
VALUES (2050920448, 9437232, 509, 16404, 'AAA9AAAAAAA=', 100355);

INSERT INTO `ace_position` (`aceObjectId`, `positionType`, `landblockRaw`, `posX`, `posY`, `posZ`, `qW`, `qX`, `qY`, `qZ`)
VALUES (2050920448, 1, 2749956102, 12.0158, 139.51, 35.37548, -0.5326129, 0, 0, -0.846359);

INSERT INTO `ace_object_properties_string` (`aceObjectId`, `strPropertyId`, `propertyValue`)
VALUES (2050920448, 1, 'Life Stone');

INSERT INTO `ace_object_properties_did` (`aceObjectId`, `didPropertyId`, `propertyValue`)
VALUES (2050920448, 8, 100668245)
     , (2050920448, 1, 33555182)
     , (2050920448, 3, 536870932)
     , (2050920448, 2, 150994982);

INSERT INTO `ace_object_properties_int` (`aceObjectId`, `intPropertyId`, `propertyValue`)
VALUES (2050920448, 1, 268435456)
     , (2050920448, 95, 1)
     , (2050920448, 133, 4)
     , (2050920448, 16, 32)
     , (2050920448, 93, 1040);

INSERT INTO `ace_object_properties_double` (`aceObjectId`, `dblPropertyId`, `propertyValue`)
VALUES (2050920448, 54, 2);

INSERT INTO `ace_object_properties_bool` (`aceObjectId`, `boolPropertyId`, `propertyValue`)
VALUES (2050920448, 11, True)
     , (2050920448, 14, True);

INSERT INTO `ace_object` (`aceObjectId`, `aceObjectDescriptionFlags`, `weenieClassId`, `weenieHeaderFlags`, `currentMotionState`, `physicsDescriptionFlag`)
VALUES (2009927680, 9437232, 509, 16404, 'AAA9AAAAAAA=', 100355);

INSERT INTO `ace_position` (`aceObjectId`, `positionType`, `landblockRaw`, `posX`, `posY`, `posZ`, `qW`, `qX`, `qY`, `qZ`)
VALUES (2009927680, 1, 2094071823, 38.3906, 159.581, 165.2984, 0.6433191, 0, 0, -0.7655981);

INSERT INTO `ace_object_properties_string` (`aceObjectId`, `strPropertyId`, `propertyValue`)
VALUES (2009927680, 1, 'Life Stone');

INSERT INTO `ace_object_properties_did` (`aceObjectId`, `didPropertyId`, `propertyValue`)
VALUES (2009927680, 8, 100668245)
     , (2009927680, 1, 33555182)
     , (2009927680, 3, 536870932)
     , (2009927680, 2, 150994982);

INSERT INTO `ace_object_properties_int` (`aceObjectId`, `intPropertyId`, `propertyValue`)
VALUES (2009927680, 1, 268435456)
     , (2009927680, 95, 1)
     , (2009927680, 133, 4)
     , (2009927680, 16, 32)
     , (2009927680, 93, 1040);

INSERT INTO `ace_object_properties_double` (`aceObjectId`, `dblPropertyId`, `propertyValue`)
VALUES (2009927680, 54, 2);

INSERT INTO `ace_object_properties_bool` (`aceObjectId`, `boolPropertyId`, `propertyValue`)
VALUES (2009927680, 11, True)
     , (2009927680, 14, True);

INSERT INTO `ace_object` (`aceObjectId`, `aceObjectDescriptionFlags`, `weenieClassId`, `weenieHeaderFlags`, `currentMotionState`, `physicsDescriptionFlag`)
VALUES (2884198038, 8388624, 38053, 20, NULL, 34817);

INSERT INTO `ace_position` (`aceObjectId`, `positionType`, `landblockRaw`, `posX`, `posY`, `posZ`, `qW`, `qX`, `qY`, `qZ`)
VALUES (2884198038, 1, 4180606999, 55.0462, 144.829, 148, 1, 0, 0, 0);

INSERT INTO `ace_object_properties_string` (`aceObjectId`, `strPropertyId`, `propertyValue`)
VALUES (2884198038, 1, 'Celestial Hand Banner');

INSERT INTO `ace_object_properties_did` (`aceObjectId`, `didPropertyId`, `propertyValue`)
VALUES (2884198038, 8, 100689888)
     , (2884198038, 1, 33560562)
     , (2884198038, 3, 536870932);

INSERT INTO `ace_object_properties_int` (`aceObjectId`, `intPropertyId`, `propertyValue`)
VALUES (2884198038, 1, 268435456)
     , (2884198038, 133, 1)
     , (2884198038, 16, 1)
     , (2884198038, 93, 1040);

INSERT INTO `ace_object_properties_bool` (`aceObjectId`, `boolPropertyId`, `propertyValue`)
VALUES (2884198038, 11, True)
     , (2884198038, 14, True);

INSERT INTO `ace_object` (`aceObjectId`, `aceObjectDescriptionFlags`, `weenieClassId`, `weenieHeaderFlags`, `currentMotionState`, `physicsDescriptionFlag`)
VALUES (2884313894, 8388624, 38053, 20, NULL, 34817);

INSERT INTO `ace_position` (`aceObjectId`, `positionType`, `landblockRaw`, `posX`, `posY`, `posZ`, `qW`, `qX`, `qY`, `qZ`)
VALUES (2884313894, 1, 4180606999, 64.955, 144.678, 148, 1, 0, 0, 0);

INSERT INTO `ace_object_properties_string` (`aceObjectId`, `strPropertyId`, `propertyValue`)
VALUES (2884313894, 1, 'Celestial Hand Banner');

INSERT INTO `ace_object_properties_did` (`aceObjectId`, `didPropertyId`, `propertyValue`)
VALUES (2884313894, 8, 100689888)
     , (2884313894, 1, 33560562)
     , (2884313894, 3, 536870932);

INSERT INTO `ace_object_properties_int` (`aceObjectId`, `intPropertyId`, `propertyValue`)
VALUES (2884313894, 1, 268435456)
     , (2884313894, 133, 1)
     , (2884313894, 16, 1)
     , (2884313894, 93, 1040);

INSERT INTO `ace_object_properties_bool` (`aceObjectId`, `boolPropertyId`, `propertyValue`)
VALUES (2884313894, 11, True)
     , (2884313894, 14, True);

INSERT INTO `ace_object` (`aceObjectId`, `aceObjectDescriptionFlags`, `weenieClassId`, `weenieHeaderFlags`, `currentMotionState`, `physicsDescriptionFlag`)
VALUES (2884193764, 8388624, 38053, 20, NULL, 34817);

INSERT INTO `ace_position` (`aceObjectId`, `positionType`, `landblockRaw`, `posX`, `posY`, `posZ`, `qW`, `qX`, `qY`, `qZ`)
VALUES (2884193764, 1, 4180606996, 54.9534, 95.0478, 148, 1, 0, 0, 0);

INSERT INTO `ace_object_properties_string` (`aceObjectId`, `strPropertyId`, `propertyValue`)
VALUES (2884193764, 1, 'Celestial Hand Banner');

INSERT INTO `ace_object_properties_did` (`aceObjectId`, `didPropertyId`, `propertyValue`)
VALUES (2884193764, 8, 100689888)
     , (2884193764, 1, 33560562)
     , (2884193764, 3, 536870932);

INSERT INTO `ace_object_properties_int` (`aceObjectId`, `intPropertyId`, `propertyValue`)
VALUES (2884193764, 1, 268435456)
     , (2884193764, 133, 1)
     , (2884193764, 16, 1)
     , (2884193764, 93, 1040);

INSERT INTO `ace_object_properties_bool` (`aceObjectId`, `boolPropertyId`, `propertyValue`)
VALUES (2884193764, 11, True)
     , (2884193764, 14, True);

INSERT INTO `ace_object` (`aceObjectId`, `aceObjectDescriptionFlags`, `weenieClassId`, `weenieHeaderFlags`, `currentMotionState`, `physicsDescriptionFlag`)
VALUES (2884313862, 8388624, 38053, 20, NULL, 34817);

INSERT INTO `ace_position` (`aceObjectId`, `positionType`, `landblockRaw`, `posX`, `posY`, `posZ`, `qW`, `qX`, `qY`, `qZ`)
VALUES (2884313862, 1, 4180606996, 64.992, 94.8951, 148, 1, 0, 0, 0);

INSERT INTO `ace_object_properties_string` (`aceObjectId`, `strPropertyId`, `propertyValue`)
VALUES (2884313862, 1, 'Celestial Hand Banner');

INSERT INTO `ace_object_properties_did` (`aceObjectId`, `didPropertyId`, `propertyValue`)
VALUES (2884313862, 8, 100689888)
     , (2884313862, 1, 33560562)
     , (2884313862, 3, 536870932);

INSERT INTO `ace_object_properties_int` (`aceObjectId`, `intPropertyId`, `propertyValue`)
VALUES (2884313862, 1, 268435456)
     , (2884313862, 133, 1)
     , (2884313862, 16, 1)
     , (2884313862, 93, 1040);

INSERT INTO `ace_object_properties_bool` (`aceObjectId`, `boolPropertyId`, `propertyValue`)
VALUES (2884313862, 11, True)
     , (2884313862, 14, True);

INSERT INTO `ace_object` (`aceObjectId`, `aceObjectDescriptionFlags`, `weenieClassId`, `weenieHeaderFlags`, `currentMotionState`, `physicsDescriptionFlag`)
VALUES (2884313817, 8388624, 38053, 20, NULL, 34817);

INSERT INTO `ace_position` (`aceObjectId`, `positionType`, `landblockRaw`, `posX`, `posY`, `posZ`, `qW`, `qX`, `qY`, `qZ`)
VALUES (2884313817, 1, 4180606995, 60.9896, 70.878, 148, 1, 0, 0, 0);

INSERT INTO `ace_object_properties_string` (`aceObjectId`, `strPropertyId`, `propertyValue`)
VALUES (2884313817, 1, 'Celestial Hand Banner');

INSERT INTO `ace_object_properties_did` (`aceObjectId`, `didPropertyId`, `propertyValue`)
VALUES (2884313817, 8, 100689888)
     , (2884313817, 1, 33560562)
     , (2884313817, 3, 536870932);

INSERT INTO `ace_object_properties_int` (`aceObjectId`, `intPropertyId`, `propertyValue`)
VALUES (2884313817, 1, 268435456)
     , (2884313817, 133, 1)
     , (2884313817, 16, 1)
     , (2884313817, 93, 1040);

INSERT INTO `ace_object_properties_bool` (`aceObjectId`, `boolPropertyId`, `propertyValue`)
VALUES (2884313817, 11, True)
     , (2884313817, 14, True);

INSERT INTO `ace_object` (`aceObjectId`, `aceObjectDescriptionFlags`, `weenieClassId`, `weenieHeaderFlags`, `currentMotionState`, `physicsDescriptionFlag`)
VALUES (2884313852, 8388624, 38053, 20, NULL, 34817);

INSERT INTO `ace_position` (`aceObjectId`, `positionType`, `landblockRaw`, `posX`, `posY`, `posZ`, `qW`, `qX`, `qY`, `qZ`)
VALUES (2884313852, 1, 4180606995, 52.5972, 70.9288, 148, 1, 0, 0, 0);

INSERT INTO `ace_object_properties_string` (`aceObjectId`, `strPropertyId`, `propertyValue`)
VALUES (2884313852, 1, 'Celestial Hand Banner');

INSERT INTO `ace_object_properties_did` (`aceObjectId`, `didPropertyId`, `propertyValue`)
VALUES (2884313852, 8, 100689888)
     , (2884313852, 1, 33560562)
     , (2884313852, 3, 536870932);

INSERT INTO `ace_object_properties_int` (`aceObjectId`, `intPropertyId`, `propertyValue`)
VALUES (2884313852, 1, 268435456)
     , (2884313852, 133, 1)
     , (2884313852, 16, 1)
     , (2884313852, 93, 1040);

INSERT INTO `ace_object_properties_bool` (`aceObjectId`, `boolPropertyId`, `propertyValue`)
VALUES (2884313852, 11, True)
     , (2884313852, 14, True);

INSERT INTO `ace_object` (`aceObjectId`, `aceObjectDescriptionFlags`, `weenieClassId`, `weenieHeaderFlags`, `currentMotionState`, `physicsDescriptionFlag`)
VALUES (2026754055, 9437232, 509, 16404, 'AAA9AAAAAAA=', 100355);

INSERT INTO `ace_position` (`aceObjectId`, `positionType`, `landblockRaw`, `posX`, `posY`, `posZ`, `qW`, `qX`, `qY`, `qZ`)
VALUES (2026754055, 1, 2363293727, 83.672, 154.013, 73.02734, 0.5248969, 0, 0, 0.8511658);

INSERT INTO `ace_object_properties_string` (`aceObjectId`, `strPropertyId`, `propertyValue`)
VALUES (2026754055, 1, 'Life Stone');

INSERT INTO `ace_object_properties_did` (`aceObjectId`, `didPropertyId`, `propertyValue`)
VALUES (2026754055, 8, 100668245)
     , (2026754055, 1, 33555182)
     , (2026754055, 3, 536870932)
     , (2026754055, 2, 150994982);

INSERT INTO `ace_object_properties_int` (`aceObjectId`, `intPropertyId`, `propertyValue`)
VALUES (2026754055, 1, 268435456)
     , (2026754055, 95, 1)
     , (2026754055, 133, 4)
     , (2026754055, 16, 32)
     , (2026754055, 93, 1040);

INSERT INTO `ace_object_properties_double` (`aceObjectId`, `dblPropertyId`, `propertyValue`)
VALUES (2026754055, 54, 2);

INSERT INTO `ace_object_properties_bool` (`aceObjectId`, `boolPropertyId`, `propertyValue`)
VALUES (2026754055, 11, True)
     , (2026754055, 14, True);

INSERT INTO `ace_object` (`aceObjectId`, `aceObjectDescriptionFlags`, `weenieClassId`, `weenieHeaderFlags`, `currentMotionState`, `physicsDescriptionFlag`)
VALUES (2048266240, 9437232, 509, 16404, 'AAA9AAAAAAA=', 100355);

INSERT INTO `ace_position` (`aceObjectId`, `positionType`, `landblockRaw`, `posX`, `posY`, `posZ`, `qW`, `qX`, `qY`, `qZ`)
VALUES (2048266240, 1, 2707488811, 140.747, 50.8971, 132, 0.379972, 0, 0, -0.924998);

INSERT INTO `ace_object_properties_string` (`aceObjectId`, `strPropertyId`, `propertyValue`)
VALUES (2048266240, 1, 'Life Stone');

INSERT INTO `ace_object_properties_did` (`aceObjectId`, `didPropertyId`, `propertyValue`)
VALUES (2048266240, 8, 100668245)
     , (2048266240, 1, 33555182)
     , (2048266240, 3, 536870932)
     , (2048266240, 2, 150994982);

INSERT INTO `ace_object_properties_int` (`aceObjectId`, `intPropertyId`, `propertyValue`)
VALUES (2048266240, 1, 268435456)
     , (2048266240, 95, 1)
     , (2048266240, 133, 4)
     , (2048266240, 16, 32)
     , (2048266240, 93, 1040);

INSERT INTO `ace_object_properties_double` (`aceObjectId`, `dblPropertyId`, `propertyValue`)
VALUES (2048266240, 54, 2);

INSERT INTO `ace_object_properties_bool` (`aceObjectId`, `boolPropertyId`, `propertyValue`)
VALUES (2048266240, 11, True)
     , (2048266240, 14, True);

INSERT INTO `ace_object` (`aceObjectId`, `aceObjectDescriptionFlags`, `weenieClassId`, `weenieHeaderFlags`, `currentMotionState`, `physicsDescriptionFlag`)
VALUES (2096762880, 9437232, 509, 16404, 'AAA9AAAAAAA=', 100355);

INSERT INTO `ace_position` (`aceObjectId`, `positionType`, `landblockRaw`, `posX`, `posY`, `posZ`, `qW`, `qX`, `qY`, `qZ`)
VALUES (2096762880, 1, 3483435022, 33.291, 130.168, 16.07308, 0.6034852, 0, 0, 0.7973742);

INSERT INTO `ace_object_properties_string` (`aceObjectId`, `strPropertyId`, `propertyValue`)
VALUES (2096762880, 1, 'Life Stone');

INSERT INTO `ace_object_properties_did` (`aceObjectId`, `didPropertyId`, `propertyValue`)
VALUES (2096762880, 8, 100668245)
     , (2096762880, 1, 33555182)
     , (2096762880, 3, 536870932)
     , (2096762880, 2, 150994982);

INSERT INTO `ace_object_properties_int` (`aceObjectId`, `intPropertyId`, `propertyValue`)
VALUES (2096762880, 1, 268435456)
     , (2096762880, 95, 1)
     , (2096762880, 133, 4)
     , (2096762880, 16, 32)
     , (2096762880, 93, 1040);

INSERT INTO `ace_object_properties_double` (`aceObjectId`, `dblPropertyId`, `propertyValue`)
VALUES (2096762880, 54, 2);

INSERT INTO `ace_object_properties_bool` (`aceObjectId`, `boolPropertyId`, `propertyValue`)
VALUES (2096762880, 11, True)
     , (2096762880, 14, True);

INSERT INTO `ace_object` (`aceObjectId`, `aceObjectDescriptionFlags`, `weenieClassId`, `weenieHeaderFlags`, `currentMotionState`, `physicsDescriptionFlag`)
VALUES (2020614152, 9437232, 509, 16404, 'AAA9AAAAAAA=', 100355);

INSERT INTO `ace_position` (`aceObjectId`, `positionType`, `landblockRaw`, `posX`, `posY`, `posZ`, `qW`, `qX`, `qY`, `qZ`)
VALUES (2020614152, 1, 2265055540, 120, -160, -6, 0.020795, 0, 0, 0.9997838);

INSERT INTO `ace_object_properties_string` (`aceObjectId`, `strPropertyId`, `propertyValue`)
VALUES (2020614152, 1, 'Life Stone');

INSERT INTO `ace_object_properties_did` (`aceObjectId`, `didPropertyId`, `propertyValue`)
VALUES (2020614152, 8, 100668245)
     , (2020614152, 1, 33555182)
     , (2020614152, 3, 536870932)
     , (2020614152, 2, 150994982);

INSERT INTO `ace_object_properties_int` (`aceObjectId`, `intPropertyId`, `propertyValue`)
VALUES (2020614152, 1, 268435456)
     , (2020614152, 95, 1)
     , (2020614152, 133, 4)
     , (2020614152, 16, 32)
     , (2020614152, 93, 1040);

INSERT INTO `ace_object_properties_double` (`aceObjectId`, `dblPropertyId`, `propertyValue`)
VALUES (2020614152, 54, 2);

INSERT INTO `ace_object_properties_bool` (`aceObjectId`, `boolPropertyId`, `propertyValue`)
VALUES (2020614152, 11, True)
     , (2020614152, 14, True);

INSERT INTO `ace_object` (`aceObjectId`, `aceObjectDescriptionFlags`, `weenieClassId`, `weenieHeaderFlags`, `currentMotionState`, `physicsDescriptionFlag`)
VALUES (2025865224, 9437232, 509, 16404, 'AAA9AAAAAAA=', 100355);

INSERT INTO `ace_position` (`aceObjectId`, `positionType`, `landblockRaw`, `posX`, `posY`, `posZ`, `qW`, `qX`, `qY`, `qZ`)
VALUES (2025865224, 1, 2349072692, 120, -160, -6, 0.020795, 0, 0, 0.9997838);

INSERT INTO `ace_object_properties_string` (`aceObjectId`, `strPropertyId`, `propertyValue`)
VALUES (2025865224, 1, 'Life Stone');

INSERT INTO `ace_object_properties_did` (`aceObjectId`, `didPropertyId`, `propertyValue`)
VALUES (2025865224, 8, 100668245)
     , (2025865224, 1, 33555182)
     , (2025865224, 3, 536870932)
     , (2025865224, 2, 150994982);

INSERT INTO `ace_object_properties_int` (`aceObjectId`, `intPropertyId`, `propertyValue`)
VALUES (2025865224, 1, 268435456)
     , (2025865224, 95, 1)
     , (2025865224, 133, 4)
     , (2025865224, 16, 32)
     , (2025865224, 93, 1040);

INSERT INTO `ace_object_properties_double` (`aceObjectId`, `dblPropertyId`, `propertyValue`)
VALUES (2025865224, 54, 2);

INSERT INTO `ace_object_properties_bool` (`aceObjectId`, `boolPropertyId`, `propertyValue`)
VALUES (2025865224, 11, True)
     , (2025865224, 14, True);

INSERT INTO `ace_object` (`aceObjectId`, `aceObjectDescriptionFlags`, `weenieClassId`, `weenieHeaderFlags`, `currentMotionState`, `physicsDescriptionFlag`)
VALUES (2026905608, 9437232, 509, 16404, 'AAA9AAAAAAA=', 100355);

INSERT INTO `ace_position` (`aceObjectId`, `positionType`, `landblockRaw`, `posX`, `posY`, `posZ`, `qW`, `qX`, `qY`, `qZ`)
VALUES (2026905608, 1, 2365718836, 120, -160, -6, 0.020795, 0, 0, 0.9997838);

INSERT INTO `ace_object_properties_string` (`aceObjectId`, `strPropertyId`, `propertyValue`)
VALUES (2026905608, 1, 'Life Stone');

INSERT INTO `ace_object_properties_did` (`aceObjectId`, `didPropertyId`, `propertyValue`)
VALUES (2026905608, 8, 100668245)
     , (2026905608, 1, 33555182)
     , (2026905608, 3, 536870932)
     , (2026905608, 2, 150994982);

INSERT INTO `ace_object_properties_int` (`aceObjectId`, `intPropertyId`, `propertyValue`)
VALUES (2026905608, 1, 268435456)
     , (2026905608, 95, 1)
     , (2026905608, 133, 4)
     , (2026905608, 16, 32)
     , (2026905608, 93, 1040);

INSERT INTO `ace_object_properties_double` (`aceObjectId`, `dblPropertyId`, `propertyValue`)
VALUES (2026905608, 54, 2);

INSERT INTO `ace_object_properties_bool` (`aceObjectId`, `boolPropertyId`, `propertyValue`)
VALUES (2026905608, 11, True)
     , (2026905608, 14, True);

INSERT INTO `ace_object` (`aceObjectId`, `aceObjectDescriptionFlags`, `weenieClassId`, `weenieHeaderFlags`, `currentMotionState`, `physicsDescriptionFlag`)
VALUES (2056347653, 9437232, 509, 16404, 'AAA9AAAAAAA=', 100355);

INSERT INTO `ace_position` (`aceObjectId`, `positionType`, `landblockRaw`, `posX`, `posY`, `posZ`, `qW`, `qX`, `qY`, `qZ`)
VALUES (2056347653, 1, 2836791329, 96.426, 7.96789, 144.0355, -0.9434566, 0, 0, 0.3314959);

INSERT INTO `ace_object_properties_string` (`aceObjectId`, `strPropertyId`, `propertyValue`)
VALUES (2056347653, 1, 'Life Stone');

INSERT INTO `ace_object_properties_did` (`aceObjectId`, `didPropertyId`, `propertyValue`)
VALUES (2056347653, 8, 100668245)
     , (2056347653, 1, 33555182)
     , (2056347653, 3, 536870932)
     , (2056347653, 2, 150994982);

INSERT INTO `ace_object_properties_int` (`aceObjectId`, `intPropertyId`, `propertyValue`)
VALUES (2056347653, 1, 268435456)
     , (2056347653, 95, 1)
     , (2056347653, 133, 4)
     , (2056347653, 16, 32)
     , (2056347653, 93, 1040);

INSERT INTO `ace_object_properties_double` (`aceObjectId`, `dblPropertyId`, `propertyValue`)
VALUES (2056347653, 54, 2);

INSERT INTO `ace_object_properties_bool` (`aceObjectId`, `boolPropertyId`, `propertyValue`)
VALUES (2056347653, 11, True)
     , (2056347653, 14, True);

INSERT INTO `ace_object` (`aceObjectId`, `aceObjectDescriptionFlags`, `weenieClassId`, `weenieHeaderFlags`, `currentMotionState`, `physicsDescriptionFlag`)
VALUES (2076393476, 9437232, 509, 16404, 'AAA9AAAAAAA=', 100355);

INSERT INTO `ace_position` (`aceObjectId`, `positionType`, `landblockRaw`, `posX`, `posY`, `posZ`, `qW`, `qX`, `qY`, `qZ`)
VALUES (2076393476, 1, 3157524486, 13.189, 138.207, 56.48275, 0.9993109, 0, 0, 0.03711849);

INSERT INTO `ace_object_properties_string` (`aceObjectId`, `strPropertyId`, `propertyValue`)
VALUES (2076393476, 1, 'Life Stone');

INSERT INTO `ace_object_properties_did` (`aceObjectId`, `didPropertyId`, `propertyValue`)
VALUES (2076393476, 8, 100668245)
     , (2076393476, 1, 33555182)
     , (2076393476, 3, 536870932)
     , (2076393476, 2, 150994982);

INSERT INTO `ace_object_properties_int` (`aceObjectId`, `intPropertyId`, `propertyValue`)
VALUES (2076393476, 1, 268435456)
     , (2076393476, 95, 1)
     , (2076393476, 133, 4)
     , (2076393476, 16, 32)
     , (2076393476, 93, 1040);

INSERT INTO `ace_object_properties_double` (`aceObjectId`, `dblPropertyId`, `propertyValue`)
VALUES (2076393476, 54, 2);

INSERT INTO `ace_object_properties_bool` (`aceObjectId`, `boolPropertyId`, `propertyValue`)
VALUES (2076393476, 11, True)
     , (2076393476, 14, True);

INSERT INTO `ace_object` (`aceObjectId`, `aceObjectDescriptionFlags`, `weenieClassId`, `weenieHeaderFlags`, `currentMotionState`, `physicsDescriptionFlag`)
VALUES (2064871433, 9437232, 509, 16404, 'AAA9AAAAAAA=', 100355);

INSERT INTO `ace_position` (`aceObjectId`, `positionType`, `landblockRaw`, `posX`, `posY`, `posZ`, `qW`, `qX`, `qY`, `qZ`)
VALUES (2064871433, 1, 2973171737, 83.3893, 16.5993, 180, -0.356139, 0, 0, -0.934433);

INSERT INTO `ace_object_properties_string` (`aceObjectId`, `strPropertyId`, `propertyValue`)
VALUES (2064871433, 1, 'Life Stone');

INSERT INTO `ace_object_properties_did` (`aceObjectId`, `didPropertyId`, `propertyValue`)
VALUES (2064871433, 8, 100668245)
     , (2064871433, 1, 33555182)
     , (2064871433, 3, 536870932)
     , (2064871433, 2, 150994982);

INSERT INTO `ace_object_properties_int` (`aceObjectId`, `intPropertyId`, `propertyValue`)
VALUES (2064871433, 1, 268435456)
     , (2064871433, 95, 1)
     , (2064871433, 133, 4)
     , (2064871433, 16, 32)
     , (2064871433, 93, 1040);

INSERT INTO `ace_object_properties_double` (`aceObjectId`, `dblPropertyId`, `propertyValue`)
VALUES (2064871433, 54, 2);

INSERT INTO `ace_object_properties_bool` (`aceObjectId`, `boolPropertyId`, `propertyValue`)
VALUES (2064871433, 11, True)
     , (2064871433, 14, True);

INSERT INTO `ace_object` (`aceObjectId`, `aceObjectDescriptionFlags`, `weenieClassId`, `weenieHeaderFlags`, `currentMotionState`, `physicsDescriptionFlag`)
VALUES (1967226881, 9437232, 509, 16404, 'AAA9AAAAAAA=', 100355);

INSERT INTO `ace_position` (`aceObjectId`, `positionType`, `landblockRaw`, `posX`, `posY`, `posZ`, `qW`, `qX`, `qY`, `qZ`)
VALUES (1967226881, 1, 1410859045, 111.376, 112.962, 68, -0.801898, 0, 0, -0.597461);

INSERT INTO `ace_object_properties_string` (`aceObjectId`, `strPropertyId`, `propertyValue`)
VALUES (1967226881, 1, 'Life Stone');

INSERT INTO `ace_object_properties_did` (`aceObjectId`, `didPropertyId`, `propertyValue`)
VALUES (1967226881, 8, 100668245)
     , (1967226881, 1, 33555182)
     , (1967226881, 3, 536870932)
     , (1967226881, 2, 150994982);

INSERT INTO `ace_object_properties_int` (`aceObjectId`, `intPropertyId`, `propertyValue`)
VALUES (1967226881, 1, 268435456)
     , (1967226881, 95, 1)
     , (1967226881, 133, 4)
     , (1967226881, 16, 32)
     , (1967226881, 93, 1040);

INSERT INTO `ace_object_properties_double` (`aceObjectId`, `dblPropertyId`, `propertyValue`)
VALUES (1967226881, 54, 2);

INSERT INTO `ace_object_properties_bool` (`aceObjectId`, `boolPropertyId`, `propertyValue`)
VALUES (1967226881, 11, True)
     , (1967226881, 14, True);

INSERT INTO `ace_object` (`aceObjectId`, `aceObjectDescriptionFlags`, `weenieClassId`, `weenieHeaderFlags`, `currentMotionState`, `physicsDescriptionFlag`)
VALUES (1880760380, 9437232, 509, 16404, 'AAA9AAAAAAA=', 100355);

INSERT INTO `ace_position` (`aceObjectId`, `positionType`, `landblockRaw`, `posX`, `posY`, `posZ`, `qW`, `qX`, `qY`, `qZ`)
VALUES (1880760380, 1, 27394571, 40, -50, -42, -0.7071068, 0, 0, -0.7071068);

INSERT INTO `ace_object_properties_string` (`aceObjectId`, `strPropertyId`, `propertyValue`)
VALUES (1880760380, 1, 'Life Stone');

INSERT INTO `ace_object_properties_did` (`aceObjectId`, `didPropertyId`, `propertyValue`)
VALUES (1880760380, 8, 100668245)
     , (1880760380, 1, 33555182)
     , (1880760380, 3, 536870932)
     , (1880760380, 2, 150994982);

INSERT INTO `ace_object_properties_int` (`aceObjectId`, `intPropertyId`, `propertyValue`)
VALUES (1880760380, 1, 268435456)
     , (1880760380, 95, 1)
     , (1880760380, 133, 4)
     , (1880760380, 16, 32)
     , (1880760380, 93, 1040);

INSERT INTO `ace_object_properties_double` (`aceObjectId`, `dblPropertyId`, `propertyValue`)
VALUES (1880760380, 54, 2);

INSERT INTO `ace_object_properties_bool` (`aceObjectId`, `boolPropertyId`, `propertyValue`)
VALUES (1880760380, 11, True)
     , (1880760380, 14, True);

INSERT INTO `ace_object` (`aceObjectId`, `aceObjectDescriptionFlags`, `weenieClassId`, `weenieHeaderFlags`, `currentMotionState`, `physicsDescriptionFlag`)
VALUES (1943400451, 9437232, 509, 16404, 'AAA9AAAAAAA=', 100355);

INSERT INTO `ace_position` (`aceObjectId`, `positionType`, `landblockRaw`, `posX`, `posY`, `posZ`, `qW`, `qX`, `qY`, `qZ`)
VALUES (1943400451, 1, 1029636103, 2.6988, 161.888, 40, 0.1518311, 0, 0, -0.9884065);

INSERT INTO `ace_object_properties_string` (`aceObjectId`, `strPropertyId`, `propertyValue`)
VALUES (1943400451, 1, 'Life Stone');

INSERT INTO `ace_object_properties_did` (`aceObjectId`, `didPropertyId`, `propertyValue`)
VALUES (1943400451, 8, 100668245)
     , (1943400451, 1, 33555182)
     , (1943400451, 3, 536870932)
     , (1943400451, 2, 150994982);

INSERT INTO `ace_object_properties_int` (`aceObjectId`, `intPropertyId`, `propertyValue`)
VALUES (1943400451, 1, 268435456)
     , (1943400451, 95, 1)
     , (1943400451, 133, 4)
     , (1943400451, 16, 32)
     , (1943400451, 93, 1040);

INSERT INTO `ace_object_properties_double` (`aceObjectId`, `dblPropertyId`, `propertyValue`)
VALUES (1943400451, 54, 2);

INSERT INTO `ace_object_properties_bool` (`aceObjectId`, `boolPropertyId`, `propertyValue`)
VALUES (1943400451, 11, True)
     , (1943400451, 14, True);

INSERT INTO `ace_object` (`aceObjectId`, `aceObjectDescriptionFlags`, `weenieClassId`, `weenieHeaderFlags`, `currentMotionState`, `physicsDescriptionFlag`)
VALUES (1919148032, 9437232, 509, 16404, 'AAA9AAAAAAA=', 100355);

INSERT INTO `ace_position` (`aceObjectId`, `positionType`, `landblockRaw`, `posX`, `posY`, `posZ`, `qW`, `qX`, `qY`, `qZ`)
VALUES (1919148032, 1, 641597487, 129.203, 148.596, 32.85008, -0.6662761, 0, 0, -0.7457051);

INSERT INTO `ace_object_properties_string` (`aceObjectId`, `strPropertyId`, `propertyValue`)
VALUES (1919148032, 1, 'Life Stone');

INSERT INTO `ace_object_properties_did` (`aceObjectId`, `didPropertyId`, `propertyValue`)
VALUES (1919148032, 8, 100668245)
     , (1919148032, 1, 33555182)
     , (1919148032, 3, 536870932)
     , (1919148032, 2, 150994982);

INSERT INTO `ace_object_properties_int` (`aceObjectId`, `intPropertyId`, `propertyValue`)
VALUES (1919148032, 1, 268435456)
     , (1919148032, 95, 1)
     , (1919148032, 133, 4)
     , (1919148032, 16, 32)
     , (1919148032, 93, 1040);

INSERT INTO `ace_object_properties_double` (`aceObjectId`, `dblPropertyId`, `propertyValue`)
VALUES (1919148032, 54, 2);

INSERT INTO `ace_object_properties_bool` (`aceObjectId`, `boolPropertyId`, `propertyValue`)
VALUES (1919148032, 11, True)
     , (1919148032, 14, True);

INSERT INTO `ace_object` (`aceObjectId`, `aceObjectDescriptionFlags`, `weenieClassId`, `weenieHeaderFlags`, `currentMotionState`, `physicsDescriptionFlag`)
VALUES (2080530432, 9437232, 509, 16404, 'AAA9AAAAAAA=', 100355);

INSERT INTO `ace_position` (`aceObjectId`, `positionType`, `landblockRaw`, `posX`, `posY`, `posZ`, `qW`, `qX`, `qY`, `qZ`)
VALUES (2080530432, 1, 3223715902, 173.629, 124.122, 106.4691, -0.962302, 0, 0, 0.271983);

INSERT INTO `ace_object_properties_string` (`aceObjectId`, `strPropertyId`, `propertyValue`)
VALUES (2080530432, 1, 'Life Stone');

INSERT INTO `ace_object_properties_did` (`aceObjectId`, `didPropertyId`, `propertyValue`)
VALUES (2080530432, 8, 100668245)
     , (2080530432, 1, 33555182)
     , (2080530432, 3, 536870932)
     , (2080530432, 2, 150994982);

INSERT INTO `ace_object_properties_int` (`aceObjectId`, `intPropertyId`, `propertyValue`)
VALUES (2080530432, 1, 268435456)
     , (2080530432, 95, 1)
     , (2080530432, 133, 4)
     , (2080530432, 16, 32)
     , (2080530432, 93, 1040);

INSERT INTO `ace_object_properties_double` (`aceObjectId`, `dblPropertyId`, `propertyValue`)
VALUES (2080530432, 54, 2);

INSERT INTO `ace_object_properties_bool` (`aceObjectId`, `boolPropertyId`, `propertyValue`)
VALUES (2080530432, 11, True)
     , (2080530432, 14, True);

INSERT INTO `ace_object` (`aceObjectId`, `aceObjectDescriptionFlags`, `weenieClassId`, `weenieHeaderFlags`, `currentMotionState`, `physicsDescriptionFlag`)
VALUES (2043121664, 9437232, 509, 16404, 'AAA9AAAAAAA=', 100355);

INSERT INTO `ace_position` (`aceObjectId`, `positionType`, `landblockRaw`, `posX`, `posY`, `posZ`, `qW`, `qX`, `qY`, `qZ`)
VALUES (2043121664, 1, 2625175608, 157.008, 174.992, 23.41733, 0.8139691, 0, 0, 0.5809081);

INSERT INTO `ace_object_properties_string` (`aceObjectId`, `strPropertyId`, `propertyValue`)
VALUES (2043121664, 1, 'Life Stone');

INSERT INTO `ace_object_properties_did` (`aceObjectId`, `didPropertyId`, `propertyValue`)
VALUES (2043121664, 8, 100668245)
     , (2043121664, 1, 33555182)
     , (2043121664, 3, 536870932)
     , (2043121664, 2, 150994982);

INSERT INTO `ace_object_properties_int` (`aceObjectId`, `intPropertyId`, `propertyValue`)
VALUES (2043121664, 1, 268435456)
     , (2043121664, 95, 1)
     , (2043121664, 133, 4)
     , (2043121664, 16, 32)
     , (2043121664, 93, 1040);

INSERT INTO `ace_object_properties_double` (`aceObjectId`, `dblPropertyId`, `propertyValue`)
VALUES (2043121664, 54, 2);

INSERT INTO `ace_object_properties_bool` (`aceObjectId`, `boolPropertyId`, `propertyValue`)
VALUES (2043121664, 11, True)
     , (2043121664, 14, True);

INSERT INTO `ace_object` (`aceObjectId`, `aceObjectDescriptionFlags`, `weenieClassId`, `weenieHeaderFlags`, `currentMotionState`, `physicsDescriptionFlag`)
VALUES (1965174784, 9437232, 509, 16404, 'AAA9AAAAAAA=', 100355);

INSERT INTO `ace_position` (`aceObjectId`, `positionType`, `landblockRaw`, `posX`, `posY`, `posZ`, `qW`, `qX`, `qY`, `qZ`)
VALUES (1965174784, 1, 1378025494, 57.6865, 123.988, 0.9497502, 0.5790079, 0, 0, -0.8153219);

INSERT INTO `ace_object_properties_string` (`aceObjectId`, `strPropertyId`, `propertyValue`)
VALUES (1965174784, 1, 'Life Stone');

INSERT INTO `ace_object_properties_did` (`aceObjectId`, `didPropertyId`, `propertyValue`)
VALUES (1965174784, 8, 100668245)
     , (1965174784, 1, 33555182)
     , (1965174784, 3, 536870932)
     , (1965174784, 2, 150994982);

INSERT INTO `ace_object_properties_int` (`aceObjectId`, `intPropertyId`, `propertyValue`)
VALUES (1965174784, 1, 268435456)
     , (1965174784, 95, 1)
     , (1965174784, 133, 4)
     , (1965174784, 16, 32)
     , (1965174784, 93, 1040);

INSERT INTO `ace_object_properties_double` (`aceObjectId`, `dblPropertyId`, `propertyValue`)
VALUES (1965174784, 54, 2);

INSERT INTO `ace_object_properties_bool` (`aceObjectId`, `boolPropertyId`, `propertyValue`)
VALUES (1965174784, 11, True)
     , (1965174784, 14, True);

