INSERT INTO `ace_object` (`aceObjectId`, `aceObjectDescriptionFlags`, `weenieClassId`, `weenieHeaderFlags`, `currentMotionState`, `physicsDescriptionFlag`)
VALUES (3699733785, 2327056, 32754, 18, NULL, 170145);

INSERT INTO `ace_position` (`aceObjectId`, `positionType`, `landblockRaw`, `posX`, `posY`, `posZ`, `qW`, `qX`, `qY`, `qZ`)
VALUES (3699733785, 1, 1227685911, 66.36787, 150.1601, 29.50446, 0.7071068, 0.7071068, 0, 0);

INSERT INTO `ace_object_properties_string` (`aceObjectId`, `strPropertyId`, `propertyValue`)
VALUES (3699733785, 1, 'Sack');

INSERT INTO `ace_object_properties_did` (`aceObjectId`, `didPropertyId`, `propertyValue`)
VALUES (3699733785, 8, 100667436)
     , (3699733785, 1, 33559837)
     , (3699733785, 3, 536870932)
     , (3699733785, 22, 872415275);

INSERT INTO `ace_object_properties_iid` (`aceObjectId`, `iidPropertyId`, `propertyValue`)
VALUES (3699733785, 3, 3695189023)
     , (3699733785, 1, 3695189023);

INSERT INTO `ace_object_properties_int` (`aceObjectId`, `intPropertyId`, `propertyValue`)
VALUES (3699733785, 53, 1)
     , (3699733785, 1, 128)
     , (3699733785, 5, 15)
     , (3699733785, 51, 1)
     , (3699733785, 10, 1048576)
     , (3699733785, 16, 1)
     , (3699733785, 9, 1048576)
     , (3699733785, 52, 1)
     , (3699733785, 93, 1044);

INSERT INTO `ace_object_properties_double` (`aceObjectId`, `dblPropertyId`, `propertyValue`)
VALUES (3699733785, 39, 0.8);

INSERT INTO `ace_object_properties_bool` (`aceObjectId`, `boolPropertyId`, `propertyValue`)
VALUES (3699733785, 13, True)
     , (3699733785, 11, True)
     , (3699733785, 14, True);

INSERT INTO `ace_object` (`aceObjectId`, `aceObjectDescriptionFlags`, `weenieClassId`, `weenieHeaderFlags`, `currentMotionState`, `physicsDescriptionFlag`)
VALUES (2927923732, 2327056, 32754, 18, NULL, 170145);

INSERT INTO `ace_position` (`aceObjectId`, `positionType`, `landblockRaw`, `posX`, `posY`, `posZ`, `qW`, `qX`, `qY`, `qZ`)
VALUES (2927923732, 1, 3646226493, 175.9016, 104.6067, 19.929, -0.6602172, -0.6602172, -0.2532058, -0.2532058);

INSERT INTO `ace_object_properties_string` (`aceObjectId`, `strPropertyId`, `propertyValue`)
VALUES (2927923732, 1, 'Sack');

INSERT INTO `ace_object_properties_did` (`aceObjectId`, `didPropertyId`, `propertyValue`)
VALUES (2927923732, 8, 100667436)
     , (2927923732, 1, 33559837)
     , (2927923732, 3, 536870932)
     , (2927923732, 22, 872415275);

INSERT INTO `ace_object_properties_iid` (`aceObjectId`, `iidPropertyId`, `propertyValue`)
VALUES (2927923732, 3, 2927863949)
     , (2927923732, 1, 2927863949);

INSERT INTO `ace_object_properties_int` (`aceObjectId`, `intPropertyId`, `propertyValue`)
VALUES (2927923732, 53, 1)
     , (2927923732, 1, 128)
     , (2927923732, 5, 15)
     , (2927923732, 51, 1)
     , (2927923732, 10, 1048576)
     , (2927923732, 16, 1)
     , (2927923732, 9, 1048576)
     , (2927923732, 52, 1)
     , (2927923732, 93, 1044);

INSERT INTO `ace_object_properties_double` (`aceObjectId`, `dblPropertyId`, `propertyValue`)
VALUES (2927923732, 39, 0.8);

INSERT INTO `ace_object_properties_bool` (`aceObjectId`, `boolPropertyId`, `propertyValue`)
VALUES (2927923732, 13, True)
     , (2927923732, 11, True)
     , (2927923732, 14, True);

INSERT INTO `ace_object` (`aceObjectId`, `aceObjectDescriptionFlags`, `weenieClassId`, `weenieHeaderFlags`, `currentMotionState`, `physicsDescriptionFlag`)
VALUES (3706686087, 2326552, 25521, 146, NULL, 170017);

INSERT INTO `ace_position` (`aceObjectId`, `positionType`, `landblockRaw`, `posX`, `posY`, `posZ`, `qW`, `qX`, `qY`, `qZ`)
VALUES (3706686087, 1, 10682636, 249.478, -186.432, -36.0685, -3.090862E-08, -3.090862E-08, -0.7071068, -0.7071068);

INSERT INTO `ace_object_properties_string` (`aceObjectId`, `strPropertyId`, `propertyValue`)
VALUES (3706686087, 1, 'Interesting Scroll');

INSERT INTO `ace_object_properties_did` (`aceObjectId`, `didPropertyId`, `propertyValue`)
VALUES (3706686087, 8, 100671419)
     , (3706686087, 1, 33554826)
     , (3706686087, 3, 536870932)
     , (3706686087, 22, 872415275);

INSERT INTO `ace_object_properties_iid` (`aceObjectId`, `iidPropertyId`, `propertyValue`)
VALUES (3706686087, 3, 3706686086)
     , (3706686087, 1, 3706686086);

INSERT INTO `ace_object_properties_int` (`aceObjectId`, `intPropertyId`, `propertyValue`)
VALUES (3706686087, 53, 1)
     , (3706686087, 1, 128)
     , (3706686087, 5, 25)
     , (3706686087, 10, 16777216)
     , (3706686087, 16, 1)
     , (3706686087, 9, 16777216)
     , (3706686087, 19, 1)
     , (3706686087, 52, 1)
     , (3706686087, 93, 1044);

INSERT INTO `ace_object_properties_bool` (`aceObjectId`, `boolPropertyId`, `propertyValue`)
VALUES (3706686087, 13, True)
     , (3706686087, 11, True)
     , (3706686087, 14, True);

INSERT INTO `ace_object` (`aceObjectId`, `aceObjectDescriptionFlags`, `weenieClassId`, `weenieHeaderFlags`, `currentMotionState`, `physicsDescriptionFlag`)
VALUES (3704183046, 2327056, 32754, 18, NULL, 170145);

INSERT INTO `ace_position` (`aceObjectId`, `positionType`, `landblockRaw`, `posX`, `posY`, `posZ`, `qW`, `qX`, `qY`, `qZ`)
VALUES (3704183046, 1, 1227685911, 63.20556, 146.5562, 2.872014, -0.3403494, -0.3403494, -0.6198083, -0.6198083);

INSERT INTO `ace_object_properties_string` (`aceObjectId`, `strPropertyId`, `propertyValue`)
VALUES (3704183046, 1, 'Sack');

INSERT INTO `ace_object_properties_did` (`aceObjectId`, `didPropertyId`, `propertyValue`)
VALUES (3704183046, 8, 100667436)
     , (3704183046, 1, 33559837)
     , (3704183046, 3, 536870932)
     , (3704183046, 22, 872415275);

INSERT INTO `ace_object_properties_iid` (`aceObjectId`, `iidPropertyId`, `propertyValue`)
VALUES (3704183046, 3, 3704183062)
     , (3704183046, 1, 3704183062);

INSERT INTO `ace_object_properties_int` (`aceObjectId`, `intPropertyId`, `propertyValue`)
VALUES (3704183046, 53, 1)
     , (3704183046, 1, 128)
     , (3704183046, 5, 15)
     , (3704183046, 51, 1)
     , (3704183046, 10, 1048576)
     , (3704183046, 16, 1)
     , (3704183046, 9, 1048576)
     , (3704183046, 52, 1)
     , (3704183046, 93, 1044);

INSERT INTO `ace_object_properties_double` (`aceObjectId`, `dblPropertyId`, `propertyValue`)
VALUES (3704183046, 39, 0.8);

INSERT INTO `ace_object_properties_bool` (`aceObjectId`, `boolPropertyId`, `propertyValue`)
VALUES (3704183046, 13, True)
     , (3704183046, 11, True)
     , (3704183046, 14, True);

